{"type":"FeatureCollection","name":"inegi-hidalgo-003","metadata":{"state":"Hidalgo","CVE_ENT":"13","CVE_MUN":"003","municipality":"Actopan","sources":["INEGI Gaia — Servicio vectorial del Marco Geoestadístico","INEGI DCAH 2025"],"source_urls":["https://gaia.inegi.org.mx/wscatgeo/v2/geo/mgem/13","https://gaia.inegi.org.mx/wscatgeo/v2/geo/localidades/pol/13/003","https://www.inegi.org.mx/contenidos/productos/prod_serv/contenidos/espanol/bvinegi/productos/geografia/delimitaciones/794551163078/13_hidalgo.zip"],"geometry_policy":"Solo se publican polígonos de INEGI; no se generan puntos ni geometrías sintéticas.","locality_polygon_count":24,"settlement_polygon_count":70},"municipality":{"type":"Feature","geometry":{"type":"MultiPolygon","crs":{"type":"name","properties":{"name":"EPSG:6365"}},"coordinates":[[[[-98.90431632,20.43585305],[-98.904162569,20.43581015],[-98.90412098,20.4357828],[-98.90412302,20.43569449],[-98.904106179,20.4356102],[-98.904079279,20.435556651],[-98.904023229,20.43554666],[-98.903938459,20.43556262],[-98.903863879,20.43554343],[-98.90378103,20.43547546],[-98.90358182,20.435369801],[-98.903410119,20.4352912],[-98.90333665,20.43522343],[-98.903310859,20.435121291],[-98.903351079,20.43500283],[-98.903345249,20.43484809],[-98.90329672,20.434714551],[-98.90329966,20.43458649],[-98.903306169,20.43450711],[-98.90328037,20.434404971],[-98.903148509,20.434225571],[-98.90306258,20.43408686],[-98.902962109,20.43396995],[-98.90282463,20.433830201],[-98.90273154,20.433744691],[-98.90256762,20.43368014],[-98.90239088,20.433659831],[-98.902332339,20.433636381],[-98.902239779,20.433551021],[-98.90206071,20.433374831],[-98.902002429,20.433340261],[-98.90190231,20.43332709],[-98.901795649,20.43334162],[-98.901588739,20.433348521],[-98.901400569,20.433311311],[-98.901224459,20.433263181],[-98.901125489,20.43319995],[-98.901098139,20.433104781],[-98.901065769,20.432970551],[-98.90106166,20.432892551],[-98.901033279,20.432841881],[-98.90099234,20.432824351],[-98.90092123,20.432834031],[-98.900820599,20.43284312],[-98.90075591,20.432830661],[-98.9007328,20.432807941],[-98.90070468,20.43274614],[-98.90068851,20.43267903],[-98.900678599,20.43259534],[-98.900632649,20.43253875],[-98.90052777,20.4324754],[-98.90040605,20.432401381],[-98.90032863,20.43232971],[-98.9002788,20.43227172],[-98.900214719,20.432226601],[-98.900150449,20.43219023],[-98.900104059,20.432184911],[-98.90003968,20.43215291],[-98.90000765,20.432130351],[-98.89999005,20.43208617],[-98.899987019,20.432016],[-98.900021459,20.43193345],[-98.90010645,20.43187822],[-98.900153819,20.431813691],[-98.900157629,20.43177302],[-98.90014666,20.431748341],[-98.900101489,20.431706681],[-98.900045149,20.43164848],[-98.90001282,20.43155003],[-98.90000929,20.431452171],[-98.90003766,20.4313468],[-98.90007712,20.43126068],[-98.90011525,20.431180381],[-98.90016325,20.43109878],[-98.900179059,20.431012181],[-98.90017203,20.43091642],[-98.90011949,20.430793651],[-98.900099519,20.430658511],[-98.90006603,20.430510051],[-98.90001809,20.430387371],[-98.899963079,20.430303911],[-98.899931109,20.43027245],[-98.89992109,20.4302346],[-98.899936549,20.430193861],[-98.89996763,20.430105521],[-98.899987349,20.430037481],[-98.90002198,20.429952631],[-98.90004597,20.42985731],[-98.90003286,20.429795431],[-98.899976489,20.429719],[-98.899945229,20.429656771],[-98.899946649,20.429595201],[-98.899959109,20.42952702],[-98.899971169,20.42947592],[-98.900000339,20.42940442],[-98.90002385,20.429359541],[-98.90003129,20.429314321],[-98.900016149,20.42927471],[-98.89995889,20.429252371],[-98.899872769,20.42922945],[-98.89980246,20.429215911],[-98.899767449,20.42920311],[-98.89973006,20.42915395],[-98.899718419,20.42910231],[-98.89969455,20.4290232],[-98.89964237,20.428919311],[-98.899586489,20.428836521],[-98.89952023,20.42878678],[-98.899421399,20.428757551],[-98.89931848,20.42876755],[-98.89921066,20.42877202],[-98.899077479,20.42876168],[-98.898933289,20.428701601],[-98.89880202,20.428607491],[-98.898714419,20.428548551],[-98.89863112,20.42847828],[-98.89851549,20.428407351],[-98.898423769,20.428352151],[-98.89834786,20.428312511],[-98.89824708,20.428299021],[-98.898149119,20.42833894],[-98.898083769,20.428368081],[-98.898010939,20.4283704],[-98.89796674,20.42835806],[-98.89782634,20.42830949],[-98.897749909,20.428292691],[-98.89763702,20.42827895],[-98.89752772,20.428284351],[-98.897414739,20.428274431],[-98.897301399,20.428279741],[-98.89720054,20.42827006],[-98.89714071,20.42823455],[-98.89708957,20.42817255],[-98.896994149,20.42810203],[-98.896906549,20.428043111],[-98.89680674,20.427987741],[-98.896719139,20.4279288],[-98.896662999,20.42790862],[-98.89663132,20.42791117],[-98.89645303,20.42795728],[-98.896263179,20.428013821],[-98.89607382,20.42804903],[-98.89594428,20.428106801],[-98.895849139,20.428143941],[-98.89579629,20.42814642],[-98.89572163,20.42811291],[-98.89560962,20.42806443],[-98.895497849,20.42800531],[-98.89543932,20.42792594],[-98.895371219,20.42777177],[-98.89528532,20.42757103],[-98.895239019,20.42745283],[-98.895154769,20.427344521],[-98.895089119,20.42724725],[-98.89505331,20.427164781],[-98.89506255,20.42709035],[-98.89506468,20.42699802],[-98.895035679,20.42694769],[-98.89495791,20.42688569],[-98.89486777,20.426869651],[-98.894761649,20.42689235],[-98.89466202,20.426961371],[-98.894550749,20.427044381],[-98.89445317,20.427188081],[-98.89441303,20.427293851],[-98.89436585,20.427378151],[-98.894307349,20.427462251],[-98.89424614,20.427500081],[-98.894147889,20.427508721],[-98.894046519,20.42748889],[-98.89394958,20.42744072],[-98.89386092,20.427360741],[-98.893795119,20.427270571],[-98.89369746,20.427178801],[-98.89363829,20.42712785],[-98.893556349,20.427083541],[-98.893421379,20.4270488],[-98.893248169,20.42703815],[-98.89310846,20.427045951],[-98.892994149,20.427096921],[-98.892890429,20.42718008],[-98.89284323,20.42726438],[-98.892780879,20.42735194],[-98.892708119,20.427400201],[-98.89261717,20.42741966],[-98.89255309,20.427418351],[-98.89246352,20.427377451],[-98.892367399,20.42729375],[-98.892278419,20.42722798],[-98.89218548,20.42716923],[-98.892096909,20.427085691],[-98.892041999,20.427013511],[-98.891986279,20.426976851],[-98.89191669,20.4268866],[-98.891800319,20.426699451],[-98.891745859,20.42653772],[-98.89167028,20.426409291],[-98.891571679,20.426305081],[-98.891435939,20.42618954],[-98.89127314,20.4261122],[-98.89106515,20.42604803],[-98.89086026,20.426012121],[-98.890599139,20.42598212],[-98.89040831,20.42598526],[-98.89025731,20.426045621],[-98.89010532,20.42614823],[-98.890019059,20.426208781],[-98.889925149,20.426259311],[-98.889831719,20.42628885],[-98.88970202,20.426282711],[-98.889591659,20.426242001],[-98.889503859,20.42618777],[-98.889431229,20.42611986],[-98.88936997,20.426041711],[-98.88925291,20.4259694],[-98.88913949,20.425900681],[-98.88902557,20.425852891],[-98.88888105,20.42584645],[-98.88875117,20.42584729],[-98.888669509,20.42584911],[-98.888613889,20.425847971],[-98.888566319,20.42581905],[-98.888533519,20.425793891],[-98.88847837,20.4257718],[-98.888412279,20.425742481],[-98.88836874,20.42569965],[-98.88832149,20.425656721],[-98.888244179,20.42563068],[-98.888125289,20.42563874],[-98.888032109,20.4256578],[-98.887972689,20.425660081],[-98.887891509,20.42564094],[-98.887818479,20.42559051],[-98.887794919,20.42554206],[-98.88779328,20.425470981],[-98.887820119,20.425301631],[-98.88784583,20.42518168],[-98.887864629,20.42507703],[-98.887859719,20.42500589],[-98.887831149,20.424965141],[-98.887769679,20.424929911],[-98.88768832,20.42490352],[-98.887646079,20.424874941],[-98.88760762,20.424830171],[-98.887576249,20.42478894],[-98.887522949,20.42476415],[-98.88742231,20.42476886],[-98.88733235,20.42477717],[-98.88724646,20.42476526],[-98.887164919,20.424719621],[-98.88710515,20.42466426],[-98.88702115,20.42452692],[-98.886934139,20.42431886],[-98.88687537,20.42411138],[-98.886776059,20.423823231],[-98.886726179,20.42353608],[-98.88669426,20.42338905],[-98.88663288,20.42329463],[-98.886542489,20.42323289],[-98.88638015,20.423229571],[-98.886331509,20.42319531],[-98.88624878,20.423107111],[-98.88607048,20.42287722],[-98.88589155,20.42267394],[-98.885829859,20.42259282],[-98.88582418,20.422532821],[-98.88585318,20.422500141],[-98.885889859,20.422441],[-98.885905349,20.422381431],[-98.88588586,20.422307851],[-98.885832619,20.422167021],[-98.885775519,20.421886371],[-98.885723029,20.42171229],[-98.88568222,20.421644921],[-98.88560488,20.42163003],[-98.88549163,20.421641021],[-98.885420579,20.42165952],[-98.88534309,20.421651281],[-98.88527937,20.42163603],[-98.885225549,20.421601861],[-98.88519149,20.421557061],[-98.885170289,20.421461061],[-98.88517258,20.42136189],[-98.88517165,20.42123323],[-98.885157569,20.4211668],[-98.88513138,20.42111848],[-98.885023919,20.421042781],[-98.884824419,20.420899031],[-98.884689829,20.42081543],[-98.88453625,20.420709381],[-98.88438422,20.420537201],[-98.884313779,20.420440281],[-98.8842462,20.420387951],[-98.884138779,20.420357981],[-98.883962199,20.420345111],[-98.883833549,20.42038414],[-98.883743659,20.420447111],[-98.88365909,20.42049168],[-98.88355522,20.420521951],[-98.88347632,20.42053423],[-98.883391969,20.42056954],[-98.883266219,20.4206966],[-98.883155599,20.42080545],[-98.883044679,20.42092818],[-98.88295362,20.42104206],[-98.88289842,20.42109186],[-98.88285378,20.421109461],[-98.882789939,20.421108151],[-98.882746369,20.421079481],[-98.88270794,20.421041651],[-98.8826394,20.42103098],[-98.882525909,20.421051821],[-98.88241754,20.42106348],[-98.882329029,20.421066291],[-98.88226946,20.421092861],[-98.88221009,20.421110151],[-98.882146139,20.421113481],[-98.88209265,20.42108923],[-98.88204023,20.42101871],[-98.88199795,20.420934511],[-98.8819276,20.420789541],[-98.88190891,20.420747491],[-98.881841749,20.42067666],[-98.881814849,20.420565001],[-98.88178037,20.420471201],[-98.88175828,20.420364261],[-98.881766169,20.42023478],[-98.881779419,20.420086911],[-98.881748549,20.419933491],[-98.881702859,20.419784401],[-98.88162108,20.419708651],[-98.881509179,20.41966005],[-98.88133698,20.419670421],[-98.88124292,20.419700891],[-98.881143419,20.419754421],[-98.881054579,20.419771111],[-98.88090735,20.419763461],[-98.8808038,20.419779851],[-98.88069575,20.41977763],[-98.880617599,20.41975751],[-98.880543619,20.419769891],[-98.88045788,20.41986535],[-98.88040151,20.41996606],[-98.88036948,20.42007651],[-98.880313539,20.42015871],[-98.88018468,20.42020698],[-98.88006648,20.420218451],[-98.879909109,20.420224481],[-98.879707219,20.42024349],[-98.879544179,20.420281821],[-98.87933258,20.420296],[-98.879165599,20.42029257],[-98.879014,20.420261681],[-98.878897629,20.42019448],[-98.87875432,20.42012578],[-98.87860035,20.42003997],[-98.87843769,20.41990805],[-98.87824846,20.41966078],[-98.878130079,20.4195114],[-98.878015819,20.41939426],[-98.87787711,20.419281201],[-98.87778052,20.41924248],[-98.87761046,20.41922062],[-98.877528399,20.419186781],[-98.877442309,20.41911614],[-98.87738575,20.419032321],[-98.877343079,20.41898094],[-98.87731905,20.418966661],[-98.87726514,20.41897934],[-98.877190909,20.419028321],[-98.87711063,20.419127691],[-98.8770452,20.419218201],[-98.876940979,20.41929872],[-98.87683212,20.41936995],[-98.876655709,20.419412261],[-98.87631874,20.419442081],[-98.876020319,20.419491051],[-98.87581457,20.41953734],[-98.87572065,20.41959511],[-98.875665259,20.41967203],[-98.87558494,20.41973042],[-98.875491689,20.41978057],[-98.875428459,20.419860261],[-98.87534654,20.419951141],[-98.8752158,20.42002945],[-98.87506732,20.42007846],[-98.874969279,20.42007066],[-98.874896709,20.420022891],[-98.87479266,20.420009181],[-98.874656719,20.42004688],[-98.874607489,20.42005166],[-98.874540659,20.42002135],[-98.87447423,20.419973711],[-98.874321479,20.41994165],[-98.874045339,20.41993597],[-98.873786259,20.419988491],[-98.87363245,20.42000269],[-98.87350292,20.42002895],[-98.873281739,20.42003598],[-98.873030819,20.420001891],[-98.872844779,20.419934771],[-98.87273943,20.419882401],[-98.872664109,20.419848571],[-98.872576939,20.41983243],[-98.87248522,20.41984848],[-98.8723888,20.41990388],[-98.872207919,20.41998982],[-98.872023679,20.42005775],[-98.871801369,20.420124911],[-98.87161382,20.420171251],[-98.87144626,20.42017498],[-98.871336449,20.420151201],[-98.87123075,20.42011317],[-98.871167659,20.42004374],[-98.871064969,20.41987666],[-98.87097615,20.41976725],[-98.870901399,20.41970832],[-98.870755519,20.419597741],[-98.8706626,20.419550321],[-98.87053332,20.41954314],[-98.87041194,20.419608401],[-98.87030891,20.4197102],[-98.870196799,20.4197892],[-98.870003539,20.419853001],[-98.869834659,20.41989922],[-98.86969569,20.41989635],[-98.869557449,20.419861891],[-98.869328229,20.41984426],[-98.86903318,20.4198702],[-98.868775459,20.419914711],[-98.868616319,20.41993988],[-98.868472709,20.4199476],[-98.86834458,20.41993785],[-98.86826977,20.419907851],[-98.868154859,20.41981655],[-98.86800429,20.419635601],[-98.86786151,20.419444141],[-98.867836489,20.41938315],[-98.867837889,20.419322721],[-98.86786554,20.41926994],[-98.86793683,20.419125571],[-98.867981799,20.418977091],[-98.86798845,20.41885274],[-98.867960149,20.418770341],[-98.86789045,20.418683541],[-98.86782894,20.418607971],[-98.867745509,20.418467651],[-98.86769735,20.418392421],[-98.867646,20.41834186],[-98.86756291,20.41830055],[-98.867442479,20.418283221],[-98.86734757,20.418298581],[-98.867289249,20.41832214],[-98.86723622,20.418343321],[-98.86719165,20.418339921],[-98.86714514,20.418306801],[-98.867065309,20.41823832],[-98.866956649,20.41816678],[-98.866667599,20.41805937],[-98.866299829,20.417947851],[-98.866126599,20.417915201],[-98.86600475,20.41788469],[-98.86590203,20.417830091],[-98.86576794,20.417687351],[-98.86566297,20.41756971],[-98.86557857,20.417525981],[-98.86539394,20.41748018],[-98.86516025,20.41746837],[-98.865003219,20.41751412],[-98.864826969,20.41758748],[-98.86463951,20.41766409],[-98.864479079,20.417695781],[-98.864211419,20.41770777],[-98.86385583,20.417690831],[-98.86359915,20.417663491],[-98.86340785,20.417641921],[-98.86323015,20.417638251],[-98.86311243,20.41767109],[-98.86296522,20.417765031],[-98.86283122,20.41789452],[-98.862700369,20.418090201],[-98.86250312,20.41832418],[-98.862388526,20.41843492],[-98.86230212,20.418518421],[-98.862110879,20.41869522],[-98.86196895,20.41876282],[-98.861758219,20.418771691],[-98.861530219,20.41871849],[-98.861326,20.418648151],[-98.861141819,20.41852092],[-98.861078599,20.418422631],[-98.86106692,20.418321],[-98.861082489,20.4182552],[-98.86114198,20.418110951],[-98.861261849,20.41798558],[-98.86140408,20.41790475],[-98.861503399,20.417858321],[-98.86153895,20.417829832],[-98.86158922,20.417789551],[-98.861628249,20.417719831],[-98.861645549,20.417579111],[-98.861621079,20.41742432],[-98.86159965,20.417340121],[-98.861601889,20.417243181],[-98.861585339,20.417150261],[-98.86152182,20.4170652],[-98.861415799,20.41699688],[-98.8612918,20.41689734],[-98.86118649,20.416798181],[-98.861146549,20.41670478],[-98.861143919,20.416616571],[-98.86117403,20.416529021],[-98.86125608,20.41642051],[-98.86139486,20.416286711],[-98.861566059,20.4161668],[-98.861684909,20.41608551],[-98.861705819,20.41603995],[-98.86171662,20.415974581],[-98.861685769,20.41590398],[-98.86157115,20.41575769],[-98.861521549,20.415679631],[-98.861485709,20.41563278],[-98.861382779,20.415459151],[-98.861277139,20.41531877],[-98.86121323,20.41522615],[-98.861152029,20.415167851],[-98.86110218,20.41514209],[-98.86104611,20.41512383],[-98.86102428,20.41510817],[-98.86099875,20.415077221],[-98.860985969,20.41501991],[-98.861003949,20.414940421],[-98.861033549,20.41488209],[-98.8610486,20.41484246],[-98.8610472,20.414815821],[-98.861031719,20.414786971],[-98.861001919,20.414767351],[-98.860970259,20.41474008],[-98.860952949,20.41470358],[-98.86093606,20.414650461],[-98.86091962,20.41459263],[-98.86089012,20.414548911],[-98.860830309,20.414497371],[-98.86077402,20.414450771],[-98.86070457,20.414408631],[-98.86057083,20.414396201],[-98.860446109,20.4144032],[-98.860327309,20.414374421],[-98.860157569,20.414349341],[-98.86001883,20.41430337],[-98.8599282,20.414265571],[-98.85986246,20.414249831],[-98.85979205,20.41421725],[-98.85972368,20.41420625],[-98.859645289,20.41418786],[-98.859585029,20.41415548],[-98.85953229,20.41412805],[-98.859487109,20.41410315],[-98.85938808,20.414098721],[-98.85930917,20.414083491],[-98.85922655,20.41405803],[-98.859133579,20.414044231],[-98.859060169,20.414056971],[-98.8589964,20.41408891],[-98.85886605,20.414164631],[-98.85856229,20.41432466],[-98.858312979,20.414528581],[-98.858227659,20.41461948],[-98.858160819,20.41467512],[-98.85810192,20.41471429],[-98.85804362,20.414727351],[-98.85796555,20.414723351],[-98.857877679,20.414707291],[-98.85781052,20.414667891],[-98.857692259,20.41454903],[-98.85756369,20.414351911],[-98.857509829,20.414254951],[-98.85745223,20.41416785],[-98.857356339,20.413918001],[-98.85732648,20.41384468],[-98.85728258,20.413771061],[-98.8572518,20.41373738],[-98.85722142,20.413714461],[-98.85680654,20.41368808],[-98.856577619,20.41406228],[-98.856579819,20.41412998],[-98.85657082,20.414215721],[-98.856508599,20.414326801],[-98.856446779,20.41442137],[-98.85637194,20.41447269],[-98.85626974,20.41449372],[-98.85617151,20.414495001],[-98.856105449,20.41447049],[-98.85604029,20.41440635],[-98.855958539,20.414302221],[-98.855811719,20.41413063],[-98.855631149,20.413902171],[-98.855559819,20.41384274],[-98.855360939,20.41372674],[-98.855123889,20.413589121],[-98.85489171,20.41348025],[-98.85480934,20.413460321],[-98.854638149,20.413459381],[-98.85449366,20.41349803],[-98.85432378,20.41355957],[-98.854246879,20.41357252],[-98.854097449,20.41356615],[-98.853990799,20.413514771],[-98.853864219,20.413423651],[-98.853759089,20.413306751],[-98.85369185,20.413207021],[-98.85362558,20.413064691],[-98.853558109,20.41277965],[-98.853514849,20.41265709],[-98.85342591,20.4125162],[-98.853358539,20.41237288],[-98.85326728,20.412200081],[-98.853137119,20.41198012],[-98.85287306,20.411691911],[-98.852781519,20.41163162],[-98.852631579,20.411584721],[-98.852508999,20.41152746],[-98.85241385,20.411456151],[-98.852306059,20.411428371],[-98.85217058,20.411425571],[-98.851965349,20.41142497],[-98.851864969,20.411411951],[-98.85180751,20.41138522],[-98.851785479,20.41133368],[-98.85178725,20.411257081],[-98.85181277,20.411159081],[-98.85184174,20.411079381],[-98.85185471,20.41102128],[-98.85185268,20.41098583],[-98.851836909,20.41093432],[-98.851790449,20.410888581],[-98.85170932,20.41087411],[-98.851607089,20.410891181],[-98.851451319,20.41087515],[-98.851326689,20.4108342],[-98.851185379,20.41078009],[-98.851145279,20.41075368],[-98.85111186,20.410730601],[-98.85108171,20.410713981],[-98.851037679,20.41070986],[-98.85097246,20.41074051],[-98.85092371,20.410793881],[-98.85082423,20.41090788],[-98.85061918,20.4111552],[-98.85048645,20.411365061],[-98.850351429,20.41151109],[-98.85021365,20.411614541],[-98.850126139,20.41165878],[-98.850035599,20.41167109],[-98.8499758,20.411655681],[-98.849916569,20.41161546],[-98.84986977,20.41152592],[-98.84984854,20.41146878],[-98.849789799,20.41140732],[-98.849726909,20.411363511],[-98.84966057,20.41130543],[-98.84961328,20.41123714],[-98.84957375,20.41115835],[-98.849575399,20.41108752],[-98.849610709,20.411024481],[-98.849690799,20.41097654],[-98.84975928,20.410942511],[-98.84979417,20.41089717],[-98.84981118,20.410812481],[-98.84979086,20.4107164],[-98.849785739,20.41061352],[-98.849783549,20.410546151],[-98.849796399,20.410479111],[-98.84983855,20.41044454],[-98.84988465,20.41040297],[-98.84989675,20.410367781],[-98.849897829,20.41032175],[-98.849910169,20.41027594],[-98.849946149,20.41018455],[-98.850019859,20.410086881],[-98.85005134,20.41002729],[-98.8500722,20.409939141],[-98.85006365,20.409822031],[-98.850036219,20.40970806],[-98.84998257,20.40959003],[-98.84992442,20.409503781],[-98.84987288,20.40946543],[-98.849826249,20.409433221],[-98.849789519,20.40938335],[-98.8497532,20.409315651],[-98.849730049,20.40929285],[-98.84963135,20.409259551],[-98.849461419,20.40923372],[-98.84921225,20.409152681],[-98.849042519,20.40911791],[-98.84882978,20.409100111],[-98.84863514,20.4091184],[-98.848534259,20.409178801],[-98.84847537,20.40926686],[-98.84838795,20.40935878],[-98.848291689,20.409423741],[-98.84822345,20.40950714],[-98.848178229,20.409617801],[-98.848118909,20.40972371],[-98.848035509,20.409846951],[-98.847943479,20.40993432],[-98.84784186,20.410025951],[-98.847750969,20.41006425],[-98.84763218,20.41007965],[-98.84749003,20.41008117],[-98.847348829,20.410042521],[-98.847254859,20.41000932],[-98.847194149,20.409972371],[-98.847152889,20.40991348],[-98.84714498,20.40984635],[-98.847156629,20.40975286],[-98.8471788,20.409614941],[-98.847200449,20.40949934],[-98.847192739,20.409423291],[-98.84717157,20.409315721],[-98.84714451,20.409257121],[-98.84706558,20.40918854],[-98.84697255,20.40911518],[-98.84691709,20.40905602],[-98.846871509,20.408979181],[-98.846840549,20.4088848],[-98.84679446,20.408830281],[-98.846720909,20.408784951],[-98.846651289,20.408748091],[-98.84660097,20.408689491],[-98.84655597,20.408604431],[-98.846534459,20.40851986],[-98.84653725,20.40840038],[-98.846535229,20.40828523],[-98.84651025,20.40814746],[-98.84647068,20.408031521],[-98.846407709,20.407910681],[-98.846311059,20.40782455],[-98.84621838,20.407769511],[-98.84611109,20.40773628],[-98.84602186,20.40773443],[-98.845952249,20.40769757],[-98.84583077,20.40766849],[-98.84570357,20.407683551],[-98.84557114,20.40772066],[-98.845425259,20.40773092],[-98.84526151,20.407700951],[-98.845169029,20.40763705],[-98.84512822,20.40757422],[-98.84506851,20.40751543],[-98.84501268,20.407492141],[-98.844937849,20.407477291],[-98.844854309,20.407475631],[-98.84477609,20.407446621],[-98.84466505,20.40740128],[-98.844586659,20.40738009],[-98.844507619,20.40738628],[-98.844398719,20.407427051],[-98.84429,20.407460021],[-98.844140319,20.40746865],[-98.844028549,20.40745458],[-98.843954679,20.40741785],[-98.84391031,20.40736214],[-98.843850979,20.40723571],[-98.84378897,20.40704662],[-98.843722519,20.40686917],[-98.843638479,20.406734401],[-98.843553339,20.40664655],[-98.84345489,20.406598521],[-98.843385689,20.406576341],[-98.843257419,20.406570221],[-98.84312866,20.406584831],[-98.84298052,20.406644],[-98.842779739,20.406757381],[-98.84246374,20.40693408],[-98.842106999,20.40712722],[-98.84184354,20.40725312],[-98.841669319,20.407329031],[-98.841514089,20.40737768],[-98.841436509,20.407400261],[-98.841322019,20.40743246],[-98.84120792,20.407447381],[-98.841130979,20.40744232],[-98.8410424,20.407417001],[-98.840984599,20.40740765],[-98.840851319,20.40742665],[-98.84073409,20.407500421],[-98.84063957,20.40759097],[-98.840492199,20.407718521],[-98.84038537,20.40784148],[-98.84026775,20.407931571],[-98.840168089,20.4079948],[-98.84008112,20.408009321],[-98.83992514,20.408011521],[-98.83975195,20.408007921],[-98.83960275,20.407966721],[-98.83950868,20.407934911],[-98.839443049,20.40790469],[-98.839341229,20.40789295],[-98.83926371,20.407934631],[-98.839083249,20.40801265],[-98.838949489,20.408057951],[-98.83877526,20.408088001],[-98.83856157,20.40805952],[-98.838445019,20.40802343],[-98.83837871,20.40802205],[-98.838291879,20.40802506],[-98.83819394,20.40806631],[-98.83806314,20.40820306],[-98.83791671,20.40835392],[-98.83782297,20.40843374],[-98.837720149,20.408465261],[-98.837592739,20.408457801],[-98.83737915,20.40842451],[-98.83715117,20.408352431],[-98.837005029,20.408272451],[-98.836737349,20.408151451],[-98.836231259,20.40793966],[-98.83586155,20.40777711],[-98.835451139,20.407651251],[-98.83508409,20.407587291],[-98.834715949,20.40757025],[-98.83435712,20.407581541],[-98.834076489,20.40765549],[-98.83376565,20.40782598],[-98.833627489,20.407996921],[-98.83351554,20.40824217],[-98.83338708,20.40847654],[-98.83321391,20.40870995],[-98.832921319,20.409030451],[-98.832723719,20.40923905],[-98.832547089,20.409398291],[-98.83245186,20.40945682],[-98.83235246,20.409482681],[-98.832238579,20.40949428],[-98.832134569,20.409506081],[-98.832069399,20.409546621],[-98.83204286,20.409625181],[-98.832024019,20.409797031],[-98.83206608,20.41010978],[-98.832069489,20.410344821],[-98.832050509,20.41049103],[-98.83199231,20.410651081],[-98.83195898,20.41074568],[-98.83192997,20.41082203],[-98.831893689,20.410876261],[-98.83183842,20.410911751],[-98.831752109,20.41094294],[-98.83167385,20.410963311],[-98.831603879,20.41096185],[-98.83154211,20.410942231],[-98.8314888,20.410893481],[-98.83140474,20.41082942],[-98.831281619,20.41077188],[-98.831180889,20.410755121],[-98.83098263,20.410750981],[-98.830849859,20.41077388],[-98.83061186,20.41080557],[-98.83037412,20.410826281],[-98.83024205,20.41081986],[-98.83013388,20.41078828],[-98.830068569,20.41075394],[-98.83001371,20.41071125],[-98.82993208,20.41064028],[-98.829854709,20.41059712],[-98.82975718,20.410576621],[-98.829634219,20.41059714],[-98.829583849,20.410656111],[-98.829434109,20.410773031],[-98.829299509,20.410871801],[-98.82916543,20.41094749],[-98.829027229,20.41099078],[-98.828919169,20.41100238],[-98.82882634,20.410991221],[-98.82875886,20.410943631],[-98.828706079,20.41089637],[-98.828668619,20.41082171],[-98.82864043,20.410770341],[-98.828558259,20.410722451],[-98.82849503,20.410702661],[-98.828347779,20.410713451],[-98.828165289,20.410765051],[-98.827972889,20.41082105],[-98.827890509,20.41084614],[-98.827833569,20.41087351],[-98.827789519,20.41090523],[-98.82774934,20.41095743],[-98.82772597,20.411030381],[-98.8277232,20.41114865],[-98.827737169,20.41129175],[-98.82777238,20.4114516],[-98.827830479,20.411558911],[-98.82791829,20.41169129],[-98.828057949,20.411828851],[-98.828198,20.41195009],[-98.82855492,20.41223906],[-98.828710649,20.412399381],[-98.828785109,20.41248746],[-98.828825229,20.41257123],[-98.82884582,20.412672621],[-98.82882849,20.4127588],[-98.82876586,20.412818781],[-98.82867663,20.412871],[-98.828564619,20.41291554],[-98.828479199,20.412967851],[-98.82837148,20.41301786],[-98.82828097,20.41311751],[-98.82820985,20.413226801],[-98.828155689,20.413447201],[-98.828062379,20.413666781],[-98.827931629,20.41381174],[-98.827723219,20.413927381],[-98.82753589,20.413978861],[-98.827250879,20.41401908],[-98.826985879,20.41404123],[-98.826820079,20.414010081],[-98.82673611,20.41400692],[-98.82657698,20.413977651],[-98.82642606,20.41386585],[-98.82579298,20.413222181],[-98.824672079,20.412899551],[-98.82435534,20.412761451],[-98.82221454,20.40901603],[-98.82157872,20.40854863],[-98.82096955,20.40836429],[-98.819873229,20.40788089],[-98.819386619,20.40712257],[-98.8192152,20.40608131],[-98.81936231,20.405346571],[-98.81975255,20.40474405],[-98.819728779,20.40421583],[-98.818826909,20.404237861],[-98.817779049,20.40403009],[-98.81741406,20.40347854],[-98.817561019,20.402881621],[-98.818074859,20.40126728],[-98.817904779,20.400807801],[-98.817197619,20.40108263],[-98.816782619,20.40163335],[-98.816343059,20.40232185],[-98.81566043,20.40243594],[-98.81536845,20.40202228],[-98.815315709,20.40142362],[-98.81529202,20.40084948],[-98.815268599,20.400045681],[-98.81451226,20.399259951],[-98.81373275,20.398891691],[-98.813683619,20.39788652],[-98.81356749,20.39722545],[-98.81415243,20.39693229],[-98.815555219,20.397117381],[-98.815867339,20.39682395],[-98.81520551,20.396235751],[-98.814387769,20.39568408],[-98.81427168,20.39498629],[-98.81462317,20.39436242],[-98.815636739,20.394106461],[-98.816533079,20.3941074],[-98.816884219,20.393777311],[-98.81657329,20.39304257],[-98.81639966,20.39216828],[-98.815434479,20.39033018],[-98.815612819,20.38970775],[-98.8156572,20.38950792],[-98.815941379,20.38822826],[-98.815040459,20.38766458],[-98.814495079,20.38755003],[-98.81341037,20.386269951],[-98.813573709,20.38593249],[-98.81459554,20.385289021],[-98.81448782,20.384657221],[-98.81393275,20.384002151],[-98.81297808,20.383412141],[-98.811277029,20.381867751],[-98.811729919,20.38082111],[-98.81327669,20.3801356],[-98.8135032,20.37954682],[-98.813295249,20.37915392],[-98.81187094,20.378968661],[-98.81044651,20.37903255],[-98.80978538,20.378618621],[-98.809438849,20.37791469],[-98.80952643,20.377309421],[-98.810187249,20.3766884],[-98.81089991,20.376280141],[-98.811091649,20.37572406],[-98.810717229,20.375415861],[-98.81013506,20.374915891],[-98.80945311,20.37455737],[-98.808846449,20.37431517],[-98.80745168,20.37403166],[-98.80679054,20.37347198],[-98.805946769,20.37228702],[-98.80448588,20.371552571],[-98.803756179,20.37107878],[-98.803437219,20.37047431],[-98.803529339,20.36982949],[-98.80410094,20.36897022],[-98.803987279,20.36862612],[-98.80275563,20.368065781],[-98.801695349,20.367536661],[-98.801453749,20.365674201],[-98.80202925,20.36490172],[-98.802986199,20.36467194],[-98.80252297,20.364007201],[-98.801456019,20.36404465],[-98.80022551,20.363618021],[-98.799195199,20.362225221],[-98.799778219,20.360447661],[-98.80146168,20.359603551],[-98.802929419,20.359266],[-98.80349485,20.358541451],[-98.804245249,20.35457514],[-98.805458429,20.35346205],[-98.80722052,20.35177418],[-98.807923719,20.3500284],[-98.8069938,20.34855717],[-98.806677489,20.3477142],[-98.80613149,20.34597398],[-98.804023659,20.34468438],[-98.803563579,20.343487891],[-98.804459569,20.342184181],[-98.805926999,20.34037423],[-98.806222399,20.33897668],[-98.806237139,20.338238031],[-98.80614675,20.33786952],[-98.805613399,20.33667708],[-98.805579319,20.335898141],[-98.80603186,20.335047861],[-98.80716995,20.333746231],[-98.807661969,20.332849201],[-98.807707629,20.331898861],[-98.808528749,20.33119695],[-98.81056017,20.329370511],[-98.812672649,20.329301951],[-98.81335222,20.329328],[-98.814243879,20.32916912],[-98.815648,20.3291348],[-98.81778905,20.329918],[-98.81828877,20.330198691],[-98.820369309,20.3300342],[-98.820819339,20.327432091],[-98.820643919,20.326983541],[-98.82030258,20.32592965],[-98.820449919,20.32565025],[-98.820772769,20.32551538],[-98.82405854,20.324763921],[-98.824100689,20.32471908],[-98.82239523,20.32253323],[-98.82234711,20.32247157],[-98.82213706,20.322186291],[-98.821654979,20.322114371],[-98.819895049,20.32172169],[-98.81983231,20.32057435],[-98.82029614,20.31973237],[-98.82023386,20.31837831],[-98.817153339,20.31724094],[-98.81661138,20.315536281],[-98.814011879,20.313833521],[-98.813596369,20.31303069],[-98.813884859,20.312023051],[-98.814556259,20.31112109],[-98.814364219,20.31058102],[-98.81362817,20.310275221],[-98.81282458,20.31045315],[-98.81161869,20.311146021],[-98.810083079,20.31305106],[-98.809041199,20.31327549],[-98.808083819,20.313473461],[-98.80761563,20.31261678],[-98.807563399,20.311779881],[-98.80717391,20.31084215],[-98.806658949,20.31087506],[-98.805414719,20.31194488],[-98.803302259,20.31152406],[-98.803009849,20.31152562],[-98.802836029,20.3116514],[-98.802698399,20.311894081],[-98.80269814,20.312096431],[-98.80275794,20.31231506],[-98.802912119,20.31256615],[-98.80303203,20.31276055],[-98.803308849,20.312939061],[-98.80341626,20.31317003],[-98.80326906,20.3134284],[-98.802925969,20.313751181],[-98.802788879,20.313769511],[-98.802544089,20.313778461],[-98.802230709,20.31383351],[-98.802057599,20.31389289],[-98.8018452,20.31404011],[-98.8016776,20.314103121],[-98.801476619,20.31406075],[-98.801320379,20.31395526],[-98.801186579,20.31377605],[-98.801153459,20.31348108],[-98.800987429,20.31333083],[-98.800852489,20.31316806],[-98.800645629,20.313112831],[-98.80019662,20.313078941],[-98.79980974,20.31327243],[-98.799505,20.31355912],[-98.799183749,20.313892341],[-98.79898606,20.31410157],[-98.79882942,20.314365151],[-98.798441659,20.31499445],[-98.798400339,20.315354021],[-98.79843391,20.315726511],[-98.798814769,20.31608657],[-98.798882569,20.316311421],[-98.7988278,20.316536111],[-98.798487059,20.317031511],[-98.7981934,20.317277061],[-98.797997779,20.317317831],[-98.797671849,20.31731745],[-98.797280779,20.31726577],[-98.79705277,20.317152801],[-98.796933479,20.31698872],[-98.796814279,20.316752921],[-98.79661915,20.31640434],[-98.79638046,20.31615817],[-98.796239429,20.31600431],[-98.79587908,20.315863971],[-98.795593449,20.315767431],[-98.79513646,20.31576026],[-98.794610659,20.31593288],[-98.79427342,20.316121171],[-98.794806519,20.31664663],[-98.79513512,20.316784091],[-98.79521325,20.316953061],[-98.795224149,20.31716418],[-98.79514546,20.31742797],[-98.794999629,20.31768111],[-98.79474792,20.318010511],[-98.794451879,20.31826029],[-98.794144429,20.318469111],[-98.793980799,20.31859949],[-98.793734569,20.31870886],[-98.79352012,20.31879412],[-98.79338,20.31877842],[-98.79324009,20.318599451],[-98.79310037,20.31828832],[-98.792993599,20.31799278],[-98.792911599,20.317666171],[-98.792920149,20.317425181],[-98.792895949,20.31702868],[-98.79293765,20.316671121],[-98.793045419,20.316220351],[-98.79293769,20.315924521],[-98.79283135,20.31578188],[-98.792731379,20.315698511],[-98.792575549,20.315658261],[-98.792373219,20.315594861],[-98.792227149,20.315473551],[-98.79202329,20.315373081],[-98.79173497,20.315300511],[-98.791531119,20.31529523],[-98.79118798,20.31548889],[-98.79071312,20.31575592],[-98.790530019,20.31582602],[-98.7903662,20.315910381],[-98.790137969,20.316021121],[-98.790003689,20.31610148],[-98.789824319,20.31601449],[-98.789695689,20.31583852],[-98.789527769,20.315698541],[-98.789505279,20.315591],[-98.78934309,20.315606091],[-98.789246829,20.315530111],[-98.78922658,20.315349421],[-98.7893346,20.31515529],[-98.78939518,20.314976541],[-98.78943337,20.314626941],[-98.78951092,20.314454681],[-98.789560489,20.31419618],[-98.78950443,20.314056911],[-98.78938515,20.31389765],[-98.789195509,20.313784721],[-98.78907611,20.313705031],[-98.78881868,20.313593821],[-98.78859038,20.31357335],[-98.78839051,20.313653851],[-98.788261919,20.31376808],[-98.787997849,20.31383505],[-98.7878266,20.31384157],[-98.787676939,20.313901451],[-98.787343779,20.313960621],[-98.78711108,20.313977321],[-98.786842569,20.313942181],[-98.78658355,20.31383737],[-98.78630028,20.313603311],[-98.78622109,20.313288521],[-98.78616571,20.31306082],[-98.78620345,20.31261432],[-98.78625045,20.312194121],[-98.78626942,20.311905221],[-98.78629209,20.311613091],[-98.785711424,20.311616099],[-98.784035419,20.31162477],[-98.785235124,20.310242489],[-98.785453094,20.309991343],[-98.785710019,20.309695311],[-98.785723265,20.309676836],[-98.788212836,20.306204074],[-98.788311117,20.306066975],[-98.788695803,20.305530347],[-98.788858357,20.305303586],[-98.790579854,20.302902068],[-98.790618837,20.302847685],[-98.790772877,20.302632791],[-98.795906489,20.295470691],[-98.79583265,20.295038711],[-98.79588032,20.294671491],[-98.79603394,20.29450474],[-98.7963528,20.29429365],[-98.79649475,20.294026711],[-98.79686946,20.293534121],[-98.7970214,20.293136451],[-98.79723802,20.292902081],[-98.79748712,20.292637141],[-98.797779509,20.292351831],[-98.79789075,20.29217818],[-98.797987339,20.29221051],[-98.798112249,20.29212265],[-98.798183019,20.292051741],[-98.79824194,20.291995061],[-98.798300689,20.291945621],[-98.798432079,20.291908571],[-98.798551019,20.29191106],[-98.79868828,20.29195017],[-98.79883338,20.29198218],[-98.798948859,20.291986281],[-98.799078459,20.29195702],[-98.799167819,20.291907711],[-98.79924054,20.29184526],[-98.799324089,20.291754251],[-98.7993984,20.291624661],[-98.799430879,20.29154217],[-98.799457709,20.29141157],[-98.799474519,20.291274371],[-98.799457349,20.29113965],[-98.799443819,20.29099542],[-98.79941549,20.290902051],[-98.79938929,20.29082228],[-98.79937895,20.290717281],[-98.799402779,20.290613],[-98.7994644,20.290537721],[-98.799589879,20.290471861],[-98.799762059,20.29041906],[-98.799942199,20.29039062],[-98.800105939,20.290333621],[-98.80026065,20.29029658],[-98.80043672,20.290259981],[-98.80063366,20.29024398],[-98.800768379,20.29021898],[-98.80093478,20.29020823],[-98.80114632,20.29020557],[-98.80122935,20.29020731],[-98.801398029,20.290260721],[-98.801574579,20.290300051],[-98.801755599,20.29031098],[-98.801921579,20.29031803],[-98.801994059,20.290287511],[-98.80206443,20.290185711],[-98.802131799,20.290051801],[-98.802190939,20.2899462],[-98.80224371,20.28979062],[-98.802246479,20.28967315],[-98.80222763,20.28951249],[-98.802188969,20.2893906],[-98.80219108,20.28930162],[-98.802238289,20.289220691],[-98.80233811,20.28915157],[-98.80253366,20.289094311],[-98.802731429,20.28908658],[-98.80292042,20.28909452],[-98.803134619,20.28910298],[-98.80333286,20.28907545],[-98.80349431,20.28900351],[-98.803580119,20.288929981],[-98.8036706,20.288836741],[-98.80374149,20.2886836],[-98.80378743,20.288518061],[-98.803799309,20.288371621],[-98.80380125,20.28795251],[-98.80383362,20.28768342],[-98.803857379,20.287463181],[-98.803928369,20.28728949],[-98.80400998,20.287137061],[-98.80410472,20.2869008],[-98.80417689,20.286768281],[-98.80422171,20.28665446],[-98.80431806,20.286537321],[-98.804399459,20.286459581],[-98.804517859,20.286400291],[-98.804603419,20.286344711],[-98.804689279,20.28627589],[-98.80476237,20.286153851],[-98.80483951,20.286058371],[-98.80493182,20.28591466],[-98.805055939,20.28581134],[-98.80516435,20.28577831],[-98.805366679,20.285772051],[-98.80576311,20.285815951],[-98.805994689,20.285837231],[-98.806089419,20.28588026],[-98.806160229,20.28595289],[-98.80617878,20.286027151],[-98.806264549,20.286204081],[-98.80638626,20.286332491],[-98.80651148,20.286436351],[-98.806611679,20.286493181],[-98.8067498,20.286509541],[-98.80686569,20.286487801],[-98.806963819,20.28645843],[-98.807067449,20.286412251],[-98.807196719,20.2863666],[-98.807280319,20.286300661],[-98.807385089,20.28620615],[-98.807441249,20.2861082],[-98.807481679,20.286024421],[-98.80756038,20.285948691],[-98.80769249,20.28589103],[-98.808232169,20.28574312],[-98.8084504,20.2856652],[-98.808650539,20.285573881],[-98.80885588,20.28545662],[-98.808977769,20.285363651],[-98.8090632,20.285255781],[-98.80916558,20.285077621],[-98.809253049,20.284874771],[-98.809325479,20.28465211],[-98.80940089,20.2843028],[-98.809398949,20.284166291],[-98.80939091,20.284068661],[-98.809394249,20.283927401],[-98.80942283,20.28381103],[-98.809478619,20.28363675],[-98.80960338,20.283385941],[-98.809784919,20.283098001],[-98.809860259,20.282939951],[-98.8099298,20.282751091],[-98.80994731,20.28256114],[-98.80994195,20.282235631],[-98.81000977,20.281844141],[-98.810059369,20.281397],[-98.810111,20.280863951],[-98.810187149,20.28034428],[-98.8103166,20.27997806],[-98.81046763,20.279671981],[-98.810709,20.27943832],[-98.811070459,20.279234321],[-98.811550659,20.279043851],[-98.8119088,20.27891468],[-98.81223137,20.278757401],[-98.81252689,20.27851755],[-98.813102819,20.278064861],[-98.813418449,20.277893781],[-98.8136586,20.277850971],[-98.81375503,20.277823851],[-98.813751889,20.277805861],[-98.81420072,20.27746463],[-98.81441985,20.27683609],[-98.814034509,20.27615983],[-98.814060249,20.275824721],[-98.814662659,20.275059601],[-98.814763279,20.274394631],[-98.815080149,20.27423922],[-98.8148826,20.27352988],[-98.814923779,20.273122771],[-98.81525377,20.272795891],[-98.816120779,20.272068831],[-98.81669522,20.27137646],[-98.81690295,20.271205911],[-98.81714966,20.271022171],[-98.817574279,20.270782341],[-98.817803119,20.270424291],[-98.81865669,20.270617741],[-98.819614709,20.26978503],[-98.81969857,20.26928857],[-98.819909449,20.26915605],[-98.820401969,20.26860302],[-98.82030711,20.26809694],[-98.81991095,20.267809781],[-98.819201909,20.267238311],[-98.81860285,20.266747831],[-98.81833275,20.26636612],[-98.81831183,20.26561928],[-98.8174288,20.26467302],[-98.81747766,20.26437518],[-98.81778492,20.26402094],[-98.818456259,20.262531681],[-98.818216149,20.26208814],[-98.81772032,20.261840571],[-98.816928919,20.26218269],[-98.81658092,20.26286882],[-98.815992629,20.26296697],[-98.814978289,20.26341234],[-98.81476994,20.263445321],[-98.81429018,20.26317872],[-98.813996429,20.26291726],[-98.812840849,20.262630181],[-98.812857349,20.26246312],[-98.812871509,20.26244057],[-98.81287226,20.26233302],[-98.812891999,20.26211243],[-98.81330446,20.261215601],[-98.813204379,20.26082972],[-98.812253489,20.260426401],[-98.812088949,20.260321881],[-98.81188023,20.259831181],[-98.8112584,20.258733751],[-98.811608569,20.258025311],[-98.81140726,20.2569204],[-98.81037471,20.257412831],[-98.810200629,20.25681483],[-98.811008859,20.25563672],[-98.811035769,20.25504063],[-98.812276119,20.25319628],[-98.811307799,20.252344091],[-98.8129466,20.25150482],[-98.81271415,20.250222291],[-98.81246512,20.24952506],[-98.813311969,20.249251051],[-98.81433091,20.24939397],[-98.814372979,20.249289001],[-98.814422149,20.24911948],[-98.814481599,20.248907],[-98.814536399,20.248709951],[-98.814543319,20.24835315],[-98.814660229,20.247740521],[-98.81474671,20.247798091],[-98.814950199,20.247921721],[-98.815190059,20.248045381],[-98.815444489,20.248155351],[-98.81563655,20.248212831],[-98.815750369,20.24832937],[-98.81586808,20.24843415],[-98.816033139,20.24852991],[-98.81616448,20.24859022],[-98.81628068,20.24873549],[-98.816314399,20.248799251],[-98.81635595,20.24887692],[-98.816824279,20.249354001],[-98.817112779,20.24949038],[-98.817310949,20.24973726],[-98.817482169,20.249890551],[-98.81759922,20.2500778],[-98.81769829,20.25019698],[-98.817806109,20.25057135],[-98.817959279,20.25073312],[-98.81865017,20.250822631],[-98.81897102,20.25084025],[-98.81916349,20.250875031],[-98.81960772,20.250714921],[-98.81982431,20.250613081],[-98.820189549,20.25065811],[-98.820434399,20.25058772],[-98.820628309,20.250449851],[-98.82169068,20.25054955],[-98.822526719,20.25034678],[-98.823018169,20.25019002],[-98.823798049,20.249754711],[-98.823800179,20.24971418],[-98.8239138,20.249529581],[-98.82401958,20.249303831],[-98.82408957,20.24914957],[-98.824178379,20.2490486],[-98.824362369,20.24898063],[-98.82453686,20.248877541],[-98.824598799,20.24882462],[-98.824814319,20.24868946],[-98.825091319,20.248593051],[-98.825516849,20.24852955],[-98.82576312,20.24841377],[-98.825845459,20.24814311],[-98.82599969,20.24779518],[-98.82604095,20.24757283],[-98.826133509,20.24734086],[-98.82633886,20.24713802],[-98.8265852,20.24695455],[-98.826841579,20.246945141],[-98.827138969,20.24697443],[-98.82755935,20.24707154],[-98.827969569,20.247081621],[-98.828349079,20.24702397],[-98.828615749,20.246699251],[-98.828769859,20.246448],[-98.82902665,20.24610015],[-98.829242169,20.245955321],[-98.829652569,20.24578169],[-98.829960199,20.24582066],[-98.83004323,20.24599054],[-98.830217,20.246161751],[-98.830793119,20.246253851],[-98.83130329,20.24617971],[-98.83162135,20.246044651],[-98.831929199,20.24588057],[-98.83212428,20.245677711],[-98.83245714,20.245639341],[-98.83268262,20.245765261],[-98.832949119,20.245891221],[-98.83320545,20.245959141],[-98.83348243,20.24588205],[-98.833646709,20.245708171],[-98.833831549,20.24547628],[-98.834139309,20.24539922],[-98.83463151,20.245457691],[-98.83516465,20.245583891],[-98.835675519,20.245845451],[-98.835860169,20.245787601],[-98.836096199,20.24564278],[-98.836332309,20.24543028],[-98.836732629,20.245092251],[-98.83714318,20.24476386],[-98.837707489,20.244522661],[-98.838138089,20.24464875],[-98.83871182,20.244900691],[-98.83911158,20.245084771],[-98.83974712,20.24537543],[-98.84036303,20.24578894],[-98.840957659,20.245982861],[-98.841521579,20.24610906],[-98.84134571,20.24643169],[-98.84272038,20.24726465],[-98.843514549,20.247598001],[-98.84385743,20.24765786],[-98.84419131,20.2476922],[-98.844651289,20.247956371],[-98.845264539,20.24839083],[-98.8458676,20.248877371],[-98.846099779,20.24906546],[-98.847181229,20.24897378],[-98.84828709,20.247775181],[-98.84938966,20.24672911],[-98.850038599,20.24631929],[-98.851351399,20.246058771],[-98.85152063,20.24627114],[-98.851576449,20.24642932],[-98.851600249,20.246881151],[-98.85179169,20.247556781],[-98.85233708,20.248284661],[-98.85250445,20.248492631],[-98.852587769,20.24859749],[-98.852793799,20.24922622],[-98.85294763,20.249385341],[-98.853364979,20.249769721],[-98.85477502,20.25210837],[-98.855061279,20.252325051],[-98.85549578,20.252250031],[-98.855822919,20.251946351],[-98.855931779,20.25179965],[-98.85642518,20.25160202],[-98.85712111,20.251996741],[-98.85726377,20.2526346],[-98.857271883,20.252875287],[-98.85728532,20.25327392],[-98.85725452,20.253422401],[-98.857255431,20.253426435],[-98.857265519,20.253471141],[-98.857330859,20.253760753],[-98.857330924,20.25376102],[-98.857333497,20.253769692],[-98.857380461,20.253927678],[-98.85758291,20.25460871],[-98.85790531,20.254902891],[-98.857841393,20.254944739],[-98.857805442,20.254968277],[-98.85778578,20.25498115],[-98.857714549,20.255027801],[-98.85815074,20.25534755],[-98.8581878,20.255298141],[-98.858208119,20.255271051],[-98.858225109,20.255248396],[-98.858252345,20.25521208],[-98.85858051,20.25477451],[-98.85943638,20.254956681],[-98.860379859,20.2550252],[-98.86045197,20.255245201],[-98.860653939,20.255654351],[-98.86083203,20.25603246],[-98.860578999,20.256414821],[-98.86107345,20.256888971],[-98.861219399,20.257272261],[-98.86125165,20.257578831],[-98.861341937,20.257656694],[-98.861491943,20.25778606],[-98.861606029,20.25788445],[-98.861625229,20.257901001],[-98.861654659,20.25791429],[-98.861918799,20.258033661],[-98.86199897,20.258069891],[-98.862028709,20.25806851],[-98.862176112,20.258061678],[-98.862512704,20.258046078],[-98.86264922,20.258039751],[-98.862950099,20.258099171],[-98.863089352,20.258126672],[-98.863395139,20.25818706],[-98.863863509,20.25843529],[-98.864160419,20.25871569],[-98.864423,20.25906074],[-98.864453598,20.259110349],[-98.864472719,20.25914135],[-98.864630001,20.259329027],[-98.864924776,20.259680763],[-98.864928779,20.25968554],[-98.86560075,20.25994346],[-98.866182331,20.259982598],[-98.866896119,20.260030631],[-98.867094755,20.26012382],[-98.867110555,20.260131232],[-98.867134324,20.260142383],[-98.86729797,20.260219156],[-98.867892645,20.260498142],[-98.867884543,20.260630062],[-98.867879969,20.26070451],[-98.867873282,20.260813408],[-98.867868829,20.260885921],[-98.867980649,20.260961221],[-98.868212969,20.26113188],[-98.868488319,20.261335031],[-98.868772399,20.261408311],[-98.868809019,20.261386068],[-98.868875449,20.26134572],[-98.868948634,20.261301278],[-98.86904182,20.26124469],[-98.869375695,20.261143201],[-98.86987654,20.26168035],[-98.87016432,20.261423751],[-98.871068689,20.261820458],[-98.871067909,20.262113859],[-98.871691379,20.26205334],[-98.87209803,20.262135981],[-98.872462197,20.262673415],[-98.873042058,20.26241222],[-98.873414768,20.262206445],[-98.873828457,20.26222298],[-98.874006519,20.26234949],[-98.87449825,20.262311091],[-98.875677619,20.262720581],[-98.876469169,20.262892861],[-98.87747863,20.263390601],[-98.87832137,20.263559921],[-98.880207669,20.26385244],[-98.880274641,20.263862826],[-98.88033165,20.263871666],[-98.88081708,20.26394694],[-98.88061409,20.26467389],[-98.880536247,20.264833277],[-98.880511885,20.264883158],[-98.88047482,20.26495905],[-98.880471229,20.264966401],[-98.880661659,20.265079771],[-98.881618779,20.265374051],[-98.88195317,20.265493891],[-98.88220678,20.265678921],[-98.882181284,20.265774801],[-98.88216052,20.265852891],[-98.882147976,20.265865658],[-98.882016051,20.265999938],[-98.88173343,20.2662876],[-98.88128929,20.26660305],[-98.88108655,20.266602911],[-98.880897339,20.266662232],[-98.88081888,20.26668683],[-98.880763913,20.266725076],[-98.880632259,20.26681668],[-98.88044569,20.26688537],[-98.880312733,20.266891392],[-98.880113179,20.266900431],[-98.880003,20.26696354],[-98.88000722,20.26694612],[-98.879087449,20.26759257],[-98.878892289,20.267896201],[-98.878990679,20.26801422],[-98.87814994,20.268235001],[-98.878072539,20.26809154],[-98.876846549,20.268485711],[-98.876849229,20.268752851],[-98.87635482,20.26883051],[-98.875868279,20.268933351],[-98.875600599,20.269093681],[-98.875381539,20.26929991],[-98.874931489,20.269391321],[-98.87442063,20.26949415],[-98.87389752,20.269700151],[-98.87325282,20.26989462],[-98.87248603,20.26996065],[-98.87022945,20.27046551],[-98.870172799,20.270336381],[-98.870145749,20.26969908],[-98.869901279,20.269405061],[-98.86928994,20.27039435],[-98.86941251,20.270662291],[-98.866174489,20.271571451],[-98.86614132,20.27181791],[-98.865898849,20.2730692],[-98.86571622,20.27488938],[-98.865714429,20.27696569],[-98.865617049,20.277965821],[-98.86597332,20.278211521],[-98.86707515,20.278881001],[-98.86699109,20.27975854],[-98.867718879,20.28328435],[-98.868009369,20.283957491],[-98.86844525,20.28409282],[-98.869107819,20.28433762],[-98.868958549,20.28502966],[-98.868873939,20.28509308],[-98.868252739,20.286665251],[-98.86763555,20.28893515],[-98.8665488,20.289925401],[-98.865186139,20.290356651],[-98.86487905,20.29061914],[-98.86427829,20.29164666],[-98.86421268,20.291652401],[-98.86333769,20.293272091],[-98.863246459,20.29405442],[-98.86331508,20.294392281],[-98.863709139,20.29498789],[-98.863940509,20.29529271],[-98.863969549,20.295366819],[-98.864133149,20.295784311],[-98.864229449,20.29617143],[-98.86436429,20.29653558],[-98.864564471,20.297058367],[-98.864575259,20.29708654],[-98.864578861,20.29713553],[-98.864624279,20.29775326],[-98.86502469,20.29770335],[-98.864973153,20.296645068],[-98.86497098,20.296600451],[-98.864970534,20.296594544],[-98.864968554,20.296568272],[-98.8649592,20.2964442],[-98.8649612,20.29639857],[-98.86735869,20.297191571],[-98.87050968,20.295592311],[-98.87237495,20.29562091],[-98.877570859,20.294109651],[-98.878031309,20.29362052],[-98.879519459,20.291857601],[-98.880674109,20.29095031],[-98.88143295,20.290790621],[-98.883207849,20.2892072],[-98.88363525,20.288648911],[-98.884617029,20.287682491],[-98.885365179,20.286881311],[-98.88590014,20.286376851],[-98.886314649,20.286115831],[-98.886922799,20.28555283],[-98.88722203,20.285319651],[-98.887378379,20.28522149],[-98.88823765,20.284799401],[-98.88896032,20.284395091],[-98.88978486,20.283781861],[-98.889828779,20.28373771],[-98.89001058,20.28356852],[-98.891032969,20.283013741],[-98.89110188,20.282982229],[-98.89164689,20.282733001],[-98.892582459,20.282542891],[-98.892634173,20.282515292],[-98.89366531,20.28196497],[-98.895723739,20.280587461],[-98.900154979,20.27797686],[-98.90320172,20.276726721],[-98.90341012,20.27661605],[-98.903814443,20.276435746],[-98.903880629,20.27640623],[-98.903923727,20.276387017],[-98.903924889,20.276386498],[-98.904019249,20.27634443],[-98.904055059,20.276991821],[-98.904157539,20.277871431],[-98.904331199,20.27957437],[-98.90533039,20.279469892],[-98.906143908,20.279384822],[-98.907165199,20.279278021],[-98.90861795,20.27863431],[-98.909364799,20.278303371],[-98.909592018,20.278202691],[-98.911002849,20.277721971],[-98.91228618,20.277460231],[-98.912660909,20.277582741],[-98.912721735,20.277602827],[-98.912722143,20.277602962],[-98.912722311,20.277603017],[-98.912951446,20.277678684],[-98.913009014,20.277697694],[-98.913013029,20.27769902],[-98.91301492,20.27769965],[-98.913045547,20.27770599],[-98.913284509,20.277755451],[-98.913513926,20.277789042],[-98.913519309,20.277789831],[-98.913608156,20.277820581],[-98.913608332,20.277820642],[-98.913730279,20.27786285],[-98.913737459,20.277865321],[-98.913817799,20.277909381],[-98.91402078,20.277967831],[-98.914262309,20.27794311],[-98.914500649,20.27782942],[-98.91481172,20.27774189],[-98.915247339,20.277706291],[-98.915584049,20.277643981],[-98.915563628,20.277619626],[-98.915535042,20.277585536],[-98.91539025,20.277412861],[-98.91506825,20.277060621],[-98.915051482,20.277052825],[-98.914757219,20.27691602],[-98.914559939,20.276837941],[-98.914441079,20.276766371],[-98.914417258,20.276710107],[-98.914406418,20.276684506],[-98.914387094,20.276638861],[-98.914371479,20.276601981],[-98.91432597,20.276499921],[-98.914186387,20.276186888],[-98.91415185,20.27610943],[-98.914123978,20.276007704],[-98.91411111,20.27596074],[-98.91410831,20.275950511],[-98.914108787,20.275947285],[-98.914120689,20.275866801],[-98.914181449,20.27572975],[-98.91427998,20.275544091],[-98.91435025,20.27521955],[-98.91444646,20.274905431],[-98.91472523,20.274148],[-98.91487145,20.273750151],[-98.914924859,20.27347468],[-98.914913846,20.273361624],[-98.914903649,20.27325694],[-98.914882165,20.273106171],[-98.914858479,20.272939951],[-98.914842429,20.272495141],[-98.914826309,20.272031551],[-98.914816618,20.272018996],[-98.914815144,20.272017087],[-98.91456682,20.271695401],[-98.914313384,20.271375768],[-98.914248786,20.271294299],[-98.91422057,20.271258711],[-98.914124259,20.271036948],[-98.914121029,20.271029511],[-98.914120311,20.271021918],[-98.914114315,20.270958444],[-98.914111988,20.270933804],[-98.91410226,20.27083082],[-98.914106368,20.270770112],[-98.91410701,20.270760628],[-98.914109699,20.270720906],[-98.914110236,20.270712972],[-98.914112625,20.270677661],[-98.914112639,20.270677451],[-98.914144899,20.270200769],[-98.914146109,20.27018289],[-98.914146203,20.27018284],[-98.914146483,20.27018269],[-98.91416062,20.27017517],[-98.91446009,20.27001565],[-98.914478541,20.269998608],[-98.914865815,20.269640919],[-98.91489574,20.269613281],[-98.914991474,20.269485181],[-98.915083426,20.269362144],[-98.915147229,20.269276771],[-98.915234982,20.269150334],[-98.915293103,20.269066592],[-98.915295261,20.269063481],[-98.915452169,20.268837401],[-98.915631229,20.268562231],[-98.91569194,20.268540571],[-98.915960291,20.268444834],[-98.916005879,20.26842857],[-98.916053991,20.268384174],[-98.91628749,20.26816871],[-98.916979579,20.26769714],[-98.917018138,20.267668894],[-98.917092693,20.26761428],[-98.917139569,20.26757994],[-98.917435849,20.267390201],[-98.91774765,20.26714789],[-98.91804334,20.266983121],[-98.918515059,20.266824831],[-98.92065842,20.26548328],[-98.92214872,20.265057585],[-98.922197701,20.265043594],[-98.922251031,20.26502836],[-98.923070997,20.264794134],[-98.923098205,20.264786362],[-98.923131191,20.264776939],[-98.92350345,20.2646706],[-98.923536427,20.264657751],[-98.923557943,20.264649368],[-98.923580474,20.26464059],[-98.923994882,20.264479124],[-98.923995722,20.264478798],[-98.92403017,20.264465376],[-98.924030814,20.264465125],[-98.924030877,20.2644651],[-98.924030989,20.264465056],[-98.924031221,20.264464966],[-98.924031264,20.264464949],[-98.924032145,20.264464606],[-98.924033042,20.264464257],[-98.924033477,20.264464087],[-98.924071424,20.264449302],[-98.924415199,20.264315356],[-98.92443183,20.264308876],[-98.924453782,20.264300323],[-98.924608394,20.264240081],[-98.924634766,20.264229805],[-98.924655568,20.2642217],[-98.92479149,20.26416874],[-98.925007547,20.264105181],[-98.925031304,20.264098192],[-98.925060049,20.264089736],[-98.925502109,20.26395969],[-98.925534577,20.263961251],[-98.925571038,20.263963003],[-98.925591373,20.263963981],[-98.92653172,20.26400918],[-98.92712594,20.263947831],[-98.92719115,20.263927221],[-98.92726291,20.263890661],[-98.927231049,20.263891851],[-98.927227136,20.263869538],[-98.927221289,20.2638362],[-98.927201972,20.263838232],[-98.92718308,20.263840221],[-98.927182581,20.263823805],[-98.927179726,20.263729819],[-98.92717892,20.26370331],[-98.927166756,20.263684868],[-98.927166417,20.263684355],[-98.927161909,20.263677519],[-98.92716162,20.263677082],[-98.927159525,20.263673906],[-98.92715837,20.263672155],[-98.927157635,20.26367104],[-98.92715755,20.263670911],[-98.927157488,20.263670677],[-98.92715742,20.263670422],[-98.927157412,20.263670392],[-98.927157337,20.263670115],[-98.927157274,20.263669878],[-98.927157251,20.263669793],[-98.927157227,20.263669701],[-98.927157135,20.263669361],[-98.927156996,20.26366884],[-98.927156601,20.263667362],[-98.927147715,20.26363411],[-98.927145047,20.263624124],[-98.927132569,20.263577431],[-98.92713686,20.26328006],[-98.92712629,20.26257169],[-98.92714355,20.26253588],[-98.92716992,20.26248331],[-98.927213859,20.26246795],[-98.927214169,20.262467851],[-98.927215459,20.26246738],[-98.92723318,20.262461201],[-98.927277211,20.262446337],[-98.927302798,20.2624377],[-98.92733322,20.262427431],[-98.928225936,20.262386676],[-98.928225973,20.262386673],[-98.928226194,20.262386663],[-98.92848775,20.262374721],[-98.928495326,20.262374415],[-98.928623619,20.26236922],[-98.928638466,20.262365008],[-98.928669729,20.262356138],[-98.928677969,20.2623538],[-98.928750202,20.262309652],[-98.92875642,20.262305851],[-98.928798712,20.262294659],[-98.928825943,20.262287452],[-98.92889309,20.262269681],[-98.928939969,20.26225726],[-98.928998654,20.262250288],[-98.92945683,20.262195851],[-98.92954,20.262178001],[-98.92958188,20.262156081],[-98.929603149,20.262130481],[-98.929606129,20.262105572],[-98.929607419,20.26209478],[-98.92959751,20.26207508],[-98.929588905,20.262065069],[-98.929576709,20.262050881],[-98.92956635,20.262017261],[-98.929531481,20.261995954],[-98.92945708,20.26195049],[-98.929200718,20.261793836],[-98.92893182,20.26162952],[-98.92886058,20.261586001],[-98.9288224,20.26159715],[-98.928823107,20.261584765],[-98.928834395,20.261387104],[-98.928853438,20.261053644],[-98.928856542,20.260999287],[-98.928857321,20.260985618],[-98.928858045,20.260972946],[-98.928858839,20.260959069],[-98.928858847,20.260958952],[-98.92885885,20.260958914],[-98.92886056,20.260928942],[-98.928860566,20.260928863],[-98.92886342,20.26087891],[-98.928868788,20.260815335],[-98.928868798,20.260815217],[-98.928872266,20.260774155],[-98.928872319,20.26077351],[-98.928873159,20.260711828],[-98.928873943,20.260654159],[-98.928874593,20.260606539],[-98.928877796,20.260371422],[-98.928889319,20.25952572],[-98.928882889,20.259526356],[-98.928881101,20.259526534],[-98.928880739,20.25952657],[-98.928880301,20.259526612],[-98.928879831,20.259526659],[-98.928879775,20.259526664],[-98.928856007,20.259529014],[-98.92820443,20.259593431],[-98.928063558,20.259005665],[-98.927945489,20.25851303],[-98.927929024,20.258509213],[-98.927752749,20.25846834],[-98.92769063,20.258453941],[-98.92739412,20.258415581],[-98.927274259,20.25835489],[-98.92723387,20.258312464],[-98.927227175,20.258305432],[-98.927205483,20.258282644],[-98.927137169,20.25821088],[-98.927133071,20.258205122],[-98.927064599,20.258108891],[-98.927064458,20.258108529],[-98.927064316,20.258108165],[-98.927064038,20.258107452],[-98.926814205,20.257467012],[-98.926797853,20.257425095],[-98.92679784,20.257425063],[-98.926796401,20.257421372],[-98.92679223,20.257410681],[-98.926786827,20.257396829],[-98.926772761,20.257360775],[-98.926772721,20.257360664],[-98.926756522,20.257319138],[-98.926753226,20.257310687],[-98.926753214,20.25731066],[-98.92675162,20.25730657],[-98.926751374,20.257306396],[-98.926751127,20.257306221],[-98.926750636,20.257305873],[-98.926726109,20.257288481],[-98.92669463,20.25727715],[-98.926690936,20.257277675],[-98.926628689,20.257286511],[-98.926130649,20.257361941],[-98.925880719,20.25738895],[-98.925778879,20.25738262],[-98.925686199,20.257372181],[-98.92563231,20.257349721],[-98.925629091,20.257346975],[-98.925598969,20.257321261],[-98.92556837,20.25727148],[-98.92555498,20.257226826],[-98.92553677,20.25716608],[-98.925534066,20.257149963],[-98.92551878,20.25705883],[-98.925517549,20.257013031],[-98.92574417,20.256794121],[-98.92588197,20.25666102],[-98.92590208,20.256616061],[-98.926038349,20.256311461],[-98.926140249,20.25613065],[-98.92661097,20.25529529],[-98.926867659,20.25449597],[-98.92702968,20.254137921],[-98.927448724,20.253282997],[-98.927458059,20.253263951],[-98.92746229,20.25325531],[-98.927473539,20.253265661],[-98.92748506,20.253236481],[-98.927485083,20.253236425],[-98.92748525,20.253236],[-98.927485305,20.253235862],[-98.927485394,20.253235636],[-98.927485802,20.253234604],[-98.927489974,20.253224033],[-98.92749027,20.253223285],[-98.927490964,20.253221526],[-98.927496853,20.25320661],[-98.927503719,20.253189221],[-98.927835862,20.253460961],[-98.927868185,20.253487407],[-98.927886498,20.25350239],[-98.927886671,20.253502531],[-98.927888103,20.253503702],[-98.927902368,20.253515372],[-98.927902656,20.253515608],[-98.927902838,20.253515758],[-98.927903917,20.253516641],[-98.927905443,20.253517889],[-98.927913317,20.25352433],[-98.92791355,20.253524521],[-98.92878367,20.253035459],[-98.92880717,20.253022251],[-98.928836592,20.253012834],[-98.928840384,20.25301162],[-98.928844768,20.253010217],[-98.928845248,20.253010063],[-98.92885306,20.253007564],[-98.928890733,20.252995506],[-98.928893737,20.252994544],[-98.928952739,20.25297566],[-98.929044543,20.252992049],[-98.929049216,20.252992883],[-98.929121341,20.25300576],[-98.9294638,20.253066891],[-98.929634003,20.253088815],[-98.92971093,20.253098724],[-98.929717667,20.253099593],[-98.929751111,20.253103901],[-98.929769192,20.25310623],[-98.92978434,20.253108181],[-98.929805683,20.253110256],[-98.929806845,20.25311037],[-98.929812109,20.253110881],[-98.929814897,20.253111153],[-98.929856783,20.253115227],[-98.929876139,20.25311711],[-98.92991518,20.25317388],[-98.930172719,20.25354835],[-98.930260735,20.253676356],[-98.930266028,20.253684054],[-98.93026958,20.25368922],[-98.930275179,20.253685721],[-98.930304907,20.253667141],[-98.930305248,20.253666928],[-98.930313753,20.253661612],[-98.930383496,20.253618022],[-98.93038484,20.253617182],[-98.930387859,20.253615294],[-98.93038996,20.253613981],[-98.930399409,20.253608075],[-98.930414454,20.253598672],[-98.930431416,20.253588071],[-98.930505373,20.253541847],[-98.93050668,20.25354103],[-98.930508067,20.253539747],[-98.93096477,20.253117711],[-98.931092519,20.25298825],[-98.931092992,20.252987648],[-98.931307549,20.25271462],[-98.931570721,20.25245783],[-98.931602274,20.252427042],[-98.931612005,20.252417548],[-98.931616467,20.252413193],[-98.931616811,20.252412857],[-98.931618805,20.252410911],[-98.931619726,20.252410013],[-98.931620235,20.252409516],[-98.931621064,20.252408707],[-98.931632198,20.252397844],[-98.931633987,20.252396099],[-98.931638301,20.252391888],[-98.931644489,20.25238585],[-98.931662296,20.252380793],[-98.931672514,20.25237789],[-98.93173834,20.252359194],[-98.93174175,20.252358225],[-98.93174754,20.252356581],[-98.932178699,20.252346926],[-98.932211109,20.2523462],[-98.932305884,20.252345421],[-98.932568399,20.252343261],[-98.93338197,20.25244785],[-98.93347795,20.252462561],[-98.93352428,20.252469661],[-98.933507569,20.252295801],[-98.933510955,20.252293129],[-98.933612913,20.25221267],[-98.93376162,20.252095321],[-98.933984959,20.251909021],[-98.934004144,20.251893019],[-98.934005277,20.251892073],[-98.934009393,20.251888638],[-98.934027049,20.25187391],[-98.934605829,20.252585251],[-98.93462858,20.25261365],[-98.934630444,20.252615976],[-98.934664983,20.252659097],[-98.935100229,20.253202491],[-98.935100853,20.253202184],[-98.935103376,20.253200944],[-98.935131989,20.253186884],[-98.935222865,20.253142227],[-98.935357229,20.2530762],[-98.938131649,20.253089781],[-98.937933569,20.25064415],[-98.938389466,20.250113737],[-98.938446824,20.250047004],[-98.93849992,20.24998523],[-98.938527566,20.24971874],[-98.938527599,20.249718422],[-98.938579481,20.249218236],[-98.93858725,20.24914334],[-98.938588593,20.249130394],[-98.938616486,20.248861547],[-98.938618049,20.24884648],[-98.938626312,20.248820118],[-98.9387558,20.248406931],[-98.938769025,20.248364726],[-98.938775424,20.248344312],[-98.938775441,20.248344257],[-98.938788985,20.248301039],[-98.938815089,20.248217741],[-98.93907634,20.24742535],[-98.93932877,20.24667503],[-98.939495391,20.246179779],[-98.939502459,20.246158771],[-98.939452717,20.24602651],[-98.939450664,20.246021051],[-98.939450514,20.246020653],[-98.93944022,20.245993281],[-98.93942119,20.245942687],[-98.93942118,20.24594266],[-98.939416285,20.245929649],[-98.939416248,20.245929551],[-98.939362896,20.245787703],[-98.938651419,20.24389605],[-98.9386124,20.24379231],[-98.93877671,20.243690711],[-98.940202961,20.24278554],[-98.940223429,20.242772551],[-98.940222974,20.242766495],[-98.940217513,20.242693833],[-98.940217261,20.242690485],[-98.940178116,20.24216971],[-98.94015737,20.24189372],[-98.94025677,20.24178646],[-98.940422749,20.237729381],[-98.940370509,20.23671042],[-98.940269599,20.23391452],[-98.940214619,20.23108237],[-98.940040199,20.22673542],[-98.93972575,20.21690894],[-98.941307066,20.214758948],[-98.941524378,20.21446348],[-98.941526449,20.214460662],[-98.941563549,20.214410221],[-98.94158312,20.214324751],[-98.941737431,20.21410378],[-98.941788468,20.214030698],[-98.941797732,20.214017431],[-98.941949608,20.213799947],[-98.941962965,20.21378082],[-98.941981805,20.213753842],[-98.942206629,20.213431896],[-98.942416325,20.213131614],[-98.942437736,20.213100954],[-98.943392659,20.21173349],[-98.943490357,20.21159476],[-98.94349042,20.211594671],[-98.943490458,20.211594616],[-98.944782513,20.209759893],[-98.945187009,20.209185494],[-98.945215752,20.209144678],[-98.945245319,20.209102691],[-98.945260044,20.209082368],[-98.946486274,20.207389981],[-98.94650038,20.207370512],[-98.946529099,20.207330875],[-98.946534,20.20732411],[-98.946529881,20.207310176],[-98.946517854,20.207269494],[-98.946502264,20.20721676],[-98.946500942,20.20721229],[-98.94636422,20.20674982],[-98.94635676,20.206741067],[-98.946353216,20.20673691],[-98.946323478,20.20670202],[-98.94630015,20.206674651],[-98.946276307,20.206559965],[-98.946276301,20.206559936],[-98.946273246,20.206545237],[-98.946234661,20.20635964],[-98.946175907,20.206077025],[-98.946169745,20.206047381],[-98.946164241,20.206020909],[-98.946068399,20.20555989],[-98.945968339,20.204959401],[-98.94594906,20.20469898],[-98.945735401,20.204200921],[-98.945733806,20.204197202],[-98.945727287,20.204182007],[-98.945718704,20.204161998],[-98.945709919,20.20414152],[-98.945556093,20.204159242],[-98.945548938,20.204160067],[-98.945535756,20.204161586],[-98.94552516,20.204162807],[-98.945519857,20.204163417],[-98.94548198,20.204167781],[-98.94533508,20.203529121],[-98.945127219,20.2025676],[-98.94514992,20.202549091],[-98.945150049,20.202549084],[-98.945155591,20.20254879],[-98.945163594,20.202548365],[-98.945182847,20.202547342],[-98.945188289,20.202547053],[-98.945982909,20.202504831],[-98.946026679,20.202499181],[-98.94605569,20.20182302],[-98.946076878,20.201813315],[-98.94608488,20.20180965],[-98.946106025,20.201806798],[-98.94611357,20.201805781],[-98.946130864,20.201866585],[-98.946216249,20.202166781],[-98.94694706,20.202217741],[-98.947437969,20.202198],[-98.94756416,20.202176318],[-98.947574618,20.202174521],[-98.947586033,20.202172559],[-98.94763468,20.2021642],[-98.947628584,20.201801228],[-98.947627758,20.201752045],[-98.947627266,20.201722777],[-98.94762411,20.201534911],[-98.947717487,20.201234893],[-98.947724135,20.201213533],[-98.947727279,20.20120343],[-98.947758889,20.201207291],[-98.947759157,20.201207323],[-98.947830993,20.201216127],[-98.947904619,20.20122515],[-98.948051979,20.201176021],[-98.948094199,20.201043341],[-98.94805675,20.200928341],[-98.947972727,20.200774289],[-98.94789751,20.20063638],[-98.947869429,20.200503711],[-98.947920489,20.200245381],[-98.947881726,20.200191881],[-98.947859599,20.20016134],[-98.947667092,20.200122855],[-98.947615909,20.200112621],[-98.94747535,20.200019691],[-98.94745879,20.199971551],[-98.94741449,20.199842751],[-98.947405833,20.19981471],[-98.94738172,20.199736601],[-98.947386324,20.199580644],[-98.947399709,20.199127201],[-98.947436219,20.198940869],[-98.94759975,20.198106281],[-98.947610279,20.197982621],[-98.947536919,20.197903451],[-98.947238169,20.197863781],[-98.946989999,20.19776442],[-98.946970191,20.197722006],[-98.946911449,20.197596221],[-98.94692855,20.197316781],[-98.946947429,20.197257108],[-98.947017749,20.197034861],[-98.94716985,20.19678263],[-98.94711226,20.196555091],[-98.946896799,20.1960736],[-98.94682871,20.195940031],[-98.946662159,20.19584985],[-98.946653629,20.195845231],[-98.946365399,20.195726421],[-98.946166258,20.195622483],[-98.946035287,20.195449323],[-98.945844279,20.19486412],[-98.945587539,20.19461672],[-98.945550842,20.19459821],[-98.945126379,20.19438409],[-98.944932509,20.194255431],[-98.944700179,20.19413042],[-98.944526521,20.193944239],[-98.944506339,20.1939226],[-98.944362629,20.193885031],[-98.944348807,20.193881421],[-98.944260019,20.193858221],[-98.943990047,20.193791032],[-98.943530418,20.19343094],[-98.9432666,20.193289087],[-98.943115309,20.19320774],[-98.942587883,20.192882949],[-98.94257043,20.192872201],[-98.941469779,20.191621523],[-98.941114138,20.191546],[-98.941117089,20.191401551],[-98.941172154,20.19132444],[-98.941227218,20.191247333],[-98.941580829,20.190752156],[-98.941723889,20.19055182],[-98.94185345,20.19033957],[-98.94186488,20.190300192],[-98.941930694,20.190073453],[-98.942006229,20.189813221],[-98.94203557,20.189550214],[-98.942123349,20.18876334],[-98.94225797,20.188627881],[-98.942388229,20.188215141],[-98.942675036,20.187168504],[-98.942676629,20.187162691],[-98.942740532,20.187021593],[-98.943110637,20.186204384],[-98.94312332,20.18617638],[-98.943152582,20.186159901],[-98.943253479,20.186103081],[-98.943323266,20.18605701],[-98.943325778,20.186055351],[-98.943349286,20.186025334],[-98.943590769,20.185716981],[-98.943797599,20.185475851],[-98.943815672,20.185446495],[-98.94383015,20.18542298],[-98.943836957,20.185355738],[-98.943841029,20.185315521],[-98.943839245,20.185238246],[-98.943838423,20.185202617],[-98.943836553,20.185121557],[-98.943835859,20.185091461],[-98.943877449,20.185018141],[-98.943959432,20.184940695],[-98.94443983,20.18448688],[-98.94462075,20.18440923],[-98.944956,20.184317091],[-98.94534015,20.184232171],[-98.946189248,20.184174171],[-98.946669939,20.18415012],[-98.946885719,20.18417928],[-98.947177109,20.18430352],[-98.947715327,20.184679919],[-98.94823668,20.184678776],[-98.94865785,20.18467785],[-98.948661759,20.184679316],[-98.948734705,20.184706656],[-98.948787549,20.184726461],[-98.949024793,20.184772306],[-98.949241001,20.184814086],[-98.94925252,20.184816311],[-98.949170399,20.184726632],[-98.948888879,20.1844192],[-98.94838337,20.18392132],[-98.948378266,20.183914492],[-98.94777974,20.183113621],[-98.947567072,20.182935568],[-98.947291457,20.182704813],[-98.947259229,20.182677831],[-98.946821139,20.182326151],[-98.946667799,20.182243381],[-98.946693399,20.182143451],[-98.953956564,20.181864765],[-98.95429942,20.1818516],[-98.96143269,20.18398472],[-98.96335794,20.18577109],[-98.963826919,20.18597486],[-98.964318909,20.186028171],[-98.964992949,20.186164461],[-98.9653568,20.18631932],[-98.96584686,20.186445951],[-98.966082434,20.186553661],[-98.96633371,20.186668551],[-98.9670902,20.18686768],[-98.967448939,20.18701285],[-98.96764366,20.187158],[-98.96785449,20.18717508],[-98.968493149,20.187774911],[-98.968435369,20.188016551],[-98.969313679,20.188454831],[-98.970021709,20.187465651],[-98.970555649,20.187244461],[-98.970570769,20.187348911],[-98.971863459,20.187192801],[-98.972186049,20.187157601],[-98.972296139,20.187179741],[-98.972805709,20.187197571],[-98.973778539,20.187222141],[-98.974074779,20.18621265],[-98.974608919,20.186129831],[-98.974952479,20.186062291],[-98.976166049,20.185664111],[-98.978313309,20.184983061],[-98.979019219,20.184764381],[-98.979094519,20.185968021],[-98.980572449,20.185120381],[-98.980857419,20.185502971],[-98.981056779,20.185801661],[-98.981291349,20.186056121],[-98.981514179,20.186343751],[-98.981701849,20.186487581],[-98.982323489,20.186974381],[-98.982710549,20.18719566],[-98.983144549,20.187361631],[-98.983555089,20.18749442],[-98.983801429,20.187527631],[-98.984235449,20.187472351],[-98.984912769,20.187638521],[-98.985088709,20.187749151],[-98.985292509,20.187741781],[-98.985710419,20.187727081],[-98.985921549,20.187671781],[-98.986120979,20.187561181],[-98.986355579,20.187450581],[-98.987456689,20.187147261],[-98.987662399,20.187134341],[-98.988032679,20.187224911],[-98.988375539,20.187393061],[-98.988622379,20.187541821],[-98.988924089,20.187742291],[-98.989342019,20.187994781],[-98.989869999,20.188279351],[-98.990903229,20.188880691],[-98.99028972,20.18969618],[-98.98990686,20.189931711],[-98.98897211,20.190432571],[-98.988487859,20.19058691],[-98.987548339,20.19083911],[-98.98615271,20.19092711],[-98.98543109,20.19129008],[-98.985043509,20.19150723],[-98.98499332,20.19226631],[-98.98394985,20.192450851],[-98.983550339,20.192506861],[-98.983202819,20.19255002],[-98.982865369,20.19266929],[-98.982498979,20.19284325],[-98.98220568,20.192933111],[-98.98197102,20.19300915],[-98.981572939,20.193107431],[-98.98137255,20.19342558],[-98.980660649,20.19362822],[-98.980629049,20.19367975],[-98.98055571,20.193797291],[-98.98048969,20.193894091],[-98.98030651,20.194071941],[-98.980087749,20.1941464],[-98.97996622,20.19417505],[-98.97989329,20.1942438],[-98.979856819,20.194295371],[-98.97983249,20.19436412],[-98.97982034,20.19445008],[-98.97979323,20.194510601],[-98.979496339,20.1946626],[-98.978686679,20.19559],[-98.97845711,20.19594905],[-98.97891854,20.1964488],[-98.97893222,20.19647151],[-98.97848975,20.19693148],[-98.979036249,20.19768694],[-98.979108679,20.198050861],[-98.979126599,20.198107431],[-98.979118259,20.198933121],[-98.97935822,20.198896781],[-98.979415659,20.19969991],[-98.97956155,20.20133828],[-98.979628019,20.202139351],[-98.97966846,20.20257571],[-98.979705279,20.202977431],[-98.979742567,20.203327445],[-98.979745569,20.203355628],[-98.979749469,20.203392234],[-98.97975442,20.203438704],[-98.979981679,20.205571911],[-98.980322489,20.208759521],[-98.980565139,20.21109629],[-98.980545429,20.21123488],[-98.980591749,20.21168806],[-98.980632199,20.212191001],[-98.980784689,20.21339403],[-98.980870799,20.21463382],[-98.98092597,20.215140511],[-98.98097589,20.215657311],[-98.98103646,20.21595943],[-98.981197958,20.217454254],[-98.98120612,20.217529801],[-98.98118596,20.217527591],[-98.981147159,20.217523336],[-98.980043709,20.21740235],[-98.980041953,20.217413705],[-98.980017579,20.217571311],[-98.98004918,20.217889141],[-98.980108179,20.218333461],[-98.980164184,20.219314258],[-98.980194429,20.21984391],[-98.9803572,20.221618661],[-98.980357659,20.222084491],[-98.98038375,20.22245509],[-98.98040998,20.222780181],[-98.9804462,20.223175491],[-98.98058775,20.224235181],[-98.981042519,20.2241056],[-98.98111245,20.225051261],[-98.981106139,20.225074951],[-98.981185369,20.225962741],[-98.981214479,20.225954771],[-98.98205842,20.22575391],[-98.982090889,20.225739371],[-98.982928379,20.22551958],[-98.982912219,20.22592023],[-98.982992111,20.225932738],[-98.983029737,20.225938631],[-98.983070049,20.225944943],[-98.98343908,20.226002741],[-98.98438358,20.226175921],[-98.98515497,20.226297741],[-98.985347179,20.22632897],[-98.985344124,20.226358035],[-98.98534118,20.226386048],[-98.985339424,20.226402758],[-98.98499957,20.229637511],[-98.984782381,20.231754285],[-98.984540659,20.23411009],[-98.98440498,20.23559075],[-98.984359243,20.236089961],[-98.984351199,20.23617777],[-98.98420414,20.23793882],[-98.984159911,20.23820583],[-98.98403062,20.238986421],[-98.9839326,20.239442311],[-98.983830347,20.239961153],[-98.983649552,20.240878525],[-98.98363175,20.24096886],[-98.983690309,20.241716181],[-98.983756249,20.24264942],[-98.983776539,20.2428844],[-98.983841481,20.242994307],[-98.983886791,20.243070985],[-98.984988539,20.244935461],[-98.984984142,20.244939092],[-98.983956419,20.24578798],[-98.983985728,20.245862518],[-98.98413815,20.246250141],[-98.98435143,20.24678217],[-98.98458543,20.246736771],[-98.984633579,20.24697034],[-98.984705349,20.24722802],[-98.9847372,20.247357892],[-98.984783,20.247576432],[-98.984833979,20.24778371],[-98.984850151,20.247965421],[-98.984846719,20.248108081],[-98.984834738,20.248302751],[-98.984823229,20.248419492],[-98.984819659,20.248464923],[-98.984826859,20.24867998],[-98.984826829,20.248881111],[-98.984822817,20.24894551],[-98.984819938,20.248991401],[-98.9848001,20.249140846],[-98.984792379,20.249199],[-98.984782875,20.249386909],[-98.984782538,20.249393554],[-98.984780528,20.249433309],[-98.984778969,20.24946412],[-98.984778519,20.249473021],[-98.984777196,20.249499278],[-98.984786997,20.249550241],[-98.98479705,20.24960252],[-98.985039289,20.249505081],[-98.985135179,20.249465483],[-98.985170378,20.249450949],[-98.985451979,20.24933466],[-98.98574669,20.24921683],[-98.985924459,20.249145751],[-98.985953692,20.249201631],[-98.985957919,20.249209712],[-98.986824339,20.249835523],[-98.986856288,20.2500656],[-98.98690755,20.250580343],[-98.986978229,20.25122112],[-98.987007249,20.251484221],[-98.98700895,20.251498151],[-98.987060418,20.25192068],[-98.987120599,20.25238337],[-98.98720835,20.253071891],[-98.98719631,20.253418541],[-98.98720323,20.25354997],[-98.98725754,20.25360192],[-98.987454,20.253619461],[-98.987541619,20.253636981],[-98.987573749,20.25373612],[-98.98753586,20.253909861],[-98.98746011,20.254185881],[-98.98746718,20.254285401],[-98.988169369,20.25427849],[-98.989025049,20.25427282],[-98.989406079,20.254321801],[-98.989077769,20.25572932],[-98.9888816,20.25666788],[-98.98864946,20.256691461],[-98.988575572,20.257157502],[-98.988496679,20.25765511],[-98.98813632,20.258119],[-98.987824259,20.258214021],[-98.987681709,20.258254091],[-98.98766045,20.258327171],[-98.987649749,20.258441431],[-98.987735459,20.258628571],[-98.987866649,20.25890995],[-98.987935319,20.259137831],[-98.98798366,20.259286541],[-98.988105769,20.25947845],[-98.98824849,20.259688201],[-98.988323249,20.25995069],[-98.988457749,20.260001121],[-98.98870171,20.26007526],[-98.98875209,20.260246322],[-98.98877874,20.260368511],[-98.988810549,20.260514322],[-98.9889392,20.260718021],[-98.989060399,20.260890481],[-98.989139879,20.26101008],[-98.989253679,20.26115243],[-98.98931437,20.26122332],[-98.98933509,20.26126128],[-98.98944831,20.261468581],[-98.98956422,20.261675001],[-98.989648013,20.261807108],[-98.989699249,20.261887881],[-98.989792419,20.262061151],[-98.98983149,20.262049352],[-98.98983958,20.26205966],[-98.989867708,20.262064222],[-98.989906289,20.262070481],[-98.990010211,20.262160674],[-98.990226599,20.262348481],[-98.990408,20.26257],[-98.990674123,20.26291688],[-98.990734279,20.262995291],[-98.99074097,20.263004111],[-98.99086949,20.263173462],[-98.991034508,20.263501881],[-98.991049507,20.263532389],[-98.99105371,20.263540941],[-98.991208678,20.263856201],[-98.99131278,20.264149881],[-98.991539247,20.264659062],[-98.99169123,20.26495588],[-98.991712705,20.265013725],[-98.99176723,20.265160582],[-98.991817599,20.265374691],[-98.991908339,20.266112462],[-98.991902678,20.266502341],[-98.99191835,20.266616571],[-98.991945647,20.26674268],[-98.99200023,20.26685334],[-98.99214075,20.26702868],[-98.99214135,20.267029431],[-98.99220735,20.267111782],[-98.992400919,20.26737288],[-98.992516349,20.267535322],[-98.99274898,20.267827741],[-98.992998599,20.26814045],[-98.992717519,20.26813725],[-98.992104569,20.268201062],[-98.9916474,20.268274461],[-98.991167889,20.26842706],[-98.99100678,20.26847354],[-98.990692109,20.26852486],[-98.990147479,20.268627511],[-98.989572599,20.26875297],[-98.98917925,20.26882709],[-98.988731449,20.268867001],[-98.988426539,20.2689116],[-98.988233579,20.268939831],[-98.99070474,20.271514951],[-98.991405196,20.27219892],[-98.991480509,20.27227246],[-98.99161294,20.272464326],[-98.991638139,20.272500835],[-98.99191491,20.27290182],[-98.991959105,20.272993806],[-98.992140885,20.27337216],[-98.992262489,20.273625261],[-98.992323429,20.27447726],[-98.99232343,20.274477321],[-98.992514289,20.275916431],[-98.99251429,20.275916491],[-98.992595461,20.276457395],[-98.99259568,20.276458851],[-98.99259569,20.276458891],[-98.992596888,20.276461846],[-98.992777858,20.276908288],[-98.992812509,20.276993771],[-98.993112245,20.277377286],[-98.99319335,20.27748106],[-98.993290178,20.277879315],[-98.993400169,20.27833171],[-98.993400179,20.278331751],[-98.993401999,20.278343945],[-98.993436707,20.278576553],[-98.99344455,20.278629121],[-98.99344457,20.278629181],[-98.993420506,20.278779546],[-98.9934004,20.27890518],[-98.99340038,20.27890523],[-98.993147109,20.27968328],[-98.991702539,20.283588321],[-98.99116948,20.2833446],[-98.987055109,20.281629021],[-98.983801459,20.280383128],[-98.98202371,20.279702351],[-98.981888432,20.279646634],[-98.98048902,20.279070251],[-98.980000082,20.279396033],[-98.979992629,20.279401],[-98.979992599,20.279401022],[-98.980055779,20.279490438],[-98.980105908,20.279561383],[-98.980266089,20.27978808],[-98.98036592,20.27993323],[-98.980417117,20.280007658],[-98.98061471,20.280294911],[-98.980652457,20.280349791],[-98.980652593,20.280349987],[-98.98110205,20.281003421],[-98.981290608,20.281277546],[-98.981303442,20.281296204],[-98.98176765,20.281971061],[-98.981767688,20.28197111],[-98.98174756,20.281974222],[-98.981724803,20.281977741],[-98.9812027,20.282058465],[-98.979905839,20.282258968],[-98.978308209,20.282505956],[-98.978295309,20.282507951],[-98.977920762,20.283767254],[-98.977920591,20.283767822],[-98.977646835,20.284688235],[-98.977627019,20.284754861],[-98.977633149,20.284795676],[-98.977762834,20.285659035],[-98.977878741,20.286430673],[-98.977893139,20.286526521],[-98.977893149,20.286526581],[-98.977941875,20.287210176],[-98.977943358,20.287230982],[-98.977945082,20.287255179],[-98.977972802,20.287644051],[-98.977991241,20.287902739],[-98.977998799,20.288008781],[-98.977998819,20.288008851],[-98.977958561,20.288490096],[-98.977914699,20.289014417],[-98.97791457,20.289015951],[-98.97791455,20.289016],[-98.977856039,20.288996079],[-98.977836312,20.288989362],[-98.977816918,20.288982759],[-98.976520619,20.288541401],[-98.976491805,20.288531594],[-98.976416169,20.28850585],[-98.976415849,20.288509],[-98.976306429,20.289585831],[-98.976306429,20.289585891],[-98.976202616,20.290607525],[-98.976194505,20.290687348],[-98.976183924,20.290791481],[-98.97618372,20.29079349],[-98.97618372,20.29079355],[-98.977319059,20.29165168],[-98.977436129,20.291736578],[-98.9811016,20.29439466],[-98.981887819,20.295027251],[-98.984493399,20.29700842],[-98.986652479,20.298537341],[-98.988411824,20.299869638],[-98.988694557,20.300083739],[-98.98874435,20.300121445],[-98.988776986,20.300146159],[-98.988794569,20.300159473],[-98.988794659,20.300159541],[-98.988794684,20.30015956],[-98.988794372,20.300159702],[-98.98864491,20.30022772],[-98.988294285,20.300376693],[-98.988019879,20.30049328],[-98.9879718,20.30051348],[-98.987908,20.300537],[-98.98786085,20.300559321],[-98.987797592,20.300579294],[-98.987758606,20.300591604],[-98.987594485,20.300643425],[-98.985192891,20.301401699],[-98.985161369,20.301411651],[-98.983450401,20.302101002],[-98.981202909,20.30300648],[-98.98107842,20.303056631],[-98.977885538,20.30421469],[-98.974951149,20.305278912],[-98.972058815,20.306327816],[-98.969897748,20.30711148],[-98.969286246,20.307333214],[-98.96645634,20.308359343],[-98.966424783,20.308370786],[-98.965965569,20.308537291],[-98.96408288,20.30921994],[-98.963969313,20.309261118],[-98.96395599,20.309265948],[-98.963936826,20.309272896],[-98.958067866,20.311400734],[-98.958038356,20.311411433],[-98.958007567,20.311422595],[-98.954776248,20.31259401],[-98.954746728,20.312604711],[-98.954702242,20.312620836],[-98.950643309,20.314092151],[-98.9506224,20.31409974],[-98.950649139,20.31425409],[-98.950649139,20.31425415],[-98.950649449,20.314255936],[-98.950657374,20.314301667],[-98.9506632,20.31433528],[-98.9506632,20.31433534],[-98.950706578,20.314585786],[-98.951033996,20.316476137],[-98.951141692,20.317097908],[-98.951280985,20.317902097],[-98.951526719,20.31932078],[-98.951526739,20.319320851],[-98.95154152,20.319401891],[-98.951541539,20.319401951],[-98.951566906,20.319516162],[-98.951572348,20.319540666],[-98.951576613,20.319559864],[-98.951915234,20.321084461],[-98.951931312,20.321156846],[-98.951937169,20.32118322],[-98.951943868,20.321213382],[-98.952139419,20.32209378],[-98.952253849,20.322580521],[-98.952459429,20.32308209],[-98.95286057,20.32452823],[-98.95286192,20.324530091],[-98.95299615,20.3247152],[-98.95314942,20.325634711],[-98.953149419,20.325634771],[-98.953241689,20.32622522],[-98.953241709,20.326225281],[-98.953607169,20.32876669],[-98.95360717,20.32876675],[-98.953901511,20.330583595],[-98.954000569,20.33119503],[-98.95400058,20.33119509],[-98.954006219,20.331218291],[-98.954257056,20.332250275],[-98.95437357,20.33272962],[-98.955538324,20.337521328],[-98.955538354,20.337521442],[-98.95553838,20.33752155],[-98.95558912,20.337730281],[-98.95630709,20.340683741],[-98.956530029,20.341689121],[-98.95691595,20.343429491],[-98.95696209,20.343637581],[-98.95696211,20.343637651],[-98.957035089,20.344168],[-98.957035089,20.34416803],[-98.957035089,20.34416806],[-98.957186204,20.345266144],[-98.95724022,20.345658651],[-98.95731046,20.346169051],[-98.957310459,20.34616908],[-98.957310459,20.346169111],[-98.957331459,20.34632169],[-98.957331459,20.34632175],[-98.95744514,20.34721932],[-98.957445139,20.34721938],[-98.957530399,20.347661481],[-98.957530419,20.347661521],[-98.9581416,20.35036989],[-98.95822251,20.3507458],[-98.95842666,20.351634381],[-98.95859452,20.35217312],[-98.958690429,20.35243569],[-98.958690449,20.35243575],[-98.959242733,20.354422944],[-98.959360539,20.354846821],[-98.95948806,20.35544662],[-98.959488059,20.35544668],[-98.959590397,20.356205922],[-98.959616419,20.356398981],[-98.959616428,20.35639905],[-98.959693606,20.356971691],[-98.959702062,20.357034433],[-98.95970458,20.357053113],[-98.959704599,20.357053152],[-98.95970814,20.35707948],[-98.95970815,20.357079541],[-98.959322678,20.356964695],[-98.959322541,20.356964654],[-98.958819846,20.356814883],[-98.95879224,20.356806658],[-98.958745684,20.356792787],[-98.958148771,20.356614941],[-98.95799431,20.35656892],[-98.957801532,20.356547857],[-98.957761025,20.356543431],[-98.957760994,20.356543428],[-98.957547929,20.356520149],[-98.957113241,20.356472654],[-98.956698089,20.356427291],[-98.955272461,20.356227534],[-98.955222677,20.356220558],[-98.955189794,20.35621595],[-98.955097229,20.35620298],[-98.955046102,20.356173058],[-98.95497829,20.35613337],[-98.954320919,20.35574863],[-98.95410561,20.355622621],[-98.953986373,20.355552839],[-98.953986349,20.355552825],[-98.95389638,20.355500171],[-98.952984579,20.354957911],[-98.952974747,20.354948743],[-98.95297472,20.354948718],[-98.952675873,20.354670023],[-98.952213319,20.35423866],[-98.951760978,20.3538176],[-98.951760884,20.353817513],[-98.951374409,20.353457762],[-98.951347572,20.353432781],[-98.95112957,20.353229851],[-98.951083549,20.35318703],[-98.951009931,20.35313537],[-98.95097231,20.35310897],[-98.950602186,20.352849267],[-98.950289248,20.352629687],[-98.950246539,20.35259972],[-98.950234497,20.352592646],[-98.950122183,20.352526677],[-98.949071029,20.35190926],[-98.948869482,20.351808178],[-98.948416314,20.351580898],[-98.94836438,20.351554851],[-98.947499229,20.351536326],[-98.94748126,20.351535941],[-98.947458563,20.351529124],[-98.947183537,20.35144652],[-98.946781712,20.351325829],[-98.946647257,20.351285444],[-98.946641519,20.351283721],[-98.94651743,20.35124645],[-98.946412919,20.351215061],[-98.94589284,20.350866186],[-98.945868581,20.350849912],[-98.945818794,20.350816514],[-98.945804633,20.350807015],[-98.945767148,20.350781869],[-98.945733683,20.350759421],[-98.94552406,20.350618801],[-98.945179998,20.350400935],[-98.94485848,20.35019734],[-98.944780535,20.350186851],[-98.94447505,20.350145692],[-98.944474985,20.350145683],[-98.944251619,20.350115593],[-98.944134158,20.35009977],[-98.944117829,20.35009757],[-98.944107092,20.350092474],[-98.94355462,20.34983025],[-98.94351091,20.34980949],[-98.94351089,20.349809431],[-98.943508713,20.349798466],[-98.94349754,20.349742191],[-98.943465429,20.34958045],[-98.943465419,20.34958038],[-98.943418101,20.349188368],[-98.943413604,20.349151117],[-98.943409419,20.349116443],[-98.943403799,20.34906988],[-98.9434038,20.349069831],[-98.943407914,20.348939273],[-98.943418975,20.348588292],[-98.943434265,20.348103128],[-98.943440361,20.347909677],[-98.94344481,20.347768494],[-98.94344503,20.34776152],[-98.943445029,20.34776146],[-98.943445667,20.347741145],[-98.943447999,20.347666911],[-98.943364642,20.347388595],[-98.943341049,20.34730982],[-98.943338579,20.347301572],[-98.943095569,20.346490163],[-98.94307437,20.346419381],[-98.943074369,20.346419321],[-98.943054214,20.345853894],[-98.943044579,20.34558358],[-98.94304458,20.34558352],[-98.9431016,20.344302461],[-98.9431016,20.344302401],[-98.943095025,20.344213903],[-98.94309273,20.344183005],[-98.943089433,20.344138644],[-98.943016214,20.343153086],[-98.942870049,20.3411856],[-98.942870049,20.34118557],[-98.94287005,20.34118554],[-98.942808141,20.340352219],[-98.942770719,20.339848491],[-98.94277072,20.339848431],[-98.94280158,20.338870337],[-98.942812736,20.338516721],[-98.942831509,20.33792172],[-98.94283151,20.33792166],[-98.94282703,20.337462891],[-98.94282703,20.33746286],[-98.942827029,20.337462831],[-98.942827028,20.337462766],[-98.942825256,20.33728105],[-98.942825249,20.337280981],[-98.942825248,20.337280923],[-98.942805849,20.335295621],[-98.942805859,20.33529555],[-98.942851848,20.333486625],[-98.942860629,20.33314124],[-98.94287486,20.332581431],[-98.94287486,20.33258138],[-98.942873968,20.332569552],[-98.942846659,20.332207021],[-98.942846659,20.33220695],[-98.942820695,20.33186224],[-98.942798399,20.331566231],[-98.942798379,20.331566171],[-98.942788249,20.331499731],[-98.942779879,20.331444832],[-98.942779869,20.3314448],[-98.942779859,20.331444771],[-98.942774742,20.331411238],[-98.942608119,20.33031926],[-98.942608119,20.3303192],[-98.94262149,20.329761601],[-98.942621489,20.32976154],[-98.94265351,20.32895185],[-98.94265352,20.328951781],[-98.942711849,20.32782988],[-98.942482093,20.327485667],[-98.94206285,20.326857571],[-98.940415459,20.327481571],[-98.939958079,20.32764185],[-98.939958079,20.327641801],[-98.93997846,20.32706669],[-98.93948368,20.32710445],[-98.939438949,20.327090151],[-98.93702229,20.327217541],[-98.936989819,20.32723474],[-98.936530599,20.327246921],[-98.93641598,20.327263151],[-98.936110509,20.32767412],[-98.935416799,20.32876263],[-98.93489777,20.32997428],[-98.93498718,20.33123735],[-98.93498718,20.331237421],[-98.93500878,20.33141028],[-98.9350088,20.331410341],[-98.93496517,20.331444171],[-98.93458942,20.33188728],[-98.93426034,20.332351741],[-98.93383603,20.33266742],[-98.93330931,20.33310326],[-98.93325758,20.33314752],[-98.932526769,20.33366982],[-98.9319876,20.33398511],[-98.931924219,20.33404023],[-98.931264369,20.334595631],[-98.930619779,20.33502046],[-98.92984131,20.33596711],[-98.929781449,20.336416781],[-98.929781449,20.33641685],[-98.929775689,20.336906461],[-98.92977569,20.336906521],[-98.929607419,20.33723552],[-98.9295232,20.33750983],[-98.929329779,20.337691921],[-98.92855642,20.3378738],[-98.92642975,20.33817655],[-98.924970539,20.338428911],[-98.92385202,20.338418351],[-98.9226278,20.33811418],[-98.922593709,20.33804862],[-98.92232149,20.338045081],[-98.921709979,20.338071121],[-98.921367119,20.338123091],[-98.920924119,20.33778238],[-98.92052355,20.33740231],[-98.919545019,20.3370476],[-98.919347429,20.336597481],[-98.918458619,20.33634055],[-98.917103629,20.336497351],[-98.91625483,20.335567571],[-98.914213119,20.336045121],[-98.912700709,20.337376031],[-98.910968659,20.33704212],[-98.907186089,20.33739485],[-98.907512849,20.33805392],[-98.90717694,20.338292121],[-98.906638369,20.33979985],[-98.90621625,20.34100443],[-98.905829519,20.34191134],[-98.906524199,20.34337385],[-98.906655749,20.34427672],[-98.906280459,20.34494345],[-98.90620412,20.34633417],[-98.906094149,20.346810711],[-98.905818139,20.347859881],[-98.90565032,20.34869891],[-98.90661474,20.350252421],[-98.90648828,20.35117917],[-98.906719019,20.35139878],[-98.906939319,20.35163878],[-98.907076689,20.35182794],[-98.90796025,20.35251471],[-98.908113769,20.352665431],[-98.9084312,20.3536768],[-98.909067089,20.355057001],[-98.90932129,20.35589705],[-98.909638879,20.357217091],[-98.910216139,20.35830691],[-98.910763779,20.360030381],[-98.91100737,20.360490021],[-98.911860079,20.36181155],[-98.91283494,20.362731081],[-98.913287179,20.36311025],[-98.91386145,20.36313877],[-98.91449392,20.36315125],[-98.915074849,20.36302991],[-98.915526549,20.36315175],[-98.91612026,20.363273661],[-98.916546219,20.363286031],[-98.916920569,20.36323755],[-98.91752729,20.363164881],[-98.91804366,20.363067821],[-98.91839223,20.362970681],[-98.919218419,20.36280078],[-98.91955405,20.36277662],[-98.919718939,20.36284843],[-98.919562979,20.36292386],[-98.919306709,20.3629588],[-98.919093379,20.36297678],[-98.918955629,20.36300075],[-98.918845649,20.36305203],[-98.91879191,20.36312677],[-98.918774969,20.36324683],[-98.91878642,20.363367481],[-98.91886005,20.36345817],[-98.918939739,20.363491],[-98.919072049,20.36349814],[-98.91922729,20.36353695],[-98.91936291,20.3636066],[-98.91945535,20.36370214],[-98.91950535,20.363792341],[-98.919568709,20.36391849],[-98.91960442,20.364012881],[-98.919616769,20.364093401],[-98.919610629,20.36415571],[-98.91958154,20.36418634],[-98.919524579,20.364194111],[-98.919478219,20.36415303],[-98.919409199,20.36406689],[-98.919312029,20.363971281],[-98.919218859,20.363906951],[-98.91913435,20.36387848],[-98.919002339,20.36385797],[-98.918935719,20.36387445],[-98.918901619,20.36391835],[-98.918900599,20.363962941],[-98.91893742,20.36400828],[-98.91899365,20.36403172],[-98.919077969,20.364069111],[-98.91912002,20.36409226],[-98.919188919,20.36418285],[-98.919224919,20.364263851],[-98.919283659,20.36438545],[-98.919296429,20.364448151],[-98.919299829,20.3645062],[-98.919270649,20.36454128],[-98.919209079,20.364544491],[-98.91918572,20.36453065],[-98.91912588,20.36445808],[-98.91906562,20.36440334],[-98.91902849,20.364371371],[-98.918986029,20.364366051],[-98.918933709,20.36437835],[-98.91891398,20.36441365],[-98.918908539,20.364444751],[-98.91893097,20.364498721],[-98.918981459,20.36456665],[-98.919003779,20.364625061],[-98.919025909,20.36469242],[-98.919029219,20.364754921],[-98.919027599,20.364826231],[-98.91898412,20.36486549],[-98.91891782,20.364868621],[-98.91884265,20.36484478],[-98.91876297,20.364811951],[-98.91867794,20.36480577],[-98.918592719,20.36480851],[-98.91853998,20.36483866],[-98.918476879,20.36490874],[-98.91847043,20.364984421],[-98.91852638,20.365198881],[-98.91856786,20.36539677],[-98.9185866,20.365491741],[-98.918571999,20.36558208],[-98.91854203,20.365613],[-98.918478979,20.365627491],[-98.91836642,20.36561338],[-98.91824194,20.365571451],[-98.918146,20.36556163],[-98.91808305,20.365572171],[-98.91804906,20.36559512],[-98.918031,20.365653881],[-98.918033029,20.365748511],[-98.91805888,20.365898801],[-98.918069819,20.366178651],[-98.918057179,20.3662994],[-98.91803309,20.36634546],[-98.91800277,20.366375881],[-98.91795957,20.36639362],[-98.91792337,20.36639289],[-98.917891029,20.366367421],[-98.917843089,20.366304371],[-98.917778279,20.366259621],[-98.91771009,20.366217891],[-98.91763477,20.366200861],[-98.91757211,20.36620578],[-98.917531979,20.366232911],[-98.917504519,20.366282001],[-98.917506399,20.36634409],[-98.917517659,20.36642811],[-98.917516309,20.36648703],[-98.917462489,20.366580081],[-98.91736386,20.36672272],[-98.91732045,20.36680785],[-98.917277739,20.36686169],[-98.91722765,20.366876321],[-98.917182229,20.366867581],[-98.917145539,20.366839481],[-98.91708523,20.36675617],[-98.917012309,20.366680421],[-98.91691849,20.36661205],[-98.916745909,20.366542111],[-98.916515379,20.366467061],[-98.91625806,20.36629375],[-98.91608789,20.36611831],[-98.9159662,20.36599857],[-98.915798569,20.36589354],[-98.915617519,20.365831231],[-98.91534835,20.36581403],[-98.914853309,20.365857231],[-98.914563659,20.365932781],[-98.914340309,20.36598642],[-98.91406369,20.3660312],[-98.91379663,20.366098231],[-98.913711319,20.366174711],[-98.913462289,20.3664158],[-98.91339109,20.36655648],[-98.913355829,20.36675008],[-98.913698519,20.367163541],[-98.91396177,20.367632021],[-98.91487086,20.368894261],[-98.915527579,20.369802721],[-98.91649708,20.371158621],[-98.91812611,20.373413911],[-98.917491749,20.37426869],[-98.915271949,20.37753668],[-98.91338997,20.38078048],[-98.91294642,20.381440631],[-98.91192728,20.38186008],[-98.910837429,20.382037691],[-98.909672979,20.38141982],[-98.90857918,20.38109912],[-98.90741434,20.38124483],[-98.90652675,20.381505621],[-98.90570883,20.381418021],[-98.905110539,20.380879831],[-98.904484939,20.38026371],[-98.90426495,20.38009966],[-98.90400708,20.38019566],[-98.903647169,20.38025618],[-98.9034232,20.380760541],[-98.904286539,20.382028921],[-98.905081489,20.38360266],[-98.90543509,20.38471945],[-98.906242599,20.38555865],[-98.9064474,20.38594669],[-98.90652825,20.386508031],[-98.90655494,20.38714586],[-98.90655423,20.38831946],[-98.906364449,20.388880651],[-98.90631002,20.389365371],[-98.905903739,20.389900911],[-98.905091249,20.390844461],[-98.904318709,20.39152906],[-98.90375826,20.391823771],[-98.90434608,20.392855221],[-98.90463885,20.393447521],[-98.905115029,20.394582631],[-98.905114749,20.3950138],[-98.904983089,20.395810171],[-98.904913739,20.396264201],[-98.90479058,20.397165491],[-98.904749599,20.397427521],[-98.9043634,20.398547571],[-98.90393032,20.39955889],[-98.903737659,20.400298581],[-98.90325628,20.40168734],[-98.903095749,20.40224588],[-98.90309529,20.40298566],[-98.90344097,20.403896681],[-98.90413895,20.404789381],[-98.904531939,20.40523689],[-98.905300259,20.40612285],[-98.90618028,20.407573631],[-98.906878769,20.408638451],[-98.90654157,20.40864992],[-98.906246139,20.408719321],[-98.905815149,20.409043721],[-98.905728779,20.409403081],[-98.905790139,20.409716141],[-98.90544534,20.40999418],[-98.90464511,20.410318371],[-98.90399268,20.410480321],[-98.903589679,20.410649031],[-98.90354731,20.410914],[-98.90336414,20.411404151],[-98.90327946,20.411841351],[-98.903321539,20.412040141],[-98.90398049,20.412189581],[-98.904380649,20.412378321],[-98.90470922,20.412769],[-98.90506649,20.41295771],[-98.90549525,20.413159921],[-98.90598122,20.413281371],[-98.90645297,20.41329509],[-98.90671029,20.41330869],[-98.906838799,20.41355114],[-98.90709609,20.4136186],[-98.907353489,20.41348409],[-98.90768232,20.413443881],[-98.90811886,20.413503091],[-98.908511089,20.413558031],[-98.908975919,20.413681451],[-98.90916465,20.413914171],[-98.90926622,20.414146861],[-98.909497279,20.414663771],[-98.909692,20.41506308],[-98.909878319,20.41536658],[-98.910030779,20.415574261],[-98.910789059,20.416486951],[-98.910964,20.41675917],[-98.911086309,20.41719626],[-98.91126985,20.4177406],[-98.911754419,20.41891114],[-98.91189448,20.41895832],[-98.91216452,20.41914695],[-98.912334459,20.419420341],[-98.912404369,20.419646571],[-98.912404279,20.419825621],[-98.912374139,20.420032941],[-98.912324059,20.420127151],[-98.912333939,20.420343921],[-98.912420289,20.42063409],[-98.91240872,20.420860281],[-98.912282769,20.42115103],[-98.91224825,20.42152798],[-98.912202369,20.42177569],[-98.912259379,20.422066541],[-98.9123622,20.42226048],[-98.912622849,20.42283526],[-98.912847109,20.42310234],[-98.91287052,20.42345831],[-98.912929279,20.423981171],[-98.913119819,20.42489328],[-98.913096919,20.42523555],[-98.912987649,20.426559801],[-98.912500629,20.42745188],[-98.912228339,20.42790806],[-98.91168506,20.4287956],[-98.90988958,20.431055971],[-98.90919086,20.431956951],[-98.90883814,20.432404061],[-98.90805178,20.43316494],[-98.906259029,20.43468295],[-98.905410619,20.435358251],[-98.90462752,20.435910711],[-98.90458432,20.435938651],[-98.90431632,20.43585305]]]]},"properties":{"municipality":"Actopan","official_key":"13003","CVE_ENT":"13","CVE_MUN":"003","geometry_kind":"municipality","source":"INEGI Gaia — Servicio vectorial del Marco Geoestadístico"}},"features":[{"type":"Feature","geometry":{"type":"MultiPolygon","crs":{"type":"name","properties":{"name":"EPSG:6365"}},"coordinates":[[[[-98.950127928,20.290411891],[-98.950125279,20.290405181],[-98.949842489,20.29046054],[-98.94952815,20.290522091],[-98.9491559,20.290594951],[-98.948691769,20.290685821],[-98.947577139,20.2908498],[-98.946473969,20.291008691],[-98.94576318,20.291097081],[-98.945756758,20.291097879],[-98.945748619,20.291098891],[-98.945681379,20.290612231],[-98.945585678,20.29003845],[-98.945402139,20.288856061],[-98.945380368,20.288715781],[-98.94521986,20.287681806],[-98.945218599,20.287673681],[-98.944492708,20.28792251],[-98.94392166,20.28812797],[-98.942807951,20.288513692],[-98.942484339,20.288636685],[-98.942474878,20.288640281],[-98.942502459,20.288056922],[-98.942610628,20.286847518],[-98.942611818,20.286834219],[-98.942675338,20.286569493],[-98.94275801,20.286206991],[-98.94275929,20.286201383],[-98.941954199,20.286212861],[-98.941013144,20.286201432],[-98.941003979,20.286201321],[-98.94101286,20.285842632],[-98.941026368,20.285524921],[-98.94104023,20.285199619],[-98.941050981,20.285058353],[-98.941071539,20.284773031],[-98.941100339,20.284373322],[-98.9411138,20.284239419],[-98.941151139,20.283673151],[-98.941178939,20.283251722],[-98.94121409,20.28263968],[-98.9412384,20.282216831],[-98.941246029,20.282083891],[-98.941330036,20.281111496],[-98.940894269,20.280683944],[-98.940818261,20.280609368],[-98.940109516,20.279616689],[-98.939840651,20.279217758],[-98.93986146,20.279123853],[-98.939899347,20.278952883],[-98.939590333,20.278714301],[-98.938769109,20.278067147],[-98.938760986,20.278060745],[-98.937765128,20.279090758],[-98.93688499,20.279934958],[-98.936543247,20.280277972],[-98.935842086,20.281015096],[-98.934729151,20.282134615],[-98.934480248,20.282384988],[-98.933818459,20.283050676],[-98.933281312,20.283586858],[-98.932458049,20.284408631],[-98.93130288,20.285561685],[-98.930628607,20.286247369],[-98.929954325,20.286936569],[-98.929878867,20.287010918],[-98.928909204,20.288008907],[-98.928903357,20.288014924],[-98.928873259,20.287906457],[-98.928860558,20.287860687],[-98.927642143,20.28620904],[-98.927181391,20.285666983],[-98.927524841,20.285349168],[-98.926747394,20.28425572],[-98.926724981,20.284224195],[-98.927419713,20.283646229],[-98.926886957,20.282915538],[-98.926514702,20.282396868],[-98.92646317,20.282314235],[-98.926380607,20.282142185],[-98.926311028,20.281958398],[-98.926259569,20.281760579],[-98.926215193,20.281586902],[-98.926201485,20.281406645],[-98.926196812,20.281261957],[-98.926196515,20.281252774],[-98.926195512,20.281221745],[-98.92622168,20.280965503],[-98.926266712,20.280774436],[-98.926332353,20.280571787],[-98.926415398,20.280390663],[-98.926479523,20.280250801],[-98.926441825,20.280205598],[-98.925688041,20.27930173],[-98.925606555,20.279047589],[-98.925449968,20.278904153],[-98.925037709,20.278623279],[-98.925575199,20.278085479],[-98.925666416,20.277997662],[-98.925794399,20.277892691],[-98.9259708,20.277718462],[-98.92620332,20.277464201],[-98.926351216,20.27730248],[-98.926498919,20.277157461],[-98.926519138,20.277114571],[-98.926666691,20.276929201],[-98.926692929,20.276820739],[-98.926694152,20.276815684],[-98.926496309,20.276807839],[-98.926387702,20.276784842],[-98.92631822,20.276743455],[-98.926309259,20.276738118],[-98.926267354,20.276664439],[-98.926517307,20.276471606],[-98.926891726,20.276070753],[-98.927025293,20.275923163],[-98.92709744,20.275899689],[-98.927299811,20.275963431],[-98.927302742,20.275966971],[-98.927354661,20.27602969],[-98.927357023,20.276027096],[-98.927438117,20.275938017],[-98.927511738,20.275848552],[-98.9275984,20.275745232],[-98.928123715,20.275146746],[-98.927852384,20.273638114],[-98.927676814,20.272786676],[-98.927653272,20.272672506],[-98.927557734,20.272174335],[-98.927508464,20.271824182],[-98.927509938,20.27139768],[-98.927537077,20.271098262],[-98.92758,20.27092203],[-98.927629738,20.270722952],[-98.92793817,20.26973562],[-98.927959718,20.269537749],[-98.927975026,20.269311525],[-98.92796689,20.269042595],[-98.927935557,20.268540904],[-98.927913171,20.268147386],[-98.927903591,20.267978971],[-98.92787179,20.267783198],[-98.927852224,20.267569709],[-98.927842883,20.26726428],[-98.927849099,20.267080108],[-98.92787716,20.266919416],[-98.927928243,20.266730392],[-98.928025411,20.266482789],[-98.928093264,20.266314251],[-98.928134384,20.26624063],[-98.928273082,20.26605706],[-98.928402996,20.265885116],[-98.928823581,20.265428049],[-98.929262862,20.264920435],[-98.929321105,20.264864019],[-98.929412709,20.264771802],[-98.929528758,20.26467816],[-98.929696077,20.264566355],[-98.929918778,20.264434553],[-98.930112052,20.26434439],[-98.93030887,20.264277335],[-98.930497381,20.264217791],[-98.931315316,20.264032737],[-98.932185945,20.263856422],[-98.932445362,20.263809826],[-98.932684707,20.263751305],[-98.932889309,20.263699762],[-98.93304723,20.263643437],[-98.933293891,20.26353131],[-98.933487466,20.263427711],[-98.933658413,20.263335173],[-98.933914338,20.26317332],[-98.934215354,20.262906789],[-98.934433773,20.262694264],[-98.93455285,20.262556524],[-98.934558819,20.262565528],[-98.934641801,20.26269068],[-98.935107509,20.26341726],[-98.93511192,20.263415515],[-98.93544005,20.263285745],[-98.935639419,20.263195698],[-98.935802361,20.263097238],[-98.935916118,20.262924835],[-98.93595815,20.262685714],[-98.936006448,20.262529268],[-98.936113418,20.262297216],[-98.936291904,20.262051248],[-98.936526289,20.261762252],[-98.93667768,20.261634761],[-98.936804705,20.261595088],[-98.936932417,20.26161494],[-98.937093393,20.261693055],[-98.937298626,20.261793178],[-98.937400034,20.261806741],[-98.937494395,20.261772168],[-98.937579501,20.261697093],[-98.937621992,20.26161732],[-98.937673364,20.261414863],[-98.93772893,20.26120673],[-98.937802885,20.260995129],[-98.937942609,20.260663909],[-98.938043858,20.260504691],[-98.938239198,20.260305854],[-98.938297812,20.260244043],[-98.938379546,20.260143704],[-98.938455265,20.260028245],[-98.939016132,20.25886649],[-98.939071235,20.258811882],[-98.939686138,20.258404964],[-98.939775402,20.2583584],[-98.938410948,20.257054657],[-98.938456542,20.257010659],[-98.938534014,20.256946516],[-98.939711192,20.255971855],[-98.940127071,20.255693149],[-98.941535694,20.255485637],[-98.942148252,20.255420029],[-98.943267147,20.255257397],[-98.943269983,20.255263758],[-98.943486731,20.255749872],[-98.943593661,20.25616434],[-98.943590467,20.256327182],[-98.943589666,20.256368018],[-98.94365095,20.25647826],[-98.94365668,20.256477783],[-98.94380882,20.25646512],[-98.94396435,20.25643206],[-98.94410149,20.25637551],[-98.94421106,20.25632485],[-98.94429009,20.25628888],[-98.94433855,20.25622914],[-98.94460012,20.25593169],[-98.94498809,20.25546922],[-98.94526066,20.25514363],[-98.94536915,20.25506222],[-98.94549972,20.25503955],[-98.94605323,20.25497406],[-98.946073932,20.254905352],[-98.946080117,20.254920261],[-98.946201789,20.255213619],[-98.94629374,20.255302597],[-98.946343491,20.255350738],[-98.946348043,20.255351866],[-98.94648488,20.255385746],[-98.946610874,20.255416941],[-98.946613653,20.255420854],[-98.946757606,20.255623498],[-98.946769824,20.255918494],[-98.946807121,20.256101352],[-98.946212921,20.25619334],[-98.946239661,20.25654454],[-98.946248348,20.256545487],[-98.946700168,20.256594709],[-98.946700588,20.256599232],[-98.946726497,20.256878042],[-98.946752826,20.257100982],[-98.946754608,20.257100475],[-98.946760939,20.257098674],[-98.946848399,20.257073796],[-98.947142034,20.257175607],[-98.947142215,20.257177999],[-98.947196575,20.257893482],[-98.947297587,20.25908516],[-98.947216762,20.25914685],[-98.947132861,20.259210886],[-98.947350018,20.259464932],[-98.947607654,20.259766332],[-98.9479012,20.260121459],[-98.94873743,20.260689816],[-98.950111659,20.261675903],[-98.95014546,20.261700157],[-98.950145699,20.261699309],[-98.950193484,20.261530218],[-98.950194884,20.261525261],[-98.950913891,20.261578661],[-98.951015461,20.261473309],[-98.95239298,20.25992708],[-98.952401361,20.25993327],[-98.95252472,20.26002437],[-98.95246066,20.260359091],[-98.952453648,20.260418819],[-98.952490248,20.260726231],[-98.952525599,20.26146668],[-98.952542664,20.261808718],[-98.952610439,20.262299611],[-98.952656873,20.262552508],[-98.95274987,20.262770344],[-98.952981561,20.263265724],[-98.953185289,20.263534973],[-98.953973762,20.264600641],[-98.955051807,20.265907276],[-98.95528938,20.266254952],[-98.955293367,20.26625303],[-98.957472528,20.265202504],[-98.95857817,20.264660711],[-98.959763159,20.264084973],[-98.95976734,20.26409279],[-98.959804373,20.264162033],[-98.959846489,20.264257509],[-98.959933631,20.264362918],[-98.960007575,20.26442199],[-98.960101852,20.264481468],[-98.960102779,20.264481816],[-98.960204739,20.264520002],[-98.960281577,20.264540736],[-98.960407349,20.26455669],[-98.960604591,20.264560635],[-98.960861493,20.264535058],[-98.961204574,20.264476648],[-98.961368154,20.264439604],[-98.961956141,20.264255547],[-98.96247313,20.264062389],[-98.963040437,20.263893272],[-98.963202154,20.263848511],[-98.963318575,20.2638278],[-98.963426261,20.263833792],[-98.96359158,20.263900447],[-98.963722633,20.263952979],[-98.963860475,20.263974931],[-98.964171804,20.263971552],[-98.96459099,20.263966488],[-98.9649063,20.263967027],[-98.96517553,20.263935928],[-98.965440864,20.263897074],[-98.965768061,20.263821058],[-98.966132635,20.263711233],[-98.966702484,20.263519117],[-98.966977156,20.263426693],[-98.967259444,20.263357457],[-98.967512964,20.263301085],[-98.96766789,20.263286899],[-98.967844625,20.263298105],[-98.968178203,20.263391149],[-98.968604287,20.263532111],[-98.968612086,20.263537163],[-98.968848926,20.263690571],[-98.969036371,20.263859407],[-98.969239225,20.264066946],[-98.969504141,20.264410104],[-98.969875254,20.264916636],[-98.97010685,20.265203457],[-98.970613306,20.265753001],[-98.970673114,20.265806404],[-98.970417964,20.26616953],[-98.97024294,20.266274867],[-98.971059101,20.26716102],[-98.971065231,20.267163329],[-98.97113614,20.267190032],[-98.971144297,20.267195162],[-98.97122441,20.267245545],[-98.971501553,20.267679172],[-98.971797385,20.268095892],[-98.971869833,20.26822212],[-98.971904332,20.268316875],[-98.971947581,20.268475156],[-98.97195914,20.268584142],[-98.972119542,20.26903008],[-98.972001788,20.269036333],[-98.970209336,20.269055115],[-98.968998766,20.269082393],[-98.968466422,20.269087506],[-98.968639899,20.269703368],[-98.968879349,20.270869635],[-98.969089329,20.271803943],[-98.969311004,20.272942939],[-98.969236768,20.272918219],[-98.968953139,20.272864571],[-98.968393782,20.272745418],[-98.968127247,20.272712752],[-98.967718089,20.272680772],[-98.967316683,20.272630629],[-98.965970894,20.272483698],[-98.965051399,20.272446982],[-98.964308815,20.272443094],[-98.963747143,20.272522436],[-98.963120274,20.272661651],[-98.961632594,20.272909798],[-98.961473457,20.272932213],[-98.961224137,20.27299322],[-98.961130907,20.273022711],[-98.961066961,20.273056068],[-98.961040656,20.273091954],[-98.961072054,20.273415101],[-98.961130491,20.274111751],[-98.961139305,20.274114606],[-98.961195097,20.274132672],[-98.961194904,20.274135145],[-98.961037837,20.276152475],[-98.960927918,20.277479713],[-98.960764794,20.279648806],[-98.961676625,20.280202784],[-98.961581181,20.280302313],[-98.960900115,20.280531006],[-98.959028101,20.281082928],[-98.957250848,20.281615727],[-98.957723375,20.282221276],[-98.958075384,20.282650193],[-98.959260027,20.283976285],[-98.960179387,20.284987456],[-98.959516432,20.28518729],[-98.957583738,20.285761464],[-98.956325679,20.28611019],[-98.956663524,20.286558504],[-98.957246048,20.28734576],[-98.957695509,20.287988286],[-98.95789164,20.288314735],[-98.958169436,20.28880984],[-98.958239287,20.288960982],[-98.958296807,20.289117635],[-98.958327024,20.289312139],[-98.958388544,20.289743402],[-98.957358538,20.290407555],[-98.956751336,20.290773356],[-98.956407571,20.29096085],[-98.956137555,20.291092228],[-98.955668188,20.291266407],[-98.955112966,20.29144105],[-98.954092532,20.291774778],[-98.95281285,20.29218468],[-98.951995558,20.292391467],[-98.950923059,20.292599733],[-98.950916453,20.292601015],[-98.95022912,20.29069154],[-98.950167816,20.290512971],[-98.950127928,20.290411891]]]]},"properties":{"locality":"Actopan","municipality":null,"official_key":"130030001","CVE_ENT":"13","CVE_MUN":"003","CVE_LOC":"0001","ambito":"URBANO","geometry_kind":"locality","source":"INEGI Gaia — Servicio vectorial del Marco Geoestadístico"}},{"type":"Feature","geometry":{"type":"MultiPolygon","crs":{"type":"name","properties":{"name":"EPSG:6365"}},"coordinates":[[[[-98.943177554,20.241542685],[-98.943187378,20.241001183],[-98.943194461,20.240883578],[-98.942884119,20.239089606],[-98.942749275,20.23832279],[-98.942518385,20.237148324],[-98.943077599,20.237153578],[-98.943163908,20.237131318],[-98.943305709,20.237044185],[-98.943491305,20.236987928],[-98.943863612,20.236961105],[-98.943800587,20.238631897],[-98.94357775,20.238648411],[-98.943570394,20.239081096],[-98.943654742,20.239128867],[-98.943851625,20.239141466],[-98.944439072,20.239135284],[-98.94454159,20.240788293],[-98.945448532,20.240708245],[-98.945608455,20.241508138],[-98.946486735,20.241458603],[-98.946479079,20.241205694],[-98.946475853,20.241099078],[-98.946617358,20.241025133],[-98.946795143,20.241033505],[-98.947328013,20.241080208],[-98.94767461,20.241043978],[-98.947691207,20.241209885],[-98.947644056,20.241384112],[-98.947806111,20.241777785],[-98.947899149,20.24200134],[-98.94809868,20.24249611],[-98.94826825,20.24255068],[-98.94887351,20.24271151],[-98.9487496,20.24319671],[-98.948605333,20.243841053],[-98.948583833,20.243892453],[-98.948514794,20.243977453],[-98.947718781,20.244437073],[-98.946901803,20.24494666],[-98.946813859,20.24496793],[-98.946679629,20.244967152],[-98.946471862,20.244890027],[-98.94638167,20.244830623],[-98.946329025,20.244819967],[-98.94621331,20.244809962],[-98.946075706,20.244778401],[-98.946223448,20.244000047],[-98.946277411,20.2432762],[-98.94489157,20.24288203],[-98.94369348,20.242530141],[-98.943237266,20.242388558],[-98.943210982,20.242120249],[-98.943177554,20.241542685]]]]},"properties":{"locality":"Bothi Baji","municipality":null,"official_key":"130030003","CVE_ENT":"13","CVE_MUN":"003","CVE_LOC":"0003","ambito":"RURAL","geometry_kind":"locality","source":"INEGI Gaia — Servicio vectorial del Marco Geoestadístico"}},{"type":"Feature","geometry":{"type":"MultiPolygon","crs":{"type":"name","properties":{"name":"EPSG:6365"}},"coordinates":[[[[-98.94284551,20.33858646],[-98.9428448,20.338528262],[-98.942847168,20.337853043],[-98.942829013,20.336440353],[-98.94283009,20.33619983],[-98.942835449,20.335097921],[-98.942881889,20.334401461],[-98.942927046,20.332561131],[-98.94339965,20.332566291],[-98.943746309,20.332475491],[-98.944359979,20.33222297],[-98.94483026,20.332030251],[-98.946157969,20.33148332],[-98.946887259,20.3311826],[-98.947040279,20.33111563],[-98.947407876,20.330919799],[-98.946973188,20.3300023],[-98.946956922,20.32976891],[-98.946709817,20.329121041],[-98.947578234,20.328817399],[-98.947797557,20.329333689],[-98.947882151,20.329370279],[-98.948008424,20.329654727],[-98.948433745,20.330672789],[-98.94862934,20.33061478],[-98.94877311,20.330562741],[-98.949654309,20.32986315],[-98.94984694,20.329811651],[-98.95026889,20.329802981],[-98.950703319,20.328082196],[-98.950139965,20.328222617],[-98.949764692,20.328248928],[-98.949303588,20.327983484],[-98.94998747,20.326834441],[-98.950437199,20.32692591],[-98.950082267,20.32649422],[-98.950422561,20.326383476],[-98.950914131,20.326318916],[-98.951148125,20.326338478],[-98.95125684,20.326167641],[-98.951367112,20.325956695],[-98.951829925,20.3256111],[-98.953083938,20.325241867],[-98.953087049,20.32524095],[-98.953121702,20.325468424],[-98.953121707,20.325468452],[-98.953292746,20.326591191],[-98.953315353,20.326737406],[-98.953440682,20.327548018],[-98.953607736,20.328715794],[-98.954002598,20.331174219],[-98.954264,20.332248181],[-98.95437357,20.33272962],[-98.95472135,20.33425762],[-98.95498682,20.33527485],[-98.955139199,20.336140341],[-98.95528042,20.33663417],[-98.955538324,20.337521328],[-98.955538354,20.337521443],[-98.95553838,20.33752155],[-98.95557445,20.337645571],[-98.95558912,20.337730281],[-98.955668619,20.3381888],[-98.956291549,20.340754201],[-98.956530029,20.341689121],[-98.95661815,20.34203465],[-98.956883109,20.343204601],[-98.95691595,20.343429491],[-98.957021629,20.34415306],[-98.957035088,20.344168031],[-98.95710866,20.34425002],[-98.957203519,20.344490571],[-98.95745217,20.345371111],[-98.95762448,20.34603871],[-98.957310459,20.34616908],[-98.957286819,20.34617894],[-98.95734914,20.346736601],[-98.95742897,20.347396201],[-98.957622364,20.348252491],[-98.957674519,20.348483421],[-98.957900109,20.349414311],[-98.95809085,20.350317631],[-98.958174449,20.35063212],[-98.958409309,20.351657461],[-98.958722799,20.352668431],[-98.9590258,20.35372071],[-98.95933642,20.35481914],[-98.95945375,20.355478031],[-98.959581479,20.3562134],[-98.959600789,20.356393487],[-98.95966879,20.357041146],[-98.959407674,20.356965684],[-98.959288105,20.356921896],[-98.959056895,20.356835375],[-98.958804169,20.356739628],[-98.957940624,20.356540112],[-98.957547559,20.356479328],[-98.956743027,20.356385354],[-98.955212392,20.356167862],[-98.954969155,20.356122098],[-98.954545874,20.355869788],[-98.95431993,20.355733269],[-98.954108528,20.355599379],[-98.953759186,20.355378855],[-98.95299607,20.354914789],[-98.952679121,20.354655479],[-98.952404358,20.354372759],[-98.951716256,20.353714001],[-98.951451759,20.353453712],[-98.951358992,20.353377748],[-98.951320699,20.353347877],[-98.951148637,20.353213649],[-98.951144603,20.353210791],[-98.95094827,20.353071638],[-98.950697914,20.352889628],[-98.950491515,20.352727456],[-98.950367487,20.352639611],[-98.949860398,20.352333809],[-98.949498254,20.352144153],[-98.949024095,20.351844257],[-98.948955736,20.351804677],[-98.948712906,20.351664077],[-98.948530763,20.351558615],[-98.948521743,20.351553393],[-98.948467936,20.351547627],[-98.948245002,20.35152374],[-98.948135901,20.35151205],[-98.94761452,20.351513018],[-98.947588795,20.351513066],[-98.947499118,20.351492345],[-98.947104641,20.351401192],[-98.947103155,20.351400848],[-98.946812028,20.35131748],[-98.94673282,20.3512886],[-98.946682832,20.351270374],[-98.946637887,20.351253986],[-98.946438853,20.351165994],[-98.946182945,20.351004865],[-98.945985983,20.350881514],[-98.945873207,20.35081118],[-98.945800629,20.350766093],[-98.945657572,20.35067406],[-98.945411008,20.350504958],[-98.945162398,20.35035885],[-98.944904923,20.350199607],[-98.944859469,20.350184293],[-98.944637191,20.35015987],[-98.944429599,20.35013217],[-98.94426052,20.350097],[-98.944016492,20.350036513],[-98.943766746,20.349918219],[-98.943565282,20.349816168],[-98.943496604,20.349441457],[-98.943461779,20.349151152],[-98.943453334,20.348924136],[-98.943455307,20.348836821],[-98.94347736,20.348401451],[-98.943516766,20.348098901],[-98.94352635,20.347987699],[-98.943445667,20.347741146],[-98.943427388,20.347685289],[-98.943396309,20.347574271],[-98.943364641,20.347388595],[-98.943350476,20.347305525],[-98.943317128,20.347114787],[-98.943270986,20.346949708],[-98.943227313,20.346810599],[-98.943143797,20.346497898],[-98.943130167,20.346335394],[-98.943090059,20.34581334],[-98.943091215,20.345627134],[-98.943118199,20.345288817],[-98.943140633,20.345061764],[-98.943153692,20.344889236],[-98.94316394,20.344660976],[-98.94314971,20.344389987],[-98.943153552,20.344240066],[-98.943148099,20.3441968],[-98.943099705,20.343495279],[-98.943010077,20.342521058],[-98.942947912,20.341760802],[-98.942895816,20.341181235],[-98.942857416,20.340791831],[-98.942839461,20.340070418],[-98.942839781,20.339194018],[-98.94284551,20.33858646]]]]},"properties":{"locality":"Boxaxni","municipality":null,"official_key":"130030004","CVE_ENT":"13","CVE_MUN":"003","CVE_LOC":"0004","ambito":"RURAL","geometry_kind":"locality","source":"INEGI Gaia — Servicio vectorial del Marco Geoestadístico"}},{"type":"Feature","geometry":{"type":"MultiPolygon","crs":{"type":"name","properties":{"name":"EPSG:6365"}},"coordinates":[[[[-98.970673114,20.265806404],[-98.970613306,20.265753001],[-98.97010685,20.265203457],[-98.969875254,20.264916636],[-98.969504141,20.264410104],[-98.969239225,20.264066946],[-98.969036371,20.263859407],[-98.968848926,20.263690571],[-98.968612086,20.263537163],[-98.968604287,20.263532111],[-98.968178203,20.263391149],[-98.967844625,20.263298105],[-98.96766789,20.263286899],[-98.967512964,20.263301085],[-98.967259444,20.263357457],[-98.966977156,20.263426693],[-98.966702484,20.263519117],[-98.966132635,20.263711233],[-98.965768061,20.263821058],[-98.965440864,20.263897074],[-98.96517553,20.263935928],[-98.9649063,20.263967027],[-98.96459099,20.263966488],[-98.964171804,20.263971552],[-98.963860475,20.263974931],[-98.963722633,20.263952979],[-98.96359158,20.263900447],[-98.963426261,20.263833792],[-98.963318575,20.2638278],[-98.963202154,20.263848511],[-98.963040437,20.263893272],[-98.96247313,20.264062389],[-98.961956141,20.264255547],[-98.961368154,20.264439604],[-98.961204574,20.264476648],[-98.960861493,20.264535058],[-98.960604591,20.264560635],[-98.960407349,20.26455669],[-98.960281577,20.264540736],[-98.960204739,20.264520002],[-98.960102779,20.264481816],[-98.960101852,20.264481468],[-98.960007575,20.26442199],[-98.959933631,20.264362918],[-98.959846489,20.264257509],[-98.959804373,20.264162033],[-98.95976734,20.26409279],[-98.959763159,20.264084973],[-98.960039132,20.263953567],[-98.959730739,20.263579922],[-98.959333055,20.263049978],[-98.958565261,20.262117995],[-98.958139858,20.261585391],[-98.957929058,20.261279772],[-98.95781617,20.261052902],[-98.957755545,20.260853955],[-98.95773438,20.260709552],[-98.957729131,20.260490597],[-98.95773529,20.26019488],[-98.957742337,20.259993649],[-98.957734192,20.259813031],[-98.957706539,20.259685774],[-98.957668288,20.259577504],[-98.957611822,20.259465028],[-98.9575053,20.259316996],[-98.957430406,20.25920991],[-98.957321117,20.259094458],[-98.957191624,20.258972841],[-98.957087573,20.258895888],[-98.95693126,20.258791011],[-98.956760842,20.258680094],[-98.956614782,20.258571583],[-98.956513024,20.258483157],[-98.956419744,20.258379542],[-98.956351555,20.258245715],[-98.956325893,20.258120418],[-98.956326013,20.257934206],[-98.956352605,20.257656378],[-98.956419387,20.257400471],[-98.956471251,20.257265209],[-98.956532465,20.257133715],[-98.956633,20.257005187],[-98.956725831,20.256857307],[-98.956811479,20.25666705],[-98.956930085,20.256368027],[-98.956796523,20.256314491],[-98.95710225,20.256056689],[-98.957571225,20.255666505],[-98.957973501,20.255308015],[-98.95827174,20.254992431],[-98.958504152,20.25477331],[-98.958732764,20.254444334],[-98.958926116,20.254100253],[-98.959047826,20.253889119],[-98.959122116,20.253751426],[-98.959215761,20.25354453],[-98.959302643,20.253299104],[-98.959399471,20.252977128],[-98.959465205,20.252740838],[-98.959501201,20.252496794],[-98.959634432,20.25165958],[-98.960603481,20.250627921],[-98.961402794,20.249794432],[-98.96182475,20.249346936],[-98.96244981,20.248674875],[-98.962681899,20.248428211],[-98.963043562,20.248061096],[-98.963201983,20.247913085],[-98.963850912,20.247321343],[-98.964163343,20.246992257],[-98.964243671,20.246913714],[-98.964515467,20.246641985],[-98.965062437,20.246117792],[-98.965297817,20.245882529],[-98.965638301,20.24555218],[-98.965980679,20.245250664],[-98.966155211,20.24512097],[-98.966431013,20.244953702],[-98.966995924,20.244649428],[-98.967414091,20.24442621],[-98.967897169,20.244199487],[-98.968166383,20.24407648],[-98.968820798,20.243748617],[-98.968823672,20.243747177],[-98.971077567,20.242627399],[-98.970981268,20.242976609],[-98.970438091,20.243844045],[-98.97313629,20.2435282],[-98.974942679,20.242969146],[-98.974463872,20.240958323],[-98.981157384,20.237674584],[-98.982903647,20.236880091],[-98.984264461,20.236224539],[-98.9843512,20.23617777],[-98.98420414,20.23793882],[-98.984159911,20.23820583],[-98.98403062,20.238986421],[-98.9839326,20.239442311],[-98.983830347,20.239961153],[-98.983649553,20.240878525],[-98.98363175,20.24096886],[-98.983690309,20.241716181],[-98.983756249,20.24264942],[-98.983776539,20.2428844],[-98.983841481,20.242994307],[-98.983886791,20.243070985],[-98.984988539,20.244935461],[-98.984984142,20.244939092],[-98.983956419,20.24578798],[-98.983985728,20.245862518],[-98.98413815,20.246250141],[-98.98435143,20.24678217],[-98.98458543,20.246736771],[-98.984633579,20.24697034],[-98.984705349,20.24722802],[-98.9847372,20.247357892],[-98.984783,20.247576432],[-98.984833979,20.24778371],[-98.984850151,20.247965421],[-98.984846719,20.248108081],[-98.984834738,20.248302751],[-98.984823229,20.248419492],[-98.984819659,20.248464923],[-98.984826859,20.24867998],[-98.984826829,20.248881111],[-98.984822817,20.24894551],[-98.984819938,20.248991401],[-98.9848001,20.249140846],[-98.984792379,20.249199],[-98.984782875,20.249386909],[-98.984782538,20.249393554],[-98.984780528,20.249433309],[-98.984778969,20.24946412],[-98.984778519,20.249473021],[-98.984777196,20.249499278],[-98.984786997,20.249550241],[-98.98479705,20.24960252],[-98.985039289,20.249505081],[-98.985135179,20.249465483],[-98.985170378,20.249450949],[-98.98545198,20.24933466],[-98.98574669,20.24921683],[-98.985913914,20.249149968],[-98.985924459,20.249145751],[-98.985953692,20.249201631],[-98.985957919,20.249209712],[-98.986824339,20.249835523],[-98.986856288,20.2500656],[-98.98690755,20.250580343],[-98.986978229,20.25122112],[-98.987007249,20.251484221],[-98.98700895,20.251498151],[-98.987060418,20.25192068],[-98.987120599,20.25238337],[-98.98720835,20.253071891],[-98.98719631,20.253418541],[-98.98720323,20.25354997],[-98.98725754,20.253601921],[-98.987454,20.253619461],[-98.987541619,20.253636981],[-98.987573749,20.25373612],[-98.98753586,20.253909861],[-98.98746011,20.254185882],[-98.98746718,20.254285401],[-98.988169369,20.25427849],[-98.989025049,20.25427282],[-98.989406079,20.254321801],[-98.989077769,20.25572932],[-98.9888816,20.25666788],[-98.98864946,20.256691461],[-98.988575572,20.257157502],[-98.988496679,20.25765511],[-98.988436349,20.257732772],[-98.988238172,20.257987887],[-98.988185724,20.258055403],[-98.98813632,20.258119],[-98.987824259,20.258214021],[-98.987681709,20.258254091],[-98.98766045,20.258327171],[-98.987649749,20.258441431],[-98.987735459,20.258628571],[-98.987866649,20.25890995],[-98.987935319,20.259137831],[-98.98798366,20.259286541],[-98.988105769,20.25947845],[-98.98824849,20.259688201],[-98.988323249,20.25995069],[-98.988457749,20.260001121],[-98.98870171,20.26007526],[-98.98875209,20.260246322],[-98.98877874,20.260368511],[-98.988810549,20.260514322],[-98.9889392,20.260718021],[-98.989060399,20.260890481],[-98.989139879,20.26101008],[-98.989253679,20.26115243],[-98.98931437,20.26122332],[-98.98933509,20.26126128],[-98.98944831,20.261468581],[-98.98956422,20.261675001],[-98.989648013,20.261807108],[-98.989699249,20.261887881],[-98.989792419,20.262061151],[-98.98983149,20.262049353],[-98.98983958,20.26205966],[-98.989867708,20.262064222],[-98.989906289,20.262070481],[-98.990010211,20.262160674],[-98.990226599,20.262348481],[-98.990408,20.26257],[-98.990674123,20.26291688],[-98.990734279,20.262995291],[-98.99074097,20.263004111],[-98.99086949,20.263173462],[-98.991034508,20.263501881],[-98.991049507,20.263532389],[-98.99105371,20.263540941],[-98.991208678,20.263856201],[-98.99131278,20.264149881],[-98.991539247,20.264659062],[-98.99169123,20.26495588],[-98.991712705,20.265013725],[-98.991765555,20.26515607],[-98.99176723,20.265160582],[-98.991768543,20.265166167],[-98.991808074,20.265334201],[-98.991817599,20.265374691],[-98.991821696,20.265408],[-98.991908339,20.266112462],[-98.991903227,20.266464555],[-98.991902678,20.266502341],[-98.99191835,20.266616571],[-98.991945647,20.26674268],[-98.99200023,20.26685334],[-98.99214075,20.26702868],[-98.992141351,20.267029431],[-98.99220735,20.267111782],[-98.992400919,20.26737288],[-98.992516349,20.267535322],[-98.99274898,20.267827741],[-98.992998599,20.26814045],[-98.992717519,20.26813725],[-98.992104569,20.268201062],[-98.9916474,20.268274461],[-98.991167889,20.26842706],[-98.99100678,20.26847354],[-98.990692109,20.26852486],[-98.990147479,20.268627511],[-98.989572599,20.26875297],[-98.98917925,20.26882709],[-98.988731449,20.268867001],[-98.988426539,20.2689116],[-98.98823358,20.26893983],[-98.988053631,20.268818539],[-98.987742583,20.268505601],[-98.98698183,20.267694461],[-98.986252478,20.266936278],[-98.985590739,20.266245139],[-98.985096382,20.265784384],[-98.984539231,20.265290923],[-98.983732388,20.26454977],[-98.983625183,20.264451292],[-98.983215709,20.264081001],[-98.982135691,20.264404078],[-98.981319183,20.264608631],[-98.980733647,20.264710847],[-98.979913891,20.264743478],[-98.979157461,20.264739309],[-98.9784852,20.264706491],[-98.977108383,20.264530183],[-98.976162878,20.264431878],[-98.975794217,20.264407278],[-98.975460247,20.264439953],[-98.975052522,20.264554447],[-98.974616861,20.264837139],[-98.974350421,20.264923758],[-98.973726787,20.265349281],[-98.973449332,20.265532129],[-98.973387255,20.265578887],[-98.973874169,20.266499217],[-98.974210322,20.267178431],[-98.974259011,20.26729526],[-98.974259047,20.267295347],[-98.97448366,20.267834292],[-98.974630121,20.268130183],[-98.975014579,20.268953134],[-98.974695461,20.269065565],[-98.974562865,20.268854153],[-98.97444351,20.268732992],[-98.974111621,20.268222451],[-98.973663551,20.267619606],[-98.973555861,20.267500078],[-98.973341385,20.267381429],[-98.972949381,20.26717985],[-98.972408689,20.266886875],[-98.971927628,20.26665652],[-98.971619857,20.266500646],[-98.971407145,20.266369704],[-98.971171234,20.266184546],[-98.970681506,20.265812775],[-98.970673114,20.265806404]]]]},"properties":{"locality":"El Boxtha","municipality":null,"official_key":"130030005","CVE_ENT":"13","CVE_MUN":"003","CVE_LOC":"0005","ambito":"URBANO","geometry_kind":"locality","source":"INEGI Gaia — Servicio vectorial del Marco Geoestadístico"}},{"type":"Feature","geometry":{"type":"MultiPolygon","crs":{"type":"name","properties":{"name":"EPSG:6365"}},"coordinates":[[[[-98.903177531,20.292785165],[-98.90339156,20.293418566],[-98.904003314,20.293359973],[-98.904481692,20.293625643],[-98.905703649,20.293271943],[-98.905356206,20.290091055],[-98.909946297,20.289124017],[-98.910462145,20.290607313],[-98.905840818,20.29332271],[-98.90574512,20.29365278],[-98.90572795,20.29370234],[-98.905611519,20.293831631],[-98.9054888,20.293871981],[-98.90461255,20.294076781],[-98.904863679,20.294977021],[-98.904875799,20.29502442],[-98.904971829,20.29539988],[-98.905019049,20.29570015],[-98.905014349,20.29600651],[-98.905013179,20.29608338],[-98.90498563,20.296562251],[-98.904986539,20.296572321],[-98.902691874,20.297130594],[-98.902351692,20.295652658],[-98.90287889,20.29553171],[-98.902312188,20.293359246],[-98.903177531,20.292785165]]]]},"properties":{"locality":"San Diego Canguihuindo","municipality":null,"official_key":"130030006","CVE_ENT":"13","CVE_MUN":"003","CVE_LOC":"0006","ambito":"RURAL","geometry_kind":"locality","source":"INEGI Gaia — Servicio vectorial del Marco Geoestadístico"}},{"type":"Feature","geometry":{"type":"MultiPolygon","crs":{"type":"name","properties":{"name":"EPSG:6365"}},"coordinates":[[[[-98.946204375,20.292991944],[-98.945935338,20.291953219],[-98.94590923,20.29184588],[-98.945809859,20.291391632],[-98.945764203,20.291103537],[-98.94576318,20.291097081],[-98.946473969,20.291008691],[-98.947577139,20.2908498],[-98.948691769,20.290685821],[-98.9491559,20.290594951],[-98.94952815,20.290522091],[-98.949842489,20.29046054],[-98.950125279,20.290405181],[-98.950127928,20.290411891],[-98.950167816,20.290512971],[-98.95022912,20.29069154],[-98.950916453,20.292601015],[-98.950923059,20.292599733],[-98.951995558,20.292391467],[-98.95281285,20.29218468],[-98.954092532,20.291774778],[-98.955112966,20.29144105],[-98.955668188,20.291266407],[-98.956137555,20.291092228],[-98.956407571,20.29096085],[-98.956751336,20.290773356],[-98.957358538,20.290407555],[-98.958388544,20.289743402],[-98.958327024,20.289312139],[-98.958296807,20.289117635],[-98.958239287,20.288960982],[-98.958169436,20.28880984],[-98.95789164,20.288314735],[-98.957695509,20.287988286],[-98.957246048,20.28734576],[-98.956663524,20.286558504],[-98.956325679,20.28611019],[-98.957583738,20.285761464],[-98.959516432,20.28518729],[-98.960179387,20.284987456],[-98.960185709,20.284993734],[-98.96103718,20.285839144],[-98.961640431,20.286438092],[-98.961681081,20.286477952],[-98.961791969,20.2865862],[-98.962667561,20.287440941],[-98.963655213,20.288307392],[-98.963725409,20.288528147],[-98.963785302,20.288760677],[-98.963801571,20.288942421],[-98.963779163,20.289215543],[-98.963726435,20.289695155],[-98.963657269,20.290397134],[-98.963619388,20.290487088],[-98.963538959,20.290568991],[-98.963503851,20.290591508],[-98.963506823,20.290459102],[-98.96349305,20.290347479],[-98.963399638,20.290067244],[-98.963168665,20.289388785],[-98.962906962,20.28862908],[-98.962825309,20.288640887],[-98.962652402,20.288729581],[-98.962471015,20.288833464],[-98.962357563,20.288902229],[-98.962238268,20.288959358],[-98.961973968,20.289040465],[-98.961615813,20.289133134],[-98.961269687,20.289233722],[-98.961034162,20.289301965],[-98.960835806,20.289345992],[-98.958914412,20.292275442],[-98.959202939,20.293381],[-98.959247721,20.293536248],[-98.959344539,20.293863831],[-98.959416661,20.294035752],[-98.959563739,20.294383479],[-98.959672369,20.294664648],[-98.959676017,20.294674079],[-98.959705309,20.2948198],[-98.959755921,20.295082248],[-98.959765091,20.295199291],[-98.959778661,20.29556],[-98.959794521,20.29610157],[-98.959801739,20.29624077],[-98.959815321,20.296316018],[-98.959853878,20.296454618],[-98.95986385,20.29650735],[-98.959866017,20.296518848],[-98.96000023,20.296867309],[-98.960083369,20.2970538],[-98.960138248,20.29715597],[-98.960292278,20.297386448],[-98.960360109,20.2974682],[-98.960490369,20.297548479],[-98.960668909,20.297618939],[-98.961117569,20.297792739],[-98.961333216,20.2978758],[-98.961395477,20.297899784],[-98.961777938,20.298072939],[-98.961927138,20.298165017],[-98.962073121,20.298272418],[-98.962472877,20.298618939],[-98.96248209,20.298626079],[-98.962725805,20.29880293],[-98.962776659,20.298849061],[-98.962817182,20.298885323],[-98.963259291,20.299228323],[-98.963309708,20.299267739],[-98.96356163,20.299520848],[-98.963750982,20.2997102],[-98.963852752,20.299827618],[-98.963927648,20.299937339],[-98.964062752,20.3000984],[-98.964342077,20.300400262],[-98.964547521,20.300632248],[-98.964619952,20.30069217],[-98.964784447,20.300791784],[-98.964926891,20.300878584],[-98.965154491,20.30105077],[-98.965255382,20.301133431],[-98.965301539,20.30117148],[-98.9622572,20.30230757],[-98.962190417,20.302332491],[-98.962494248,20.303072261],[-98.96277323,20.303753109],[-98.962921369,20.3041382],[-98.963038247,20.304464218],[-98.963176216,20.304828031],[-98.963279677,20.305170939],[-98.963370847,20.305436584],[-98.96341763,20.305516262],[-98.963433861,20.305561709],[-98.963433847,20.305637523],[-98.9634114,20.30568077],[-98.963397138,20.305708261],[-98.96332743,20.305738648],[-98.963193461,20.305776431],[-98.963002721,20.305842292],[-98.962961627,20.305938204],[-98.963020196,20.306501879],[-98.963019616,20.3066656],[-98.963061,20.306766309],[-98.96316683,20.306972231],[-98.963271,20.307154662],[-98.9633984,20.307357248],[-98.9634712,20.3074914],[-98.963471182,20.307543092],[-98.963448061,20.307614617],[-98.963440782,20.307675153],[-98.963392908,20.307884984],[-98.963380538,20.307952539],[-98.963380538,20.307976818],[-98.963405183,20.308122909],[-98.963436908,20.308205923],[-98.963488708,20.3083504],[-98.963622121,20.308659648],[-98.963737709,20.308903248],[-98.96383143,20.309092048],[-98.9638984,20.309210648],[-98.96395599,20.309265948],[-98.963961108,20.309270862],[-98.964017936,20.309313018],[-98.964039049,20.30932868],[-98.964022616,20.309334862],[-98.963147209,20.309653553],[-98.96275883,20.309794939],[-98.96206283,20.310055079],[-98.959649708,20.310949123],[-98.958238661,20.311477431],[-98.95809365,20.31153172],[-98.958042521,20.311550862],[-98.955905321,20.312346984],[-98.954808169,20.312752619],[-98.952854877,20.31347477],[-98.950657373,20.314301668],[-98.950597617,20.314324153],[-98.950489909,20.314354249],[-98.95048995,20.314213062],[-98.950485582,20.314126092],[-98.950455209,20.313738631],[-98.950354082,20.313010554],[-98.950197296,20.312245753],[-98.94998131,20.311168819],[-98.949794543,20.31015134],[-98.949652186,20.309475418],[-98.94940726,20.308299231],[-98.949395861,20.308243833],[-98.949066478,20.306642983],[-98.948848909,20.30563497],[-98.94859755,20.304490321],[-98.948496071,20.303961415],[-98.948339678,20.30314628],[-98.948296623,20.302892281],[-98.94829598,20.30288848],[-98.948270017,20.302735232],[-98.94824343,20.302573989],[-98.948188419,20.302240351],[-98.948121501,20.301827762],[-98.94811675,20.30179846],[-98.948043417,20.301324352],[-98.947938659,20.300792262],[-98.947921547,20.300709318],[-98.947773029,20.299989483],[-98.947590568,20.299297208],[-98.9473876,20.29852712],[-98.94731998,20.298249081],[-98.947266883,20.29803085],[-98.94710848,20.29747758],[-98.947070339,20.29725989],[-98.946954157,20.29665234],[-98.94685675,20.29612465],[-98.946755574,20.295567801],[-98.946577577,20.29455777],[-98.94656005,20.29447449],[-98.94646252,20.29404583],[-98.946243577,20.293133443],[-98.946204375,20.292991944]]]]},"properties":{"locality":"Cañada Chica Antigua","municipality":null,"official_key":"130030007","CVE_ENT":"13","CVE_MUN":"003","CVE_LOC":"0007","ambito":"RURAL","geometry_kind":"locality","source":"INEGI Gaia — Servicio vectorial del Marco Geoestadístico"}},{"type":"Feature","geometry":{"type":"MultiPolygon","crs":{"type":"name","properties":{"name":"EPSG:6365"}},"coordinates":[[[[-98.962400632,20.213263888],[-98.962190361,20.21321403],[-98.962132895,20.213224403],[-98.96197084,20.213173651],[-98.961853319,20.213109391],[-98.961764794,20.213044272],[-98.96170528,20.212933958],[-98.961688149,20.212881784],[-98.961680455,20.212816842],[-98.961686799,20.212670115],[-98.96171769,20.212449013],[-98.96174308,20.212277751],[-98.961778604,20.212113332],[-98.961817291,20.212020523],[-98.961875603,20.211936744],[-98.961923017,20.211862826],[-98.961953016,20.211817354],[-98.961971497,20.211741417],[-98.961979984,20.211635047],[-98.961981522,20.211430634],[-98.961988143,20.21113562],[-98.961849873,20.211095793],[-98.961802083,20.211001296],[-98.961132909,20.210305474],[-98.960532806,20.208274344],[-98.960882282,20.208162558],[-98.961202348,20.208341729],[-98.961437182,20.208411215],[-98.961737129,20.208467606],[-98.96193726,20.208554393],[-98.962107792,20.208600996],[-98.962137093,20.208595232],[-98.962257135,20.208571615],[-98.962354632,20.208553889],[-98.962430355,20.208532367],[-98.962523285,20.208468957],[-98.962605337,20.208496822],[-98.962645679,20.208420843],[-98.962733673,20.208305504],[-98.962863534,20.208227475],[-98.96315427,20.208139225],[-98.963471946,20.208028477],[-98.963725769,20.207671521],[-98.963924707,20.207344637],[-98.964165356,20.206994621],[-98.964225091,20.206915189],[-98.964257516,20.206829453],[-98.964292079,20.206716405],[-98.964341167,20.206567654],[-98.964388288,20.206506688],[-98.964440666,20.206483258],[-98.964518477,20.206481934],[-98.964587723,20.206502481],[-98.964667483,20.20653376],[-98.964704563,20.206551786],[-98.964787177,20.206605361],[-98.964847297,20.206650075],[-98.964899262,20.206701423],[-98.964933441,20.206747938],[-98.964999071,20.20684392],[-98.965035345,20.206892165],[-98.965071081,20.206931198],[-98.9651726,20.207092251],[-98.965286594,20.2072457],[-98.965369962,20.207336629],[-98.965415307,20.207354813],[-98.965485496,20.207353335],[-98.965537907,20.207328466],[-98.965575429,20.207287464],[-98.965597803,20.20724184],[-98.965591076,20.207133725],[-98.965570813,20.206676925],[-98.965549896,20.205909129],[-98.965453033,20.204991525],[-98.965432538,20.204749241],[-98.965430941,20.204684421],[-98.965480294,20.204591824],[-98.96553831,20.204520996],[-98.965580469,20.204477208],[-98.96567757,20.204431636],[-98.965771696,20.204450793],[-98.966074777,20.204140988],[-98.966399319,20.203836728],[-98.966578037,20.203687926],[-98.966738405,20.203563953],[-98.966906859,20.203476134],[-98.967203044,20.20335967],[-98.967330882,20.20332623],[-98.967431506,20.203316241],[-98.967624568,20.203321295],[-98.967881039,20.203332414],[-98.967970095,20.203328193],[-98.968017607,20.203306345],[-98.968054957,20.203284295],[-98.968083844,20.203242879],[-98.968100369,20.203129231],[-98.968112971,20.202793546],[-98.968124226,20.202688191],[-98.96809334,20.202318061],[-98.9680506,20.20209191],[-98.96807092,20.2017758],[-98.968161756,20.201379428],[-98.968210352,20.201195633],[-98.968261274,20.201021483],[-98.968331358,20.200842916],[-98.9684158,20.200704228],[-98.968509911,20.20053094],[-98.968520986,20.200490369],[-98.968511925,20.200440997],[-98.968486512,20.200384101],[-98.968447231,20.200322129],[-98.968393219,20.200237067],[-98.968361614,20.200172848],[-98.968343304,20.2000825],[-98.968330894,20.19967193],[-98.968336598,20.199303715],[-98.968331017,20.199212421],[-98.968288198,20.198968014],[-98.968215905,20.198621037],[-98.968128923,20.198362551],[-98.968010694,20.198080645],[-98.967922315,20.197884518],[-98.968111371,20.19789789],[-98.968302752,20.197920906],[-98.968360915,20.197934065],[-98.968464556,20.198072907],[-98.968564057,20.198169675],[-98.968689508,20.198299354],[-98.968835713,20.198410251],[-98.969006734,20.198548037],[-98.969140971,20.198682691],[-98.969274044,20.198812522],[-98.969469531,20.198992788],[-98.969602929,20.199108227],[-98.969663562,20.199181423],[-98.969678599,20.199247711],[-98.969695416,20.199291238],[-98.969740422,20.19932453],[-98.970406032,20.199565763],[-98.970441072,20.199987581],[-98.970464832,20.200515954],[-98.97061158,20.20245026],[-98.970626943,20.202786116],[-98.970647049,20.203083921],[-98.970654979,20.203226511],[-98.97067945,20.20362435],[-98.97071207,20.204154568],[-98.97088357,20.206699779],[-98.970968626,20.207715047],[-98.9710671,20.209584827],[-98.97108826,20.210060491],[-98.97114657,20.21088985],[-98.97119355,20.211676111],[-98.971228565,20.212048141],[-98.971295109,20.212280928],[-98.971336087,20.212292504],[-98.973412516,20.212924052],[-98.972998907,20.217142895],[-98.97126939,20.217002841],[-98.969612654,20.216901132],[-98.969583888,20.218643893],[-98.969525571,20.220228061],[-98.968073763,20.220500006],[-98.966784071,20.220742054],[-98.966561256,20.220747684],[-98.96504025,20.220761936],[-98.964523289,20.220757367],[-98.963960356,20.220694286],[-98.963572686,20.220637587],[-98.963463304,20.220618124],[-98.963395537,20.220579336],[-98.963340451,20.220519204],[-98.963313098,20.22044667],[-98.963295475,20.220348415],[-98.963289039,20.220227347],[-98.963306158,20.220144184],[-98.96333615,20.220031043],[-98.963364392,20.219927946],[-98.963375251,20.219851856],[-98.963336609,20.218854777],[-98.963318695,20.218769473],[-98.963117547,20.218421352],[-98.96308429,20.218340062],[-98.963044477,20.218211128],[-98.963009043,20.21809092],[-98.962970825,20.218026807],[-98.962863382,20.217920998],[-98.962731483,20.217817578],[-98.96257169,20.217733757],[-98.962444725,20.217682267],[-98.962310953,20.217662315],[-98.962143092,20.217666158],[-98.962064106,20.21765162],[-98.962002181,20.217624466],[-98.961918848,20.217599764],[-98.961860263,20.217559718],[-98.961818739,20.217507057],[-98.961795444,20.21745764],[-98.961784475,20.21740271],[-98.961769353,20.21732898],[-98.961760037,20.217268325],[-98.961744366,20.21721906],[-98.961716433,20.217172429],[-98.961670239,20.217123994],[-98.961587487,20.217073387],[-98.961494064,20.217022567],[-98.961403752,20.21697926],[-98.9613444,20.216968823],[-98.961055669,20.216853626],[-98.96086843,20.216701587],[-98.960690501,20.216542534],[-98.960667239,20.216491678],[-98.960655781,20.216390665],[-98.960635712,20.21612967],[-98.960615817,20.215996815],[-98.960580127,20.21588812],[-98.960554011,20.215828569],[-98.960491984,20.215738063],[-98.960318554,20.215446644],[-98.959937568,20.214821369],[-98.959717048,20.214589477],[-98.959596666,20.214448851],[-98.959532238,20.214329503],[-98.959533143,20.214289208],[-98.959557174,20.214237858],[-98.959637709,20.21418332],[-98.959748669,20.214132271],[-98.959854572,20.214102715],[-98.959967805,20.214086265],[-98.960154052,20.214078474],[-98.960239424,20.214080182],[-98.96029171,20.214061072],[-98.960338351,20.214021693],[-98.960393162,20.213958001],[-98.960431986,20.213927103],[-98.960625591,20.213863309],[-98.960745052,20.213841224],[-98.960916604,20.213808662],[-98.961085985,20.213804852],[-98.961247421,20.21381528],[-98.961449275,20.213859631],[-98.961656678,20.213928568],[-98.961941082,20.213964491],[-98.962153052,20.213965851],[-98.962311858,20.213957508],[-98.962443644,20.213929909],[-98.962536439,20.213872734],[-98.962588006,20.213817616],[-98.962625492,20.213710384],[-98.962635794,20.213591092],[-98.962630884,20.213470055],[-98.962599057,20.213393112],[-98.96252143,20.213318134],[-98.962400632,20.213263888]]]]},"properties":{"locality":"Cuauhtémoc [Colonia]","municipality":null,"official_key":"130030009","CVE_ENT":"13","CVE_MUN":"003","CVE_LOC":"0009","ambito":"RURAL","geometry_kind":"locality","source":"INEGI Gaia — Servicio vectorial del Marco Geoestadístico"}},{"type":"Feature","geometry":{"type":"MultiPolygon","crs":{"type":"name","properties":{"name":"EPSG:6365"}},"coordinates":[[[[-98.950824375,20.2059966],[-98.951088868,20.205955232],[-98.951111668,20.205949744],[-98.951285977,20.205907784],[-98.951727854,20.20571793],[-98.951766404,20.205431699],[-98.951740081,20.205275997],[-98.951684002,20.205203182],[-98.951224129,20.205184393],[-98.951115624,20.205165604],[-98.950536394,20.204778617],[-98.950831915,20.204175977],[-98.951182439,20.203314256],[-98.950592812,20.203215875],[-98.949777879,20.203157767],[-98.949695191,20.203348861],[-98.94959752,20.203701159],[-98.949400606,20.204098767],[-98.949310267,20.20417175],[-98.949235689,20.20422651],[-98.949156617,20.204140862],[-98.94910291,20.204093519],[-98.9490192,20.204019292],[-98.948927647,20.203902862],[-98.948697271,20.203609882],[-98.948599523,20.203485574],[-98.948565041,20.203370285],[-98.948538475,20.203281463],[-98.947856889,20.202859755],[-98.94775023,20.202841184],[-98.947678241,20.202828649],[-98.947680262,20.202790483],[-98.947680319,20.202789407],[-98.947688826,20.202684608],[-98.947722677,20.202267539],[-98.947721722,20.202235767],[-98.94771849,20.202013709],[-98.947732245,20.201720488],[-98.947735985,20.201640582],[-98.947737368,20.201611262],[-98.9477796,20.201465323],[-98.94793008,20.201344047],[-98.948051979,20.201176021],[-98.948094199,20.201043341],[-98.94805675,20.200928341],[-98.947972727,20.200774289],[-98.94789751,20.20063638],[-98.947869429,20.200503711],[-98.947920489,20.200245381],[-98.947881726,20.200191881],[-98.947859599,20.20016134],[-98.947667092,20.200122855],[-98.947615909,20.200112621],[-98.94747535,20.200019691],[-98.947458791,20.19997155],[-98.94741449,20.199842751],[-98.947405833,20.19981471],[-98.94738172,20.199736601],[-98.947386324,20.199580644],[-98.947399709,20.199127201],[-98.947436219,20.198940869],[-98.94759975,20.198106281],[-98.947610279,20.197982621],[-98.947536919,20.197903451],[-98.947238169,20.197863781],[-98.946989999,20.19776442],[-98.946970191,20.197722006],[-98.946911449,20.197596221],[-98.94692855,20.197316781],[-98.946947429,20.197257108],[-98.947017749,20.197034861],[-98.94716985,20.19678263],[-98.94711226,20.196555091],[-98.946896799,20.1960736],[-98.94682871,20.195940031],[-98.946662159,20.19584985],[-98.946653629,20.195845231],[-98.946365399,20.195726421],[-98.946166258,20.195622483],[-98.946035287,20.195449323],[-98.945844279,20.19486412],[-98.945587539,20.19461672],[-98.945550842,20.19459821],[-98.945126379,20.19438409],[-98.944932509,20.194255431],[-98.944700179,20.19413042],[-98.944526521,20.193944239],[-98.944506339,20.1939226],[-98.94436263,20.19388503],[-98.944348807,20.193881421],[-98.944260019,20.193858221],[-98.943990047,20.193791032],[-98.943530418,20.19343094],[-98.9432666,20.193289087],[-98.943115309,20.19320774],[-98.942587883,20.192882949],[-98.94257043,20.192872201],[-98.941469779,20.191621523],[-98.941114138,20.191546],[-98.941117089,20.191401551],[-98.941172153,20.191324441],[-98.941227218,20.191247333],[-98.941580829,20.190752156],[-98.941723889,20.19055182],[-98.94185345,20.19033957],[-98.941864879,20.190300192],[-98.941930694,20.190073453],[-98.942006229,20.189813221],[-98.94203557,20.189550214],[-98.942123349,20.18876334],[-98.94225797,20.188627881],[-98.942388229,20.188215141],[-98.942675036,20.187168504],[-98.942676629,20.187162691],[-98.942740531,20.187021593],[-98.943110636,20.186204384],[-98.94312332,20.18617638],[-98.943152581,20.186159901],[-98.943253479,20.186103081],[-98.943323266,20.186057011],[-98.943325778,20.186055351],[-98.943349286,20.186025334],[-98.943590769,20.185716981],[-98.943797599,20.185475851],[-98.943815672,20.185446495],[-98.94383015,20.18542298],[-98.943836957,20.185355738],[-98.943841029,20.185315521],[-98.943839244,20.185238246],[-98.943838423,20.185202617],[-98.943836553,20.185121557],[-98.943835859,20.185091461],[-98.943877449,20.185018141],[-98.943959431,20.184940696],[-98.94443983,20.18448688],[-98.94462075,20.18440923],[-98.944956,20.184317091],[-98.94534015,20.184232171],[-98.946189248,20.184174171],[-98.946669939,20.18415012],[-98.946885719,20.18417928],[-98.947177109,20.18430352],[-98.947715327,20.184679919],[-98.94823668,20.184678776],[-98.94865785,20.18467785],[-98.948661759,20.184679316],[-98.948734705,20.184706656],[-98.948787549,20.184726461],[-98.949024793,20.184772306],[-98.949241001,20.184814086],[-98.94925252,20.184816311],[-98.949170399,20.184726632],[-98.948888879,20.1844192],[-98.94838337,20.18392132],[-98.948378266,20.183914492],[-98.94777974,20.183113621],[-98.947567072,20.182935568],[-98.947291457,20.182704813],[-98.947259229,20.182677831],[-98.946821139,20.182326151],[-98.946667799,20.182243381],[-98.946693399,20.182143451],[-98.953956564,20.181864765],[-98.95429942,20.1818516],[-98.96143269,20.18398472],[-98.96335794,20.18577109],[-98.963826919,20.18597486],[-98.964318909,20.186028171],[-98.964992949,20.186164461],[-98.9653568,20.18631932],[-98.96584686,20.186445951],[-98.966082434,20.186553661],[-98.96633371,20.186668551],[-98.9670902,20.18686768],[-98.967448939,20.18701285],[-98.96764366,20.187158],[-98.96785449,20.18717508],[-98.967832844,20.187263049],[-98.967775352,20.187526219],[-98.967606478,20.1882632],[-98.967499616,20.189092752],[-98.967528078,20.189392152],[-98.967540321,20.189775322],[-98.967639139,20.189985819],[-98.967712923,20.190252893],[-98.967786751,20.190338049],[-98.968008217,20.191408018],[-98.968127016,20.192175909],[-98.968080658,20.192719542],[-98.968042018,20.192771395],[-98.967973949,20.19286272],[-98.96786317,20.192920771],[-98.96777291,20.19297106],[-98.967637489,20.19309489],[-98.96743232,20.193253539],[-98.96723537,20.193392849],[-98.966958649,20.193614661],[-98.966626278,20.193835218],[-98.966334941,20.19404803],[-98.966066017,20.19425065],[-98.965823892,20.194502172],[-98.96565565,20.194761461],[-98.965495569,20.195059448],[-98.965493582,20.195086983],[-98.96547003,20.195413321],[-98.965577255,20.195709171],[-98.9658,20.195950551],[-98.966039925,20.196218153],[-98.966072261,20.196254218],[-98.966081845,20.196264946],[-98.96618185,20.19637535],[-98.966427245,20.196650913],[-98.96652561,20.196853582],[-98.966544521,20.1968924],[-98.966616752,20.197040618],[-98.966624921,20.197476583],[-98.966556921,20.197869448],[-98.966438648,20.198334661],[-98.966381539,20.198530722],[-98.966267352,20.198792139],[-98.966014,20.199293648],[-98.965806048,20.199778048],[-98.965715369,20.199990352],[-98.965645909,20.200152952],[-98.965519509,20.200514339],[-98.96529491,20.200965258],[-98.965188712,20.201131663],[-98.965181152,20.201143509],[-98.965163199,20.201135952],[-98.964883261,20.201018122],[-98.964906752,20.200959231],[-98.9644814,20.200753879],[-98.9643566,20.200753861],[-98.964216312,20.200757551],[-98.96421368,20.20075762],[-98.964190799,20.20076184],[-98.96406983,20.200784152],[-98.962812727,20.201001912],[-98.962787248,20.201006325],[-98.962787214,20.201006201],[-98.962773475,20.200956232],[-98.962773152,20.200955061],[-98.962747962,20.200960521],[-98.962436365,20.201028064],[-98.962413952,20.201032922],[-98.962410852,20.201032353],[-98.962342372,20.20101978],[-98.962341491,20.201019618],[-98.962316859,20.201024069],[-98.961826478,20.201112679],[-98.961710691,20.201159727],[-98.961709721,20.201160122],[-98.961685178,20.201164016],[-98.961534335,20.201187954],[-98.96150903,20.20119197],[-98.961508822,20.201192243],[-98.961393261,20.201344048],[-98.961330321,20.201517922],[-98.961307448,20.201575122],[-98.961213739,20.201722739],[-98.96100763,20.201993139],[-98.960719569,20.20232757],[-98.9606416,20.202481861],[-98.960606552,20.202526891],[-98.960481478,20.202618479],[-98.960173139,20.2027922],[-98.960223417,20.202833061],[-98.959537448,20.2030326],[-98.959191182,20.203110983],[-98.95839985,20.20339355],[-98.958345309,20.203404339],[-98.957982848,20.203522952],[-98.957735217,20.203614183],[-98.95749555,20.20377442],[-98.957345248,20.203932848],[-98.957021217,20.204358383],[-98.957016721,20.2044068],[-98.957021091,20.204671448],[-98.956787448,20.205245],[-98.956722261,20.205287339],[-98.956527,20.20538097],[-98.956415844,20.205430138],[-98.956400152,20.205437079],[-98.95639033,20.205434426],[-98.95555591,20.205209022],[-98.95553306,20.20520285],[-98.955530395,20.20521331],[-98.955514491,20.205275737],[-98.955416648,20.20579657],[-98.954918848,20.20664014],[-98.954899749,20.206675431],[-98.954705138,20.207034892],[-98.954623291,20.207165261],[-98.954382829,20.207583784],[-98.954352158,20.207627922],[-98.954342636,20.207641625],[-98.954126357,20.207952871],[-98.954117061,20.207966248],[-98.954019109,20.20806277],[-98.953443221,20.208794933],[-98.953439878,20.208799183],[-98.953417706,20.208799221],[-98.953265569,20.208799479],[-98.953222611,20.208800153],[-98.95319735,20.20880055],[-98.953197095,20.208804441],[-98.95319283,20.20886988],[-98.952743521,20.208605878],[-98.952680289,20.208543044],[-98.952647031,20.208467632],[-98.952600447,20.208376522],[-98.952539984,20.20827134],[-98.952569981,20.208173958],[-98.952646599,20.208001218],[-98.952656624,20.207863],[-98.952646678,20.207759339],[-98.952583446,20.20765251],[-98.952286141,20.207318466],[-98.952239556,20.207239909],[-98.952182983,20.207195922],[-98.952086447,20.207183322],[-98.951871753,20.207176618],[-98.95161222,20.206812148],[-98.951532338,20.206793279],[-98.951195047,20.206780401],[-98.950984,20.206477279],[-98.950940769,20.206348461],[-98.950944139,20.206200817],[-98.950864573,20.206065152],[-98.950824375,20.2059966]]]]},"properties":{"locality":"Chicavasco","municipality":null,"official_key":"130030010","CVE_ENT":"13","CVE_MUN":"003","CVE_LOC":"0010","ambito":"URBANO","geometry_kind":"locality","source":"INEGI Gaia — Servicio vectorial del Marco Geoestadístico"}},{"type":"Feature","geometry":{"type":"MultiPolygon","crs":{"type":"name","properties":{"name":"EPSG:6365"}},"coordinates":[[[[-98.93688499,20.279934958],[-98.937765128,20.279090758],[-98.937773227,20.279097115],[-98.939390793,20.280366678],[-98.940249101,20.281483747],[-98.938859717,20.281901389],[-98.93839301,20.282032216],[-98.937121645,20.282932907],[-98.936499373,20.283667547],[-98.93588783,20.284271357],[-98.934911505,20.284955671],[-98.934729115,20.285338081],[-98.934696928,20.285639983],[-98.93403174,20.286374608],[-98.933742062,20.286525559],[-98.933248535,20.286757015],[-98.932540433,20.287391002],[-98.932240025,20.287622458],[-98.931875244,20.288105494],[-98.931165265,20.288537455],[-98.931715147,20.289285705],[-98.931945336,20.289523899],[-98.932335073,20.289834134],[-98.932164922,20.289987305],[-98.932122007,20.290178505],[-98.9318216,20.290329451],[-98.931413904,20.290560902],[-98.931092039,20.290591091],[-98.93071653,20.290691721],[-98.930212275,20.290892983],[-98.929578009,20.28949837],[-98.928938169,20.288091472],[-98.928903357,20.288014924],[-98.928909204,20.288008907],[-98.929878867,20.287010918],[-98.929954325,20.286936569],[-98.930628607,20.286247369],[-98.93130288,20.285561685],[-98.932458049,20.284408631],[-98.933281312,20.283586858],[-98.933818459,20.283050676],[-98.934480248,20.282384988],[-98.934729151,20.282134615],[-98.935842086,20.281015096],[-98.936543247,20.280277972],[-98.93688499,20.279934958]]],[[[-98.936369817,20.325887831],[-98.93575892,20.325867152],[-98.935477829,20.325861922],[-98.93523255,20.325849752],[-98.935142781,20.325845449],[-98.935103799,20.325814679],[-98.935041108,20.325455511],[-98.934935751,20.324837662],[-98.934888509,20.324551952],[-98.934876649,20.32452508],[-98.93484178,20.324513881],[-98.934780781,20.324532511],[-98.934709478,20.324575771],[-98.934631818,20.324616782],[-98.934508648,20.324647819],[-98.934260708,20.3246854],[-98.93401706,20.324728261],[-98.933756969,20.32476965],[-98.93357232,20.324802019],[-98.933351509,20.324824311],[-98.93312,20.324838649],[-98.933112217,20.32483914],[-98.93233158,20.325060091],[-98.93150075,20.325341832],[-98.93132066,20.32539817],[-98.930895199,20.325482832],[-98.930667847,20.325518801],[-98.93021795,20.325620982],[-98.929936568,20.325676019],[-98.92985103,20.325682341],[-98.929706969,20.325678049],[-98.92942735,20.325741171],[-98.929127568,20.325734261],[-98.928793351,20.325694782],[-98.92876306,20.325691183],[-98.928415319,20.325684262],[-98.9278264,20.325736261],[-98.927657169,20.32573502],[-98.927562199,20.325652292],[-98.92712332,20.325658892],[-98.926572448,20.325654139],[-98.926344629,20.325622418],[-98.926200752,20.325568123],[-98.926102539,20.3253512],[-98.925972799,20.32511471],[-98.926254939,20.324844709],[-98.926524691,20.324488553],[-98.926722817,20.32421291],[-98.92676426,20.323994818],[-98.92674215,20.32375463],[-98.92681383,20.323536263],[-98.926864379,20.32339135],[-98.92691144,20.323256438],[-98.926973447,20.323078679],[-98.92703806,20.322971249],[-98.927143017,20.322320724],[-98.927248568,20.32208651],[-98.927505981,20.321863741],[-98.927608903,20.321786472],[-98.927754169,20.321677419],[-98.927878169,20.321544341],[-98.928107509,20.321118419],[-98.928595079,20.320210382],[-98.92885549,20.31955902],[-98.928936618,20.31932351],[-98.929015568,20.319021061],[-98.929022648,20.31872445],[-98.928981169,20.318345679],[-98.928893369,20.317992321],[-98.92875718,20.317357831],[-98.928514449,20.316268741],[-98.928484248,20.316126752],[-98.928476369,20.316050061],[-98.928503289,20.31595922],[-98.928492999,20.315780141],[-98.928483751,20.315371951],[-98.928458568,20.314851111],[-98.928425618,20.314179153],[-98.928414289,20.313978911],[-98.928417951,20.31380154],[-98.928441568,20.313640461],[-98.928494169,20.31326291],[-98.928600108,20.312669662],[-98.928644708,20.312354341],[-98.92869243,20.311977982],[-98.92869346,20.311814541],[-98.928713539,20.311636511],[-98.92874252,20.311483583],[-98.92876506,20.311324679],[-98.928758169,20.31111208],[-98.928746259,20.310565431],[-98.928750351,20.310034619],[-98.92875969,20.309653941],[-98.928767648,20.30939071],[-98.92876755,20.309361941],[-98.928766199,20.30894848],[-98.928763738,20.308345782],[-98.9287632,20.308111982],[-98.92876315,20.30809742],[-98.9287328,20.30767022],[-98.92869751,20.30725795],[-98.928664909,20.30680548],[-98.92863351,20.306380951],[-98.92863715,20.306270951],[-98.92864632,20.306081831],[-98.928651029,20.305694953],[-98.92866369,20.305279182],[-98.928674249,20.304740752],[-98.928687418,20.304404032],[-98.928682319,20.304148583],[-98.928692981,20.303741783],[-98.92870346,20.303611619],[-98.92879338,20.303088941],[-98.928822738,20.302840911],[-98.928905219,20.302244952],[-98.92892186,20.30215568],[-98.929001049,20.301891419],[-98.929133879,20.301501631],[-98.929283478,20.301105862],[-98.929332539,20.301001741],[-98.929434489,20.30089008],[-98.929441769,20.300881741],[-98.929466689,20.300853141],[-98.929531079,20.300668231],[-98.929647921,20.300321921],[-98.929795449,20.29989808],[-98.929882151,20.299642431],[-98.929958739,20.29949522],[-98.930186879,20.299086783],[-98.930396909,20.298723122],[-98.930523479,20.29853862],[-98.930732279,20.298253921],[-98.93098875,20.29792097],[-98.931669719,20.29705485],[-98.93200032,20.296661781],[-98.93215971,20.2965056],[-98.93267908,20.295959881],[-98.933073689,20.295514261],[-98.93326194,20.295307741],[-98.93336611,20.295131111],[-98.933425379,20.29497711],[-98.93352288,20.294680661],[-98.93359015,20.294455751],[-98.933642029,20.294252661],[-98.93368482,20.29414142],[-98.933736149,20.29400703],[-98.933785849,20.293825651],[-98.933813419,20.29370308],[-98.933850999,20.29346188],[-98.933910659,20.293141941],[-98.93394046,20.293040181],[-98.93402706,20.292888951],[-98.93421049,20.292623261],[-98.934523059,20.292153881],[-98.934883879,20.291507951],[-98.93499211,20.29122197],[-98.935194769,20.29075889],[-98.93532243,20.290478491],[-98.935332285,20.290451],[-98.935333123,20.290396028],[-98.935341223,20.290325914],[-98.93548697,20.28993946],[-98.9355244,20.28981997],[-98.93560672,20.28949326],[-98.93565914,20.289270491],[-98.935792949,20.289029491],[-98.935800979,20.288717721],[-98.93584251,20.2885964],[-98.936017199,20.288273231],[-98.936130708,20.28806042],[-98.936256689,20.287809849],[-98.936292448,20.28777488],[-98.936388369,20.28766922],[-98.93644223,20.28762034],[-98.936508217,20.28758725],[-98.936646581,20.287490352],[-98.9366992,20.287450062],[-98.93674366,20.287379032],[-98.936760508,20.287335751],[-98.936779217,20.287256952],[-98.9367916,20.28721788],[-98.936828709,20.287185681],[-98.936893459,20.287158971],[-98.936932799,20.286958771],[-98.936946678,20.286880225],[-98.936946859,20.2868792],[-98.93697006,20.286747819],[-98.937025689,20.28641728],[-98.9370422,20.2863094],[-98.937166738,20.285861551],[-98.937193919,20.285802751],[-98.937375018,20.285411061],[-98.937664647,20.284736171],[-98.93783595,20.28443248],[-98.937847954,20.284428648],[-98.938432399,20.284242049],[-98.939169679,20.284049],[-98.939902769,20.283811571],[-98.940482478,20.28361448],[-98.940999493,20.283351047],[-98.941178939,20.283251722],[-98.941151139,20.283673151],[-98.9411138,20.284239419],[-98.941100339,20.284373322],[-98.941071539,20.284773031],[-98.941050981,20.285058353],[-98.94104023,20.285199619],[-98.941026368,20.285524921],[-98.94101286,20.285842632],[-98.941003979,20.286201321],[-98.941013144,20.286201432],[-98.941954199,20.286212861],[-98.94275929,20.286201383],[-98.94275801,20.286206991],[-98.942675338,20.286569493],[-98.942611818,20.286834219],[-98.942610628,20.286847518],[-98.942502459,20.288056922],[-98.942474878,20.288640281],[-98.942484339,20.288636685],[-98.942807951,20.288513692],[-98.94392166,20.28812797],[-98.944492708,20.28792251],[-98.945218599,20.287673681],[-98.94521986,20.287681806],[-98.945380368,20.288715781],[-98.945402139,20.288856061],[-98.945585678,20.29003845],[-98.945681379,20.290612231],[-98.945748619,20.291098891],[-98.945756758,20.291097879],[-98.94576318,20.291097081],[-98.945764203,20.291103537],[-98.945809859,20.291391632],[-98.94590923,20.29184588],[-98.945935338,20.291953219],[-98.946204375,20.292991944],[-98.946243577,20.293133443],[-98.94646252,20.29404583],[-98.94656005,20.29447449],[-98.946577577,20.29455777],[-98.946755574,20.295567801],[-98.94685675,20.29612465],[-98.946954157,20.29665234],[-98.947070339,20.29725989],[-98.94710848,20.29747758],[-98.947266883,20.29803085],[-98.94731998,20.298249081],[-98.9473876,20.29852712],[-98.947590568,20.299297208],[-98.947773029,20.299989483],[-98.947921547,20.300709318],[-98.947938659,20.300792262],[-98.948043417,20.301324352],[-98.94811675,20.30179846],[-98.948121501,20.301827762],[-98.948188419,20.302240351],[-98.94824343,20.302573989],[-98.948270017,20.302735232],[-98.94829598,20.30288848],[-98.948296623,20.302892281],[-98.948339678,20.30314628],[-98.948496071,20.303961415],[-98.94859755,20.304490321],[-98.948848909,20.30563497],[-98.949066478,20.306642983],[-98.949395861,20.308243833],[-98.94940726,20.308299231],[-98.949652186,20.309475418],[-98.949794543,20.31015134],[-98.94998131,20.311168819],[-98.950197296,20.312245753],[-98.950354082,20.313010554],[-98.950455209,20.313738631],[-98.950485582,20.314126092],[-98.95048995,20.314213062],[-98.950489909,20.314354249],[-98.950597617,20.314324153],[-98.950623248,20.314331401],[-98.950653629,20.314375971],[-98.950667119,20.314426892],[-98.950677519,20.314548151],[-98.950687539,20.314651152],[-98.950720079,20.314847491],[-98.95076526,20.315101031],[-98.950876751,20.315723431],[-98.951060829,20.316707001],[-98.951141692,20.317097908],[-98.951336679,20.31804051],[-98.951522919,20.318914551],[-98.951553181,20.319052261],[-98.951644138,20.319521521],[-98.951947618,20.320736432],[-98.95201782,20.321057981],[-98.95199702,20.321097683],[-98.95197586,20.321138092],[-98.951931312,20.321156846],[-98.951867138,20.321183862],[-98.949942618,20.32149286],[-98.9491674,20.32173611],[-98.94931717,20.320810571],[-98.94934549,20.32064395],[-98.94945877,20.320091261],[-98.9494722,20.320025771],[-98.949543319,20.31968114],[-98.949503949,20.319642711],[-98.94946491,20.319525651],[-98.94930618,20.319012261],[-98.949160939,20.318562311],[-98.949146489,20.318527281],[-98.949053539,20.31849092],[-98.94887174,20.318479181],[-98.948681739,20.31844315],[-98.94846911,20.31844069],[-98.94841137,20.318442401],[-98.94834028,20.318434351],[-98.94804294,20.31836494],[-98.94784086,20.31831152],[-98.947678259,20.31824075],[-98.947626289,20.31824074],[-98.946743969,20.318341061],[-98.946665819,20.31834746],[-98.94610329,20.3183936],[-98.94575892,20.31842983],[-98.94557612,20.318449081],[-98.94463898,20.318646781],[-98.944553919,20.3186586],[-98.944333599,20.318689231],[-98.94418606,20.31871486],[-98.943688059,20.31884655],[-98.942679579,20.319165861],[-98.942669249,20.31894258],[-98.94253111,20.31764351],[-98.94244595,20.316911551],[-98.942441749,20.31686097],[-98.94239908,20.316865621],[-98.941807799,20.31705254],[-98.941464479,20.31717462],[-98.941052489,20.317342451],[-98.940774019,20.31741875],[-98.940354399,20.317540821],[-98.94012742,20.31711738],[-98.940003449,20.317132651],[-98.93992334,20.317132651],[-98.939841319,20.31714028],[-98.93975168,20.31717842],[-98.939660119,20.31721657],[-98.9395514,20.31725472],[-98.93947511,20.31727378],[-98.9394362,20.31726949],[-98.93942943,20.31730088],[-98.93934363,20.317655031],[-98.939270769,20.317935711],[-98.93912611,20.318439821],[-98.93876605,20.319673401],[-98.93863014,20.32019317],[-98.938589539,20.320324491],[-98.93855769,20.32042749],[-98.938354029,20.320798111],[-98.93829518,20.32096],[-98.93822683,20.32124074],[-98.937885769,20.32259108],[-98.937627878,20.323512183],[-98.937361599,20.324467751],[-98.937259651,20.324863566],[-98.93725115,20.32489657],[-98.93720298,20.32517891],[-98.937137581,20.32539128],[-98.936934139,20.325943001],[-98.936921765,20.325941242],[-98.93668318,20.325907311],[-98.936659819,20.325905849],[-98.936369817,20.325887831]]]]},"properties":{"locality":"Dajiedhi","municipality":null,"official_key":"130030011","CVE_ENT":"13","CVE_MUN":"003","CVE_LOC":"0011","ambito":"RURAL","geometry_kind":"locality","source":"INEGI Gaia — Servicio vectorial del Marco Geoestadístico"}},{"type":"Feature","geometry":{"type":"MultiPolygon","crs":{"type":"name","properties":{"name":"EPSG:6365"}},"coordinates":[[[[-98.973698826,20.295895837],[-98.972435082,20.295765081],[-98.97231577,20.295868293],[-98.969780185,20.295788403],[-98.969572374,20.295527489],[-98.969222274,20.295089754],[-98.969044767,20.294895436],[-98.968405158,20.294210752],[-98.968267417,20.294058021],[-98.968108068,20.293904859],[-98.967831083,20.293642623],[-98.967744572,20.293528646],[-98.967402272,20.292885286],[-98.967100927,20.292485717],[-98.966359193,20.291570819],[-98.9657105,20.290772136],[-98.964590291,20.289346157],[-98.964484725,20.289222143],[-98.963858816,20.28850724],[-98.963655213,20.288307392],[-98.962667561,20.287440941],[-98.961791969,20.2865862],[-98.961681081,20.286477952],[-98.961640431,20.286438092],[-98.96103718,20.285839144],[-98.960185709,20.284993734],[-98.960179387,20.284987456],[-98.959260027,20.283976285],[-98.958075384,20.282650193],[-98.957723375,20.282221276],[-98.957250848,20.281615727],[-98.959028101,20.281082928],[-98.960900115,20.280531006],[-98.961581181,20.280302313],[-98.961676625,20.280202784],[-98.960764794,20.279648806],[-98.960927918,20.277479713],[-98.961037837,20.276152475],[-98.961194904,20.274135145],[-98.961195097,20.274132672],[-98.961482618,20.274239208],[-98.9627546,20.2746418],[-98.96323168,20.27481154],[-98.963231879,20.274811607],[-98.964257817,20.275151188],[-98.96523737,20.27549283],[-98.96719534,20.276159817],[-98.967415455,20.276233321],[-98.967631675,20.276299067],[-98.96816812,20.27646417],[-98.968759294,20.276640244],[-98.969847547,20.27693707],[-98.971534381,20.277367488],[-98.972201655,20.277551642],[-98.972599619,20.277678596],[-98.972790624,20.277780308],[-98.972722904,20.277260624],[-98.972547295,20.276489648],[-98.972393862,20.275940233],[-98.97224686,20.275690615],[-98.97217841,20.275567347],[-98.972091462,20.275179744],[-98.972008352,20.274711587],[-98.972127502,20.274660207],[-98.972197253,20.273861538],[-98.972483902,20.27393924],[-98.972646227,20.273981349],[-98.972811603,20.274023519],[-98.973057158,20.274096561],[-98.973125319,20.274120271],[-98.973262732,20.274163969],[-98.973455149,20.274230793],[-98.973527493,20.27426523],[-98.973630472,20.27435127],[-98.973725822,20.274494151],[-98.97383903,20.27469138],[-98.973898623,20.274869545],[-98.973915409,20.274971866],[-98.973922446,20.275367956],[-98.973917793,20.275734894],[-98.974630628,20.275658535],[-98.975048304,20.275642994],[-98.975223742,20.27565366],[-98.975217298,20.275723614],[-98.975258158,20.275724933],[-98.975376748,20.275728761],[-98.975369033,20.275791218],[-98.975364628,20.275826867],[-98.977043899,20.275519771],[-98.977080626,20.275513055],[-98.979992599,20.279401023],[-98.980055779,20.279490438],[-98.980105907,20.279561383],[-98.980266089,20.27978808],[-98.980281693,20.279810767],[-98.98036592,20.27993323],[-98.980417116,20.280007659],[-98.98061471,20.280294911],[-98.980652457,20.280349791],[-98.980652593,20.280349987],[-98.98110205,20.281003421],[-98.981290608,20.281277546],[-98.981303441,20.281296205],[-98.98176765,20.281971061],[-98.981767687,20.281971112],[-98.985383014,20.286860946],[-98.985114792,20.286823209],[-98.984868031,20.286855915],[-98.984428148,20.286855914],[-98.983620803,20.286687354],[-98.983242612,20.286609362],[-98.98292611,20.286523824],[-98.982582788,20.286503698],[-98.98211072,20.286664711],[-98.980477253,20.286813145],[-98.979315858,20.286921326],[-98.979449968,20.28795281],[-98.979361455,20.288589309],[-98.97914956,20.289749089],[-98.978151778,20.289261027],[-98.978183965,20.289130205],[-98.97785137,20.289024542],[-98.977856038,20.28899608],[-98.977836312,20.288989362],[-98.977816917,20.28898276],[-98.976520618,20.288541405],[-98.976491803,20.288531597],[-98.976416169,20.28850585],[-98.976318928,20.288454255],[-98.97615577,20.289154127],[-98.976051222,20.289735181],[-98.976011341,20.289926365],[-98.975948848,20.290105101],[-98.975874554,20.290242807],[-98.975775053,20.290370413],[-98.975684296,20.290466434],[-98.975648948,20.290550283],[-98.975628364,20.290674658],[-98.975628762,20.290770656],[-98.975649283,20.290876652],[-98.975695603,20.290966364],[-98.975726723,20.291053373],[-98.975748155,20.291118593],[-98.975756877,20.291183559],[-98.975748951,20.291310587],[-98.975703662,20.291516062],[-98.97564561,20.291723684],[-98.975609289,20.291869344],[-98.975582708,20.292034397],[-98.975569,20.292192506],[-98.97556913,20.292300497],[-98.975577638,20.292345556],[-98.975584814,20.292383559],[-98.975594146,20.29243298],[-98.975646753,20.29258281],[-98.975716333,20.292682462],[-98.976475398,20.292883721],[-98.978747228,20.293537809],[-98.97873285,20.293583902],[-98.978452186,20.294483716],[-98.978253703,20.294712644],[-98.978033761,20.294921447],[-98.977730672,20.295089999],[-98.976934056,20.295776781],[-98.976115982,20.296059795],[-98.975753883,20.296227089],[-98.975662689,20.296219541],[-98.974344383,20.296056023],[-98.973797227,20.295931392],[-98.973698826,20.295895837]]]]},"properties":{"locality":"El Daxtha","municipality":null,"official_key":"130030012","CVE_ENT":"13","CVE_MUN":"003","CVE_LOC":"0012","ambito":"URBANO","geometry_kind":"locality","source":"INEGI Gaia — Servicio vectorial del Marco Geoestadístico"}},{"type":"Feature","geometry":{"type":"MultiPolygon","crs":{"type":"name","properties":{"name":"EPSG:6365"}},"coordinates":[[[[-98.917805849,20.296238731],[-98.917800484,20.296258857],[-98.916405736,20.297536815],[-98.915483055,20.29661105],[-98.915182649,20.296379609],[-98.915080723,20.2962337],[-98.915037809,20.295977102],[-98.914989529,20.295836223],[-98.914914427,20.29568025],[-98.91455501,20.294975857],[-98.915601073,20.294497875],[-98.916791974,20.295770815],[-98.917097745,20.295534341],[-98.917805849,20.296238731]]],[[[-98.895500491,20.318554721],[-98.895361017,20.318594967],[-98.895285914,20.318403803],[-98.89477093,20.317729696],[-98.894577812,20.31766933],[-98.894459795,20.317588839],[-98.894298863,20.317397674],[-98.894019912,20.317216569],[-98.893934082,20.317206507],[-98.893912624,20.317126018],[-98.893901895,20.317075711],[-98.894148657,20.315989081],[-98.894373964,20.315777792],[-98.894813847,20.315556439],[-98.894398104,20.315486011],[-98.894256732,20.315466193],[-98.894145814,20.315388369],[-98.89407426,20.315060188],[-98.89417796,20.314863399],[-98.894334415,20.31439776],[-98.894715733,20.314401385],[-98.894874426,20.314641455],[-98.895053023,20.314526357],[-98.895131268,20.314406837],[-98.895142918,20.31424829],[-98.8952145,20.314197825],[-98.895481047,20.314363526],[-98.89563326,20.314609405],[-98.89582504,20.314829499],[-98.895854544,20.315096129],[-98.896015476,20.315053367],[-98.896222005,20.315146435],[-98.896472121,20.315061541],[-98.89678661,20.314981679],[-98.897251975,20.31489993],[-98.897276113,20.315010606],[-98.896372209,20.315521224],[-98.896348069,20.315606747],[-98.896358798,20.315727484],[-98.896390985,20.31590859],[-98.896905969,20.316713501],[-98.896948885,20.316914729],[-98.896981071,20.31699522],[-98.89708836,20.317005281],[-98.897227835,20.316975096],[-98.897420953,20.316954975],[-98.897184919,20.317357428],[-98.896959613,20.31752847],[-98.896777223,20.317930922],[-98.896787953,20.318081842],[-98.896766494,20.318132149],[-98.896723578,20.318162333],[-98.896659206,20.318192516],[-98.896369526,20.318232761],[-98.895500491,20.318554721]]],[[[-98.897858267,20.324785641],[-98.896377689,20.324463694],[-98.897010689,20.323890224],[-98.897879725,20.323266446],[-98.898040657,20.323709128],[-98.897858267,20.324785641]]],[[[-98.905778969,20.318319021],[-98.90492575,20.318385321],[-98.904064289,20.318500251],[-98.90392342,20.317281321],[-98.903610633,20.318117706],[-98.902718265,20.318674847],[-98.903391651,20.319406975],[-98.90256843,20.319849452],[-98.90232848,20.319949958],[-98.90247477,20.320674251],[-98.90234409,20.320692711],[-98.901874649,20.320573711],[-98.90172686,20.32053998],[-98.901507599,20.320516311],[-98.901396459,20.320481421],[-98.901298059,20.32042372],[-98.901224019,20.320349911],[-98.901206519,20.320422631],[-98.901154349,20.32032528],[-98.901079889,20.32010478],[-98.901079599,20.319978781],[-98.90080225,20.318899221],[-98.900802489,20.31874923],[-98.90077025,20.31817766],[-98.90079303,20.318016141],[-98.900836089,20.316969491],[-98.900892709,20.31632991],[-98.900968399,20.31621877],[-98.901656661,20.316068836],[-98.902377807,20.31559532],[-98.90276308,20.314637891],[-98.902857599,20.31446498],[-98.902929599,20.314320061],[-98.903017739,20.314137081],[-98.903192309,20.3138098],[-98.903724059,20.31278297],[-98.9041302,20.312092091],[-98.90455272,20.31125077],[-98.904613929,20.311184985],[-98.904514203,20.311104108],[-98.90412432,20.31065056],[-98.903925013,20.31048062],[-98.90370954,20.310241314],[-98.90430917,20.309990641],[-98.904603028,20.309918564],[-98.904689309,20.30990188],[-98.90471822,20.309861681],[-98.90477271,20.309814781],[-98.904807079,20.309757891],[-98.90482122,20.309695781],[-98.90481497,20.30963566],[-98.904832459,20.30953763],[-98.90487502,20.30945691],[-98.905013629,20.309402141],[-98.90519942,20.309398711],[-98.905573979,20.309927091],[-98.90584494,20.310314181],[-98.905891089,20.31038082],[-98.90684292,20.30980077],[-98.907569709,20.30928797],[-98.907630909,20.30928154],[-98.90770355,20.30930797],[-98.90775734,20.30935898],[-98.90776077,20.30974302],[-98.90776231,20.31002094],[-98.90775185,20.31045771],[-98.90773843,20.311510741],[-98.907726999,20.31192625],[-98.90770457,20.31265811],[-98.90770049,20.31301678],[-98.90770666,20.31317606],[-98.907931419,20.313202941],[-98.90914506,20.313112121],[-98.90932131,20.31309131],[-98.910747019,20.312967911],[-98.91133458,20.31291705],[-98.91174042,20.31288191],[-98.91227252,20.312835861],[-98.91243755,20.312828431],[-98.912483509,20.31282145],[-98.912512019,20.312817111],[-98.913310319,20.312751031],[-98.91423143,20.31267478],[-98.914677689,20.31251922],[-98.91496843,20.31239014],[-98.91550649,20.312125721],[-98.916137549,20.31186615],[-98.917185219,20.31143743],[-98.91775054,20.31124372],[-98.91793714,20.311419021],[-98.91800289,20.311453801],[-98.917410719,20.311984741],[-98.91700817,20.312468721],[-98.916463059,20.31293008],[-98.91620883,20.3131558],[-98.916186059,20.313183201],[-98.916155149,20.31322042],[-98.91477118,20.31443922],[-98.914500749,20.31473015],[-98.913948921,20.3152028],[-98.913399423,20.315703238],[-98.913941584,20.316065328],[-98.913592696,20.316591748],[-98.913522245,20.316560885],[-98.913404363,20.316495849],[-98.912955138,20.31713524],[-98.912836927,20.317201991],[-98.912766997,20.317286349],[-98.913050819,20.31808317],[-98.913307419,20.318711141],[-98.91339846,20.31887137],[-98.9132638,20.31887698],[-98.910960719,20.31903389],[-98.9107982,20.319045341],[-98.910745,20.31904882],[-98.91069212,20.31912078],[-98.909960603,20.320074917],[-98.910206958,20.320321762],[-98.910340865,20.3205961],[-98.91043722,20.320981109],[-98.909554871,20.3216382],[-98.908946749,20.322082226],[-98.90856181,20.321533759],[-98.908641626,20.321871422],[-98.907640116,20.3220304],[-98.907105313,20.321832211],[-98.906936679,20.321658607],[-98.906551954,20.321108995],[-98.906269152,20.32073042],[-98.906088237,20.320499921],[-98.906222917,20.3202017],[-98.90596063,20.320497086],[-98.905669274,20.320696041],[-98.906202167,20.319170689],[-98.906197558,20.318597665],[-98.906135325,20.318290617],[-98.905778969,20.318319021]]]]},"properties":{"locality":"La Estancia","municipality":null,"official_key":"130030013","CVE_ENT":"13","CVE_MUN":"003","CVE_LOC":"0013","ambito":"RURAL","geometry_kind":"locality","source":"INEGI Gaia — Servicio vectorial del Marco Geoestadístico"}},{"type":"Feature","geometry":{"type":"MultiPolygon","crs":{"type":"name","properties":{"name":"EPSG:6365"}},"coordinates":[[[[-98.958046777,20.242432975],[-98.958104352,20.242246957],[-98.957816152,20.242315771],[-98.957542709,20.242346552],[-98.957230381,20.242298371],[-98.957126461,20.242373552],[-98.956442861,20.24233],[-98.956894509,20.241594201],[-98.957350521,20.24092071],[-98.957945982,20.240096109],[-98.958393352,20.239508661],[-98.958558318,20.2392184],[-98.958750751,20.238801118],[-98.958802477,20.238535794],[-98.958817377,20.238212143],[-98.958834702,20.237780557],[-98.958595309,20.23774585],[-98.957868448,20.237281632],[-98.958656557,20.237222679],[-98.959054369,20.237169452],[-98.959048686,20.237082951],[-98.958992588,20.236354743],[-98.95895016,20.236206317],[-98.958874638,20.236003237],[-98.958855243,20.235848073],[-98.958858047,20.235383803],[-98.958820701,20.234839542],[-98.958798775,20.234457565],[-98.958842241,20.234390045],[-98.958927719,20.234319768],[-98.959058937,20.234250406],[-98.959185536,20.234216945],[-98.959161184,20.233942902],[-98.959099859,20.233786899],[-98.958981438,20.233626155],[-98.95884412,20.233457832],[-98.958756598,20.233279709],[-98.958661278,20.232939455],[-98.958615271,20.232610987],[-98.958417485,20.231739568],[-98.958174653,20.230327335],[-98.958082248,20.229857561],[-98.957918462,20.229170394],[-98.957897936,20.2290656],[-98.957842621,20.228981706],[-98.957367835,20.228502573],[-98.957637017,20.22833337],[-98.957885247,20.228150291],[-98.958176848,20.227947891],[-98.95831249,20.22783778],[-98.95843268,20.22780703],[-98.959020271,20.227203193],[-98.959132557,20.226957801],[-98.959167126,20.226369631],[-98.959277399,20.226106019],[-98.959313104,20.225931103],[-98.95941594,20.22569896],[-98.959485309,20.225598605],[-98.959557018,20.225575085],[-98.95965481,20.225567444],[-98.959984403,20.225199702],[-98.960229277,20.22498192],[-98.960359464,20.224980685],[-98.960591028,20.224902772],[-98.961975578,20.22419715],[-98.963113912,20.223768787],[-98.96353972,20.223675923],[-98.963792891,20.223697219],[-98.96390663,20.22373237],[-98.964571339,20.223928831],[-98.96591726,20.224323262],[-98.968269829,20.225015091],[-98.96893669,20.225199784],[-98.969440817,20.225394449],[-98.969444448,20.226606371],[-98.969436152,20.227243461],[-98.969436499,20.227309189],[-98.969436502,20.227309892],[-98.969436503,20.227310016],[-98.969436939,20.22739306],[-98.969440299,20.228034403],[-98.969440679,20.22810685],[-98.96944986,20.229859479],[-98.96944609,20.230685819],[-98.96939538,20.230985401],[-98.969282647,20.231725383],[-98.969093169,20.232854583],[-98.969075803,20.232935981],[-98.96907512,20.232939181],[-98.968771095,20.234847865],[-98.968598877,20.235675249],[-98.968450229,20.236301784],[-98.968268521,20.236746171],[-98.96809892,20.23724577],[-98.967915848,20.237860219],[-98.96769046,20.238610111],[-98.967689949,20.238611812],[-98.96767069,20.238675891],[-98.967127817,20.240566831],[-98.967059729,20.240789033],[-98.967059418,20.24079005],[-98.96703989,20.240853781],[-98.966869521,20.24140977],[-98.966652461,20.242094922],[-98.966481868,20.242704364],[-98.966480646,20.242708728],[-98.96647226,20.24273869],[-98.966356124,20.243253861],[-98.966377291,20.243295078],[-98.966400088,20.243339469],[-98.966490431,20.243390839],[-98.967022605,20.243627242],[-98.9670891,20.243653512],[-98.968166383,20.24407648],[-98.967897169,20.244199487],[-98.967414091,20.24442621],[-98.966995924,20.244649428],[-98.966431013,20.244953702],[-98.966155211,20.24512097],[-98.965980679,20.245250664],[-98.965638301,20.24555218],[-98.965297817,20.245882529],[-98.965062437,20.246117792],[-98.964515467,20.246641985],[-98.964243671,20.246913714],[-98.964163343,20.246992257],[-98.963850912,20.247321343],[-98.963201983,20.247913085],[-98.963043562,20.248061096],[-98.962681899,20.248428211],[-98.96244981,20.248674875],[-98.96182475,20.249346936],[-98.961402794,20.249794432],[-98.960603481,20.250627921],[-98.959634432,20.25165958],[-98.959501201,20.252496794],[-98.959465205,20.252740838],[-98.959399471,20.252977128],[-98.959302643,20.253299104],[-98.959215761,20.25354453],[-98.959122116,20.253751426],[-98.959047826,20.253889119],[-98.958926116,20.254100253],[-98.958732764,20.254444334],[-98.958504152,20.25477331],[-98.95827174,20.254992431],[-98.957973501,20.255308015],[-98.957571225,20.255666505],[-98.95710225,20.256056689],[-98.956796523,20.256314491],[-98.956641357,20.255974843],[-98.956569208,20.255791023],[-98.956550541,20.255603476],[-98.956550427,20.255495488],[-98.956568853,20.255241493],[-98.956585451,20.255181834],[-98.95656019,20.255061345],[-98.956456188,20.254824095],[-98.956321686,20.254586235],[-98.956189565,20.25435562],[-98.956127637,20.254169606],[-98.956078796,20.253967056],[-98.956098308,20.253777874],[-98.95619638,20.253374296],[-98.956725086,20.251573147],[-98.956942433,20.25095359],[-98.957065485,20.250569711],[-98.957115978,20.250359553],[-98.957106938,20.250196195],[-98.956994666,20.249987577],[-98.956502876,20.249356218],[-98.956045808,20.248763947],[-98.955721883,20.248356717],[-98.955365456,20.247812054],[-98.95524005,20.247622369],[-98.955196624,20.247518314],[-98.955158174,20.247419157],[-98.955146643,20.247140568],[-98.955163667,20.246948938],[-98.955171827,20.246812321],[-98.955191019,20.246750315],[-98.955313553,20.246560772],[-98.955333168,20.246534796],[-98.955839966,20.245933042],[-98.955986872,20.245732016],[-98.956196552,20.245453059],[-98.956479442,20.245084382],[-98.956707934,20.244760208],[-98.956962163,20.244422151],[-98.957067811,20.244246694],[-98.957187297,20.244021121],[-98.957295054,20.243864903],[-98.957457204,20.243664181],[-98.957605676,20.243506379],[-98.957763551,20.243269577],[-98.957859677,20.243065133],[-98.957964013,20.242721674],[-98.958046777,20.242432975]]]]},"properties":{"locality":"El Huaxtho","municipality":null,"official_key":"130030014","CVE_ENT":"13","CVE_MUN":"003","CVE_LOC":"0014","ambito":"URBANO","geometry_kind":"locality","source":"INEGI Gaia — Servicio vectorial del Marco Geoestadístico"}},{"type":"Feature","geometry":{"type":"MultiPolygon","crs":{"type":"name","properties":{"name":"EPSG:6365"}},"coordinates":[[[[-98.927444463,20.263685105],[-98.927443977,20.263684739],[-98.927402759,20.263685705],[-98.927347718,20.263690712],[-98.927264745,20.263706477],[-98.927263821,20.263706652],[-98.927249832,20.263703826],[-98.927241227,20.263702089],[-98.927191212,20.263691988],[-98.92719054,20.263691852],[-98.927179692,20.263684853],[-98.927168282,20.263677488],[-98.927165143,20.263675462],[-98.927163698,20.263674529],[-98.92716297,20.263674059],[-98.927160291,20.263672331],[-98.927159734,20.263671971],[-98.927157821,20.263670737],[-98.927157723,20.263670661],[-98.927157419,20.263670422],[-98.927157412,20.263670392],[-98.92715736,20.263670202],[-98.927157337,20.263670115],[-98.927157274,20.263669878],[-98.927157251,20.263669793],[-98.927157227,20.263669701],[-98.927157135,20.263669361],[-98.927156996,20.26366884],[-98.927156601,20.263667362],[-98.927147715,20.26363411],[-98.927145047,20.263624125],[-98.927132569,20.263577431],[-98.92713686,20.26328006],[-98.92713077,20.262871928],[-98.92712629,20.26257169],[-98.92714355,20.26253588],[-98.92716992,20.26248331],[-98.927213859,20.26246795],[-98.927214169,20.262467851],[-98.927215459,20.26246738],[-98.92723318,20.262461201],[-98.927277211,20.262446337],[-98.927302798,20.2624377],[-98.92733322,20.262427431],[-98.927766015,20.262407673],[-98.928225936,20.262386676],[-98.928225973,20.262386673],[-98.928226194,20.262386663],[-98.92848775,20.262374721],[-98.928495326,20.262374415],[-98.928623619,20.26236922],[-98.928638466,20.262365008],[-98.928669729,20.262356138],[-98.928677969,20.2623538],[-98.928750202,20.262309652],[-98.92875642,20.262305851],[-98.928798712,20.262294659],[-98.928825943,20.262287452],[-98.92889309,20.262269681],[-98.928939969,20.26225726],[-98.928998654,20.262250288],[-98.92945683,20.262195851],[-98.929469981,20.262193029],[-98.929514357,20.262183505],[-98.92954,20.262178001],[-98.92958188,20.262156081],[-98.929603149,20.262130481],[-98.929606129,20.262105572],[-98.929607419,20.26209478],[-98.92959751,20.26207508],[-98.929588905,20.262065069],[-98.929576709,20.262050881],[-98.92956635,20.262017261],[-98.929531481,20.261995954],[-98.92945708,20.26195049],[-98.929348099,20.261883895],[-98.929200718,20.261793836],[-98.929187703,20.261785883],[-98.928995481,20.261668421],[-98.928995454,20.261668405],[-98.92893182,20.26162952],[-98.928865415,20.261588955],[-98.92886058,20.261586001],[-98.928854251,20.261587849],[-98.928834208,20.261593702],[-98.9288224,20.26159715],[-98.928835445,20.261585986],[-98.928844314,20.261408006],[-98.92886627,20.261045617],[-98.928875912,20.260816611],[-98.928877366,20.260794729],[-98.928878504,20.260772635],[-98.92888277,20.260575519],[-98.9288866,20.260272276],[-98.928892672,20.260027151],[-98.928896455,20.259681194],[-98.928896845,20.259529542],[-98.92888918,20.259462736],[-98.928762403,20.258353504],[-98.92794078,20.25845951],[-98.927913705,20.258442598],[-98.927834612,20.25843188],[-98.927692152,20.258412202],[-98.927668932,20.258404534],[-98.927464796,20.258346174],[-98.927232794,20.258260853],[-98.927098203,20.258141027],[-98.927052087,20.258076818],[-98.927035595,20.258053853],[-98.926996696,20.25795276],[-98.926894653,20.257676173],[-98.92688886,20.257658391],[-98.926849488,20.257537517],[-98.926783871,20.257336538],[-98.926721115,20.257233522],[-98.92655046,20.257216312],[-98.926148329,20.257277288],[-98.925941316,20.257300937],[-98.925884307,20.257303143],[-98.925782322,20.257303959],[-98.92564058,20.257297492],[-98.925591606,20.257270585],[-98.925543227,20.25718762],[-98.925532133,20.257168595],[-98.925505886,20.257116645],[-98.925478113,20.257061676],[-98.925442729,20.257007447],[-98.925792544,20.256630097],[-98.92623626,20.255658987],[-98.926574198,20.254942322],[-98.926900876,20.254273421],[-98.927185647,20.253709559],[-98.927359245,20.253287129],[-98.927475245,20.25324568],[-98.927485802,20.253234604],[-98.927569079,20.253276825],[-98.927697154,20.253402014],[-98.927824559,20.253496378],[-98.927886498,20.25350239],[-98.927886671,20.253502531],[-98.927888102,20.253503703],[-98.927902368,20.253515372],[-98.927902656,20.253515608],[-98.927902837,20.253515759],[-98.927903917,20.253516641],[-98.927905443,20.25351789],[-98.927913316,20.253524331],[-98.92791355,20.253524521],[-98.928783669,20.25303546],[-98.92880717,20.253022251],[-98.928836591,20.253012834],[-98.928840384,20.253011621],[-98.928844767,20.253010217],[-98.928845247,20.253010063],[-98.92885306,20.253007564],[-98.928890733,20.252995506],[-98.928893737,20.252994544],[-98.928952739,20.25297566],[-98.929044543,20.252992049],[-98.929049216,20.252992883],[-98.929121341,20.25300576],[-98.9294638,20.253066891],[-98.929634002,20.253088816],[-98.929806712,20.253121439],[-98.930217089,20.253740466],[-98.930304907,20.253667142],[-98.930305248,20.253666928],[-98.930313753,20.253661612],[-98.930383496,20.253618022],[-98.930384839,20.253617182],[-98.930387859,20.253615294],[-98.930389959,20.253613982],[-98.930399409,20.253608076],[-98.930414453,20.253598672],[-98.930431416,20.253588071],[-98.930505372,20.253541847],[-98.93050668,20.25354103],[-98.930508066,20.253539748],[-98.93096477,20.253117711],[-98.931092519,20.25298825],[-98.931092992,20.252987649],[-98.931307549,20.25271462],[-98.93157072,20.252457831],[-98.931602273,20.252427042],[-98.931612004,20.252417549],[-98.931616466,20.252413193],[-98.93161681,20.252412857],[-98.931618805,20.252410911],[-98.931619725,20.252410013],[-98.931620234,20.252409516],[-98.931621064,20.252408707],[-98.931632198,20.252397844],[-98.931633987,20.252396099],[-98.931638301,20.252391888],[-98.931654584,20.252385493],[-98.931670847,20.252379106],[-98.932191195,20.252366526],[-98.93242723,20.252379107],[-98.933580581,20.252525057],[-98.934545969,20.252655309],[-98.93462858,20.25261365],[-98.934630444,20.252615976],[-98.934664983,20.252659097],[-98.93467866,20.252676172],[-98.934678994,20.25267659],[-98.935100229,20.253202491],[-98.935658522,20.253901387],[-98.937246391,20.25596479],[-98.938456542,20.257010659],[-98.938410948,20.257054657],[-98.939775402,20.2583584],[-98.939686138,20.258404964],[-98.939071235,20.258811882],[-98.939016132,20.25886649],[-98.938455265,20.260028245],[-98.938379546,20.260143704],[-98.938297812,20.260244043],[-98.938239198,20.260305854],[-98.938043858,20.260504691],[-98.937942609,20.260663909],[-98.937802885,20.260995129],[-98.93772893,20.26120673],[-98.937673364,20.261414863],[-98.937621992,20.26161732],[-98.937579501,20.261697093],[-98.937494395,20.261772168],[-98.937400034,20.261806741],[-98.937298626,20.261793178],[-98.937093393,20.261693055],[-98.936932417,20.26161494],[-98.936804705,20.261595088],[-98.93667768,20.261634761],[-98.936526289,20.261762252],[-98.936291904,20.262051248],[-98.936113418,20.262297216],[-98.936006448,20.262529268],[-98.93595815,20.262685714],[-98.935916118,20.262924835],[-98.935802361,20.263097238],[-98.935639419,20.263195698],[-98.93544005,20.263285745],[-98.93511192,20.263415515],[-98.935107509,20.26341726],[-98.934641801,20.26269068],[-98.934558819,20.262565528],[-98.93455285,20.262556524],[-98.934433773,20.262694264],[-98.934215354,20.262906789],[-98.933914338,20.26317332],[-98.933658413,20.263335173],[-98.933487466,20.263427711],[-98.933293891,20.26353131],[-98.93304723,20.263643437],[-98.932889309,20.263699762],[-98.932684707,20.263751305],[-98.932445362,20.263809826],[-98.932185945,20.263856422],[-98.931315316,20.264032737],[-98.930497381,20.264217791],[-98.93030887,20.264277335],[-98.930112052,20.26434439],[-98.929918778,20.264434553],[-98.929696077,20.264566355],[-98.929528758,20.26467816],[-98.929412709,20.264771802],[-98.929321105,20.264864019],[-98.929262862,20.264920435],[-98.928823581,20.265428049],[-98.928402996,20.265885116],[-98.928273082,20.26605706],[-98.928134384,20.26624063],[-98.928093264,20.266314251],[-98.928025411,20.266482789],[-98.927928243,20.266730392],[-98.927806222,20.266729576],[-98.927670481,20.265017081],[-98.927552045,20.263766366],[-98.927513036,20.263736901],[-98.927444463,20.263685105]]]]},"properties":{"locality":"La Loma","municipality":null,"official_key":"130030015","CVE_ENT":"13","CVE_MUN":"003","CVE_LOC":"0015","ambito":"RURAL","geometry_kind":"locality","source":"INEGI Gaia — Servicio vectorial del Marco Geoestadístico"}},{"type":"Feature","geometry":{"type":"MultiPolygon","crs":{"type":"name","properties":{"name":"EPSG:6365"}},"coordinates":[[[[-98.859044919,20.30073137],[-98.858399119,20.300413121],[-98.857981879,20.300307851],[-98.857398369,20.300055001],[-98.85701057,20.29990837],[-98.856187829,20.299823781],[-98.85581298,20.299823481],[-98.85522391,20.29985054],[-98.85497635,20.299785],[-98.855199019,20.29959557],[-98.85565711,20.29927723],[-98.856318719,20.29902766],[-98.85674849,20.298737661],[-98.85733557,20.298502291],[-98.8580166,20.298298251],[-98.858293879,20.29814292],[-98.858598939,20.29807469],[-98.85879646,20.298066651],[-98.85889817,20.298003721],[-98.858947649,20.297905171],[-98.859021219,20.297793971],[-98.85890718,20.297759381],[-98.858838429,20.297805971],[-98.858785969,20.297812281],[-98.85850988,20.297802221],[-98.85832172,20.297775051],[-98.858223739,20.297769971],[-98.85810585,20.297792351],[-98.85797986,20.297813541],[-98.85785518,20.297822221],[-98.857661659,20.29783769],[-98.857494289,20.297843171],[-98.85738428,20.297814481],[-98.85733748,20.297760171],[-98.857269909,20.297563521],[-98.857255909,20.29746532],[-98.85810929,20.29734474],[-98.85808534,20.29723674],[-98.858022419,20.297054971],[-98.857885109,20.29692158],[-98.85745228,20.29624189],[-98.857374279,20.29617729],[-98.857314319,20.296158051],[-98.8572478,20.29614768],[-98.85715522,20.29616375],[-98.857094219,20.29618949],[-98.857060889,20.2962548],[-98.85708478,20.296321291],[-98.85713009,20.296437421],[-98.85712312,20.29651886],[-98.857081379,20.296563601],[-98.85699665,20.296597851],[-98.85691337,20.296569721],[-98.85684832,20.29652278],[-98.85680434,20.29644508],[-98.85675766,20.296374521],[-98.856697749,20.296325281],[-98.856660909,20.296269321],[-98.85664771,20.29618026],[-98.856664579,20.29611102],[-98.856737939,20.29601894],[-98.85711028,20.29575786],[-98.857265599,20.29564109],[-98.85734018,20.29549625],[-98.85739405,20.295367771],[-98.85748377,20.29522803],[-98.85764032,20.294729721],[-98.857688281,20.294680053],[-98.857728939,20.29463795],[-98.8577912,20.29466188],[-98.858038,20.294661881],[-98.858252319,20.294628381],[-98.85845931,20.294636061],[-98.858668739,20.29461663],[-98.858871799,20.2946378],[-98.859082229,20.294656821],[-98.859492319,20.294690181],[-98.859804909,20.29473723],[-98.860015969,20.294693601],[-98.860398784,20.294668322],[-98.860588477,20.294502164],[-98.860731832,20.293847838],[-98.860911253,20.293766848],[-98.861141347,20.293826254],[-98.861429875,20.293844435],[-98.861727983,20.29378017],[-98.862817725,20.294597546],[-98.863023101,20.294803375],[-98.863240736,20.29491315],[-98.863525802,20.295293704],[-98.863430746,20.295571797],[-98.863777077,20.29653049],[-98.86369726,20.296878091],[-98.863737819,20.297117881],[-98.863774649,20.297397771],[-98.863749279,20.29764154],[-98.863733769,20.297687121],[-98.863587999,20.29792731],[-98.86352805,20.298048431],[-98.86334894,20.29843198],[-98.863063109,20.29892045],[-98.86290625,20.29921054],[-98.862803199,20.299357891],[-98.86271529,20.29940108],[-98.86269182,20.29942991],[-98.862593829,20.29960503],[-98.862575599,20.29969848],[-98.86252785,20.30002325],[-98.862496489,20.30007766],[-98.862424779,20.30016454],[-98.86224071,20.30032729],[-98.86199855,20.300541401],[-98.861980749,20.30057232],[-98.86197498,20.300616691],[-98.86197495,20.300649151],[-98.86196575,20.30067078],[-98.861947419,20.30068528],[-98.86190077,20.30068697],[-98.861858719,20.30066451],[-98.861817579,20.30065758],[-98.861759939,20.300686],[-98.86153445,20.30082542],[-98.861297379,20.30100226],[-98.861212119,20.3010522],[-98.861174139,20.301170021],[-98.86123466,20.30125935],[-98.86132925,20.30137906],[-98.8613542,20.301470601],[-98.861270229,20.30145795],[-98.861169149,20.30142686],[-98.861040019,20.301369231],[-98.86067046,20.30126403],[-98.860458819,20.30116572],[-98.860085659,20.301063911],[-98.85972328,20.30097563],[-98.859582539,20.30093742],[-98.859458109,20.300901181],[-98.859206319,20.30078386],[-98.859044919,20.30073137]]]]},"properties":{"locality":"Santa María Magdalena","municipality":null,"official_key":"130030016","CVE_ENT":"13","CVE_MUN":"003","CVE_LOC":"0016","ambito":"RURAL","geometry_kind":"locality","source":"INEGI Gaia — Servicio vectorial del Marco Geoestadístico"}},{"type":"Feature","geometry":{"type":"MultiPolygon","crs":{"type":"name","properties":{"name":"EPSG:6365"}},"coordinates":[[[[-98.938815089,20.248217741],[-98.93907634,20.24742535],[-98.93932877,20.24667503],[-98.939495391,20.246179779],[-98.939502459,20.246158771],[-98.939452717,20.24602651],[-98.939450663,20.246021052],[-98.939450514,20.246020653],[-98.93944022,20.245993281],[-98.93942119,20.245942687],[-98.939421179,20.24594266],[-98.939416284,20.24592965],[-98.939416248,20.245929551],[-98.939362896,20.245787703],[-98.938651419,20.24389605],[-98.9386124,20.24379231],[-98.938594596,20.243747348],[-98.940029619,20.24288303],[-98.94020209,20.24277895],[-98.940222974,20.242766496],[-98.942293404,20.241531698],[-98.943187113,20.241001246],[-98.943177554,20.241542685],[-98.943210982,20.242120249],[-98.943237266,20.242388558],[-98.943246461,20.242802939],[-98.943252556,20.244750303],[-98.943204735,20.245204479],[-98.943203844,20.245212937],[-98.942519504,20.245925298],[-98.942576969,20.24625518],[-98.94269592,20.24695775],[-98.94286225,20.247380684],[-98.942909954,20.247789212],[-98.943028204,20.247824753],[-98.942991769,20.247917521],[-98.94289625,20.24800392],[-98.942817509,20.2480676],[-98.9427762,20.24809557],[-98.942716277,20.248115123],[-98.942609152,20.2481384],[-98.942450877,20.248161722],[-98.942265491,20.248186279],[-98.94219589,20.248218921],[-98.942083782,20.24826797],[-98.941875581,20.248313217],[-98.941695447,20.248320709],[-98.941443248,20.248279092],[-98.941158351,20.248263752],[-98.940693951,20.248320249],[-98.940499861,20.248379771],[-98.940482373,20.248388006],[-98.940443138,20.248406492],[-98.940206599,20.248507601],[-98.93982417,20.248585692],[-98.939492909,20.248617418],[-98.93916349,20.248567581],[-98.938871179,20.24845131],[-98.938769025,20.248364726],[-98.938775424,20.248344312],[-98.938775441,20.248344258],[-98.938788984,20.248301039],[-98.938815089,20.248217741]]]]},"properties":{"locality":"El Palomo","municipality":null,"official_key":"130030019","CVE_ENT":"13","CVE_MUN":"003","CVE_LOC":"0019","ambito":"RURAL","geometry_kind":"locality","source":"INEGI Gaia — Servicio vectorial del Marco Geoestadístico"}},{"type":"Feature","geometry":{"type":"MultiPolygon","crs":{"type":"name","properties":{"name":"EPSG:6365"}},"coordinates":[[[[-98.912938348,20.278253],[-98.912951446,20.277678685],[-98.912952354,20.277638952],[-98.913594257,20.277783975],[-98.913936449,20.277877652],[-98.914096515,20.277884501],[-98.914403361,20.277811541],[-98.914698933,20.277731152],[-98.915288929,20.277620743],[-98.915534696,20.277585126],[-98.915572159,20.277579697],[-98.915300452,20.277282616],[-98.914976267,20.276944873],[-98.91446295,20.276704079],[-98.91438747,20.276639753],[-98.914370646,20.276625415],[-98.914338713,20.276528503],[-98.914338702,20.276528476],[-98.914120689,20.275866801],[-98.914181449,20.27572975],[-98.91427998,20.275544091],[-98.91435025,20.27521955],[-98.91444646,20.274905431],[-98.914512952,20.274724767],[-98.914580927,20.274540078],[-98.91472523,20.274148],[-98.91487145,20.273750151],[-98.914924859,20.27347468],[-98.914918209,20.273406428],[-98.914914182,20.273365089],[-98.914913846,20.273361625],[-98.914903649,20.27325694],[-98.914882165,20.273106172],[-98.914860988,20.272957557],[-98.914858479,20.272939951],[-98.914857373,20.272909307],[-98.914842429,20.272495141],[-98.914839331,20.272406069],[-98.914836212,20.272316379],[-98.914826309,20.272031551],[-98.914817391,20.27202],[-98.914816617,20.272018997],[-98.914815143,20.272017088],[-98.91456682,20.271695401],[-98.914313384,20.271375769],[-98.914248786,20.271294299],[-98.91422057,20.271258711],[-98.914116778,20.270984515],[-98.914028988,20.270786285],[-98.914107238,20.27075726],[-98.914135654,20.270746719],[-98.914958383,20.270441534],[-98.914959738,20.270441031],[-98.91480046,20.269886831],[-98.915048275,20.269489737],[-98.915235281,20.269150415],[-98.915324466,20.269087393],[-98.915509166,20.268974491],[-98.91564785,20.268896472],[-98.91573258,20.268838678],[-98.915858174,20.268683807],[-98.916000666,20.26843043],[-98.916043308,20.268354606],[-98.916268555,20.268095208],[-98.916486079,20.267895647],[-98.916713775,20.267752803],[-98.916837672,20.267710596],[-98.917032603,20.267658298],[-98.917077161,20.267646343],[-98.917342205,20.267600512],[-98.917444802,20.26758277],[-98.918148663,20.267495299],[-98.918522534,20.267426091],[-98.918852542,20.267317596],[-98.919209248,20.267198125],[-98.919575296,20.267079651],[-98.919696669,20.267110913],[-98.919917304,20.267193374],[-98.920170599,20.267237503],[-98.920499496,20.267172178],[-98.921119503,20.267025761],[-98.921464081,20.266969751],[-98.921752532,20.26700559],[-98.922188295,20.266993419],[-98.922880763,20.26687546],[-98.923489853,20.266765505],[-98.923582967,20.266748695],[-98.923708447,20.266682244],[-98.923838265,20.266564887],[-98.924019804,20.266409582],[-98.923921717,20.266401248],[-98.923819918,20.266414413],[-98.923476779,20.266430651],[-98.923305211,20.266406059],[-98.923219425,20.265407427],[-98.923653989,20.265352354],[-98.923645916,20.265014118],[-98.924084066,20.264965537],[-98.924092223,20.265042279],[-98.924123249,20.265334178],[-98.924123381,20.265335414],[-98.924167355,20.265749106],[-98.924170409,20.26577785],[-98.924223017,20.266272771],[-98.924234417,20.266355322],[-98.924241029,20.266403309],[-98.924241891,20.266403682],[-98.924242184,20.266403809],[-98.924232986,20.266560382],[-98.924433816,20.26656601],[-98.924540673,20.266608487],[-98.92467517,20.266687999],[-98.924787299,20.266767059],[-98.924946851,20.266818282],[-98.925165854,20.26684959],[-98.925373354,20.266849949],[-98.925555159,20.266817152],[-98.925772057,20.266762027],[-98.925976535,20.266716251],[-98.926190701,20.266691787],[-98.926418404,20.266698311],[-98.926606862,20.266730919],[-98.92681102,20.266788802],[-98.926954044,20.266851207],[-98.927075638,20.266967052],[-98.927287281,20.267225459],[-98.927685333,20.26783823],[-98.927815912,20.268023248],[-98.927913171,20.268147386],[-98.927935557,20.268540904],[-98.92796689,20.269042595],[-98.927975026,20.269311525],[-98.927959718,20.269537749],[-98.92793817,20.26973562],[-98.927629738,20.270722952],[-98.92758,20.27092203],[-98.927537077,20.271098262],[-98.927509938,20.27139768],[-98.927508464,20.271824182],[-98.927557734,20.272174335],[-98.927653272,20.272672506],[-98.92756748,20.27268845],[-98.927273951,20.272944219],[-98.9268944,20.273140522],[-98.926449368,20.273419479],[-98.925370308,20.273901583],[-98.924740309,20.2742068],[-98.924202301,20.274414294],[-98.923380538,20.274731217],[-98.923062782,20.274724784],[-98.922698781,20.274795401],[-98.922470399,20.274872123],[-98.921752077,20.275145079],[-98.921062051,20.274278732],[-98.920615114,20.273749948],[-98.919985786,20.273211097],[-98.919790978,20.272795533],[-98.918947919,20.272844388],[-98.919091913,20.27397011],[-98.920504738,20.275675139],[-98.920067939,20.275868753],[-98.919087017,20.276246983],[-98.918721338,20.27638714],[-98.917876229,20.276749721],[-98.91779195,20.276753481],[-98.91691615,20.277185661],[-98.916938619,20.27723291],[-98.91692469,20.277285432],[-98.916596581,20.277845109],[-98.916242321,20.278325062],[-98.916125886,20.278548089],[-98.916021631,20.278881937],[-98.916000479,20.279140678],[-98.915240816,20.27944202],[-98.914906848,20.279588823],[-98.91371535,20.280313342],[-98.91346454,20.27971312],[-98.913812719,20.27938903],[-98.912938348,20.278253]]]]},"properties":{"locality":"La Peña","municipality":null,"official_key":"130030020","CVE_ENT":"13","CVE_MUN":"003","CVE_LOC":"0020","ambito":"RURAL","geometry_kind":"locality","source":"INEGI Gaia — Servicio vectorial del Marco Geoestadístico"}},{"type":"Feature","geometry":{"type":"MultiPolygon","crs":{"type":"name","properties":{"name":"EPSG:6365"}},"coordinates":[[[[-98.86463329,20.33675192],[-98.864471799,20.336776061],[-98.864343219,20.336774721],[-98.864147749,20.336757171],[-98.864018399,20.336736251],[-98.863807909,20.33669885],[-98.86359809,20.33665075],[-98.863445139,20.33660785],[-98.86327088,20.336549421],[-98.86315003,20.336491001],[-98.86298912,20.336462001],[-98.8628338,20.336531571],[-98.862668969,20.33665385],[-98.86239506,20.33690008],[-98.862268139,20.33700448],[-98.86214497,20.33708295],[-98.862004059,20.33711298],[-98.861853969,20.33713903],[-98.8616658,20.337178121],[-98.86144309,20.33723348],[-98.861293419,20.337280381],[-98.86108035,20.33729211],[-98.860829712,20.337345181],[-98.860615558,20.337402761],[-98.860366265,20.337459162],[-98.859843373,20.337644296],[-98.859933325,20.337748089],[-98.859542754,20.338012962],[-98.859111949,20.338252684],[-98.858958752,20.338336477],[-98.858749384,20.338433704],[-98.858596421,20.338483575],[-98.858422038,20.338519826],[-98.85827584,20.338482623],[-98.858252361,20.338427554],[-98.858288901,20.338372356],[-98.85847439,20.338262985],[-98.858615416,20.338168061],[-98.858836908,20.337997687],[-98.859061289,20.337868196],[-98.858787243,20.337453866],[-98.858457099,20.337432811],[-98.858175353,20.337409708],[-98.857861418,20.337462056],[-98.857603149,20.337564136],[-98.857637631,20.33748188],[-98.857776717,20.337321661],[-98.857815396,20.337271805],[-98.857973221,20.337169579],[-98.858173538,20.337068243],[-98.858491023,20.337021501],[-98.858790713,20.336973284],[-98.858901933,20.336927156],[-98.858960761,20.336892741],[-98.859053546,20.336789375],[-98.85911314,20.33682119],[-98.859167368,20.336888215],[-98.859159264,20.337036014],[-98.859164513,20.337190772],[-98.859177467,20.337417458],[-98.859337484,20.337385433],[-98.859514936,20.337362211],[-98.85968434,20.33736917],[-98.85983088,20.337417126],[-98.859971076,20.337457703],[-98.860146858,20.337398021],[-98.86054154,20.337234741],[-98.86073582,20.33713662],[-98.860993859,20.33702763],[-98.86119975,20.33691042],[-98.86135434,20.33680269],[-98.86169934,20.33668286],[-98.861890739,20.33655745],[-98.86207931,20.336361061],[-98.86218091,20.33617552],[-98.86221911,20.336004651],[-98.862213459,20.33583538],[-98.862146879,20.335739801],[-98.86197857,20.33562929],[-98.861813399,20.33559094],[-98.86167429,20.33557172],[-98.86157868,20.33553617],[-98.86155555,20.33546791],[-98.86167731,20.335446151],[-98.861972939,20.3354382],[-98.862126619,20.33536463],[-98.862384709,20.33520377],[-98.86264102,20.33508543],[-98.86280918,20.334992751],[-98.863096219,20.33487834],[-98.863223749,20.33487571],[-98.86328746,20.334924891],[-98.863313419,20.33508323],[-98.86332505,20.33519149],[-98.863406049,20.33537172],[-98.86348998,20.33548915],[-98.863634829,20.335576631],[-98.863875909,20.335689851],[-98.864084509,20.335793741],[-98.864342379,20.335867631],[-98.864519149,20.33590598],[-98.86475963,20.335996261],[-98.864980259,20.336052221],[-98.865041059,20.33612597],[-98.86505255,20.33624882],[-98.864962549,20.336428891],[-98.864855169,20.33659806],[-98.864831089,20.33671054],[-98.86463329,20.33675192]]]]},"properties":{"locality":"Plomosas","municipality":null,"official_key":"130030021","CVE_ENT":"13","CVE_MUN":"003","CVE_LOC":"0021","ambito":"RURAL","geometry_kind":"locality","source":"INEGI Gaia — Servicio vectorial del Marco Geoestadístico"}},{"type":"Feature","geometry":{"type":"MultiPolygon","crs":{"type":"name","properties":{"name":"EPSG:6365"}},"coordinates":[[[[-98.84360255,20.26896988],[-98.8439752,20.26878851],[-98.84433114,20.26848069],[-98.84453412,20.26842272],[-98.84489108,20.26851026],[-98.845186419,20.26856382],[-98.845358659,20.268413771],[-98.845619019,20.26810569],[-98.845796489,20.267873281],[-98.8461074,20.267757261],[-98.846449049,20.26773818],[-98.846938089,20.267769181],[-98.847323539,20.267624151],[-98.8477168,20.26735802],[-98.847901919,20.26716538],[-98.848160749,20.266938981],[-98.848331859,20.266881521],[-98.84868411,20.26691282],[-98.848941539,20.266930141],[-98.84927322,20.26703815],[-98.84956871,20.26707432],[-98.850115339,20.26714666],[-98.85055774,20.26713337],[-98.850866509,20.267020381],[-98.85130675,20.266857051],[-98.85174037,20.2666968],[-98.85198038,20.266619141],[-98.85212557,20.26657002],[-98.85221438,20.266595351],[-98.852249579,20.2666446],[-98.85225798,20.266723081],[-98.85225646,20.266819251],[-98.852225249,20.26702405],[-98.85221098,20.267168231],[-98.8522254,20.26728211],[-98.852267455,20.267345706],[-98.852329493,20.267411784],[-98.852379659,20.26744162],[-98.852478622,20.267450868],[-98.852608645,20.267436763],[-98.852843438,20.267400831],[-98.85266901,20.267574798],[-98.852529328,20.267785481],[-98.852328675,20.268102887],[-98.852103134,20.268506169],[-98.851930049,20.268840945],[-98.851838127,20.268966226],[-98.851726708,20.269055107],[-98.851629393,20.269084287],[-98.851448923,20.269080548],[-98.850969689,20.269020223],[-98.850375515,20.268981513],[-98.850229905,20.269009691],[-98.850045441,20.269068261],[-98.849798746,20.269178334],[-98.849401105,20.26943646],[-98.849138486,20.269574999],[-98.848925167,20.269671364],[-98.848751848,20.269797355],[-98.848607158,20.269895143],[-98.848445849,20.269942193],[-98.84808482,20.27004769],[-98.847675679,20.270058831],[-98.847099649,20.270113221],[-98.846713769,20.27014137],[-98.84632191,20.270160321],[-98.845879509,20.270166741],[-98.845406339,20.27018445],[-98.844996,20.27030769],[-98.844904629,20.270405021],[-98.844850489,20.270508051],[-98.84478078,20.27056234],[-98.844758786,20.270564116],[-98.844649879,20.270572911],[-98.84436286,20.270339971],[-98.843737109,20.269948571],[-98.843402019,20.2697672],[-98.84309929,20.26965955],[-98.84276925,20.26956048],[-98.84250749,20.26947218],[-98.84233691,20.269329221],[-98.84213211,20.269206631],[-98.84226418,20.26918743],[-98.842801569,20.26914711],[-98.84324791,20.26907878],[-98.84360255,20.26896988]]],[[[-98.855946017,20.271686106],[-98.856123044,20.271580432],[-98.856149865,20.271530109],[-98.856257153,20.271338887],[-98.856380535,20.271243277],[-98.856552197,20.271177859],[-98.856825783,20.271142633],[-98.857222748,20.27106715],[-98.857496333,20.27095141],[-98.857759191,20.271047022],[-98.85795231,20.271177858],[-98.858097148,20.271228179],[-98.858322455,20.271203019],[-98.858676506,20.271258374],[-98.85886426,20.271313727],[-98.85905738,20.271409338],[-98.859186125,20.271454627],[-98.859255862,20.27145966],[-98.859395339,20.271449595],[-98.859599186,20.271419402],[-98.860022975,20.271298631],[-98.860602332,20.271187923],[-98.861149502,20.271157729],[-98.861278249,20.271177859],[-98.861015393,20.271288567],[-98.860006881,20.271540175],[-98.859357787,20.271796814],[-98.85920222,20.271821974],[-98.859062744,20.271821974],[-98.858955456,20.271816943],[-98.858869626,20.271806877],[-98.858703328,20.271756556],[-98.858483387,20.27169617],[-98.85840292,20.271696172],[-98.857898666,20.271660946],[-98.857464148,20.271671011],[-98.857136917,20.271711267],[-98.856938434,20.27176662],[-98.856820417,20.271847135],[-98.856691671,20.271967907],[-98.856675579,20.272013196],[-98.856670214,20.272078614],[-98.856691672,20.272154095],[-98.856697036,20.272194353],[-98.856739952,20.272264802],[-98.856788232,20.272350348],[-98.856804325,20.272410734],[-98.856804325,20.272546602],[-98.856348349,20.272169192],[-98.856305434,20.272159128],[-98.856085492,20.272138999],[-98.855978204,20.272103774],[-98.855967475,20.272048421],[-98.855940653,20.271957842],[-98.855946017,20.271686106]]]]},"properties":{"locality":"San Andrés Tianguistengo","municipality":null,"official_key":"130030023","CVE_ENT":"13","CVE_MUN":"003","CVE_LOC":"0023","ambito":"RURAL","geometry_kind":"locality","source":"INEGI Gaia — Servicio vectorial del Marco Geoestadístico"}},{"type":"Feature","geometry":{"type":"MultiPolygon","crs":{"type":"name","properties":{"name":"EPSG:6365"}},"coordinates":[[[[-98.886393556,20.349234673],[-98.886184344,20.349209525],[-98.886044868,20.349234674],[-98.885921488,20.349254792],[-98.885851749,20.349310118],[-98.885755191,20.349335266],[-98.885747356,20.349310779],[-98.885739098,20.349284971],[-98.885755455,20.349257906],[-98.885899924,20.349018872],[-98.88624646,20.348445499],[-98.886286268,20.348379635],[-98.886252502,20.348274104],[-98.886237989,20.348228745],[-98.886244792,20.348214925],[-98.886270174,20.348163359],[-98.886339912,20.348037619],[-98.886518072,20.347878927],[-98.88655449,20.34784649],[-98.886589248,20.347801264],[-98.886640386,20.347734726],[-98.886817346,20.347504471],[-98.886881719,20.347423998],[-98.88704265,20.347237898],[-98.887316235,20.347107126],[-98.887498626,20.3470518],[-98.887503894,20.347052005],[-98.887627372,20.34705683],[-98.887605915,20.347137306],[-98.887605447,20.34713862],[-98.887584457,20.347197661],[-98.887584457,20.347216925],[-98.887584458,20.347273107],[-98.88758802,20.347346598],[-98.887589821,20.347383759],[-98.887638101,20.347539681],[-98.887691745,20.347766014],[-98.887734661,20.347901817],[-98.887723932,20.348042647],[-98.887675653,20.348258923],[-98.88762485,20.348435954],[-98.887575226,20.348557812],[-98.887501097,20.348683008],[-98.887457537,20.348895225],[-98.887467363,20.349087417],[-98.887465732,20.349246735],[-98.887403239,20.349442369],[-98.88733233,20.34941071],[-98.886935362,20.349385563],[-98.886715421,20.349380533],[-98.886511574,20.349320177],[-98.886393556,20.349234673]]],[[[-98.88054215,20.35356942],[-98.88050343,20.353555351],[-98.8804498,20.35356374],[-98.88039617,20.35359737],[-98.88033358,20.35361978],[-98.880223369,20.35361971],[-98.879937419,20.353622321],[-98.87990166,20.353622291],[-98.87983318,20.35358857],[-98.879737999,20.353397681],[-98.879651769,20.353209601],[-98.879607309,20.35293175],[-98.879670539,20.352568121],[-98.879847999,20.352369741],[-98.880025949,20.35219435],[-98.88019112,20.3521466],[-98.88029698,20.35212274],[-98.880696679,20.35207045],[-98.88100578,20.352038751],[-98.88117097,20.351959091],[-98.88134892,20.351787691],[-98.881481909,20.35156558],[-98.88152092,20.351423951],[-98.88159614,20.35130205],[-98.88164291,20.351342141],[-98.881643879,20.351395221],[-98.881604449,20.35159103],[-98.881579619,20.351703451],[-98.881579489,20.351858081],[-98.88155151,20.351938751],[-98.88148345,20.352160221],[-98.881493819,20.352315721],[-98.881571059,20.35238611],[-98.881723029,20.35238869],[-98.88191832,20.35227034],[-98.882117859,20.352024061],[-98.88237652,20.35176803],[-98.882508919,20.351653341],[-98.882576429,20.35156331],[-98.882576769,20.35111595],[-98.882595749,20.350829021],[-98.88262742,20.35065866],[-98.88267797,20.35053869],[-98.882695079,20.350525401],[-98.882727369,20.35050035],[-98.88292408,20.35040171],[-98.8831534,20.350343281],[-98.88338468,20.35027492],[-98.883593719,20.350275061],[-98.88377126,20.3503156],[-98.884052939,20.3504078],[-98.884231679,20.350424771],[-98.88437345,20.35041892],[-98.884489979,20.35038405],[-98.88459872,20.35030512],[-98.88471243,20.35014809],[-98.884903461,20.350047475],[-98.884809667,20.350744544],[-98.884629984,20.351216451],[-98.884368343,20.351856651],[-98.883780685,20.352694446],[-98.883420764,20.35286118],[-98.883087157,20.353154409],[-98.88302076,20.353398862],[-98.882933859,20.35385323],[-98.88283114,20.353771031],[-98.88268949,20.35367571],[-98.88244402,20.35361677],[-98.88225718,20.353566741],[-98.882144289,20.35343869],[-98.88203855,20.353361081],[-98.881955919,20.353323821],[-98.88183802,20.35332786],[-98.881719979,20.35343645],[-98.881620369,20.35349045],[-98.881526829,20.353528421],[-98.881428969,20.353556581],[-98.88132814,20.35358752],[-98.88125612,20.353614221],[-98.881064399,20.35362758],[-98.880760319,20.35393045],[-98.88070965,20.353975321],[-98.880653019,20.35402298],[-98.880608339,20.354022951],[-98.880575599,20.353989261],[-98.88053992,20.35389102],[-98.880556949,20.35368168],[-98.88056,20.353600291],[-98.88054215,20.35356942]]]]},"properties":{"locality":"Saucillo","municipality":null,"official_key":"130030024","CVE_ENT":"13","CVE_MUN":"003","CVE_LOC":"0024","ambito":"RURAL","geometry_kind":"locality","source":"INEGI Gaia — Servicio vectorial del Marco Geoestadístico"}},{"type":"Feature","geometry":{"type":"MultiPolygon","crs":{"type":"name","properties":{"name":"EPSG:6365"}},"coordinates":[[[[-98.915567877,20.327056849],[-98.915635738,20.327050248],[-98.915717647,20.327055248],[-98.915805877,20.327069861],[-98.915947739,20.327106123],[-98.91608189,20.327151909],[-98.916308751,20.327236739],[-98.916565952,20.327330552],[-98.91663729,20.327369448],[-98.91672031,20.327392421],[-98.916559181,20.327509462],[-98.916333769,20.327678001],[-98.916170769,20.32780477],[-98.916106616,20.327855619],[-98.915934478,20.327966431],[-98.915856738,20.328017862],[-98.915835049,20.3280344],[-98.91579703,20.328063353],[-98.91568546,20.328173322],[-98.915551448,20.3283464],[-98.915476817,20.328456491],[-98.915355938,20.328613109],[-98.91528349,20.328716984],[-98.915265019,20.32873869],[-98.914782878,20.32821254],[-98.914685817,20.328075232],[-98.914683217,20.327889679],[-98.914694309,20.32746771],[-98.914669049,20.327270661],[-98.914742848,20.3272668],[-98.915091261,20.327176831],[-98.915293216,20.327130584],[-98.915485877,20.327074231],[-98.915497491,20.327074231],[-98.915567877,20.327056849]]],[[[-98.923468321,20.332477371],[-98.923303249,20.332303831],[-98.922870279,20.33257297],[-98.921942861,20.331724819],[-98.921394149,20.33121515],[-98.921399569,20.331169431],[-98.921543552,20.330890801],[-98.92190343,20.330098571],[-98.921732216,20.330134384],[-98.920932599,20.330189092],[-98.919801816,20.330221631],[-98.919428521,20.330279353],[-98.919159278,20.330353539],[-98.91876683,20.330369352],[-98.918603199,20.330327431],[-98.918465339,20.330188618],[-98.918453709,20.330069679],[-98.918516909,20.329926539],[-98.918615351,20.329843583],[-98.918898309,20.329735784],[-98.919298181,20.329553171],[-98.919458077,20.3291264],[-98.919611277,20.329007291],[-98.91986203,20.328898249],[-98.920064661,20.328816091],[-98.920135508,20.328754061],[-98.920168782,20.328585492],[-98.920185368,20.328365171],[-98.920159179,20.327356001],[-98.91980752,20.327718062],[-98.919478247,20.32804697],[-98.919014508,20.3284912],[-98.918735109,20.328746849],[-98.918635752,20.328809183],[-98.918558509,20.32881694],[-98.918427399,20.328784541],[-98.918380539,20.328651879],[-98.9183264,20.328523692],[-98.9182886,20.328428432],[-98.918234677,20.328362201],[-98.918120338,20.328241201],[-98.917184321,20.327214384],[-98.917107139,20.32715312],[-98.91743046,20.32695957],[-98.91816706,20.326521352],[-98.918526769,20.326310892],[-98.918648648,20.326249819],[-98.918765078,20.326198001],[-98.919136939,20.326070031],[-98.919482938,20.325948123],[-98.91968889,20.325850079],[-98.919891708,20.325763632],[-98.919982921,20.325716831],[-98.920020739,20.325670692],[-98.920041848,20.325601552],[-98.919662261,20.325286384],[-98.919232077,20.324910952],[-98.919015799,20.324730231],[-98.91887849,20.32462871],[-98.918782339,20.324549984],[-98.918732969,20.324490448],[-98.918723539,20.324453432],[-98.918758368,20.324394139],[-98.918925259,20.32418169],[-98.920123816,20.324802892],[-98.920723968,20.325121262],[-98.921457549,20.32554325],[-98.922298799,20.326016183],[-98.923187939,20.326461],[-98.923641919,20.32673077],[-98.923954017,20.326886818],[-98.924059048,20.326957661],[-98.924164508,20.327084322],[-98.924214581,20.32716431],[-98.924364508,20.327471752],[-98.924448938,20.327609491],[-98.924656968,20.328004031],[-98.924865429,20.328347139],[-98.924871709,20.328358],[-98.924967679,20.32852405],[-98.92498023,20.328545771],[-98.925271909,20.329064552],[-98.925443768,20.329374984],[-98.925605619,20.329645861],[-98.925613048,20.329658292],[-98.9259024,20.330128632],[-98.925921259,20.33016472],[-98.926127691,20.330559631],[-98.926195461,20.330740432],[-98.9262646,20.331049353],[-98.926297968,20.331246231],[-98.926346861,20.331493662],[-98.926379399,20.33178992],[-98.92632683,20.331879249],[-98.926103969,20.33200174],[-98.92585546,20.33215394],[-98.925695151,20.33228148],[-98.92563792,20.332407753],[-98.92564949,20.332456061],[-98.925618109,20.332617631],[-98.925528861,20.33309071],[-98.925473616,20.3331724],[-98.925266568,20.333198322],[-98.924805168,20.333227832],[-98.92472852,20.333242619],[-98.924583489,20.333239001],[-98.924222768,20.333004819],[-98.923479108,20.332488709],[-98.923468321,20.332477371]]]]},"properties":{"locality":"Xideje","municipality":null,"official_key":"130030026","CVE_ENT":"13","CVE_MUN":"003","CVE_LOC":"0026","ambito":"RURAL","geometry_kind":"locality","source":"INEGI Gaia — Servicio vectorial del Marco Geoestadístico"}},{"type":"Feature","geometry":{"type":"MultiPolygon","crs":{"type":"name","properties":{"name":"EPSG:6365"}},"coordinates":[[[[-98.961130491,20.274111751],[-98.961072054,20.273415101],[-98.961040656,20.273091954],[-98.961066961,20.273056068],[-98.961130907,20.273022711],[-98.961224137,20.27299322],[-98.961473457,20.272932213],[-98.961632594,20.272909798],[-98.963120274,20.272661651],[-98.963747143,20.272522436],[-98.964308815,20.272443094],[-98.965051399,20.272446982],[-98.965970894,20.272483698],[-98.967316683,20.272630629],[-98.967718089,20.272680772],[-98.968127247,20.272712752],[-98.968393782,20.272745418],[-98.968953139,20.272864571],[-98.969236768,20.272918219],[-98.969311004,20.272942939],[-98.969089329,20.271803943],[-98.968879349,20.270869635],[-98.968639899,20.269703368],[-98.968466422,20.269087506],[-98.968998766,20.269082393],[-98.970209336,20.269055115],[-98.972001788,20.269036333],[-98.97200399,20.269041864],[-98.972016234,20.269072616],[-98.972014651,20.269143375],[-98.971993279,20.269246136],[-98.971939811,20.269362655],[-98.971871656,20.269453685],[-98.971586573,20.269692771],[-98.971467338,20.269793582],[-98.971369171,20.269918809],[-98.971247494,20.270128756],[-98.971186945,20.27027753],[-98.97111875,20.27045691],[-98.971136718,20.270705928],[-98.971170659,20.27089378],[-98.971257765,20.27109229],[-98.971352264,20.271187762],[-98.971523557,20.271260766],[-98.972127051,20.271452769],[-98.972455354,20.271555297],[-98.972573965,20.271596055],[-98.972646555,20.271647895],[-98.973097735,20.272055231],[-98.973740787,20.272639164],[-98.973994701,20.27288419],[-98.9741063,20.273011196],[-98.974130432,20.273069269],[-98.974154189,20.273144133],[-98.973951208,20.273123293],[-98.973863923,20.27315995],[-98.973649186,20.273323652],[-98.973057158,20.274096561],[-98.972811603,20.274023519],[-98.972646227,20.273981349],[-98.972483902,20.27393924],[-98.972197253,20.273861538],[-98.972127502,20.274660207],[-98.972008352,20.274711587],[-98.972091462,20.275179744],[-98.97217841,20.275567347],[-98.97224686,20.275690615],[-98.972393862,20.275940233],[-98.972547295,20.276489648],[-98.972722904,20.277260624],[-98.972790624,20.277780308],[-98.972599619,20.277678596],[-98.972201655,20.277551642],[-98.971534381,20.277367488],[-98.969847547,20.27693707],[-98.968759294,20.276640244],[-98.96816812,20.27646417],[-98.967631675,20.276299067],[-98.967415455,20.276233321],[-98.96719534,20.276159817],[-98.96523737,20.27549283],[-98.964257817,20.275151188],[-98.963231879,20.274811607],[-98.96323168,20.27481154],[-98.9627546,20.2746418],[-98.961482618,20.274239208],[-98.961195097,20.274132672],[-98.961139305,20.274114606],[-98.961130491,20.274111751]]]]},"properties":{"locality":"Casa Blanca","municipality":null,"official_key":"130030040","CVE_ENT":"13","CVE_MUN":"003","CVE_LOC":"0040","ambito":"RURAL","geometry_kind":"locality","source":"INEGI Gaia — Servicio vectorial del Marco Geoestadístico"}},{"type":"Feature","geometry":{"type":"MultiPolygon","crs":{"type":"name","properties":{"name":"EPSG:6365"}},"coordinates":[[[[-98.966427245,20.196650913],[-98.96618185,20.19637535],[-98.966081845,20.196264946],[-98.966072261,20.196254218],[-98.966039925,20.196218153],[-98.9658,20.195950551],[-98.965577255,20.195709171],[-98.96547003,20.195413321],[-98.965493582,20.195086983],[-98.965495569,20.195059448],[-98.96565565,20.194761461],[-98.965823892,20.194502172],[-98.966066017,20.19425065],[-98.966334941,20.19404803],[-98.966626278,20.193835218],[-98.966958649,20.193614661],[-98.967048846,20.193648442],[-98.967189399,20.193701081],[-98.96723988,20.193921845],[-98.967236718,20.194127505],[-98.967211892,20.194441464],[-98.96718365,20.194706851],[-98.967319649,20.194807461],[-98.967532199,20.194940321],[-98.96769506,20.195022281],[-98.967934249,20.19505585],[-98.968134437,20.195059846],[-98.968149679,20.19506015],[-98.968166753,20.195059987],[-98.968417999,20.19505758],[-98.96930242,20.195060851],[-98.9693256,20.19504691],[-98.969353319,20.19500066],[-98.96940074,20.19492603],[-98.96943982,20.194883621],[-98.969543179,20.19486408],[-98.969997709,20.19482635],[-98.97012703,20.19483974],[-98.970259769,20.194871181],[-98.970370199,20.19487698],[-98.97046983,20.19485377],[-98.970543689,20.194790461],[-98.970610649,20.194694621],[-98.970692919,20.194595481],[-98.97081712,20.19449717],[-98.97111725,20.19437358],[-98.971343539,20.194313311],[-98.971458259,20.1942976],[-98.971551253,20.194335895],[-98.971569145,20.194394328],[-98.970842347,20.195676329],[-98.970545521,20.196121429],[-98.970301017,20.19640533],[-98.970091685,20.196601343],[-98.96996558,20.196670816],[-98.969681849,20.196716891],[-98.96935025,20.19677026],[-98.96897498,20.19678677],[-98.96857505,20.19676978],[-98.968031549,20.196699172],[-98.967792485,20.19657432],[-98.967455969,20.196443061],[-98.967200203,20.196539849],[-98.966715489,20.196821321],[-98.96661825,20.196874091],[-98.966544521,20.1968924],[-98.96652561,20.196853582],[-98.966427245,20.196650913]]]]},"properties":{"locality":"Segunda Manzana Chicavasco (El Pozo)","municipality":null,"official_key":"130030043","CVE_ENT":"13","CVE_MUN":"003","CVE_LOC":"0043","ambito":"RURAL","geometry_kind":"locality","source":"INEGI Gaia — Servicio vectorial del Marco Geoestadístico"}},{"type":"Feature","geometry":{"type":"MultiPolygon","crs":{"type":"name","properties":{"name":"EPSG:6365"}},"coordinates":[[[[-98.943773847,20.211125063],[-98.944514047,20.21008894],[-98.945183919,20.209114382],[-98.945308459,20.208945924],[-98.945764459,20.208310202],[-98.946482568,20.207322831],[-98.946296659,20.2067042],[-98.946278977,20.206572806],[-98.946217289,20.206114428],[-98.946109372,20.205341265],[-98.9460803,20.205116762],[-98.946053908,20.204897291],[-98.946020369,20.204755469],[-98.946559471,20.204551116],[-98.946618438,20.204628219],[-98.946779284,20.204948558],[-98.947450291,20.205759321],[-98.947778339,20.205474219],[-98.947947909,20.205393631],[-98.948142352,20.205337552],[-98.948260261,20.205294323],[-98.948375616,20.205251061],[-98.94842723,20.205216091],[-98.948469399,20.205183832],[-98.948517182,20.205138723],[-98.948601121,20.205023309],[-98.94873738,20.204931981],[-98.948758127,20.205269445],[-98.948736314,20.205558999],[-98.948907619,20.205727731],[-98.94957495,20.206137659],[-98.949681248,20.206703193],[-98.950045423,20.206217771],[-98.950501464,20.206028229],[-98.950824375,20.2059966],[-98.950864573,20.206065152],[-98.950944139,20.206200817],[-98.950940769,20.206348461],[-98.950984,20.206477279],[-98.951195047,20.206780401],[-98.951532338,20.206793279],[-98.95161222,20.206812148],[-98.951871753,20.207176618],[-98.952086447,20.207183322],[-98.952182983,20.207195922],[-98.952239556,20.207239909],[-98.952286141,20.207318466],[-98.952583446,20.20765251],[-98.952646678,20.207759339],[-98.952656624,20.207863],[-98.952646599,20.208001218],[-98.952569981,20.208173958],[-98.952539984,20.20827134],[-98.952600447,20.208376522],[-98.952647031,20.208467632],[-98.952680289,20.208543044],[-98.952743521,20.208605878],[-98.95319283,20.20886988],[-98.953188329,20.208925502],[-98.953075646,20.210318262],[-98.952667279,20.213869352],[-98.95082912,20.213544522],[-98.94976774,20.21307608],[-98.949363447,20.212797018],[-98.94878172,20.21227151],[-98.948433877,20.212032122],[-98.948180248,20.21185757],[-98.947571891,20.211403722],[-98.947059199,20.210920061],[-98.946812679,20.210667981],[-98.94673909,20.210839153],[-98.94652932,20.21118048],[-98.946417169,20.211419371],[-98.94627469,20.211650462],[-98.946144048,20.21203297],[-98.946056708,20.212355152],[-98.946070151,20.212942123],[-98.94614912,20.213667184],[-98.946159017,20.213735771],[-98.945581229,20.214332449],[-98.94491383,20.21501371],[-98.944717551,20.215157414],[-98.94468895,20.215178352],[-98.944507938,20.214904079],[-98.944281447,20.214631048],[-98.94420409,20.214551892],[-98.944088599,20.214462462],[-98.943985782,20.214391923],[-98.943698091,20.214259279],[-98.943458952,20.214142554],[-98.943314847,20.2140866],[-98.943286769,20.214075709],[-98.943055738,20.21400474],[-98.942556321,20.213879262],[-98.942064224,20.213797621],[-98.941962964,20.21378082],[-98.941914337,20.213772753],[-98.942390368,20.213123662],[-98.942533559,20.212880266],[-98.94253359,20.212880215],[-98.942541546,20.212867893],[-98.943773847,20.211125063]]]]},"properties":{"locality":"Cuarta Manzana Chicavasco (La Ladera Chicavasco)","municipality":null,"official_key":"130030044","CVE_ENT":"13","CVE_MUN":"003","CVE_LOC":"0044","ambito":"RURAL","geometry_kind":"locality","source":"INEGI Gaia — Servicio vectorial del Marco Geoestadístico"}},{"type":"Feature","geometry":{"type":"MultiPolygon","crs":{"type":"name","properties":{"name":"EPSG:6365"}},"coordinates":[[[[-98.926606862,20.266730919],[-98.926418404,20.266698311],[-98.926190701,20.266691787],[-98.925976535,20.266716251],[-98.925772057,20.266762027],[-98.925555159,20.266817152],[-98.925373354,20.266849949],[-98.925165854,20.26684959],[-98.924946851,20.266818282],[-98.924787299,20.266767059],[-98.92467517,20.266687999],[-98.924540673,20.266608487],[-98.924433816,20.26656601],[-98.924232986,20.266560382],[-98.924242184,20.266403809],[-98.924241891,20.266403682],[-98.924241029,20.266403309],[-98.924234417,20.266355322],[-98.924223017,20.266272771],[-98.924170409,20.26577785],[-98.924167355,20.265749106],[-98.924123381,20.265335414],[-98.924123249,20.265334178],[-98.924092223,20.265042279],[-98.924084066,20.264965537],[-98.924509418,20.264918953],[-98.924428367,20.264310225],[-98.924355039,20.263759499],[-98.924355101,20.263759464],[-98.924249179,20.262904504],[-98.924330843,20.262855907],[-98.924465673,20.262741066],[-98.924704515,20.262637907],[-98.925189854,20.262429357],[-98.925341945,20.262338848],[-98.925405843,20.262212957],[-98.925465344,20.262064297],[-98.927121613,20.261906907],[-98.927134283,20.261954236],[-98.927130072,20.262094247],[-98.927104132,20.262340896],[-98.927111186,20.262414331],[-98.92712629,20.26257169],[-98.92713077,20.262871928],[-98.92713686,20.26328006],[-98.927132569,20.263577431],[-98.927145047,20.263624125],[-98.927147715,20.26363411],[-98.927156601,20.263667362],[-98.927156996,20.26366884],[-98.927157135,20.263669361],[-98.927157227,20.263669701],[-98.927157251,20.263669793],[-98.927157274,20.263669878],[-98.927157337,20.263670115],[-98.92715736,20.263670202],[-98.927157412,20.263670392],[-98.927157419,20.263670422],[-98.927157723,20.263670661],[-98.927157821,20.263670737],[-98.927159734,20.263671971],[-98.927160291,20.263672331],[-98.92716297,20.263674059],[-98.927163698,20.263674529],[-98.927165143,20.263675462],[-98.927168282,20.263677488],[-98.927179692,20.263684853],[-98.92719054,20.263691852],[-98.927191212,20.263691988],[-98.927241227,20.263702089],[-98.927249832,20.263703826],[-98.927263821,20.263706652],[-98.927264745,20.263706477],[-98.927347718,20.263690712],[-98.927402759,20.263685705],[-98.927443977,20.263684739],[-98.927444243,20.263685237],[-98.927552045,20.263766366],[-98.927670481,20.265017081],[-98.927806222,20.266729576],[-98.927928243,20.266730392],[-98.92787716,20.266919416],[-98.927849099,20.267080108],[-98.927842883,20.26726428],[-98.927852224,20.267569709],[-98.92787179,20.267783198],[-98.927903591,20.267978971],[-98.927913171,20.268147386],[-98.927815912,20.268023248],[-98.927685333,20.26783823],[-98.927287281,20.267225459],[-98.927075638,20.266967052],[-98.926954044,20.266851207],[-98.92681102,20.266788802],[-98.926606862,20.266730919]]]]},"properties":{"locality":"El Porvenir","municipality":null,"official_key":"130030052","CVE_ENT":"13","CVE_MUN":"003","CVE_LOC":"0052","ambito":"RURAL","geometry_kind":"locality","source":"INEGI Gaia — Servicio vectorial del Marco Geoestadístico"}},{"type":"Feature","geometry":{"type":"Polygon","coordinates":[[[-98.9448822,20.2754558],[-98.9448867,20.2751937],[-98.9448952,20.2745326],[-98.9449234,20.2735985],[-98.9449537,20.2727412],[-98.9449688,20.272335],[-98.9449847,20.2718153],[-98.9459651,20.271819],[-98.9469117,20.2718671],[-98.9473549,20.2718778],[-98.9479083,20.2719018],[-98.9488989,20.2719468],[-98.9502399,20.272],[-98.9504182,20.2719747],[-98.9507082,20.2726606],[-98.9507918,20.2729018],[-98.9511962,20.2736734],[-98.9519095,20.2742922],[-98.9512319,20.2745033],[-98.9509923,20.2750601],[-98.9509678,20.2751079],[-98.9509544,20.2751342],[-98.950553,20.2757853],[-98.9501529,20.2766823],[-98.950024,20.2769452],[-98.9500015,20.2770284],[-98.9499608,20.2770644],[-98.9496454,20.2777807],[-98.9493539,20.2783983],[-98.9487696,20.279647],[-98.9477852,20.2801225],[-98.9477825,20.2797736],[-98.947774,20.2795681],[-98.9477371,20.2787263],[-98.9476846,20.2778579],[-98.9476765,20.277728],[-98.9476671,20.2775768],[-98.9476589,20.2774438],[-98.9476626,20.277272],[-98.9476642,20.277198],[-98.9474428,20.2767702],[-98.9473925,20.2766616],[-98.9473746,20.2766226],[-98.9472596,20.2764021],[-98.9470811,20.2760387],[-98.9468262,20.2755337],[-98.9468434,20.2754976],[-98.9468494,20.2754851],[-98.9458831,20.275464],[-98.944927,20.2754569],[-98.9448822,20.2754558]]]},"properties":{"locality":"AVIACIÓN","official_key":"1300300010001","CVE_ENT":"13","CVE_MUN":"003","CVE_LOC":"0001","CVE_ASEN":"0001","settlement_type":"COLONIA","source":"INEGI DCAH 2025"}},{"type":"Feature","geometry":{"type":"Polygon","coordinates":[[[-98.9513624,20.2682586],[-98.9535345,20.2672183],[-98.9536441,20.268176],[-98.9537206,20.2688451],[-98.9537855,20.2694766],[-98.953912,20.2703538],[-98.9539342,20.2704377],[-98.9539605,20.2706474],[-98.9540143,20.2714907],[-98.9540561,20.2718583],[-98.9541535,20.2725603],[-98.9541845,20.272911],[-98.9541905,20.272959],[-98.9543888,20.2745491],[-98.954375,20.2746786],[-98.9543691,20.2747341],[-98.9543,20.2750783],[-98.9541559,20.275513],[-98.9540852,20.2755981],[-98.9534142,20.2751751],[-98.9527504,20.2747706],[-98.9524832,20.2746168],[-98.9519095,20.2742922],[-98.9511962,20.2736734],[-98.9507918,20.2729018],[-98.9507082,20.2726606],[-98.9504182,20.2719747],[-98.9500657,20.2710445],[-98.9497363,20.2702163],[-98.9493958,20.2692321],[-98.9505146,20.2686836],[-98.9508999,20.2685095],[-98.9512528,20.2682981],[-98.9513624,20.2682586]]]},"properties":{"locality":"BENITO JUÁREZ","official_key":"1300300010002","CVE_ENT":"13","CVE_MUN":"003","CVE_LOC":"0001","CVE_ASEN":"0002","settlement_type":"COLONIA","source":"INEGI DCAH 2025"}},{"type":"Feature","geometry":{"type":"Polygon","coordinates":[[[-98.9501678,20.290513],[-98.9501253,20.2904052],[-98.9500762,20.290281],[-98.950052,20.2902096],[-98.9499845,20.2900143],[-98.9498786,20.2897134],[-98.9498151,20.2895461],[-98.9496195,20.2890483],[-98.9492121,20.2880005],[-98.9491177,20.2877391],[-98.9490396,20.2875246],[-98.9487225,20.2875666],[-98.9482518,20.2876308],[-98.9482193,20.2876526],[-98.9473947,20.2877828],[-98.9470885,20.2878057],[-98.9471507,20.2881589],[-98.9471576,20.2882165],[-98.9471138,20.2882101],[-98.9465847,20.2879838],[-98.9465491,20.2879685],[-98.9467558,20.2875612],[-98.9467273,20.2875494],[-98.9480406,20.2848091],[-98.9480709,20.2847392],[-98.9482432,20.2842847],[-98.948246,20.2842774],[-98.9482675,20.2842767],[-98.9484178,20.2839495],[-98.9487737,20.2831846],[-98.9490559,20.282578],[-98.9493541,20.2819267],[-98.9495503,20.281506],[-98.9496,20.2813956],[-98.9498264,20.2809063],[-98.9501419,20.2802268],[-98.9506158,20.2792071],[-98.9510132,20.2783518],[-98.9511565,20.2780366],[-98.9513424,20.2776447],[-98.9515653,20.277163],[-98.9521847,20.2757962],[-98.9524191,20.2752897],[-98.952428,20.275246],[-98.9524293,20.2751534],[-98.9524217,20.2750858],[-98.9523971,20.2749648],[-98.9523895,20.2749309],[-98.9523449,20.27482],[-98.9523022,20.2747026],[-98.9524832,20.2746168],[-98.9527504,20.2747706],[-98.9534142,20.2751751],[-98.9540852,20.2755981],[-98.9561756,20.2769267],[-98.9566434,20.277224],[-98.9576663,20.2778623],[-98.9606194,20.2796231],[-98.9607615,20.2797129],[-98.9614032,20.2801183],[-98.9614144,20.2801284],[-98.9615637,20.2802636],[-98.9601655,20.280676],[-98.9589668,20.2810282],[-98.9582717,20.2812324],[-98.957839,20.2803444],[-98.9572761,20.2806103],[-98.9571544,20.2804242],[-98.957033,20.2802238],[-98.9564963,20.280473],[-98.9564112,20.2806379],[-98.956669,20.2809912],[-98.9566722,20.2809953],[-98.9568053,20.2811692],[-98.9571316,20.2815951],[-98.9571664,20.2816372],[-98.9578049,20.2824077],[-98.9589739,20.2837129],[-98.9593375,20.284139],[-98.9593828,20.2841922],[-98.9601415,20.2850184],[-98.9595128,20.2852147],[-98.9592689,20.2852909],[-98.9582449,20.2855873],[-98.9575858,20.2857677],[-98.9573192,20.2858407],[-98.9562877,20.2861639],[-98.9566754,20.2867141],[-98.956987,20.287136],[-98.957704,20.2881067],[-98.9578171,20.2882973],[-98.9580086,20.2886518],[-98.9581414,20.288862],[-98.9582356,20.2890843],[-98.9582726,20.2892472],[-98.9583029,20.2894428],[-98.9583219,20.289683],[-98.9583363,20.2898558],[-98.9583331,20.2898598],[-98.9579976,20.2900705],[-98.9567477,20.2908898],[-98.9564804,20.2910647],[-98.9562592,20.2911473],[-98.9561393,20.2911854],[-98.9560453,20.2912152],[-98.9559827,20.2912456],[-98.9557879,20.2913691],[-98.9556151,20.2914612],[-98.9555015,20.2915106],[-98.9552557,20.2916105],[-98.9551074,20.2916575],[-98.9549329,20.2917167],[-98.9542972,20.2919238],[-98.9540108,20.2920005],[-98.9538276,20.2920595],[-98.9536795,20.2921113],[-98.9532881,20.2922212],[-98.9528716,20.2923225],[-98.9524394,20.2924259],[-98.9521381,20.2924906],[-98.9517164,20.2925539],[-98.9512514,20.2926424],[-98.9509542,20.2926968],[-98.9509278,20.2927024],[-98.9508921,20.2927099],[-98.9508456,20.292544],[-98.9508031,20.2923969],[-98.9507811,20.292323],[-98.9505264,20.29159],[-98.950425,20.2912892],[-98.9503016,20.2909198],[-98.95026,20.2907899],[-98.9502291,20.2906915],[-98.9501678,20.290513]]]},"properties":{"locality":"CAÑADA AVIACIÓN","official_key":"1300300010003","CVE_ENT":"13","CVE_MUN":"003","CVE_LOC":"0001","CVE_ASEN":"0003","settlement_type":"COLONIA","source":"INEGI DCAH 2025"}},{"type":"Feature","geometry":{"type":"Polygon","coordinates":[[[-98.9370853,20.2754324],[-98.937009,20.2749772],[-98.9370514,20.2749661],[-98.9375221,20.2746506],[-98.9378642,20.2744212],[-98.9385325,20.2739979],[-98.9390361,20.2737804],[-98.9397126,20.2734951],[-98.9396619,20.2731883],[-98.9396111,20.2729103],[-98.9395807,20.2727147],[-98.939544,20.2721679],[-98.9396323,20.2720652],[-98.9396327,20.272041],[-98.9396399,20.2716126],[-98.939689,20.270657],[-98.9397383,20.2698897],[-98.9397628,20.2698393],[-98.9387065,20.2698349],[-98.938745,20.268946],[-98.939307,20.2689461],[-98.9398213,20.268954],[-98.9409261,20.2689724],[-98.9420894,20.2689879],[-98.9430315,20.2690147],[-98.9432107,20.269018],[-98.9440363,20.269041],[-98.9450437,20.2690663],[-98.9460018,20.2690942],[-98.9460033,20.2700245],[-98.9459904,20.270968],[-98.9459651,20.271819],[-98.9449847,20.2718153],[-98.9449688,20.272335],[-98.9449537,20.2727412],[-98.9449234,20.2735985],[-98.9448952,20.2745326],[-98.9448867,20.2751937],[-98.9448822,20.2754558],[-98.9439005,20.2754326],[-98.9433354,20.2754164],[-98.9429286,20.2754022],[-98.9412704,20.2754203],[-98.9400351,20.2753196],[-98.9393201,20.2752484],[-98.9383648,20.2751701],[-98.9382191,20.2753042],[-98.9378956,20.2756019],[-98.9375728,20.2759028],[-98.9372181,20.2762131],[-98.9371483,20.275821],[-98.9370853,20.2754324]]]},"properties":{"locality":"CENTRO NORTE","official_key":"1300300010004","CVE_ENT":"13","CVE_MUN":"003","CVE_LOC":"0001","CVE_ASEN":"0004","settlement_type":"COLONIA","source":"INEGI DCAH 2025"}},{"type":"Feature","geometry":{"type":"Polygon","coordinates":[[[-98.9440363,20.269041],[-98.9432107,20.269018],[-98.9430315,20.2690147],[-98.9420894,20.2689879],[-98.9409261,20.2689724],[-98.9398213,20.268954],[-98.939307,20.2689461],[-98.938745,20.268946],[-98.9387537,20.268762],[-98.9387866,20.2680648],[-98.938809,20.2676652],[-98.9388346,20.2672391],[-98.9388452,20.2665741],[-98.9399828,20.266517],[-98.9410856,20.2664722],[-98.9422237,20.2664044],[-98.942303,20.2654714],[-98.9423553,20.2645413],[-98.9424074,20.2637272],[-98.9424502,20.2625672],[-98.9425176,20.2610207],[-98.9431687,20.2615995],[-98.9434368,20.2617889],[-98.9438623,20.2621086],[-98.9442034,20.2622833],[-98.945132,20.2627589],[-98.945725,20.2630626],[-98.9460998,20.2633592],[-98.9463144,20.2635784],[-98.9467875,20.264423],[-98.946595,20.2644444],[-98.9460598,20.2644585],[-98.9460476,20.2653825],[-98.9460247,20.2662564],[-98.9460204,20.2671749],[-98.9460051,20.2682012],[-98.9460106,20.2687043],[-98.9460018,20.2690942],[-98.9450437,20.2690663],[-98.9440363,20.269041]]]},"properties":{"locality":"CENTRO SUR","official_key":"1300300010005","CVE_ENT":"13","CVE_MUN":"003","CVE_LOC":"0001","CVE_ASEN":"0005","settlement_type":"COLONIA","source":"INEGI DCAH 2025"}},{"type":"Feature","geometry":{"type":"Polygon","coordinates":[[[-98.9467875,20.264423],[-98.94706,20.2643767],[-98.9480231,20.26437],[-98.9485121,20.2643678],[-98.9486855,20.2642736],[-98.9489608,20.263751],[-98.9491094,20.2634691],[-98.9492503,20.263279],[-98.9494779,20.2630181],[-98.9498154,20.2626859],[-98.9498937,20.2626115],[-98.9503397,20.2621877],[-98.9504558,20.2620639],[-98.9504779,20.2620404],[-98.9504974,20.2620196],[-98.9507978,20.2616991],[-98.9509139,20.2615787],[-98.9510155,20.2614733],[-98.952393,20.2599271],[-98.9525247,20.2600244],[-98.9524607,20.2603591],[-98.9524536,20.2604188],[-98.9524902,20.2607262],[-98.9525256,20.2614667],[-98.9525474,20.2618521],[-98.9526506,20.262528],[-98.9527352,20.2627968],[-98.9529597,20.2632448],[-98.9536234,20.2641768],[-98.9540156,20.264681],[-98.9543264,20.265081],[-98.9545751,20.2653708],[-98.9553096,20.2662978],[-98.955244,20.2663971],[-98.9539391,20.2670211],[-98.9537577,20.2671161],[-98.9535345,20.2672183],[-98.9513624,20.2682586],[-98.9512528,20.2682981],[-98.9508999,20.2685095],[-98.9505146,20.2686836],[-98.9493958,20.2692321],[-98.9492561,20.2688506],[-98.9490971,20.2685094],[-98.9489879,20.2682547],[-98.9489172,20.2681056],[-98.948385,20.2671714],[-98.9480027,20.2665128],[-98.9478187,20.2661957],[-98.9473165,20.2653303],[-98.9470516,20.2648739],[-98.9468389,20.2645075],[-98.9467875,20.264423]]]},"properties":{"locality":"EL CERRITO","official_key":"1300300010006","CVE_ENT":"13","CVE_MUN":"003","CVE_LOC":"0001","CVE_ASEN":"0006","settlement_type":"COLONIA","source":"INEGI DCAH 2025"}},{"type":"Feature","geometry":{"type":"Polygon","coordinates":[[[-98.9350765,20.2635244],[-98.9351139,20.2635132],[-98.9351933,20.2634896],[-98.9353428,20.2634816],[-98.9355961,20.2634679],[-98.9358865,20.2632807],[-98.9360138,20.263173],[-98.9360389,20.2628065],[-98.9361677,20.26243],[-98.9363931,20.2620656],[-98.936697,20.26191],[-98.9369597,20.2619101],[-98.9372388,20.2619877],[-98.9374522,20.2620575],[-98.9375589,20.2620188],[-98.9376329,20.2619103],[-98.9379468,20.2609477],[-98.9379913,20.2607847],[-98.9380753,20.2606658],[-98.9384443,20.2604017],[-98.938738,20.2599153],[-98.9390292,20.2592644],[-98.9391028,20.2590849],[-98.9392311,20.2588725],[-98.939274,20.2588005],[-98.9394901,20.258643],[-98.9398142,20.2584471],[-98.9398377,20.2584681],[-98.9402463,20.2588336],[-98.9405164,20.2590937],[-98.9406535,20.2592257],[-98.9407348,20.259304],[-98.9414305,20.2599739],[-98.9425176,20.2610207],[-98.9424502,20.2625672],[-98.9424074,20.2637272],[-98.9423553,20.2645413],[-98.942303,20.2654714],[-98.9422237,20.2664044],[-98.9410856,20.2664722],[-98.9399828,20.266517],[-98.9388452,20.2665741],[-98.9388795,20.26615],[-98.9388857,20.2660394],[-98.9389095,20.2656196],[-98.9389295,20.2651917],[-98.9389566,20.2647061],[-98.9390054,20.2641907],[-98.9390485,20.2637355],[-98.9369528,20.2638559],[-98.9366721,20.2638548],[-98.936163,20.2638759],[-98.9355928,20.2638928],[-98.9354053,20.2638815],[-98.9353469,20.2638472],[-98.9352215,20.2637429],[-98.9351571,20.2636651],[-98.9350938,20.2635545],[-98.9350765,20.2635244]]]},"properties":{"locality":"CHAPULTEPEC","official_key":"1300300010007","CVE_ENT":"13","CVE_MUN":"003","CVE_LOC":"0001","CVE_ASEN":"0007","settlement_type":"COLONIA","source":"INEGI DCAH 2025"}},{"type":"Feature","geometry":{"type":"Polygon","coordinates":[[[-98.9275984,20.2757452],[-98.9278257,20.2755294],[-98.9279255,20.2754398],[-98.9282122,20.2751814],[-98.9283212,20.2757342],[-98.9283744,20.276004],[-98.9285275,20.2761593],[-98.9288103,20.2764282],[-98.9293191,20.2770155],[-98.9294399,20.2771231],[-98.929517,20.2771833],[-98.9295153,20.2772798],[-98.929859,20.2783122],[-98.9302363,20.2795507],[-98.9301182,20.2796288],[-98.9298637,20.2798341],[-98.9292101,20.2803123],[-98.92899,20.2804744],[-98.9288901,20.2805482],[-98.9288367,20.2805867],[-98.928809,20.2806068],[-98.9286776,20.2807097],[-98.9283844,20.2809128],[-98.92778,20.2813636],[-98.9266277,20.282325],[-98.9264713,20.2819883],[-98.9262913,20.2815791],[-98.9261952,20.2812567],[-98.9261734,20.2809792],[-98.9262061,20.2807181],[-98.9262978,20.2804019],[-98.9264626,20.2801773],[-98.925688,20.2793017],[-98.9256066,20.2790476],[-98.92545,20.2789042],[-98.9250377,20.2786233],[-98.9255752,20.2780855],[-98.9256664,20.2779977],[-98.9257944,20.2778927],[-98.9259708,20.2777185],[-98.9262033,20.2774642],[-98.9263512,20.2773025],[-98.9264989,20.2771575],[-98.9265191,20.2771146],[-98.9266667,20.2769292],[-98.9266942,20.2768157],[-98.9264963,20.2768078],[-98.9263877,20.2767848],[-98.9263093,20.2767381],[-98.9262674,20.2766644],[-98.9265173,20.2764716],[-98.9268917,20.2760708],[-98.9270253,20.2759232],[-98.9270974,20.2758997],[-98.9272998,20.2759634],[-98.9273547,20.2760297],[-98.9274381,20.275938],[-98.9275117,20.2758486],[-98.9275984,20.2757452]]]},"properties":{"locality":"DOS CERRITOS","official_key":"1300300010008","CVE_ENT":"13","CVE_MUN":"003","CVE_LOC":"0001","CVE_ASEN":"0008","settlement_type":"COLONIA","source":"INEGI DCAH 2025"}},{"type":"Feature","geometry":{"type":"Polygon","coordinates":[[[-98.9512319,20.2745033],[-98.9519095,20.2742922],[-98.9524832,20.2746168],[-98.9523022,20.2747026],[-98.9523449,20.27482],[-98.9523895,20.2749309],[-98.9523971,20.2749648],[-98.9524217,20.2750858],[-98.9524293,20.2751534],[-98.952428,20.275246],[-98.9524191,20.2752897],[-98.9521847,20.2757962],[-98.9515653,20.277163],[-98.9513424,20.2776447],[-98.9511565,20.2780366],[-98.9510132,20.2783518],[-98.9506158,20.2792071],[-98.9501419,20.2802268],[-98.9498264,20.2809063],[-98.9496,20.2813956],[-98.9495503,20.281506],[-98.9493541,20.2819267],[-98.9490559,20.282578],[-98.9487737,20.2831846],[-98.9484178,20.2839495],[-98.9482675,20.2842767],[-98.948246,20.2842774],[-98.9482432,20.2842847],[-98.9480709,20.2847392],[-98.9480406,20.2848091],[-98.9467273,20.2875494],[-98.9467558,20.2875612],[-98.9465491,20.2879685],[-98.946537,20.2879634],[-98.9463526,20.2878845],[-98.9462527,20.2878437],[-98.9460571,20.2877638],[-98.9456468,20.2876019],[-98.9454025,20.2875054],[-98.9451782,20.2874261],[-98.9476585,20.2820071],[-98.9482196,20.2807813],[-98.9483765,20.2804252],[-98.9484201,20.280358],[-98.9487696,20.279647],[-98.9493539,20.2783983],[-98.9496454,20.2777807],[-98.9499608,20.2770644],[-98.9500015,20.2770284],[-98.950024,20.2769452],[-98.9501529,20.2766823],[-98.950553,20.2757853],[-98.9509544,20.2751342],[-98.9509678,20.2751079],[-98.9509923,20.2750601],[-98.9512319,20.2745033]]]},"properties":{"locality":"EFRÉN REBOLLEDO","official_key":"1300300010009","CVE_ENT":"13","CVE_MUN":"003","CVE_LOC":"0001","CVE_ASEN":"0009","settlement_type":"FRACCIONAMIENTO","source":"INEGI DCAH 2025"}},{"type":"Feature","geometry":{"type":"Polygon","coordinates":[[[-98.9425176,20.2610207],[-98.9427744,20.2609721],[-98.9431814,20.2609595],[-98.9433436,20.2609545],[-98.9434144,20.2609308],[-98.9442344,20.2609075],[-98.9451552,20.2608682],[-98.9451756,20.2600125],[-98.9451719,20.2597003],[-98.9451746,20.2591245],[-98.9451768,20.2586621],[-98.9453107,20.258709],[-98.9461038,20.2589829],[-98.9464995,20.2591077],[-98.9466245,20.259145],[-98.9467662,20.2591609],[-98.9469877,20.2591992],[-98.9472884,20.2593568],[-98.9475647,20.2598418],[-98.9477786,20.2601177],[-98.9478529,20.2601818],[-98.9486999,20.2608207],[-98.9487472,20.2608563],[-98.950093,20.2617928],[-98.9501079,20.2617454],[-98.9501198,20.2615253],[-98.9509139,20.2615787],[-98.9507978,20.2616991],[-98.9504974,20.2620196],[-98.9504779,20.2620404],[-98.9504558,20.2620639],[-98.9503397,20.2621877],[-98.9498937,20.2626115],[-98.9498154,20.2626859],[-98.9494779,20.2630181],[-98.9492503,20.263279],[-98.9491094,20.2634691],[-98.9489608,20.263751],[-98.9486855,20.2642736],[-98.9485121,20.2643678],[-98.9480231,20.26437],[-98.94706,20.2643767],[-98.9467875,20.264423],[-98.9463144,20.2635784],[-98.9460998,20.2633592],[-98.945725,20.2630626],[-98.945132,20.2627589],[-98.9442034,20.2622833],[-98.9438623,20.2621086],[-98.9434368,20.2617889],[-98.9431687,20.2615995],[-98.9425176,20.2610207]]]},"properties":{"locality":"ESTACIÓN","official_key":"1300300010010","CVE_ENT":"13","CVE_MUN":"003","CVE_LOC":"0001","CVE_ASEN":"0010","settlement_type":"COLONIA","source":"INEGI DCAH 2025"}},{"type":"Feature","geometry":{"type":"Polygon","coordinates":[[[-98.9347985,20.2736848],[-98.9349213,20.2736373],[-98.935248,20.2735752],[-98.935549,20.2735179],[-98.9354539,20.2732581],[-98.935445,20.2727526],[-98.9354286,20.2724982],[-98.9353595,20.2719261],[-98.9353473,20.2718415],[-98.9353376,20.2717165],[-98.9353144,20.2713558],[-98.9353419,20.2710296],[-98.9353386,20.2708261],[-98.9353626,20.2706582],[-98.9353506,20.2705942],[-98.934751,20.2705905],[-98.9347051,20.2696983],[-98.9355087,20.2697233],[-98.9365015,20.2697543],[-98.9374389,20.2697918],[-98.9387065,20.2698349],[-98.9397628,20.2698393],[-98.9397383,20.2698897],[-98.939689,20.270657],[-98.9396399,20.2716126],[-98.9396327,20.272041],[-98.9396323,20.2720652],[-98.939544,20.2721679],[-98.9395807,20.2727147],[-98.9396111,20.2729103],[-98.9396619,20.2731883],[-98.9397126,20.2734951],[-98.9390361,20.2737804],[-98.9385325,20.2739979],[-98.9378642,20.2744212],[-98.9375221,20.2746506],[-98.9370514,20.2749661],[-98.937009,20.2749772],[-98.9366021,20.2752539],[-98.9361114,20.2755356],[-98.9352739,20.2759185],[-98.9347176,20.2762515],[-98.9346287,20.2758589],[-98.9345426,20.2753926],[-98.9352319,20.2752024],[-98.9347985,20.2736848]]]},"properties":{"locality":"LA FLORESTA","official_key":"1300300010011","CVE_ENT":"13","CVE_MUN":"003","CVE_LOC":"0001","CVE_ASEN":"0011","settlement_type":"COLONIA","source":"INEGI DCAH 2025"}},{"type":"Feature","geometry":{"type":"Polygon","coordinates":[[[-98.9435043,20.2563174],[-98.9437435,20.2563445],[-98.9439439,20.2563373],[-98.9441048,20.2562814],[-98.9441641,20.2562353],[-98.9442397,20.2561703],[-98.944423,20.2559432],[-98.9446426,20.2557285],[-98.9447273,20.2556012],[-98.9449217,20.2553478],[-98.9451476,20.2550795],[-98.9453165,20.25501],[-98.9453681,20.2549964],[-98.9460896,20.2548534],[-98.9461207,20.2548614],[-98.9461433,20.2550413],[-98.9461535,20.255123],[-98.946204,20.2552652],[-98.9464714,20.2553767],[-98.9466289,20.2554826],[-98.9467269,20.2557474],[-98.9468071,20.2561014],[-98.9462129,20.2561933],[-98.9462397,20.2565445],[-98.9467002,20.2565947],[-98.9467626,20.2571744],[-98.947024,20.2571605],[-98.9471161,20.2580998],[-98.9472171,20.2591506],[-98.9472884,20.2593568],[-98.9469877,20.2591992],[-98.9467662,20.2591609],[-98.9466245,20.259145],[-98.9464995,20.2591077],[-98.9461038,20.2589829],[-98.9453107,20.258709],[-98.9451768,20.2586621],[-98.9451746,20.2591245],[-98.9451719,20.2597003],[-98.9451756,20.2600125],[-98.9451552,20.2608682],[-98.9442344,20.2609075],[-98.9434144,20.2609308],[-98.9433436,20.2609545],[-98.9431814,20.2609595],[-98.9431714,20.2594117],[-98.9432071,20.2577723],[-98.9434309,20.257746],[-98.9441513,20.2576621],[-98.9437698,20.2567381],[-98.9436509,20.2564783],[-98.9435227,20.2564101],[-98.9435043,20.2563174]]]},"properties":{"locality":"LOS FRAILES","official_key":"1300300010012","CVE_ENT":"13","CVE_MUN":"003","CVE_LOC":"0001","CVE_ASEN":"0012","settlement_type":"FRACCIONAMIENTO","source":"INEGI DCAH 2025"}},{"type":"Feature","geometry":{"type":"Polygon","coordinates":[[[-98.929517,20.2771833],[-98.9294399,20.2771231],[-98.9293191,20.2770155],[-98.9288103,20.2764282],[-98.9285275,20.2761593],[-98.9283744,20.276004],[-98.9283212,20.2757342],[-98.9282122,20.2751814],[-98.9281663,20.2749734],[-98.9281482,20.2748338],[-98.9281286,20.2746833],[-98.928104,20.2745507],[-98.9280373,20.2741853],[-98.9280152,20.2740109],[-98.9279678,20.2737959],[-98.9279367,20.2736073],[-98.9279149,20.2734225],[-98.9278795,20.2732608],[-98.9278706,20.2731288],[-98.9278324,20.2729157],[-98.927785,20.2726944],[-98.9277412,20.2724301],[-98.927666,20.2720203],[-98.9276615,20.2719484],[-98.9296355,20.2716037],[-98.9323563,20.2711612],[-98.932363,20.2713341],[-98.9323737,20.2716117],[-98.9323963,20.2717539],[-98.9328467,20.2716376],[-98.9328283,20.2713758],[-98.9328344,20.2711102],[-98.9328046,20.270791],[-98.9327807,20.2705989],[-98.93273,20.2703303],[-98.9326904,20.2701159],[-98.9326709,20.2699439],[-98.9326478,20.2697266],[-98.9328897,20.2697267],[-98.9331321,20.2697262],[-98.933321,20.2697071],[-98.9333408,20.2697049],[-98.9334981,20.2696877],[-98.9335607,20.2696858],[-98.9337975,20.2696786],[-98.9339764,20.2696822],[-98.934222,20.2696876],[-98.9343514,20.2696905],[-98.9347051,20.2696983],[-98.934751,20.2705905],[-98.9353506,20.2705942],[-98.9353626,20.2706582],[-98.9353386,20.2708261],[-98.9353419,20.2710296],[-98.9353144,20.2713558],[-98.9353376,20.2717165],[-98.9353473,20.2718415],[-98.9353595,20.2719261],[-98.9354286,20.2724982],[-98.935445,20.2727526],[-98.9354539,20.2732581],[-98.935549,20.2735179],[-98.935248,20.2735752],[-98.9349213,20.2736373],[-98.9347985,20.2736848],[-98.9346017,20.2737495],[-98.934257,20.2738935],[-98.9338514,20.2740949],[-98.933657,20.2742105],[-98.9336267,20.2743431],[-98.9335863,20.2744766],[-98.9335498,20.2745706],[-98.9334331,20.2746417],[-98.9331679,20.2747241],[-98.9329709,20.2747722],[-98.9327747,20.2748115],[-98.9327255,20.274821],[-98.9326711,20.2748265],[-98.9326009,20.2748535],[-98.9323471,20.2749761],[-98.9322561,20.2750584],[-98.9322142,20.2751339],[-98.9321952,20.2751817],[-98.9321276,20.2752578],[-98.9319142,20.2756664],[-98.931388,20.2761646],[-98.931311,20.276255],[-98.9308978,20.2766192],[-98.9308378,20.2766655],[-98.9302477,20.2770201],[-98.9299017,20.2772384],[-98.9296892,20.2772713],[-98.9295967,20.2772429],[-98.929517,20.2771833]]]},"properties":{"locality":"FUNDICIÓN ALTA","official_key":"1300300010013","CVE_ENT":"13","CVE_MUN":"003","CVE_LOC":"0001","CVE_ASEN":"0013","settlement_type":"COLONIA","source":"INEGI DCAH 2025"}},{"type":"Feature","geometry":{"type":"Polygon","coordinates":[[[-98.927638,20.2715792],[-98.9276859,20.2709613],[-98.9279117,20.2702177],[-98.9280136,20.2697856],[-98.9280413,20.269672],[-98.9280632,20.269416],[-98.9281067,20.2685495],[-98.9289825,20.2687202],[-98.9290833,20.2687641],[-98.9295633,20.2689006],[-98.9301287,20.2690485],[-98.9306657,20.269185],[-98.9312115,20.2693428],[-98.9316992,20.2694876],[-98.9321721,20.2696028],[-98.9326478,20.2697266],[-98.9326709,20.2699439],[-98.9326904,20.2701159],[-98.93273,20.2703303],[-98.9327807,20.2705989],[-98.9328046,20.270791],[-98.9328344,20.2711102],[-98.9328283,20.2713758],[-98.9328467,20.2716376],[-98.9323963,20.2717539],[-98.9323737,20.2716117],[-98.932363,20.2713341],[-98.9323563,20.2711612],[-98.9296355,20.2716037],[-98.9276615,20.2719484],[-98.927638,20.2715792]]]},"properties":{"locality":"FUNDICIÓN BAJA","official_key":"1300300010014","CVE_ENT":"13","CVE_MUN":"003","CVE_LOC":"0001","CVE_ASEN":"0014","settlement_type":"COLONIA","source":"INEGI DCAH 2025"}},{"type":"Feature","geometry":{"type":"Polygon","coordinates":[[[-98.9301182,20.2796288],[-98.9302363,20.2795507],[-98.929859,20.2783122],[-98.9295153,20.2772798],[-98.929517,20.2771833],[-98.9295967,20.2772429],[-98.9296892,20.2772713],[-98.9299017,20.2772384],[-98.9302477,20.2770201],[-98.9308378,20.2766655],[-98.9308978,20.2766192],[-98.931311,20.276255],[-98.931388,20.2761646],[-98.9319142,20.2756664],[-98.9321276,20.2752578],[-98.9321952,20.2751817],[-98.9322142,20.2751339],[-98.9322561,20.2750584],[-98.9323471,20.2749761],[-98.9326009,20.2748535],[-98.9326711,20.2748265],[-98.9327255,20.274821],[-98.9327747,20.2748115],[-98.9329709,20.2747722],[-98.9331679,20.2747241],[-98.9334331,20.2746417],[-98.9335498,20.2745706],[-98.9335863,20.2744766],[-98.9336267,20.2743431],[-98.933657,20.2742105],[-98.9338514,20.2740949],[-98.934257,20.2738935],[-98.9346017,20.2737495],[-98.9347985,20.2736848],[-98.9352319,20.2752024],[-98.9345426,20.2753926],[-98.9346287,20.2758589],[-98.9347176,20.2762515],[-98.9352739,20.2759185],[-98.9361114,20.2755356],[-98.9366021,20.2752539],[-98.937009,20.2749772],[-98.9370853,20.2754324],[-98.9371483,20.275821],[-98.9372181,20.2762131],[-98.9371887,20.2762402],[-98.9368685,20.2765476],[-98.9366904,20.2767088],[-98.9365121,20.2768701],[-98.9359785,20.2773531],[-98.9359199,20.2774061],[-98.9358492,20.2774759],[-98.9357515,20.2775723],[-98.9355803,20.2777502],[-98.9352185,20.278069],[-98.9351353,20.2781538],[-98.9348579,20.2784364],[-98.9344901,20.2787788],[-98.934465,20.2788022],[-98.9335401,20.2796628],[-98.9334073,20.2797841],[-98.9331469,20.2800219],[-98.9330597,20.2801015],[-98.932675,20.2804522],[-98.9323222,20.2807738],[-98.9322671,20.2808242],[-98.932199,20.2808862],[-98.9319086,20.2811606],[-98.9317869,20.2812755],[-98.9315614,20.2814899],[-98.9315071,20.2815416],[-98.9310297,20.2819676],[-98.9309443,20.2820438],[-98.9308352,20.2817111],[-98.9307079,20.2813209],[-98.9305803,20.2809756],[-98.9305108,20.2807521],[-98.9303758,20.2803866],[-98.9302514,20.2800305],[-98.9301182,20.2796288]]]},"properties":{"locality":"GUADALUPE","official_key":"1300300010015","CVE_ENT":"13","CVE_MUN":"003","CVE_LOC":"0001","CVE_ASEN":"0015","settlement_type":"COLONIA","source":"INEGI DCAH 2025"}},{"type":"Feature","geometry":{"type":"Polygon","coordinates":[[[-98.9455857,20.2900384],[-98.9460247,20.2899759],[-98.9464125,20.2899215],[-98.9468092,20.2898634],[-98.9471876,20.2898033],[-98.9473977,20.2897652],[-98.9473932,20.2897348],[-98.9473353,20.2893504],[-98.9472687,20.2889077],[-98.9472055,20.2885287],[-98.9471576,20.2882165],[-98.9471507,20.2881589],[-98.9470885,20.2878057],[-98.9473947,20.2877828],[-98.9482193,20.2876526],[-98.9482617,20.2879232],[-98.9483176,20.2882863],[-98.9483695,20.2886508],[-98.9484386,20.2890262],[-98.9485067,20.2894864],[-98.9485635,20.2898607],[-98.9486259,20.2902442],[-98.9486746,20.2906085],[-98.9486918,20.2906858],[-98.9475771,20.2908498],[-98.946474,20.2910087],[-98.9457632,20.2910971],[-98.9457486,20.2910989],[-98.9456814,20.2906122],[-98.9455857,20.2900384]]]},"properties":{"locality":"GUZMÁN MAYER I","official_key":"1300300010016","CVE_ENT":"13","CVE_MUN":"003","CVE_LOC":"0001","CVE_ASEN":"0016","settlement_type":"FRACCIONAMIENTO","source":"INEGI DCAH 2025"}},{"type":"Feature","geometry":{"type":"Polygon","coordinates":[[[-98.9439555,20.2802731],[-98.943911,20.2797809],[-98.9438684,20.2791533],[-98.9438575,20.2788417],[-98.9438727,20.2777142],[-98.9438712,20.2771369],[-98.9438716,20.2761881],[-98.9439005,20.2754326],[-98.9448822,20.2754558],[-98.944927,20.2754569],[-98.9458831,20.275464],[-98.9468494,20.2754851],[-98.9468434,20.2754976],[-98.9468262,20.2755337],[-98.9470811,20.2760387],[-98.9472596,20.2764021],[-98.9473746,20.2766226],[-98.9473925,20.2766616],[-98.9474428,20.2767702],[-98.9476642,20.277198],[-98.9476626,20.277272],[-98.9476589,20.2774438],[-98.9476671,20.2775768],[-98.9476765,20.277728],[-98.9476846,20.2778579],[-98.9477371,20.2787263],[-98.947774,20.2795681],[-98.9477825,20.2797736],[-98.9477852,20.2801225],[-98.9487696,20.279647],[-98.9484201,20.280358],[-98.9483765,20.2804252],[-98.9482196,20.2807813],[-98.9476585,20.2820071],[-98.9473671,20.2820466],[-98.9472788,20.2820631],[-98.9466172,20.2821862],[-98.9456704,20.282355],[-98.9442975,20.2825998],[-98.9440953,20.2814937],[-98.9440512,20.2812806],[-98.9440184,20.2809566],[-98.9439555,20.2802731]]]},"properties":{"locality":"JESÚS LUZ MENESES","official_key":"1300300010017","CVE_ENT":"13","CVE_MUN":"003","CVE_LOC":"0001","CVE_ASEN":"0017","settlement_type":"COLONIA","source":"INEGI DCAH 2025"}},{"type":"Feature","geometry":{"type":"Polygon","coordinates":[[[-98.9452186,20.2876737],[-98.9451782,20.2874261],[-98.9454025,20.2875054],[-98.9456468,20.2876019],[-98.9460571,20.2877638],[-98.9462527,20.2878437],[-98.9463526,20.2878845],[-98.946537,20.2879634],[-98.9465491,20.2879685],[-98.9465847,20.2879838],[-98.9471138,20.2882101],[-98.9471576,20.2882165],[-98.9472055,20.2885287],[-98.9472687,20.2889077],[-98.9473353,20.2893504],[-98.9473932,20.2897348],[-98.9473977,20.2897652],[-98.9471876,20.2898033],[-98.9468092,20.2898634],[-98.9464125,20.2899215],[-98.9460247,20.2899759],[-98.9455857,20.2900384],[-98.9454021,20.2888561],[-98.9453804,20.2887158],[-98.9452186,20.2876737]]]},"properties":{"locality":"LA MOJAS","official_key":"1300300010018","CVE_ENT":"13","CVE_MUN":"003","CVE_LOC":"0001","CVE_ASEN":"0018","settlement_type":"FRACCIONAMIENTO","source":"INEGI DCAH 2025"}},{"type":"Feature","geometry":{"type":"Polygon","coordinates":[[[-98.9445904,20.2841615],[-98.9445111,20.2837948],[-98.9445109,20.2837241],[-98.9442975,20.2825998],[-98.9456704,20.282355],[-98.9466172,20.2821862],[-98.9472788,20.2820631],[-98.9473671,20.2820466],[-98.9476585,20.2820071],[-98.9451782,20.2874261],[-98.9449562,20.2861631],[-98.9448952,20.2858039],[-98.9448827,20.2857447],[-98.9447759,20.2851371],[-98.9446228,20.2843266],[-98.9445904,20.2841615]]]},"properties":{"locality":"NIÑOS HÉROES","official_key":"1300300010019","CVE_ENT":"13","CVE_MUN":"003","CVE_LOC":"0001","CVE_ASEN":"0019","settlement_type":"COLONIA","source":"INEGI DCAH 2025"}},{"type":"Feature","geometry":{"type":"Polygon","coordinates":[[[-98.9398142,20.2584471],[-98.9398966,20.2583897],[-98.940209,20.2577277],[-98.9403095,20.2575301],[-98.9406291,20.2572823],[-98.9411372,20.2568897],[-98.9413015,20.2567725],[-98.9415166,20.2565945],[-98.9416591,20.2564437],[-98.9418218,20.2563285],[-98.9418986,20.2562993],[-98.9422292,20.2562303],[-98.9421483,20.25542],[-98.9432403,20.2552624],[-98.9434975,20.2558304],[-98.9435937,20.2561643],[-98.9435043,20.2563174],[-98.9435227,20.2564101],[-98.9436509,20.2564783],[-98.9437698,20.2567381],[-98.9441513,20.2576621],[-98.9434309,20.257746],[-98.9432071,20.2577723],[-98.9431714,20.2594117],[-98.9431814,20.2609595],[-98.9427744,20.2609721],[-98.9425176,20.2610207],[-98.9414305,20.2599739],[-98.9407348,20.259304],[-98.9406535,20.2592257],[-98.9405164,20.2590937],[-98.9402463,20.2588336],[-98.9398377,20.2584681],[-98.9398142,20.2584471]]]},"properties":{"locality":"NUEVO ACTOPAN","official_key":"1300300010020","CVE_ENT":"13","CVE_MUN":"003","CVE_LOC":"0001","CVE_ASEN":"0020","settlement_type":"FRACCIONAMIENTO","source":"INEGI DCAH 2025"}},{"type":"Feature","geometry":{"type":"Polygon","coordinates":[[[-98.946595,20.2644444],[-98.9467875,20.264423],[-98.9468389,20.2645075],[-98.9470516,20.2648739],[-98.9473165,20.2653303],[-98.9478187,20.2661957],[-98.9480027,20.2665128],[-98.948385,20.2671714],[-98.9489172,20.2681056],[-98.9489879,20.2682547],[-98.9490971,20.2685094],[-98.9492561,20.2688506],[-98.9493958,20.2692321],[-98.9497363,20.2702163],[-98.9500657,20.2710445],[-98.9504182,20.2719747],[-98.9502399,20.272],[-98.9488989,20.2719468],[-98.9479083,20.2719018],[-98.9473549,20.2718778],[-98.9469117,20.2718671],[-98.9459651,20.271819],[-98.9459904,20.270968],[-98.9460033,20.2700245],[-98.9460018,20.2690942],[-98.9460106,20.2687043],[-98.9460051,20.2682012],[-98.9460204,20.2671749],[-98.9460247,20.2662564],[-98.9460476,20.2653825],[-98.9460598,20.2644585],[-98.946595,20.2644444]]]},"properties":{"locality":"OBRERA","official_key":"1300300010021","CVE_ENT":"13","CVE_MUN":"003","CVE_LOC":"0001","CVE_ASEN":"0021","settlement_type":"COLONIA","source":"INEGI DCAH 2025"}},{"type":"Feature","geometry":{"type":"Polygon","coordinates":[[[-98.9411789,20.2832517],[-98.9412141,20.2826397],[-98.9412384,20.2822168],[-98.941246,20.2820839],[-98.9412978,20.2811819],[-98.9413049,20.2807894],[-98.9413113,20.2804324],[-98.9413213,20.279879],[-98.9413259,20.2794569],[-98.9413303,20.2789472],[-98.9413391,20.2785983],[-98.9413449,20.2777864],[-98.9413452,20.277582],[-98.9413209,20.2768822],[-98.9413136,20.2767796],[-98.9413057,20.2766698],[-98.9412998,20.2765401],[-98.9412981,20.27645],[-98.9412744,20.2762676],[-98.9412075,20.2755032],[-98.9412704,20.2754203],[-98.9429286,20.2754022],[-98.9433354,20.2754164],[-98.9439005,20.2754326],[-98.9438716,20.2761881],[-98.9438712,20.2771369],[-98.9438727,20.2777142],[-98.9438575,20.2788417],[-98.9438684,20.2791533],[-98.943911,20.2797809],[-98.9439555,20.2802731],[-98.9440184,20.2809566],[-98.9440512,20.2812806],[-98.9440953,20.2814937],[-98.9442975,20.2825998],[-98.9445109,20.2837241],[-98.9445111,20.2837948],[-98.9445904,20.2841615],[-98.9446228,20.2843266],[-98.9447759,20.2851371],[-98.9448827,20.2857447],[-98.9448952,20.2858039],[-98.9449562,20.2861631],[-98.9451782,20.2874261],[-98.9452186,20.2876737],[-98.9444927,20.2879225],[-98.9439217,20.288128],[-98.942808,20.2885137],[-98.9424749,20.2886403],[-98.9425025,20.2880569],[-98.9426106,20.2868475],[-98.9426118,20.2868342],[-98.9426753,20.2865695],[-98.9427593,20.2862014],[-98.9419542,20.2862129],[-98.941004,20.2862013],[-98.9410129,20.2858426],[-98.9410264,20.2855249],[-98.9410402,20.2851996],[-98.941051,20.2850584],[-98.9410715,20.284773],[-98.9411003,20.2843733],[-98.9411138,20.2842394],[-98.9411511,20.2836732],[-98.9411789,20.2832517]]]},"properties":{"locality":"LOS OLIVOS","official_key":"1300300010022","CVE_ENT":"13","CVE_MUN":"003","CVE_LOC":"0001","CVE_ASEN":"0022","settlement_type":"COLONIA","source":"INEGI DCAH 2025"}},{"type":"Feature","geometry":{"type":"Polygon","coordinates":[[[-98.9543888,20.2745491],[-98.9541905,20.272959],[-98.9541845,20.272911],[-98.9541535,20.2725603],[-98.9540561,20.2718583],[-98.9540143,20.2714907],[-98.9539605,20.2706474],[-98.9539342,20.2704377],[-98.953912,20.2703538],[-98.9537855,20.2694766],[-98.9537206,20.2688451],[-98.9536441,20.268176],[-98.9535345,20.2672183],[-98.9537577,20.2671161],[-98.9539391,20.2670211],[-98.955244,20.2663971],[-98.9555132,20.2662684],[-98.9596455,20.2642473],[-98.9598003,20.2641716],[-98.9598477,20.2641484],[-98.9599067,20.2642242],[-98.9599586,20.264291],[-98.9600423,20.2643526],[-98.9602742,20.2644694],[-98.9604597,20.2645147],[-98.9605098,20.2645187],[-98.9607014,20.2645332],[-98.9611175,20.2644906],[-98.961442,20.264402],[-98.9617741,20.2643113],[-98.962583,20.2640267],[-98.9629527,20.2638733],[-98.9630571,20.2638575],[-98.9631433,20.2638502],[-98.9632493,20.263857],[-98.963388,20.2638661],[-98.9636908,20.2639504],[-98.963874,20.2639684],[-98.9641087,20.2639685],[-98.9645907,20.2639444],[-98.9647169,20.2639279],[-98.9648931,20.263947],[-98.9652117,20.2639471],[-98.9653433,20.2639471],[-98.9659816,20.2637736],[-98.9665241,20.263595],[-98.967031,20.2634396],[-98.9672844,20.2633499],[-98.9673781,20.2633404],[-98.967691,20.2633088],[-98.9680681,20.2633997],[-98.9682045,20.2634493],[-98.9684852,20.2635512],[-98.9687335,20.2636709],[-98.9689355,20.2638095],[-98.9690707,20.2639592],[-98.969261,20.26416],[-98.9694477,20.264393],[-98.9695265,20.264487],[-98.9696045,20.2645802],[-98.9697715,20.2648026],[-98.9699128,20.265033],[-98.9699345,20.2650571],[-98.9704201,20.2655948],[-98.9707136,20.2659161],[-98.970872,20.2660378],[-98.9711548,20.2662295],[-98.9716489,20.2665438],[-98.9720264,20.2667409],[-98.972213,20.2668374],[-98.9722684,20.2681835],[-98.9722752,20.2690126],[-98.9722759,20.2691067],[-98.9721315,20.2690257],[-98.9720119,20.2690269],[-98.972004,20.2690269],[-98.9718404,20.2690285],[-98.9701251,20.2690517],[-98.9684463,20.2690722],[-98.9688432,20.2708604],[-98.9690631,20.2719411],[-98.9692886,20.2729831],[-98.9692368,20.2729182],[-98.9689531,20.2728646],[-98.9683938,20.2727454],[-98.9681272,20.2727128],[-98.9676684,20.272669],[-98.9659082,20.2724768],[-98.9650275,20.2724401],[-98.9642836,20.2724432],[-98.9637059,20.272518],[-98.9632648,20.2726244],[-98.9626294,20.2727365],[-98.9615383,20.2729097],[-98.9610941,20.2730229],[-98.961088,20.2731198],[-98.961024,20.274076],[-98.9610284,20.2740771],[-98.9610414,20.2741961],[-98.9609781,20.2751586],[-98.9609148,20.2759164],[-98.9607762,20.2773551],[-98.96077,20.2774815],[-98.9607271,20.2781796],[-98.9606739,20.278924],[-98.9606194,20.2796231],[-98.9576663,20.2778623],[-98.9566434,20.277224],[-98.9561756,20.2769267],[-98.9540852,20.2755981],[-98.9541559,20.275513],[-98.9543,20.2750783],[-98.9543691,20.2747341],[-98.954375,20.2746786],[-98.9543888,20.2745491]],[[-98.9608058,20.2731079],[-98.9608313,20.2722356],[-98.9608325,20.2722002],[-98.9607057,20.2722057],[-98.9604531,20.2722055],[-98.9598934,20.2722052],[-98.959629,20.272205],[-98.959577,20.2722042],[-98.9594157,20.2722006],[-98.9594132,20.2722321],[-98.9593606,20.2729888],[-98.9593185,20.2735731],[-98.9595082,20.2736457],[-98.9606567,20.2740377],[-98.9608259,20.2740535],[-98.9608058,20.2731079]]]},"properties":{"locality":"POZO GRANDE","official_key":"1300300010023","CVE_ENT":"13","CVE_MUN":"003","CVE_LOC":"0001","CVE_ASEN":"0023","settlement_type":"COLONIA","source":"INEGI DCAH 2025"}},{"type":"Feature","geometry":{"type":"Polygon","coordinates":[[[-98.9347051,20.2696983],[-98.9343514,20.2696905],[-98.934222,20.2696876],[-98.9339764,20.2696822],[-98.9337975,20.2696786],[-98.9338304,20.2695358],[-98.9340021,20.2689086],[-98.934036,20.2688431],[-98.9340648,20.2687296],[-98.9341648,20.2683636],[-98.9342323,20.2681433],[-98.9342829,20.2679741],[-98.9343025,20.2678613],[-98.9344841,20.2672645],[-98.9345294,20.2671296],[-98.9344844,20.2670346],[-98.9343261,20.2668181],[-98.9341369,20.2666219],[-98.9340967,20.2665833],[-98.934003,20.2665192],[-98.9338245,20.2664391],[-98.9335635,20.2663331],[-98.9335397,20.2663188],[-98.9336351,20.2662538],[-98.9338655,20.2661296],[-98.934351,20.265949],[-98.9346831,20.2658548],[-98.9350949,20.2657078],[-98.9351794,20.2655803],[-98.9352264,20.2654497],[-98.9352074,20.2653836],[-98.9351058,20.2652096],[-98.9347756,20.2648424],[-98.9346155,20.2646396],[-98.934498,20.2644985],[-98.9344335,20.2643097],[-98.934412,20.2641674],[-98.9344432,20.2640685],[-98.9346156,20.2638694],[-98.9346647,20.2638134],[-98.9350765,20.2635244],[-98.9350938,20.2635545],[-98.9351571,20.2636651],[-98.9352215,20.2637429],[-98.9353469,20.2638472],[-98.9354053,20.2638815],[-98.9355928,20.2638928],[-98.936163,20.2638759],[-98.9366721,20.2638548],[-98.9369528,20.2638559],[-98.9390485,20.2637355],[-98.9390054,20.2641907],[-98.9389566,20.2647061],[-98.9389295,20.2651917],[-98.9389095,20.2656196],[-98.9388857,20.2660394],[-98.9388795,20.26615],[-98.9388452,20.2665741],[-98.9388346,20.2672391],[-98.938809,20.2676652],[-98.9387866,20.2680648],[-98.9387537,20.268762],[-98.938745,20.268946],[-98.9387065,20.2698349],[-98.9374389,20.2697918],[-98.9365015,20.2697543],[-98.9355087,20.2697233],[-98.9347051,20.2696983]]]},"properties":{"locality":"ROJO GÓMEZ","official_key":"1300300010024","CVE_ENT":"13","CVE_MUN":"003","CVE_LOC":"0001","CVE_ASEN":"0024","settlement_type":"COLONIA","source":"INEGI DCAH 2025"}},{"type":"Feature","geometry":{"type":"Polygon","coordinates":[[[-98.9582717,20.2812324],[-98.9571316,20.2815951],[-98.9568053,20.2811692],[-98.9566722,20.2809953],[-98.956669,20.2809912],[-98.9564112,20.2806379],[-98.9564963,20.280473],[-98.957033,20.2802238],[-98.9571544,20.2804242],[-98.9572761,20.2806103],[-98.957839,20.2803444],[-98.9582717,20.2812324]]]},"properties":{"locality":"BUENOS AIRES","official_key":"1300300010029","CVE_ENT":"13","CVE_MUN":"003","CVE_LOC":"0001","CVE_ASEN":"0029","settlement_type":"FRACCIONAMIENTO","source":"INEGI DCAH 2025"}},{"type":"Feature","geometry":{"type":"Polygon","coordinates":[[[-98.9281067,20.2685495],[-98.9281192,20.2684978],[-98.9280621,20.2680634],[-98.9281072,20.2680363],[-98.9280687,20.2680192],[-98.928073,20.2679528],[-98.9280565,20.2679153],[-98.9280383,20.2678739],[-98.9280264,20.2678469],[-98.928004,20.267796],[-98.9280015,20.2677801],[-98.9279788,20.2676399],[-98.9279676,20.267228],[-98.9280115,20.2668921],[-98.9281406,20.2664804],[-98.9284212,20.2660597],[-98.9289214,20.2655052],[-98.9293562,20.2649838],[-98.9294163,20.2649339],[-98.9296115,20.2647718],[-98.9298602,20.2646008],[-98.9301564,20.2644487],[-98.930454,20.2643488],[-98.9309259,20.2642295],[-98.9313671,20.2641235],[-98.9318379,20.2640334],[-98.9322563,20.2639545],[-98.93262,20.2638734],[-98.9329929,20.2637659],[-98.9332355,20.263666],[-98.9334789,20.2635443],[-98.9337195,20.2633984],[-98.9339314,20.2632716],[-98.9340873,20.2631536],[-98.9342381,20.2630249],[-98.934442,20.2628481],[-98.9345623,20.262729],[-98.9346565,20.2627929],[-98.9349447,20.2633061],[-98.9350688,20.2635116],[-98.9350765,20.2635244],[-98.9346647,20.2638134],[-98.9346156,20.2638694],[-98.9344432,20.2640685],[-98.934412,20.2641674],[-98.9344335,20.2643097],[-98.934498,20.2644985],[-98.9346155,20.2646396],[-98.9347756,20.2648424],[-98.9351058,20.2652096],[-98.9352074,20.2653836],[-98.9352264,20.2654497],[-98.9351794,20.2655803],[-98.9350949,20.2657078],[-98.9346831,20.2658548],[-98.934351,20.265949],[-98.9338655,20.2661296],[-98.9336351,20.2662538],[-98.9335397,20.2663188],[-98.9335635,20.2663331],[-98.9338245,20.2664391],[-98.934003,20.2665192],[-98.9340967,20.2665833],[-98.9341369,20.2666219],[-98.9343261,20.2668181],[-98.9344844,20.2670346],[-98.9345294,20.2671296],[-98.9344841,20.2672645],[-98.9343025,20.2678613],[-98.9342829,20.2679741],[-98.9342323,20.2681433],[-98.9341648,20.2683636],[-98.9340648,20.2687296],[-98.934036,20.2688431],[-98.9340021,20.2689086],[-98.9338304,20.2695358],[-98.9337975,20.2696786],[-98.9335607,20.2696858],[-98.9334981,20.2696877],[-98.9333408,20.2697049],[-98.933321,20.2697071],[-98.9331321,20.2697262],[-98.9328897,20.2697267],[-98.9326478,20.2697266],[-98.9321721,20.2696028],[-98.9316992,20.2694876],[-98.9312115,20.2693428],[-98.9306657,20.269185],[-98.9301287,20.2690485],[-98.9295633,20.2689006],[-98.9290833,20.2687641],[-98.9289825,20.2687202],[-98.9281067,20.2685495]]]},"properties":{"locality":"LA EROKA","official_key":"1300300010031","CVE_ENT":"13","CVE_MUN":"003","CVE_LOC":"0001","CVE_ASEN":"0031","settlement_type":"COLONIA","source":"INEGI DCAH 2025"}},{"type":"Feature","geometry":{"type":"Polygon","coordinates":[[[-98.9389757,20.2777859],[-98.9386581,20.2780866],[-98.9373868,20.2769932],[-98.9368685,20.2765476],[-98.9371887,20.2762402],[-98.9372181,20.2762131],[-98.9375728,20.2759028],[-98.9378956,20.2756019],[-98.9382191,20.2753042],[-98.9383648,20.2751701],[-98.9393201,20.2752484],[-98.9400351,20.2753196],[-98.9412704,20.2754203],[-98.9412075,20.2755032],[-98.9412744,20.2762676],[-98.9412981,20.27645],[-98.9412998,20.2765401],[-98.9413057,20.2766698],[-98.9413136,20.2767796],[-98.9413209,20.2768822],[-98.9413452,20.277582],[-98.9413449,20.2777864],[-98.9413391,20.2785983],[-98.9413303,20.2789472],[-98.9413259,20.2794569],[-98.9413213,20.279879],[-98.9413113,20.2804324],[-98.9413049,20.2807894],[-98.9412978,20.2811819],[-98.9412313,20.2811931],[-98.9406674,20.2803413],[-98.9401035,20.2794895],[-98.9395396,20.2786377],[-98.9389757,20.2777859]]]},"properties":{"locality":"EULALIO ÁNGELES","official_key":"1300300010032","CVE_ENT":"13","CVE_MUN":"003","CVE_LOC":"0001","CVE_ASEN":"0032","settlement_type":"COLONIA","source":"INEGI DCAH 2025"}},{"type":"Feature","geometry":{"type":"Polygon","coordinates":[[[-98.9482193,20.2876526],[-98.9482518,20.2876308],[-98.9487225,20.2875666],[-98.9490396,20.2875246],[-98.9491177,20.2877391],[-98.9492121,20.2880005],[-98.9496195,20.2890483],[-98.9498151,20.2895461],[-98.9498786,20.2897134],[-98.9499845,20.2900143],[-98.950052,20.2902096],[-98.9500762,20.290281],[-98.9501253,20.2904052],[-98.9498425,20.2904605],[-98.9495282,20.2905221],[-98.9491559,20.290595],[-98.9486918,20.2906858],[-98.9486746,20.2906085],[-98.9486259,20.2902442],[-98.9485635,20.2898607],[-98.9485067,20.2894864],[-98.9484386,20.2890262],[-98.9483695,20.2886508],[-98.9483176,20.2882863],[-98.9482617,20.2879232],[-98.9482193,20.2876526]]]},"properties":{"locality":"GUZMÁN MAYER II","official_key":"1300300010033","CVE_ENT":"13","CVE_MUN":"003","CVE_LOC":"0001","CVE_ASEN":"0033","settlement_type":"FRACCIONAMIENTO","source":"INEGI DCAH 2025"}},{"type":"Feature","geometry":{"type":"Polygon","coordinates":[[[-98.9351353,20.2781538],[-98.9352185,20.278069],[-98.9355803,20.2777502],[-98.9357515,20.2775723],[-98.9358492,20.2774759],[-98.9359199,20.2774061],[-98.9359785,20.2773531],[-98.9365121,20.2768701],[-98.9366904,20.2767088],[-98.9368685,20.2765476],[-98.9373868,20.2769932],[-98.9386581,20.2780866],[-98.9384747,20.2782724],[-98.9376229,20.2791361],[-98.9374773,20.2792814],[-98.9373165,20.2794419],[-98.9369464,20.2798112],[-98.9369033,20.2798519],[-98.9363492,20.2793273],[-98.9360431,20.2790249],[-98.935726,20.2787181],[-98.9354153,20.2784182],[-98.9351353,20.2781538]]]},"properties":{"locality":"LA HACIENDA","official_key":"1300300010034","CVE_ENT":"13","CVE_MUN":"003","CVE_LOC":"0001","CVE_ASEN":"0034","settlement_type":"FRACCIONAMIENTO","source":"INEGI DCAH 2025"}},{"type":"Feature","geometry":{"type":"Polygon","coordinates":[[[-98.9606567,20.2740377],[-98.9595082,20.2736457],[-98.9593185,20.2735731],[-98.9593606,20.2729888],[-98.9594132,20.2722321],[-98.9594157,20.2722006],[-98.959577,20.2722042],[-98.959629,20.272205],[-98.9598934,20.2722052],[-98.9604531,20.2722055],[-98.9607057,20.2722057],[-98.9608325,20.2722002],[-98.9608313,20.2722356],[-98.9608058,20.2731079],[-98.9608259,20.2740535],[-98.9606567,20.2740377]]]},"properties":{"locality":"SAN ÁNGEL INN","official_key":"1300300010035","CVE_ENT":"13","CVE_MUN":"003","CVE_LOC":"0001","CVE_ASEN":"0035","settlement_type":"FRACCIONAMIENTO","source":"INEGI DCAH 2025"}},{"type":"Feature","geometry":{"type":"Polygon","coordinates":[[[-98.9302745,20.2820274],[-98.9300924,20.2817285],[-98.9298853,20.2814073],[-98.9298018,20.2812506],[-98.9296181,20.2809448],[-98.9294982,20.280758],[-98.9294047,20.2806123],[-98.9292101,20.2803123],[-98.9298637,20.2798341],[-98.9301182,20.2796288],[-98.9302514,20.2800305],[-98.9303758,20.2803866],[-98.9305108,20.2807521],[-98.9305803,20.2809756],[-98.9307079,20.2813209],[-98.9308352,20.2817111],[-98.9309443,20.2820438],[-98.9305135,20.2824766],[-98.9302745,20.2820274]]]},"properties":{"locality":"TIERRA Y LIBERTAD","official_key":"1300300010036","CVE_ENT":"13","CVE_MUN":"003","CVE_LOC":"0001","CVE_ASEN":"0036","settlement_type":"COLONIA","source":"INEGI DCAH 2025"}},{"type":"Feature","geometry":{"type":"Polygon","coordinates":[[[-98.9305135,20.2824766],[-98.9309443,20.2820438],[-98.9310297,20.2819676],[-98.9315071,20.2815416],[-98.9323702,20.2825376],[-98.9332334,20.2835336],[-98.9327478,20.2840195],[-98.9325131,20.2842544],[-98.9322312,20.2845365],[-98.9319753,20.2847925],[-98.9313793,20.285392],[-98.9312792,20.2853147],[-98.931004,20.2849732],[-98.9307599,20.2846653],[-98.9305313,20.2843697],[-98.9302997,20.2840711],[-98.9300556,20.2837602],[-98.9298362,20.2834798],[-98.9297065,20.2833092],[-98.9297056,20.2832635],[-98.9302536,20.2827341],[-98.9305135,20.2824766]]]},"properties":{"locality":"DEPORTIVO OLÍMPICO","official_key":"1300300010039","CVE_ENT":"13","CVE_MUN":"003","CVE_LOC":"0001","CVE_ASEN":"0039","settlement_type":"COLONIA","source":"INEGI DCAH 2025"}},{"type":"Feature","geometry":{"type":"Polygon","coordinates":[[[-98.9266277,20.282325],[-98.92778,20.2813636],[-98.9283844,20.2809128],[-98.9286776,20.2807097],[-98.928809,20.2806068],[-98.9288367,20.2805867],[-98.9288901,20.2805482],[-98.92899,20.2804744],[-98.9292101,20.2803123],[-98.9294047,20.2806123],[-98.9294982,20.280758],[-98.9296181,20.2809448],[-98.9298018,20.2812506],[-98.9298853,20.2814073],[-98.9300924,20.2817285],[-98.9302745,20.2820274],[-98.9305135,20.2824766],[-98.9302536,20.2827341],[-98.9297056,20.2832635],[-98.9297065,20.2833092],[-98.9298362,20.2834798],[-98.9300556,20.2837602],[-98.9302997,20.2840711],[-98.9305313,20.2843697],[-98.9307599,20.2846653],[-98.931004,20.2849732],[-98.9312792,20.2853147],[-98.9313793,20.285392],[-98.931031,20.2857423],[-98.9308954,20.2858788],[-98.9306936,20.286082],[-98.9302692,20.2865093],[-98.9298996,20.2869014],[-98.9293657,20.2861185],[-98.9288318,20.2853356],[-98.9282979,20.2845527],[-98.9282462,20.2844844],[-98.927496,20.2834373],[-98.9270254,20.2827566],[-98.9268324,20.2825136],[-98.9267348,20.2824037],[-98.9266277,20.282325]]]},"properties":{"locality":"UNIDAD DEPORTIVA","official_key":"1300300010040","CVE_ENT":"13","CVE_MUN":"003","CVE_LOC":"0001","CVE_ASEN":"0040","settlement_type":"COLONIA","source":"INEGI DCAH 2025"}},{"type":"Feature","geometry":{"type":"Polygon","coordinates":[[[-98.9315071,20.2815416],[-98.9315614,20.2814899],[-98.9317869,20.2812755],[-98.9319086,20.2811606],[-98.932199,20.2808862],[-98.9322671,20.2808242],[-98.9323222,20.2807738],[-98.932675,20.2804522],[-98.9330597,20.2801015],[-98.9331469,20.2800219],[-98.9334073,20.2797841],[-98.9335401,20.2796628],[-98.934465,20.2788022],[-98.9344901,20.2787788],[-98.9348579,20.2784364],[-98.9351353,20.2781538],[-98.9354153,20.2784182],[-98.935726,20.2787181],[-98.9360431,20.2790249],[-98.9363492,20.2793273],[-98.9369033,20.2798519],[-98.9368377,20.2799137],[-98.9366211,20.2801196],[-98.9364866,20.2802587],[-98.9362432,20.2805106],[-98.9354907,20.2812664],[-98.9350032,20.2817561],[-98.9347383,20.2820221],[-98.9339858,20.2827779],[-98.9332334,20.2835336],[-98.9323702,20.2825376],[-98.9315071,20.2815416]]]},"properties":{"locality":"COLOSIO","official_key":"1300300010041","CVE_ENT":"13","CVE_MUN":"003","CVE_LOC":"0001","CVE_ASEN":"0041","settlement_type":"COLONIA","source":"INEGI DCAH 2025"}},{"type":"Feature","geometry":{"type":"Polygon","coordinates":[[[-98.9431776,20.2415427],[-98.9431872,20.241003],[-98.9431414,20.2408819],[-98.9426141,20.2384752],[-98.9424352,20.2371434],[-98.9430333,20.2371387],[-98.9433411,20.2369774],[-98.9438635,20.2369571],[-98.9439107,20.2386802],[-98.9441028,20.2386882],[-98.9441261,20.2391254],[-98.9443176,20.2391353],[-98.9443641,20.2391872],[-98.9443935,20.2392897],[-98.944417,20.2398001],[-98.9444568,20.2402869],[-98.9444984,20.2407834],[-98.9449152,20.2407325],[-98.9453937,20.2406874],[-98.9455185,20.2412384],[-98.9455677,20.2415148],[-98.946438,20.2414641],[-98.9464193,20.2412189],[-98.9464601,20.2412051],[-98.9470433,20.2412222],[-98.9474507,20.2412329],[-98.9475185,20.241228],[-98.9475634,20.2412321],[-98.9475868,20.2412559],[-98.9476003,20.2412896],[-98.9476041,20.241327],[-98.9476022,20.2413728],[-98.9477533,20.2416509],[-98.9478991,20.2420013],[-98.9480987,20.2424961],[-98.9482682,20.2425507],[-98.9488735,20.2427115],[-98.9487496,20.2431967],[-98.9485531,20.2439092],[-98.9484877,20.2440986],[-98.9482588,20.2442417],[-98.9477935,20.2445334],[-98.9470205,20.2449781],[-98.9468383,20.2450508],[-98.9466959,20.2450529],[-98.9465535,20.2450286],[-98.9463691,20.2449471],[-98.9463177,20.2449228],[-98.9460836,20.2448788],[-98.9460346,20.2448633],[-98.9460408,20.2448202],[-98.9460482,20.2447691],[-98.9460485,20.244768],[-98.9460841,20.2446038],[-98.9461973,20.2440374],[-98.9461982,20.2440197],[-98.9462355,20.2432625],[-98.9448916,20.242882],[-98.9436935,20.2425301],[-98.9432373,20.2423886],[-98.9432129,20.2421145],[-98.9431776,20.2415427]]]},"properties":{"locality":"BOTHI BAJI","official_key":"1300300030001","CVE_ENT":"13","CVE_MUN":"003","CVE_LOC":"0003","CVE_ASEN":"0001","settlement_type":"BARRIO","source":"INEGI DCAH 2025"}},{"type":"Feature","geometry":{"type":"Polygon","coordinates":[[[-98.948245,20.3515237],[-98.9481359,20.3515121],[-98.9476145,20.351513],[-98.9475888,20.3515131],[-98.9474991,20.3514923],[-98.9471046,20.3514012],[-98.9471032,20.3514008],[-98.946812,20.3513175],[-98.9467328,20.3512886],[-98.9466828,20.3512704],[-98.9466379,20.351254],[-98.9464389,20.351166],[-98.9461829,20.3510049],[-98.945986,20.3508815],[-98.9458732,20.3508112],[-98.9458006,20.3507661],[-98.9456576,20.3506741],[-98.945411,20.350505],[-98.9451624,20.3503589],[-98.9449049,20.3501996],[-98.9448595,20.3501843],[-98.9446372,20.3501599],[-98.9444296,20.3501322],[-98.9442605,20.350097],[-98.9440165,20.3500365],[-98.9437667,20.3499182],[-98.9435653,20.3498162],[-98.9434966,20.3494415],[-98.9434618,20.3491512],[-98.9434533,20.3489241],[-98.9434553,20.3488368],[-98.9434774,20.3484015],[-98.9435168,20.3480989],[-98.9435263,20.3479877],[-98.9434457,20.3477411],[-98.9434274,20.3476853],[-98.9433963,20.3475743],[-98.9433646,20.3473886],[-98.9433505,20.3473055],[-98.9433171,20.3471148],[-98.943271,20.3469497],[-98.9432273,20.3468106],[-98.9431438,20.3464979],[-98.9431302,20.3463354],[-98.9430901,20.3458133],[-98.9430912,20.3456271],[-98.9431182,20.3452888],[-98.9431406,20.3450618],[-98.9431537,20.3448892],[-98.9431639,20.344661],[-98.9431497,20.34439],[-98.9431536,20.3442401],[-98.9431481,20.3441968],[-98.9430997,20.3434953],[-98.9430101,20.3425211],[-98.9429479,20.3417608],[-98.9428958,20.3411812],[-98.9428574,20.3407918],[-98.9428395,20.3400704],[-98.9428398,20.339194],[-98.9428455,20.3385865],[-98.9428448,20.3385283],[-98.9428351,20.33773],[-98.942827,20.3374629],[-98.942827,20.3374629],[-98.942827,20.3374628],[-98.942827,20.3374628],[-98.9428248,20.3373881],[-98.9428253,20.337281],[-98.9428252,20.337281],[-98.9428252,20.3372809],[-98.9428301,20.3361998],[-98.9428354,20.3350979],[-98.9428819,20.3344015],[-98.9429316,20.3333794],[-98.9429068,20.332577],[-98.9433997,20.3325663],[-98.9437463,20.3324755],[-98.94436,20.332223],[-98.9448303,20.3320303],[-98.946158,20.3314833],[-98.9468873,20.3311826],[-98.9470403,20.3311156],[-98.9474079,20.3309198],[-98.9469732,20.3300023],[-98.9469569,20.3297689],[-98.9467098,20.329121],[-98.9475782,20.3288174],[-98.9477976,20.3293337],[-98.9478822,20.3293703],[-98.9480084,20.3296547],[-98.9484337,20.3306728],[-98.9486293,20.3306148],[-98.9487731,20.3305627],[-98.9496543,20.3298632],[-98.9498469,20.3298117],[-98.9502689,20.329803],[-98.9507033,20.3280822],[-98.95014,20.3282226],[-98.9497647,20.3282489],[-98.9493036,20.3279835],[-98.9499875,20.3268344],[-98.9504372,20.3269259],[-98.9500823,20.3264942],[-98.9504226,20.3263835],[-98.9509141,20.3263189],[-98.9511481,20.3263385],[-98.9512568,20.3261676],[-98.9513671,20.3259567],[-98.9518299,20.3256111],[-98.9530839,20.3252419],[-98.953087,20.3252409],[-98.9531217,20.3254684],[-98.9531217,20.3254685],[-98.9532927,20.3265912],[-98.9533154,20.3267374],[-98.9534407,20.327548],[-98.9536077,20.3287158],[-98.9540026,20.3311742],[-98.954264,20.3322482],[-98.9543736,20.3327296],[-98.9547213,20.3342576],[-98.9549868,20.3352748],[-98.9551392,20.3361403],[-98.9552804,20.3366342],[-98.9555383,20.3375213],[-98.9555384,20.3375214],[-98.9555384,20.3375216],[-98.9555745,20.3376456],[-98.9555891,20.3377303],[-98.9556686,20.3381888],[-98.9562915,20.3407542],[-98.95653,20.3416891],[-98.9566182,20.3420347],[-98.9568831,20.3432046],[-98.9569159,20.3434295],[-98.9570216,20.3441531],[-98.9570351,20.344168],[-98.9571087,20.34425],[-98.9572035,20.3444906],[-98.9574522,20.3453711],[-98.9576245,20.3460387],[-98.9573105,20.3461691],[-98.9572868,20.3461789],[-98.9573491,20.3467366],[-98.957429,20.3473962],[-98.9576224,20.3482525],[-98.9576745,20.3484834],[-98.9579001,20.3494143],[-98.9580909,20.3503176],[-98.9581744,20.3506321],[-98.9584093,20.3516575],[-98.9587228,20.3526684],[-98.9590258,20.3537207],[-98.9593364,20.3548191],[-98.9594538,20.355478],[-98.9595815,20.3562134],[-98.9596008,20.3563935],[-98.9596688,20.3570411],[-98.9594077,20.3569657],[-98.9592881,20.3569219],[-98.9590569,20.3568354],[-98.9588042,20.3567396],[-98.9579406,20.3565401],[-98.9575476,20.3564793],[-98.956743,20.3563854],[-98.9552124,20.3561679],[-98.9549692,20.3561221],[-98.9545459,20.3558698],[-98.9543199,20.3557333],[-98.9541085,20.3555994],[-98.9537592,20.3553789],[-98.9529961,20.3549148],[-98.9526791,20.3546555],[-98.9524044,20.3543728],[-98.9517163,20.353714],[-98.9514518,20.3534537],[-98.951359,20.3533777],[-98.9513207,20.3533479],[-98.9511486,20.3532136],[-98.9511446,20.3532108],[-98.9509483,20.3530716],[-98.9506979,20.3528896],[-98.9504915,20.3527275],[-98.9503675,20.3526396],[-98.9498604,20.3523338],[-98.9494983,20.3521442],[-98.9490241,20.3518443],[-98.9489557,20.3518047],[-98.9487129,20.3516641],[-98.9485308,20.3515586],[-98.9485217,20.3515534],[-98.9484679,20.3515476],[-98.948245,20.3515237]]]},"properties":{"locality":"BOXAXNI","official_key":"1300300040001","CVE_ENT":"13","CVE_MUN":"003","CVE_LOC":"0004","CVE_ASEN":"0001","settlement_type":"COLONIA","source":"INEGI DCAH 2025"}},{"type":"Feature","geometry":{"type":"Polygon","coordinates":[[[-98.9832157,20.264081],[-98.9834019,20.2640141],[-98.9829729,20.2636055],[-98.9823974,20.2630623],[-98.9820511,20.2627482],[-98.9817479,20.2624396],[-98.9815126,20.2622271],[-98.9812668,20.2621082],[-98.9812177,20.2616473],[-98.9811731,20.2613212],[-98.9811672,20.2610703],[-98.9811701,20.2605185],[-98.98057,20.2604237],[-98.9805938,20.2598523],[-98.9805403,20.2594315],[-98.9805551,20.259097],[-98.9804868,20.2587319],[-98.9804749,20.258442],[-98.9805819,20.258442],[-98.9805967,20.258272],[-98.9808552,20.2582469],[-98.980873,20.2582943],[-98.9809949,20.2582887],[-98.9808522,20.2581103],[-98.9808641,20.2578706],[-98.9807928,20.2578678],[-98.9807678,20.2577951],[-98.9807889,20.2575364],[-98.9808251,20.2572779],[-98.9810208,20.2564132],[-98.9811368,20.2563472],[-98.9811216,20.2561849],[-98.9811664,20.2560752],[-98.9818816,20.2557543],[-98.982436,20.2555256],[-98.9837381,20.2549163],[-98.9850784,20.2543443],[-98.9856175,20.254293],[-98.9874672,20.2542854],[-98.9881694,20.2542785],[-98.989025,20.2542728],[-98.9894061,20.2543218],[-98.9890778,20.2557293],[-98.9888816,20.2566679],[-98.9886495,20.2566915],[-98.9885756,20.2571575],[-98.9884967,20.2576551],[-98.9881363,20.258119],[-98.9878243,20.258214],[-98.9876817,20.2582541],[-98.9876604,20.2583272],[-98.9876497,20.2584414],[-98.9877355,20.2586286],[-98.9878666,20.25891],[-98.9879353,20.2591378],[-98.9879837,20.2592865],[-98.9881058,20.2594784],[-98.9882485,20.2596882],[-98.9883232,20.2599507],[-98.9884577,20.2600011],[-98.9887017,20.2600753],[-98.9887521,20.2602463],[-98.9887787,20.2603685],[-98.9888105,20.2605143],[-98.9889392,20.260718],[-98.9890604,20.2608905],[-98.9891399,20.2610101],[-98.9892537,20.2611524],[-98.9893144,20.2612233],[-98.9893351,20.2612613],[-98.9894483,20.2614686],[-98.9895642,20.261675],[-98.989648,20.2618071],[-98.9896992,20.2618879],[-98.9897924,20.2620612],[-98.9898315,20.2620494],[-98.9898396,20.2620597],[-98.9898677,20.2620642],[-98.9899063,20.2620705],[-98.9900102,20.2621607],[-98.9902266,20.2623485],[-98.990408,20.26257],[-98.9906741,20.2629169],[-98.9907343,20.2629953],[-98.990741,20.2630041],[-98.9908695,20.2631735],[-98.9910345,20.2635019],[-98.9910495,20.2635324],[-98.9910537,20.2635409],[-98.9912087,20.2638562],[-98.9913128,20.2641499],[-98.9915392,20.2646591],[-98.9916912,20.2649559],[-98.9917127,20.2650137],[-98.9917672,20.2651606],[-98.9918176,20.2653747],[-98.9919083,20.2661125],[-98.9919027,20.2665023],[-98.9919184,20.2666166],[-98.9919456,20.2667427],[-98.9920002,20.2668533],[-98.9921407,20.2670287],[-98.9921414,20.2670294],[-98.9922073,20.2671118],[-98.9924009,20.2673729],[-98.9925163,20.2675353],[-98.992749,20.2678277],[-98.9929986,20.2681405],[-98.9927175,20.2681373],[-98.9921046,20.2682011],[-98.9916474,20.2682745],[-98.9911679,20.2684271],[-98.9910068,20.2684735],[-98.9906921,20.2685249],[-98.9901475,20.2686275],[-98.9895726,20.268753],[-98.9891793,20.2688271],[-98.9887314,20.268867],[-98.9884265,20.2689116],[-98.9882336,20.2689398],[-98.9880536,20.2688185],[-98.9877426,20.2685056],[-98.9869818,20.2676945],[-98.9862525,20.2669363],[-98.9855907,20.2662451],[-98.9850964,20.2657844],[-98.9845392,20.2652909],[-98.9836252,20.2644513],[-98.9832157,20.264081]]]},"properties":{"locality":"1 (EL BIFI)","official_key":"1300300050001","CVE_ENT":"13","CVE_MUN":"003","CVE_LOC":"0005","CVE_ASEN":"0001","settlement_type":"MANZANA","source":"INEGI DCAH 2025"}},{"type":"Feature","geometry":{"type":"Polygon","coordinates":[[[-98.972213,20.2668374],[-98.9720264,20.2667409],[-98.9716489,20.2665438],[-98.9711548,20.2662295],[-98.970872,20.2660378],[-98.9707136,20.2659161],[-98.9704201,20.2655948],[-98.9699345,20.2650571],[-98.9699128,20.265033],[-98.9697715,20.2648026],[-98.9696045,20.2645802],[-98.9695265,20.264487],[-98.9694477,20.264393],[-98.969261,20.26416],[-98.9690707,20.2639592],[-98.9689355,20.2638095],[-98.9687335,20.2636709],[-98.9684852,20.2635512],[-98.9682045,20.2634493],[-98.9680681,20.2633997],[-98.967691,20.2633088],[-98.9673781,20.2633404],[-98.9672844,20.2633499],[-98.967031,20.2634396],[-98.9665241,20.263595],[-98.9659816,20.2637736],[-98.9653433,20.2639471],[-98.9652117,20.2639471],[-98.9648931,20.263947],[-98.9647169,20.2639279],[-98.9645907,20.2639444],[-98.9641087,20.2639685],[-98.963874,20.2639684],[-98.9636908,20.2639504],[-98.963388,20.2638661],[-98.9632493,20.263857],[-98.9631433,20.2638502],[-98.9630571,20.2638575],[-98.9629527,20.2638733],[-98.962583,20.2640267],[-98.9617741,20.2643113],[-98.961442,20.264402],[-98.9611175,20.2644906],[-98.9607014,20.2645332],[-98.9605098,20.2645187],[-98.9604597,20.2645147],[-98.9602742,20.2644694],[-98.9600423,20.2643526],[-98.9599586,20.264291],[-98.9599067,20.2642242],[-98.9600625,20.2640353],[-98.9604179,20.2638482],[-98.961125,20.2635946],[-98.961563,20.2635121],[-98.962439,20.2634591],[-98.9630226,20.2633929],[-98.9641991,20.2629623],[-98.96534,20.2624844],[-98.9679091,20.2615236],[-98.9678592,20.2613909],[-98.9676371,20.2610503],[-98.9672692,20.2603552],[-98.9670074,20.2599163],[-98.9667707,20.259549],[-98.9665179,20.2592705],[-98.9659844,20.2586878],[-98.9658121,20.2584474],[-98.965704,20.2582084],[-98.9656553,20.2580071],[-98.9656188,20.2576846],[-98.9655681,20.257388],[-98.9655395,20.2571802],[-98.9660767,20.2567513],[-98.9662718,20.2566507],[-98.9667788,20.2563681],[-98.9675812,20.2558878],[-98.9684471,20.2554336],[-98.9688373,20.2553359],[-98.9697321,20.2561831],[-98.970413,20.2567959],[-98.9706976,20.2569351],[-98.9709091,20.257058],[-98.9711443,20.2570877],[-98.971384,20.2571532],[-98.9716236,20.2572356],[-98.9724292,20.2576701],[-98.9727383,20.2577715],[-98.9730093,20.2578033],[-98.9734228,20.2578216],[-98.9748248,20.2578212],[-98.9751294,20.2578172],[-98.9753045,20.2578105],[-98.9754501,20.257743],[-98.9755042,20.2576947],[-98.9758498,20.2574275],[-98.9756193,20.2568468],[-98.97542,20.2563782],[-98.9753261,20.2561738],[-98.975136,20.2558626],[-98.9750685,20.2557348],[-98.9750469,20.2556508],[-98.9750517,20.2554032],[-98.9752154,20.255401],[-98.9756702,20.2553898],[-98.9758542,20.2553567],[-98.9759701,20.2552845],[-98.9760116,20.2551688],[-98.9759999,20.2549074],[-98.9759061,20.2543903],[-98.9758863,20.2542986],[-98.9764998,20.2543498],[-98.976891,20.2543772],[-98.977615,20.2544029],[-98.9782231,20.2544376],[-98.978579,20.2544377],[-98.9786409,20.2544268],[-98.9787221,20.2544067],[-98.9789654,20.2543165],[-98.9792869,20.2541428],[-98.9796259,20.253913],[-98.9804717,20.2533202],[-98.9805641,20.2532554],[-98.9810753,20.2529324],[-98.9813359,20.252801],[-98.9815844,20.252693],[-98.9817363,20.2526187],[-98.9818879,20.2525117],[-98.9820434,20.2523104],[-98.9821393,20.2521089],[-98.9825033,20.2513808],[-98.9828216,20.2507287],[-98.9830171,20.2506835],[-98.9830511,20.2508021],[-98.9831936,20.2509489],[-98.9839051,20.2516952],[-98.9843357,20.2523056],[-98.984734,20.2528642],[-98.9848661,20.2530994],[-98.9849029,20.2532717],[-98.9849451,20.2536621],[-98.9850239,20.2542001],[-98.9850784,20.2543443],[-98.9837381,20.2549163],[-98.982436,20.2555256],[-98.9818816,20.2557543],[-98.9811664,20.2560752],[-98.9811216,20.2561849],[-98.9811368,20.2563472],[-98.9810208,20.2564132],[-98.9808251,20.2572779],[-98.9807889,20.2575364],[-98.9807678,20.2577951],[-98.9807928,20.2578678],[-98.9808641,20.2578706],[-98.9808522,20.2581103],[-98.9809949,20.2582887],[-98.980873,20.2582943],[-98.9808552,20.2582469],[-98.9805967,20.258272],[-98.9805819,20.258442],[-98.9804749,20.258442],[-98.9804868,20.2587319],[-98.9805551,20.259097],[-98.9805403,20.2594315],[-98.9805938,20.2598523],[-98.98057,20.2604237],[-98.9811701,20.2605185],[-98.9811672,20.2610703],[-98.9811731,20.2613212],[-98.9812177,20.2616473],[-98.9812668,20.2621082],[-98.9815126,20.2622271],[-98.9817479,20.2624396],[-98.9820511,20.2627482],[-98.9823974,20.2630623],[-98.9829729,20.2636055],[-98.9834019,20.2640141],[-98.9832157,20.264081],[-98.9821357,20.2644041],[-98.9813192,20.2646086],[-98.9807336,20.2647108],[-98.9799139,20.2647435],[-98.9793429,20.2647403],[-98.9791575,20.2647393],[-98.9784852,20.2647065],[-98.9771084,20.2645302],[-98.9761629,20.2644319],[-98.9757942,20.2644073],[-98.9754602,20.26444],[-98.9750525,20.2645544],[-98.9746169,20.2648371],[-98.9743523,20.2650212],[-98.9735715,20.2655365],[-98.9734457,20.2656265],[-98.9735481,20.2658352],[-98.9738742,20.2664992],[-98.9742103,20.2671784],[-98.974259,20.2672953],[-98.974259,20.2672953],[-98.9744837,20.2678343],[-98.9746091,20.2681302],[-98.9746099,20.2681321],[-98.9746896,20.26832],[-98.9748177,20.2685946],[-98.9748189,20.2685973],[-98.9748189,20.2685973],[-98.9749851,20.2689535],[-98.9749851,20.2689536],[-98.9749863,20.2689563],[-98.9747018,20.2687201],[-98.9743821,20.2681873],[-98.9739931,20.2678885],[-98.9735559,20.2675001],[-98.9733414,20.2673814],[-98.972864,20.2671174],[-98.972213,20.2668374]]]},"properties":{"locality":"2 (CENTRO)","official_key":"1300300050002","CVE_ENT":"13","CVE_MUN":"003","CVE_LOC":"0005","CVE_ASEN":"0002","settlement_type":"MANZANA","source":"INEGI DCAH 2025"}},{"type":"Feature","geometry":{"type":"Polygon","coordinates":[[[-98.9568669,20.2566773],[-98.9572183,20.2561753],[-98.9572236,20.2561677],[-98.9572476,20.2561335],[-98.9576779,20.2557493],[-98.9579362,20.2555509],[-98.9579838,20.2555144],[-98.9580351,20.2555385],[-98.9581714,20.2555199],[-98.9583821,20.2554936],[-98.9588623,20.2554409],[-98.9591068,20.2554047],[-98.9592976,20.2553887],[-98.960137,20.255291],[-98.9606209,20.2551894],[-98.9609337,20.2550992],[-98.9612903,20.2550445],[-98.961618,20.2550217],[-98.9618801,20.2550282],[-98.9620891,20.2550269],[-98.9624693,20.2550181],[-98.9626694,20.2549721],[-98.962846,20.2548818],[-98.9630591,20.2548043],[-98.9632735,20.2547547],[-98.9634869,20.2547242],[-98.9634888,20.2546786],[-98.9635601,20.2546144],[-98.9636726,20.2545321],[-98.9638998,20.2543666],[-98.9642448,20.2541672],[-98.9643904,20.2540765],[-98.9644415,20.2540235],[-98.9645663,20.2542359],[-98.964633,20.2544227],[-98.9646743,20.2545969],[-98.9646812,20.2548761],[-98.9646899,20.255035],[-98.9648348,20.2553044],[-98.9649862,20.2556015],[-98.9652086,20.2560411],[-98.9652973,20.256231],[-98.9654054,20.2565014],[-98.965488,20.2568309],[-98.9655395,20.2571802],[-98.9655681,20.257388],[-98.9656188,20.2576846],[-98.9656553,20.2580071],[-98.965704,20.2582084],[-98.9658121,20.2584474],[-98.9659844,20.2586878],[-98.9665179,20.2592705],[-98.9667707,20.259549],[-98.9670074,20.2599163],[-98.9672692,20.2603552],[-98.9676371,20.2610503],[-98.9678592,20.2613909],[-98.9679091,20.2615236],[-98.96534,20.2624844],[-98.9641991,20.2629623],[-98.9630226,20.2633929],[-98.962439,20.2634591],[-98.961563,20.2635121],[-98.961125,20.2635946],[-98.9604179,20.2638482],[-98.9600625,20.2640353],[-98.9597307,20.2635799],[-98.9589936,20.2625976],[-98.9586745,20.2622965],[-98.9582887,20.2618343],[-98.9580989,20.2615664],[-98.9578058,20.2611218],[-98.9577243,20.2607857],[-98.9577331,20.2602015],[-98.9577353,20.2601949],[-98.9577336,20.2601682],[-98.9577116,20.2598252],[-98.9575992,20.2595117],[-98.9574011,20.2592411],[-98.9569015,20.2587926],[-98.9566429,20.2586358],[-98.9564509,20.2584022],[-98.9563732,20.2580665],[-98.956377,20.2576727],[-98.9564701,20.2573385],[-98.9566792,20.2570523],[-98.9568616,20.2566879],[-98.9568669,20.2566773]]]},"properties":{"locality":"3","official_key":"1300300050003","CVE_ENT":"13","CVE_MUN":"003","CVE_LOC":"0005","CVE_ASEN":"0003","settlement_type":"MANZANA","source":"INEGI DCAH 2025"}},{"type":"Feature","geometry":{"type":"Polygon","coordinates":[[[-98.9579838,20.2555144],[-98.9585032,20.2550243],[-98.9588016,20.2546854],[-98.958867,20.2545678],[-98.9590715,20.2542006],[-98.9592101,20.2539084],[-98.9593174,20.2536442],[-98.9595023,20.2530696],[-98.9596181,20.2524742],[-98.9596193,20.2524657],[-98.9596952,20.2519242],[-98.9597345,20.2517027],[-98.9598041,20.2516027],[-98.9598564,20.2515617],[-98.9598974,20.2515297],[-98.959986,20.25147],[-98.9601927,20.2512407],[-98.9605624,20.2508498],[-98.9608134,20.2505836],[-98.9612991,20.2500769],[-98.9617464,20.249604],[-98.9620829,20.2492382],[-98.9623216,20.2490531],[-98.9625938,20.2488553],[-98.96279,20.2486679],[-98.9629053,20.2485495],[-98.9636639,20.2477416],[-98.9642342,20.2471406],[-98.964376,20.247162],[-98.9646021,20.2471631],[-98.9647799,20.2471239],[-98.9648504,20.2470031],[-98.9648637,20.2471438],[-98.9648334,20.2472813],[-98.9647712,20.2475479],[-98.9646362,20.2478857],[-98.9645893,20.248118],[-98.9645617,20.2484171],[-98.9645713,20.2488692],[-98.964585,20.2490579],[-98.9646482,20.249468],[-98.9647032,20.2497465],[-98.9647293,20.249984],[-98.9647141,20.2504882],[-98.9647071,20.2507082],[-98.9646547,20.2510668],[-98.9645844,20.2513536],[-98.9644811,20.2515254],[-98.964316,20.2515955],[-98.9638001,20.2516096],[-98.9635459,20.2516236],[-98.9635687,20.2518044],[-98.9636267,20.2522495],[-98.9637105,20.2526021],[-98.9637553,20.2527218],[-98.9638073,20.2530819],[-98.9639107,20.2534431],[-98.964112,20.2538978],[-98.9642123,20.254],[-98.9643,20.2540516],[-98.9643904,20.2540765],[-98.9642448,20.2541672],[-98.9638998,20.2543666],[-98.9636726,20.2545321],[-98.9635601,20.2546144],[-98.9634888,20.2546786],[-98.9634869,20.2547242],[-98.9632735,20.2547547],[-98.9630591,20.2548043],[-98.962846,20.2548818],[-98.9626694,20.2549721],[-98.9624693,20.2550181],[-98.9620891,20.2550269],[-98.9618801,20.2550282],[-98.961618,20.2550217],[-98.9612903,20.2550445],[-98.9609337,20.2550992],[-98.9606209,20.2551894],[-98.960137,20.255291],[-98.9592976,20.2553887],[-98.9591068,20.2554047],[-98.9588623,20.2554409],[-98.9583821,20.2554936],[-98.9581714,20.2555199],[-98.9580351,20.2555385],[-98.9579838,20.2555144]]]},"properties":{"locality":"4","official_key":"1300300050004","CVE_ENT":"13","CVE_MUN":"003","CVE_LOC":"0005","CVE_ASEN":"0004","settlement_type":"MANZANA","source":"INEGI DCAH 2025"}},{"type":"Feature","geometry":{"type":"Polygon","coordinates":[[[-98.9648504,20.2470031],[-98.9650991,20.2467933],[-98.965309,20.2466175],[-98.9653169,20.2466032],[-98.9656251,20.2464654],[-98.9660011,20.2463649],[-98.9663632,20.2462066],[-98.9666491,20.2460395],[-98.966805,20.2458915],[-98.9671897,20.2454024],[-98.9674397,20.2451411],[-98.9675944,20.2450434],[-98.9679229,20.2450211],[-98.9686154,20.2450925],[-98.9699106,20.2451616],[-98.9703757,20.2451708],[-98.970595,20.2452544],[-98.9710082,20.2455362],[-98.9712091,20.2457634],[-98.9714817,20.2461935],[-98.9716908,20.2463921],[-98.9723099,20.246678],[-98.9732195,20.2469337],[-98.9742357,20.2471987],[-98.9760024,20.247673],[-98.9773102,20.2482029],[-98.9779145,20.2484669],[-98.9784504,20.2487223],[-98.9788703,20.2490474],[-98.9792284,20.2494073],[-98.9794622,20.2495271],[-98.9796749,20.2495673],[-98.98016,20.2496068],[-98.9801274,20.2496584],[-98.9800229,20.2496941],[-98.9799991,20.2498412],[-98.9799658,20.250033],[-98.9799896,20.2502292],[-98.9800086,20.250421],[-98.979997,20.250437],[-98.9799544,20.2507521],[-98.9798597,20.2511333],[-98.9797181,20.2513411],[-98.979561,20.251563],[-98.9794155,20.2517181],[-98.979294,20.2519311],[-98.9792012,20.252226],[-98.9790646,20.2524387],[-98.9788733,20.2528275],[-98.9787579,20.2532226],[-98.9786079,20.2540334],[-98.9785757,20.2544097],[-98.978579,20.2544377],[-98.9782231,20.2544376],[-98.977615,20.2544029],[-98.976891,20.2543772],[-98.9764998,20.2543498],[-98.9758863,20.2542986],[-98.9759061,20.2543903],[-98.9759999,20.2549074],[-98.9760116,20.2551688],[-98.9759701,20.2552845],[-98.9758542,20.2553567],[-98.9756702,20.2553898],[-98.9752154,20.255401],[-98.9750517,20.2554032],[-98.9750469,20.2556508],[-98.9750685,20.2557348],[-98.975136,20.2558626],[-98.9753261,20.2561738],[-98.97542,20.2563782],[-98.9756193,20.2568468],[-98.9758498,20.2574275],[-98.9755042,20.2576947],[-98.9754501,20.257743],[-98.9753045,20.2578105],[-98.9751294,20.2578172],[-98.9748248,20.2578212],[-98.9734228,20.2578216],[-98.9730093,20.2578033],[-98.9727383,20.2577715],[-98.9724292,20.2576701],[-98.9716236,20.2572356],[-98.971384,20.2571532],[-98.9711443,20.2570877],[-98.9709091,20.257058],[-98.9706976,20.2569351],[-98.970413,20.2567959],[-98.9697321,20.2561831],[-98.9688373,20.2553359],[-98.9684471,20.2554336],[-98.9675812,20.2558878],[-98.9667788,20.2563681],[-98.9662718,20.2566507],[-98.9660767,20.2567513],[-98.9655395,20.2571802],[-98.965488,20.2568309],[-98.9654054,20.2565014],[-98.9652973,20.256231],[-98.9652086,20.2560411],[-98.9649862,20.2556015],[-98.9648348,20.2553044],[-98.9646899,20.255035],[-98.9646812,20.2548761],[-98.9646743,20.2545969],[-98.964633,20.2544227],[-98.9645663,20.2542359],[-98.9644415,20.2540235],[-98.9643904,20.2540765],[-98.9643,20.2540516],[-98.9642123,20.254],[-98.964112,20.2538978],[-98.9639107,20.2534431],[-98.9638073,20.2530819],[-98.9637553,20.2527218],[-98.9637105,20.2526021],[-98.9636267,20.2522495],[-98.9635687,20.2518044],[-98.9635459,20.2516236],[-98.9638001,20.2516096],[-98.964316,20.2515955],[-98.9644811,20.2515254],[-98.9645844,20.2513536],[-98.9646547,20.2510668],[-98.9647071,20.2507082],[-98.9647141,20.2504882],[-98.9647293,20.249984],[-98.9647032,20.2497465],[-98.9646482,20.249468],[-98.964585,20.2490579],[-98.9645713,20.2488692],[-98.9645617,20.2484171],[-98.9645893,20.248118],[-98.9646362,20.2478857],[-98.9647712,20.2475479],[-98.9648334,20.2472813],[-98.9648637,20.2471438],[-98.9648504,20.2470031]]]},"properties":{"locality":"5","official_key":"1300300050005","CVE_ENT":"13","CVE_MUN":"003","CVE_LOC":"0005","CVE_ASEN":"0005","settlement_type":"MANZANA","source":"INEGI DCAH 2025"}},{"type":"Feature","geometry":{"type":"Polygon","coordinates":[[[-98.9799544,20.2507521],[-98.979997,20.250437],[-98.9800086,20.250421],[-98.9799896,20.2502292],[-98.9799658,20.250033],[-98.9799991,20.2498412],[-98.9800229,20.2496941],[-98.9801274,20.2496584],[-98.98016,20.2496068],[-98.9801892,20.2495603],[-98.9802605,20.2494711],[-98.9801512,20.2489894],[-98.9804364,20.2488922],[-98.9806928,20.2486582],[-98.9818737,20.2475019],[-98.9823316,20.2471019],[-98.9828918,20.2466158],[-98.9837584,20.2459068],[-98.9839564,20.245788],[-98.9839857,20.2458625],[-98.9841382,20.2462501],[-98.9843514,20.2467822],[-98.9845854,20.2467368],[-98.9846336,20.2469703],[-98.9847053,20.247228],[-98.9847372,20.2473579],[-98.984783,20.2475764],[-98.984834,20.2477837],[-98.9848502,20.2479654],[-98.9848467,20.2481081],[-98.9848347,20.2483028],[-98.9848232,20.2484195],[-98.9848197,20.2484649],[-98.9848269,20.24868],[-98.9848268,20.2488811],[-98.9848228,20.2489455],[-98.9848199,20.2489914],[-98.9848001,20.2491408],[-98.9847924,20.249199],[-98.9847829,20.2493869],[-98.9847825,20.2493936],[-98.9847805,20.2494333],[-98.984779,20.2494641],[-98.9847785,20.249473],[-98.9847772,20.2494993],[-98.984787,20.2495502],[-98.9847971,20.2496025],[-98.9850393,20.2495051],[-98.9851352,20.2494655],[-98.9851704,20.2494509],[-98.985452,20.2493347],[-98.9857467,20.2492168],[-98.9859139,20.24915],[-98.9859245,20.2491458],[-98.9859537,20.2492016],[-98.9859579,20.2492097],[-98.9868243,20.2498355],[-98.9868563,20.2500656],[-98.9869076,20.2505803],[-98.9869782,20.2512211],[-98.9870072,20.2514842],[-98.987009,20.2514982],[-98.9870604,20.2519207],[-98.9871206,20.2523834],[-98.9872084,20.2530719],[-98.9871963,20.2534185],[-98.9872032,20.25355],[-98.9872575,20.2536019],[-98.987454,20.2536195],[-98.9875416,20.253637],[-98.9875737,20.2537361],[-98.9875359,20.2539099],[-98.9874601,20.2541859],[-98.9874672,20.2542854],[-98.9856175,20.254293],[-98.9850784,20.2543443],[-98.9850239,20.2542001],[-98.9849451,20.2536621],[-98.9849029,20.2532717],[-98.9848661,20.2530994],[-98.984734,20.2528642],[-98.9843357,20.2523056],[-98.9839051,20.2516952],[-98.9831936,20.2509489],[-98.9830511,20.2508021],[-98.9830171,20.2506835],[-98.9828216,20.2507287],[-98.9825033,20.2513808],[-98.9821393,20.2521089],[-98.9820434,20.2523104],[-98.9818879,20.2525117],[-98.9817363,20.2526187],[-98.9815844,20.252693],[-98.9813359,20.252801],[-98.9810753,20.2529324],[-98.9805641,20.2532554],[-98.9804717,20.2533202],[-98.9796259,20.253913],[-98.9792869,20.2541428],[-98.9789654,20.2543165],[-98.9787221,20.2544067],[-98.9786409,20.2544268],[-98.978579,20.2544377],[-98.9785757,20.2544097],[-98.9786079,20.2540334],[-98.9787579,20.2532226],[-98.9788733,20.2528275],[-98.9790646,20.2524387],[-98.9792012,20.252226],[-98.979294,20.2519311],[-98.9794155,20.2517181],[-98.979561,20.251563],[-98.9797181,20.2513411],[-98.9798597,20.2511333],[-98.9799544,20.2507521]]]},"properties":{"locality":"6","official_key":"1300300050006","CVE_ENT":"13","CVE_MUN":"003","CVE_LOC":"0005","CVE_ASEN":"0006","settlement_type":"MANZANA","source":"INEGI DCAH 2025"}},{"type":"Feature","geometry":{"type":"Polygon","coordinates":[[[-98.970595,20.2452544],[-98.9703757,20.2451708],[-98.9699106,20.2451616],[-98.9686154,20.2450925],[-98.9679229,20.2450211],[-98.9675944,20.2450434],[-98.9674397,20.2451411],[-98.9671897,20.2454024],[-98.966805,20.2458915],[-98.9666491,20.2460395],[-98.9663632,20.2462066],[-98.9660011,20.2463649],[-98.9656251,20.2464654],[-98.9653169,20.2466032],[-98.965309,20.2466175],[-98.9650991,20.2467933],[-98.9648504,20.2470031],[-98.9647799,20.2471239],[-98.9646021,20.2471631],[-98.964376,20.247162],[-98.9642342,20.2471406],[-98.9642925,20.2470457],[-98.9642305,20.2470035],[-98.9644035,20.24681],[-98.9650672,20.2461846],[-98.9653019,20.2459634],[-98.9656524,20.2456331],[-98.9660134,20.2452868],[-98.9664128,20.2450442],[-98.9671239,20.2446562],[-98.967637,20.2443955],[-98.9681144,20.244166],[-98.9681264,20.2441603],[-98.9681969,20.2441305],[-98.9682403,20.2441083],[-98.971151,20.2426171],[-98.9711333,20.2427429],[-98.9703974,20.2439136],[-98.9730495,20.2434876],[-98.9732885,20.2434096],[-98.9748856,20.2428877],[-98.9747289,20.2423688],[-98.9742941,20.2409286],[-98.9810852,20.2377759],[-98.9811515,20.2377423],[-98.9812148,20.2376959],[-98.9829036,20.2368801],[-98.9842645,20.2362245],[-98.9843512,20.2361778],[-98.9842041,20.2379388],[-98.9841599,20.2382058],[-98.9840306,20.2389864],[-98.9839326,20.2394423],[-98.9838303,20.2399612],[-98.9836496,20.2408785],[-98.9836318,20.2409689],[-98.9836903,20.2417162],[-98.9837562,20.2426494],[-98.9837765,20.2428844],[-98.9838415,20.2429943],[-98.9838868,20.243071],[-98.9849885,20.2449355],[-98.9849841,20.2449391],[-98.9839564,20.245788],[-98.9837584,20.2459068],[-98.9828918,20.2466158],[-98.9823316,20.2471019],[-98.9818737,20.2475019],[-98.9806928,20.2486582],[-98.9804364,20.2488922],[-98.9801512,20.2489894],[-98.9802605,20.2494711],[-98.9801892,20.2495603],[-98.98016,20.2496068],[-98.9796749,20.2495673],[-98.9794622,20.2495271],[-98.9792284,20.2494073],[-98.9788703,20.2490474],[-98.9784504,20.2487223],[-98.9779145,20.2484669],[-98.9773102,20.2482029],[-98.9760024,20.247673],[-98.9742357,20.2471987],[-98.9732195,20.2469337],[-98.9723099,20.246678],[-98.9716908,20.2463921],[-98.9714817,20.2461935],[-98.9712091,20.2457634],[-98.9710082,20.2455362],[-98.970595,20.2452544]]]},"properties":{"locality":"7","official_key":"1300300050007","CVE_ENT":"13","CVE_MUN":"003","CVE_LOC":"0005","CVE_ASEN":"0007","settlement_type":"MANZANA","source":"INEGI DCAH 2025"}},{"type":"Feature","geometry":{"type":"Polygon","coordinates":[[[-98.9457632,20.2910971],[-98.946474,20.2910087],[-98.9475771,20.2908498],[-98.9486918,20.2906858],[-98.9491559,20.290595],[-98.9495282,20.2905221],[-98.9498425,20.2904605],[-98.9501253,20.2904052],[-98.9501678,20.290513],[-98.9502291,20.2906915],[-98.95026,20.2907899],[-98.9503016,20.2909198],[-98.950425,20.2912892],[-98.9505264,20.29159],[-98.9507811,20.292323],[-98.9508031,20.2923969],[-98.9508456,20.292544],[-98.9508921,20.2927099],[-98.9509278,20.2927024],[-98.9509542,20.2926968],[-98.9512514,20.2926424],[-98.9517164,20.2925539],[-98.9521381,20.2924906],[-98.9524394,20.2924259],[-98.9528716,20.2923225],[-98.9532881,20.2922212],[-98.9536795,20.2921113],[-98.9538276,20.2920595],[-98.9540108,20.2920005],[-98.9542972,20.2919238],[-98.9549329,20.2917167],[-98.9551074,20.2916575],[-98.9552557,20.2916105],[-98.9555015,20.2915106],[-98.9556151,20.2914612],[-98.9557879,20.2913691],[-98.9559827,20.2912456],[-98.9560453,20.2912152],[-98.9561393,20.2911854],[-98.9562592,20.2911473],[-98.9564804,20.2910647],[-98.9567477,20.2908898],[-98.9579976,20.2900705],[-98.9583331,20.2898598],[-98.9583363,20.2898558],[-98.9583219,20.289683],[-98.9583029,20.2894428],[-98.9582726,20.2892472],[-98.9582356,20.2890843],[-98.9581414,20.288862],[-98.9580086,20.2886518],[-98.9578171,20.2882973],[-98.957704,20.2881067],[-98.956987,20.287136],[-98.9566754,20.2867141],[-98.9562877,20.2861639],[-98.9573192,20.2858407],[-98.9575858,20.2857677],[-98.9582449,20.2855873],[-98.9592689,20.2852909],[-98.9595128,20.2852147],[-98.9601415,20.2850184],[-98.9607835,20.28559],[-98.961683,20.2864735],[-98.9616831,20.2864736],[-98.9626593,20.2874446],[-98.9636518,20.2883151],[-98.963735,20.2885079],[-98.9637993,20.2887582],[-98.9638196,20.2889866],[-98.9637722,20.2894026],[-98.9637108,20.2900133],[-98.9636724,20.2903926],[-98.9636381,20.2904942],[-98.9635569,20.2905775],[-98.9634492,20.2906157],[-98.9634513,20.2905216],[-98.9634602,20.2904642],[-98.9634491,20.2903944],[-98.9630098,20.2891138],[-98.9628596,20.2886692],[-98.9628251,20.2886181],[-98.9627328,20.2886499],[-98.9625629,20.2887425],[-98.9623206,20.2888864],[-98.9621512,20.288955],[-98.9620108,20.289006],[-98.9617096,20.2890876],[-98.9613613,20.2891706],[-98.961113,20.28923],[-98.9609511,20.289271],[-98.9608824,20.2892829],[-98.9608196,20.289277],[-98.960788,20.2893264],[-98.9600266,20.2904928],[-98.9590891,20.2919646],[-98.9589037,20.2922302],[-98.958881,20.2922761],[-98.9589258,20.292428],[-98.9589865,20.2926338],[-98.9592029,20.293381],[-98.9592477,20.2935362],[-98.9593445,20.2938638],[-98.9594167,20.2940358],[-98.9595637,20.2943835],[-98.9596724,20.2946646],[-98.959676,20.2946741],[-98.9597053,20.2948198],[-98.9597559,20.2950822],[-98.9597651,20.2951993],[-98.9597787,20.29556],[-98.9597945,20.2961016],[-98.9598017,20.2962408],[-98.9598153,20.296316],[-98.9598539,20.2964546],[-98.9598638,20.2965073],[-98.959866,20.2965188],[-98.9600002,20.2968673],[-98.9600834,20.2970538],[-98.9601382,20.297156],[-98.9602923,20.2973864],[-98.9603601,20.2974682],[-98.9604904,20.2975485],[-98.9606689,20.2976189],[-98.9611176,20.2977927],[-98.9613332,20.2978758],[-98.9613955,20.2978998],[-98.9617779,20.2980729],[-98.9619271,20.298165],[-98.9620731,20.2982724],[-98.9624729,20.2986189],[-98.9624821,20.2986261],[-98.9627258,20.2988029],[-98.9627767,20.2988491],[-98.9628172,20.2988853],[-98.9632593,20.2992283],[-98.9633097,20.2992677],[-98.9635616,20.2995208],[-98.963751,20.2997102],[-98.9638528,20.2998276],[-98.9639276,20.2999373],[-98.9640628,20.3000984],[-98.9643421,20.3004003],[-98.9645475,20.3006322],[-98.96462,20.3006922],[-98.9647844,20.3007918],[-98.9649269,20.3008786],[-98.9651545,20.3010508],[-98.9652554,20.3011334],[-98.9653015,20.3011715],[-98.9622572,20.3023076],[-98.9621904,20.3023325],[-98.9624942,20.3030723],[-98.9627732,20.3037531],[-98.9629214,20.3041382],[-98.9630382,20.3044642],[-98.9631762,20.304828],[-98.9632797,20.3051709],[-98.9633708,20.3054366],[-98.9634176,20.3055163],[-98.9634339,20.3055617],[-98.9634338,20.3056375],[-98.9634114,20.3056808],[-98.9633971,20.3057083],[-98.9633274,20.3057386],[-98.9631935,20.3057764],[-98.9630027,20.3058423],[-98.9629616,20.3059382],[-98.9630202,20.3065019],[-98.9630196,20.3066656],[-98.963061,20.3067663],[-98.9631668,20.3069722],[-98.963271,20.3071547],[-98.9633984,20.3073572],[-98.9634712,20.3074914],[-98.9634712,20.3075431],[-98.9634481,20.3076146],[-98.9634408,20.3076752],[-98.9633929,20.307885],[-98.9633805,20.3079525],[-98.9633805,20.3079768],[-98.9634052,20.3081229],[-98.9634369,20.3082059],[-98.9634887,20.3083504],[-98.9636221,20.3086596],[-98.9637377,20.3089032],[-98.9638314,20.309092],[-98.9638984,20.3092106],[-98.963956,20.3092659],[-98.9639611,20.3092709],[-98.9640179,20.309313],[-98.964039,20.3093287],[-98.9640226,20.3093349],[-98.9631472,20.3096536],[-98.9627588,20.3097949],[-98.9620628,20.3100551],[-98.9596497,20.3109491],[-98.9582387,20.3114774],[-98.9580936,20.3115317],[-98.9580425,20.3115509],[-98.9559053,20.312347],[-98.9548082,20.3127526],[-98.9528549,20.3134748],[-98.9506574,20.3143017],[-98.9505976,20.3143242],[-98.9504899,20.3143542],[-98.95049,20.3142131],[-98.9504856,20.3141261],[-98.9504552,20.3137386],[-98.9503541,20.3130106],[-98.9501973,20.3122458],[-98.9499813,20.3111688],[-98.9497945,20.3101513],[-98.9496522,20.3094754],[-98.9494073,20.3082992],[-98.9493959,20.3082438],[-98.9490665,20.306643],[-98.9488489,20.305635],[-98.9485976,20.3044903],[-98.9484961,20.3039614],[-98.9483397,20.3031463],[-98.9482966,20.3028923],[-98.948296,20.3028885],[-98.94827,20.3027352],[-98.9482434,20.302574],[-98.9481884,20.3022404],[-98.9481215,20.3018278],[-98.9481167,20.3017985],[-98.9480434,20.3013244],[-98.9479387,20.3007923],[-98.9479215,20.3007093],[-98.947773,20.2999895],[-98.9475906,20.2992972],[-98.9473876,20.2985271],[-98.94732,20.2982491],[-98.9472669,20.2980308],[-98.9471085,20.2974776],[-98.9470703,20.2972599],[-98.9469542,20.2966523],[-98.9468568,20.2961246],[-98.9467556,20.2955678],[-98.9465776,20.2945578],[-98.94656,20.2944745],[-98.9464625,20.2940458],[-98.9462681,20.2932149],[-98.9462658,20.2932048],[-98.9462283,20.2930842],[-98.9459353,20.2919532],[-98.9459092,20.2918459],[-98.9458099,20.2913916],[-98.9457632,20.2910971]]]},"properties":{"locality":"CAÑADA CHICA ANTIGUA","official_key":"1300300070001","CVE_ENT":"13","CVE_MUN":"003","CVE_LOC":"0007","CVE_ASEN":"0001","settlement_type":"COLONIA","source":"INEGI DCAH 2025"}},{"type":"Feature","geometry":{"type":"Polygon","coordinates":[[[-98.9530486,20.2052363],[-98.9529972,20.2050455],[-98.9523893,20.2027888],[-98.9521762,20.2019976],[-98.9521528,20.20177],[-98.9521484,20.2016442],[-98.9522509,20.2010815],[-98.9524157,20.2002261],[-98.9525677,20.1995504],[-98.9527126,20.1985171],[-98.9528082,20.1976613],[-98.9528593,20.1970119],[-98.9529812,20.1957792],[-98.9531398,20.1958959],[-98.9541691,20.1960285],[-98.9546561,20.1960842],[-98.9547078,20.195527],[-98.9553308,20.1955934],[-98.9554683,20.1956034],[-98.955527,20.1956077],[-98.95564,20.1956288],[-98.9557708,20.1956455],[-98.955736,20.1962083],[-98.9558282,20.1960447],[-98.9559736,20.1961372],[-98.9561575,20.1960477],[-98.9563815,20.1961227],[-98.9566221,20.1961573],[-98.9568013,20.1961457],[-98.9568463,20.1961183],[-98.9569354,20.1960694],[-98.9570614,20.1960174],[-98.9572805,20.1959995],[-98.957507,20.1959882],[-98.957629,20.1958342],[-98.9582026,20.1954573],[-98.9586866,20.1960008],[-98.9587311,20.1960413],[-98.958871,20.1961014],[-98.9590628,20.1961329],[-98.9591807,20.196138],[-98.9595934,20.1961209],[-98.9597055,20.1961344],[-98.9598991,20.1961728],[-98.9600263,20.1962713],[-98.9604773,20.196412],[-98.9606342,20.1964909],[-98.9608936,20.1967799],[-98.9610548,20.1969624],[-98.9610987,20.1970048],[-98.9612497,20.1970204],[-98.9616944,20.1970948],[-98.9618591,20.1971036],[-98.9628466,20.1971059],[-98.9630141,20.1971155],[-98.9631789,20.1971135],[-98.9634948,20.1970335],[-98.9642683,20.1968699],[-98.9644079,20.1967897],[-98.9645489,20.19663],[-98.9647437,20.1962616],[-98.9649938,20.1956973],[-98.965019,20.1956071],[-98.9651019,20.1955091],[-98.9651221,20.1954851],[-98.9652247,20.1953729],[-98.9654956,20.1950594],[-98.9654936,20.195087],[-98.96547,20.1954133],[-98.9655773,20.1957092],[-98.9658,20.1959506],[-98.9660399,20.1962182],[-98.9660723,20.1962542],[-98.9660818,20.1962649],[-98.9661818,20.1963754],[-98.9664272,20.1966509],[-98.9665256,20.1968536],[-98.9665445,20.1968924],[-98.9666168,20.1970406],[-98.9666249,20.1974766],[-98.9665569,20.1978694],[-98.9664386,20.1983347],[-98.9663815,20.1985307],[-98.9662674,20.1987921],[-98.966014,20.1992936],[-98.965806,20.199778],[-98.9657154,20.1999903],[-98.9656459,20.200153],[-98.9655195,20.2005143],[-98.9652949,20.2009653],[-98.9651887,20.2011317],[-98.9651812,20.2011435],[-98.9651632,20.201136],[-98.9648833,20.2010181],[-98.9649067,20.2009592],[-98.9644814,20.2007539],[-98.9643566,20.2007539],[-98.9642163,20.2007575],[-98.9642137,20.2007576],[-98.9641908,20.2007618],[-98.9640698,20.2007842],[-98.9628127,20.2010019],[-98.9627872,20.2010063],[-98.9627872,20.2010062],[-98.9627735,20.2009562],[-98.9627732,20.2009551],[-98.962748,20.2009605],[-98.9624364,20.2010281],[-98.962414,20.2010329],[-98.9624109,20.2010324],[-98.9623424,20.2010198],[-98.9623415,20.2010196],[-98.9623169,20.2010241],[-98.9618265,20.2011127],[-98.9617107,20.2011597],[-98.9617097,20.2011601],[-98.9616852,20.201164],[-98.9615343,20.201188],[-98.961509,20.201192],[-98.9615088,20.2011922],[-98.9613933,20.201344],[-98.9613303,20.2015179],[-98.9613074,20.2015751],[-98.9612137,20.2017227],[-98.9610076,20.2019931],[-98.9607196,20.2023276],[-98.9606416,20.2024819],[-98.9606065,20.2025269],[-98.9604815,20.2026185],[-98.9601731,20.2027922],[-98.9602234,20.2028331],[-98.9595374,20.2030326],[-98.9591912,20.203111],[-98.9583999,20.2033936],[-98.9583453,20.2034043],[-98.9579828,20.203523],[-98.9577352,20.2036142],[-98.9574956,20.2037744],[-98.9573452,20.2039328],[-98.9570212,20.2043584],[-98.9570167,20.2044068],[-98.9570211,20.2046715],[-98.9567874,20.205245],[-98.9567223,20.2052873],[-98.956527,20.205381],[-98.9564158,20.2054301],[-98.9564002,20.2054371],[-98.9563903,20.2054344],[-98.9555559,20.205209],[-98.9555331,20.2052028],[-98.9555304,20.2052133],[-98.9555145,20.2052757],[-98.9554166,20.2057966],[-98.9549188,20.2066401],[-98.9548998,20.2066754],[-98.9547051,20.2070349],[-98.9546233,20.2071653],[-98.9543828,20.2075838],[-98.9543522,20.2076279],[-98.9543426,20.2076416],[-98.9541264,20.2079529],[-98.9541171,20.2079662],[-98.9540191,20.2080628],[-98.9534432,20.2087949],[-98.9534399,20.2087992],[-98.9534177,20.2087992],[-98.9532656,20.2087995],[-98.9532226,20.2088002],[-98.9531974,20.2088006],[-98.9532265,20.2065985],[-98.9531955,20.2059221],[-98.9530486,20.2052363]]]},"properties":{"locality":"1","official_key":"1300300100001","CVE_ENT":"13","CVE_MUN":"003","CVE_LOC":"0010","CVE_ASEN":"0001","settlement_type":"MANZANA","source":"INEGI DCAH 2025"}},{"type":"Feature","geometry":{"type":"Polygon","coordinates":[[[-98.9616944,20.1970948],[-98.9612497,20.1970204],[-98.9610987,20.1970048],[-98.9610548,20.1969624],[-98.9608936,20.1967799],[-98.9606342,20.1964909],[-98.9604773,20.196412],[-98.9600263,20.1962713],[-98.9598991,20.1961728],[-98.9597055,20.1961344],[-98.9595934,20.1961209],[-98.9591807,20.196138],[-98.9590628,20.1961329],[-98.958871,20.1961014],[-98.9587311,20.1960413],[-98.9586866,20.1960008],[-98.9582026,20.1954573],[-98.957629,20.1958342],[-98.957507,20.1959882],[-98.9572805,20.1959995],[-98.9570614,20.1960174],[-98.9569354,20.1960694],[-98.9568463,20.1961183],[-98.9568013,20.1961457],[-98.9566221,20.1961573],[-98.9563815,20.1961227],[-98.9561575,20.1960477],[-98.9559736,20.1961372],[-98.9558282,20.1960447],[-98.955736,20.1962083],[-98.9557708,20.1956455],[-98.95564,20.1956288],[-98.955527,20.1956077],[-98.9554683,20.1956034],[-98.9553308,20.1955934],[-98.9547078,20.195527],[-98.9546561,20.1960842],[-98.9541691,20.1960285],[-98.9531398,20.1958959],[-98.9529812,20.1957792],[-98.9529866,20.1956945],[-98.9531341,20.1945254],[-98.9531521,20.1943826],[-98.9531658,20.1941573],[-98.9531089,20.1939263],[-98.9530824,20.193827],[-98.9530597,20.1937608],[-98.9532097,20.1937375],[-98.953466,20.1937215],[-98.9536628,20.1936311],[-98.9538603,20.1934915],[-98.9541138,20.1930857],[-98.954167,20.1930481],[-98.9542429,20.1930446],[-98.9543019,20.1927097],[-98.9543249,20.1924508],[-98.9544128,20.1914073],[-98.9543748,20.1913538],[-98.9544382,20.1909064],[-98.9545087,20.190554],[-98.9545999,20.1903112],[-98.9548281,20.189863],[-98.9550245,20.1894627],[-98.9550692,20.1892179],[-98.955077,20.1890438],[-98.9550727,20.1888295],[-98.955193,20.1882524],[-98.9552315,20.1878395],[-98.9552475,20.1874813],[-98.955229,20.1874047],[-98.9551417,20.187249],[-98.955029,20.1870502],[-98.9549716,20.1868263],[-98.9549408,20.1867422],[-98.9543527,20.1868032],[-98.953553,20.1866348],[-98.9537487,20.1849808],[-98.9538367,20.1838387],[-98.9539546,20.1819467],[-98.9539566,20.1818648],[-98.9542994,20.1818516],[-98.9614327,20.1839847],[-98.9633579,20.1857711],[-98.9638269,20.1859749],[-98.9643189,20.1860282],[-98.9649929,20.1861645],[-98.9653568,20.1863193],[-98.9658469,20.186446],[-98.9660824,20.1865537],[-98.9663337,20.1866686],[-98.9670902,20.1868677],[-98.9674489,20.1870128],[-98.9676437,20.187158],[-98.9678545,20.1871751],[-98.9678328,20.187263],[-98.9677754,20.1875262],[-98.9676065,20.1882632],[-98.9674996,20.1890928],[-98.9675281,20.1893922],[-98.9675403,20.1897753],[-98.9676391,20.1899858],[-98.9677129,20.1902529],[-98.9677867,20.1903381],[-98.9680082,20.191408],[-98.968127,20.1921759],[-98.9680807,20.1927195],[-98.968042,20.1927714],[-98.9679739,20.1928627],[-98.9678632,20.1929208],[-98.9677729,20.1929711],[-98.9676375,20.1930949],[-98.9674323,20.1932535],[-98.9672354,20.1933928],[-98.9669586,20.1936147],[-98.9666263,20.1938352],[-98.9663349,20.194048],[-98.966066,20.1942506],[-98.9658239,20.1945022],[-98.9656556,20.1947615],[-98.9654956,20.1950594],[-98.9652247,20.1953729],[-98.9651221,20.1954851],[-98.9651019,20.1955091],[-98.965019,20.1956071],[-98.9649938,20.1956973],[-98.9647437,20.1962616],[-98.9645489,20.19663],[-98.9644079,20.1967897],[-98.9642683,20.1968699],[-98.9634948,20.1970335],[-98.9631789,20.1971135],[-98.9630141,20.1971155],[-98.9628466,20.1971059],[-98.9618591,20.1971036],[-98.9616944,20.1970948]]]},"properties":{"locality":"4","official_key":"1300300100002","CVE_ENT":"13","CVE_MUN":"003","CVE_LOC":"0010","CVE_ASEN":"0002","settlement_type":"MANZANA","source":"INEGI DCAH 2025"}},{"type":"Feature","geometry":{"type":"Polygon","coordinates":[[[-98.9474145,20.1998428],[-98.9474058,20.1998147],[-98.9473817,20.1997366],[-98.9473863,20.1995806],[-98.9473997,20.1991272],[-98.9474362,20.1989409],[-98.9475998,20.1981063],[-98.9476103,20.1979826],[-98.9475369,20.1979035],[-98.9472382,20.1978638],[-98.94699,20.1977644],[-98.9469702,20.197722],[-98.9469114,20.1975962],[-98.9469286,20.1973168],[-98.9469474,20.1972571],[-98.9470177,20.1970349],[-98.9471698,20.1967826],[-98.9471123,20.1965551],[-98.9468968,20.1960736],[-98.9468287,20.19594],[-98.9466622,20.1958498],[-98.9466536,20.1958452],[-98.9463654,20.1957264],[-98.9461663,20.1956225],[-98.9460353,20.1954493],[-98.9458443,20.1948641],[-98.9455875,20.1946167],[-98.9455508,20.1945982],[-98.9451264,20.1943841],[-98.9449325,20.1942554],[-98.9447002,20.1941304],[-98.9445265,20.1939442],[-98.9445063,20.1939226],[-98.9443626,20.193885],[-98.9443488,20.1938814],[-98.94426,20.1938582],[-98.94399,20.193791],[-98.9435304,20.1934309],[-98.9432666,20.1932891],[-98.9431153,20.1932077],[-98.9425879,20.1928829],[-98.9425704,20.1928722],[-98.9414698,20.1916215],[-98.9411141,20.191546],[-98.9411171,20.1914016],[-98.9411722,20.1913244],[-98.9412272,20.1912473],[-98.9415808,20.1907522],[-98.9417239,20.1905518],[-98.9418534,20.1903396],[-98.9418649,20.1903002],[-98.9419307,20.1900735],[-98.9420062,20.1898132],[-98.9420356,20.1895502],[-98.9421233,20.1887633],[-98.942258,20.1886279],[-98.9423882,20.1882151],[-98.942675,20.1871685],[-98.9426766,20.1871627],[-98.9427405,20.1870216],[-98.9431106,20.1862044],[-98.9431233,20.1861764],[-98.9431526,20.1861599],[-98.9432535,20.1861031],[-98.9433233,20.186057],[-98.9433258,20.1860554],[-98.9433493,20.1860253],[-98.9435908,20.185717],[-98.9437976,20.1854758],[-98.9438157,20.1854465],[-98.9438302,20.185423],[-98.943837,20.1853557],[-98.943841,20.1853155],[-98.9438392,20.1852382],[-98.9438384,20.1852026],[-98.9438366,20.1851216],[-98.9438359,20.1850915],[-98.9438775,20.1850181],[-98.9439594,20.1849407],[-98.9444398,20.1844869],[-98.9446207,20.1844092],[-98.944956,20.1843171],[-98.9453402,20.1842322],[-98.9461892,20.1841742],[-98.9466699,20.1841501],[-98.9468857,20.1841793],[-98.9471771,20.1843035],[-98.9477153,20.1846799],[-98.9482367,20.1846788],[-98.9486578,20.1846779],[-98.9486618,20.1846793],[-98.9487347,20.1847067],[-98.9487875,20.1847265],[-98.9490248,20.1847723],[-98.949241,20.1848141],[-98.9492525,20.1848163],[-98.9491704,20.1847266],[-98.9488889,20.1844192],[-98.9483834,20.1839213],[-98.9483783,20.1839145],[-98.9477797,20.1831136],[-98.9475671,20.1829356],[-98.9472915,20.1827048],[-98.9472592,20.1826778],[-98.9468211,20.1823262],[-98.9466678,20.1822434],[-98.9466934,20.1821434],[-98.9539566,20.1818648],[-98.9539546,20.1819467],[-98.9538367,20.1838387],[-98.9537487,20.1849808],[-98.953553,20.1866348],[-98.9543527,20.1868032],[-98.9549408,20.1867422],[-98.9549716,20.1868263],[-98.955029,20.1870502],[-98.9551417,20.187249],[-98.955229,20.1874047],[-98.9552475,20.1874813],[-98.9552315,20.1878395],[-98.955193,20.1882524],[-98.9550727,20.1888295],[-98.955077,20.1890438],[-98.9550692,20.1892179],[-98.9550245,20.1894627],[-98.9548281,20.189863],[-98.9545999,20.1903112],[-98.9545087,20.190554],[-98.9544382,20.1909064],[-98.9543748,20.1913538],[-98.9544128,20.1914073],[-98.9543249,20.1924508],[-98.9543019,20.1927097],[-98.9542429,20.1930446],[-98.954167,20.1930481],[-98.9541138,20.1930857],[-98.9538603,20.1934915],[-98.9536628,20.1936311],[-98.953466,20.1937215],[-98.9532097,20.1937375],[-98.9530597,20.1937608],[-98.9530824,20.193827],[-98.9531089,20.1939263],[-98.9531658,20.1941573],[-98.9531521,20.1943826],[-98.9531341,20.1945254],[-98.9529866,20.1956945],[-98.9529812,20.1957792],[-98.9528593,20.1970119],[-98.9507932,20.1967741],[-98.9506701,20.1967523],[-98.949884,20.1966316],[-98.9493984,20.1970599],[-98.9493725,20.1970823],[-98.9483959,20.1979066],[-98.948383,20.1979886],[-98.9483765,20.1980871],[-98.9475088,20.1998497],[-98.9474145,20.1998428]]]},"properties":{"locality":"3","official_key":"1300300100003","CVE_ENT":"13","CVE_MUN":"003","CVE_LOC":"0010","CVE_ASEN":"0003","settlement_type":"MANZANA","source":"INEGI DCAH 2025"}},{"type":"Feature","geometry":{"type":"Polygon","coordinates":[[[-98.9508244,20.2059966],[-98.9506946,20.2058772],[-98.9504317,20.2057546],[-98.9503218,20.20572],[-98.9500782,20.2057568],[-98.9493496,20.2044461],[-98.9492674,20.2042875],[-98.9492357,20.2042265],[-98.9491566,20.2041409],[-98.9491029,20.2040935],[-98.9490192,20.2040193],[-98.9489276,20.2039029],[-98.9486973,20.2036099],[-98.9485995,20.2034856],[-98.948565,20.2033703],[-98.9485385,20.2032815],[-98.9478569,20.2028598],[-98.9477502,20.2028412],[-98.9476782,20.2028286],[-98.9476803,20.2027905],[-98.9476803,20.2027894],[-98.9476888,20.2026846],[-98.9477227,20.2022675],[-98.9477217,20.2022358],[-98.9477185,20.2020137],[-98.9477322,20.2017205],[-98.947736,20.2016406],[-98.9477374,20.2016113],[-98.9477796,20.2014653],[-98.9479301,20.201344],[-98.948052,20.201176],[-98.9480942,20.2010433],[-98.9480567,20.2009283],[-98.9479727,20.2007743],[-98.9478975,20.2006364],[-98.9478694,20.2005037],[-98.9479205,20.2002454],[-98.9478817,20.2001919],[-98.9478596,20.2001613],[-98.9476671,20.2001229],[-98.9476159,20.2001126],[-98.9474753,20.2000197],[-98.9474588,20.1999716],[-98.9474145,20.1998428],[-98.9475088,20.1998497],[-98.9483765,20.1980871],[-98.948383,20.1979886],[-98.9483959,20.1979066],[-98.9493725,20.1970823],[-98.9493984,20.1970599],[-98.949884,20.1966316],[-98.9506701,20.1967523],[-98.9507932,20.1967741],[-98.9528593,20.1970119],[-98.9528082,20.1976613],[-98.9527126,20.1985171],[-98.9525677,20.1995504],[-98.9524157,20.2002261],[-98.9522509,20.2010815],[-98.9521484,20.2016442],[-98.9521528,20.20177],[-98.9521762,20.2019976],[-98.9523893,20.2027888],[-98.9529972,20.2050455],[-98.9530486,20.2052363],[-98.9531955,20.2059221],[-98.9532265,20.2065985],[-98.9531974,20.2088006],[-98.9531971,20.2088044],[-98.9531928,20.2088699],[-98.9527435,20.2086059],[-98.9526803,20.208543],[-98.952647,20.2084676],[-98.9526004,20.2083765],[-98.95254,20.2082713],[-98.95257,20.208174],[-98.9526466,20.2080012],[-98.9526566,20.207863],[-98.9526467,20.2077593],[-98.9525834,20.2076525],[-98.9522861,20.2073185],[-98.9522396,20.2072399],[-98.952183,20.2071959],[-98.9520864,20.2071833],[-98.9518718,20.2071766],[-98.9516122,20.2068121],[-98.9515323,20.2067933],[-98.951195,20.2067804],[-98.950984,20.2064773],[-98.9509408,20.2063485],[-98.9509441,20.2062008],[-98.9508646,20.2060652],[-98.9508244,20.2059966]]]},"properties":{"locality":"2","official_key":"1300300100004","CVE_ENT":"13","CVE_MUN":"003","CVE_LOC":"0010","CVE_ASEN":"0004","settlement_type":"MANZANA","source":"INEGI DCAH 2025"}},{"type":"Feature","geometry":{"type":"MultiPolygon","coordinates":[[[[-98.936885,20.279935],[-98.9377651,20.2790908],[-98.9393908,20.2803667],[-98.9402491,20.2814837],[-98.9388597,20.2819014],[-98.938393,20.2820322],[-98.9371216,20.2829329],[-98.9364994,20.2836675],[-98.9358878,20.2842714],[-98.9349115,20.2849557],[-98.9347291,20.2853381],[-98.9346969,20.28564],[-98.9340317,20.2863746],[-98.9337421,20.2865256],[-98.9332485,20.286757],[-98.9325404,20.287391],[-98.93224,20.2876225],[-98.9318752,20.2881055],[-98.9311457,20.2885583],[-98.9310706,20.2886187],[-98.9315748,20.2893433],[-98.9318001,20.2896452],[-98.9321649,20.2899873],[-98.932122,20.2901785],[-98.9318216,20.2903295],[-98.9314139,20.2905609],[-98.931092,20.2905911],[-98.9307165,20.2906917],[-98.9302123,20.290893],[-98.9289382,20.2880915],[-98.9289034,20.2880149],[-98.9290576,20.2878555],[-98.9297174,20.2871739],[-98.9313029,20.2855617],[-98.9324125,20.2844541],[-98.9325151,20.2843517],[-98.9325837,20.2842832],[-98.9325837,20.2842832],[-98.9338185,20.2830507],[-98.9344802,20.282385],[-98.9347292,20.2821346],[-98.9358421,20.2810151],[-98.9365432,20.280278],[-98.936885,20.279935]]],[[[-98.9363698,20.3258878],[-98.9357589,20.3258672],[-98.9354778,20.3258619],[-98.9352325,20.3258498],[-98.9351428,20.3258454],[-98.9351038,20.3258147],[-98.9350411,20.3254555],[-98.9349358,20.3248377],[-98.9348885,20.324552],[-98.9348766,20.3245251],[-98.9348418,20.3245139],[-98.9347808,20.3245325],[-98.9347095,20.3245758],[-98.9346318,20.3246168],[-98.9345086,20.3246478],[-98.9342607,20.3246854],[-98.9340171,20.3247283],[-98.933757,20.3247696],[-98.9335723,20.324802],[-98.9333515,20.3248243],[-98.93312,20.3248386],[-98.9331122,20.3248391],[-98.9323316,20.3250601],[-98.9315008,20.3253418],[-98.9313207,20.3253982],[-98.9308952,20.3254828],[-98.9306678,20.3255188],[-98.9302179,20.325621],[-98.9299366,20.325676],[-98.929851,20.3256823],[-98.929707,20.325678],[-98.9294273,20.3257412],[-98.9291276,20.3257343],[-98.9287934,20.3256948],[-98.9287631,20.3256912],[-98.9284153,20.3256843],[-98.9278264,20.3257363],[-98.9276572,20.325735],[-98.9275622,20.3256523],[-98.9271233,20.3256589],[-98.9265724,20.3256541],[-98.9263446,20.3256224],[-98.9262008,20.3255681],[-98.9261025,20.3253512],[-98.9259728,20.3251147],[-98.9262549,20.3248447],[-98.9267228,20.3242129],[-98.9267643,20.3239948],[-98.9267422,20.3237546],[-98.9268138,20.3235363],[-98.9268644,20.3233913],[-98.9269114,20.3232564],[-98.9269734,20.3230787],[-98.9270381,20.3229712],[-98.927143,20.3223207],[-98.9272486,20.3220865],[-98.927506,20.3218637],[-98.9276089,20.3217865],[-98.9277542,20.3216774],[-98.9278782,20.3215443],[-98.9281075,20.3211184],[-98.9285951,20.3202104],[-98.9288555,20.319559],[-98.9289366,20.3193235],[-98.9290156,20.3190211],[-98.9290226,20.3187245],[-98.9289812,20.3183457],[-98.9288934,20.3179923],[-98.9287572,20.3173578],[-98.9285144,20.3162687],[-98.9284842,20.3161268],[-98.9284764,20.3160501],[-98.9285033,20.3159592],[-98.928493,20.3157801],[-98.9284838,20.315372],[-98.9284586,20.3148511],[-98.9284256,20.3141792],[-98.9284143,20.3139789],[-98.928418,20.3138015],[-98.9284416,20.3136405],[-98.9284942,20.3132629],[-98.9286001,20.3126697],[-98.9286447,20.3123543],[-98.9286924,20.311978],[-98.9286935,20.3118145],[-98.9287135,20.3116365],[-98.9287425,20.3114836],[-98.9287651,20.3113247],[-98.9287582,20.3111121],[-98.9287463,20.3105654],[-98.9287504,20.3100346],[-98.9287597,20.3096539],[-98.9287676,20.3093907],[-98.9287675,20.3093619],[-98.9287662,20.3089485],[-98.9287637,20.3083458],[-98.9287632,20.308112],[-98.9287632,20.3080974],[-98.9287328,20.3076702],[-98.9286975,20.307258],[-98.9286649,20.3068055],[-98.9286335,20.306381],[-98.9286371,20.306271],[-98.9286463,20.3060818],[-98.928651,20.305695],[-98.9286637,20.3052792],[-98.9286742,20.3047408],[-98.9286874,20.304404],[-98.9286823,20.3041486],[-98.928693,20.3037418],[-98.9287035,20.3036116],[-98.9287934,20.3030889],[-98.9288227,20.3028409],[-98.9289052,20.302245],[-98.9289219,20.3021557],[-98.929001,20.3018914],[-98.9291339,20.3015016],[-98.9292835,20.3011059],[-98.9293325,20.3010017],[-98.9294345,20.3008901],[-98.9294418,20.3008817],[-98.9294667,20.3008531],[-98.9295311,20.3006682],[-98.9296479,20.3003219],[-98.9297954,20.2998981],[-98.9298822,20.2996424],[-98.9299587,20.2994952],[-98.9301869,20.2990868],[-98.9303969,20.2987231],[-98.9305235,20.2985386],[-98.9307323,20.2982539],[-98.9309888,20.297921],[-98.9316697,20.2970549],[-98.9320003,20.2966618],[-98.9321597,20.2965056],[-98.9326791,20.2959599],[-98.9330737,20.2955143],[-98.9332619,20.2953077],[-98.9333661,20.2951311],[-98.9334254,20.2949771],[-98.9335229,20.2946807],[-98.9335901,20.2944558],[-98.933642,20.2942527],[-98.9336848,20.2941414],[-98.9337361,20.294007],[-98.9337858,20.2938257],[-98.9338134,20.2937031],[-98.933851,20.2934619],[-98.9339107,20.2931419],[-98.9339405,20.2930402],[-98.9340271,20.292889],[-98.9342105,20.2926233],[-98.9345231,20.2921539],[-98.9348839,20.291508],[-98.9349921,20.291222],[-98.9351948,20.2907589],[-98.9353224,20.2904785],[-98.9353332,20.2903954],[-98.9353458,20.2902985],[-98.935487,20.2899395],[-98.9355244,20.28982],[-98.9355301,20.2898016],[-98.9356067,20.2894933],[-98.9356591,20.2892705],[-98.9357929,20.2890295],[-98.935801,20.2887177],[-98.9358425,20.2885964],[-98.9360172,20.2882732],[-98.9361307,20.2880604],[-98.9362567,20.2878098],[-98.9362924,20.2877749],[-98.9363884,20.2876692],[-98.9364422,20.2876203],[-98.9365082,20.2875873],[-98.9366466,20.2874904],[-98.9366992,20.2874501],[-98.9367437,20.287379],[-98.9367605,20.2873358],[-98.9367792,20.287257],[-98.9367916,20.2872179],[-98.9368287,20.2871857],[-98.9368935,20.287159],[-98.9369328,20.2869588],[-98.9369469,20.2868792],[-98.9369701,20.2867478],[-98.9370257,20.2864173],[-98.9370422,20.2863094],[-98.9371667,20.2858616],[-98.9371939,20.2858028],[-98.937375,20.2854111],[-98.9376646,20.2847362],[-98.937836,20.2844325],[-98.9384324,20.284242],[-98.9391697,20.284049],[-98.9399028,20.2838116],[-98.9404825,20.2836145],[-98.9411789,20.2832517],[-98.9411511,20.2836732],[-98.9411138,20.2842394],[-98.9411003,20.2843733],[-98.9410715,20.284773],[-98.941051,20.2850584],[-98.9410402,20.2851996],[-98.9410264,20.2855249],[-98.9410129,20.2858426],[-98.941004,20.2862013],[-98.9419542,20.2862129],[-98.9427593,20.2862014],[-98.9426753,20.2865695],[-98.9426118,20.2868342],[-98.9426106,20.2868475],[-98.9425025,20.2880569],[-98.9424749,20.2886403],[-98.942808,20.2885137],[-98.9439217,20.288128],[-98.9444927,20.2879225],[-98.9452186,20.2876737],[-98.9453804,20.2887158],[-98.9454021,20.2888561],[-98.9455857,20.2900384],[-98.9456814,20.2906122],[-98.9457486,20.2910989],[-98.9457632,20.2910971],[-98.9458099,20.2913916],[-98.9459092,20.2918459],[-98.9459353,20.2919532],[-98.9462283,20.2930842],[-98.9462658,20.2932048],[-98.9462681,20.2932149],[-98.9464625,20.2940458],[-98.94656,20.2944745],[-98.9465776,20.2945578],[-98.9467556,20.2955678],[-98.9468568,20.2961246],[-98.9469542,20.2966523],[-98.9470703,20.2972599],[-98.9471085,20.2974776],[-98.9472669,20.2980308],[-98.94732,20.2982491],[-98.9473876,20.2985271],[-98.9475906,20.2992972],[-98.947773,20.2999895],[-98.9479215,20.3007093],[-98.9479387,20.3007923],[-98.9480434,20.3013244],[-98.9481167,20.3017985],[-98.9481215,20.3018278],[-98.9481884,20.3022404],[-98.9482434,20.302574],[-98.94827,20.3027352],[-98.948296,20.3028885],[-98.9482966,20.3028923],[-98.9483397,20.3031463],[-98.9484961,20.3039614],[-98.9485976,20.3044903],[-98.9488489,20.305635],[-98.9490665,20.306643],[-98.9493959,20.3082438],[-98.9494073,20.3082992],[-98.9496522,20.3094754],[-98.9497945,20.3101513],[-98.9499813,20.3111688],[-98.9501973,20.3122458],[-98.9503541,20.3130106],[-98.9504552,20.3137386],[-98.9504856,20.3141261],[-98.95049,20.3142131],[-98.9504899,20.3143542],[-98.9505976,20.3143242],[-98.9506232,20.3143314],[-98.9506536,20.314376],[-98.9506671,20.3144269],[-98.9506775,20.3145482],[-98.9506875,20.3146512],[-98.9507201,20.3148475],[-98.9507653,20.315101],[-98.9508768,20.3157234],[-98.9510608,20.316707],[-98.9511417,20.3170979],[-98.9513367,20.3180405],[-98.9515229,20.3189146],[-98.9515532,20.3190523],[-98.9516441,20.3195215],[-98.9519476,20.3207364],[-98.9520178,20.321058],[-98.951997,20.3210977],[-98.9519759,20.3211381],[-98.9519313,20.3211568],[-98.9518671,20.3211839],[-98.9499426,20.3214929],[-98.9491674,20.3217361],[-98.9493172,20.3208106],[-98.9493455,20.320644],[-98.9494588,20.3200913],[-98.9494722,20.3200258],[-98.9495433,20.3196811],[-98.9495039,20.3196427],[-98.9494649,20.3195257],[-98.9493062,20.3190123],[-98.9491609,20.3185623],[-98.9491465,20.3185273],[-98.9490535,20.3184909],[-98.9488717,20.3184792],[-98.9486817,20.3184431],[-98.9484691,20.3184407],[-98.9484114,20.3184424],[-98.9483403,20.3184344],[-98.9480429,20.3183649],[-98.9478409,20.3183115],[-98.9476783,20.3182407],[-98.9476263,20.3182407],[-98.946744,20.3183411],[-98.9466658,20.3183475],[-98.9461033,20.3183936],[-98.9457589,20.3184298],[-98.9455761,20.3184491],[-98.944639,20.3186468],[-98.9445539,20.3186586],[-98.9443336,20.3186892],[-98.9441861,20.3187149],[-98.9436881,20.3188465],[-98.9426796,20.3191659],[-98.9426692,20.3189426],[-98.9425311,20.3176435],[-98.942446,20.3169116],[-98.9424417,20.316861],[-98.9423991,20.3168656],[-98.9418078,20.3170525],[-98.9414645,20.3171746],[-98.9410525,20.3173425],[-98.940774,20.3174187],[-98.9403544,20.3175408],[-98.9401274,20.3171174],[-98.9400034,20.3171327],[-98.9399233,20.3171327],[-98.9398413,20.3171403],[-98.9397517,20.3171784],[-98.9396601,20.3172166],[-98.9395514,20.3172547],[-98.9394751,20.3172738],[-98.9394362,20.3172695],[-98.9394294,20.3173009],[-98.9393436,20.317655],[-98.9392708,20.3179357],[-98.9391261,20.3184398],[-98.9387661,20.3196734],[-98.9386301,20.3201932],[-98.9385895,20.3203245],[-98.9385577,20.3204275],[-98.938354,20.3207981],[-98.9382952,20.32096],[-98.9382268,20.3212407],[-98.9378858,20.3225911],[-98.9376279,20.3235122],[-98.9373616,20.3244678],[-98.9372597,20.3248636],[-98.9372511,20.3248966],[-98.937203,20.3251789],[-98.9371376,20.3253913],[-98.9369341,20.325943],[-98.9369218,20.3259412],[-98.9366832,20.3259073],[-98.9366598,20.3259058],[-98.9363698,20.3258878]]]]},"properties":{"locality":"DAJIEDHI","official_key":"1300300110001","CVE_ENT":"13","CVE_MUN":"003","CVE_LOC":"0011","CVE_ASEN":"0001","settlement_type":"COLONIA","source":"INEGI DCAH 2025"}},{"type":"Feature","geometry":{"type":"Polygon","coordinates":[[[-98.9748835,20.2787564],[-98.9748627,20.2786982],[-98.9748509,20.2786653],[-98.974838,20.2786294],[-98.9748081,20.2786017],[-98.9747109,20.2785117],[-98.9746434,20.2784756],[-98.9745821,20.2784428],[-98.9744073,20.2784409],[-98.9741636,20.2784216],[-98.9737372,20.2782128],[-98.9734529,20.2781339],[-98.9732259,20.2780502],[-98.9729769,20.2779228],[-98.9727308,20.2777879],[-98.9726854,20.2777383],[-98.9726693,20.2772741],[-98.9726103,20.2770011],[-98.9723046,20.2757708],[-98.9721436,20.2756148],[-98.9720471,20.2752047],[-98.971972,20.2746939],[-98.972031,20.2745782],[-98.9721007,20.2738737],[-98.9725728,20.2739819],[-98.9729537,20.274075],[-98.9731253,20.2741203],[-98.973419,20.2741958],[-98.9736323,20.2743266],[-98.9736701,20.2743809],[-98.9737798,20.2745379],[-98.9738924,20.2747694],[-98.9739461,20.2749355],[-98.9739497,20.275193],[-98.9739568,20.2756903],[-98.9740748,20.2756802],[-98.9751718,20.2756374],[-98.9751874,20.2756423],[-98.9751963,20.2756451],[-98.9752604,20.2756651],[-98.9752552,20.2758057],[-98.975255,20.275811],[-98.9756232,20.275747],[-98.9770789,20.275494],[-98.9770925,20.2755128],[-98.9791891,20.2783238],[-98.9799926,20.279401],[-98.9800558,20.2794904],[-98.9801059,20.2795614],[-98.9802661,20.2797881],[-98.9803659,20.2799332],[-98.9802493,20.2798567],[-98.9801181,20.2799074],[-98.9789279,20.2802509],[-98.9786322,20.2803386],[-98.9783755,20.2803875],[-98.9781465,20.2803937],[-98.9780095,20.2803766],[-98.9778225,20.2803701],[-98.9775766,20.2802888],[-98.9772026,20.280123],[-98.9768033,20.2798955],[-98.976352,20.2796093],[-98.9760231,20.279389],[-98.9757735,20.2792359],[-98.9756669,20.2791705],[-98.9750985,20.2788218],[-98.9748835,20.2787564]]]},"properties":{"locality":"PRIMERA","official_key":"1300300120001","CVE_ENT":"13","CVE_MUN":"003","CVE_LOC":"0012","CVE_ASEN":"0001","settlement_type":"MANZANA","source":"INEGI DCAH 2025"}},{"type":"Feature","geometry":{"type":"Polygon","coordinates":[[[-98.9627874,20.2810317],[-98.9616286,20.2802448],[-98.9615637,20.2802636],[-98.9614144,20.2801284],[-98.9614032,20.2801183],[-98.9607615,20.2797129],[-98.9606194,20.2796231],[-98.9606739,20.278924],[-98.9607271,20.2781796],[-98.96077,20.2774815],[-98.9607762,20.2773551],[-98.9609148,20.2759164],[-98.9609781,20.2751586],[-98.9610414,20.2741961],[-98.9610284,20.2740771],[-98.9610859,20.2740922],[-98.9632387,20.2748248],[-98.965245,20.2755041],[-98.9671333,20.2761331],[-98.9676268,20.2762941],[-98.9682008,20.2764904],[-98.9698316,20.276903],[-98.9722161,20.277537],[-98.9726854,20.2777383],[-98.9727308,20.2777879],[-98.9729769,20.2779228],[-98.9732259,20.2780502],[-98.9734529,20.2781339],[-98.9737372,20.2782128],[-98.9741636,20.2784216],[-98.9744073,20.2784409],[-98.9745821,20.2784428],[-98.9746434,20.2784756],[-98.9747109,20.2785117],[-98.9748081,20.2786017],[-98.974838,20.2786294],[-98.9748509,20.2786653],[-98.9748627,20.2786982],[-98.9748835,20.2787564],[-98.9745966,20.2788478],[-98.9742651,20.278988],[-98.9737816,20.2792219],[-98.9734003,20.2794078],[-98.9726932,20.2797537],[-98.972346,20.2799086],[-98.9719732,20.2800872],[-98.9715878,20.2802625],[-98.9712503,20.2804297],[-98.9707628,20.2806423],[-98.9700402,20.2809919],[-98.9698536,20.2810718],[-98.968464,20.2817299],[-98.9676068,20.2821216],[-98.9671647,20.2823263],[-98.9663424,20.28268],[-98.9656679,20.2830275],[-98.9645036,20.2821014],[-98.9627874,20.2810317]]]},"properties":{"locality":"SEGUNDA","official_key":"1300300120002","CVE_ENT":"13","CVE_MUN":"003","CVE_LOC":"0012","CVE_ASEN":"0002","settlement_type":"MANZANA","source":"INEGI DCAH 2025"}},{"type":"Feature","geometry":{"type":"Polygon","coordinates":[[[-98.9656679,20.2830275],[-98.9663424,20.28268],[-98.9671647,20.2823263],[-98.9676068,20.2821216],[-98.968464,20.2817299],[-98.9698536,20.2810718],[-98.9700402,20.2809919],[-98.9707628,20.2806423],[-98.9712503,20.2804297],[-98.9715878,20.2802625],[-98.9719732,20.2800872],[-98.972346,20.2799086],[-98.9726932,20.2797537],[-98.9734003,20.2794078],[-98.9737816,20.2792219],[-98.9742651,20.278988],[-98.9745966,20.2788478],[-98.9748835,20.2787564],[-98.9750985,20.2788218],[-98.9756669,20.2791705],[-98.9757735,20.2792359],[-98.9760231,20.279389],[-98.976352,20.2796093],[-98.9768033,20.2798955],[-98.9772026,20.280123],[-98.9775766,20.2802888],[-98.9778225,20.2803701],[-98.9780095,20.2803766],[-98.9781465,20.2803937],[-98.9783755,20.2803875],[-98.9786322,20.2803386],[-98.9789279,20.2802509],[-98.9801181,20.2799074],[-98.9802493,20.2798567],[-98.9803659,20.2799332],[-98.9804171,20.2800077],[-98.9806147,20.2802949],[-98.9806525,20.2803498],[-98.9806526,20.28035],[-98.981102,20.2810034],[-98.9812906,20.2812775],[-98.9813034,20.2812962],[-98.9817676,20.2819711],[-98.9817677,20.2819711],[-98.985383,20.2868609],[-98.9851148,20.2868232],[-98.984868,20.2868559],[-98.9844281,20.2868559],[-98.9836208,20.2866874],[-98.9832426,20.2866094],[-98.9829261,20.2865238],[-98.9825828,20.2865037],[-98.9821107,20.2866647],[-98.9804773,20.2868131],[-98.9793159,20.2869213],[-98.97945,20.2879528],[-98.9793615,20.2885893],[-98.9791496,20.2897491],[-98.9781518,20.289261],[-98.978184,20.2891302],[-98.9778514,20.2890245],[-98.977856,20.2889961],[-98.9778363,20.2889894],[-98.9778169,20.2889828],[-98.9765206,20.2885414],[-98.9764918,20.2885316],[-98.9764162,20.2885059],[-98.9760597,20.2899705],[-98.9759631,20.290207],[-98.9758267,20.2903971],[-98.9756743,20.2905217],[-98.9755243,20.290441],[-98.9754477,20.2903891],[-98.9746922,20.2898228],[-98.974048,20.2893164],[-98.9734277,20.2888097],[-98.9730023,20.2885379],[-98.9721613,20.2879066],[-98.9709735,20.2870224],[-98.9703519,20.286551],[-98.9701934,20.2864308],[-98.9688489,20.2854244],[-98.968371,20.2850667],[-98.9673739,20.2842992],[-98.9668616,20.2839129],[-98.9660533,20.2833184],[-98.9656679,20.2830275]]]},"properties":{"locality":"TERCERA","official_key":"1300300120003","CVE_ENT":"13","CVE_MUN":"003","CVE_LOC":"0012","CVE_ASEN":"0003","settlement_type":"MANZANA","source":"INEGI DCAH 2025"}},{"type":"Feature","geometry":{"type":"Polygon","coordinates":[[[-98.9657036,20.2907755],[-98.9661562,20.2905519],[-98.9669743,20.2901334],[-98.9677015,20.2897577],[-98.9678362,20.2896726],[-98.9677723,20.2895287],[-98.9677221,20.2894514],[-98.9675717,20.288334],[-98.967553,20.2882618],[-98.967672,20.2881795],[-98.9678065,20.2879662],[-98.9679604,20.2875661],[-98.9680504,20.2874671],[-98.9682115,20.2874271],[-98.9684751,20.2874108],[-98.9687087,20.2873723],[-98.9690124,20.2874395],[-98.9692235,20.2873825],[-98.9699607,20.2870013],[-98.9703519,20.286551],[-98.9709735,20.2870224],[-98.9721613,20.2879066],[-98.9730023,20.2885379],[-98.9734277,20.2888097],[-98.974048,20.2893164],[-98.9746922,20.2898228],[-98.9754477,20.2903891],[-98.9755243,20.290441],[-98.9756743,20.2905217],[-98.975659,20.2905799],[-98.9756656,20.2907266],[-98.9756714,20.2908573],[-98.9757606,20.2910296],[-98.9757673,20.2912133],[-98.9756949,20.2916208],[-98.9756359,20.2918133],[-98.9755876,20.2920913],[-98.9755769,20.2923655],[-98.9757163,20.2926825],[-98.9764754,20.2928837],[-98.9787472,20.2935378],[-98.9784522,20.2944837],[-98.9782537,20.2947126],[-98.9780338,20.2949214],[-98.9777307,20.29509],[-98.9769341,20.2957768],[-98.976116,20.2960598],[-98.9757539,20.2962271],[-98.9756627,20.2962195],[-98.9743444,20.296056],[-98.9737127,20.2959378],[-98.9728598,20.2958307],[-98.9724709,20.2957818],[-98.972326,20.2959126],[-98.9697672,20.2958019],[-98.9691691,20.295056],[-98.9683027,20.2941189],[-98.9678199,20.2936491],[-98.9677341,20.2935366],[-98.9673908,20.2928988],[-98.9670903,20.2924913],[-98.9663501,20.2915755],[-98.9657036,20.2907755]]]},"properties":{"locality":"CUARTA","official_key":"1300300120004","CVE_ENT":"13","CVE_MUN":"003","CVE_LOC":"0012","CVE_ASEN":"0004","settlement_type":"MANZANA","source":"INEGI DCAH 2025"}},{"type":"Feature","geometry":{"type":"Polygon","coordinates":[[[-98.9703519,20.286551],[-98.9699607,20.2870013],[-98.9692235,20.2873825],[-98.9690124,20.2874395],[-98.9687087,20.2873723],[-98.9684751,20.2874108],[-98.9682115,20.2874271],[-98.9680504,20.2874671],[-98.9679604,20.2875661],[-98.9678065,20.2879662],[-98.967672,20.2881795],[-98.967553,20.2882618],[-98.9675717,20.288334],[-98.9677221,20.2894514],[-98.9677723,20.2895287],[-98.9678362,20.2896726],[-98.9677015,20.2897577],[-98.9669743,20.2901334],[-98.9661562,20.2905519],[-98.9657036,20.2907755],[-98.9645637,20.2893415],[-98.9636518,20.2883151],[-98.9626593,20.2874446],[-98.9616831,20.2864736],[-98.9616867,20.2864661],[-98.9622348,20.2855306],[-98.9626935,20.2848102],[-98.9630743,20.2843907],[-98.9632637,20.284245],[-98.963497,20.2840942],[-98.9637522,20.2839649],[-98.9654401,20.2831827],[-98.9656679,20.2830275],[-98.9660533,20.2833184],[-98.9668616,20.2839129],[-98.9673739,20.2842992],[-98.968371,20.2850667],[-98.9688489,20.2854244],[-98.9701934,20.2864308],[-98.9703519,20.286551]]]},"properties":{"locality":"QUINTA","official_key":"1300300120005","CVE_ENT":"13","CVE_MUN":"003","CVE_LOC":"0012","CVE_ASEN":"0005","settlement_type":"MANZANA","source":"INEGI DCAH 2025"}},{"type":"Feature","geometry":{"type":"Polygon","coordinates":[[[-98.9601415,20.2850184],[-98.9593828,20.2841922],[-98.9593375,20.284139],[-98.9589739,20.2837129],[-98.9578049,20.2824077],[-98.9571664,20.2816372],[-98.9571316,20.2815951],[-98.9582717,20.2812324],[-98.9589668,20.2810282],[-98.9601655,20.280676],[-98.9615637,20.2802636],[-98.9616286,20.2802448],[-98.9627874,20.2810317],[-98.9645036,20.2821014],[-98.9656679,20.2830275],[-98.9654401,20.2831827],[-98.9637522,20.2839649],[-98.963497,20.2840942],[-98.9632637,20.284245],[-98.9630743,20.2843907],[-98.9626935,20.2848102],[-98.9622348,20.2855306],[-98.9616867,20.2864661],[-98.9616831,20.2864736],[-98.961683,20.2864735],[-98.9607835,20.28559],[-98.9601415,20.2850184]]]},"properties":{"locality":"SEXTA","official_key":"1300300120006","CVE_ENT":"13","CVE_MUN":"003","CVE_LOC":"0012","CVE_ASEN":"0006","settlement_type":"MANZANA","source":"INEGI DCAH 2025"}},{"type":"Feature","geometry":{"type":"Polygon","coordinates":[[[-98.957901,20.2426983],[-98.9580431,20.2422944],[-98.9578162,20.2423158],[-98.9575427,20.2423465],[-98.9572304,20.2422984],[-98.9571265,20.2423736],[-98.9564429,20.24233],[-98.9568945,20.2415942],[-98.9573505,20.2409207],[-98.957946,20.2400961],[-98.9583934,20.2395087],[-98.9585626,20.2391446],[-98.9586589,20.2388532],[-98.9586334,20.2385653],[-98.958546,20.2382701],[-98.9585953,20.2377459],[-98.9588673,20.2378764],[-98.9590565,20.2379355],[-98.9591109,20.2379496],[-98.9592469,20.2379947],[-98.9594099,20.2380361],[-98.9596315,20.2380642],[-98.9602911,20.2381344],[-98.96032,20.2381375],[-98.9613251,20.2382335],[-98.9614604,20.2382546],[-98.9614518,20.2383614],[-98.9613753,20.2390672],[-98.9613458,20.2392412],[-98.9612634,20.239726],[-98.9612275,20.2399088],[-98.9610946,20.2403138],[-98.9610536,20.2404969],[-98.961045,20.24056],[-98.9610227,20.2407231],[-98.9609668,20.241151],[-98.960943,20.2412604],[-98.9606194,20.2422562],[-98.9606114,20.2422974],[-98.9606086,20.2423251],[-98.9606119,20.2423677],[-98.9606259,20.2427495],[-98.9606996,20.2435264],[-98.9607,20.2435608],[-98.9606471,20.243817],[-98.9606505,20.2441258],[-98.9606174,20.2444633],[-98.9605819,20.2446667],[-98.9605268,20.2448866],[-98.9604282,20.2450544],[-98.9603106,20.245508],[-98.9602247,20.2459098],[-98.9601111,20.2465836],[-98.9601035,20.2466287],[-98.9600115,20.2475172],[-98.9599607,20.2480074],[-98.9597561,20.2499811],[-98.9596564,20.2511647],[-98.9596177,20.2515815],[-98.9597345,20.2517027],[-98.9596952,20.2519242],[-98.9596193,20.2524657],[-98.9596181,20.2524742],[-98.9595023,20.2530696],[-98.9593174,20.2536442],[-98.9592101,20.2539084],[-98.9590715,20.2542006],[-98.958867,20.2545678],[-98.9588016,20.2546854],[-98.9585032,20.2550243],[-98.9579838,20.2555144],[-98.9579362,20.2555509],[-98.9576779,20.2557493],[-98.9572476,20.2561335],[-98.9572236,20.2561677],[-98.9572183,20.2561753],[-98.9568669,20.2566773],[-98.9565766,20.256091],[-98.9564316,20.2556508],[-98.9563384,20.2551031],[-98.9560795,20.25459],[-98.9559034,20.2541107],[-98.9559658,20.2535142],[-98.9562464,20.252738],[-98.9565889,20.2515351],[-98.9568891,20.2503575],[-98.9567648,20.2499663],[-98.9559979,20.2490272],[-98.9554363,20.248207],[-98.9551191,20.247637],[-98.9550578,20.2471032],[-98.955097,20.2468089],[-98.9554865,20.2462648],[-98.955791,20.2459291],[-98.955996,20.2455784],[-98.9563048,20.2452412],[-98.9566299,20.2447201],[-98.9569349,20.244307],[-98.9571679,20.2438881],[-98.9575075,20.2434223],[-98.957784,20.2431199],[-98.957901,20.2426983]]]},"properties":{"locality":"CHICA 1","official_key":"1300300140001","CVE_ENT":"13","CVE_MUN":"003","CVE_LOC":"0014","CVE_ASEN":"0001","settlement_type":"MANZANA","source":"INEGI DCAH 2025"}},{"type":"Feature","geometry":{"type":"Polygon","coordinates":[[[-98.9585953,20.2377459],[-98.9578684,20.2372816],[-98.9588506,20.2371923],[-98.9589603,20.2371823],[-98.9588583,20.2364622],[-98.9587744,20.2359673],[-98.9587749,20.2353751],[-98.9587321,20.2348137],[-98.9587454,20.234489],[-98.958825,20.2344045],[-98.9591244,20.2342401],[-98.9590692,20.2339634],[-98.9588418,20.2336612],[-98.9587198,20.233471],[-98.9587013,20.2333279],[-98.9585706,20.2332386],[-98.9584878,20.232751],[-98.9584818,20.2325272],[-98.9583771,20.232128],[-98.9582724,20.2316555],[-98.9581636,20.2309167],[-98.9580783,20.2304625],[-98.9579773,20.2299515],[-98.9578998,20.2295266],[-98.9578495,20.229153],[-98.9577835,20.2290248],[-98.9575374,20.2287781],[-98.9573061,20.2285414],[-98.957637,20.2283334],[-98.9578852,20.2281503],[-98.9581768,20.2279479],[-98.9583125,20.2278378],[-98.9584327,20.227807],[-98.9585309,20.2277351],[-98.9587801,20.2275236],[-98.9590376,20.2273043],[-98.9591289,20.2271842],[-98.9591324,20.2269052],[-98.959136,20.2266962],[-98.9591507,20.2265094],[-98.9591893,20.2263593],[-98.9591958,20.2263342],[-98.9592774,20.226106],[-98.9593381,20.2259608],[-98.9593562,20.2259176],[-98.9594356,20.225746],[-98.959596,20.2256717],[-98.9598491,20.2255072],[-98.9599983,20.2253427],[-98.9602541,20.2250581],[-98.9603623,20.2250699],[-98.9604864,20.2250549],[-98.9606077,20.2249809],[-98.9607506,20.2248973],[-98.9609822,20.2247868],[-98.9611908,20.2246978],[-98.9613137,20.2246358],[-98.9615464,20.2245029],[-98.9619037,20.2243169],[-98.9621267,20.2242198],[-98.9623868,20.2241336],[-98.9627909,20.2239734],[-98.9630337,20.2238792],[-98.9631108,20.2238642],[-98.963118,20.2238902],[-98.9630001,20.2245482],[-98.962916,20.2250958],[-98.9627411,20.2262349],[-98.9627269,20.2263279],[-98.9626534,20.2268559],[-98.9626461,20.2268822],[-98.9626396,20.2269059],[-98.9625959,20.227141],[-98.9625405,20.2275963],[-98.9625051,20.2280682],[-98.9624911,20.2282498],[-98.9624778,20.2284274],[-98.9623973,20.2289713],[-98.9623813,20.2290427],[-98.9623429,20.229282],[-98.9622888,20.2295892],[-98.9622184,20.230188],[-98.9622244,20.2302396],[-98.962184,20.230615],[-98.9621498,20.2311233],[-98.9621467,20.2311752],[-98.9620971,20.2311823],[-98.9620764,20.2311853],[-98.9620671,20.2313078],[-98.9620222,20.2325124],[-98.9619833,20.2330701],[-98.9618547,20.2343256],[-98.9614604,20.2382546],[-98.9613251,20.2382335],[-98.96032,20.2381375],[-98.9602911,20.2381344],[-98.9596315,20.2380642],[-98.9594099,20.2380361],[-98.9592469,20.2379947],[-98.9591109,20.2379496],[-98.9590565,20.2379355],[-98.9588673,20.2378764],[-98.9585953,20.2377459]]]},"properties":{"locality":"GRANDE 1","official_key":"1300300140002","CVE_ENT":"13","CVE_MUN":"003","CVE_LOC":"0014","CVE_ASEN":"0002","settlement_type":"MANZANA","source":"INEGI DCAH 2025"}},{"type":"Feature","geometry":{"type":"Polygon","coordinates":[[[-98.9613753,20.2390672],[-98.9614518,20.2383614],[-98.9614468,20.2384243],[-98.9621125,20.2384557],[-98.9621655,20.2385038],[-98.9634219,20.2385499],[-98.9634418,20.2385477],[-98.9635225,20.2385504],[-98.9660932,20.2385832],[-98.9661252,20.2383896],[-98.9668451,20.2383604],[-98.9668821,20.2384516],[-98.9671355,20.2385237],[-98.9676707,20.2386759],[-98.9671278,20.2405668],[-98.9670399,20.2408538],[-98.9668695,20.2414098],[-98.9666525,20.2420949],[-98.9664819,20.2427044],[-98.9664723,20.2427387],[-98.9663561,20.2432539],[-98.9664001,20.2433395],[-98.9664904,20.2433908],[-98.9670226,20.2436272],[-98.9682403,20.2441083],[-98.9681969,20.2441305],[-98.9681264,20.2441603],[-98.9681144,20.244166],[-98.967637,20.2443955],[-98.9671239,20.2446562],[-98.9664128,20.2450442],[-98.9660134,20.2452868],[-98.9656524,20.2456331],[-98.9653019,20.2459634],[-98.9650672,20.2461846],[-98.9644035,20.24681],[-98.9642305,20.2470035],[-98.9642925,20.2470457],[-98.9642342,20.2471406],[-98.9636639,20.2477416],[-98.9629053,20.2485495],[-98.96279,20.2486679],[-98.9625938,20.2488553],[-98.9623216,20.2490531],[-98.9620829,20.2492382],[-98.9617464,20.249604],[-98.9612991,20.2500769],[-98.9608134,20.2505836],[-98.9605624,20.2508498],[-98.9601927,20.2512407],[-98.959986,20.25147],[-98.9598974,20.2515297],[-98.9598564,20.2515617],[-98.9598041,20.2516027],[-98.9597345,20.2517027],[-98.9596177,20.2515815],[-98.9596564,20.2511647],[-98.9597561,20.2499811],[-98.9599607,20.2480074],[-98.9600115,20.2475172],[-98.9601035,20.2466287],[-98.9601111,20.2465836],[-98.9602247,20.2459098],[-98.9603106,20.245508],[-98.9604282,20.2450544],[-98.9605268,20.2448866],[-98.9605819,20.2446667],[-98.9606174,20.2444633],[-98.9606505,20.2441258],[-98.9606471,20.243817],[-98.9607,20.2435608],[-98.9606996,20.2435264],[-98.9606259,20.2427495],[-98.9606119,20.2423677],[-98.9606086,20.2423251],[-98.9606114,20.2422974],[-98.9606194,20.2422562],[-98.960943,20.2412604],[-98.9609668,20.241151],[-98.9610227,20.2407231],[-98.961045,20.24056],[-98.9610536,20.2404969],[-98.9610946,20.2403138],[-98.9612275,20.2399088],[-98.9612634,20.239726],[-98.9613458,20.2392412],[-98.9613753,20.2390672]]]},"properties":{"locality":"CHICA 2","official_key":"1300300140003","CVE_ENT":"13","CVE_MUN":"003","CVE_LOC":"0014","CVE_ASEN":"0003","settlement_type":"MANZANA","source":"INEGI DCAH 2025"}},{"type":"Feature","geometry":{"type":"Polygon","coordinates":[[[-98.9614518,20.2383614],[-98.9614604,20.2382546],[-98.9618547,20.2343256],[-98.9619833,20.2330701],[-98.9620222,20.2325124],[-98.9620671,20.2313078],[-98.9620764,20.2311853],[-98.9620971,20.2311823],[-98.9621467,20.2311752],[-98.9621498,20.2311233],[-98.962184,20.230615],[-98.9622244,20.2302396],[-98.9622184,20.230188],[-98.9622888,20.2295892],[-98.9623429,20.229282],[-98.9623813,20.2290427],[-98.9623973,20.2289713],[-98.9624778,20.2284274],[-98.9624911,20.2282498],[-98.9625051,20.2280682],[-98.9625405,20.2275963],[-98.9625959,20.227141],[-98.9626396,20.2269059],[-98.9626461,20.2268822],[-98.9626534,20.2268559],[-98.9627269,20.2263279],[-98.9627411,20.2262349],[-98.962916,20.2250958],[-98.9630001,20.2245482],[-98.963118,20.2238902],[-98.9631108,20.2238642],[-98.9631241,20.2238592],[-98.9632061,20.2238279],[-98.9635397,20.2236759],[-98.9637929,20.2236972],[-98.9639066,20.2237324],[-98.9645713,20.2239288],[-98.9659173,20.2243233],[-98.9682698,20.2250151],[-98.9689367,20.2251998],[-98.9694408,20.2253944],[-98.9694444,20.2266064],[-98.9694362,20.2272435],[-98.9694369,20.2273931],[-98.9694407,20.2281068],[-98.9694499,20.2298595],[-98.9694461,20.2306858],[-98.9693954,20.2309854],[-98.9692826,20.2317254],[-98.9690932,20.2328546],[-98.9690751,20.2329392],[-98.9687543,20.2349253],[-98.9685989,20.2356752],[-98.9684502,20.2363018],[-98.9682685,20.2367462],[-98.9680989,20.2372458],[-98.9679158,20.2378602],[-98.9676707,20.2386759],[-98.9671355,20.2385237],[-98.9668821,20.2384516],[-98.9668451,20.2383604],[-98.9661252,20.2383896],[-98.9660932,20.2385832],[-98.9635225,20.2385504],[-98.9634418,20.2385477],[-98.9634219,20.2385499],[-98.9621655,20.2385038],[-98.9621125,20.2384557],[-98.9614468,20.2384243],[-98.9614518,20.2383614]]]},"properties":{"locality":"GRANDE 2","official_key":"1300300140004","CVE_ENT":"13","CVE_MUN":"003","CVE_LOC":"0014","CVE_ASEN":"0004","settlement_type":"MANZANA","source":"INEGI DCAH 2025"}},{"type":"Feature","geometry":{"type":"Polygon","coordinates":[[[-98.9290279,20.2633145],[-98.9286188,20.2631886],[-98.9284084,20.2631628],[-98.9282227,20.2631614],[-98.9281155,20.2631809],[-98.9279282,20.2632563],[-98.9278049,20.2633114],[-98.9276192,20.2634252],[-98.9274837,20.2635688],[-98.9274436,20.2636847],[-98.9274028,20.2636857],[-98.9273477,20.2636907],[-98.9272647,20.2637065],[-98.9272638,20.2637067],[-98.9272498,20.2637038],[-98.9272412,20.2637021],[-98.9271912,20.263692],[-98.9271905,20.2636919],[-98.9271797,20.2636849],[-98.9271683,20.2636775],[-98.9271651,20.2636755],[-98.9271637,20.2636745],[-98.927163,20.2636741],[-98.9271603,20.2636723],[-98.9271597,20.263672],[-98.9271578,20.2636707],[-98.9271577,20.2636707],[-98.9271574,20.2636704],[-98.9271569,20.26367],[-98.9271564,20.2636696],[-98.9271563,20.2636696],[-98.9271563,20.2636695],[-98.9271473,20.2636626],[-98.9271453,20.263661],[-98.9271448,20.2636602],[-98.9271408,20.2636543],[-98.9271297,20.263638],[-98.927117,20.263602],[-98.9270927,20.2635329],[-98.9271025,20.2624163],[-98.9271594,20.2624238],[-98.9277473,20.2623997],[-98.9285367,20.2623509],[-98.9286798,20.2623226],[-98.9287493,20.2622832],[-98.9292825,20.2622282],[-98.9294558,20.2622144],[-98.9295717,20.2621707],[-98.929623,20.262131],[-98.9296129,20.2620702],[-98.9295724,20.2620052],[-98.9295102,20.2619764],[-98.9292195,20.2617916],[-98.9291049,20.2617307],[-98.9288824,20.2615841],[-98.928835,20.2615784],[-98.9288443,20.261408],[-98.9288663,20.2610456],[-98.9288759,20.2608166],[-98.9288774,20.2607947],[-98.9288785,20.2607726],[-98.9288828,20.2605755],[-98.9288866,20.2602723],[-98.9288927,20.2600272],[-98.9288965,20.2596812],[-98.9288968,20.2595295],[-98.9288892,20.2594627],[-98.9287624,20.2583535],[-98.9279408,20.2584595],[-98.9279137,20.2584426],[-98.9278346,20.2584319],[-98.9276922,20.2584122],[-98.9276689,20.2584045],[-98.9274648,20.2583462],[-98.9272328,20.2582609],[-98.9270982,20.258141],[-98.9270521,20.2580768],[-98.9270356,20.2580539],[-98.9269967,20.2579528],[-98.9268947,20.2576762],[-98.9268889,20.2576584],[-98.9268495,20.2575375],[-98.9267839,20.2573365],[-98.9267211,20.2572335],[-98.9265505,20.2572163],[-98.9261483,20.2572773],[-98.9259413,20.2573009],[-98.9258843,20.2573031],[-98.9257823,20.257304],[-98.9256406,20.2572975],[-98.9255916,20.2572706],[-98.9255432,20.2571876],[-98.9255321,20.2571686],[-98.9255059,20.2571166],[-98.9254781,20.2570617],[-98.9254427,20.2570074],[-98.9257925,20.2566301],[-98.9262363,20.255659],[-98.9265742,20.2549423],[-98.9269009,20.2542734],[-98.9271856,20.2537096],[-98.9273592,20.2532871],[-98.9274752,20.2532457],[-98.9274858,20.2532346],[-98.9275691,20.2532768],[-98.9276972,20.253402],[-98.9278246,20.2534964],[-98.9278865,20.2535024],[-98.9278867,20.2535025],[-98.9278881,20.2535037],[-98.9279024,20.2535154],[-98.9279027,20.2535156],[-98.9279028,20.2535158],[-98.9279039,20.2535166],[-98.9279054,20.2535179],[-98.9279133,20.2535243],[-98.9279135,20.2535245],[-98.9287837,20.2530355],[-98.9288072,20.2530223],[-98.9288366,20.2530128],[-98.9288404,20.2530116],[-98.9288448,20.2530102],[-98.9288452,20.2530101],[-98.9288531,20.2530076],[-98.9288907,20.2529955],[-98.9288937,20.2529945],[-98.9289527,20.2529757],[-98.9290445,20.252992],[-98.9290492,20.2529929],[-98.9291213,20.2530058],[-98.9294638,20.2530669],[-98.929634,20.2530888],[-98.9298067,20.2531214],[-98.9302171,20.2537405],[-98.9303049,20.2536671],[-98.9303052,20.2536669],[-98.9303138,20.2536616],[-98.9303835,20.253618],[-98.9303848,20.2536172],[-98.9303879,20.2536153],[-98.93039,20.253614],[-98.9303994,20.2536081],[-98.9304145,20.2535987],[-98.9304314,20.2535881],[-98.9305054,20.2535418],[-98.9305067,20.253541],[-98.9305081,20.2535397],[-98.9309648,20.2531177],[-98.9310925,20.2529883],[-98.931093,20.2529876],[-98.9313075,20.2527146],[-98.9315707,20.2524578],[-98.9316023,20.252427],[-98.931612,20.2524175],[-98.9316165,20.2524132],[-98.9316168,20.2524129],[-98.9316188,20.2524109],[-98.9316197,20.25241],[-98.9316202,20.2524095],[-98.9316211,20.2524087],[-98.9316322,20.2523978],[-98.931634,20.2523961],[-98.9316383,20.2523919],[-98.9316546,20.2523855],[-98.9316708,20.2523791],[-98.9321912,20.2523665],[-98.9324272,20.2523791],[-98.9335806,20.2525251],[-98.9335111,20.2518641],[-98.933557,20.2517907],[-98.933613,20.2517429],[-98.9337285,20.2516948],[-98.9338507,20.2516901],[-98.9346015,20.2526273],[-98.9346377,20.2526725],[-98.9350126,20.253185],[-98.9355566,20.2539182],[-98.9362402,20.2548645],[-98.9366795,20.2554553],[-98.9370236,20.255923],[-98.9371236,20.2560249],[-98.937204,20.256071],[-98.9391876,20.2580307],[-98.9396206,20.2584263],[-98.9392876,20.2586452],[-98.9390586,20.2587925],[-98.9384545,20.2599145],[-98.9383796,20.2600545],[-98.938234,20.2602351],[-98.9381703,20.2603142],[-98.9380148,20.2604407],[-98.9377313,20.2610589],[-98.9375904,20.2614448],[-98.9375159,20.2615873],[-98.9374362,20.2617393],[-98.9373081,20.2617799],[-98.9372066,20.261773],[-98.9370752,20.2617368],[-98.9367478,20.2615958],[-98.9365941,20.2616455],[-98.9364223,20.2618196],[-98.9359733,20.2624177],[-98.9359472,20.2627267],[-98.9358913,20.2630063],[-98.9357346,20.2631903],[-98.9354642,20.2633397],[-98.9351913,20.2634314],[-98.9350893,20.2634515],[-98.9349473,20.2632293],[-98.9346944,20.2628108],[-98.9346234,20.2626827],[-98.934612,20.2625845],[-98.9344582,20.2626909],[-98.934338,20.26281],[-98.9341341,20.2629868],[-98.9339832,20.2631155],[-98.9338274,20.2632335],[-98.9336154,20.2633603],[-98.9333749,20.2635062],[-98.9331314,20.2636279],[-98.9328889,20.2637278],[-98.9325159,20.2638353],[-98.9321523,20.2639164],[-98.9317338,20.2639953],[-98.931263,20.2640854],[-98.9308219,20.2641914],[-98.9304628,20.2642805],[-98.9304571,20.2638629],[-98.9299546,20.2637172],[-98.9290279,20.2633145]],[[-98.9305153,20.2632643],[-98.9305579,20.262319],[-98.9300432,20.2623163],[-98.9300446,20.262759],[-98.9300429,20.2629587],[-98.930057,20.2630399],[-98.9301002,20.2630978],[-98.9301787,20.2631384],[-98.9302983,20.2631918],[-98.9305153,20.2632643]],[[-98.9372641,20.2569123],[-98.9367227,20.2562227],[-98.9366777,20.2562449],[-98.9359303,20.25663],[-98.9364823,20.2575763],[-98.9365773,20.2575343],[-98.9373849,20.2571921],[-98.9373785,20.2571399],[-98.937328,20.2570154],[-98.9372641,20.2569123]]]},"properties":{"locality":"LA LOMA","official_key":"1300300150001","CVE_ENT":"13","CVE_MUN":"003","CVE_LOC":"0015","CVE_ASEN":"0001","settlement_type":"COLONIA","source":"INEGI DCAH 2025"}},{"type":"Feature","geometry":{"type":"Polygon","coordinates":[[[-98.9359303,20.25663],[-98.9366777,20.2562449],[-98.9367227,20.2562227],[-98.9372641,20.2569123],[-98.937328,20.2570154],[-98.9373785,20.2571399],[-98.9373849,20.2571921],[-98.9365773,20.2575343],[-98.9364823,20.2575763],[-98.9359303,20.25663]]]},"properties":{"locality":"SANTA FE","official_key":"1300300150002","CVE_ENT":"13","CVE_MUN":"003","CVE_LOC":"0015","CVE_ASEN":"0002","settlement_type":"FRACCIONAMIENTO","source":"INEGI DCAH 2025"}},{"type":"Feature","geometry":{"type":"Polygon","coordinates":[[[-98.9274442,20.2636852],[-98.927444,20.2636847],[-98.9274436,20.2636847],[-98.9274837,20.2635688],[-98.9276192,20.2634252],[-98.9278049,20.2633114],[-98.9279282,20.2632563],[-98.9281155,20.2631809],[-98.9282227,20.2631614],[-98.9284084,20.2631628],[-98.9286188,20.2631886],[-98.9290279,20.2633145],[-98.9299546,20.2637172],[-98.9304571,20.2638629],[-98.9304628,20.2642805],[-98.93035,20.2643107],[-98.9300524,20.2644106],[-98.9297562,20.2645627],[-98.9295075,20.2647337],[-98.9292521,20.2649457],[-98.9288236,20.265428],[-98.928403,20.2658851],[-98.9281344,20.2662406],[-98.9280933,20.2663143],[-98.9279899,20.2664993],[-98.927894,20.2668164],[-98.9278211,20.267088],[-98.9278001,20.2669759],[-98.9277838,20.2668894],[-98.9277788,20.2668628],[-98.9277578,20.266751],[-98.927681,20.2659756],[-98.9276809,20.2659744],[-98.9276763,20.2659281],[-98.9276551,20.2656239],[-98.9276127,20.2650142],[-98.9275691,20.2646317],[-98.9275321,20.2639662],[-98.927498,20.2637855],[-98.9274777,20.2637476],[-98.9274442,20.2636852]]]},"properties":{"locality":"VILLA CAMPESTRE","official_key":"1300300150003","CVE_ENT":"13","CVE_MUN":"003","CVE_LOC":"0015","CVE_ASEN":"0003","settlement_type":"FRACCIONAMIENTO","source":"INEGI DCAH 2025"}},{"type":"Feature","geometry":{"type":"Polygon","coordinates":[[[-98.9305153,20.2632643],[-98.9302983,20.2631918],[-98.9301787,20.2631384],[-98.9301002,20.2630978],[-98.930057,20.2630399],[-98.9300429,20.2629587],[-98.9300446,20.262759],[-98.9300432,20.2623163],[-98.9305579,20.262319],[-98.9305153,20.2632643]]]},"properties":{"locality":"VISTA HERMOSA","official_key":"1300300150004","CVE_ENT":"13","CVE_MUN":"003","CVE_LOC":"0015","CVE_ASEN":"0004","settlement_type":"FRACCIONAMIENTO","source":"INEGI DCAH 2025"}},{"type":"Feature","geometry":{"type":"Polygon","coordinates":[[[-98.9388151,20.2482177],[-98.9390763,20.2474253],[-98.9393288,20.246675],[-98.9394954,20.2461798],[-98.9395025,20.2461588],[-98.9394527,20.2460265],[-98.9394507,20.2460211],[-98.9394505,20.2460207],[-98.9394402,20.2459933],[-98.9394212,20.2459427],[-98.9394212,20.2459427],[-98.9394163,20.2459296],[-98.9394162,20.2459296],[-98.9393629,20.2457877],[-98.9386514,20.2438961],[-98.9386124,20.2437923],[-98.9385946,20.2437473],[-98.9400296,20.242883],[-98.9402021,20.242779],[-98.940223,20.2427665],[-98.943174,20.2410065],[-98.943169,20.2415474],[-98.943211,20.2421202],[-98.9432293,20.242385],[-98.9432465,20.2428029],[-98.9432538,20.2451528],[-98.9425195,20.2459253],[-98.9426962,20.2469399],[-98.9428622,20.2473807],[-98.94291,20.2477892],[-98.9430282,20.2478248],[-98.9429918,20.2479175],[-98.9428962,20.2480039],[-98.9428175,20.2480676],[-98.9427762,20.2480956],[-98.9427163,20.2481151],[-98.9426092,20.2481384],[-98.9424509,20.2481617],[-98.9422655,20.2481863],[-98.9421959,20.2482189],[-98.9420838,20.248268],[-98.9418756,20.2483132],[-98.9416954,20.2483207],[-98.9414432,20.2482791],[-98.9411584,20.2482638],[-98.940694,20.2483202],[-98.9404999,20.2483798],[-98.9404824,20.248388],[-98.9404431,20.2484065],[-98.9402066,20.2485076],[-98.9398242,20.2485857],[-98.9394929,20.2486174],[-98.9391635,20.2485676],[-98.9388712,20.2484513],[-98.938769,20.2483647],[-98.9387754,20.2483443],[-98.9387754,20.2483443],[-98.938789,20.248301],[-98.9388151,20.2482177]]]},"properties":{"locality":"EL PALOMO","official_key":"1300300190001","CVE_ENT":"13","CVE_MUN":"003","CVE_LOC":"0019","CVE_ASEN":"0001","settlement_type":"BARRIO","source":"INEGI DCAH 2025"}},{"type":"Feature","geometry":{"type":"Polygon","coordinates":[[[-98.9129383,20.278253],[-98.9129514,20.2776787],[-98.9129524,20.277639],[-98.9135943,20.277784],[-98.9140655,20.277871],[-98.9143006,20.277823],[-98.914639,20.2777051],[-98.9150987,20.2776184],[-98.9155168,20.2775741],[-98.9149755,20.2770016],[-98.9147348,20.2768479],[-98.914523,20.2767716],[-98.9143728,20.276663],[-98.9142617,20.2764064],[-98.9140884,20.2759876],[-98.9140719,20.2759297],[-98.9140792,20.2758314],[-98.9141118,20.2757409],[-98.9141836,20.2756032],[-98.9142405,20.2754508],[-98.9142901,20.2752838],[-98.9144767,20.2746828],[-98.9145694,20.2744112],[-98.9146859,20.2740944],[-98.9147967,20.2738086],[-98.9148432,20.273668],[-98.9148661,20.2735533],[-98.914901,20.2733579],[-98.9148768,20.2731692],[-98.914861,20.2729576],[-98.9148574,20.2729093],[-98.914842,20.2727037],[-98.9148174,20.27202],[-98.9148159,20.2719795],[-98.9142563,20.2712996],[-98.9141168,20.2709845],[-98.914029,20.2707863],[-98.9141072,20.2707573],[-98.9149597,20.270441],[-98.9148005,20.2698868],[-98.9149915,20.2694852],[-98.915152,20.2691475],[-98.9156688,20.2688855],[-98.9157433,20.2688294],[-98.9158694,20.2686534],[-98.9160266,20.2683803],[-98.9162212,20.2681409],[-98.9164968,20.2679003],[-98.9166952,20.2677632],[-98.9169019,20.2676666],[-98.9172351,20.2676086],[-98.9175895,20.2675322],[-98.9181043,20.2675038],[-98.9183372,20.267461],[-98.9188421,20.2673345],[-98.9193801,20.2671625],[-98.9194187,20.2671517],[-98.9196673,20.267082],[-98.9198648,20.2670481],[-98.9203261,20.2671653],[-98.9211631,20.266997],[-98.9220644,20.2670227],[-98.9233522,20.2668326],[-98.9237605,20.2666336],[-98.9235038,20.2646705],[-98.9234399,20.2641823],[-98.9239789,20.2639699],[-98.9239783,20.2639702],[-98.9239785,20.2639724],[-98.9240258,20.2644174],[-98.9240309,20.2644651],[-98.9240841,20.2649655],[-98.9240922,20.2650423],[-98.9241674,20.2657491],[-98.9241704,20.2657778],[-98.924223,20.2662728],[-98.9242344,20.2663553],[-98.924241,20.2664033],[-98.9242419,20.2664037],[-98.9242422,20.2664038],[-98.9243732,20.26646],[-98.9245303,20.2665441],[-98.9245755,20.2665728],[-98.9245897,20.2665818],[-98.9247747,20.2666991],[-98.9249484,20.2667476],[-98.9249898,20.2667561],[-98.9250305,20.2667645],[-98.9251094,20.2667808],[-98.9251098,20.2667808],[-98.9251422,20.2667808],[-98.9252496,20.2667807],[-98.9253961,20.2667686],[-98.9256614,20.266708],[-98.9259488,20.2666478],[-98.9260719,20.2666327],[-98.9260945,20.2666299],[-98.9261814,20.266636],[-98.92627,20.2666423],[-98.9263368,20.2666523],[-98.9265741,20.2666875],[-98.9266231,20.2666996],[-98.9266423,20.2667044],[-98.9268112,20.2667463],[-98.9269402,20.2668059],[-98.9270371,20.2668768],[-98.9270614,20.2669186],[-98.9270986,20.2669824],[-98.9271919,20.2671088],[-98.9272516,20.2671895],[-98.9274162,20.2674274],[-98.9275446,20.267613],[-98.9276339,20.2677492],[-98.9277264,20.2678902],[-98.9279101,20.2679755],[-98.9279662,20.2684984],[-98.927975,20.2687135],[-98.9279955,20.2689884],[-98.9279798,20.2694098],[-98.9279622,20.2695572],[-98.9279382,20.2697356],[-98.9276297,20.270723],[-98.92758,20.270922],[-98.9275371,20.2710983],[-98.9275099,20.2713977],[-98.9274907,20.2717956],[-98.9275379,20.2721806],[-98.9275887,20.2726517],[-98.9275675,20.2726884],[-98.927274,20.2729442],[-98.9268944,20.2731405],[-98.9264494,20.2734195],[-98.9253703,20.2739016],[-98.9247403,20.2742068],[-98.9233805,20.2747312],[-98.9230628,20.2747248],[-98.9226988,20.2747954],[-98.9224704,20.2748721],[-98.9217521,20.2751451],[-98.9205047,20.2756751],[-98.9200679,20.2758688],[-98.919087,20.276247],[-98.9187213,20.2763871],[-98.9178762,20.2767497],[-98.917792,20.2767535],[-98.9169162,20.2771857],[-98.9169386,20.2772329],[-98.9169247,20.2772854],[-98.9165966,20.2778451],[-98.9162423,20.2783251],[-98.9161259,20.2785481],[-98.9160216,20.2788819],[-98.9160005,20.2791407],[-98.9152408,20.279442],[-98.9149068,20.2795888],[-98.9137153,20.2803133],[-98.9134645,20.2797131],[-98.9138127,20.279389],[-98.9129383,20.278253]]]},"properties":{"locality":"LA PEÑA","official_key":"1300300200001","CVE_ENT":"13","CVE_MUN":"003","CVE_LOC":"0020","CVE_ASEN":"0001","settlement_type":"BARRIO","source":"INEGI DCAH 2025"}},{"type":"Feature","geometry":{"type":"MultiPolygon","coordinates":[[[[-98.9155679,20.3270568],[-98.9156357,20.3270502],[-98.9157176,20.3270552],[-98.9158059,20.3270699],[-98.9159477,20.3271061],[-98.9160819,20.3271519],[-98.9163088,20.3272367],[-98.916566,20.3273306],[-98.9166373,20.3273694],[-98.9167203,20.3273924],[-98.9165592,20.3275095],[-98.9163338,20.327678],[-98.9161708,20.3278048],[-98.9161066,20.3278556],[-98.9159345,20.3279664],[-98.9158567,20.3280179],[-98.915835,20.3280344],[-98.915797,20.3280634],[-98.9156855,20.3281733],[-98.9155514,20.3283464],[-98.9154768,20.3284565],[-98.9153559,20.3286131],[-98.9152835,20.328717],[-98.915265,20.3287387],[-98.9147829,20.3282125],[-98.9146858,20.3280752],[-98.9146832,20.3278897],[-98.9146943,20.3274677],[-98.9146691,20.3272707],[-98.9147428,20.3272668],[-98.9150913,20.3271768],[-98.9152932,20.3271306],[-98.9154859,20.3270742],[-98.9154975,20.3270742],[-98.9155679,20.3270568]]],[[[-98.9234683,20.3324774],[-98.9233033,20.3323038],[-98.9228703,20.332573],[-98.9219429,20.3317248],[-98.9213942,20.3312151],[-98.9213996,20.3311694],[-98.9215436,20.3308908],[-98.9219034,20.3300986],[-98.9217322,20.3301344],[-98.9209326,20.3301891],[-98.9198018,20.3302216],[-98.9194285,20.3302794],[-98.9191593,20.3303535],[-98.9187668,20.3303694],[-98.9186032,20.3303274],[-98.9184653,20.3301886],[-98.9184537,20.3300697],[-98.9185169,20.3299265],[-98.9186154,20.3298436],[-98.9188983,20.3297358],[-98.9192982,20.3295532],[-98.9194581,20.3291264],[-98.9196113,20.3290073],[-98.919862,20.3288982],[-98.9200647,20.3288161],[-98.9201355,20.3287541],[-98.9201688,20.3285855],[-98.9201854,20.3283652],[-98.9201592,20.327356],[-98.9198075,20.3277181],[-98.9194782,20.328047],[-98.9190145,20.3284912],[-98.9187351,20.3287468],[-98.9186358,20.3288092],[-98.9185585,20.3288169],[-98.9184274,20.3287845],[-98.9183805,20.3286519],[-98.9183264,20.3285237],[-98.9182886,20.3284284],[-98.9182347,20.3283622],[-98.9181203,20.3282412],[-98.9171843,20.3272144],[-98.9171071,20.3271531],[-98.9174305,20.3269596],[-98.9181671,20.3265214],[-98.9185268,20.3263109],[-98.9186486,20.3262498],[-98.9187651,20.326198],[-98.9191369,20.32607],[-98.9194829,20.3259481],[-98.9196889,20.3258501],[-98.9198917,20.3257636],[-98.9199829,20.3257168],[-98.9200207,20.3256707],[-98.9200418,20.3256016],[-98.9196623,20.3252864],[-98.9192321,20.324911],[-98.9190158,20.3247302],[-98.9188785,20.3246287],[-98.9187823,20.32455],[-98.918733,20.3244904],[-98.9187235,20.3244534],[-98.9187584,20.3243941],[-98.9189253,20.3241817],[-98.9201238,20.3248029],[-98.920724,20.3251213],[-98.9214576,20.3255433],[-98.9222988,20.3260162],[-98.9231879,20.326461],[-98.9236419,20.3267308],[-98.923954,20.3268868],[-98.924059,20.3269577],[-98.9241645,20.3270843],[-98.9242146,20.3271643],[-98.9243645,20.3274718],[-98.9244489,20.3276095],[-98.924657,20.328004],[-98.9248654,20.3283471],[-98.9248717,20.328358],[-98.9249677,20.328524],[-98.9249802,20.3285458],[-98.9252719,20.3290646],[-98.9254438,20.329375],[-98.9256056,20.3296459],[-98.925613,20.3296583],[-98.9259024,20.3301286],[-98.9259213,20.3301647],[-98.9261277,20.3305596],[-98.9261955,20.3307404],[-98.9262646,20.3310494],[-98.926298,20.3312462],[-98.9263469,20.3314937],[-98.9263794,20.3317899],[-98.9263268,20.3318792],[-98.926104,20.3320017],[-98.9258555,20.3321539],[-98.9256952,20.3322815],[-98.9256379,20.3324078],[-98.9256495,20.3324561],[-98.9256181,20.3326176],[-98.9255289,20.3330907],[-98.9254736,20.3331724],[-98.9252666,20.3331983],[-98.9248052,20.3332278],[-98.9247285,20.3332426],[-98.9245835,20.333239],[-98.9242228,20.3330048],[-98.9234791,20.3324887],[-98.9234683,20.3324774]]]]},"properties":{"locality":"XIDEJE","official_key":"1300300260001","CVE_ENT":"13","CVE_MUN":"003","CVE_LOC":"0026","CVE_ASEN":"0001","settlement_type":"PUEBLO","source":"INEGI DCAH 2025"}},{"type":"Feature","geometry":{"type":"Polygon","coordinates":[[[-98.961024,20.274076],[-98.961088,20.2731198],[-98.9610941,20.2730229],[-98.9615383,20.2729097],[-98.9626294,20.2727365],[-98.9632648,20.2726244],[-98.9637059,20.272518],[-98.9642836,20.2724432],[-98.9650275,20.2724401],[-98.9659082,20.2724768],[-98.9676684,20.272669],[-98.9681272,20.2727128],[-98.9683938,20.2727454],[-98.9689531,20.2728646],[-98.9692368,20.2729182],[-98.9692886,20.2729831],[-98.9690631,20.2719411],[-98.9688432,20.2708604],[-98.9684463,20.2690722],[-98.9701251,20.2690517],[-98.9718404,20.2690285],[-98.972004,20.2690269],[-98.9720119,20.2690269],[-98.9721315,20.2690257],[-98.9720519,20.2692449],[-98.9719127,20.2694976],[-98.9717885,20.2695924],[-98.9715712,20.2697572],[-98.971384,20.2699443],[-98.9712561,20.2701822],[-98.9712327,20.2702256],[-98.9711581,20.2703771],[-98.9711187,20.2704569],[-98.9711155,20.2704764],[-98.9710912,20.2706228],[-98.971125,20.2709519],[-98.97117,20.2710594],[-98.9712157,20.2711347],[-98.9713486,20.2712463],[-98.9716759,20.2713268],[-98.9717763,20.27136],[-98.9720834,20.2714705],[-98.9723575,20.2715431],[-98.9724715,20.2715892],[-98.9725948,20.2716755],[-98.9728432,20.2719136],[-98.9729676,20.2720312],[-98.9732797,20.2723274],[-98.9736591,20.2726657],[-98.9738784,20.2728693],[-98.9739407,20.2729474],[-98.9740342,20.2730817],[-98.9740709,20.2731534],[-98.9740342,20.273163],[-98.9739057,20.2731965],[-98.9738746,20.2731988],[-98.973595,20.2732194],[-98.9734691,20.2733509],[-98.9732317,20.2736469],[-98.9729537,20.274075],[-98.9725728,20.2739819],[-98.9721007,20.2738737],[-98.972031,20.2745782],[-98.971972,20.2746939],[-98.9720471,20.2752047],[-98.9721436,20.2756148],[-98.9723046,20.2757708],[-98.9726103,20.2770011],[-98.9726693,20.2772741],[-98.9726854,20.2777383],[-98.9722161,20.277537],[-98.9698316,20.276903],[-98.9682008,20.2764904],[-98.9676268,20.2762941],[-98.9671333,20.2761331],[-98.965245,20.2755041],[-98.9632387,20.2748248],[-98.9611096,20.2740984],[-98.9610859,20.2740922],[-98.9610284,20.2740771],[-98.961024,20.274076]]]},"properties":{"locality":"CASA BLANCA","official_key":"1300300400001","CVE_ENT":"13","CVE_MUN":"003","CVE_LOC":"0040","CVE_ASEN":"0001","settlement_type":"COLONIA","source":"INEGI DCAH 2025"}},{"type":"Feature","geometry":{"type":"Polygon","coordinates":[[[-98.9664272,20.1966509],[-98.9661818,20.1963754],[-98.9660818,20.1962649],[-98.9660723,20.1962542],[-98.9660399,20.1962182],[-98.9658,20.1959506],[-98.9655773,20.1957092],[-98.96547,20.1954133],[-98.9654936,20.195087],[-98.9654956,20.1950594],[-98.9656556,20.1947615],[-98.9658239,20.1945022],[-98.966066,20.1942506],[-98.9663349,20.194048],[-98.9666263,20.1938352],[-98.9669586,20.1936147],[-98.9671894,20.1937011],[-98.9672399,20.1939218],[-98.9672367,20.1941275],[-98.9672119,20.1944415],[-98.9671836,20.1947069],[-98.9673196,20.1948075],[-98.9675322,20.1949403],[-98.9676951,20.1950223],[-98.9679342,20.1950559],[-98.9681497,20.1950602],[-98.968418,20.1950576],[-98.9693024,20.1950609],[-98.9693256,20.1950469],[-98.9693533,20.1950007],[-98.9694007,20.194926],[-98.9694398,20.1948836],[-98.9695432,20.1948641],[-98.9699977,20.1948264],[-98.970127,20.1948397],[-98.9702598,20.1948712],[-98.9703702,20.194877],[-98.9704698,20.1948538],[-98.9705437,20.1947905],[-98.9706106,20.1946946],[-98.9706929,20.1945955],[-98.9708171,20.1944972],[-98.9711172,20.1943736],[-98.9713435,20.1943133],[-98.9714583,20.1942976],[-98.9715513,20.1943359],[-98.9715691,20.1943943],[-98.9708423,20.1956763],[-98.9705455,20.1961214],[-98.970301,20.1964053],[-98.9700917,20.1966013],[-98.9699656,20.1966708],[-98.9696818,20.1967169],[-98.9693503,20.1967703],[-98.968975,20.1967868],[-98.968575,20.1967698],[-98.9680315,20.1966992],[-98.9677925,20.1965743],[-98.967456,20.1964431],[-98.9672002,20.1965398],[-98.9667155,20.1968213],[-98.9666183,20.1968741],[-98.9665445,20.1968924],[-98.9665256,20.1968536],[-98.9664272,20.1966509]]]},"properties":{"locality":"SEGUNDA MANZANA CHICAVASCO (EL POZO)","official_key":"1300300430001","CVE_ENT":"13","CVE_MUN":"003","CVE_LOC":"0043","CVE_ASEN":"0001","settlement_type":"COLONIA","source":"INEGI DCAH 2025"}},{"type":"Feature","geometry":{"type":"Polygon","coordinates":[[[-98.9419143,20.2137728],[-98.9423904,20.2131237],[-98.9425336,20.2128803],[-98.9425336,20.2128802],[-98.9425415,20.2128679],[-98.9437738,20.2111251],[-98.944514,20.2100889],[-98.9451839,20.2091144],[-98.9453085,20.2089459],[-98.9457645,20.2083102],[-98.9464826,20.2073228],[-98.9462967,20.2067042],[-98.946279,20.2065728],[-98.9462173,20.2061144],[-98.9461094,20.2053413],[-98.9460803,20.2051168],[-98.9460539,20.2048973],[-98.9460204,20.2047555],[-98.9465793,20.2045293],[-98.9466786,20.2046331],[-98.9468622,20.2045197],[-98.9472405,20.204247],[-98.9476025,20.2040604],[-98.9479079,20.2039571],[-98.9480206,20.2043663],[-98.9480832,20.2043868],[-98.9483336,20.2042824],[-98.9485825,20.2045178],[-98.9486339,20.2045841],[-98.948674,20.2046782],[-98.9487374,20.204932],[-98.9487581,20.2052694],[-98.9487363,20.205559],[-98.9489076,20.2057277],[-98.9495749,20.2061377],[-98.9496812,20.2067032],[-98.9500454,20.2062178],[-98.9505015,20.2060282],[-98.9508244,20.2059966],[-98.9508646,20.2060652],[-98.9509441,20.2062008],[-98.9509408,20.2063485],[-98.950984,20.2064773],[-98.951195,20.2067804],[-98.9515323,20.2067933],[-98.9516122,20.2068121],[-98.9518718,20.2071766],[-98.9520864,20.2071833],[-98.952183,20.2071959],[-98.9522396,20.2072399],[-98.9522861,20.2073185],[-98.9525834,20.2076525],[-98.9526467,20.2077593],[-98.9526566,20.207863],[-98.9526466,20.2080012],[-98.95257,20.208174],[-98.95254,20.2082713],[-98.9526004,20.2083765],[-98.952647,20.2084676],[-98.9526803,20.208543],[-98.9527435,20.2086059],[-98.9531928,20.2088699],[-98.9531883,20.2089255],[-98.9530756,20.2103183],[-98.9526673,20.2138694],[-98.9508291,20.2135445],[-98.9497677,20.2130761],[-98.9493634,20.212797],[-98.9487817,20.2122715],[-98.9484339,20.2120321],[-98.9481802,20.2118576],[-98.9475719,20.2114037],[-98.9470592,20.2109201],[-98.9468127,20.210668],[-98.9467391,20.2108392],[-98.9465293,20.2111805],[-98.9464172,20.2114194],[-98.9462747,20.2116505],[-98.946144,20.212033],[-98.9460567,20.2123552],[-98.9460702,20.2129421],[-98.9461491,20.2136672],[-98.946159,20.2137358],[-98.9455812,20.2143324],[-98.9449138,20.2150137],[-98.9447176,20.2151574],[-98.944689,20.2151784],[-98.9445079,20.2149041],[-98.9442814,20.214631],[-98.9442041,20.2145519],[-98.9440886,20.2144625],[-98.9439858,20.2143919],[-98.9436981,20.2142593],[-98.943459,20.2141426],[-98.9433148,20.2140866],[-98.9432868,20.2140757],[-98.9430557,20.2140047],[-98.9425563,20.2138793],[-98.9420642,20.2137976],[-98.941963,20.2137808],[-98.9419143,20.2137728]]]},"properties":{"locality":"CUARTA MANZANA CHICAVASCO (LA LADERA)","official_key":"1300300440001","CVE_ENT":"13","CVE_MUN":"003","CVE_LOC":"0044","CVE_ASEN":"0001","settlement_type":"COLONIA","source":"INEGI DCAH 2025"}},{"type":"Feature","geometry":{"type":"Polygon","coordinates":[[[-98.9275446,20.267613],[-98.9274162,20.2674274],[-98.9272516,20.2671895],[-98.9271919,20.2671088],[-98.9270986,20.2669824],[-98.9270614,20.2669186],[-98.9270371,20.2668768],[-98.9269402,20.2668059],[-98.9268112,20.2667463],[-98.9266423,20.2667044],[-98.9266231,20.2666996],[-98.9265741,20.2666875],[-98.9263368,20.2666523],[-98.92627,20.2666423],[-98.9261814,20.266636],[-98.9260945,20.2666299],[-98.9260719,20.2666327],[-98.9259488,20.2666478],[-98.9256614,20.266708],[-98.9253961,20.2667686],[-98.925357,20.2663632],[-98.9247937,20.2664387],[-98.9247347,20.2661016],[-98.924223,20.2662728],[-98.9241704,20.2657778],[-98.9241674,20.2657491],[-98.9240922,20.2650423],[-98.9240841,20.2649655],[-98.9245094,20.264919],[-98.9244284,20.2643102],[-98.924355,20.2637595],[-98.9243551,20.2637595],[-98.9242492,20.2629045],[-98.9243308,20.2628559],[-98.9244657,20.2627411],[-98.9247045,20.2626379],[-98.9251899,20.2624294],[-98.9253419,20.2623388],[-98.9254058,20.262213],[-98.9254653,20.2620643],[-98.9271216,20.2619069],[-98.9271343,20.2619542],[-98.9271301,20.2620942],[-98.9271041,20.2623409],[-98.9271025,20.2624159],[-98.9271025,20.2624163],[-98.9270927,20.2635329],[-98.927117,20.263602],[-98.9271297,20.263638],[-98.9271408,20.2636543],[-98.9271448,20.2636602],[-98.9271453,20.263661],[-98.9271473,20.2636626],[-98.9271563,20.2636695],[-98.9271563,20.2636696],[-98.9271564,20.2636696],[-98.9271569,20.26367],[-98.9271574,20.2636704],[-98.9271577,20.2636707],[-98.9271578,20.2636707],[-98.9271597,20.263672],[-98.9271603,20.2636723],[-98.927163,20.2636741],[-98.9271637,20.2636745],[-98.9271651,20.2636755],[-98.9271683,20.2636775],[-98.9271797,20.2636849],[-98.9271905,20.2636919],[-98.9271912,20.263692],[-98.9272412,20.2637021],[-98.9272498,20.2637038],[-98.9272638,20.2637067],[-98.9272647,20.2637065],[-98.9273477,20.2636907],[-98.9274028,20.2636857],[-98.9274436,20.2636847],[-98.927444,20.2636847],[-98.9274442,20.2636852],[-98.9274777,20.2637476],[-98.927498,20.2637855],[-98.9275321,20.2639662],[-98.9275691,20.2646317],[-98.9276127,20.2650142],[-98.9276551,20.2656239],[-98.9276763,20.2659281],[-98.9276809,20.2659744],[-98.927681,20.2659756],[-98.9277578,20.266751],[-98.9277788,20.2668628],[-98.9277838,20.2668894],[-98.9278001,20.2669759],[-98.9278211,20.267088],[-98.9279101,20.2679755],[-98.9277264,20.2678902],[-98.9276339,20.2677492],[-98.9275446,20.267613]]]},"properties":{"locality":"EL PORVENIR","official_key":"1300300520001","CVE_ENT":"13","CVE_MUN":"003","CVE_LOC":"0052","CVE_ASEN":"0001","settlement_type":"COLONIA","source":"INEGI DCAH 2025"}}]}