{"type":"FeatureCollection","name":"inegi-hidalgo-008","metadata":{"state":"Hidalgo","CVE_ENT":"13","CVE_MUN":"008","municipality":"Apan","sources":["INEGI Gaia — Servicio vectorial del Marco Geoestadístico","INEGI DCAH 2025"],"source_urls":["https://gaia.inegi.org.mx/wscatgeo/v2/geo/mgem/13","https://gaia.inegi.org.mx/wscatgeo/v2/geo/localidades/pol/13/008","https://www.inegi.org.mx/contenidos/productos/prod_serv/contenidos/espanol/bvinegi/productos/geografia/delimitaciones/794551163078/13_hidalgo.zip"],"geometry_policy":"Solo se publican polígonos de INEGI; no se generan puntos ni geometrías sintéticas.","locality_polygon_count":27,"settlement_polygon_count":56},"municipality":{"type":"Feature","geometry":{"type":"MultiPolygon","crs":{"type":"name","properties":{"name":"EPSG:6365"}},"coordinates":[[[[-98.36321663,19.86220885],[-98.36314885,19.86219289],[-98.36219345,19.861963781],[-98.359809179,19.861390281],[-98.35885377,19.86116794],[-98.35742249,19.860826851],[-98.35653768,19.860614581],[-98.356686739,19.860170771],[-98.35548909,19.85980291],[-98.355299849,19.85974565],[-98.35501554,19.859686381],[-98.35492445,19.85985582],[-98.354729599,19.859740351],[-98.353503309,19.859031541],[-98.35252283,19.85846352],[-98.35228965,19.85897065],[-98.351898249,19.85981452],[-98.350749429,19.85930192],[-98.35031146,19.860300511],[-98.34900951,19.85983978],[-98.349153479,19.859491651],[-98.34794094,19.85908742],[-98.3464578,19.85860306],[-98.34659737,19.858246781],[-98.34604603,19.858048221],[-98.34588866,19.858023231],[-98.34415537,19.85805045],[-98.343599279,19.85806508],[-98.342011079,19.85818728],[-98.3409044,19.85764695],[-98.34031411,19.857376491],[-98.34007569,19.856931741],[-98.339844749,19.856501881],[-98.33961346,19.85605349],[-98.339399449,19.85565506],[-98.338928059,19.854717],[-98.33877569,19.854315201],[-98.33884351,19.853998751],[-98.33876425,19.853831541],[-98.338534969,19.853452581],[-98.33852634,19.853120951],[-98.338362249,19.852897481],[-98.33828423,19.85261449],[-98.3355294,19.85138237],[-98.335870649,19.85030231],[-98.33620838,19.849210981],[-98.33658038,19.848065651],[-98.33694434,19.846972291],[-98.33652974,19.846871401],[-98.3361264,19.84674755],[-98.335718019,19.84665445],[-98.335330539,19.84654074],[-98.33492982,19.846422081],[-98.334502599,19.84629695],[-98.33411749,19.84618325],[-98.333227289,19.84591432],[-98.3323468,19.845639651],[-98.331615489,19.845401751],[-98.33156818,19.845393711],[-98.330100399,19.84492769],[-98.328631459,19.844485831],[-98.32840643,19.845125061],[-98.328159539,19.845853251],[-98.327053179,19.84551649],[-98.326888369,19.845465831],[-98.32636048,19.84528734],[-98.32617445,19.84524403],[-98.325226019,19.84494697],[-98.32421525,19.84547114],[-98.323265199,19.84584811],[-98.322723829,19.84549509],[-98.32269789,19.84487408],[-98.32304362,19.84420046],[-98.323160859,19.843499],[-98.323305549,19.8430676],[-98.323356779,19.842830051],[-98.323372619,19.84246828],[-98.323043739,19.842380291],[-98.32287857,19.842620351],[-98.32279406,19.84273232],[-98.321637619,19.84446412],[-98.32020677,19.846563821],[-98.31883829,19.848585821],[-98.31866057,19.84883838],[-98.317570739,19.85040757],[-98.316277849,19.852370351],[-98.315008489,19.854260971],[-98.31449702,19.85451474],[-98.31443146,19.85437772],[-98.31078635,19.85277038],[-98.31052074,19.85274723],[-98.31042,19.85275872],[-98.31009263,19.85279315],[-98.30995434,19.85275692],[-98.30981698,19.85250657],[-98.3096792,19.85235137],[-98.30963197,19.85227931],[-98.30961668,19.85225597],[-98.30956702,19.85210112],[-98.30958022,19.85195842],[-98.30960615,19.85178006],[-98.30953258,19.85154812],[-98.30951925,19.85150609],[-98.30938157,19.85132712],[-98.30914265,19.8512786],[-98.30904063,19.85133943],[-98.30892311,19.85140937],[-98.30886505,19.85144408],[-98.30852426,19.85143137],[-98.30823672,19.85152258],[-98.30796446,19.85152152],[-98.30759328,19.85149668],[-98.30727151,19.85149543],[-98.30685028,19.85141046],[-98.30655703,19.85126285],[-98.30637686,19.85110346],[-98.30624869,19.85091628],[-98.30620622,19.85067094],[-98.3059898,19.85038423],[-98.30571418,19.85022743],[-98.30549517,19.85015414],[-98.30521258,19.85001278],[-98.30468718,19.84974505],[-98.30401232,19.84933728],[-98.30365688,19.84905634],[-98.30342166,19.84885848],[-98.30314989,19.84874037],[-98.3028538,19.84852852],[-98.30273097,19.84831735],[-98.30246023,19.84796514],[-98.30223838,19.84775357],[-98.30196674,19.84761205],[-98.301745,19.84737708],[-98.30201768,19.84728451],[-98.30241318,19.84740311],[-98.30288397,19.84728789],[-98.30325646,19.84700843],[-98.30336131,19.84692403],[-98.30348635,19.84684592],[-98.30355592,19.84678069],[-98.3036676,19.84659774],[-98.30377874,19.84653268],[-98.30387602,19.84646757],[-98.30394575,19.84636305],[-98.30397388,19.84627146],[-98.30400194,19.84619297],[-98.30405758,19.84614078],[-98.30415471,19.84611497],[-98.30430703,19.84614177],[-98.3044456,19.84614231],[-98.30457042,19.8461166],[-98.30475074,19.846078],[-98.30506911,19.84615785],[-98.30530457,19.84618495],[-98.30533278,19.84604042],[-98.30529209,19.84587052],[-98.30502874,19.8458826],[-98.30452975,19.84590685],[-98.3043378,19.84593051],[-98.30404968,19.84565162],[-98.30367746,19.84553828],[-98.30342614,19.84555649],[-98.30322788,19.84573368],[-98.30297729,19.846066],[-98.30279785,19.84622009],[-98.30254363,19.84625378],[-98.30236705,19.84614974],[-98.30219874,19.84609051],[-98.30202865,19.84606178],[-98.30183515,19.84607462],[-98.30168286,19.8460744],[-98.30152789,19.84598574],[-98.30138445,19.84591174],[-98.30122178,19.84585842],[-98.30105614,19.84577682],[-98.30100026,19.84573234],[-98.30064172,19.84531546],[-98.30056392,19.84526572],[-98.30030491,19.84529945],[-98.29958722,19.84539292],[-98.29947078,19.84540809],[-98.29918915,19.84569925],[-98.29894985,19.84596169],[-98.29873194,19.84619455],[-98.29644402,19.84639612],[-98.29599991,19.84758103],[-98.29328218,19.84802725],[-98.29228557,19.84818088],[-98.29036009,19.84851869],[-98.28933337,19.84868114],[-98.28674989,19.84909762],[-98.2865836,19.84833726],[-98.28501608,19.84873535],[-98.28376931,19.8472512],[-98.283586,19.84702589],[-98.28354046,19.84696915],[-98.28355611,19.84695974],[-98.2836108,19.84693878],[-98.2836718,19.84691058],[-98.28372671,19.84688138],[-98.28387037,19.84677018],[-98.28400154,19.84669794],[-98.28410874,19.84666823],[-98.2842328,19.84657783],[-98.28438072,19.84644391],[-98.28497385,19.84578331],[-98.2848808,19.84557291],[-98.28505714,19.84491137],[-98.28529449,19.84464718],[-98.28606566,19.84444626],[-98.28639103,19.84385962],[-98.28764852,19.8432392],[-98.28830588,19.84304914],[-98.28949105,19.84283317],[-98.29008402,19.84296894],[-98.29013092,19.84265892],[-98.29042966,19.84256409],[-98.29087778,19.84212694],[-98.29095071,19.84212294],[-98.29141817,19.84244266],[-98.29146811,19.84283426],[-98.29162466,19.84276874],[-98.2918618,19.84265382],[-98.29205085,19.84254778],[-98.29217472,19.84249046],[-98.29230366,19.84244332],[-98.29248248,19.84232194],[-98.29270968,19.84218163],[-98.29288318,19.84206012],[-98.29298554,19.84201234],[-98.29312426,19.8419956],[-98.29333075,19.84183466],[-98.29345222,19.84167165],[-98.29364958,19.84145515],[-98.29370249,19.84127034],[-98.29367065,19.8410734],[-98.29356029,19.84098051],[-98.29345991,19.84087414],[-98.29326978,19.8407886],[-98.29307975,19.84068186],[-98.29289086,19.84032078],[-98.29257551,19.8399544],[-98.29239688,19.83980532],[-98.29224057,19.83967752],[-98.29206128,19.83967682],[-98.29188208,19.83965491],[-98.29177058,19.83952729],[-98.29153523,19.83953695],[-98.29128894,19.83948298],[-98.29106554,19.83932312],[-98.2908982,19.83915289],[-98.29077552,19.83902523],[-98.29037254,19.83892825],[-98.2895568,19.83841629],[-98.28806251,19.83678883],[-98.2875232,19.83633454],[-98.28768145,19.83602783],[-98.2877612,19.8357314],[-98.28797491,19.83555208],[-98.28830142,19.83520365],[-98.28848174,19.83497122],[-98.28890852,19.83475035],[-98.28936954,19.83439186],[-98.28968754,19.83411169],[-98.28980032,19.83394258],[-98.28999209,19.83365718],[-98.29025089,19.83341446],[-98.29044251,19.83316088],[-98.29048191,19.83307146],[-98.29097931,19.83291088],[-98.29118035,19.83165698],[-98.29135703,19.83160658],[-98.29158154,19.83151209],[-98.29190011,19.83143865],[-98.29847992,19.83052997],[-98.30094815,19.8297464],[-98.30127677,19.82966674],[-98.3046494,19.82556175],[-98.3057446,19.82430045],[-98.30730595,19.82268632],[-98.30878063,19.82112488],[-98.30657492,19.81791602],[-98.30712874,19.81813605],[-98.30750957,19.81833595],[-98.30831195,19.81888506],[-98.3088672,19.81925868],[-98.30991803,19.8199492],[-98.31118531,19.81857857],[-98.31287743,19.81898949],[-98.31413638,19.81927808],[-98.31532337,19.81962126],[-98.31693557,19.81704602],[-98.31732158,19.8163668],[-98.32058351,19.81528682],[-98.32274369,19.8163298],[-98.32374391,19.81683122],[-98.32391782,19.81692308],[-98.32479088,19.81740526],[-98.32587437,19.81814268],[-98.32641972,19.81794386],[-98.32796657,19.82088592],[-98.32871626,19.81971662],[-98.32972872,19.82018012],[-98.33034088,19.81981182],[-98.33061662,19.8204162],[-98.33106972,19.81991589],[-98.33217854,19.82057148],[-98.33385743,19.82240266],[-98.33532928,19.82504048],[-98.33631097,19.82433235],[-98.33680632,19.82492197],[-98.33767877,19.8257788],[-98.33903998,19.82494872],[-98.34204534,19.82324037],[-98.34315765,19.82256775],[-98.34344865,19.82252534],[-98.34327391,19.82206154],[-98.34349643,19.82132018],[-98.3438826,19.82098788],[-98.34356423,19.82071485],[-98.34403249,19.82024866],[-98.34449057,19.82015588],[-98.34269445,19.81742349],[-98.34047615,19.81425277],[-98.34021722,19.81387692],[-98.35320871,19.80672362],[-98.35340695,19.80687214],[-98.35565655,19.80573677],[-98.35654366,19.80549975],[-98.35699272,19.80529148],[-98.35708458,19.8046938],[-98.35690123,19.80392432],[-98.35675412,19.80344838],[-98.35702325,19.80335428],[-98.36072528,19.80025332],[-98.36124783,19.79989588],[-98.36299874,19.79889822],[-98.364328,19.79814366],[-98.36423055,19.79788717],[-98.36400325,19.79749357],[-98.36406262,19.79727245],[-98.36403403,19.79702043],[-98.36394628,19.7967682],[-98.36371069,19.79648746],[-98.36336942,19.79604489],[-98.36264095,19.79477146],[-98.36164237,19.79335598],[-98.36165629,19.79300588],[-98.36167411,19.79212715],[-98.36147494,19.79179888],[-98.36105845,19.79165932],[-98.36014349,19.79156371],[-98.36005677,19.79131489],[-98.36066038,19.79077035],[-98.36155625,19.79040985],[-98.36187952,19.79014217],[-98.36223434,19.78929402],[-98.36200402,19.78884589],[-98.36176226,19.78797077],[-98.36136334,19.78731195],[-98.36016218,19.78628431],[-98.36035129,19.78584446],[-98.36073615,19.78493995],[-98.36091214,19.78450006],[-98.36124269,19.7835976],[-98.36128006,19.78349595],[-98.3615476,19.78346125],[-98.36681855,19.7864058],[-98.36771785,19.7862896],[-98.36822098,19.7862354],[-98.36863483,19.78632083],[-98.36887162,19.78629368],[-98.36916845,19.78604282],[-98.36934638,19.78593148],[-98.36949452,19.78587602],[-98.36963466,19.78597148],[-98.36963894,19.78604483],[-98.36995032,19.78611622],[-98.37055826,19.78584692],[-98.37079986,19.78530951],[-98.37096851,19.78517883],[-98.37098458,19.78489365],[-98.37191191,19.78479489],[-98.37222594,19.78511078],[-98.37253057,19.78496123],[-98.37220211,19.78352],[-98.37222665,19.78322652],[-98.37211071,19.7826148],[-98.37202305,19.78233458],[-98.37172822,19.78208163],[-98.37137388,19.78191245],[-98.37110829,19.78174357],[-98.37072371,19.78174222],[-98.37028074,19.78154472],[-98.37022425,19.78143683],[-98.37021769,19.78138608],[-98.37017337,19.78121909],[-98.37031508,19.78098952],[-98.370518,19.78069577],[-98.37065069,19.78051835],[-98.37078831,19.78033809],[-98.37083705,19.78014912],[-98.37095763,19.77988746],[-98.37104042,19.77973237],[-98.3710802,19.77955145],[-98.37108617,19.77932837],[-98.37111811,19.7791142],[-98.37122797,19.77892668],[-98.37135552,19.77873132],[-98.37149734,19.77852885],[-98.37159738,19.7782808],[-98.37161146,19.77804545],[-98.37162574,19.77780272],[-98.37169988,19.77764982],[-98.37186718,19.77750651],[-98.37197826,19.77742815],[-98.37210332,19.77740905],[-98.37221077,19.77728323],[-98.3723654,19.7771442],[-98.37249685,19.7770658],[-98.37268066,19.77696417],[-98.37283862,19.77686192],[-98.37304658,19.77685278],[-98.37388132,19.77624368],[-98.37386563,19.77692828],[-98.37421778,19.77693671],[-98.37452257,19.77689245],[-98.37471085,19.77683803],[-98.37493182,19.77672546],[-98.37510031,19.776538],[-98.37521235,19.77642282],[-98.37537868,19.77631632],[-98.37553466,19.77630532],[-98.37578263,19.77634808],[-98.37587622,19.77637888],[-98.37611935,19.77641618],[-98.37632009,19.776379],[-98.37663397,19.77626051],[-98.37700471,19.77609088],[-98.37722651,19.77609617],[-98.37740198,19.77617388],[-98.3776016,19.77617865],[-98.37794315,19.77627082],[-98.37840642,19.77637638],[-98.37879205,19.77648011],[-98.37918018,19.77648938],[-98.37944858,19.7764118],[-98.37959585,19.77629983],[-98.37968903,19.77613405],[-98.379843,19.77577023],[-98.38001886,19.77541745],[-98.38029706,19.77497258],[-98.38061932,19.77453929],[-98.38102034,19.77406588],[-98.38144409,19.773572],[-98.38178023,19.77303403],[-98.38214303,19.77232871],[-98.38240435,19.77168395],[-98.38254862,19.77125592],[-98.38278018,19.77119835],[-98.38298971,19.77112483],[-98.38343566,19.77077989],[-98.38369806,19.77055806],[-98.3840392,19.77026226],[-98.3845368,19.77009074],[-98.38477152,19.77026478],[-98.3851628,19.77053835],[-98.38547674,19.77051469],[-98.38558078,19.77066354],[-98.38565831,19.77091128],[-98.386259,19.77113608],[-98.38665103,19.77121166],[-98.38693977,19.77094043],[-98.38730763,19.77049622],[-98.38757115,19.7699774],[-98.38767729,19.7695818],[-98.38780975,19.76913678],[-98.38796772,19.76886509],[-98.38823095,19.76842052],[-98.38870305,19.76807566],[-98.38899178,19.76780442],[-98.389152,19.76693878],[-98.38925926,19.7662462],[-98.38945657,19.76596868],[-98.38992855,19.76564855],[-98.39056689,19.76537772],[-98.39108294,19.76516229],[-98.391198,19.76486857],[-98.39399369,19.76480106],[-98.39413809,19.76396285],[-98.39415846,19.76390485],[-98.39398851,19.76335391],[-98.39356575,19.76300972],[-98.392573,19.76265231],[-98.39259135,19.76261594],[-98.39290863,19.76213283],[-98.39321157,19.76150385],[-98.39356411,19.76096797],[-98.39414528,19.76001205],[-98.39439448,19.75963108],[-98.39509854,19.75840426],[-98.39464117,19.75689798],[-98.39550738,19.75670617],[-98.39662483,19.75638491],[-98.39720114,19.75622715],[-98.39804642,19.75625466],[-98.40059785,19.75569371],[-98.40072926,19.75558257],[-98.40092572,19.75526642],[-98.40140246,19.75460798],[-98.40179578,19.75387008],[-98.40210572,19.75305268],[-98.40188374,19.75301011],[-98.40394055,19.75005138],[-98.40394006,19.74998489],[-98.40420737,19.74887526],[-98.4026794,19.74388232],[-98.40466108,19.74306928],[-98.40771994,19.74171048],[-98.41029686,19.74027398],[-98.41162646,19.73928968],[-98.41376686,19.73764295],[-98.41535586,19.7368292],[-98.41544203,19.73661409],[-98.41578466,19.73631905],[-98.41799655,19.73542825],[-98.42105842,19.73471471],[-98.42497149,19.73360192],[-98.42591162,19.73283828],[-98.42607374,19.73259094],[-98.42633663,19.73234394],[-98.43680722,19.72356677],[-98.44309874,19.71954615],[-98.43840491,19.71628223],[-98.43721655,19.71533532],[-98.437505169,19.71508338],[-98.43752389,19.71503552],[-98.43754775,19.71497885],[-98.43759317,19.71485355],[-98.437625237,19.714728656],[-98.43763842,19.71467731],[-98.43763037,19.71449975],[-98.43756692,19.71431069],[-98.43753845,19.714249815],[-98.437477829,19.7141202],[-98.437412753,19.714027033],[-98.43736026,19.71395188],[-98.43723206,19.71384294],[-98.437169261,19.713801918],[-98.437044849,19.71372065],[-98.436911518,19.713648352],[-98.43674894,19.7135602],[-98.43649798,19.71342412],[-98.435802051,19.713093137],[-98.43527925,19.71284449],[-98.434838219,19.71272834],[-98.434366279,19.71239722],[-98.43492925,19.71189252],[-98.435091,19.71175106],[-98.43525798,19.7116022],[-98.43534218,19.71144995],[-98.43538615,19.71127998],[-98.43547985,19.71108806],[-98.43562245,19.71095806],[-98.43580726,19.7108446],[-98.435839764,19.710809575],[-98.435957059,19.71068318],[-98.436056119,19.71048071],[-98.43617448,19.71032768],[-98.43658785,19.70995262],[-98.43678814,19.70973222],[-98.43696698,19.70944771],[-98.43721618,19.70924354],[-98.43740157,19.70894806],[-98.43762849,19.70875369],[-98.43786115,19.70857202],[-98.43811845,19.70830905],[-98.43828775,19.70818058],[-98.43835249,19.70811969],[-98.43842209,19.70805511],[-98.43837212,19.70801075],[-98.43864137,19.70777251],[-98.43880145,19.70762777],[-98.438978949,19.70761241],[-98.43903685,19.7076074],[-98.43976777,19.70735812],[-98.44006748,19.70666652],[-98.441093139,19.705852],[-98.441290379,19.705883243],[-98.44132369,19.70588852],[-98.441881709,19.70498066],[-98.4420202,19.70493522],[-98.442089998,19.704080837],[-98.442096211,19.704004789],[-98.4421596,19.70322886],[-98.442184169,19.70299117],[-98.44218606,19.702918461],[-98.442210273,19.702678057],[-98.442219666,19.7025848],[-98.44222675,19.702514484],[-98.442313995,19.701648281],[-98.442323997,19.701548973],[-98.442361309,19.70117851],[-98.442308319,19.701132621],[-98.44121435,19.70018491],[-98.44066669,19.69953831],[-98.44062085,19.69949286],[-98.43901006,19.69785712],[-98.4389274,19.69779249],[-98.438338565,19.697111311],[-98.43816318,19.69690842],[-98.43818612,19.69686845],[-98.43813689,19.6968154],[-98.43775748,19.69641083],[-98.43742557,19.696050112],[-98.437379988,19.696000573],[-98.43730735,19.69592163],[-98.437103686,19.695860604],[-98.43692997,19.69580855],[-98.43665226,19.69570289],[-98.43623372,19.69554789],[-98.43601872,19.69547557],[-98.43576354,19.69536689],[-98.43568586,19.69533568],[-98.43565363,19.69539683],[-98.43563585,19.69538986],[-98.43556237,19.69536103],[-98.43534591,19.69527368],[-98.43502578,19.69514777],[-98.43491545,19.69511749],[-98.43423331,19.69492938],[-98.43410852,19.69492498],[-98.43394334,19.69493726],[-98.4339018,19.69494003],[-98.43383135,19.69494902],[-98.43365398,19.69497894],[-98.43355837,19.69499478],[-98.43340522,19.695035],[-98.4333296,19.69504862],[-98.43317983,19.69507694],[-98.43300623,19.69511026],[-98.43288815,19.69512937],[-98.43260071,19.69518158],[-98.43246826,19.69520931],[-98.43232502,19.69523835],[-98.43223358,19.69525832],[-98.43206575,19.69529035],[-98.43202832,19.69529994],[-98.43178691,19.69534815],[-98.43172352,19.69536143],[-98.43160157,19.6953876],[-98.43158048,19.69545597],[-98.43157702,19.6954672],[-98.431527512,19.695475964],[-98.430662379,19.695629119],[-98.42970306,19.69579894],[-98.42963563,19.69581014],[-98.42765051,19.69622437],[-98.42756618,19.69623558],[-98.42573695,19.69659115],[-98.42569648,19.69660843],[-98.42373709,19.69701555],[-98.42179022,19.69733638],[-98.42022005,19.6975964],[-98.42015602,19.69760326],[-98.4184436,19.6978722],[-98.41829654,19.69788391],[-98.41772323,19.69792458],[-98.41684091,19.69800752],[-98.416282217,19.698107128],[-98.41515566,19.698307971],[-98.41515803,19.69822649],[-98.415176441,19.698202117],[-98.41519351,19.69817952],[-98.415344659,19.697474808],[-98.415374404,19.697336122],[-98.415428235,19.697085141],[-98.41553638,19.69658092],[-98.415548049,19.696535776],[-98.41576171,19.69570912],[-98.415723544,19.695714056],[-98.415680516,19.695719622],[-98.415529822,19.695739112],[-98.41534003,19.69576366],[-98.41505312,19.69580614],[-98.41478429,19.69589362],[-98.41432928,19.69605934],[-98.414318123,19.696066693],[-98.41424854,19.69611255],[-98.41421512,19.69616412],[-98.41417989,19.69624214],[-98.41316295,19.69602715],[-98.41231851,19.69579111],[-98.41162317,19.69562765],[-98.41092846,19.69542394],[-98.40973769,19.6951276],[-98.40963838,19.69512365],[-98.40942922,19.69508371],[-98.40689362,19.69448378],[-98.40672463,19.69446157],[-98.40674609,19.6938752],[-98.40670534,19.69378091],[-98.40674668,19.6932138],[-98.4067944,19.69269726],[-98.40695397,19.69203291],[-98.40715211,19.69176697],[-98.40715029,19.69172489],[-98.40727217,19.69152954],[-98.40742112,19.69020068],[-98.40744902,19.69005063],[-98.40715506,19.68962198],[-98.40689154,19.68900475],[-98.40621734,19.68876543],[-98.40563074,19.68817378],[-98.40439043,19.68748623],[-98.40401488,19.68707938],[-98.40400274,19.68676486],[-98.40360349,19.68590918],[-98.40345097,19.68492874],[-98.40371011,19.68360571],[-98.40359492,19.68343563],[-98.40343378,19.68317098],[-98.40328152,19.68292295],[-98.40257478,19.68222277],[-98.40151,19.68147392],[-98.40117437,19.68112268],[-98.40045452,19.68059651],[-98.40039834,19.68049822],[-98.40032697,19.68031218],[-98.40030985,19.68003709],[-98.40024371,19.67989137],[-98.39999306,19.67884514],[-98.39984705,19.67817505],[-98.3995572,19.67802723],[-98.39951857,19.67786238],[-98.39954306,19.67748889],[-98.39943763,19.67737715],[-98.3989588,19.67713422],[-98.39882483,19.6767276],[-98.39884375,19.67664437],[-98.39905305,19.67642726],[-98.39902957,19.67628328],[-98.39899705,19.67608143],[-98.39900965,19.67597928],[-98.3991298,19.67572097],[-98.39923577,19.67555537],[-98.39935929,19.6752238],[-98.39965955,19.67462435],[-98.39984886,19.67399969],[-98.39999983,19.67371857],[-98.40016405,19.67353895],[-98.40082282,19.67284388],[-98.40111049,19.67246689],[-98.40213172,19.67221265],[-98.40259855,19.67153217],[-98.4026474,19.67104026],[-98.40266431,19.67086634],[-98.40299817,19.67016358],[-98.40339782,19.6687594],[-98.40348398,19.66871611],[-98.40451048,19.66842706],[-98.40514911,19.66838083],[-98.40521108,19.66829538],[-98.40537842,19.6680732],[-98.40541638,19.6674894],[-98.40569829,19.66670134],[-98.40639802,19.66597191],[-98.40668152,19.66590442],[-98.40681005,19.66591248],[-98.40796948,19.66576834],[-98.41118729,19.66543462],[-98.41279234,19.66386862],[-98.41318086,19.66346985],[-98.4134282,19.66322663],[-98.41563277,19.66103083],[-98.41631186,19.66036792],[-98.4163978,19.66028452],[-98.41808046,19.65867826],[-98.42162243,19.65554375],[-98.42340469,19.65382485],[-98.42364578,19.65362123],[-98.42440951,19.65320369],[-98.42639314,19.65219252],[-98.42786049,19.6514074],[-98.42789408,19.65137532],[-98.42868842,19.65094757],[-98.42913534,19.65071738],[-98.42947243,19.65021645],[-98.42968602,19.64998552],[-98.43090266,19.64903282],[-98.43207355,19.64814291],[-98.43337006,19.64711029],[-98.43482506,19.6459838],[-98.43519669,19.64569782],[-98.43602672,19.64476517],[-98.4360422,19.64470726],[-98.4350782,19.64392128],[-98.43242298,19.64178745],[-98.43224954,19.64201772],[-98.43085525,19.6436776],[-98.43018318,19.64447314],[-98.42809812,19.64502362],[-98.42804612,19.64503643],[-98.42465142,19.64592009],[-98.42176423,19.64662578],[-98.41982702,19.64715175],[-98.41981788,19.64719552],[-98.41954197,19.64716322],[-98.41921491,19.64708069],[-98.41915235,19.64708248],[-98.41685738,19.64653865],[-98.41577809,19.64627802],[-98.41457251,19.6460034],[-98.41414692,19.64590908],[-98.41228922,19.64544152],[-98.41205471,19.64540046],[-98.40967415,19.64485402],[-98.40961492,19.64483806],[-98.40775394,19.64438509],[-98.40688348,19.64413552],[-98.40417966,19.64367783],[-98.40414825,19.64367822],[-98.40380308,19.64413318],[-98.4030644,19.64423762],[-98.40205492,19.64436563],[-98.40181334,19.64411043],[-98.40134606,19.64361234],[-98.40086426,19.6430962],[-98.40011726,19.64275949],[-98.39943525,19.6424482],[-98.3992646,19.64221409],[-98.39910415,19.64128555],[-98.39899477,19.6404286],[-98.39892565,19.64030054],[-98.39792463,19.63939232],[-98.39644817,19.63797038],[-98.39637262,19.63793243],[-98.39587429,19.63762529],[-98.39501651,19.63707842],[-98.39353986,19.63829462],[-98.39338938,19.63797115],[-98.3935026,19.63752985],[-98.39379738,19.63711371],[-98.39430694,19.63665178],[-98.39430494,19.63658978],[-98.39353251,19.63615663],[-98.39281123,19.63565457],[-98.38939545,19.63354049],[-98.38930665,19.63348243],[-98.38925205,19.63560595],[-98.38917305,19.63554511],[-98.38810646,19.63476431],[-98.38841535,19.63427369],[-98.38716546,19.63326586],[-98.38692463,19.63306766],[-98.386064627,19.632380446],[-98.38545015,19.63188942],[-98.385424632,19.631921465],[-98.38484057,19.63265491],[-98.38473903,19.63258238],[-98.38387995,19.63198931],[-98.38316891,19.63148345],[-98.38297932,19.63140288],[-98.38138545,19.63257198],[-98.38115246,19.63273515],[-98.38010038,19.6334852],[-98.37882668,19.63443045],[-98.37811805,19.63492623],[-98.37660152,19.63602572],[-98.37573398,19.63670588],[-98.37507095,19.63605022],[-98.37437445,19.63534672],[-98.37263383,19.63366049],[-98.37189065,19.63292011],[-98.37081005,19.63192603],[-98.36983554,19.6309702],[-98.36838982,19.62962149],[-98.3670108,19.62820949],[-98.36987897,19.62452757],[-98.38169685,19.60936186],[-98.409564349,19.616688431],[-98.412666539,19.61749909],[-98.416434169,19.61677111],[-98.41679397,19.616702741],[-98.42931371,19.614286091],[-98.42958882,19.614228851],[-98.430091939,19.61414509],[-98.430684539,19.61421525],[-98.431312709,19.61429722],[-98.43191711,19.61437545],[-98.432834489,19.61446757],[-98.43385643,19.614598351],[-98.435167229,19.61437863],[-98.43657195,19.61452226],[-98.43799017,19.61444503],[-98.43878355,19.61432592],[-98.439255979,19.61402211],[-98.43979623,19.613717661],[-98.44045452,19.61369662],[-98.440739739,19.61362085],[-98.44094355,19.61351912],[-98.441413059,19.61284365],[-98.441461719,19.612718491],[-98.441423649,19.612580571],[-98.442387919,19.612771521],[-98.443256379,19.61290131],[-98.44321223,19.61378878],[-98.44329268,19.61420838],[-98.443372319,19.61436051],[-98.443423829,19.6145668],[-98.443500979,19.61482602],[-98.443614779,19.615063151],[-98.44372849,19.61534205],[-98.443830629,19.61551962],[-98.44403918,19.615681941],[-98.44433945,19.61573969],[-98.444681649,19.615796111],[-98.444987029,19.61583218],[-98.44513655,19.61586549],[-98.4453054,19.616019081],[-98.445386709,19.616058091],[-98.445433569,19.616157261],[-98.445492049,19.61626406],[-98.445599109,19.616430021],[-98.445695049,19.616595691],[-98.445808509,19.61673015],[-98.44604134,19.616772521],[-98.446260419,19.61672418],[-98.446383879,19.616664461],[-98.44648757,19.616561421],[-98.44656655,19.61647097],[-98.446678169,19.616319061],[-98.446828549,19.61630054],[-98.44703892,19.616320171],[-98.447249369,19.616320821],[-98.447549939,19.616340721],[-98.44779026,19.616398401],[-98.44795731,19.61644038],[-98.44810202,19.616453601],[-98.4483118,19.61648794],[-98.448549779,19.616500061],[-98.448822749,19.61654214],[-98.44904095,19.616603221],[-98.449201319,19.61667048],[-98.449337449,19.616776371],[-98.449497659,19.61695677],[-98.44960986,19.617148371],[-98.44972225,19.61737225],[-98.449806339,19.61756223],[-98.449927249,19.617715911],[-98.450100949,19.61789392],[-98.450385369,19.61802963],[-98.450705849,19.61808757],[-98.45096643,19.618078881],[-98.45117054,19.61807435],[-98.45139712,19.61803695],[-98.45174317,19.61798177],[-98.451986979,19.61796229],[-98.45229649,19.61794248],[-98.452517369,19.61793545],[-98.45276491,19.617983431],[-98.453015519,19.61805608],[-98.453190879,19.61816157],[-98.453320949,19.61821892],[-98.45371157,19.61828654],[-98.454098309,19.61830598],[-98.45420868,19.61826835],[-98.454349179,19.618202321],[-98.45447966,19.61814577],[-98.454580179,19.618051151],[-98.454650719,19.61793746],[-98.45473115,19.617861771],[-98.454791719,19.61772908],[-98.45484218,19.61762482],[-98.454906319,19.61756335],[-98.45497497,19.617504221],[-98.455070889,19.61740705],[-98.45515448,19.61733445],[-98.45524155,19.61723983],[-98.45534477,19.61717071],[-98.45547532,19.617085681],[-98.45563577,19.617057691],[-98.45580625,19.617020251],[-98.455966599,19.61702072],[-98.45630712,19.61707871],[-98.456376889,19.617098551],[-98.45655128,19.617155181],[-98.45666135,19.6171928],[-98.45681758,19.61723588],[-98.457011379,19.617257941],[-98.457221109,19.61720154],[-98.457362709,19.617095351],[-98.457491569,19.61697218],[-98.45756937,19.616817971],[-98.457698579,19.616696431],[-98.45785688,19.616523721],[-98.458038309,19.616389541],[-98.458298429,19.616198721],[-98.45873317,19.61592243],[-98.458844999,19.616018551],[-98.45894837,19.61605809],[-98.459155179,19.61611754],[-98.459382949,19.6160986],[-98.45946583,19.61607925],[-98.45959031,19.616001181],[-98.45979757,19.615923371],[-98.46000434,19.61600243],[-98.460169549,19.616120571],[-98.46037669,19.61608198],[-98.46045989,19.615964581],[-98.460522519,19.61580789],[-98.460668479,19.6154946],[-98.46081403,19.615298951],[-98.46100128,19.61502498],[-98.46105589,19.61473712],[-98.46125171,19.614417881],[-98.46156628,19.61432289],[-98.46185211,19.61440006],[-98.461976179,19.61443966],[-98.46216223,19.61451865],[-98.46240045,19.614567311],[-98.46258089,19.6145272],[-98.4629256,19.61438225],[-98.46330132,19.614172971],[-98.463599179,19.61410985],[-98.46383623,19.61416989],[-98.464015319,19.61424417],[-98.464134619,19.61440271],[-98.464259709,19.61465485],[-98.46438805,19.61478245],[-98.46459608,19.61489831],[-98.46478252,19.61485965],[-98.464969029,19.61480138],[-98.465217829,19.614684461],[-98.46548714,19.61462645],[-98.46569403,19.61466628],[-98.465879889,19.61480409],[-98.466003709,19.614922111],[-98.46608683,19.61482431],[-98.466066849,19.61460855],[-98.46615037,19.614393111],[-98.46625485,19.61409929],[-98.46650442,19.613747081],[-98.46675297,19.6137086],[-98.467202109,19.61380271],[-98.467393859,19.6139654],[-98.46757952,19.614162031],[-98.467771,19.61430854],[-98.467984339,19.614309711],[-98.46823886,19.614335321],[-98.468577249,19.614306461],[-98.468926169,19.61439317],[-98.46923089,19.614460711],[-98.46950854,19.614588061],[-98.46970595,19.614829891],[-98.46991203,19.614849],[-98.47014072,19.614773281],[-98.470410549,19.61466512],[-98.471041259,19.61482908],[-98.47135071,19.61515525],[-98.471562879,19.61516862],[-98.472038599,19.615080971],[-98.472599769,19.61510165],[-98.47319243,19.615145851],[-98.473524319,19.61534345],[-98.4736796,19.615544521],[-98.47392822,19.615550321],[-98.474231019,19.61565811],[-98.474726889,19.61595369],[-98.4753468,19.61630843],[-98.47542923,19.61642632],[-98.47582178,19.61666277],[-98.47670992,19.617292831],[-98.47706109,19.61752915],[-98.477971079,19.61780631],[-98.478517689,19.61800283],[-98.478856949,19.618023031],[-98.479203349,19.617771941],[-98.47934765,19.61761075],[-98.47959285,19.61752312],[-98.47982411,19.617475081],[-98.48009883,19.61750011],[-98.48022992,19.617500491],[-98.48045843,19.61755234],[-98.480634629,19.617659601],[-98.480804999,19.61770042],[-98.48099186,19.61775089],[-98.481158429,19.61784163],[-98.48143049,19.617893491],[-98.48174075,19.61797057],[-98.48204658,19.61801457],[-98.482375459,19.61810985],[-98.48250489,19.61816235],[-98.483135029,19.61851409],[-98.483771629,19.61877622],[-98.48454055,19.61814762],[-98.48477035,19.61808749],[-98.485144539,19.617953251],[-98.48553412,19.617933521],[-98.485671979,19.617939571],[-98.486022719,19.61797365],[-98.48622217,19.617963651],[-98.486309879,19.61796749],[-98.48633069,19.617958201],[-98.48647705,19.61795086],[-98.48690568,19.617714721],[-98.487387649,19.61751058],[-98.48750626,19.617513341],[-98.4875348,19.617559401],[-98.487574059,19.61765348],[-98.487542619,19.61816623],[-98.48785417,19.61791298],[-98.48996574,19.61976318],[-98.49019543,19.61995332],[-98.490192619,19.61983142],[-98.490085369,19.61811202],[-98.490127829,19.617855091],[-98.49018428,19.61752482],[-98.490682889,19.616341491],[-98.49113791,19.615880541],[-98.491940949,19.61498772],[-98.492298629,19.61458369],[-98.49232629,19.614541581],[-98.49239338,19.614412381],[-98.49270408,19.61383726],[-98.49251635,19.613559431],[-98.49214508,19.61281174],[-98.49166783,19.61182858],[-98.491216649,19.61084369],[-98.49089355,19.610164311],[-98.49089108,19.61005251],[-98.49093149,19.60978532],[-98.490934459,19.60912391],[-98.49096743,19.60834849],[-98.49103768,19.608223281],[-98.49148375,19.607698891],[-98.491585019,19.607565941],[-98.491613849,19.60736783],[-98.49540009,19.60746709],[-98.49570103,19.60744302],[-98.49879449,19.60576691],[-98.49865168,19.60559602],[-98.49903358,19.60523142],[-98.49926574,19.60544194],[-98.50036669,19.60465883],[-98.50040572,19.60462466],[-98.5007042,19.60439949],[-98.5005898,19.60399697],[-98.50157925,19.60369629],[-98.5015404,19.60355025],[-98.50243089,19.6035186],[-98.50231582,19.60320215],[-98.50359442,19.60325929],[-98.50414602,19.60335383],[-98.50505766,19.60340495],[-98.50554329,19.60341408],[-98.50609891,19.60329858],[-98.50731674,19.60290763],[-98.50739394,19.60279111],[-98.50824708,19.60273046],[-98.5085806,19.60283151],[-98.5095254,19.60330062],[-98.50972085,19.60340298],[-98.51050346,19.6036988],[-98.51176095,19.60398415],[-98.51436715,19.60391708],[-98.51442208,19.60397275],[-98.51538458,19.60370625],[-98.51647812,19.60341195],[-98.51768108,19.60306329],[-98.51774485,19.60293478],[-98.51792017,19.60297509],[-98.51800625,19.60329848],[-98.51859643,19.60279846],[-98.51907297,19.60237686],[-98.5192388,19.60239929],[-98.51982895,19.60306549],[-98.52150518,19.60569472],[-98.52152229,19.60573975],[-98.52243588,19.60734708],[-98.52340772,19.60839011],[-98.52343989,19.60842111],[-98.52605288,19.61115882],[-98.5269326,19.61241323],[-98.52826302,19.61431557],[-98.52832745,19.61452977],[-98.52833575,19.61455743],[-98.52803395,19.61479782],[-98.52761743,19.61571815],[-98.52739562,19.61603442],[-98.52634705,19.61761205],[-98.52575848,19.61851065],[-98.52568631,19.6186368],[-98.52578325,19.61894878],[-98.52595337,19.61943792],[-98.52646114,19.62015329],[-98.52675485,19.62033377],[-98.52712108,19.62073222],[-98.52743663,19.62138028],[-98.52767845,19.62218995],[-98.52787198,19.62281458],[-98.52808874,19.62384709],[-98.52876614,19.62477083],[-98.52888018,19.6249246],[-98.53557578,19.63441888],[-98.53462482,19.63544845],[-98.53382645,19.6361688],[-98.53364034,19.63635352],[-98.53317618,19.63677232],[-98.53277251,19.63723065],[-98.53248915,19.63767078],[-98.53207565,19.63823677],[-98.53153086,19.63897155],[-98.53099491,19.63966575],[-98.53098531,19.63983749],[-98.53089326,19.63995309],[-98.5309276,19.64003443],[-98.5309234,19.64016188],[-98.52963969,19.64145011],[-98.52733206,19.6439048],[-98.52490855,19.64662149],[-98.52458746,19.64695817],[-98.52459338,19.64700452],[-98.52465463,19.64719902],[-98.52497175,19.64857903],[-98.52533775,19.64991352],[-98.52565417,19.65124071],[-98.52583554,19.65195502],[-98.52586985,19.65204712],[-98.52608102,19.65295105],[-98.52627609,19.65375728],[-98.52649466,19.65464978],[-98.52668831,19.65547897],[-98.52670928,19.65557328],[-98.52688326,19.65630242],[-98.527067,19.65700485],[-98.52721534,19.65755126],[-98.52733875,19.65806463],[-98.52761615,19.65914932],[-98.52791312,19.66021578],[-98.52809083,19.66093692],[-98.52814725,19.66101732],[-98.53278471,19.66514769],[-98.53630466,19.66914162],[-98.53752469,19.67050451],[-98.53846546,19.67152851],[-98.53967582,19.67289708],[-98.542172,19.67574183],[-98.54199095,19.67576429],[-98.54199865,19.67602158],[-98.54469315,19.67816017],[-98.54814618,19.68083406],[-98.55092055,19.683153],[-98.55221563,19.68423369],[-98.55388728,19.68549538],[-98.55682222,19.68785535],[-98.55847342,19.68914478],[-98.55854202,19.68920458],[-98.55865491,19.68926746],[-98.55947958,19.68974991],[-98.55974268,19.68997658],[-98.55999111,19.69018],[-98.56019598,19.69101483],[-98.56058209,19.6923848],[-98.5604488,19.69245698],[-98.55485585,19.69519795],[-98.55436732,19.69550657],[-98.55401297,19.69586902],[-98.55348355,19.69634228],[-98.553158,19.69690703],[-98.55277314,19.69764115],[-98.55282389,19.6984138],[-98.55284042,19.69936368],[-98.55254658,19.69985512],[-98.55254423,19.70037758],[-98.55220157,19.70062518],[-98.55178937,19.70166528],[-98.55157737,19.70215377],[-98.55193665,19.70270774],[-98.5521728,19.70334532],[-98.55227777,19.70357863],[-98.55241862,19.70371297],[-98.55266125,19.70399329],[-98.55303694,19.70435332],[-98.55362182,19.70480391],[-98.55372388,19.70488283],[-98.55359388,19.70499368],[-98.55289078,19.70558975],[-98.5527004,19.70575522],[-98.55263429,19.70585228],[-98.55263268,19.70591615],[-98.55280392,19.70611723],[-98.55328194,19.70706691],[-98.5534296,19.70728992],[-98.55380622,19.70815462],[-98.55390374,19.70826146],[-98.55396969,19.70827803],[-98.55406972,19.70830968],[-98.55414646,19.70836805],[-98.5539484,19.70936222],[-98.55400671,19.70945558],[-98.55402866,19.70949591],[-98.55409662,19.70952822],[-98.55418818,19.70953571],[-98.55429352,19.70952725],[-98.55435895,19.70951065],[-98.55443934,19.70952428],[-98.55461726,19.70960057],[-98.55483974,19.70974491],[-98.5550062,19.70984157],[-98.55528165,19.7100464],[-98.55551391,19.71023434],[-98.55561794,19.71024192],[-98.55572869,19.71025518],[-98.55579925,19.71026711],[-98.555886,19.71028458],[-98.55620455,19.71040663],[-98.55604243,19.71093728],[-98.55583577,19.71157811],[-98.55563275,19.71224391],[-98.55536914,19.71310523],[-98.55519782,19.71364628],[-98.55502491,19.71420891],[-98.55475026,19.71509442],[-98.55464957,19.71541568],[-98.55438043,19.71567291],[-98.55378389,19.71740725],[-98.55352758,19.71815552],[-98.55317015,19.71915394],[-98.55251352,19.72088009],[-98.55237952,19.72084171],[-98.5510042,19.72018043],[-98.54981912,19.71960555],[-98.54879362,19.71911234],[-98.54786652,19.71864685],[-98.54486932,19.71720034],[-98.5437952,19.71666603],[-98.54308617,19.71630994],[-98.54227263,19.71591152],[-98.54161928,19.71578326],[-98.53951502,19.71489438],[-98.53852522,19.71447528],[-98.53747085,19.71400411],[-98.53705474,19.713833],[-98.53610138,19.71364545],[-98.53566415,19.71355032],[-98.535661011,19.713549605],[-98.53561323,19.71353871],[-98.53549174,19.71351786],[-98.53543082,19.71351288],[-98.535265079,19.713481917],[-98.53514043,19.71345863],[-98.535137925,19.713460383],[-98.53510748,19.71348169],[-98.53508712,19.71369103],[-98.535072248,19.713715235],[-98.53499572,19.7138398],[-98.534749878,19.714861624],[-98.534642308,19.715308729],[-98.53427349,19.71684166],[-98.53391495,19.71908557],[-98.53409115,19.72046448],[-98.53459335,19.72121898],[-98.53505837,19.72231723],[-98.53496325,19.72284452],[-98.53460202,19.72367362],[-98.53505971,19.72472685],[-98.53559652,19.72562485],[-98.53615743,19.72656157],[-98.53635186,19.72848532],[-98.53642998,19.7286338],[-98.53632757,19.7288658],[-98.53655032,19.72959075],[-98.53645318,19.72972562],[-98.53612298,19.73117345],[-98.53549143,19.73387946],[-98.53577628,19.73787229],[-98.53574582,19.73794686],[-98.53582998,19.73851551],[-98.53605645,19.73894715],[-98.53610122,19.73937974],[-98.53700078,19.74109269],[-98.53844963,19.74262128],[-98.53911674,19.74399312],[-98.5392326,19.74440763],[-98.53933871,19.74651871],[-98.53884609,19.74737932],[-98.5388224,19.74743157],[-98.53801748,19.74848465],[-98.53502871,19.75062902],[-98.53508345,19.7506978],[-98.53481934,19.75093871],[-98.53463285,19.75150268],[-98.53420642,19.75176618],[-98.53456357,19.75201038],[-98.53453558,19.75204811],[-98.53448977,19.75208423],[-98.53442754,19.75210406],[-98.53433205,19.75210718],[-98.53422657,19.75206228],[-98.53413778,19.75202308],[-98.5340084,19.75203605],[-98.53392906,19.75206609],[-98.53385452,19.75212812],[-98.53378506,19.75221149],[-98.53374843,19.75232749],[-98.53370782,19.75237966],[-98.53365132,19.75239431],[-98.53358457,19.75237154],[-98.53354652,19.75232286],[-98.53352517,19.75227989],[-98.53348058,19.75226825],[-98.53338469,19.75228731],[-98.53320089,19.75245303],[-98.53263265,19.75294983],[-98.53242283,19.75310717],[-98.53215851,19.75328085],[-98.53193488,19.75342708],[-98.53179138,19.75356568],[-98.53170857,19.75367729],[-98.53162214,19.75393071],[-98.53155665,19.75414677],[-98.53140028,19.75439858],[-98.53122537,19.75459322],[-98.53090989,19.75481302],[-98.53051448,19.75503098],[-98.53007912,19.75524803],[-98.52963111,19.75556883],[-98.52903106,19.75597129],[-98.52845195,19.75633638],[-98.52821711,19.75652965],[-98.52806437,19.75663965],[-98.5278412,19.75676697],[-98.52761046,19.75679951],[-98.52715043,19.75680788],[-98.52606605,19.75679895],[-98.5256724,19.75680389],[-98.52531377,19.75678635],[-98.52508308,19.75676709],[-98.5249808,19.75672751],[-98.52487438,19.75664558],[-98.52463128,19.75680628],[-98.52415631,19.75697466],[-98.52251174,19.75730355],[-98.52246815,19.7573108],[-98.521325,19.75751546],[-98.52117778,19.75755969],[-98.51919183,19.75801155],[-98.51900697,19.75800118],[-98.51903023,19.75820312],[-98.51877234,19.75822309],[-98.51858534,19.75825508],[-98.51836963,19.75833822],[-98.51815208,19.75849385],[-98.51790463,19.75874726],[-98.51764249,19.75905451],[-98.51740305,19.75920965],[-98.51716642,19.75946849],[-98.51691402,19.75970106],[-98.51675785,19.75981148],[-98.51655645,19.75997785],[-98.51641629,19.76010417],[-98.51633208,19.76018515],[-98.51628175,19.76022545],[-98.51621528,19.76025502],[-98.51612758,19.76025817],[-98.51605723,19.76022546],[-98.51600931,19.76017254],[-98.51597298,19.76009397],[-98.51595843,19.76002109],[-98.51591705,19.7598536],[-98.51594025,19.759668],[-98.5160012,19.75944838],[-98.51604883,19.75926918],[-98.51606603,19.75907765],[-98.51604505,19.75893757],[-98.51598542,19.7588664],[-98.51579648,19.75880389],[-98.51527668,19.7588856],[-98.51498589,19.75896034],[-98.51479442,19.75899665],[-98.51431708,19.75904362],[-98.51415546,19.75869923],[-98.51168575,19.75928255],[-98.51148532,19.75932749],[-98.50612854,19.76059165],[-98.50380172,19.76111188],[-98.50386998,19.76122392],[-98.50342738,19.76184651],[-98.50338342,19.76260366],[-98.50348804,19.762812023],[-98.50349895,19.76283375],[-98.5035154,19.76291191],[-98.503590301,19.763102425],[-98.503619,19.76317542],[-98.503638598,19.763223173],[-98.503780533,19.763569024],[-98.50381374,19.76364994],[-98.50344412,19.76380462],[-98.503081083,19.763943929],[-98.502965826,19.763988156],[-98.50291458,19.76400782],[-98.5028014,19.76384852],[-98.50269428,19.76372202],[-98.502532,19.76359423],[-98.50238268,19.7634994],[-98.50213126,19.76334997],[-98.50189971,19.76323365],[-98.50158591,19.76309583],[-98.50133468,19.76293988],[-98.50107923,19.76267938],[-98.50090014,19.76240106],[-98.50081286,19.76204],[-98.50079702,19.76178995],[-98.50065011,19.76176688],[-98.50035488,19.76186038],[-98.50009392,19.76228988],[-98.49999752,19.76246954],[-98.49975618,19.762465],[-98.49838331,19.76337058],[-98.49741525,19.76433215],[-98.49738897,19.76434523],[-98.49683135,19.76412603],[-98.49681431,19.76414385],[-98.49608237,19.76514758],[-98.49541891,19.7655238],[-98.49524592,19.76741028],[-98.49507529,19.76889509],[-98.49478669,19.77108731],[-98.49476266,19.77110932],[-98.4944824,19.77115449],[-98.49378702,19.77128872],[-98.49186785,19.771497],[-98.49061718,19.77280342],[-98.48876258,19.77528708],[-98.48875246,19.7761936],[-98.48687086,19.77726682],[-98.48657488,19.77742371],[-98.48462734,19.77863129],[-98.48181446,19.78048691],[-98.48005774,19.78182488],[-98.47769143,19.78350578],[-98.47531037,19.7851986],[-98.47479362,19.78545529],[-98.47441969,19.78563082],[-98.47419565,19.78564192],[-98.47405895,19.78558266],[-98.47369848,19.78545208],[-98.47335029,19.78536863],[-98.47307654,19.78535605],[-98.47259115,19.78536638],[-98.47223288,19.78545158],[-98.47197154,19.7854508],[-98.47173535,19.78536769],[-98.47141186,19.78534318],[-98.47103848,19.78535385],[-98.47092629,19.7854124],[-98.47057772,19.78544669],[-98.47037832,19.78552852],[-98.47009197,19.785563],[-98.46884855,19.78692666],[-98.46861275,19.78716068],[-98.46829243,19.78713498],[-98.46742037,19.78667566],[-98.46672929,19.78671531],[-98.46668066,19.78706629],[-98.46632271,19.78735943],[-98.46649115,19.78791314],[-98.46581569,19.78788328],[-98.46564648,19.78788277],[-98.465646,19.78802686],[-98.46566195,19.78831508],[-98.46567754,19.78871537],[-98.46565934,19.78909955],[-98.46570892,19.78945191],[-98.46538731,19.78948297],[-98.46509938,19.78956215],[-98.46487855,19.78981766],[-98.46465755,19.79012118],[-98.46453777,19.79052106],[-98.46436689,19.79101686],[-98.46445043,19.79133731],[-98.46449369,19.79159994],[-98.4631756,19.79255915],[-98.46208598,19.7934108],[-98.46153458,19.79387212],[-98.46075851,19.79448622],[-98.46062472,19.79435883],[-98.46037586,19.79418418],[-98.46010095,19.79394734],[-98.45986529,19.79374789],[-98.459564,19.79354825],[-98.45924954,19.79336097],[-98.45907966,19.79312445],[-98.45881809,19.79282555],[-98.45856935,19.79261363],[-98.45849012,19.79275003],[-98.45842392,19.79291131],[-98.45829172,19.79318417],[-98.45823806,19.79351938],[-98.45821055,19.79389194],[-98.45807757,19.79438838],[-98.45784054,19.79459883],[-98.45759037,19.79480923],[-98.45735351,19.79496998],[-98.45712408,19.79524002],[-98.45703825,19.79540106],[-98.45687285,19.79578845],[-98.45689888,19.79597746],[-98.45691574,19.79742342],[-98.45482794,19.79905326],[-98.45405206,19.79968469],[-98.45328634,19.7998658],[-98.4484254,19.80101289],[-98.44820508,19.80106754],[-98.44696152,19.8013962],[-98.44271022,19.80239017],[-98.44095325,19.80275705],[-98.44015871,19.8030376],[-98.43962935,19.80322183],[-98.43952215,19.80325574],[-98.43815275,19.80368714],[-98.43287042,19.80526846],[-98.43159058,19.80568902],[-98.43107112,19.80585746],[-98.42820175,19.80674471],[-98.42646188,19.80725386],[-98.42801617,19.80899969],[-98.427946,19.80902569],[-98.42556118,19.80991265],[-98.42459972,19.81026874],[-98.42412705,19.81045022],[-98.4231656,19.81079952],[-98.42307237,19.81085157],[-98.42222309,19.81132569],[-98.42105668,19.81168412],[-98.41433732,19.81662882],[-98.41233709,19.81821272],[-98.41085734,19.819518],[-98.40903551,19.82075223],[-98.40909171,19.82086923],[-98.40860145,19.82125071],[-98.4085078,19.82112212],[-98.4081502,19.82136889],[-98.40784729,19.82160823],[-98.40721112,19.82207831],[-98.40585058,19.82307369],[-98.40544025,19.82333954],[-98.40506028,19.82361497],[-98.40462051,19.82385942],[-98.40403752,19.82433654],[-98.40270891,19.82527095],[-98.40212855,19.82564551],[-98.40151194,19.82604274],[-98.40138594,19.825939],[-98.39910642,19.82326551],[-98.39900622,19.82319117],[-98.39850331,19.824143],[-98.39818111,19.82466378],[-98.39809774,19.82478129],[-98.39622518,19.82664185],[-98.39596555,19.82690249],[-98.39494658,19.82789251],[-98.39406442,19.82874229],[-98.39345608,19.82936332],[-98.39314712,19.82967994],[-98.39244737,19.83037306],[-98.39178415,19.83096791],[-98.39118898,19.83163214],[-98.39052062,19.83229951],[-98.38982782,19.83294951],[-98.38882832,19.83393512],[-98.38776503,19.83493905],[-98.38725303,19.83544172],[-98.38671042,19.83595648],[-98.38634611,19.83634275],[-98.38600212,19.83669428],[-98.38555506,19.8371672],[-98.38502115,19.83758568],[-98.38510883,19.83773538],[-98.38542131,19.83833937],[-98.38685389,19.84068085],[-98.38699854,19.84099389],[-98.38699755,19.84141151],[-98.38699698,19.84439805],[-98.38702928,19.84647269],[-98.38701674,19.84772051],[-98.38705318,19.84848982],[-98.38594623,19.8491084],[-98.38519491,19.84958877],[-98.38519709,19.8501672],[-98.38521406,19.85101645],[-98.38521763,19.85170923],[-98.384992139,19.851802491],[-98.38455882,19.85193057],[-98.38406,19.85211331],[-98.383667349,19.852259661],[-98.38352757,19.852322181],[-98.382913369,19.85237242],[-98.382831109,19.85237045],[-98.382714459,19.85228548],[-98.38240351,19.85194068],[-98.38221685,19.85173726],[-98.38199031,19.851485311],[-98.38172095,19.851124201],[-98.38167763,19.85069062],[-98.38165028,19.850231451],[-98.38163172,19.84982962],[-98.381628849,19.849369511],[-98.38158848,19.84901751],[-98.38159057,19.848478581],[-98.381599599,19.848015661],[-98.38138337,19.84776872],[-98.38091905,19.84762528],[-98.38054414,19.847623971],[-98.380393689,19.84775109],[-98.380152219,19.848147381],[-98.379926509,19.848345151],[-98.37964186,19.84827325],[-98.37931311,19.847974261],[-98.379088429,19.84790257],[-98.378788349,19.84794408],[-98.378472449,19.84819826],[-98.378170709,19.848665251],[-98.378049519,19.84897685],[-98.377942109,19.849600511],[-98.37791074,19.849954971],[-98.37780389,19.850435091],[-98.377757629,19.850761141],[-98.377411399,19.851100321],[-98.37691518,19.851438971],[-98.376419369,19.851678341],[-98.375324089,19.851816341],[-98.37452878,19.851941201],[-98.374167859,19.852195221],[-98.373374059,19.85271037],[-98.374426779,19.85301254],[-98.375398649,19.853303031],[-98.37613589,19.85351523],[-98.376583909,19.853644851],[-98.37709458,19.853781351],[-98.377143819,19.8538636],[-98.377083249,19.853991861],[-98.376696879,19.854550111],[-98.376545219,19.854665381],[-98.376406119,19.85473772],[-98.376181369,19.854808021],[-98.37591708,19.854861141],[-98.375686889,19.854920491],[-98.375513249,19.855002821],[-98.37532674,19.85518063],[-98.37517574,19.855310461],[-98.375037249,19.85545274],[-98.37491797,19.85559548],[-98.37474369,19.855876421],[-98.374648449,19.856080371],[-98.37451198,19.856386481],[-98.37444723,19.85652445],[-98.374338179,19.85664923],[-98.374246489,19.85671983],[-98.374142479,19.85677194],[-98.373946769,19.85689465],[-98.373682459,19.85711494],[-98.37366286,19.857298861],[-98.373662799,19.857467681],[-98.37368094,19.857624281],[-98.37370832,19.857768451],[-98.373771169,19.85792189],[-98.373866479,19.85802969],[-98.374020219,19.858122],[-98.37423295,19.85817774],[-98.37445997,19.858200051],[-98.37462968,19.85819568],[-98.37475078,19.858173251],[-98.374872889,19.858112851],[-98.37496402,19.85804328],[-98.375037059,19.85798172],[-98.375118919,19.857924581],[-98.37523992,19.857906371],[-98.37535543,19.85792602],[-98.37550126,19.857980151],[-98.375597249,19.85806265],[-98.37571118,19.85814134],[-98.37580338,19.858198421],[-98.37588254,19.858242521],[-98.375996479,19.858321221],[-98.376088109,19.858399381],[-98.37623248,19.85850835],[-98.37630526,19.858624051],[-98.376351509,19.858730661],[-98.37641626,19.85881242],[-98.376482279,19.85884775],[-98.376575599,19.85886265],[-98.37666045,19.858860461],[-98.3767326,19.85883263],[-98.37681928,19.8587852],[-98.376877629,19.858739321],[-98.37698522,19.85872163],[-98.377077089,19.85875758],[-98.377181619,19.85885463],[-98.377228319,19.85897731],[-98.37724468,19.859166781],[-98.37720432,19.8593414],[-98.37718038,19.85943537],[-98.377107219,19.859501151],[-98.37701906,19.85959358],[-98.376973719,19.85968705],[-98.376970109,19.85982203],[-98.37702738,19.85981665],[-98.377092689,19.859777681],[-98.377156919,19.85977922],[-98.37719152,19.85982057],[-98.377196679,19.859894971],[-98.377194339,19.859982711],[-98.377213749,19.860057451],[-98.37725514,19.86011246],[-98.377325779,19.860141171],[-98.37740409,19.860149801],[-98.377496879,19.860152021],[-98.37762497,19.86016858],[-98.37771666,19.86021129],[-98.37780086,19.860267321],[-98.37800365,19.86041723],[-98.378177549,19.86059022],[-98.378259399,19.86073398],[-98.37831271,19.86087706],[-98.378380649,19.861007001],[-98.37845717,19.86108311],[-98.37857723,19.861133261],[-98.37869105,19.861149481],[-98.37889015,19.861181251],[-98.379081219,19.8612466],[-98.379165419,19.86130263],[-98.37922125,19.861351231],[-98.37925531,19.86141283],[-98.37925171,19.8615478],[-98.379220279,19.861655111],[-98.379168339,19.861728151],[-98.37908143,19.86177334],[-98.378952799,19.86177702],[-98.378789569,19.86173935],[-98.378661829,19.861709291],[-98.37852677,19.8616858],[-98.37836246,19.861688631],[-98.378211319,19.861732291],[-98.378117829,19.86175708],[-98.378010779,19.861754511],[-98.37789055,19.861711121],[-98.37775622,19.861660631],[-98.377528219,19.86164168],[-98.37741403,19.861638951],[-98.37727897,19.861615461],[-98.377180509,19.861559091],[-98.37706866,19.861468621],[-98.376949689,19.86137798],[-98.37681715,19.86126002],[-98.37664842,19.861161431],[-98.37649231,19.86112394],[-98.376292309,19.861125911],[-98.37617722,19.86115692],[-98.37596223,19.86118555],[-98.375642519,19.861123881],[-98.375516229,19.861039821],[-98.37540295,19.86100335],[-98.37534605,19.86099523],[-98.37531822,19.86096755],[-98.37529202,19.86087914],[-98.37528098,19.86075732],[-98.375254429,19.8606824],[-98.375178819,19.86057254],[-98.375123339,19.86051043],[-98.37496671,19.86049318],[-98.37464665,19.860445021],[-98.374512679,19.86038103],[-98.374386219,19.860303711],[-98.374297579,19.86014628],[-98.374187549,19.85998832],[-98.37403949,19.859917251],[-98.37387498,19.85992682],[-98.373682119,19.859928951],[-98.37351511,19.86003302],[-98.37328242,19.86018951],[-98.37315125,19.860287681],[-98.373098229,19.8604012],[-98.372973119,19.860540031],[-98.372934549,19.86064715],[-98.372881709,19.860753941],[-98.372763919,19.86088618],[-98.372618849,19.86097051],[-98.372510349,19.861021921],[-98.372337629,19.861071821],[-98.37212372,19.861059951],[-98.371965179,19.86102214],[-98.371766449,19.860976861],[-98.37163231,19.86091963],[-98.37155525,19.86086375],[-98.371524139,19.86082574],[-98.371486659,19.86078165],[-98.371438109,19.86075722],[-98.371399919,19.860739691],[-98.37137246,19.860715771],[-98.371348849,19.860678651],[-98.37134992,19.860638801],[-98.371357649,19.8606124],[-98.37138988,19.860589911],[-98.371429119,19.86056758],[-98.371444059,19.860534711],[-98.371459089,19.860498521],[-98.37146371,19.860325831],[-98.371438279,19.860225521],[-98.371405029,19.860154941],[-98.37137466,19.86010769],[-98.37135088,19.860077221],[-98.371306649,19.86002298],[-98.371245479,19.85994508],[-98.37117658,19.859893581],[-98.37110815,19.85987438],[-98.37100094,19.859871831],[-98.36984168,19.86027374],[-98.369790579,19.860296381],[-98.36972105,19.860300691],[-98.36958278,19.86027948],[-98.369056879,19.86012365],[-98.36679637,19.85946672],[-98.36451374,19.858802221],[-98.363926859,19.860685891],[-98.36341005,19.862262751],[-98.36321663,19.86220885]]]]},"properties":{"municipality":"Apan","official_key":"13008","CVE_ENT":"13","CVE_MUN":"008","geometry_kind":"municipality","source":"INEGI Gaia — Servicio vectorial del Marco Geoestadístico"}},"features":[{"type":"Feature","geometry":{"type":"MultiPolygon","crs":{"type":"name","properties":{"name":"EPSG:6365"}},"coordinates":[[[[-98.446784332,19.719377486],[-98.446980353,19.719251415],[-98.44705572,19.719204347],[-98.447350508,19.719020246],[-98.447488769,19.718939538],[-98.447676523,19.718782032],[-98.447822984,19.718629554],[-98.447639414,19.718615062],[-98.447412136,19.718567734],[-98.4471699,19.718516118],[-98.446895688,19.718457531],[-98.446530317,19.718360214],[-98.4461584,19.718261085],[-98.446124723,19.718252108],[-98.445985063,19.71821415],[-98.445699691,19.718136585],[-98.444676138,19.717855908],[-98.444651092,19.717809138],[-98.444713568,19.717720662],[-98.444807908,19.717623924],[-98.444863585,19.717553277],[-98.444971385,19.717426878],[-98.445120691,19.717286477],[-98.445189568,19.717195138],[-98.445255061,19.717112724],[-98.445345199,19.716934938],[-98.445403308,19.716771401],[-98.4454864,19.716620447],[-98.445611184,19.716449477],[-98.445820814,19.716194139],[-98.445892368,19.716073492],[-98.445986691,19.71595337],[-98.446102491,19.715884138],[-98.446238108,19.71578297],[-98.446331585,19.715695216],[-98.446417568,19.715603693],[-98.446517415,19.715562862],[-98.446620599,19.715540092],[-98.446671645,19.715476538],[-98.446792076,19.715375015],[-98.446913738,19.715226754],[-98.447056543,19.71507955],[-98.447057012,19.715068719],[-98.447061944,19.714954791],[-98.447064432,19.714897328],[-98.446993831,19.714549831],[-98.4469704,19.714477324],[-98.44694063,19.714404662],[-98.446896168,19.714314152],[-98.445850442,19.714914506],[-98.445425841,19.715021365],[-98.445005289,19.715163246],[-98.444430077,19.715323259],[-98.445168737,19.714447282],[-98.444987841,19.714397846],[-98.444891106,19.714333437],[-98.444802522,19.714234214],[-98.444720495,19.714174721],[-98.44463031,19.714136624],[-98.444451384,19.714150412],[-98.44451088,19.713290465],[-98.443967661,19.713355192],[-98.443218307,19.713444477],[-98.442265477,19.713510492],[-98.441866305,19.713530021],[-98.440700701,19.713584901],[-98.440591987,19.713590019],[-98.440530046,19.7135171],[-98.440490635,19.713470702],[-98.43933703,19.714163985],[-98.438490999,19.71457437],[-98.43753203,19.7151234],[-98.437505169,19.715083381],[-98.43752389,19.71503552],[-98.437547749,19.714978851],[-98.43759317,19.71485355],[-98.437625237,19.714728656],[-98.43763842,19.714677311],[-98.437630369,19.71449975],[-98.43756692,19.714310691],[-98.437538449,19.714249816],[-98.437477829,19.714120201],[-98.437412753,19.714027033],[-98.43736026,19.71395188],[-98.437232059,19.71384294],[-98.437169261,19.713801918],[-98.437044848,19.713720651],[-98.436911518,19.713648352],[-98.43674894,19.713560201],[-98.43649798,19.71342412],[-98.435802051,19.713093138],[-98.435279249,19.712844491],[-98.434838219,19.71272834],[-98.434366279,19.712397221],[-98.43492925,19.71189252],[-98.435091,19.71175106],[-98.43525798,19.7116022],[-98.43534218,19.71144995],[-98.435386149,19.711279981],[-98.435479849,19.711088061],[-98.43562245,19.710958061],[-98.43580726,19.7108446],[-98.435839763,19.710809576],[-98.435957059,19.710683181],[-98.436056118,19.710480711],[-98.436174479,19.710327681],[-98.436587849,19.70995262],[-98.43678814,19.709732221],[-98.43696698,19.70944771],[-98.437216179,19.70924354],[-98.437401569,19.708948061],[-98.437628489,19.708753691],[-98.43786115,19.70857202],[-98.438118449,19.70830905],[-98.43828775,19.70818058],[-98.43835249,19.70811969],[-98.43842209,19.70805511],[-98.43837212,19.70801075],[-98.43864137,19.70777251],[-98.43880145,19.70762777],[-98.438978949,19.70761241],[-98.43903685,19.7076074],[-98.43976777,19.70735812],[-98.439951063,19.706935161],[-98.44006748,19.70666652],[-98.441093138,19.705852],[-98.441290378,19.705883244],[-98.441323689,19.70588852],[-98.441388328,19.705783359],[-98.441881708,19.704980661],[-98.4420202,19.70493522],[-98.442089997,19.704080837],[-98.442096211,19.704004789],[-98.442159599,19.70322886],[-98.442184169,19.70299117],[-98.44218606,19.702918461],[-98.442210273,19.702678057],[-98.442219666,19.7025848],[-98.44222675,19.702514484],[-98.442313995,19.701648281],[-98.442323997,19.701548973],[-98.442361309,19.70117851],[-98.442308319,19.701132621],[-98.442332354,19.701032446],[-98.442474462,19.701169385],[-98.442914814,19.70063337],[-98.4429674,19.700595154],[-98.443103753,19.700715063],[-98.443368568,19.700912616],[-98.443736785,19.701195093],[-98.444614615,19.701757693],[-98.444923399,19.701920954],[-98.445289108,19.702118815],[-98.445548554,19.702243309],[-98.445631738,19.701961462],[-98.445938954,19.701067509],[-98.446440337,19.701245186],[-98.446334477,19.701614754],[-98.44740703,19.701842415],[-98.448117492,19.701965432],[-98.448551877,19.702014631],[-98.449079246,19.702108723],[-98.449073922,19.702346015],[-98.450068708,19.702396708],[-98.451063507,19.702447386],[-98.452058308,19.702498062],[-98.452084861,19.70239877],[-98.45316243,19.701958108],[-98.454239984,19.701517446],[-98.454410491,19.701231155],[-98.454461184,19.701160032],[-98.454609537,19.700951892],[-98.454671014,19.700419124],[-98.454886337,19.699885754],[-98.454816568,19.699875615],[-98.453965614,19.699595108],[-98.453800553,19.699538893],[-98.453616537,19.699511786],[-98.45340803,19.699506538],[-98.453304446,19.699491216],[-98.453215214,19.699466462],[-98.453129769,19.699421077],[-98.453089645,19.699351524],[-98.453112845,19.699296786],[-98.453205231,19.699149647],[-98.453330091,19.698994124],[-98.453463,19.698835263],[-98.453597277,19.698692554],[-98.453676046,19.69870197],[-98.453966908,19.698741863],[-98.454142799,19.698784832],[-98.454208507,19.698824154],[-98.454267692,19.698813015],[-98.454688737,19.698822016],[-98.454784154,19.698869492],[-98.454970614,19.698940354],[-98.455075846,19.699006078],[-98.455232153,19.699002232],[-98.455952554,19.698405308],[-98.456990676,19.698008401],[-98.457194615,19.697942662],[-98.458636354,19.697477923],[-98.459153353,19.697313663],[-98.459072438,19.696251144],[-98.459167895,19.696232389],[-98.459185102,19.696277773],[-98.459472977,19.697037049],[-98.459570583,19.697300177],[-98.459637462,19.697480219],[-98.45980427,19.69792927],[-98.460219623,19.698997353],[-98.459252099,19.699316526],[-98.45929304,19.699770701],[-98.459316789,19.70003417],[-98.459378516,19.700743894],[-98.45944971,19.701743369],[-98.459506623,19.702883984],[-98.45953609,19.703277914],[-98.459693961,19.70322165],[-98.459914415,19.703143047],[-98.460894015,19.702814831],[-98.462261107,19.702311124],[-98.462404754,19.702281908],[-98.462500061,19.7022686],[-98.46258783,19.702293201],[-98.462647476,19.702413969],[-98.462711445,19.702536232],[-98.462785261,19.702583123],[-98.462858169,19.702594985],[-98.462991137,19.702562538],[-98.463209646,19.702501755],[-98.464107446,19.702216893],[-98.465121538,19.701903215],[-98.46660166,19.701421771],[-98.466610969,19.70157025],[-98.466628399,19.70173732],[-98.46669038,19.70199146],[-98.46670014,19.702040431],[-98.466715938,19.702119155],[-98.466742199,19.702211739],[-98.4668154,19.702586231],[-98.46679123,19.702859155],[-98.466697489,19.703043892],[-98.466590138,19.70316677],[-98.466207969,19.703359369],[-98.465816705,19.703472735],[-98.465816658,19.703472779],[-98.46564389,19.703629461],[-98.465565862,19.703759954],[-98.465507277,19.704773677],[-98.465448646,19.7057874],[-98.465390046,19.706801109],[-98.465331349,19.707814928],[-98.464698535,19.708079757],[-98.463259113,19.709051891],[-98.463278814,19.709190748],[-98.463339673,19.709306854],[-98.463397015,19.709407764],[-98.463447329,19.709538882],[-98.463451394,19.709690014],[-98.46342734,19.709871076],[-98.463387598,19.710010403],[-98.463387595,19.710010437],[-98.463378831,19.710153831],[-98.463431477,19.710235323],[-98.463407322,19.710324862],[-98.463407092,19.710397062],[-98.463442908,19.710475585],[-98.463476969,19.710636031],[-98.463481785,19.710731386],[-98.463491886,19.710838046],[-98.463487203,19.710993486],[-98.463331223,19.710972573],[-98.463226468,19.710968686],[-98.463053181,19.710970395],[-98.462675175,19.711058862],[-98.462471975,19.711129671],[-98.462303698,19.711184901],[-98.462243175,19.711204764],[-98.462169208,19.711302338],[-98.462121173,19.711396201],[-98.462142854,19.71140978],[-98.462216394,19.711430687],[-98.462267863,19.71144808],[-98.462407785,19.711521508],[-98.462532115,19.711610164],[-98.462657527,19.711851755],[-98.462759968,19.712051434],[-98.46276066,19.712219353],[-98.462752596,19.712456027],[-98.462495845,19.712412677],[-98.462094631,19.712323186],[-98.461973477,19.712708277],[-98.461603554,19.713850785],[-98.461197446,19.715147339],[-98.461066378,19.715536059],[-98.460775066,19.71546364],[-98.460676259,19.715842143],[-98.460468538,19.716669806],[-98.460147484,19.716586733],[-98.459817687,19.717723783],[-98.459577789,19.71763885],[-98.458829296,19.718817594],[-98.459828661,19.719741001],[-98.459828127,19.719740999],[-98.45973283,19.719740724],[-98.459468154,19.719625601],[-98.458834738,19.719387293],[-98.457277277,19.718866938],[-98.455777185,19.718320785],[-98.455134599,19.718128738],[-98.454632414,19.717964755],[-98.454309214,19.717857293],[-98.453917353,19.717732079],[-98.45391756,19.717732626],[-98.454015815,19.717994662],[-98.454300908,19.718929892],[-98.454464354,19.719616231],[-98.454629708,19.7202908],[-98.4546618,19.720425815],[-98.454490892,19.720425292],[-98.453913538,19.720411077],[-98.453656739,19.720389923],[-98.453743414,19.721575262],[-98.453770231,19.721913832],[-98.454783568,19.721857207],[-98.454935537,19.723503354],[-98.453891261,19.723818986],[-98.452959046,19.724052292],[-98.452913429,19.724013062],[-98.450987724,19.724776329],[-98.451058841,19.725544275],[-98.451407908,19.725519735],[-98.451472661,19.725979961],[-98.45154316,19.726468666],[-98.451578788,19.72670994],[-98.450542494,19.726886122],[-98.45071856,19.7274183],[-98.450211805,19.727518131],[-98.450084493,19.72712116],[-98.449720429,19.727122131],[-98.449600445,19.726777207],[-98.449366502,19.726392063],[-98.44930581,19.726200515],[-98.448866926,19.726281646],[-98.448705505,19.726024832],[-98.448918811,19.725967734],[-98.44886128,19.725697736],[-98.448680449,19.725690596],[-98.448486945,19.725772668],[-98.448144432,19.725773178],[-98.448133494,19.725843841],[-98.447521922,19.726332001],[-98.447445584,19.726333508],[-98.447035477,19.726332247],[-98.44701808,19.726005794],[-98.447010516,19.725764296],[-98.446989523,19.725095815],[-98.446971184,19.724511432],[-98.446959723,19.724145723],[-98.446955845,19.723836],[-98.446627707,19.723827123],[-98.446603091,19.723448786],[-98.4465775,19.722426395],[-98.446465389,19.722354803],[-98.445953269,19.723066276],[-98.445606536,19.722817582],[-98.445382352,19.722683789],[-98.446276397,19.721276857],[-98.446481625,19.720984242],[-98.446758173,19.720676511],[-98.447168968,19.720230046],[-98.446756284,19.72006881],[-98.446110877,19.719816646],[-98.446784332,19.719377486]]]]},"properties":{"locality":"Apan","municipality":null,"official_key":"130080001","CVE_ENT":"13","CVE_MUN":"008","CVE_LOC":"0001","ambito":"URBANO","geometry_kind":"locality","source":"INEGI Gaia — Servicio vectorial del Marco Geoestadístico"}},{"type":"Feature","geometry":{"type":"MultiPolygon","crs":{"type":"name","properties":{"name":"EPSG:6365"}},"coordinates":[[[[-98.541922078,19.700645691],[-98.533811079,19.706382866],[-98.530292021,19.701716378],[-98.532030091,19.700585086],[-98.530077444,19.698059855],[-98.536514744,19.693716362],[-98.541922078,19.700645691]]],[[[-98.52930672,19.70968072],[-98.529385274,19.709186071],[-98.529241252,19.708614978],[-98.529053734,19.708223402],[-98.528801845,19.707993428],[-98.52873795,19.707720337],[-98.530510818,19.70715089],[-98.530925588,19.706981581],[-98.531331132,19.706851247],[-98.531699319,19.70672203],[-98.532104476,19.706461131],[-98.532558719,19.706678151],[-98.53325897,19.70690852],[-98.53594745,19.707989691],[-98.535721969,19.708205711],[-98.53560697,19.708315881],[-98.534915019,19.70899845],[-98.534589139,19.70938188],[-98.534111538,19.710036784],[-98.53473641,19.710470286],[-98.534858408,19.710623911],[-98.534965007,19.710877476],[-98.534975044,19.711125991],[-98.534906026,19.711269173],[-98.534665348,19.711816359],[-98.534691588,19.711992609],[-98.534776838,19.712209257],[-98.534925878,19.712460752],[-98.535181042,19.71286274],[-98.535224972,19.713003905],[-98.535107969,19.71347332],[-98.535042179,19.71350562],[-98.53335118,19.71332008],[-98.532515379,19.713105601],[-98.53178785,19.712953231],[-98.530875939,19.71260446],[-98.530926379,19.712500231],[-98.53097286,19.71236946],[-98.531219391,19.711575685],[-98.531150386,19.711514834],[-98.53087485,19.711196426],[-98.529333093,19.711672974],[-98.528624135,19.71141393],[-98.52930672,19.70968072]]]]},"properties":{"locality":"Acopinalco","municipality":null,"official_key":"130080002","CVE_ENT":"13","CVE_MUN":"008","CVE_LOC":"0002","ambito":"RURAL","geometry_kind":"locality","source":"INEGI Gaia — Servicio vectorial del Marco Geoestadístico"}},{"type":"Feature","geometry":{"type":"MultiPolygon","crs":{"type":"name","properties":{"name":"EPSG:6365"}},"coordinates":[[[[-98.384139281,19.799971851],[-98.382736749,19.799917521],[-98.382510793,19.799871368],[-98.38233642,19.799758352],[-98.382177199,19.799673201],[-98.381989037,19.799591678],[-98.381892071,19.799444543],[-98.381670977,19.799389304],[-98.381550297,19.799640197],[-98.381392065,19.799891091],[-98.38101272,19.800295846],[-98.38055574,19.800413081],[-98.379942169,19.800455581],[-98.37932948,19.800441491],[-98.378793749,19.80028637],[-98.3785934,19.80023495],[-98.3780318,19.80025978],[-98.377666779,19.800526581],[-98.377425579,19.80054274],[-98.376460489,19.80056577],[-98.37587711,19.800546231],[-98.374804018,19.800742663],[-98.374503401,19.800595882],[-98.374306946,19.800467848],[-98.374017714,19.800471866],[-98.37383479,19.800277456],[-98.37372187,19.800124731],[-98.3735313,19.800007991],[-98.373312632,19.799762872],[-98.373224757,19.79968069],[-98.373088602,19.799623744],[-98.372779078,19.799599321],[-98.372533928,19.799226637],[-98.372569677,19.799087292],[-98.372383705,19.798770301],[-98.372229919,19.798685487],[-98.371826776,19.798547871],[-98.371316345,19.798178077],[-98.371025043,19.797953317],[-98.371579697,19.797675406],[-98.371873612,19.797967537],[-98.37220482,19.798018531],[-98.372434105,19.798019049],[-98.37291175,19.798451055],[-98.373318987,19.798630684],[-98.373782834,19.798845226],[-98.374276689,19.798920104],[-98.375027095,19.79878924],[-98.375974582,19.798812116],[-98.376374654,19.798743012],[-98.377036256,19.798770063],[-98.377443021,19.798777499],[-98.377661548,19.798797297],[-98.377880029,19.798805205],[-98.378153529,19.798730093],[-98.378673221,19.798675096],[-98.37927065,19.798605101],[-98.37955577,19.798545142],[-98.379703971,19.798511578],[-98.379924181,19.798452065],[-98.380183689,19.798336388],[-98.380611906,19.798064512],[-98.38081059,19.797979864],[-98.381015427,19.797924371],[-98.380779674,19.797755065],[-98.381135088,19.797435384],[-98.381398626,19.797209927],[-98.381482457,19.797198982],[-98.381720731,19.797275893],[-98.382114573,19.79693892],[-98.382155761,19.796910858],[-98.38217181,19.796827279],[-98.382166423,19.796752681],[-98.382083253,19.796657894],[-98.382034884,19.7966043],[-98.381986427,19.796560206],[-98.383153011,19.795196216],[-98.383388868,19.795636676],[-98.38357636,19.795777267],[-98.384027977,19.796065397],[-98.384324614,19.796252846],[-98.383798303,19.797196759],[-98.383708888,19.79747452],[-98.383659689,19.797706663],[-98.383642677,19.797923663],[-98.383882799,19.798240468],[-98.384149006,19.798458319],[-98.384286468,19.798666075],[-98.384400461,19.798864551],[-98.384541607,19.798947648],[-98.384139281,19.799971851]]]]},"properties":{"locality":"Alcantarillas","municipality":null,"official_key":"130080003","CVE_ENT":"13","CVE_MUN":"008","CVE_LOC":"0003","ambito":"RURAL","geometry_kind":"locality","source":"INEGI Gaia — Servicio vectorial del Marco Geoestadístico"}},{"type":"Feature","geometry":{"type":"MultiPolygon","crs":{"type":"name","properties":{"name":"EPSG:6365"}},"coordinates":[[[[-98.372748722,19.847780353],[-98.373064537,19.846374234],[-98.371030717,19.845918608],[-98.371470191,19.844307173],[-98.371866753,19.842695722],[-98.373125628,19.842994148],[-98.373002955,19.843510725],[-98.373953582,19.843715045],[-98.374663322,19.84396318],[-98.375159287,19.844452457],[-98.375011642,19.845012462],[-98.374660149,19.84610732],[-98.37452998,19.846439631],[-98.374391419,19.84679278],[-98.374231485,19.847071335],[-98.373865089,19.84687109],[-98.373616713,19.847286433],[-98.373432708,19.847469669],[-98.373232611,19.847592354],[-98.372748722,19.847780353]]]]},"properties":{"locality":"Cocinillas","municipality":null,"official_key":"130080004","CVE_ENT":"13","CVE_MUN":"008","CVE_LOC":"0004","ambito":"RURAL","geometry_kind":"locality","source":"INEGI Gaia — Servicio vectorial del Marco Geoestadístico"}},{"type":"Feature","geometry":{"type":"MultiPolygon","crs":{"type":"name","properties":{"name":"EPSG:6365"}},"coordinates":[[[[-98.511328911,19.671256169],[-98.510833906,19.670214564],[-98.510556585,19.670627565],[-98.509962188,19.671512764],[-98.509947817,19.671504642],[-98.507934092,19.670366416],[-98.507929074,19.67036358],[-98.508162714,19.670006462],[-98.509060965,19.668633474],[-98.506865183,19.667381815],[-98.5065531,19.667203914],[-98.50680451,19.666941218],[-98.507637428,19.666070904],[-98.50775835,19.665944553],[-98.507758387,19.665944513],[-98.508057819,19.665631633],[-98.508271535,19.665390298],[-98.508799137,19.664794506],[-98.508799166,19.664794473],[-98.508882599,19.664700256],[-98.509656417,19.663844648],[-98.510128485,19.663321807],[-98.5107819,19.662643338],[-98.511351,19.662023295],[-98.512445814,19.660817256],[-98.512945176,19.660237618],[-98.513323603,19.659781091],[-98.513610834,19.659471063],[-98.513905354,19.659124094],[-98.514156434,19.658849445],[-98.514503025,19.658456749],[-98.51477242,19.658120967],[-98.515144912,19.657691882],[-98.515476835,19.657328785],[-98.515626368,19.657283951],[-98.515743714,19.657143132],[-98.51612727,19.656544492],[-98.516325753,19.656271694],[-98.516771002,19.655793035],[-98.518342775,19.654106975],[-98.518481059,19.654183827],[-98.521743006,19.655996626],[-98.521765273,19.656009],[-98.520649475,19.657953943],[-98.519662422,19.659914015],[-98.519136709,19.661070853],[-98.518814844,19.661929633],[-98.518758623,19.662324558],[-98.518616359,19.663323881],[-98.518299859,19.663904814],[-98.518119204,19.664017021],[-98.518047732,19.664061413],[-98.517033856,19.664773683],[-98.517908258,19.665597085],[-98.517653448,19.66583198],[-98.517429482,19.666060561],[-98.517092866,19.666349761],[-98.516235875,19.665617743],[-98.514516579,19.666744229],[-98.514326124,19.666852584],[-98.513357865,19.667403446],[-98.513167427,19.667289789],[-98.513016564,19.667482217],[-98.512471395,19.668177582],[-98.512115933,19.668632493],[-98.511737914,19.669116269],[-98.511724398,19.669133566],[-98.511842061,19.669243383],[-98.511875943,19.669275006],[-98.511960733,19.669475266],[-98.512443703,19.670615946],[-98.512614892,19.671020258],[-98.512656563,19.671096567],[-98.512726184,19.67122406],[-98.512736263,19.671242517],[-98.512737331,19.671340686],[-98.51273794,19.671396583],[-98.512953193,19.671906874],[-98.512953232,19.671906968],[-98.513109761,19.67227804],[-98.513511421,19.672967544],[-98.513959016,19.673607794],[-98.514065773,19.673717459],[-98.51415264,19.673806691],[-98.514154481,19.673808581],[-98.513894442,19.673692409],[-98.513894413,19.673692395],[-98.513787019,19.673644416],[-98.51304941,19.673260519],[-98.51201627,19.672694916],[-98.512011397,19.672692248],[-98.511328911,19.671256169]]]]},"properties":{"locality":"Chimalpa Tlalayote","municipality":null,"official_key":"130080005","CVE_ENT":"13","CVE_MUN":"008","CVE_LOC":"0005","ambito":"URBANO","geometry_kind":"locality","source":"INEGI Gaia — Servicio vectorial del Marco Geoestadístico"}},{"type":"Feature","geometry":{"type":"MultiPolygon","crs":{"type":"name","properties":{"name":"EPSG:6365"}},"coordinates":[[[[-98.383096576,19.631452714],[-98.383022444,19.631400801],[-98.384542765,19.630271612],[-98.38489071,19.630028581],[-98.3850964,19.62989045],[-98.38595097,19.629266851],[-98.386166839,19.629063902],[-98.385409337,19.628484569],[-98.3858394,19.627896305],[-98.386037419,19.627624288],[-98.38571228,19.627401171],[-98.385355139,19.62715755],[-98.38520508,19.627063061],[-98.385005939,19.626951481],[-98.384714539,19.62672842],[-98.384520109,19.62660088],[-98.384375979,19.62651425],[-98.38435783,19.626505781],[-98.38427437,19.626466851],[-98.38418414,19.626424121],[-98.38412811,19.62637435],[-98.384032999,19.626327181],[-98.383607019,19.626013951],[-98.383457749,19.62591329],[-98.38320278,19.625683971],[-98.383277949,19.62561768],[-98.383549089,19.62556425],[-98.38372822,19.62554258],[-98.383970619,19.625527461],[-98.38412526,19.625513141],[-98.38428212,19.625496491],[-98.38436382,19.62548205],[-98.38446428,19.625452221],[-98.384567629,19.625389401],[-98.38472063,19.62523703],[-98.384967569,19.62501771],[-98.38519145,19.624799341],[-98.385444019,19.624592001],[-98.385563749,19.624520621],[-98.38570237,19.62442835],[-98.38572691,19.62438111],[-98.386067179,19.624579751],[-98.38632063,19.624723291],[-98.386721309,19.62492214],[-98.38718051,19.62510186],[-98.38779838,19.6253648],[-98.38880074,19.625829621],[-98.389234769,19.626029001],[-98.389318145,19.626304594],[-98.389819948,19.625822272],[-98.390946933,19.625241635],[-98.391113471,19.625300393],[-98.390866948,19.626516235],[-98.390679673,19.62716429],[-98.390246116,19.628541231],[-98.389373996,19.628281917],[-98.389315409,19.626777183],[-98.389248566,19.626777673],[-98.388902772,19.626949955],[-98.388596051,19.627325881],[-98.388335611,19.627836708],[-98.38791089,19.628647021],[-98.387829939,19.628772621],[-98.38767268,19.629004111],[-98.38749898,19.62919723],[-98.387288999,19.629426651],[-98.387147689,19.62957923],[-98.386828479,19.63000732],[-98.38650183,19.630416461],[-98.385916711,19.631208305],[-98.384776901,19.632609431],[-98.38473903,19.63258238],[-98.38387995,19.63198931],[-98.383168909,19.631483451],[-98.383096576,19.631452714]]]]},"properties":{"locality":"San José Jiquilpan","municipality":null,"official_key":"130080007","CVE_ENT":"13","CVE_MUN":"008","CVE_LOC":"0007","ambito":"RURAL","geometry_kind":"locality","source":"INEGI Gaia — Servicio vectorial del Marco Geoestadístico"}},{"type":"Feature","geometry":{"type":"MultiPolygon","crs":{"type":"name","properties":{"name":"EPSG:6365"}},"coordinates":[[[[-98.495814709,19.734427267],[-98.495416804,19.734463511],[-98.495720412,19.734012383],[-98.495883885,19.733768686],[-98.495731111,19.73376442],[-98.495204069,19.733698122],[-98.494638077,19.733466657],[-98.495508993,19.73266817],[-98.495877855,19.732311215],[-98.496255092,19.731943084],[-98.496634599,19.73157708],[-98.49710677,19.731501581],[-98.498316659,19.73133454],[-98.498390479,19.731326351],[-98.49851729,19.73194332],[-98.498524089,19.732057091],[-98.49875408,19.731732511],[-98.499382419,19.730890321],[-98.49952063,19.730895711],[-98.499953859,19.730381151],[-98.50072038,19.73131615],[-98.50138315,19.73209149],[-98.502276429,19.733299201],[-98.503173229,19.734567121],[-98.504658,19.7346193],[-98.504688004,19.734914963],[-98.502775099,19.734882013],[-98.502142859,19.73532958],[-98.50138035,19.73605048],[-98.500722,19.73667897],[-98.50063434,19.73671726],[-98.50073672,19.736927351],[-98.50066569,19.73737308],[-98.500590249,19.737790431],[-98.500591399,19.7380184],[-98.50055763,19.73833109],[-98.500431919,19.73835366],[-98.500285199,19.738326031],[-98.50007974,19.73820083],[-98.499724569,19.737937],[-98.498986629,19.737339711],[-98.498865969,19.737234061],[-98.498103219,19.736566201],[-98.497365739,19.735889111],[-98.496908289,19.73548109],[-98.496261029,19.734875123],[-98.496083178,19.734680368],[-98.495814709,19.734427267]]]]},"properties":{"locality":"La Laguna","municipality":null,"official_key":"130080009","CVE_ENT":"13","CVE_MUN":"008","CVE_LOC":"0009","ambito":"RURAL","geometry_kind":"locality","source":"INEGI Gaia — Servicio vectorial del Marco Geoestadístico"}},{"type":"Feature","geometry":{"type":"MultiPolygon","crs":{"type":"name","properties":{"name":"EPSG:6365"}},"coordinates":[[[[-98.477050151,19.645057159],[-98.475486545,19.644856688],[-98.474360018,19.644765748],[-98.474336422,19.644765052],[-98.473335413,19.644735437],[-98.473131282,19.644379209],[-98.472788243,19.64378057],[-98.472562937,19.643386497],[-98.472005039,19.643750257],[-98.471130637,19.644275687],[-98.470234781,19.642992423],[-98.469800262,19.643093468],[-98.469674197,19.643121256],[-98.469536065,19.64313515],[-98.469177989,19.643088416],[-98.468826621,19.643017685],[-98.46802464,19.643219774],[-98.466817645,19.643487541],[-98.466034441,19.643623952],[-98.465658931,19.643922033],[-98.465648203,19.643659318],[-98.465766221,19.643320819],[-98.465744762,19.643083365],[-98.464761483,19.643748381],[-98.464620558,19.643522752],[-98.464546908,19.64340483],[-98.465890967,19.642587793],[-98.465792929,19.642415302],[-98.465676464,19.642224659],[-98.465604437,19.642106758],[-98.46552037,19.641974107],[-98.465088713,19.641292984],[-98.46492103,19.641025826],[-98.463731515,19.639130589],[-98.464959967,19.638286843],[-98.46617769,19.637534036],[-98.46625936,19.63764195],[-98.466349254,19.637583863],[-98.467499747,19.636840429],[-98.46783086,19.636638382],[-98.468261493,19.636375605],[-98.468433155,19.636264451],[-98.467993272,19.635425743],[-98.469377293,19.634647658],[-98.469940556,19.635577317],[-98.470364346,19.635456057],[-98.472123874,19.635011438],[-98.472188248,19.635112489],[-98.473894132,19.634667869],[-98.475052847,19.636698961],[-98.475256695,19.637032422],[-98.475872472,19.638056421],[-98.47594334,19.638174265],[-98.476801425,19.639596381],[-98.476806738,19.639605185],[-98.478142478,19.638534086],[-98.478367783,19.639039324],[-98.477037409,19.640085158],[-98.478037123,19.639756945],[-98.480669119,19.638892804],[-98.48185411,19.640754266],[-98.482165246,19.64122413],[-98.479996843,19.642227597],[-98.479992656,19.642229534],[-98.479874639,19.642118384],[-98.479424405,19.642270501],[-98.478217032,19.642684238],[-98.477830795,19.642952007],[-98.477358727,19.643265245],[-98.477417736,19.643341026],[-98.476859836,19.643735102],[-98.476862735,19.643752032],[-98.476959871,19.644319183],[-98.477082458,19.645061301],[-98.477050151,19.645057159]]]]},"properties":{"locality":"Lázaro Cárdenas","municipality":null,"official_key":"130080011","CVE_ENT":"13","CVE_MUN":"008","CVE_LOC":"0011","ambito":"URBANO","geometry_kind":"locality","source":"INEGI Gaia — Servicio vectorial del Marco Geoestadístico"}},{"type":"Feature","geometry":{"type":"MultiPolygon","crs":{"type":"name","properties":{"name":"EPSG:6365"}},"coordinates":[[[[-98.435360552,19.636230005],[-98.436294696,19.636126746],[-98.4362754,19.635924681],[-98.436298599,19.63539289],[-98.43638175,19.63459298],[-98.436751859,19.634688221],[-98.43726271,19.634815251],[-98.43795526,19.635021051],[-98.438468629,19.635199511],[-98.43936592,19.635599541],[-98.439856339,19.635840321],[-98.440028509,19.636013821],[-98.441107191,19.636503613],[-98.441628413,19.636744885],[-98.440282738,19.638225784],[-98.4392624,19.638022801],[-98.439272309,19.638327231],[-98.439178779,19.63830588],[-98.439023769,19.638276661],[-98.43895983,19.638226851],[-98.43891386,19.63814594],[-98.438360419,19.63797543],[-98.438058875,19.637921569],[-98.437336412,19.637791616],[-98.437423715,19.637312714],[-98.437253256,19.637262783],[-98.436802276,19.63712403],[-98.435487578,19.636700788],[-98.435360552,19.636230005]]]]},"properties":{"locality":"Malayerba","municipality":null,"official_key":"130080013","CVE_ENT":"13","CVE_MUN":"008","CVE_LOC":"0013","ambito":"RURAL","geometry_kind":"locality","source":"INEGI Gaia — Servicio vectorial del Marco Geoestadístico"}},{"type":"Feature","geometry":{"type":"MultiPolygon","crs":{"type":"name","properties":{"name":"EPSG:6365"}},"coordinates":[[[[-98.450162048,19.667148308],[-98.449881631,19.666974699],[-98.449801154,19.666970112],[-98.449779684,19.667500981],[-98.449924502,19.667582733],[-98.449988829,19.668210969],[-98.450021372,19.668543451],[-98.450043545,19.668996256],[-98.45008938,19.669713725],[-98.448440811,19.668659613],[-98.44826064,19.668539259],[-98.44807015,19.66842784],[-98.447679771,19.668183609],[-98.447329442,19.667945549],[-98.44699869,19.66774147],[-98.446056652,19.667074542],[-98.446927298,19.665746782],[-98.447191748,19.665920333],[-98.447560315,19.665405077],[-98.448040846,19.665688451],[-98.448408847,19.665259836],[-98.448581358,19.665045764],[-98.44882698,19.664763207],[-98.449218122,19.664313243],[-98.449457961,19.664037333],[-98.449497701,19.663991617],[-98.44983841,19.66360323],[-98.450018351,19.663901099],[-98.45031771,19.664393209],[-98.450505231,19.664678799],[-98.450757371,19.665059778],[-98.45083563,19.665171269],[-98.450922092,19.665332439],[-98.451087981,19.66562358],[-98.45134068,19.666051579],[-98.45175617,19.666659506],[-98.451827124,19.666892747],[-98.451543415,19.666971481],[-98.451397079,19.667118877],[-98.451032587,19.667718973],[-98.45056349,19.6673896],[-98.450162048,19.667148308]]]]},"properties":{"locality":"San Juan Ixtilmaco","municipality":null,"official_key":"130080014","CVE_ENT":"13","CVE_MUN":"008","CVE_LOC":"0014","ambito":"RURAL","geometry_kind":"locality","source":"INEGI Gaia — Servicio vectorial del Marco Geoestadístico"}},{"type":"Feature","geometry":{"type":"MultiPolygon","crs":{"type":"name","properties":{"name":"EPSG:6365"}},"coordinates":[[[[-98.437711087,19.78447486],[-98.437208567,19.784281527],[-98.43600893,19.784067831],[-98.435948214,19.783210228],[-98.435925433,19.782917381],[-98.435149049,19.782828268],[-98.43434503,19.78272283],[-98.43420978,19.78265723],[-98.43400251,19.782646351],[-98.43346268,19.78262422],[-98.433105289,19.782616951],[-98.43257845,19.782590771],[-98.43255165,19.78130985],[-98.432515279,19.780496231],[-98.432432709,19.779863981],[-98.432363117,19.778115418],[-98.434016822,19.778528377],[-98.434553996,19.778654089],[-98.434822583,19.778827998],[-98.434935419,19.779056297],[-98.435152769,19.778665652],[-98.43540092,19.778404705],[-98.435707384,19.778299471],[-98.436046036,19.778113469],[-98.436937767,19.778094003],[-98.437113762,19.778062933],[-98.437405962,19.777890142],[-98.437553169,19.780224684],[-98.438580139,19.780216981],[-98.438607619,19.78027555],[-98.438685169,19.78039283],[-98.438801109,19.780654171],[-98.438865539,19.780902631],[-98.438900219,19.780991891],[-98.438945739,19.781062081],[-98.43904122,19.78116363],[-98.439191779,19.78121505],[-98.439322119,19.78128295],[-98.439375799,19.78132897],[-98.43944115,19.781502381],[-98.43940571,19.78164189],[-98.43937429,19.78177169],[-98.43939557,19.781846911],[-98.43949351,19.781938911],[-98.43954309,19.78199892],[-98.43953883,19.782091281],[-98.43951154,19.78219562],[-98.439472219,19.782275741],[-98.43946528,19.782335571],[-98.439485059,19.78244815],[-98.43949695,19.782514421],[-98.43960415,19.782653571],[-98.439634879,19.78271989],[-98.439596719,19.782859181],[-98.439524999,19.782968481],[-98.43947765,19.78303583],[-98.439431459,19.783115091],[-98.439435089,19.783231],[-98.439478629,19.78348331],[-98.43951435,19.783610251],[-98.43960437,19.783744111],[-98.439692479,19.783809651],[-98.43976852,19.78389083],[-98.439950649,19.78415132],[-98.440039719,19.784271031],[-98.440090799,19.78438018],[-98.440094539,19.7844894],[-98.44004978,19.78457778],[-98.439923649,19.784688261],[-98.43983385,19.784769551],[-98.439784719,19.784829001],[-98.43970931,19.78502177],[-98.43964929,19.78502115],[-98.439155459,19.78469049],[-98.43883703,19.78445111],[-98.438576819,19.784329401],[-98.438478819,19.78429483],[-98.438002579,19.784077891],[-98.437733452,19.784054273],[-98.437711087,19.78447486]]]]},"properties":{"locality":"San Miguel de las Tunas","municipality":null,"official_key":"130080015","CVE_ENT":"13","CVE_MUN":"008","CVE_LOC":"0015","ambito":"RURAL","geometry_kind":"locality","source":"INEGI Gaia — Servicio vectorial del Marco Geoestadístico"}},{"type":"Feature","geometry":{"type":"MultiPolygon","crs":{"type":"name","properties":{"name":"EPSG:6365"}},"coordinates":[[[[-98.39295708,19.81366483],[-98.39288269,19.81363014],[-98.393422799,19.812751541],[-98.393859349,19.81205765],[-98.394027709,19.81177835],[-98.39417266,19.811497351],[-98.39445842,19.81102888],[-98.394884059,19.81033894],[-98.39514857,19.8098614],[-98.395300399,19.809593581],[-98.395342169,19.8095254],[-98.39546838,19.80931943],[-98.39567677,19.80897943],[-98.39617289,19.80937046],[-98.39636448,19.80953283],[-98.39662883,19.809745401],[-98.397085119,19.81009897],[-98.39710415,19.81021988],[-98.39765055,19.810643651],[-98.39768446,19.81067515],[-98.39834818,19.811194151],[-98.398654086,19.81141484],[-98.398039785,19.812529866],[-98.39819874,19.81271592],[-98.39790255,19.813096691],[-98.3976728,19.813390001],[-98.397504199,19.813596],[-98.397165709,19.81400829],[-98.39711022,19.814048631],[-98.396902799,19.814294861],[-98.39659558,19.81464503],[-98.395570895,19.813979282],[-98.395153848,19.814246815],[-98.394921187,19.81460895],[-98.394737798,19.814855625],[-98.394683159,19.814967299],[-98.394660799,19.814892571],[-98.39464991,19.814853781],[-98.394633709,19.814824601],[-98.394595339,19.81479408],[-98.39295708,19.81366483]]]]},"properties":{"locality":"Santa Cruz","municipality":null,"official_key":"130080016","CVE_ENT":"13","CVE_MUN":"008","CVE_LOC":"0016","ambito":"RURAL","geometry_kind":"locality","source":"INEGI Gaia — Servicio vectorial del Marco Geoestadístico"}},{"type":"Feature","geometry":{"type":"MultiPolygon","crs":{"type":"name","properties":{"name":"EPSG:6365"}},"coordinates":[[[[-98.437778709,19.7419588],[-98.43799243,19.74187734],[-98.43796598,19.74174212],[-98.43802375,19.74152172],[-98.43814486,19.74087535],[-98.438228659,19.740301521],[-98.43826555,19.74011811],[-98.43852865,19.740250051],[-98.43883532,19.740474851],[-98.43924672,19.740709571],[-98.43947245,19.740895741],[-98.439620479,19.74107848],[-98.43970182,19.741243781],[-98.43982457,19.741193421],[-98.440243569,19.741027151],[-98.440784339,19.74084577],[-98.44133495,19.740595221],[-98.44153023,19.74051426],[-98.44180383,19.740400861],[-98.441689949,19.741278801],[-98.441623949,19.74179618],[-98.44159903,19.74217712],[-98.4416536,19.74219698],[-98.44175246,19.74219852],[-98.44181348,19.742231951],[-98.44238614,19.74272477],[-98.44237045,19.74276395],[-98.44198423,19.743270631],[-98.441961,19.74339798],[-98.44194434,19.74349492],[-98.441874277,19.743765621],[-98.442021636,19.744042345],[-98.442984388,19.744076714],[-98.444568948,19.74425105],[-98.444410539,19.74522129],[-98.44418069,19.74633542],[-98.444073339,19.74629425],[-98.443331769,19.745827581],[-98.44228663,19.74518912],[-98.441472879,19.74468425],[-98.441351689,19.744811381],[-98.440732249,19.74541795],[-98.44013869,19.74533475],[-98.439520769,19.745267081],[-98.439473079,19.74525585],[-98.43897028,19.74521366],[-98.43869165,19.74519731],[-98.438445855,19.74542317],[-98.436691507,19.745350213],[-98.435438589,19.746410364],[-98.435272892,19.745209429],[-98.43531449,19.744890061],[-98.433558319,19.74354162],[-98.435590119,19.742776571],[-98.43674518,19.74234798],[-98.437778709,19.7419588]]]]},"properties":{"locality":"San Diego Tlalayote","municipality":null,"official_key":"130080018","CVE_ENT":"13","CVE_MUN":"008","CVE_LOC":"0018","ambito":"RURAL","geometry_kind":"locality","source":"INEGI Gaia — Servicio vectorial del Marco Geoestadístico"}},{"type":"Feature","geometry":{"type":"MultiPolygon","crs":{"type":"name","properties":{"name":"EPSG:6365"}},"coordinates":[[[[-98.49170862,19.68332034],[-98.492416194,19.682458424],[-98.491975784,19.682061196],[-98.492529932,19.681342934],[-98.49226632,19.6811786],[-98.491878685,19.68092956],[-98.491480321,19.68068052],[-98.491128926,19.680466166],[-98.492025307,19.679435063],[-98.491894139,19.679338751],[-98.492086046,19.679080974],[-98.492503924,19.679540861],[-98.492654841,19.679344801],[-98.49286385,19.679487798],[-98.49292661,19.679489252],[-98.492989277,19.67941587],[-98.493070522,19.679172144],[-98.493040407,19.679083181],[-98.492909879,19.678965042],[-98.492958138,19.678798127],[-98.493315946,19.679003218],[-98.494021154,19.679412843],[-98.494745278,19.679828817],[-98.49501303,19.67999694],[-98.495585829,19.680386031],[-98.495800649,19.68052135],[-98.4962182,19.68079242],[-98.496719479,19.68109825],[-98.497188405,19.681375282],[-98.497132655,19.680809376],[-98.497720633,19.680950617],[-98.497976013,19.681801224],[-98.497393024,19.682355131],[-98.496991071,19.682818676],[-98.496312237,19.683576275],[-98.496105258,19.683464237],[-98.49581245,19.68327138],[-98.49540225,19.6830688],[-98.495383739,19.683044111],[-98.49535851,19.683013051],[-98.495001089,19.6828294],[-98.494856,19.68275975],[-98.494683219,19.68266048],[-98.49323619,19.684306581],[-98.492541999,19.68385582],[-98.492379289,19.683753261],[-98.49170862,19.68332034]]]]},"properties":{"locality":"Los Voladores","municipality":null,"official_key":"130080019","CVE_ENT":"13","CVE_MUN":"008","CVE_LOC":"0019","ambito":"RURAL","geometry_kind":"locality","source":"INEGI Gaia — Servicio vectorial del Marco Geoestadístico"}},{"type":"Feature","geometry":{"type":"MultiPolygon","crs":{"type":"name","properties":{"name":"EPSG:6365"}},"coordinates":[[[[-98.512029208,19.614158783],[-98.511068252,19.613688455],[-98.510130585,19.613229516],[-98.509143183,19.612966907],[-98.50905411,19.613202768],[-98.508183875,19.612871863],[-98.508521765,19.611935674],[-98.507479759,19.611730153],[-98.507617821,19.611316069],[-98.506620369,19.61127578],[-98.507155279,19.60946012],[-98.506836449,19.60930691],[-98.506821029,19.609242941],[-98.50704202,19.60913037],[-98.507099399,19.609063981],[-98.507364279,19.608931181],[-98.50748963,19.6088676],[-98.507743219,19.60878471],[-98.50781446,19.60875412],[-98.50791483,19.608612971],[-98.50795209,19.608556851],[-98.508015659,19.60852502],[-98.508408429,19.60855765],[-98.50875798,19.60867026],[-98.509266419,19.608843571],[-98.5094506,19.60890152],[-98.509490019,19.608777381],[-98.509507579,19.60864234],[-98.509519689,19.608539771],[-98.50958462,19.608446951],[-98.509702089,19.60835932],[-98.50994272,19.60832105],[-98.5101878,19.608317381],[-98.51015758,19.608243771],[-98.51005314,19.608108801],[-98.51002154,19.607987601],[-98.51003102,19.607870851],[-98.510064799,19.607777221],[-98.510144849,19.60764575],[-98.510268489,19.607529291],[-98.5103664,19.607406781],[-98.510420029,19.607285821],[-98.51044012,19.607184941],[-98.510527979,19.60714402],[-98.510544569,19.60719318],[-98.510664599,19.6073282],[-98.510821509,19.60744588],[-98.510960459,19.6075118],[-98.51116768,19.607588431],[-98.511355059,19.607661001],[-98.51145998,19.60772266],[-98.51166494,19.607840651],[-98.511814379,19.607919201],[-98.512096229,19.608044111],[-98.51230154,19.608120691],[-98.512364799,19.60816034],[-98.51256132,19.60827203],[-98.51287818,19.608424461],[-98.513095819,19.608546351],[-98.5131924,19.6086242],[-98.51326857,19.60869214],[-98.51338329,19.608746171],[-98.51377286,19.60889474],[-98.513900489,19.608929021],[-98.514006549,19.608983],[-98.514550879,19.6092226],[-98.51524129,19.6095428],[-98.51558129,19.609697571],[-98.5156522,19.609467861],[-98.51573532,19.609325281],[-98.515787089,19.609576971],[-98.515721289,19.61036475],[-98.515683649,19.61070614],[-98.515371949,19.610612621],[-98.51528137,19.610569781],[-98.514956949,19.611041401],[-98.514853549,19.611203661],[-98.51469375,19.611422201],[-98.51508685,19.61164638],[-98.515478289,19.611845401],[-98.51548703,19.611981021],[-98.515314549,19.61200049],[-98.51516834,19.61204374],[-98.51517555,19.612877581],[-98.51520817,19.61430958],[-98.515180614,19.615567414],[-98.514616995,19.615303337],[-98.514214018,19.615099328],[-98.51299899,19.614543898],[-98.513077439,19.61436172],[-98.512152741,19.613926885],[-98.512029208,19.614158783]]]]},"properties":{"locality":"Zotoluca (Veloz)","municipality":null,"official_key":"130080020","CVE_ENT":"13","CVE_MUN":"008","CVE_LOC":"0020","ambito":"RURAL","geometry_kind":"locality","source":"INEGI Gaia — Servicio vectorial del Marco Geoestadístico"}},{"type":"Feature","geometry":{"type":"MultiPolygon","crs":{"type":"name","properties":{"name":"EPSG:6365"}},"coordinates":[[[[-98.427716036,19.761881777],[-98.427343114,19.761677788],[-98.426848432,19.761395814],[-98.426760462,19.76153402],[-98.426407335,19.761440161],[-98.425794616,19.761470281],[-98.425904588,19.76077434],[-98.426057475,19.760462083],[-98.42624653,19.760269641],[-98.427113741,19.760186525],[-98.42733255,19.759843951],[-98.427458539,19.75973471],[-98.427593779,19.759676581],[-98.4277706,19.759653],[-98.427857089,19.759631],[-98.42792017,19.75956434],[-98.428276909,19.75883928],[-98.429839569,19.759499861],[-98.429463428,19.760274194],[-98.429951953,19.760667346],[-98.429910622,19.760925898],[-98.429909707,19.76111529],[-98.42992309,19.76125778],[-98.430082414,19.761413388],[-98.43025079,19.761564744],[-98.430416607,19.761743977],[-98.430594076,19.761898723],[-98.43083735,19.762052053],[-98.431002717,19.762170889],[-98.431173969,19.762258091],[-98.431377408,19.762315002],[-98.431859388,19.762428822],[-98.432168889,19.762535302],[-98.43232655,19.762667484],[-98.432438132,19.762890049],[-98.432519971,19.762989334],[-98.432227089,19.76346646],[-98.432002859,19.76385451],[-98.431869619,19.76408511],[-98.43164265,19.76446163],[-98.430951195,19.764142363],[-98.43028006,19.763904035],[-98.429909624,19.76372165],[-98.429703917,19.76353175],[-98.429616229,19.76322069],[-98.429572102,19.763089939],[-98.429220832,19.762675754],[-98.428917843,19.762549333],[-98.428586274,19.762374376],[-98.427716036,19.761881777]]]]},"properties":{"locality":"San Lucas","municipality":null,"official_key":"130080026","CVE_ENT":"13","CVE_MUN":"008","CVE_LOC":"0026","ambito":"RURAL","geometry_kind":"locality","source":"INEGI Gaia — Servicio vectorial del Marco Geoestadístico"}},{"type":"Feature","geometry":{"type":"MultiPolygon","crs":{"type":"name","properties":{"name":"EPSG:6365"}},"coordinates":[[[[-98.495769762,19.757362877],[-98.495428599,19.758180316],[-98.494871133,19.75792174],[-98.494892806,19.757610701],[-98.495086142,19.757259273],[-98.493901036,19.756904772],[-98.494040526,19.756392148],[-98.493418258,19.756083503],[-98.492683334,19.756421426],[-98.492063744,19.756504559],[-98.49135296,19.756708859],[-98.491028417,19.756622356],[-98.490675708,19.756377158],[-98.4906281,19.756294947],[-98.490834965,19.756117529],[-98.491008135,19.755862214],[-98.491073263,19.755633581],[-98.491001221,19.755552081],[-98.491016162,19.755347249],[-98.490862699,19.755191822],[-98.491170578,19.75430938],[-98.493163473,19.755869243],[-98.493325754,19.754836695],[-98.494630658,19.755192538],[-98.49451267,19.7548842],[-98.493230589,19.754654298],[-98.493281555,19.754338076],[-98.493359343,19.754143023],[-98.493651708,19.754172638],[-98.493642323,19.753965301],[-98.494275996,19.754023193],[-98.494383955,19.754272936],[-98.494577295,19.754763356],[-98.495312439,19.754829684],[-98.495733158,19.755108852],[-98.496507929,19.755196169],[-98.49663897,19.754243453],[-98.496661575,19.753863016],[-98.496662722,19.753522971],[-98.496500239,19.75307454],[-98.496411305,19.752702749],[-98.496619679,19.752464043],[-98.496693102,19.752208775],[-98.496646831,19.751637651],[-98.496425541,19.751161847],[-98.496090252,19.750735313],[-98.495671828,19.750139549],[-98.494254374,19.751943703],[-98.493431957,19.751787667],[-98.493328375,19.751944656],[-98.493142665,19.751935511],[-98.492860698,19.751389424],[-98.493149802,19.751007521],[-98.493431769,19.750682724],[-98.493531706,19.75061848],[-98.493656628,19.750522111],[-98.493692319,19.750415035],[-98.493703027,19.750240756],[-98.493756047,19.750101893],[-98.493911305,19.750022366],[-98.494037212,19.749977552],[-98.493709273,19.749751772],[-98.493413521,19.749505795],[-98.493063414,19.749952934],[-98.492554366,19.749703623],[-98.491929444,19.749410393],[-98.491192818,19.748634926],[-98.49050606,19.749261278],[-98.48856939,19.747762039],[-98.488120999,19.747711525],[-98.487674149,19.747314061],[-98.487458359,19.747259877],[-98.48701399,19.746812646],[-98.487980227,19.745918087],[-98.488281856,19.745989708],[-98.488442414,19.74611205],[-98.489251912,19.745905987],[-98.489782459,19.745881688],[-98.489871211,19.745735525],[-98.489740022,19.74508446],[-98.489955077,19.74439831],[-98.489848268,19.743863626],[-98.489677084,19.743354188],[-98.489318624,19.743125487],[-98.488976258,19.742947279],[-98.48900848,19.742822566],[-98.488954873,19.742748345],[-98.488847655,19.742650392],[-98.488788791,19.742499932],[-98.488665695,19.742567594],[-98.488505338,19.742556491],[-98.488326204,19.742545387],[-98.487181475,19.74199908],[-98.487335509,19.741792583],[-98.487498358,19.741719629],[-98.487601238,19.741612464],[-98.487586104,19.741343726],[-98.487547781,19.741239761],[-98.486828927,19.741178967],[-98.486424032,19.741058352],[-98.484817509,19.739645151],[-98.484559504,19.738818699],[-98.485675289,19.738344496],[-98.487251494,19.737581358],[-98.487733359,19.73728275],[-98.488375223,19.736806712],[-98.488865015,19.735935423],[-98.489200871,19.735727829],[-98.490375466,19.736547814],[-98.490422801,19.736607918],[-98.490428409,19.737034896],[-98.491017358,19.737719297],[-98.491453712,19.73873623],[-98.491144377,19.738771453],[-98.490818949,19.738922809],[-98.490565057,19.739139681],[-98.490386343,19.739411361],[-98.49029286,19.73960872],[-98.49047189,19.73976745],[-98.490672979,19.73995643],[-98.490864169,19.74018842],[-98.491123629,19.74045932],[-98.491249879,19.74067354],[-98.491369749,19.740940481],[-98.491468279,19.741178881],[-98.491662379,19.74146946],[-98.49176152,19.741590771],[-98.491940749,19.74169089],[-98.4921262,19.74178223],[-98.49220646,19.74185277],[-98.49222485,19.74191434],[-98.492212219,19.7419934],[-98.49215617,19.742095781],[-98.492093859,19.74221865],[-98.49196022,19.742385261],[-98.49186706,19.74247874],[-98.49178012,19.742557601],[-98.491962179,19.742742681],[-98.49224946,19.743034311],[-98.49258918,19.74334942],[-98.492950549,19.743723231],[-98.49327766,19.744052281],[-98.493626969,19.74438232],[-98.493802055,19.74451628],[-98.49393504,19.744557308],[-98.49429118,19.744677121],[-98.49452917,19.744754167],[-98.49478462,19.744824001],[-98.494910546,19.744839787],[-98.494936942,19.74491868],[-98.49489198,19.745041774],[-98.494818372,19.745163466],[-98.494740455,19.745264094],[-98.494622788,19.745388263],[-98.494513913,19.745481464],[-98.49441654,19.74556863],[-98.494588319,19.74601789],[-98.49466897,19.746433771],[-98.494719519,19.74688911],[-98.494740219,19.747133111],[-98.49478055,19.74798154],[-98.49478342,19.748255711],[-98.49483308,19.748481321],[-98.494880199,19.74857491],[-98.495023339,19.748859171],[-98.495211349,19.749142621],[-98.49534428,19.74936357],[-98.495443468,19.749528462],[-98.49547538,19.749581511],[-98.495626349,19.749780981],[-98.49586351,19.75009435],[-98.496092349,19.750468951],[-98.496278019,19.750643401],[-98.49653692,19.75083668],[-98.496740059,19.750943291],[-98.49687655,19.750981031],[-98.49695854,19.751002],[-98.49742435,19.75110789],[-98.497674599,19.75120185],[-98.49772292,19.751219981],[-98.49796277,19.75129312],[-98.498080939,19.751407151],[-98.498432689,19.75161002],[-98.49870558,19.75183388],[-98.498753662,19.751901645],[-98.498893289,19.75209843],[-98.49899915,19.75228765],[-98.499088422,19.752474816],[-98.499345661,19.753027456],[-98.499569859,19.75356686],[-98.49963703,19.75373822],[-98.499870969,19.754224491],[-98.50007342,19.754679751],[-98.500297549,19.7551652],[-98.50038772,19.75546525],[-98.500399249,19.755855578],[-98.50041726,19.75646522],[-98.500492294,19.75666587],[-98.500605889,19.756969631],[-98.500332993,19.756873792],[-98.499628759,19.756533346],[-98.499328948,19.756440546],[-98.49905055,19.756281123],[-98.498869712,19.756366783],[-98.498760257,19.756466721],[-98.498455686,19.756714185],[-98.498227258,19.756823639],[-98.497922687,19.756975925],[-98.497660946,19.757042551],[-98.497337339,19.756985442],[-98.496574784,19.756924736],[-98.49636712,19.757432238],[-98.495769762,19.757362877]]]]},"properties":{"locality":"Lomas del Pedregal","municipality":null,"official_key":"130080051","CVE_ENT":"13","CVE_MUN":"008","CVE_LOC":"0051","ambito":"RURAL","geometry_kind":"locality","source":"INEGI Gaia — Servicio vectorial del Marco Geoestadístico"}},{"type":"Feature","geometry":{"type":"MultiPolygon","crs":{"type":"name","properties":{"name":"EPSG:6365"}},"coordinates":[[[[-98.463666634,19.768145158],[-98.463226753,19.767938176],[-98.462304073,19.767514121],[-98.462325529,19.767418202],[-98.462325529,19.767226367],[-98.462271885,19.76706482],[-98.462180691,19.766948709],[-98.462068037,19.766812403],[-98.462599115,19.766625616],[-98.463055091,19.766489311],[-98.463001445,19.765883509],[-98.462760046,19.764994995],[-98.462786869,19.764732478],[-98.462888793,19.764828399],[-98.463022904,19.764873833],[-98.463157015,19.764878883],[-98.463269667,19.764838495],[-98.46334477,19.764873833],[-98.463398414,19.765000043],[-98.463441328,19.765262558],[-98.463441329,19.765711864],[-98.46347888,19.765933992],[-98.463521795,19.76630757],[-98.463580804,19.767120353],[-98.463666634,19.768145158]]]]},"properties":{"locality":"Buena Vista","municipality":null,"official_key":"130080127","CVE_ENT":"13","CVE_MUN":"008","CVE_LOC":"0127","ambito":"RURAL","geometry_kind":"locality","source":"INEGI Gaia — Servicio vectorial del Marco Geoestadístico"}},{"type":"Feature","geometry":{"type":"MultiPolygon","crs":{"type":"name","properties":{"name":"EPSG:6365"}},"coordinates":[[[[-98.432661443,19.691915027],[-98.43254654,19.692174726],[-98.430898049,19.691591801],[-98.430878072,19.690854843],[-98.430984744,19.690438477],[-98.431438357,19.689823367],[-98.432914902,19.691213195],[-98.432661443,19.691915027]]]]},"properties":{"locality":"La Era de Ocotepec","municipality":null,"official_key":"130080194","CVE_ENT":"13","CVE_MUN":"008","CVE_LOC":"0194","ambito":"RURAL","geometry_kind":"locality","source":"INEGI Gaia — Servicio vectorial del Marco Geoestadístico"}},{"type":"Feature","geometry":{"type":"MultiPolygon","crs":{"type":"name","properties":{"name":"EPSG:6365"}},"coordinates":[[[[-98.459142985,19.694127831],[-98.459193538,19.694157585],[-98.459225354,19.694199862],[-98.459337892,19.694370338],[-98.459441353,19.694467938],[-98.459670077,19.694599615],[-98.460088922,19.694799754],[-98.459964491,19.695039078],[-98.459897537,19.695145154],[-98.459826922,19.695251138],[-98.459750307,19.695376078],[-98.459682861,19.695501246],[-98.459634891,19.695652908],[-98.459552014,19.695717768],[-98.459487641,19.695734183],[-98.459286476,19.695722819],[-98.458991433,19.695616757],[-98.458677492,19.695564738],[-98.458111276,19.695390938],[-98.457827308,19.695354846],[-98.457674246,19.695321815],[-98.457570662,19.69529137],[-98.457475999,19.695284555],[-98.457321569,19.695237969],[-98.4570726,19.695170032],[-98.456811277,19.695013662],[-98.456655999,19.694885538],[-98.456689414,19.694673955],[-98.456752845,19.694483693],[-98.456760231,19.694421077],[-98.456787214,19.694018355],[-98.456830522,19.693822846],[-98.456797015,19.693580862],[-98.456842399,19.693468877],[-98.456880785,19.693422031],[-98.456939985,19.693390754],[-98.457030953,19.693362738],[-98.457079477,19.693333724],[-98.457110615,19.693259077],[-98.457140662,19.693168463],[-98.457140107,19.693074969],[-98.457066169,19.692381863],[-98.457090491,19.692176047],[-98.457117676,19.692042093],[-98.457278631,19.691958369],[-98.457390861,19.691925109],[-98.457395214,19.691667231],[-98.457260815,19.691679831],[-98.45722323,19.691498708],[-98.457236877,19.691410863],[-98.457277615,19.69132617],[-98.457308446,19.691236478],[-98.457330953,19.691079969],[-98.457346385,19.690884508],[-98.457417031,19.690803769],[-98.457450445,19.690730924],[-98.457455645,19.690652463],[-98.457450492,19.69045797],[-98.457449554,19.690430369],[-98.457399122,19.690244755],[-98.457362353,19.690188986],[-98.457331076,19.690150201],[-98.457267477,19.6900562],[-98.45724843,19.690026109],[-98.457235862,19.690002586],[-98.457173031,19.689871401],[-98.457148215,19.689783863],[-98.457151092,19.689667969],[-98.457144261,19.689466016],[-98.457181184,19.689281185],[-98.457185677,19.689238169],[-98.457234714,19.689152532],[-98.458440303,19.68914734],[-98.458420822,19.688556327],[-98.458557232,19.688035032],[-98.458736361,19.687455872],[-98.45934241,19.687353311],[-98.459484309,19.687688623],[-98.459858523,19.68734991],[-98.46005493,19.68731507],[-98.460168797,19.68767976],[-98.46033216,19.687729807],[-98.460412774,19.688078466],[-98.460522894,19.688550868],[-98.460609021,19.688990592],[-98.459988504,19.689588301],[-98.459882092,19.689695224],[-98.460035418,19.690390132],[-98.460269208,19.690877957],[-98.460383414,19.691066847],[-98.461382261,19.691609324],[-98.461688522,19.691718908],[-98.461877831,19.691825755],[-98.46201263,19.691906246],[-98.460905877,19.692748954],[-98.460446184,19.693143786],[-98.459344938,19.694045078],[-98.459243677,19.694097093],[-98.459142985,19.694127831]]]]},"properties":{"locality":"San José el Mirador","municipality":null,"official_key":"130080200","CVE_ENT":"13","CVE_MUN":"008","CVE_LOC":"0200","ambito":"RURAL","geometry_kind":"locality","source":"INEGI Gaia — Servicio vectorial del Marco Geoestadístico"}},{"type":"Feature","geometry":{"type":"MultiPolygon","crs":{"type":"name","properties":{"name":"EPSG:6365"}},"coordinates":[[[[-98.471410796,19.695923067],[-98.471206947,19.695943269],[-98.471008465,19.695928118],[-98.470922634,19.695928117],[-98.470525667,19.695897813],[-98.470091148,19.695882663],[-98.470008,19.695870036],[-98.469629809,19.695847309],[-98.469195292,19.695817006],[-98.468744679,19.695791752],[-98.46865885,19.695059418],[-98.469120189,19.695069518],[-98.469141646,19.695291744],[-98.469554708,19.695266491],[-98.46952252,19.695114974],[-98.469965084,19.695097298],[-98.469978496,19.695165479],[-98.470394238,19.695173055],[-98.470391556,19.695092247],[-98.470874355,19.695137702],[-98.470874354,19.695185682],[-98.471341058,19.695195784],[-98.471410796,19.695923067]]]]},"properties":{"locality":"Bosques de Chulco","municipality":null,"official_key":"130080205","CVE_ENT":"13","CVE_MUN":"008","CVE_LOC":"0205","ambito":"RURAL","geometry_kind":"locality","source":"INEGI Gaia — Servicio vectorial del Marco Geoestadístico"}},{"type":"Feature","geometry":{"type":"MultiPolygon","crs":{"type":"name","properties":{"name":"EPSG:6365"}},"coordinates":[[[[-98.468796799,19.727115028],[-98.468464205,19.727367509],[-98.46814234,19.727574541],[-98.467772196,19.727816919],[-98.467117735,19.728205736],[-98.466425725,19.727622512],[-98.46634526,19.72747355],[-98.46631039,19.727426842],[-98.466227242,19.727340367],[-98.466146776,19.72727062],[-98.466048876,19.72720545],[-98.465938234,19.727165289],[-98.465798089,19.727046861],[-98.466355989,19.726640367],[-98.466667126,19.726408086],[-98.467015812,19.726180854],[-98.467391321,19.725953621],[-98.46810479,19.726529276],[-98.468796799,19.727115028]]]]},"properties":{"locality":"La Hidalguense","municipality":null,"official_key":"130080206","CVE_ENT":"13","CVE_MUN":"008","CVE_LOC":"0206","ambito":"RURAL","geometry_kind":"locality","source":"INEGI Gaia — Servicio vectorial del Marco Geoestadístico"}},{"type":"Feature","geometry":{"type":"MultiPolygon","crs":{"type":"name","properties":{"name":"EPSG:6365"}},"coordinates":[[[[-98.465530362,19.71270718],[-98.465341264,19.712647841],[-98.464669372,19.712659203],[-98.464173171,19.71260458],[-98.463540162,19.712558203],[-98.462974216,19.712487502],[-98.462752596,19.712456027],[-98.46276066,19.712219353],[-98.462759968,19.712051434],[-98.462657527,19.711851755],[-98.462532115,19.711610164],[-98.462407785,19.711521508],[-98.462267863,19.71144808],[-98.462216394,19.711430687],[-98.462142854,19.71140978],[-98.462121173,19.711396201],[-98.462169208,19.711302338],[-98.462243175,19.711204764],[-98.462303698,19.711184901],[-98.462471975,19.711129671],[-98.462675175,19.711058862],[-98.463053181,19.710970395],[-98.463226468,19.710968686],[-98.463331223,19.710972573],[-98.463487203,19.710993486],[-98.46389634,19.710863443],[-98.464127839,19.710754226],[-98.464669646,19.710597672],[-98.464830578,19.710542121],[-98.465302646,19.710259315],[-98.465468944,19.710234066],[-98.465844453,19.711299635],[-98.466045619,19.711966247],[-98.466225326,19.711915745],[-98.466627657,19.712956056],[-98.466155588,19.713097457],[-98.466015841,19.713128857],[-98.465530362,19.71270718]]],[[[-98.460863662,19.718259773],[-98.461738061,19.716153966],[-98.46146984,19.716073166],[-98.460676259,19.715842143],[-98.460775066,19.71546364],[-98.461066378,19.715536059],[-98.461197446,19.715147339],[-98.46176034,19.71532312],[-98.462059926,19.715416673],[-98.462676835,19.715608572],[-98.463379572,19.715861069],[-98.463948201,19.716007517],[-98.464640211,19.716224665],[-98.465241026,19.714795528],[-98.4656219,19.71396733],[-98.466158341,19.71431578],[-98.466566037,19.714623829],[-98.46648557,19.714795528],[-98.467209767,19.715250026],[-98.466855716,19.715840869],[-98.467676471,19.716330713],[-98.467891049,19.716472111],[-98.468679617,19.716967002],[-98.468529415,19.717285145],[-98.468373846,19.717633588],[-98.468223642,19.71801233],[-98.468078804,19.718315321],[-98.467719387,19.718542565],[-98.467172217,19.718204224],[-98.466989826,19.718098178],[-98.465187381,19.716936702],[-98.465010356,19.717355844],[-98.464913796,19.717325546],[-98.464404176,19.71868901],[-98.463755082,19.718325422],[-98.463288377,19.719411139],[-98.462102841,19.718865755],[-98.461512756,19.718562764],[-98.460863662,19.718259773]]]]},"properties":{"locality":"Las Haciendas","municipality":null,"official_key":"130080218","CVE_ENT":"13","CVE_MUN":"008","CVE_LOC":"0218","ambito":"RURAL","geometry_kind":"locality","source":"INEGI Gaia — Servicio vectorial del Marco Geoestadístico"}},{"type":"Feature","geometry":{"type":"MultiPolygon","crs":{"type":"name","properties":{"name":"EPSG:6365"}},"coordinates":[[[[-98.460219623,19.698997353],[-98.45980427,19.69792927],[-98.459637462,19.697480219],[-98.459570583,19.697300177],[-98.459472977,19.697037049],[-98.459185102,19.696277773],[-98.459167895,19.696232389],[-98.459072438,19.696251144],[-98.459055566,19.696119012],[-98.458991433,19.695616757],[-98.459286476,19.695722819],[-98.459487641,19.695734183],[-98.459552014,19.695717768],[-98.459634891,19.695652908],[-98.459819568,19.695738081],[-98.45997455,19.69578189],[-98.460215673,19.695758111],[-98.461274201,19.698636135],[-98.461468793,19.699060747],[-98.461569674,19.699318282],[-98.459344688,19.700025305],[-98.459316789,19.70003417],[-98.45929304,19.699770701],[-98.459252099,19.699316526],[-98.460219623,19.698997353]]]]},"properties":{"locality":"Ampliación Loma Bonita","municipality":null,"official_key":"130080233","CVE_ENT":"13","CVE_MUN":"008","CVE_LOC":"0233","ambito":"RURAL","geometry_kind":"locality","source":"INEGI Gaia — Servicio vectorial del Marco Geoestadístico"}},{"type":"Feature","geometry":{"type":"MultiPolygon","crs":{"type":"name","properties":{"name":"EPSG:6365"}},"coordinates":[[[[-98.497832985,19.75084881],[-98.498001772,19.751183565],[-98.49765845,19.751102785],[-98.496971805,19.750913452],[-98.496825488,19.750880558],[-98.496654799,19.750831944],[-98.496472893,19.750744526],[-98.496323176,19.750621768],[-98.496195402,19.750507517],[-98.496085916,19.750362039],[-98.495638473,19.749666232],[-98.495673573,19.749515218],[-98.495692396,19.74940602],[-98.495697192,19.74928728],[-98.495651201,19.749046491],[-98.495625859,19.748832091],[-98.495605799,19.74874431],[-98.495550319,19.748543812],[-98.495432268,19.748336152],[-98.49536788,19.748222223],[-98.495400048,19.748002266],[-98.495676822,19.747464949],[-98.496161836,19.7474282],[-98.496668508,19.747329994],[-98.497601421,19.746896737],[-98.49782671,19.74706073],[-98.498261567,19.747340988],[-98.498297066,19.74746374],[-98.498670524,19.747803594],[-98.499138707,19.748128734],[-98.49859496,19.74904864],[-98.498083396,19.749913002],[-98.498238482,19.750104482],[-98.497832985,19.75084881]]]]},"properties":{"locality":"Lomas del Tepeyac","municipality":null,"official_key":"130080235","CVE_ENT":"13","CVE_MUN":"008","CVE_LOC":"0235","ambito":"RURAL","geometry_kind":"locality","source":"INEGI Gaia — Servicio vectorial del Marco Geoestadístico"}},{"type":"Feature","geometry":{"type":"MultiPolygon","crs":{"type":"name","properties":{"name":"EPSG:6365"}},"coordinates":[[[[-98.445985063,19.71821415],[-98.446124723,19.718252108],[-98.4461584,19.718261085],[-98.446530317,19.718360214],[-98.446895688,19.718457531],[-98.4471699,19.718516118],[-98.447412136,19.718567734],[-98.447639414,19.718615062],[-98.447822984,19.718629554],[-98.447676523,19.718782032],[-98.447488769,19.718939538],[-98.447350508,19.719020246],[-98.44705572,19.719204347],[-98.446980353,19.719251415],[-98.446784332,19.719377486],[-98.445119644,19.718963556],[-98.445243246,19.718800189],[-98.445392596,19.718599615],[-98.445633095,19.718469019],[-98.445985063,19.71821415]]]]},"properties":{"locality":"UNTA [Colonia]","municipality":null,"official_key":"130080237","CVE_ENT":"13","CVE_MUN":"008","CVE_LOC":"0237","ambito":"RURAL","geometry_kind":"locality","source":"INEGI Gaia — Servicio vectorial del Marco Geoestadístico"}},{"type":"Feature","geometry":{"type":"MultiPolygon","crs":{"type":"name","properties":{"name":"EPSG:6365"}},"coordinates":[[[[-98.445721902,19.720024855],[-98.445381261,19.720221796],[-98.444868959,19.720514686],[-98.444646336,19.720827772],[-98.444592691,19.720900994],[-98.444292284,19.721196407],[-98.442715145,19.720837872],[-98.442806339,19.720714152],[-98.442556896,19.720474288],[-98.443224765,19.719689043],[-98.443476893,19.719843062],[-98.443541266,19.719795088],[-98.44359491,19.719812762],[-98.443892634,19.719585521],[-98.445721902,19.720024855]]]]},"properties":{"locality":"El Jazmín","municipality":null,"official_key":"130080238","CVE_ENT":"13","CVE_MUN":"008","CVE_LOC":"0238","ambito":"RURAL","geometry_kind":"locality","source":"INEGI Gaia — Servicio vectorial del Marco Geoestadístico"}},{"type":"Feature","geometry":{"type":"Polygon","coordinates":[[[-98.4436448,19.7046752],[-98.4443144,19.7046936],[-98.4458293,19.7046966],[-98.4458591,19.7046966],[-98.4456136,19.705545],[-98.4442868,19.7049333],[-98.4436448,19.7046752]]]},"properties":{"locality":"EL CARMEN","official_key":"1300800010001","CVE_ENT":"13","CVE_MUN":"008","CVE_LOC":"0001","CVE_ASEN":"0001","settlement_type":"FRACCIONAMIENTO","source":"INEGI DCAH 2025"}},{"type":"Feature","geometry":{"type":"Polygon","coordinates":[[[-98.4442868,19.7049333],[-98.4456136,19.705545],[-98.4458591,19.7046966],[-98.4463828,19.7047007],[-98.4468968,19.7047156],[-98.4472237,19.7048609],[-98.4470346,19.7052859],[-98.4466832,19.7061187],[-98.446647,19.7062173],[-98.4466139,19.7063529],[-98.4466102,19.7065187],[-98.4466307,19.7069005],[-98.4465842,19.7069208],[-98.4463647,19.7069259],[-98.4461476,19.706931],[-98.4459618,19.7069354],[-98.4456936,19.7069417],[-98.4452086,19.7069579],[-98.444915,19.7069754],[-98.4447421,19.7069893],[-98.444354,19.7070054],[-98.443946,19.7070168],[-98.4440788,19.7061269],[-98.4441199,19.7058787],[-98.4441932,19.7055616],[-98.4442184,19.7054712],[-98.4442327,19.7054026],[-98.4442868,19.7049333]]]},"properties":{"locality":"AZTECA","official_key":"1300800010002","CVE_ENT":"13","CVE_MUN":"008","CVE_LOC":"0001","CVE_ASEN":"0002","settlement_type":"COLONIA","source":"INEGI DCAH 2025"}},{"type":"Feature","geometry":{"type":"Polygon","coordinates":[[[-98.4423206,19.7088358],[-98.4421868,19.7087899],[-98.4418557,19.7086104],[-98.4414692,19.7084432],[-98.4413096,19.7083871],[-98.4412133,19.7083374],[-98.4430234,19.7070815],[-98.4430431,19.7070816],[-98.4430665,19.7070817],[-98.4431221,19.7070722],[-98.4431913,19.7070509],[-98.443484,19.707048],[-98.4436065,19.7070287],[-98.443946,19.7070168],[-98.444354,19.7070054],[-98.4447421,19.7069893],[-98.444915,19.7069754],[-98.4452086,19.7069579],[-98.4456936,19.7069417],[-98.4459618,19.7069354],[-98.4461476,19.706931],[-98.4463647,19.7069259],[-98.4465842,19.7069208],[-98.4466307,19.7069005],[-98.4466094,19.7069455],[-98.4466228,19.7073085],[-98.446649,19.7077688],[-98.4466635,19.7078163],[-98.4466853,19.7080412],[-98.4467079,19.7084144],[-98.4467414,19.7090157],[-98.4467406,19.7090525],[-98.4450321,19.7091722],[-98.4446774,19.7091953],[-98.4440262,19.7092285],[-98.4439519,19.7092311],[-98.4437858,19.7092365],[-98.4435944,19.7091178],[-98.4432051,19.7088766],[-98.443165,19.7088517],[-98.4428873,19.7088486],[-98.4425275,19.7088632],[-98.4423206,19.7088358]]]},"properties":{"locality":"BELLAVISTA","official_key":"1300800010003","CVE_ENT":"13","CVE_MUN":"008","CVE_LOC":"0001","CVE_ASEN":"0003","settlement_type":"COLONIA","source":"INEGI DCAH 2025"}},{"type":"Feature","geometry":{"type":"Polygon","coordinates":[[[-98.4559295,19.710767],[-98.4557489,19.7107135],[-98.455166,19.7107218],[-98.4551693,19.7105821],[-98.4551796,19.7102213],[-98.4551849,19.7099683],[-98.4551928,19.7093936],[-98.4551929,19.7093936],[-98.4552692,19.7093914],[-98.4552693,19.7093913],[-98.4553049,19.7093507],[-98.4553049,19.7093507],[-98.455342,19.709284],[-98.455342,19.709284],[-98.4554035,19.7092423],[-98.4554977,19.7092405],[-98.4555266,19.7084134],[-98.4555266,19.7084134],[-98.4560051,19.7083828],[-98.4564658,19.708342],[-98.4568127,19.7083208],[-98.4568401,19.7083147],[-98.4569397,19.7083076],[-98.457955,19.7082352],[-98.4588383,19.7081819],[-98.4598384,19.7081147],[-98.4605469,19.7080663],[-98.4606128,19.7081016],[-98.4607879,19.7081725],[-98.4609473,19.7081983],[-98.4610464,19.7082171],[-98.4611052,19.7082331],[-98.4612707,19.7083284],[-98.4614259,19.7084128],[-98.4615131,19.7084511],[-98.4615965,19.7084699],[-98.4616789,19.7084758],[-98.4617388,19.7084527],[-98.4618015,19.7083819],[-98.4618724,19.7083238],[-98.4619349,19.708414],[-98.4619394,19.7084724],[-98.4618842,19.7086997],[-98.4617657,19.7090832],[-98.4616808,19.7093507],[-98.4615588,19.7097189],[-98.4615379,19.7097625],[-98.4614957,19.7098054],[-98.4623718,19.7100161],[-98.462813,19.7086756],[-98.4629727,19.7088321],[-98.4630945,19.7089268],[-98.4631663,19.7090047],[-98.4632079,19.7090623],[-98.4632666,19.7092352],[-98.4633182,19.7093471],[-98.463364,19.7094163],[-98.4634098,19.7094799],[-98.4634429,19.7095792],[-98.4634626,19.7096693],[-98.4634596,19.7097333],[-98.4634354,19.7098465],[-98.4634064,19.7099392],[-98.4633876,19.7100104],[-98.4633876,19.7100104],[-98.4633788,19.7101538],[-98.4634315,19.7102353],[-98.4634073,19.7103249],[-98.4634071,19.7103971],[-98.4634429,19.7104756],[-98.463477,19.710636],[-98.4634818,19.7107314],[-98.463552,19.7108298],[-98.4634712,19.7108896],[-98.4631402,19.7108525],[-98.4628074,19.7109157],[-98.4625035,19.7110045],[-98.4623614,19.711046],[-98.4623122,19.7111644],[-98.4622284,19.7113662],[-98.462567,19.7115689],[-98.4626118,19.7115957],[-98.4627271,19.7118004],[-98.4628419,19.7120039],[-98.4627648,19.7124561],[-98.4624958,19.7124127],[-98.4620946,19.7123232],[-98.4617291,19.7122416],[-98.4614094,19.7121588],[-98.459893,19.7117854],[-98.4593431,19.711649],[-98.4583482,19.7114023],[-98.4583481,19.7114023],[-98.4573246,19.7111378],[-98.4568567,19.7110094],[-98.4564227,19.7108907],[-98.4559295,19.710767]]]},"properties":{"locality":"LOS CAPULINES","official_key":"1300800010004","CVE_ENT":"13","CVE_MUN":"008","CVE_LOC":"0001","CVE_ASEN":"0004","settlement_type":"COLONIA","source":"INEGI DCAH 2025"}},{"type":"Feature","geometry":{"type":"Polygon","coordinates":[[[-98.4461247,19.7182521],[-98.4456997,19.7181366],[-98.4446761,19.7178559],[-98.4446511,19.7178091],[-98.4447136,19.7177207],[-98.4448079,19.7176239],[-98.4448636,19.7175533],[-98.4449714,19.7174269],[-98.4451207,19.7172865],[-98.4451896,19.7171951],[-98.4452551,19.7171127],[-98.4453452,19.7169349],[-98.4454033,19.7167714],[-98.4454864,19.7166204],[-98.4456112,19.7164495],[-98.4458208,19.7161941],[-98.4458924,19.7160735],[-98.4459867,19.7159534],[-98.4461025,19.7158841],[-98.4462381,19.715783],[-98.4463316,19.7156952],[-98.4464176,19.7156037],[-98.4465174,19.7155629],[-98.4466206,19.7155401],[-98.4466716,19.7154765],[-98.4467921,19.715375],[-98.4469137,19.7152268],[-98.4470702,19.7150541],[-98.4470411,19.7151626],[-98.4472905,19.7149871],[-98.4475741,19.7147746],[-98.4476952,19.7147026],[-98.447794,19.7146068],[-98.4479583,19.7144672],[-98.448131,19.7143309],[-98.4482142,19.7142679],[-98.4482212,19.7144019],[-98.448235,19.7149477],[-98.4482481,19.7151503],[-98.4482805,19.7154642],[-98.4483064,19.7161221],[-98.4483501,19.7169079],[-98.4483526,19.717139],[-98.4483568,19.7176282],[-98.4483731,19.7181511],[-98.4483767,19.7181907],[-98.4483932,19.7182562],[-98.4484012,19.7185532],[-98.4484002,19.7185689],[-98.447823,19.7186296],[-98.4476394,19.7186151],[-98.4473862,19.7185623],[-98.4468944,19.7184573],[-98.4461247,19.7182521]]]},"properties":{"locality":"EL CARMEN","official_key":"1300800010005","CVE_ENT":"13","CVE_MUN":"008","CVE_LOC":"0001","CVE_ASEN":"0005","settlement_type":"COLONIA","source":"INEGI DCAH 2025"}},{"type":"Feature","geometry":{"type":"Polygon","coordinates":[[[-98.4513829,19.712893],[-98.451274,19.7128105],[-98.451166,19.7128251],[-98.4504332,19.7128868],[-98.4498591,19.712932],[-98.4492901,19.7129582],[-98.4490336,19.7129569],[-98.4481168,19.7130121],[-98.4469285,19.7130791],[-98.4468949,19.7121784],[-98.4468898,19.7119847],[-98.4468438,19.7109003],[-98.4467948,19.7097954],[-98.4467888,19.7097319],[-98.4467662,19.7090631],[-98.4467406,19.7090525],[-98.4467414,19.7090157],[-98.4467079,19.7084144],[-98.4466853,19.7080412],[-98.4466635,19.7078163],[-98.446649,19.7077688],[-98.4466228,19.7073085],[-98.4466094,19.7069455],[-98.4466307,19.7069005],[-98.4466102,19.7065187],[-98.4466139,19.7063529],[-98.446647,19.7062173],[-98.4466832,19.7061187],[-98.4470346,19.7052859],[-98.4472237,19.7048609],[-98.44726,19.7048402],[-98.447733,19.7051289],[-98.4478765,19.7052403],[-98.4479325,19.7053002],[-98.4479971,19.7053398],[-98.4480617,19.7054078],[-98.4481305,19.7054263],[-98.4482571,19.7055001],[-98.4483892,19.7055314],[-98.4485107,19.705565],[-98.4485953,19.7055906],[-98.4487846,19.7056098],[-98.4488897,19.7056092],[-98.4489803,19.7055872],[-98.4491241,19.7055604],[-98.4494406,19.7054932],[-98.4494774,19.7054872],[-98.4495773,19.7054677],[-98.4496536,19.7054506],[-98.4497126,19.7054556],[-98.449893,19.7054779],[-98.4499524,19.7054929],[-98.4500869,19.7055126],[-98.4502373,19.705542],[-98.4503227,19.7055538],[-98.4505568,19.7056163],[-98.4507356,19.705662],[-98.4508701,19.7056682],[-98.4510186,19.7056697],[-98.45122,19.7056655],[-98.4514237,19.7056662],[-98.4515681,19.7056762],[-98.451745,19.7056989],[-98.4519035,19.7057244],[-98.4519158,19.7057],[-98.4520717,19.7055789],[-98.4523693,19.7053039],[-98.4529515,19.7047403],[-98.453321,19.7043788],[-98.4536953,19.7041271],[-98.4537225,19.7040799],[-98.4521789,19.7039227],[-98.451297,19.7038328],[-98.4508015,19.7037853],[-98.4507983,19.7034639],[-98.4508005,19.7034047],[-98.4508551,19.7034097],[-98.4508539,19.7033776],[-98.4514962,19.7034424],[-98.4520139,19.7034974],[-98.4520691,19.7035033],[-98.4527045,19.7035641],[-98.4537593,19.7036661],[-98.4542105,19.7037047],[-98.4549311,19.7037727],[-98.4560778,19.7038957],[-98.4567825,19.7039561],[-98.457508,19.7040272],[-98.4575859,19.7040606],[-98.4576794,19.7043079],[-98.4578056,19.7044068],[-98.4566725,19.7043308],[-98.4560528,19.7042685],[-98.4556152,19.7042405],[-98.4556066,19.7050193],[-98.4555949,19.7060691],[-98.4555776,19.7068051],[-98.4555593,19.7074202],[-98.4555502,19.7074728],[-98.4555327,19.707874],[-98.4555266,19.7084134],[-98.4554977,19.7092405],[-98.4554035,19.7092423],[-98.455342,19.709284],[-98.455342,19.709284],[-98.4553049,19.7093507],[-98.4553049,19.7093507],[-98.4552693,19.7093913],[-98.4552692,19.7093914],[-98.4551929,19.7093936],[-98.4551928,19.7093936],[-98.4551849,19.7099683],[-98.4551796,19.7102213],[-98.4551693,19.7105821],[-98.455166,19.7107218],[-98.4545684,19.7107393],[-98.4539453,19.7107585],[-98.4539389,19.7115328],[-98.4539362,19.7118688],[-98.4539301,19.7126231],[-98.4539118,19.7132579],[-98.453863,19.7145167],[-98.4538458,19.7149111],[-98.4534588,19.7145941],[-98.4526306,19.7139061],[-98.4520158,19.7134105],[-98.4513829,19.712893]]]},"properties":{"locality":"CENTRO","official_key":"1300800010006","CVE_ENT":"13","CVE_MUN":"008","CVE_LOC":"0001","CVE_ASEN":"0006","settlement_type":"COLONIA","source":"INEGI DCAH 2025"}},{"type":"Feature","geometry":{"type":"Polygon","coordinates":[[[-98.4559525,19.6984053],[-98.4569907,19.6980084],[-98.4569649,19.6982709],[-98.4568807,19.6985415],[-98.4568499,19.698881],[-98.4566914,19.6992489],[-98.4565183,19.6996708],[-98.4563511,19.6999261],[-98.4563537,19.7000679],[-98.456444,19.7001509],[-98.4566746,19.7002639],[-98.4568395,19.7004209],[-98.4569645,19.7006149],[-98.4569953,19.7007361],[-98.4570885,19.7008634],[-98.4572004,19.7009996],[-98.457287,19.7012392],[-98.4573118,19.7014209],[-98.457249,19.7015418],[-98.4571612,19.701645],[-98.4571139,19.7018073],[-98.4571505,19.7020437],[-98.457197,19.7022556],[-98.4572524,19.7024951],[-98.4572926,19.7026134],[-98.4572859,19.7027374],[-98.4572793,19.7028555],[-98.457332,19.7029768],[-98.4574656,19.7032208],[-98.4575047,19.7033119],[-98.457502,19.7034552],[-98.4574971,19.7036025],[-98.4575295,19.7037397],[-98.4575401,19.7038476],[-98.4575859,19.7040606],[-98.457508,19.7040272],[-98.4567825,19.7039561],[-98.4560778,19.7038957],[-98.4549311,19.7037727],[-98.4542105,19.7037047],[-98.4537593,19.7036661],[-98.4527045,19.7035641],[-98.4520691,19.7035033],[-98.4520139,19.7034974],[-98.4520583,19.7024981],[-98.4520849,19.7023988],[-98.4531624,19.7019581],[-98.45424,19.7015174],[-98.4544105,19.7012312],[-98.4544612,19.70116],[-98.4546095,19.7009519],[-98.454671,19.7004191],[-98.4548863,19.6998858],[-98.4549583,19.6997781],[-98.4550898,19.6995409],[-98.4551622,19.6992914],[-98.4552322,19.6990022],[-98.4559525,19.6984053]]]},"properties":{"locality":"EL CIERVO","official_key":"1300800010007","CVE_ENT":"13","CVE_MUN":"008","CVE_LOC":"0001","CVE_ASEN":"0007","settlement_type":"COLONIA","source":"INEGI DCAH 2025"}},{"type":"Feature","geometry":{"type":"Polygon","coordinates":[[[-98.4467843,19.7193775],[-98.4469804,19.7192514],[-98.4473505,19.7190202],[-98.4474888,19.7189395],[-98.4476765,19.718782],[-98.447823,19.7186296],[-98.4484002,19.7185689],[-98.4484012,19.7185532],[-98.4483932,19.7182562],[-98.4486059,19.7182309],[-98.4490253,19.7181904],[-98.4494916,19.7181548],[-98.4504278,19.718079],[-98.4513668,19.7179994],[-98.4513494,19.7176405],[-98.4513217,19.7170666],[-98.451546,19.7171294],[-98.4515768,19.7171402],[-98.4518341,19.7172046],[-98.4520244,19.7173308],[-98.4521942,19.7173612],[-98.4524833,19.7174665],[-98.4526324,19.7175226],[-98.4530654,19.7175146],[-98.4532364,19.7175078],[-98.4534088,19.7175632],[-98.4534499,19.7175628],[-98.4537178,19.7175605],[-98.4539174,19.7177321],[-98.4540158,19.7179947],[-98.4540323,19.7180487],[-98.4543009,19.7189299],[-98.4544644,19.7196162],[-98.4546297,19.7202908],[-98.4546618,19.7204258],[-98.4544909,19.7204253],[-98.4539135,19.7204111],[-98.4536567,19.7203899],[-98.4537434,19.7215753],[-98.4537702,19.7219138],[-98.4547836,19.7218572],[-98.4549355,19.7235034],[-98.4538913,19.723819],[-98.452959,19.7240523],[-98.4529134,19.7240131],[-98.4518802,19.7244374],[-98.4510601,19.7247492],[-98.4509877,19.7247763],[-98.4510588,19.7255443],[-98.4514079,19.7255197],[-98.4514727,19.72598],[-98.4515432,19.7264687],[-98.450445,19.7266482],[-98.4503756,19.7262091],[-98.4497423,19.7263031],[-98.4493665,19.7263921],[-98.4493058,19.7262005],[-98.4488669,19.7262816],[-98.4487055,19.7260248],[-98.4489446,19.7259636],[-98.4488904,19.725688],[-98.4488299,19.7252841],[-98.4488287,19.7252765],[-98.4485712,19.7252891],[-98.4484166,19.7253318],[-98.4481304,19.7254108],[-98.4481397,19.7256663],[-98.4481473,19.7257752],[-98.4481469,19.7257757],[-98.4475961,19.7263163],[-98.4475219,19.726332],[-98.4474456,19.7263335],[-98.4470355,19.7263322],[-98.447022,19.7260926],[-98.4470193,19.7260459],[-98.4470113,19.7257881],[-98.4469895,19.7250958],[-98.4469712,19.7245114],[-98.4469597,19.7241457],[-98.4469558,19.723836],[-98.4466277,19.7238271],[-98.4466031,19.7234488],[-98.4465721,19.7223899],[-98.4464767,19.7224016],[-98.4458782,19.7231824],[-98.4454761,19.7230175],[-98.4454751,19.723017],[-98.4457325,19.7226078],[-98.4454683,19.7225559],[-98.4460923,19.7215472],[-98.4463364,19.7211694],[-98.4464736,19.7210984],[-98.4466774,19.7208142],[-98.447169,19.72023],[-98.4467563,19.7200688],[-98.4461109,19.7198166],[-98.4467843,19.7193775]]]},"properties":{"locality":"LA CONCHITA","official_key":"1300800010008","CVE_ENT":"13","CVE_MUN":"008","CVE_LOC":"0001","CVE_ASEN":"0008","settlement_type":"COLONIA","source":"INEGI DCAH 2025"}},{"type":"Feature","geometry":{"type":"Polygon","coordinates":[[[-98.4397678,19.7073581],[-98.4400675,19.7066665],[-98.4410931,19.705852],[-98.4412904,19.7058832],[-98.4413237,19.7058885],[-98.4418817,19.7049807],[-98.4420202,19.7049352],[-98.4421086,19.7050072],[-98.4422119,19.7049733],[-98.4423817,19.7046406],[-98.4424867,19.7044092],[-98.4426545,19.7042771],[-98.4436448,19.7046752],[-98.4442868,19.7049333],[-98.4442327,19.7054026],[-98.4442184,19.7054712],[-98.4441932,19.7055616],[-98.4441199,19.7058787],[-98.4440788,19.7061269],[-98.443946,19.7070168],[-98.4436065,19.7070287],[-98.443484,19.707048],[-98.4431913,19.7070509],[-98.4431221,19.7070722],[-98.4430665,19.7070817],[-98.4430431,19.7070816],[-98.4430234,19.7070815],[-98.4412133,19.7083374],[-98.4410493,19.7082528],[-98.4407143,19.7080988],[-98.4404202,19.708005],[-98.4401653,19.7078379],[-98.4398506,19.7075763],[-98.4397678,19.7073581]]]},"properties":{"locality":"GUADALUPE SALITRERÍA","official_key":"1300800010009","CVE_ENT":"13","CVE_MUN":"008","CVE_LOC":"0001","CVE_ASEN":"0009","settlement_type":"COLONIA","source":"INEGI DCAH 2025"}},{"type":"Feature","geometry":{"type":"Polygon","coordinates":[[[-98.4539174,19.7177321],[-98.4537178,19.7175605],[-98.4537598,19.7174379],[-98.4537727,19.7171905],[-98.4537856,19.7166823],[-98.4538121,19.715953],[-98.4538458,19.7149111],[-98.453863,19.7145167],[-98.4539118,19.7132579],[-98.4539301,19.7126231],[-98.4539362,19.7118688],[-98.4539389,19.7115328],[-98.4539453,19.7107585],[-98.4545684,19.7107393],[-98.455166,19.7107218],[-98.4557489,19.7107135],[-98.4559295,19.710767],[-98.4564227,19.7108907],[-98.4568567,19.7110094],[-98.4573246,19.7111378],[-98.4583481,19.7114023],[-98.4583122,19.711601],[-98.4582804,19.7117761],[-98.4581827,19.7123398],[-98.4581284,19.7126886],[-98.4580856,19.7129897],[-98.4575363,19.7130193],[-98.4572646,19.7130451],[-98.4568979,19.7130762],[-98.4563556,19.7131129],[-98.4561822,19.7148814],[-98.4560502,19.7161145],[-98.4560021,19.7165911],[-98.4557772,19.7183208],[-98.4551346,19.7181287],[-98.4546324,19.7179647],[-98.4543092,19.7178573],[-98.4539174,19.7177321]]]},"properties":{"locality":"INDEPENDENCIA","official_key":"1300800010010","CVE_ENT":"13","CVE_MUN":"008","CVE_LOC":"0001","CVE_ASEN":"0010","settlement_type":"COLONIA","source":"INEGI DCAH 2025"}},{"type":"Feature","geometry":{"type":"Polygon","coordinates":[[[-98.4349292,19.7118925],[-98.435091,19.7117511],[-98.435258,19.7116022],[-98.4353422,19.7114499],[-98.4353862,19.71128],[-98.4354798,19.7110881],[-98.4356225,19.7109581],[-98.4358073,19.7108446],[-98.4358398,19.7108096],[-98.4359571,19.7106832],[-98.4360561,19.7104807],[-98.4361745,19.7103277],[-98.4365878,19.7099526],[-98.4367881,19.7097322],[-98.436967,19.7094477],[-98.4372162,19.7092435],[-98.4374016,19.7089481],[-98.4376285,19.7087537],[-98.4378612,19.708572],[-98.4381184,19.7083091],[-98.4382878,19.7081806],[-98.4383525,19.7081197],[-98.4384221,19.7080551],[-98.4383721,19.7080108],[-98.4386414,19.7077725],[-98.4388015,19.7076278],[-98.4389789,19.7076124],[-98.4390368,19.7076074],[-98.4397678,19.7073581],[-98.4398506,19.7075763],[-98.4401653,19.7078379],[-98.4404202,19.708005],[-98.4407143,19.7080988],[-98.4410493,19.7082528],[-98.4412133,19.7083374],[-98.4413096,19.7083871],[-98.4414692,19.7084432],[-98.4418557,19.7086104],[-98.4421868,19.7087899],[-98.4418331,19.7097914],[-98.4418101,19.7098314],[-98.4415595,19.7101255],[-98.4414266,19.7102835],[-98.4410827,19.7106831],[-98.4408747,19.7109199],[-98.4407455,19.7110856],[-98.4405737,19.7112849],[-98.44036,19.7115153],[-98.4404828,19.7115943],[-98.4404972,19.7116035],[-98.4410758,19.7118484],[-98.4413413,19.7119607],[-98.4414791,19.7120189],[-98.4415847,19.7119993],[-98.4416598,19.7119996],[-98.4416941,19.712019],[-98.4419485,19.7121137],[-98.4421262,19.7121452],[-98.4422123,19.7121645],[-98.442284,19.7121906],[-98.4423686,19.7122452],[-98.4423959,19.7122575],[-98.4424621,19.7122776],[-98.4424148,19.7123149],[-98.442108,19.7125168],[-98.4415737,19.7128679],[-98.4406551,19.713446],[-98.4400596,19.7137848],[-98.439337,19.714164],[-98.438491,19.7145744],[-98.437532,19.7151234],[-98.4375052,19.7150834],[-98.4375239,19.7150355],[-98.4375478,19.7149788],[-98.4375932,19.7148536],[-98.4376252,19.7147287],[-98.4376384,19.7146773],[-98.4376304,19.7144998],[-98.4375669,19.7143107],[-98.4375384,19.7142498],[-98.4374778,19.7141202],[-98.4374128,19.714027],[-98.4373603,19.7139519],[-98.4372321,19.7138429],[-98.4371693,19.7138019],[-98.4370448,19.7137207],[-98.4369115,19.7136484],[-98.4367489,19.7135602],[-98.436498,19.7134241],[-98.435802,19.7130931],[-98.4352792,19.7128445],[-98.4348382,19.7127283],[-98.4343663,19.7123972],[-98.4349292,19.7118925]]]},"properties":{"locality":"INFONAVIT","official_key":"1300800010011","CVE_ENT":"13","CVE_MUN":"008","CVE_LOC":"0001","CVE_ASEN":"0011","settlement_type":"COLONIA","source":"INEGI DCAH 2025"}},{"type":"Feature","geometry":{"type":"Polygon","coordinates":[[[-98.4616276,19.7125991],[-98.4617291,19.7122416],[-98.4620946,19.7123232],[-98.4619735,19.7127083],[-98.4616036,19.7138508],[-98.4613655,19.7137645],[-98.4613837,19.7137076],[-98.4614945,19.7133608],[-98.4616047,19.7130071],[-98.461739,19.7126393],[-98.4616276,19.7125991]]]},"properties":{"locality":"LEALTAD","official_key":"1300800010012","CVE_ENT":"13","CVE_MUN":"008","CVE_LOC":"0001","CVE_ASEN":"0012","settlement_type":"FRACCIONAMIENTO","source":"INEGI DCAH 2025"}},{"type":"Feature","geometry":{"type":"Polygon","coordinates":[[[-98.458429,19.7044331],[-98.458091,19.7044152],[-98.4578656,19.7044108],[-98.4578056,19.7044068],[-98.4576794,19.7043079],[-98.4575859,19.7040606],[-98.4575401,19.7038476],[-98.4575295,19.7037397],[-98.4574971,19.7036025],[-98.457502,19.7034552],[-98.4575047,19.7033119],[-98.4574656,19.7032208],[-98.457332,19.7029768],[-98.4572793,19.7028555],[-98.4572859,19.7027374],[-98.4572926,19.7026134],[-98.4572524,19.7024951],[-98.457197,19.7022556],[-98.4571505,19.7020437],[-98.4571139,19.7018073],[-98.4571612,19.701645],[-98.457249,19.7015418],[-98.4573118,19.7014209],[-98.457287,19.7012392],[-98.4572004,19.7009996],[-98.4570885,19.7008634],[-98.4569953,19.7007361],[-98.4569645,19.7006149],[-98.4568395,19.7004209],[-98.4566746,19.7002639],[-98.456444,19.7001509],[-98.4563537,19.7000679],[-98.4563511,19.6999261],[-98.4565183,19.6996708],[-98.4566914,19.6992489],[-98.4568499,19.698881],[-98.4568807,19.6985415],[-98.4569649,19.6982709],[-98.4569907,19.6980084],[-98.4571946,19.6979427],[-98.4586364,19.6974779],[-98.4591534,19.6973137],[-98.4590387,19.6961252],[-98.4590555,19.6961189],[-98.4590556,19.696119],[-98.4590724,19.6962511],[-98.4591679,19.6962324],[-98.4591851,19.6962778],[-98.459473,19.697037],[-98.4595706,19.6973002],[-98.4596375,19.6974802],[-98.4598043,19.6979293],[-98.4602196,19.6989974],[-98.4592521,19.6993165],[-98.459293,19.6997707],[-98.4593168,19.7000342],[-98.4593447,19.7000253],[-98.4593499,19.7000947],[-98.4593779,19.7007117],[-98.459451,19.7017785],[-98.4595084,19.7029184],[-98.4595361,19.7032779],[-98.459694,19.7032217],[-98.4599144,19.703143],[-98.460894,19.7028148],[-98.4622611,19.7023111],[-98.4624048,19.7022819],[-98.4625001,19.7022686],[-98.4625878,19.7022932],[-98.4626475,19.702414],[-98.4627114,19.7025362],[-98.4627853,19.7025831],[-98.4628582,19.702595],[-98.4629911,19.7025625],[-98.4632096,19.7025018],[-98.4641074,19.7022169],[-98.4651215,19.7019032],[-98.4666017,19.7014218],[-98.466611,19.7015703],[-98.4666284,19.7017373],[-98.4666904,19.7019915],[-98.4667001,19.7020404],[-98.4667159,19.7021192],[-98.4667422,19.7022117],[-98.4668154,19.7025862],[-98.4667912,19.7028592],[-98.4666975,19.7030439],[-98.4665901,19.7031668],[-98.466208,19.7033594],[-98.4658167,19.7034727],[-98.4658167,19.7034728],[-98.4656439,19.7036295],[-98.4632327,19.7039883],[-98.4625177,19.7040821],[-98.4617133,19.7041908],[-98.4609839,19.7042583],[-98.4605761,19.7043127],[-98.4598288,19.7043904],[-98.459474,19.7044133],[-98.4592831,19.7044248],[-98.4589684,19.7044578],[-98.4587003,19.7044542],[-98.4585687,19.7044421],[-98.458429,19.7044331]]]},"properties":{"locality":"LOMA BONITA","official_key":"1300800010013","CVE_ENT":"13","CVE_MUN":"008","CVE_LOC":"0001","CVE_ASEN":"0013","settlement_type":"AMPLIACIÓN","source":"INEGI DCAH 2025"}},{"type":"Feature","geometry":{"type":"Polygon","coordinates":[[[-98.4605469,19.7080663],[-98.4603286,19.7079398],[-98.4601092,19.7077842],[-98.459999,19.7076639],[-98.4599583,19.7075439],[-98.4599588,19.7074068],[-98.459945,19.7072489],[-98.4599278,19.7071515],[-98.4598547,19.7070602],[-98.4597121,19.7069243],[-98.4626672,19.7059743],[-98.4627636,19.7062505],[-98.4624843,19.7063471],[-98.4627618,19.7071499],[-98.4627728,19.7071819],[-98.4627844,19.7072129],[-98.4628488,19.7074059],[-98.4615836,19.7078172],[-98.4615428,19.7078322],[-98.4615004,19.7078478],[-98.460703,19.7080758],[-98.4606128,19.7081016],[-98.4605469,19.7080663]]]},"properties":{"locality":"LUIS DONALDO COLOSIO","official_key":"1300800010014","CVE_ENT":"13","CVE_MUN":"008","CVE_LOC":"0001","CVE_ASEN":"0014","settlement_type":"COLONIA","source":"INEGI DCAH 2025"}},{"type":"Feature","geometry":{"type":"Polygon","coordinates":[[[-98.4626784,19.708554],[-98.4625761,19.7085149],[-98.462504,19.7085136],[-98.4624123,19.7084806],[-98.4623697,19.7084534],[-98.4623036,19.7084216],[-98.462221,19.7083802],[-98.4620022,19.7083229],[-98.4619309,19.7083185],[-98.4618724,19.7083238],[-98.4618015,19.7083819],[-98.4617388,19.7084527],[-98.4616789,19.7084758],[-98.4615965,19.7084699],[-98.4615131,19.7084511],[-98.4614259,19.7084128],[-98.4612707,19.7083284],[-98.4611052,19.7082331],[-98.4610464,19.7082171],[-98.4609473,19.7081983],[-98.4607879,19.7081725],[-98.4606128,19.7081016],[-98.460703,19.7080758],[-98.4615004,19.7078478],[-98.4615428,19.7078322],[-98.4615836,19.7078172],[-98.4628488,19.7074059],[-98.4627844,19.7072129],[-98.4627728,19.7071819],[-98.4627618,19.7071499],[-98.4624843,19.7063471],[-98.4627636,19.7062505],[-98.4626672,19.7059743],[-98.4597121,19.7069243],[-98.4598547,19.7070602],[-98.4599278,19.7071515],[-98.459945,19.7072489],[-98.4599588,19.7074068],[-98.4599583,19.7075439],[-98.459999,19.7076639],[-98.4601092,19.7077842],[-98.4603286,19.7079398],[-98.4605469,19.7080663],[-98.4598384,19.7081147],[-98.4588383,19.7081819],[-98.457955,19.7082352],[-98.4569397,19.7083076],[-98.4568401,19.7083147],[-98.4568127,19.7083208],[-98.4564658,19.708342],[-98.4560051,19.7083828],[-98.4555266,19.7084134],[-98.4555266,19.7084134],[-98.4555327,19.707874],[-98.4555502,19.7074728],[-98.4555593,19.7074202],[-98.4555776,19.7068051],[-98.4555949,19.7060691],[-98.4556066,19.7050193],[-98.4556152,19.7042405],[-98.4560528,19.7042685],[-98.4566725,19.7043308],[-98.4578056,19.7044068],[-98.4578656,19.7044108],[-98.458091,19.7044152],[-98.458429,19.7044331],[-98.4585687,19.7044421],[-98.4587003,19.7044542],[-98.4589684,19.7044578],[-98.4592831,19.7044248],[-98.459474,19.7044133],[-98.4598288,19.7043904],[-98.4605761,19.7043127],[-98.4609839,19.7042583],[-98.4617133,19.7041908],[-98.4625177,19.7040821],[-98.4632327,19.7039883],[-98.4656439,19.7036295],[-98.4655659,19.70376],[-98.4655073,19.7047737],[-98.4654486,19.7057874],[-98.46539,19.7068011],[-98.4653314,19.7078149],[-98.4653313,19.7078149],[-98.4648603,19.7083644],[-98.4647092,19.7085407],[-98.464087,19.7092665],[-98.464087,19.7092665],[-98.4634649,19.7099923],[-98.4633876,19.7100104],[-98.4633876,19.7100104],[-98.4634064,19.7099392],[-98.4634354,19.7098465],[-98.4634596,19.7097333],[-98.4634626,19.7096693],[-98.4634429,19.7095792],[-98.4634098,19.7094799],[-98.463364,19.7094163],[-98.4633182,19.7093471],[-98.4632666,19.7092352],[-98.4632079,19.7090623],[-98.4631663,19.7090047],[-98.4630945,19.7089268],[-98.4629727,19.7088321],[-98.462813,19.7086756],[-98.4627543,19.708612],[-98.4626784,19.708554]],[[-98.4605416,19.7053075],[-98.4605323,19.7052531],[-98.4604724,19.7052613],[-98.4602579,19.7052964],[-98.4600035,19.7053381],[-98.4600129,19.7053877],[-98.460137,19.7060398],[-98.4603277,19.7060112],[-98.4603726,19.706003],[-98.4604411,19.7059907],[-98.4606403,19.7059586],[-98.4605416,19.7053075]]]},"properties":{"locality":"NIÑOS HÉROES","official_key":"1300800010015","CVE_ENT":"13","CVE_MUN":"008","CVE_LOC":"0001","CVE_ASEN":"0015","settlement_type":"COLONIA","source":"INEGI DCAH 2025"}},{"type":"Feature","geometry":{"type":"Polygon","coordinates":[[[-98.4618724,19.7083238],[-98.4619309,19.7083185],[-98.4620022,19.7083229],[-98.462221,19.7083802],[-98.4623036,19.7084216],[-98.4623697,19.7084534],[-98.4624123,19.7084806],[-98.462504,19.7085136],[-98.4625761,19.7085149],[-98.4626784,19.708554],[-98.4627543,19.708612],[-98.462813,19.7086756],[-98.4623718,19.7100161],[-98.4614957,19.7098054],[-98.4615379,19.7097625],[-98.4615588,19.7097189],[-98.4616808,19.7093507],[-98.4617657,19.7090832],[-98.4618842,19.7086997],[-98.4619394,19.7084724],[-98.4619349,19.708414],[-98.4618724,19.7083238]]]},"properties":{"locality":"SAN ANDRÉS","official_key":"1300800010016","CVE_ENT":"13","CVE_MUN":"008","CVE_LOC":"0001","CVE_ASEN":"0016","settlement_type":"COLONIA","source":"INEGI DCAH 2025"}},{"type":"Feature","geometry":{"type":"Polygon","coordinates":[[[-98.4432183,19.7134445],[-98.4422655,19.7135105],[-98.4418114,19.7136255],[-98.4408028,19.7137333],[-98.4407251,19.7136592],[-98.4406551,19.713446],[-98.4415737,19.7128679],[-98.442108,19.7125168],[-98.4424148,19.7123149],[-98.4424621,19.7122776],[-98.4423959,19.7122575],[-98.4423686,19.7122452],[-98.442284,19.7121906],[-98.4422123,19.7121645],[-98.4421262,19.7121452],[-98.4419485,19.7121137],[-98.4416941,19.712019],[-98.4416598,19.7119996],[-98.4415847,19.7119993],[-98.4414791,19.7120189],[-98.4413413,19.7119607],[-98.4410758,19.7118484],[-98.4404972,19.7116035],[-98.4404828,19.7115943],[-98.44036,19.7115153],[-98.4405737,19.7112849],[-98.4407455,19.7110856],[-98.4408747,19.7109199],[-98.4410827,19.7106831],[-98.4414266,19.7102835],[-98.4415595,19.7101255],[-98.4418101,19.7098314],[-98.4418331,19.7097914],[-98.4421868,19.7087899],[-98.4423206,19.7088358],[-98.4425275,19.7088632],[-98.4428873,19.7088486],[-98.443165,19.7088517],[-98.4432051,19.7088766],[-98.4435944,19.7091178],[-98.4437858,19.7092365],[-98.4439519,19.7092311],[-98.4440262,19.7092285],[-98.4446774,19.7091953],[-98.4450321,19.7091722],[-98.4467406,19.7090525],[-98.4467662,19.7090631],[-98.4467888,19.7097319],[-98.4467948,19.7097954],[-98.4468438,19.7109003],[-98.4468898,19.7119847],[-98.4468949,19.7121784],[-98.4469285,19.7130791],[-98.4467975,19.7130838],[-98.4470616,19.7136283],[-98.4472988,19.7137222],[-98.4474356,19.7137752],[-98.4474874,19.71382],[-98.4475096,19.7138749],[-98.4475198,19.7140871],[-98.4475741,19.7147746],[-98.4472905,19.7149871],[-98.4470411,19.7151626],[-98.4470702,19.7150541],[-98.447055,19.7148721],[-98.4470085,19.7147151],[-98.4469938,19.7145498],[-98.4469704,19.7144773],[-98.4469406,19.7144047],[-98.4468962,19.7143141],[-98.4465648,19.7145063],[-98.4462535,19.7147079],[-98.4460536,19.7147703],[-98.4458523,19.714921],[-98.4457374,19.7149102],[-98.4455957,19.7149893],[-98.4452729,19.7150502],[-98.4450974,19.7150879],[-98.4450013,19.7151665],[-98.4446444,19.7152983],[-98.4445193,19.7153033],[-98.4450226,19.7147779],[-98.4452411,19.7145751],[-98.4453346,19.7142771],[-98.4454039,19.7139381],[-98.4454881,19.7136946],[-98.4448111,19.7136925],[-98.4448405,19.713272],[-98.4432183,19.7134445]]]},"properties":{"locality":"SAN MIGUEL DEL ARCO","official_key":"1300800010018","CVE_ENT":"13","CVE_MUN":"008","CVE_LOC":"0001","CVE_ASEN":"0018","settlement_type":"COLONIA","source":"INEGI DCAH 2025"}},{"type":"Feature","geometry":{"type":"Polygon","coordinates":[[[-98.4449952,19.7030794],[-98.444461,19.7028116],[-98.4443207,19.7027371],[-98.4438988,19.7024756],[-98.4436279,19.7022519],[-98.4424745,19.7011694],[-98.4429148,19.7006334],[-98.4429674,19.7005952],[-98.4431038,19.7007151],[-98.4433686,19.7009126],[-98.4437368,19.7011951],[-98.4446146,19.7017577],[-98.4449234,19.701921],[-98.4452891,19.7021188],[-98.4455485,19.7022433],[-98.4456317,19.7019615],[-98.445939,19.7010675],[-98.4464403,19.7012452],[-98.4463345,19.7016148],[-98.447407,19.7018424],[-98.4481175,19.7019654],[-98.4485519,19.7020146],[-98.4490792,19.7021087],[-98.4490739,19.702346],[-98.4500687,19.7023967],[-98.4510635,19.7024474],[-98.4520583,19.7024981],[-98.4520139,19.7034974],[-98.4514962,19.7034424],[-98.4508539,19.7033776],[-98.4508551,19.7034097],[-98.4508005,19.7034047],[-98.4507418,19.7033994],[-98.450741,19.7033642],[-98.4506295,19.7033565],[-98.4495014,19.7032486],[-98.4489328,19.7031897],[-98.4484841,19.7031286],[-98.4480893,19.7030573],[-98.4476503,19.7029578],[-98.4476502,19.7030157],[-98.44766,19.7032897],[-98.4476755,19.7035562],[-98.4470098,19.7034937],[-98.445911,19.7033551],[-98.445137,19.7030847],[-98.4449952,19.7030794]]]},"properties":{"locality":"SAN PEDRO","official_key":"1300800010019","CVE_ENT":"13","CVE_MUN":"008","CVE_LOC":"0001","CVE_ASEN":"0019","settlement_type":"COLONIA","source":"INEGI DCAH 2025"}},{"type":"Feature","geometry":{"type":"Polygon","coordinates":[[[-98.4557772,19.7183208],[-98.4560021,19.7165911],[-98.4560502,19.7161145],[-98.4561822,19.7148814],[-98.4563556,19.7131129],[-98.4568979,19.7130762],[-98.4572646,19.7130451],[-98.4575363,19.7130193],[-98.4580856,19.7129897],[-98.4581284,19.7126886],[-98.4581827,19.7123398],[-98.4582804,19.7117761],[-98.4583122,19.711601],[-98.4583481,19.7114023],[-98.4583482,19.7114023],[-98.4593431,19.711649],[-98.459893,19.7117854],[-98.4614094,19.7121588],[-98.4617291,19.7122416],[-98.4616276,19.7125991],[-98.461739,19.7126393],[-98.4616047,19.7130071],[-98.4614945,19.7133608],[-98.4613837,19.7137076],[-98.4613655,19.7137645],[-98.4612381,19.714166],[-98.458883,19.7134877],[-98.4588339,19.7134734],[-98.458785,19.713459],[-98.458047,19.7132766],[-98.458032,19.7134141],[-98.4579771,19.7138357],[-98.4582871,19.7139354],[-98.459371,19.7142373],[-98.4599006,19.7143691],[-98.4610806,19.7146624],[-98.4609443,19.7150917],[-98.4602637,19.7149014],[-98.4600494,19.7148354],[-98.4598267,19.7156381],[-98.4593615,19.7174215],[-98.4593096,19.7175126],[-98.459178,19.7174491],[-98.4588814,19.7173136],[-98.4579537,19.7181626],[-98.4588908,19.7189514],[-98.4597633,19.719686],[-98.4598287,19.719741],[-98.4597328,19.7197407],[-98.4594681,19.7196256],[-98.4588347,19.7193873],[-98.4572773,19.7188669],[-98.4557772,19.7183208]],[[-98.4583928,19.7150935],[-98.4585601,19.7144381],[-98.4580801,19.714284],[-98.457902,19.714232],[-98.457712,19.7151788],[-98.458338,19.7153304],[-98.4583928,19.7150935]]]},"properties":{"locality":"SAN RAFAEL","official_key":"1300800010020","CVE_ENT":"13","CVE_MUN":"008","CVE_LOC":"0001","CVE_ASEN":"0020","settlement_type":"COLONIA","source":"INEGI DCAH 2025"}},{"type":"Feature","geometry":{"type":"Polygon","coordinates":[[[-98.4483526,19.717139],[-98.4483501,19.7169079],[-98.4483064,19.7161221],[-98.4482805,19.7154642],[-98.4482481,19.7151503],[-98.448235,19.7149477],[-98.4482212,19.7144019],[-98.4482142,19.7142679],[-98.448131,19.7143309],[-98.4479583,19.7144672],[-98.447794,19.7146068],[-98.4476952,19.7147026],[-98.4475741,19.7147746],[-98.4475198,19.7140871],[-98.4475096,19.7138749],[-98.4474874,19.71382],[-98.4474356,19.7137752],[-98.4472988,19.7137222],[-98.4470616,19.7136283],[-98.4467975,19.7130838],[-98.4469285,19.7130791],[-98.4481168,19.7130121],[-98.4490336,19.7129569],[-98.4492901,19.7129582],[-98.4498591,19.712932],[-98.4504332,19.7128868],[-98.451166,19.7128251],[-98.451274,19.7128105],[-98.4513829,19.712893],[-98.4520158,19.7134105],[-98.4526306,19.7139061],[-98.4534588,19.7145941],[-98.4538458,19.7149111],[-98.4538121,19.715953],[-98.4537856,19.7166823],[-98.4537727,19.7171905],[-98.4537598,19.7174379],[-98.4537178,19.7175605],[-98.4534499,19.7175628],[-98.4534088,19.7175632],[-98.4532364,19.7175078],[-98.4530654,19.7175146],[-98.4526324,19.7175226],[-98.4524833,19.7174665],[-98.4521942,19.7173612],[-98.4520244,19.7173308],[-98.4518341,19.7172046],[-98.4515768,19.7171402],[-98.451546,19.7171294],[-98.4513217,19.7170666],[-98.4513494,19.7176405],[-98.4513668,19.7179994],[-98.4504278,19.718079],[-98.4494916,19.7181548],[-98.4490253,19.7181904],[-98.4486059,19.7182309],[-98.4483932,19.7182562],[-98.4483767,19.7181907],[-98.4483731,19.7181511],[-98.4483568,19.7176282],[-98.4483526,19.717139]]]},"properties":{"locality":"VICENTE GUERRERO","official_key":"1300800010021","CVE_ENT":"13","CVE_MUN":"008","CVE_LOC":"0001","CVE_ASEN":"0021","settlement_type":"COLONIA","source":"INEGI DCAH 2025"}},{"type":"Feature","geometry":{"type":"Polygon","coordinates":[[[-98.458032,19.7134141],[-98.458047,19.7132766],[-98.458785,19.713459],[-98.4588339,19.7134734],[-98.458883,19.7134877],[-98.4612381,19.714166],[-98.4610806,19.7146624],[-98.4599006,19.7143691],[-98.459371,19.7142373],[-98.4582871,19.7139354],[-98.4579771,19.7138357],[-98.458032,19.7134141]]]},"properties":{"locality":"APAN RESIDENCIAL","official_key":"1300800010025","CVE_ENT":"13","CVE_MUN":"008","CVE_LOC":"0001","CVE_ASEN":"0025","settlement_type":"FRACCIONAMIENTO","source":"INEGI DCAH 2025"}},{"type":"Feature","geometry":{"type":"Polygon","coordinates":[[[-98.4497126,19.7054556],[-98.4496536,19.7054506],[-98.4495773,19.7054677],[-98.4494774,19.7054872],[-98.4494406,19.7054932],[-98.4491241,19.7055604],[-98.4489803,19.7055872],[-98.4488897,19.7056092],[-98.4487846,19.7056098],[-98.4485953,19.7055906],[-98.4485107,19.705565],[-98.4483892,19.7055314],[-98.4482571,19.7055001],[-98.4481305,19.7054263],[-98.4480617,19.7054078],[-98.4479971,19.7053398],[-98.4479325,19.7053002],[-98.4478765,19.7052403],[-98.447733,19.7051289],[-98.44726,19.7048402],[-98.4472237,19.7048609],[-98.4468968,19.7047156],[-98.4463828,19.7047007],[-98.4458591,19.7046966],[-98.4458293,19.7046966],[-98.4443144,19.7046936],[-98.4436448,19.7046752],[-98.4426545,19.7042771],[-98.4424867,19.7044092],[-98.4423817,19.7046406],[-98.4422119,19.7049733],[-98.4421086,19.7050072],[-98.4420202,19.7049352],[-98.4421596,19.7032289],[-98.4421842,19.7029912],[-98.4421861,19.7029185],[-98.4422103,19.7026781],[-98.4422197,19.7025848],[-98.4422267,19.7025145],[-98.442314,19.7016483],[-98.442324,19.701549],[-98.4423613,19.7011785],[-98.4423083,19.7011326],[-98.4423324,19.7010325],[-98.4424745,19.7011694],[-98.4436279,19.7022519],[-98.4438988,19.7024756],[-98.4443207,19.7027371],[-98.444461,19.7028116],[-98.4449952,19.7030794],[-98.445137,19.7030847],[-98.445911,19.7033551],[-98.4470098,19.7034937],[-98.4476755,19.7035562],[-98.44766,19.7032897],[-98.4476502,19.7030157],[-98.4476503,19.7029578],[-98.4480893,19.7030573],[-98.4484841,19.7031286],[-98.4489328,19.7031897],[-98.4495014,19.7032486],[-98.4506295,19.7033565],[-98.450741,19.7033642],[-98.4507418,19.7033994],[-98.4508005,19.7034047],[-98.4507983,19.7034639],[-98.4508015,19.7037853],[-98.4508024,19.7038275],[-98.4508358,19.7047354],[-98.4508691,19.7056402],[-98.4508701,19.7056682],[-98.4507356,19.705662],[-98.4505568,19.7056163],[-98.4503227,19.7055538],[-98.4502373,19.705542],[-98.4500869,19.7055126],[-98.4499524,19.7054929],[-98.449893,19.7054779],[-98.4497126,19.7054556]]]},"properties":{"locality":"JOSEFA ORTÍZ DE DOMÍNGUEZ","official_key":"1300800010026","CVE_ENT":"13","CVE_MUN":"008","CVE_LOC":"0001","CVE_ASEN":"0026","settlement_type":"COLONIA","source":"INEGI DCAH 2025"}},{"type":"Feature","geometry":{"type":"Polygon","coordinates":[[[-98.4508701,19.7056682],[-98.4508691,19.7056402],[-98.4508358,19.7047354],[-98.4508024,19.7038275],[-98.4508015,19.7037853],[-98.451297,19.7038328],[-98.4521789,19.7039227],[-98.4537225,19.7040799],[-98.4536953,19.7041271],[-98.453321,19.7043788],[-98.4529515,19.7047403],[-98.4523693,19.7053039],[-98.4520717,19.7055789],[-98.4519158,19.7057],[-98.4519035,19.7057244],[-98.451745,19.7056989],[-98.4515681,19.7056762],[-98.4514237,19.7056662],[-98.45122,19.7056655],[-98.4510186,19.7056697],[-98.4508701,19.7056682]]]},"properties":{"locality":"SAN FRANCISCO","official_key":"1300800010027","CVE_ENT":"13","CVE_MUN":"008","CVE_LOC":"0001","CVE_ASEN":"0027","settlement_type":"FRACCIONAMIENTO","source":"INEGI DCAH 2025"}},{"type":"Feature","geometry":{"type":"Polygon","coordinates":[[[-98.458338,19.7153304],[-98.457712,19.7151788],[-98.457902,19.714232],[-98.4580801,19.714284],[-98.4585601,19.7144381],[-98.4583928,19.7150935],[-98.458338,19.7153304]]]},"properties":{"locality":"SAN JAVIER","official_key":"1300800010028","CVE_ENT":"13","CVE_MUN":"008","CVE_LOC":"0001","CVE_ASEN":"0028","settlement_type":"FRACCIONAMIENTO","source":"INEGI DCAH 2025"}},{"type":"Feature","geometry":{"type":"Polygon","coordinates":[[[-98.4552322,19.6990022],[-98.4551622,19.6992914],[-98.4550898,19.6995409],[-98.4549583,19.6997781],[-98.4548863,19.6998858],[-98.4548166,19.6998756],[-98.4539656,19.6995951],[-98.4538006,19.6995389],[-98.4536165,19.6995118],[-98.453408,19.6995065],[-98.4533044,19.6994912],[-98.4532152,19.6994665],[-98.4531298,19.6994211],[-98.4530896,19.6993515],[-98.4531128,19.6992968],[-98.4532052,19.6991496],[-98.4533301,19.6989941],[-98.453463,19.6988353],[-98.4535973,19.6986925],[-98.4536761,19.698702],[-98.4539669,19.6987419],[-98.4541428,19.6987848],[-98.4542085,19.6988242],[-98.4542677,19.698813],[-98.4546887,19.698822],[-98.4547841,19.6988695],[-98.4549706,19.6989404],[-98.4550758,19.6990061],[-98.4552322,19.6990022]]]},"properties":{"locality":"SAN PABLO","official_key":"1300800010029","CVE_ENT":"13","CVE_MUN":"008","CVE_LOC":"0001","CVE_ASEN":"0029","settlement_type":"COLONIA","source":"INEGI DCAH 2025"}},{"type":"Feature","geometry":{"type":"Polygon","coordinates":[[[-98.4598267,19.7156381],[-98.4600494,19.7148354],[-98.4602637,19.7149014],[-98.4609443,19.7150917],[-98.4608462,19.7154813],[-98.4607751,19.7154636],[-98.4606763,19.7158421],[-98.4607499,19.7158636],[-98.460701,19.7160578],[-98.4604632,19.7170063],[-98.4602254,19.7179548],[-98.4593096,19.7175126],[-98.4593615,19.7174215],[-98.4598267,19.7156381]]]},"properties":{"locality":"VILLAS TAURINAS","official_key":"1300800010030","CVE_ENT":"13","CVE_MUN":"008","CVE_LOC":"0001","CVE_ASEN":"0030","settlement_type":"FRACCIONAMIENTO","source":"INEGI DCAH 2025"}},{"type":"Feature","geometry":{"type":"Polygon","coordinates":[[[-98.4612381,19.714166],[-98.4613655,19.7137645],[-98.4616036,19.7138508],[-98.4611974,19.7151473],[-98.4609443,19.7150917],[-98.4610806,19.7146624],[-98.4612381,19.714166]]]},"properties":{"locality":"VILLAS TAURINAS III","official_key":"1300800010031","CVE_ENT":"13","CVE_MUN":"008","CVE_LOC":"0001","CVE_ASEN":"0031","settlement_type":"FRACCIONAMIENTO","source":"INEGI DCAH 2025"}},{"type":"Feature","geometry":{"type":"Polygon","coordinates":[[[-98.4600129,19.7053877],[-98.4600035,19.7053381],[-98.4602579,19.7052964],[-98.4604724,19.7052613],[-98.4605323,19.7052531],[-98.4605416,19.7053075],[-98.4606403,19.7059586],[-98.4604411,19.7059907],[-98.4603726,19.706003],[-98.4603277,19.7060112],[-98.460137,19.7060398],[-98.4600129,19.7053877]]]},"properties":{"locality":"QUINTA FLORES","official_key":"1300800010032","CVE_ENT":"13","CVE_MUN":"008","CVE_LOC":"0001","CVE_ASEN":"0032","settlement_type":"FRACCIONAMIENTO","source":"INEGI DCAH 2025"}},{"type":"Feature","geometry":{"type":"MultiPolygon","coordinates":[[[[-98.5300774,19.6980599],[-98.5365147,19.6937164],[-98.5419221,19.7006457],[-98.5338111,19.7063829],[-98.530292,19.7017164],[-98.5320301,19.7005851],[-98.5300774,19.6980599]]],[[[-98.5311504,19.7115148],[-98.5308749,19.7111964],[-98.5293331,19.711673],[-98.5286241,19.7114139],[-98.5293067,19.7096807],[-98.5293853,19.7091861],[-98.5292413,19.708615],[-98.5290537,19.7082234],[-98.5288018,19.7079934],[-98.5287379,19.7077203],[-98.5305108,19.7071509],[-98.5309256,19.7069816],[-98.5313311,19.7068512],[-98.5316993,19.706722],[-98.5321045,19.7064611],[-98.5325587,19.7066782],[-98.533259,19.7069085],[-98.5359474,19.7079897],[-98.535722,19.7082057],[-98.535607,19.7083159],[-98.534915,19.7089985],[-98.5345891,19.7093819],[-98.5341115,19.7100368],[-98.5347364,19.7104703],[-98.5348584,19.7106239],[-98.534965,19.7108775],[-98.534975,19.711126],[-98.534906,19.7112692],[-98.5346653,19.7118164],[-98.5346916,19.7119926],[-98.5347768,19.7122093],[-98.5349259,19.7124608],[-98.535181,19.7128627],[-98.535225,19.7130039],[-98.535108,19.7134733],[-98.5350422,19.7135056],[-98.5333512,19.7133201],[-98.5325154,19.7131056],[-98.5317878,19.7129532],[-98.5308759,19.7126045],[-98.5309264,19.7125002],[-98.5309729,19.7123695],[-98.5312194,19.7115757],[-98.5311504,19.7115148]]]]},"properties":{"locality":"ACOPINALCO","official_key":"1300800020001","CVE_ENT":"13","CVE_MUN":"008","CVE_LOC":"0002","CVE_ASEN":"0001","settlement_type":"COLONIA","source":"INEGI DCAH 2025"}},{"type":"Feature","geometry":{"type":"Polygon","coordinates":[[[-98.3841393,19.7999719],[-98.3827367,19.7999175],[-98.3825108,19.7998714],[-98.3823364,19.7997584],[-98.3821772,19.7996732],[-98.381989,19.7995917],[-98.3818921,19.7994445],[-98.381671,19.7993893],[-98.3815503,19.7996402],[-98.3813921,19.7998911],[-98.3810127,19.8002958],[-98.3805557,19.8004131],[-98.3799422,19.8004556],[-98.3793295,19.8004415],[-98.3787937,19.8002864],[-98.3785934,19.800235],[-98.3780318,19.8002598],[-98.3776668,19.8005266],[-98.3774256,19.8005427],[-98.3764605,19.8005658],[-98.3758771,19.8005462],[-98.374804,19.8007427],[-98.3745034,19.8005959],[-98.3743069,19.8004678],[-98.3740177,19.8004719],[-98.3738348,19.8002775],[-98.3737219,19.8001247],[-98.3735313,19.800008],[-98.3733126,19.7997629],[-98.3732248,19.7996807],[-98.3730886,19.7996237],[-98.3727791,19.7995993],[-98.3725339,19.7992266],[-98.3725697,19.7990873],[-98.3723837,19.7987703],[-98.3722299,19.7986855],[-98.3718268,19.7985479],[-98.3713163,19.7981781],[-98.371025,19.7979533],[-98.3715797,19.7976754],[-98.3718736,19.7979675],[-98.3722048,19.7980185],[-98.3724341,19.798019],[-98.3729117,19.7984511],[-98.373319,19.7986307],[-98.3737828,19.7988452],[-98.3742767,19.7989201],[-98.3750271,19.7987892],[-98.3759746,19.7988121],[-98.3763747,19.798743],[-98.3770363,19.7987701],[-98.377443,19.7987775],[-98.3776615,19.7987973],[-98.37788,19.7988052],[-98.3781535,19.7987301],[-98.3786732,19.7986751],[-98.3792707,19.7986051],[-98.3795558,19.7985451],[-98.379704,19.7985116],[-98.3799242,19.7984521],[-98.3801837,19.7983364],[-98.3806119,19.7980645],[-98.3808106,19.7979799],[-98.3810154,19.7979244],[-98.3807797,19.7977551],[-98.3811351,19.7974354],[-98.3813986,19.7972099],[-98.3814825,19.797199],[-98.3817207,19.7972759],[-98.3821146,19.7969389],[-98.3821558,19.7969109],[-98.3821718,19.7968273],[-98.3821664,19.7967527],[-98.3820833,19.7966579],[-98.3820349,19.7966043],[-98.3819864,19.7965602],[-98.383153,19.7951962],[-98.3833889,19.7956367],[-98.3835764,19.7957773],[-98.384028,19.7960654],[-98.3843246,19.7962528],[-98.3837983,19.7971968],[-98.3837089,19.7974745],[-98.3836597,19.7977067],[-98.3836427,19.7979237],[-98.3838828,19.7982405],[-98.384149,19.7984583],[-98.3842865,19.7986661],[-98.3844005,19.7988646],[-98.3845416,19.7989476],[-98.3841393,19.7999719]]]},"properties":{"locality":"ALCANTARILLAS","official_key":"1300800030001","CVE_ENT":"13","CVE_MUN":"008","CVE_LOC":"0003","CVE_ASEN":"0001","settlement_type":"EJIDO","source":"INEGI DCAH 2025"}},{"type":"Feature","geometry":{"type":"Polygon","coordinates":[[[-98.3727487,19.8477804],[-98.3730645,19.8463742],[-98.3710307,19.8459186],[-98.3714702,19.8443072],[-98.3718668,19.8426957],[-98.3731256,19.8429941],[-98.373003,19.8435107],[-98.3739536,19.843715],[-98.3746633,19.8439632],[-98.3751593,19.8444525],[-98.3750116,19.8450125],[-98.3746601,19.8461073],[-98.37453,19.8464396],[-98.3743914,19.8467928],[-98.3742315,19.8470713],[-98.3738651,19.8468711],[-98.3736167,19.8472864],[-98.3734327,19.8474697],[-98.3732326,19.8475924],[-98.3727487,19.8477804]]]},"properties":{"locality":"COCINILLAS","official_key":"1300800040001","CVE_ENT":"13","CVE_MUN":"008","CVE_LOC":"0004","CVE_ASEN":"0001","settlement_type":"COLONIA","source":"INEGI DCAH 2025"}},{"type":"Feature","geometry":{"type":"Polygon","coordinates":[[[-98.509061,19.6686335],[-98.5093779,19.6688153],[-98.5098397,19.6690699],[-98.5102579,19.6692868],[-98.5106303,19.6694801],[-98.5111067,19.6699087],[-98.5112978,19.669658],[-98.5116223,19.6692208],[-98.5117244,19.6691336],[-98.5118421,19.6692434],[-98.5118759,19.669275],[-98.5119607,19.6694753],[-98.5124437,19.6706159],[-98.5126149,19.6710203],[-98.5126566,19.6710966],[-98.5127262,19.6712241],[-98.5127363,19.6712425],[-98.5127373,19.6713407],[-98.5127379,19.6713966],[-98.5129532,19.6719069],[-98.5129532,19.671907],[-98.5131098,19.672278],[-98.5135114,19.6729675],[-98.513959,19.6736078],[-98.5140658,19.6737175],[-98.5141526,19.6738067],[-98.5141545,19.6738086],[-98.5138944,19.6736924],[-98.5138944,19.6736924],[-98.513787,19.6736444],[-98.5130494,19.6732605],[-98.5120163,19.6726949],[-98.5120114,19.6726922],[-98.5113289,19.6712562],[-98.5108339,19.6702146],[-98.5105566,19.6706276],[-98.5099622,19.6715128],[-98.5099478,19.6715046],[-98.5079341,19.6703664],[-98.5079291,19.6703636],[-98.5081627,19.6700065],[-98.509061,19.6686335]]]},"properties":{"locality":"LAS CANOAS","official_key":"1300800050001","CVE_ENT":"13","CVE_MUN":"008","CVE_LOC":"0005","CVE_ASEN":"0001","settlement_type":"COLONIA","source":"INEGI DCAH 2025"}},{"type":"Feature","geometry":{"type":"Polygon","coordinates":[[[-98.5124458,19.6608173],[-98.5136544,19.6613547],[-98.514077,19.6614741],[-98.5144561,19.6616171],[-98.5138041,19.6626238],[-98.5139984,19.6627333],[-98.5150151,19.6632198],[-98.5157814,19.663616],[-98.5151834,19.66451],[-98.5152731,19.6646068],[-98.5163783,19.6652221],[-98.5165856,19.6653597],[-98.5162359,19.6656177],[-98.5145166,19.6667442],[-98.5143261,19.6668526],[-98.5133579,19.6674034],[-98.5131674,19.6672898],[-98.5130166,19.6674822],[-98.5124714,19.6681776],[-98.5121159,19.6686325],[-98.5117379,19.6691163],[-98.5117244,19.6691336],[-98.5116223,19.6692208],[-98.5112978,19.669658],[-98.5111067,19.6699087],[-98.5106303,19.6694801],[-98.5102579,19.6692868],[-98.5098397,19.6690699],[-98.5093779,19.6688153],[-98.509061,19.6686335],[-98.5068652,19.6673818],[-98.5065531,19.6672039],[-98.5068045,19.6669412],[-98.5076374,19.6660709],[-98.5077583,19.6659446],[-98.5077584,19.6659445],[-98.5080578,19.6656316],[-98.5082715,19.6653903],[-98.5087991,19.6647945],[-98.5087992,19.6647945],[-98.5088826,19.6647003],[-98.5096564,19.6638446],[-98.5101285,19.6633218],[-98.5107819,19.6626433],[-98.511351,19.6620233],[-98.5124458,19.6608173]]]},"properties":{"locality":"CENTRO","official_key":"1300800050002","CVE_ENT":"13","CVE_MUN":"008","CVE_LOC":"0005","CVE_ASEN":"0002","settlement_type":"COLONIA","source":"INEGI DCAH 2025"}},{"type":"Feature","geometry":{"type":"Polygon","coordinates":[[[-98.5156264,19.657284],[-98.5156266,19.6574798],[-98.5155694,19.6576133],[-98.5154273,19.6578896],[-98.5152497,19.6582594],[-98.5152131,19.6583356],[-98.5150284,19.6586878],[-98.5148341,19.65907],[-98.5146443,19.6594377],[-98.5144302,19.6598544],[-98.5142635,19.6602198],[-98.5139955,19.6607395],[-98.5142366,19.6608516],[-98.5142605,19.6609049],[-98.5143168,19.6609478],[-98.5147159,19.6612029],[-98.5144561,19.6616171],[-98.514077,19.6614741],[-98.5136544,19.6613547],[-98.5124458,19.6608173],[-98.5129452,19.6602376],[-98.5133236,19.6597811],[-98.5136108,19.6594711],[-98.5139054,19.6591241],[-98.5141564,19.6588494],[-98.514503,19.6584567],[-98.5147724,19.658121],[-98.5151449,19.6576919],[-98.5154768,19.6573288],[-98.5156264,19.657284]]]},"properties":{"locality":"LAS ORQUÍDEAS","official_key":"1300800050003","CVE_ENT":"13","CVE_MUN":"008","CVE_LOC":"0005","CVE_ASEN":"0003","settlement_type":"COLONIA","source":"INEGI DCAH 2025"}},{"type":"Feature","geometry":{"type":"Polygon","coordinates":[[[-98.3830966,19.6314527],[-98.3830224,19.6314008],[-98.3845428,19.6302716],[-98.3848907,19.6300286],[-98.3850964,19.6298905],[-98.385951,19.6292669],[-98.3861668,19.6290639],[-98.3854093,19.6284846],[-98.3858394,19.6278963],[-98.3860374,19.6276243],[-98.3857123,19.6274012],[-98.3853551,19.6271575],[-98.3852051,19.6270631],[-98.3850059,19.6269515],[-98.3847145,19.6267284],[-98.3845201,19.6266009],[-98.384376,19.6265142],[-98.3843578,19.6265058],[-98.3842744,19.6264669],[-98.3841841,19.6264241],[-98.3841281,19.6263744],[-98.384033,19.6263272],[-98.383607,19.626014],[-98.3834577,19.6259133],[-98.3832028,19.625684],[-98.3832779,19.6256177],[-98.3835491,19.6255642],[-98.3837282,19.6255426],[-98.3839706,19.6255275],[-98.3841253,19.6255131],[-98.3842821,19.6254965],[-98.3843638,19.625482],[-98.3844643,19.6254522],[-98.3845676,19.6253894],[-98.3847206,19.625237],[-98.3849676,19.6250177],[-98.3851915,19.6247993],[-98.385444,19.624592],[-98.3855637,19.6245206],[-98.3857024,19.6244284],[-98.3857269,19.6243811],[-98.3860672,19.6245798],[-98.3863206,19.6247233],[-98.3867213,19.6249221],[-98.3871805,19.6251019],[-98.3877984,19.6253648],[-98.3888007,19.6258296],[-98.3892348,19.626029],[-98.3893181,19.6263046],[-98.3898199,19.6258223],[-98.3909469,19.6252416],[-98.3911135,19.6253004],[-98.3908669,19.6265162],[-98.3906797,19.6271643],[-98.3902461,19.6285412],[-98.389374,19.6282819],[-98.3893154,19.6267772],[-98.3892486,19.6267777],[-98.3889028,19.62695],[-98.3885961,19.6273259],[-98.3883356,19.6278367],[-98.3879109,19.628647],[-98.3878299,19.6287726],[-98.3876727,19.6290041],[-98.387499,19.6291972],[-98.387289,19.6294267],[-98.3871477,19.6295792],[-98.3868285,19.6300073],[-98.3865018,19.6304165],[-98.3859167,19.6312083],[-98.3847769,19.6326094],[-98.384739,19.6325824],[-98.38388,19.6319893],[-98.3831689,19.6314835],[-98.3830966,19.6314527]]]},"properties":{"locality":"SAN JOSÉ JIQUILPAN","official_key":"1300800070001","CVE_ENT":"13","CVE_MUN":"008","CVE_LOC":"0007","CVE_ASEN":"0001","settlement_type":"RANCHERÍA","source":"INEGI DCAH 2025"}},{"type":"Feature","geometry":{"type":"Polygon","coordinates":[[[-98.4958147,19.7344273],[-98.4954168,19.7344635],[-98.4957204,19.7340124],[-98.4958839,19.7337687],[-98.4957311,19.7337644],[-98.4952041,19.7336981],[-98.4946381,19.7334667],[-98.495509,19.7326682],[-98.4958779,19.7323112],[-98.4962551,19.7319431],[-98.4966346,19.7315771],[-98.4971068,19.7315016],[-98.4983167,19.7313345],[-98.4983905,19.7313264],[-98.4985173,19.7319433],[-98.4985241,19.7320571],[-98.4987541,19.7317325],[-98.4993824,19.7308903],[-98.4995206,19.7308957],[-98.4999539,19.7303812],[-98.5007204,19.7313162],[-98.5013832,19.7320915],[-98.5022764,19.7332992],[-98.5031732,19.7345671],[-98.504658,19.7346193],[-98.504688,19.734915],[-98.5027751,19.734882],[-98.5021429,19.7353296],[-98.5013804,19.7360505],[-98.500722,19.736679],[-98.5006343,19.7367173],[-98.5007367,19.7369274],[-98.5006657,19.7373731],[-98.5005902,19.7377904],[-98.5005914,19.7380184],[-98.5005576,19.7383311],[-98.5004319,19.7383537],[-98.5002852,19.738326],[-98.5000797,19.7382008],[-98.4997246,19.737937],[-98.4989866,19.7373397],[-98.498866,19.7372341],[-98.4981032,19.7365662],[-98.4973657,19.7358891],[-98.4969083,19.7354811],[-98.496261,19.7348751],[-98.4960832,19.7346804],[-98.4958147,19.7344273]]]},"properties":{"locality":"LA LAGUNA","official_key":"1300800090001","CVE_ENT":"13","CVE_MUN":"008","CVE_LOC":"0009","CVE_ASEN":"0001","settlement_type":"COLONIA","source":"INEGI DCAH 2025"}},{"type":"Feature","geometry":{"type":"Polygon","coordinates":[[[-98.4743364,19.6447651],[-98.4733354,19.6447354],[-98.4731313,19.6443792],[-98.4727882,19.6437806],[-98.4725629,19.6433865],[-98.472005,19.6437503],[-98.4711306,19.6442757],[-98.4702348,19.6429924],[-98.4698003,19.6430935],[-98.4696742,19.6431213],[-98.4695361,19.6431352],[-98.469178,19.6430884],[-98.4688266,19.6430177],[-98.4680246,19.6432198],[-98.4668176,19.6434875],[-98.4660344,19.643624],[-98.4656589,19.643922],[-98.4656482,19.6436593],[-98.4657662,19.6433208],[-98.4657448,19.6430834],[-98.4647615,19.6437484],[-98.4646206,19.6435228],[-98.4645469,19.6434048],[-98.465891,19.6425878],[-98.4657929,19.6424153],[-98.4656765,19.6422247],[-98.4656044,19.6421068],[-98.4655204,19.6419741],[-98.4650887,19.641293],[-98.464921,19.6410258],[-98.4637315,19.6391306],[-98.46496,19.6382868],[-98.4661777,19.637534],[-98.4662594,19.6376419],[-98.4674997,19.6368404],[-98.4682615,19.6363756],[-98.4684332,19.6362645],[-98.4679933,19.6354257],[-98.4693773,19.6346477],[-98.4699406,19.6355773],[-98.4703643,19.6354561],[-98.4721239,19.6350114],[-98.4721882,19.6351125],[-98.4738941,19.6346679],[-98.4750528,19.636699],[-98.4752567,19.6370324],[-98.4758725,19.6380564],[-98.4759433,19.6381743],[-98.4768014,19.6395964],[-98.4768067,19.6396052],[-98.4781425,19.6385341],[-98.4783678,19.6390393],[-98.4770374,19.6400852],[-98.4806691,19.6388928],[-98.4818541,19.6407543],[-98.4821652,19.6412241],[-98.4799968,19.6422276],[-98.4799927,19.6422295],[-98.4798746,19.6421184],[-98.4794244,19.6422705],[-98.4781848,19.6426893],[-98.4782707,19.6428055],[-98.4778898,19.6430682],[-98.4774177,19.6433915],[-98.4770896,19.6436047],[-98.4767955,19.6437957],[-98.4768901,19.6443242],[-98.4769805,19.6448289],[-98.4769779,19.6450689],[-98.4754865,19.6448567],[-98.47436,19.6447657],[-98.4743364,19.6447651]]]},"properties":{"locality":"LÁZARO CÁRDENAS","official_key":"1300800110001","CVE_ENT":"13","CVE_MUN":"008","CVE_LOC":"0011","CVE_ASEN":"0001","settlement_type":"COLONIA","source":"INEGI DCAH 2025"}},{"type":"Feature","geometry":{"type":"Polygon","coordinates":[[[-98.4353606,19.63623],[-98.4362947,19.6361267],[-98.4362754,19.6359247],[-98.4362986,19.6353929],[-98.4363818,19.634593],[-98.4367519,19.6346882],[-98.4372627,19.6348153],[-98.4379553,19.6350211],[-98.4384686,19.6351995],[-98.4393659,19.6355995],[-98.4398563,19.6358403],[-98.4400285,19.6360138],[-98.4411072,19.6365036],[-98.4416284,19.6367449],[-98.4402827,19.6382258],[-98.4392624,19.6380228],[-98.4392723,19.6383272],[-98.4391788,19.6383059],[-98.4390238,19.6382767],[-98.4389598,19.6382269],[-98.4389139,19.6381459],[-98.4383604,19.6379754],[-98.4380589,19.6379216],[-98.4373364,19.6377916],[-98.4374237,19.6373127],[-98.4372533,19.6372628],[-98.4368023,19.637124],[-98.4354876,19.6367008],[-98.4353606,19.63623]]]},"properties":{"locality":"MALAYERBA","official_key":"1300800130001","CVE_ENT":"13","CVE_MUN":"008","CVE_LOC":"0013","CVE_ASEN":"0001","settlement_type":"RANCHERÍA","source":"INEGI DCAH 2025"}},{"type":"Feature","geometry":{"type":"Polygon","coordinates":[[[-98.4501637,19.6671524],[-98.4498766,19.6669746],[-98.4497961,19.66697],[-98.4497746,19.6675009],[-98.4499194,19.6675826],[-98.4499838,19.6682109],[-98.4500163,19.6685433],[-98.4500385,19.6689961],[-98.4500843,19.6697136],[-98.4484029,19.6686385],[-98.4482556,19.6685391],[-98.4480651,19.6684277],[-98.4476747,19.6681835],[-98.4473244,19.6679454],[-98.4469936,19.6677414],[-98.4460516,19.6670744],[-98.4469222,19.6657467],[-98.447169,19.665945],[-98.4475553,19.665405],[-98.4480358,19.6656883],[-98.4494926,19.6639915],[-98.4498333,19.6636031],[-98.4500133,19.663901],[-98.4503126,19.6643931],[-98.4505002,19.6646787],[-98.4507523,19.6650597],[-98.4508306,19.6651712],[-98.450917,19.6653323],[-98.4510829,19.6656235],[-98.4513356,19.6660515],[-98.4517511,19.6666594],[-98.4518221,19.6668926],[-98.4515384,19.6669714],[-98.451392,19.6671188],[-98.4510275,19.6677189],[-98.4505584,19.6673895],[-98.4501637,19.6671524]]]},"properties":{"locality":"SAN JUAN IXTILMACO","official_key":"1300800140001","CVE_ENT":"13","CVE_MUN":"008","CVE_LOC":"0014","CVE_ASEN":"0001","settlement_type":"RANCHERÍA","source":"INEGI DCAH 2025"}},{"type":"Feature","geometry":{"type":"Polygon","coordinates":[[[-98.4377111,19.7844749],[-98.4372086,19.7842815],[-98.4360089,19.7840678],[-98.4359482,19.7832102],[-98.4359254,19.7829174],[-98.435149,19.7828283],[-98.434345,19.7827228],[-98.4342098,19.7826572],[-98.4340025,19.7826464],[-98.4334627,19.7826242],[-98.4331053,19.782617],[-98.4325785,19.7825908],[-98.4325517,19.7813099],[-98.4325153,19.7804962],[-98.4324327,19.779864],[-98.4323631,19.7781154],[-98.4340168,19.7785284],[-98.434554,19.7786541],[-98.4348226,19.778828],[-98.4349354,19.7790563],[-98.4351528,19.7786657],[-98.4354009,19.7784047],[-98.4357074,19.7782995],[-98.436046,19.7781135],[-98.4369378,19.778094],[-98.4371138,19.7780629],[-98.437406,19.7778901],[-98.4375532,19.7802247],[-98.4385801,19.780217],[-98.4386076,19.7802755],[-98.4386852,19.7803928],[-98.4388011,19.7806542],[-98.4388655,19.7809026],[-98.4389002,19.7809919],[-98.4389457,19.7810621],[-98.4390412,19.7811636],[-98.4391918,19.781215],[-98.4393221,19.781283],[-98.4393758,19.781329],[-98.4394412,19.7815024],[-98.4394057,19.7816419],[-98.4393743,19.7817717],[-98.4393956,19.7818469],[-98.4394935,19.7819389],[-98.4395431,19.7819989],[-98.4395388,19.7820913],[-98.4395115,19.7821956],[-98.4394722,19.7822757],[-98.4394653,19.7823356],[-98.4394851,19.7824481],[-98.4394969,19.7825144],[-98.4396042,19.7826536],[-98.4396349,19.7827199],[-98.4395967,19.7828592],[-98.439525,19.7829685],[-98.4394777,19.7830358],[-98.4394315,19.7831151],[-98.4394351,19.783231],[-98.4394786,19.7834833],[-98.4395143,19.7836103],[-98.4396044,19.7837441],[-98.4396925,19.7838097],[-98.4397685,19.7838908],[-98.4399506,19.7841513],[-98.4400397,19.784271],[-98.4400908,19.7843802],[-98.4400945,19.7844894],[-98.4400498,19.7845778],[-98.4399236,19.7846883],[-98.4398339,19.7847696],[-98.4397847,19.784829],[-98.4397093,19.7850218],[-98.4396493,19.7850211],[-98.4391555,19.7846905],[-98.438837,19.7844511],[-98.4385768,19.7843294],[-98.4384788,19.7842948],[-98.4380026,19.7840779],[-98.4377335,19.7840543],[-98.4377111,19.7844749]]]},"properties":{"locality":"SAN MIGUEL DE LAS TUNAS","official_key":"1300800150001","CVE_ENT":"13","CVE_MUN":"008","CVE_LOC":"0015","CVE_ASEN":"0001","settlement_type":"COLONIA","source":"INEGI DCAH 2025"}},{"type":"Feature","geometry":{"type":"Polygon","coordinates":[[[-98.3929571,19.8136648],[-98.3928827,19.8136301],[-98.3934228,19.8127515],[-98.3938593,19.8120576],[-98.3940277,19.8117784],[-98.3941727,19.8114974],[-98.3944584,19.8110289],[-98.3948841,19.8103389],[-98.3951486,19.8098614],[-98.3953004,19.8095936],[-98.3953422,19.8095254],[-98.3954684,19.8093194],[-98.3956768,19.8089794],[-98.3961729,19.8093705],[-98.3963645,19.8095328],[-98.3966288,19.8097454],[-98.3970851,19.810099],[-98.3971041,19.8102199],[-98.3976506,19.8106437],[-98.3976845,19.8106751],[-98.3983482,19.8111942],[-98.3986541,19.8114148],[-98.3980398,19.8125299],[-98.3981987,19.8127159],[-98.3979025,19.8130967],[-98.3976728,19.81339],[-98.3975042,19.813596],[-98.3971657,19.8140083],[-98.3971102,19.8140486],[-98.3969028,19.8142949],[-98.3965956,19.814645],[-98.3955709,19.8139793],[-98.3951538,19.8142468],[-98.3949212,19.814609],[-98.3947378,19.8148556],[-98.3946832,19.8149673],[-98.3946608,19.8148926],[-98.3946499,19.8148538],[-98.3946337,19.8148246],[-98.3945953,19.8147941],[-98.3929571,19.8136648]]]},"properties":{"locality":"SANTA CRUZ","official_key":"1300800160001","CVE_ENT":"13","CVE_MUN":"008","CVE_LOC":"0016","CVE_ASEN":"0001","settlement_type":"COLONIA","source":"INEGI DCAH 2025"}},{"type":"Feature","geometry":{"type":"Polygon","coordinates":[[[-98.4377787,19.7419588],[-98.4379924,19.7418773],[-98.437966,19.7417421],[-98.4380237,19.7415217],[-98.4381449,19.7408754],[-98.4382287,19.7403015],[-98.4382656,19.7401181],[-98.4385287,19.7402501],[-98.4388353,19.7404749],[-98.4392467,19.7407096],[-98.4394724,19.7408957],[-98.4396205,19.7410785],[-98.4397018,19.7412438],[-98.4398246,19.7411934],[-98.4402436,19.7410272],[-98.4407843,19.7408458],[-98.4413349,19.7405952],[-98.4415302,19.7405143],[-98.4418038,19.7404009],[-98.4416899,19.7412788],[-98.4416239,19.7417962],[-98.441599,19.7421771],[-98.4416536,19.742197],[-98.4417525,19.7421985],[-98.4418135,19.742232],[-98.4423861,19.7427248],[-98.4423705,19.742764],[-98.4419842,19.7432706],[-98.441961,19.743398],[-98.4419443,19.7434949],[-98.4418743,19.7437656],[-98.4420216,19.7440423],[-98.4429844,19.7440767],[-98.4445689,19.7442511],[-98.4444105,19.7452213],[-98.4441807,19.7463354],[-98.4440733,19.7462942],[-98.4433318,19.7458276],[-98.4422866,19.7451891],[-98.4414729,19.7446843],[-98.4413517,19.7448114],[-98.4407322,19.745418],[-98.4401387,19.7453348],[-98.4395208,19.7452671],[-98.4394731,19.7452558],[-98.4389703,19.7452137],[-98.4386917,19.7451973],[-98.4384459,19.7454232],[-98.4366915,19.7453502],[-98.4354386,19.7464104],[-98.4352729,19.7452094],[-98.4353145,19.7448901],[-98.4335583,19.7435416],[-98.4355901,19.7427766],[-98.4367452,19.742348],[-98.4377787,19.7419588]]]},"properties":{"locality":"SAN DIEGO TLALAYOTE","official_key":"1300800180001","CVE_ENT":"13","CVE_MUN":"008","CVE_LOC":"0018","CVE_ASEN":"0001","settlement_type":"COLONIA","source":"INEGI DCAH 2025"}},{"type":"Feature","geometry":{"type":"Polygon","coordinates":[[[-98.4923793,19.6837533],[-98.4917086,19.6833203],[-98.4924162,19.6824584],[-98.4919758,19.6820612],[-98.4925299,19.6813429],[-98.4922663,19.6811786],[-98.4918787,19.6809296],[-98.4914803,19.6806805],[-98.4911289,19.6804662],[-98.4920253,19.6794351],[-98.4918941,19.6793388],[-98.492086,19.679081],[-98.4924818,19.6795253],[-98.4926217,19.6796143],[-98.4927297,19.6794219],[-98.492827,19.6794744],[-98.4929541,19.6795445],[-98.4930406,19.6794594],[-98.4930939,19.6793357],[-98.4930951,19.6791663],[-98.4929099,19.678965],[-98.4929581,19.6787981],[-98.4935227,19.6791331],[-98.4940212,19.6794128],[-98.4947453,19.6798288],[-98.495013,19.6799969],[-98.4955858,19.680386],[-98.4958006,19.6805213],[-98.4962182,19.6807924],[-98.4967195,19.6810982],[-98.4971884,19.6813753],[-98.4971327,19.6808094],[-98.4977206,19.6809506],[-98.497976,19.6818012],[-98.497393,19.6823551],[-98.4969911,19.6828187],[-98.4963122,19.6835763],[-98.4961053,19.6834642],[-98.4958125,19.6832714],[-98.4954023,19.6830688],[-98.4953837,19.6830441],[-98.4953585,19.6830131],[-98.4950011,19.6828294],[-98.494856,19.6827597],[-98.4946832,19.6826605],[-98.4932362,19.6843066],[-98.492542,19.6838558],[-98.4923793,19.6837533]]]},"properties":{"locality":"LOS VOLADORES","official_key":"1300800190001","CVE_ENT":"13","CVE_MUN":"008","CVE_LOC":"0019","CVE_ASEN":"0001","settlement_type":"COLONIA","source":"INEGI DCAH 2025"}},{"type":"Feature","geometry":{"type":"Polygon","coordinates":[[[-98.50949,19.6087774],[-98.5095076,19.6086423],[-98.5095197,19.6085398],[-98.5095846,19.608447],[-98.5097021,19.6083593],[-98.5099427,19.6083211],[-98.5101878,19.6083174],[-98.5101576,19.6082438],[-98.5100531,19.6081088],[-98.5100215,19.6079876],[-98.510031,19.6078709],[-98.5100648,19.6077772],[-98.5101448,19.6076457],[-98.5102685,19.6075293],[-98.5103664,19.6074068],[-98.51042,19.6072858],[-98.5104401,19.6071849],[-98.510528,19.607144],[-98.5105446,19.6071932],[-98.5106646,19.6073282],[-98.5108215,19.6074459],[-98.5109605,19.6075118],[-98.5111677,19.6075884],[-98.5113551,19.607661],[-98.51146,19.6077227],[-98.5116649,19.6078407],[-98.5118144,19.6079192],[-98.5120962,19.6080441],[-98.5123015,19.6081207],[-98.5123648,19.6081603],[-98.5125613,19.608272],[-98.5128782,19.6084245],[-98.5130958,19.6085464],[-98.5131924,19.6086242],[-98.5132686,19.6086921],[-98.5133833,19.6087462],[-98.5137729,19.6088947],[-98.5139005,19.608929],[-98.5140065,19.608983],[-98.5145509,19.6092226],[-98.5152413,19.6095428],[-98.5155813,19.6096976],[-98.5156522,19.6094679],[-98.5157353,19.6093253],[-98.5157871,19.609577],[-98.5157213,19.6103648],[-98.5156836,19.6107061],[-98.5153719,19.6106126],[-98.5152814,19.6105698],[-98.5149569,19.6110414],[-98.5148535,19.6112037],[-98.5146938,19.6114222],[-98.5150869,19.6116464],[-98.5154783,19.6118454],[-98.515487,19.611981],[-98.5153145,19.6120005],[-98.5151683,19.6120437],[-98.5151756,19.6128776],[-98.5152082,19.6143096],[-98.5151806,19.6155674],[-98.514617,19.6153033],[-98.514214,19.6150993],[-98.512999,19.6145439],[-98.5130774,19.6143617],[-98.5121527,19.6139269],[-98.5120292,19.6141588],[-98.5100408,19.6132405],[-98.5100594,19.6130701],[-98.5091478,19.6127115],[-98.5089533,19.613211],[-98.5080432,19.6129452],[-98.5085334,19.6116392],[-98.507581,19.6114226],[-98.5076178,19.6113161],[-98.5066204,19.6112758],[-98.5071553,19.6094601],[-98.5068364,19.6093069],[-98.506821,19.6092429],[-98.507042,19.6091304],[-98.5070994,19.609064],[-98.5073643,19.6089312],[-98.5074896,19.6088676],[-98.5077432,19.6087847],[-98.5078145,19.6087541],[-98.5079148,19.608613],[-98.5079521,19.6085569],[-98.5080157,19.608525],[-98.5084084,19.6085576],[-98.508758,19.6086703],[-98.5092664,19.6088436],[-98.5094506,19.6089015],[-98.50949,19.6087774]]]},"properties":{"locality":"ZOTOLUCA VELÓZ","official_key":"1300800200001","CVE_ENT":"13","CVE_MUN":"008","CVE_LOC":"0020","CVE_ASEN":"0001","settlement_type":"PUEBLO","source":"INEGI DCAH 2025"}},{"type":"Feature","geometry":{"type":"Polygon","coordinates":[[[-98.427716,19.7618818],[-98.4273431,19.7616778],[-98.4268484,19.7613958],[-98.4267605,19.761534],[-98.4264073,19.7614402],[-98.4257946,19.7614703],[-98.4259046,19.7607743],[-98.4260575,19.7604621],[-98.4262465,19.7602696],[-98.4271137,19.7601865],[-98.4273325,19.759844],[-98.4274585,19.7597347],[-98.4275938,19.7596766],[-98.4277706,19.759653],[-98.4278571,19.759631],[-98.4279202,19.7595643],[-98.4282769,19.7588393],[-98.4298396,19.7594999],[-98.4294634,19.7602742],[-98.429952,19.7606673],[-98.4299106,19.7609259],[-98.4299097,19.7611153],[-98.4299231,19.7612578],[-98.4300824,19.7614134],[-98.4302508,19.7615647],[-98.4304166,19.761744],[-98.4305941,19.7618987],[-98.4308374,19.7620521],[-98.4310027,19.7621709],[-98.431174,19.7622581],[-98.4313774,19.762315],[-98.4318594,19.7624288],[-98.4321689,19.7625353],[-98.4323266,19.7626675],[-98.4324381,19.76289],[-98.43252,19.7629893],[-98.4322271,19.7634665],[-98.4320029,19.7638545],[-98.4318696,19.7640851],[-98.4316426,19.7644616],[-98.4309512,19.7641424],[-98.4302801,19.763904],[-98.4299096,19.7637216],[-98.4297039,19.7635318],[-98.4296162,19.7632207],[-98.4295721,19.7630899],[-98.4292208,19.7626758],[-98.4289178,19.7625493],[-98.4285863,19.7623744],[-98.427716,19.7618818]]]},"properties":{"locality":"SAN LUCAS","official_key":"1300800260001","CVE_ENT":"13","CVE_MUN":"008","CVE_LOC":"0026","CVE_ASEN":"0001","settlement_type":"RANCHERÍA","source":"INEGI DCAH 2025"}},{"type":"Feature","geometry":{"type":"Polygon","coordinates":[[[-98.4957698,19.7573629],[-98.4954286,19.7581803],[-98.4948711,19.7579217],[-98.4948928,19.7576107],[-98.4950861,19.7572593],[-98.493901,19.7569048],[-98.4940405,19.7563921],[-98.4934183,19.7560835],[-98.4926833,19.7564214],[-98.4920637,19.7565046],[-98.491353,19.7567089],[-98.4910284,19.7566224],[-98.4906757,19.7563772],[-98.4906281,19.7562949],[-98.490835,19.7561175],[-98.4910081,19.7558622],[-98.4910733,19.7556336],[-98.4910012,19.7555521],[-98.4910162,19.7553472],[-98.4908627,19.7551918],[-98.4911706,19.7543094],[-98.4931635,19.7558692],[-98.4933258,19.7548367],[-98.4946307,19.7551925],[-98.4945127,19.7548842],[-98.4932306,19.7546543],[-98.4932816,19.7543381],[-98.4933593,19.754143],[-98.4936517,19.7541726],[-98.4936423,19.7539653],[-98.494276,19.7540232],[-98.494384,19.7542729],[-98.4945773,19.7547634],[-98.4953124,19.7548297],[-98.4957332,19.7551089],[-98.4965079,19.7551962],[-98.496639,19.7542435],[-98.4966616,19.753863],[-98.4966627,19.753523],[-98.4965002,19.7530745],[-98.4964113,19.7527027],[-98.4966197,19.752464],[-98.4966931,19.7522088],[-98.4966468,19.7516377],[-98.4964255,19.7511618],[-98.4960903,19.7507353],[-98.4956718,19.7501395],[-98.4942544,19.7519437],[-98.493432,19.7517877],[-98.4933284,19.7519447],[-98.4931427,19.7519355],[-98.4928607,19.7513894],[-98.4931498,19.7510075],[-98.4934318,19.7506827],[-98.4935317,19.7506185],[-98.4936566,19.7505221],[-98.4936923,19.750415],[-98.493703,19.7502408],[-98.493756,19.7501019],[-98.4939113,19.7500224],[-98.4940372,19.7499776],[-98.4937093,19.7497518],[-98.4934135,19.7495058],[-98.4930634,19.7499529],[-98.4925544,19.7497036],[-98.4919294,19.7494104],[-98.4911928,19.7486349],[-98.4905061,19.7492613],[-98.4885694,19.747762],[-98.488121,19.7477115],[-98.4876741,19.7473141],[-98.4874584,19.7472599],[-98.487014,19.7468126],[-98.4879802,19.7459181],[-98.4882819,19.7459897],[-98.4884424,19.7461121],[-98.4892519,19.745906],[-98.4897825,19.7458817],[-98.4898712,19.7457355],[-98.48974,19.7450845],[-98.4899551,19.7443983],[-98.4898483,19.7438636],[-98.4896771,19.7433542],[-98.4893186,19.7431255],[-98.4889763,19.7429473],[-98.4890085,19.7428226],[-98.4889549,19.7427483],[-98.4888477,19.7426504],[-98.4887888,19.7424999],[-98.4886657,19.7425676],[-98.4885053,19.7425565],[-98.4883262,19.7425454],[-98.4871815,19.7419991],[-98.4873355,19.7417926],[-98.4874984,19.7417196],[-98.4876012,19.7416125],[-98.4875861,19.7413437],[-98.4875478,19.7412398],[-98.4868289,19.741179],[-98.486424,19.7410584],[-98.4848175,19.7396452],[-98.4845595,19.7388187],[-98.4856753,19.7383445],[-98.4872515,19.7375814],[-98.4877334,19.7372827],[-98.4883752,19.7368067],[-98.488865,19.7359354],[-98.4892009,19.7357278],[-98.4903755,19.7365478],[-98.4904228,19.7366079],[-98.4904284,19.7370349],[-98.4910174,19.7377193],[-98.4914537,19.7387362],[-98.4911444,19.7387715],[-98.4908189,19.7389228],[-98.4905651,19.7391397],[-98.4903863,19.7394114],[-98.4902929,19.7396087],[-98.4904719,19.7397674],[-98.490673,19.7399564],[-98.4908642,19.7401884],[-98.4911236,19.7404593],[-98.4912499,19.7406735],[-98.4913697,19.7409405],[-98.4914683,19.7411789],[-98.4916624,19.7414695],[-98.4917615,19.7415908],[-98.4919407,19.7416909],[-98.4921262,19.7417822],[-98.4922065,19.7418528],[-98.4922248,19.7419143],[-98.4922122,19.7419934],[-98.4921562,19.7420958],[-98.4920939,19.7422186],[-98.4919602,19.7423853],[-98.4918671,19.7424787],[-98.4917801,19.7425576],[-98.4919622,19.7427427],[-98.4922495,19.7430343],[-98.4925892,19.7433494],[-98.4929505,19.7437232],[-98.4932777,19.7440523],[-98.493627,19.7443823],[-98.4938021,19.7445163],[-98.493935,19.7445573],[-98.4942912,19.7446771],[-98.4945292,19.7447542],[-98.4947846,19.744824],[-98.4949105,19.7448398],[-98.4949369,19.7449187],[-98.494892,19.7450418],[-98.4948184,19.7451635],[-98.4947405,19.7452641],[-98.4946228,19.7453883],[-98.4945139,19.7454815],[-98.4944165,19.7455686],[-98.4945883,19.7460179],[-98.494669,19.7464338],[-98.4947195,19.7468891],[-98.4947402,19.7471331],[-98.4947806,19.7479815],[-98.4947834,19.7482557],[-98.4948331,19.7484813],[-98.4948802,19.7485749],[-98.4950233,19.7488592],[-98.4952113,19.7491426],[-98.4953443,19.7493636],[-98.4954435,19.7495285],[-98.4954754,19.7495815],[-98.4956263,19.749781],[-98.4958635,19.7500943],[-98.4960923,19.750469],[-98.496278,19.7506434],[-98.4965369,19.7508367],[-98.4967401,19.7509433],[-98.4968766,19.750981],[-98.4969585,19.751002],[-98.4974244,19.7511079],[-98.4976746,19.7512019],[-98.4977229,19.75122],[-98.4979628,19.7512931],[-98.4980809,19.7514072],[-98.4984327,19.75161],[-98.4987056,19.7518339],[-98.4987537,19.7519016],[-98.4988933,19.7520984],[-98.4989992,19.7522876],[-98.4990884,19.7524748],[-98.4993457,19.7530275],[-98.4995699,19.7535669],[-98.499637,19.7537382],[-98.499871,19.7542245],[-98.5000734,19.7546798],[-98.5002975,19.7551652],[-98.5003877,19.7554652],[-98.5003992,19.7558556],[-98.5004173,19.7564652],[-98.5004923,19.7566659],[-98.5006059,19.7569696],[-98.500333,19.7568738],[-98.4996288,19.7565333],[-98.4993289,19.7564405],[-98.4990505,19.7562811],[-98.4988697,19.7563668],[-98.4987603,19.7564667],[-98.4984557,19.7567142],[-98.4982273,19.7568236],[-98.4979227,19.7569759],[-98.4976609,19.7570426],[-98.4973373,19.7569854],[-98.4965748,19.7569247],[-98.4963671,19.7574322],[-98.4957698,19.7573629]]]},"properties":{"locality":"LOMAS DEL PEDREGAL","official_key":"1300800510001","CVE_ENT":"13","CVE_MUN":"008","CVE_LOC":"0051","CVE_ASEN":"0001","settlement_type":"COLONIA","source":"INEGI DCAH 2025"}},{"type":"Feature","geometry":{"type":"Polygon","coordinates":[[[-98.4636666,19.7681452],[-98.4632268,19.7679382],[-98.4623041,19.7675141],[-98.4623255,19.7674182],[-98.4623255,19.7672264],[-98.4622719,19.7670648],[-98.4621807,19.7669487],[-98.462068,19.7668124],[-98.4625991,19.7666256],[-98.4630551,19.7664893],[-98.4630014,19.7658835],[-98.46276,19.764995],[-98.4627869,19.7647325],[-98.4628888,19.7648284],[-98.4630229,19.7648738],[-98.463157,19.7648789],[-98.4632697,19.7648385],[-98.4633448,19.7648738],[-98.4633984,19.765],[-98.4634413,19.7652626],[-98.4634413,19.7657119],[-98.4634789,19.765934],[-98.4635218,19.7663076],[-98.4635808,19.7671204],[-98.4636666,19.7681452]]]},"properties":{"locality":"BUENA VISTA","official_key":"1300801270001","CVE_ENT":"13","CVE_MUN":"008","CVE_LOC":"0127","CVE_ASEN":"0001","settlement_type":"RANCHERÍA","source":"INEGI DCAH 2025"}},{"type":"Feature","geometry":{"type":"Polygon","coordinates":[[[-98.4326614,19.691915],[-98.4325465,19.6921747],[-98.430898,19.6915918],[-98.4308781,19.6908548],[-98.4309847,19.6904385],[-98.4314384,19.6898234],[-98.4329149,19.6912132],[-98.4326614,19.691915]]]},"properties":{"locality":"LA ERA DE OCOTEPEC","official_key":"1300801940001","CVE_ENT":"13","CVE_MUN":"008","CVE_LOC":"0194","CVE_ASEN":"0001","settlement_type":"RANCHERÍA","source":"INEGI DCAH 2025"}},{"type":"Feature","geometry":{"type":"Polygon","coordinates":[[[-98.4573909,19.6919251],[-98.4573952,19.6916672],[-98.4572608,19.6916798],[-98.4572232,19.6914987],[-98.4572369,19.6914109],[-98.4572776,19.6913262],[-98.4573084,19.6912365],[-98.457331,19.69108],[-98.4573464,19.6908845],[-98.457417,19.6908038],[-98.4574504,19.6907309],[-98.4574556,19.6906525],[-98.4574505,19.690458],[-98.4574496,19.6904304],[-98.4573991,19.6902448],[-98.4573624,19.690189],[-98.4573311,19.6901502],[-98.4572675,19.6900562],[-98.4572484,19.6900261],[-98.4572359,19.6900026],[-98.457173,19.6898714],[-98.4571482,19.6897839],[-98.4571511,19.689668],[-98.4571443,19.689466],[-98.4571812,19.6892812],[-98.4571857,19.6892382],[-98.4572347,19.6891525],[-98.4584403,19.6891473],[-98.4584208,19.6885563],[-98.4585381,19.688079],[-98.4587364,19.6874559],[-98.4593424,19.6873533],[-98.4594843,19.6876886],[-98.4598585,19.6873499],[-98.4600549,19.6873151],[-98.4601688,19.6876798],[-98.4603322,19.6877298],[-98.4604128,19.6880785],[-98.4605229,19.6885509],[-98.460609,19.6889906],[-98.4599885,19.6895883],[-98.4598821,19.6896952],[-98.4600354,19.6903901],[-98.4602692,19.690878],[-98.4603834,19.6910668],[-98.4613823,19.6916093],[-98.4616885,19.6917189],[-98.4618778,19.6918258],[-98.4620126,19.6919062],[-98.4609059,19.692749],[-98.4604462,19.6931438],[-98.4593449,19.6940451],[-98.4592437,19.6940971],[-98.459143,19.6941278],[-98.4591935,19.6941576],[-98.4592254,19.6941999],[-98.4593379,19.6943703],[-98.4594414,19.6944679],[-98.4596701,19.6945996],[-98.4600889,19.6947998],[-98.4599645,19.6950391],[-98.4598975,19.6951452],[-98.4598269,19.6952511],[-98.4597503,19.6953761],[-98.4596829,19.6955012],[-98.4596349,19.6956529],[-98.459552,19.6957178],[-98.4594876,19.6957342],[-98.4592865,19.6957228],[-98.4589914,19.6956168],[-98.4586775,19.6955647],[-98.4581113,19.6953909],[-98.4578273,19.6953548],[-98.4576742,19.6953218],[-98.4575707,19.6952914],[-98.457476,19.6952846],[-98.4573216,19.695238],[-98.4570726,19.69517],[-98.4568113,19.6950137],[-98.456656,19.6948855],[-98.4566894,19.694674],[-98.4567528,19.6944837],[-98.4567602,19.6944211],[-98.4567872,19.6940184],[-98.4568305,19.6938228],[-98.456797,19.6935809],[-98.4568424,19.6934689],[-98.4568808,19.693422],[-98.45694,19.6933908],[-98.457031,19.6933627],[-98.4570795,19.6933337],[-98.4571106,19.6932591],[-98.4571407,19.6931685],[-98.4571401,19.693075],[-98.4570662,19.6923819],[-98.4570905,19.692176],[-98.4571177,19.6920421],[-98.4572786,19.6919584],[-98.4573909,19.6919251]]]},"properties":{"locality":"SAN JOSÉ EL MIRADOR","official_key":"1300802000001","CVE_ENT":"13","CVE_MUN":"008","CVE_LOC":"0200","CVE_ASEN":"0001","settlement_type":"COLONIA","source":"INEGI DCAH 2025"}},{"type":"Feature","geometry":{"type":"Polygon","coordinates":[[[-98.4714108,19.6959231],[-98.4712069,19.6959433],[-98.4710085,19.6959281],[-98.4709226,19.6959281],[-98.4705257,19.6958978],[-98.4700911,19.6958827],[-98.470008,19.69587],[-98.4696298,19.6958473],[-98.4691953,19.695817],[-98.4687447,19.6957918],[-98.4686588,19.6950594],[-98.4691202,19.6950695],[-98.4691416,19.6952917],[-98.4695547,19.6952665],[-98.4695225,19.695115],[-98.4699651,19.6950973],[-98.4699785,19.6951655],[-98.4703942,19.6951731],[-98.4703916,19.6950922],[-98.4708744,19.6951377],[-98.4708744,19.6951857],[-98.4713411,19.6951958],[-98.4714108,19.6959231]]]},"properties":{"locality":"BOSQUES DE CHOLUCO","official_key":"1300802050001","CVE_ENT":"13","CVE_MUN":"008","CVE_LOC":"0205","CVE_ASEN":"0001","settlement_type":"COLONIA","source":"INEGI DCAH 2025"}},{"type":"Feature","geometry":{"type":"Polygon","coordinates":[[[-98.4687968,19.727115],[-98.4684642,19.7273675],[-98.4681423,19.7275745],[-98.4677722,19.7278169],[-98.4671177,19.7282057],[-98.4664257,19.7276225],[-98.4663453,19.7274736],[-98.4663104,19.7274268],[-98.4662272,19.7273404],[-98.4661468,19.7272706],[-98.4660489,19.7272054],[-98.4659382,19.7271653],[-98.4657981,19.7270469],[-98.466356,19.7266404],[-98.4666671,19.7264081],[-98.4670158,19.7261809],[-98.4673913,19.7259536],[-98.4681048,19.7265293],[-98.4687968,19.727115]]]},"properties":{"locality":"LA HIDALGUENSE","official_key":"1300802060001","CVE_ENT":"13","CVE_MUN":"008","CVE_LOC":"0206","CVE_ASEN":"0001","settlement_type":"COLONIA","source":"INEGI DCAH 2025"}},{"type":"Feature","geometry":{"type":"MultiPolygon","coordinates":[[[[-98.4655304,19.7127072],[-98.4653413,19.7126478],[-98.4646694,19.7126592],[-98.4644753,19.7126169],[-98.4642241,19.7126087],[-98.4635402,19.7125582],[-98.4629742,19.7124875],[-98.4627648,19.7124561],[-98.4628419,19.7120039],[-98.4627271,19.7118004],[-98.4626118,19.7115957],[-98.462567,19.7115689],[-98.4622284,19.7113662],[-98.4623122,19.7111644],[-98.4623614,19.711046],[-98.4625035,19.7110045],[-98.4628074,19.7109157],[-98.4631402,19.7108525],[-98.4634712,19.7108896],[-98.4635163,19.7109461],[-98.4637523,19.7109007],[-98.4641278,19.7107542],[-98.4646696,19.7105977],[-98.4648306,19.7105421],[-98.4653026,19.7102593],[-98.4654689,19.7102341],[-98.4658445,19.7112996],[-98.4660456,19.7119662],[-98.4662253,19.7119157],[-98.4666277,19.7129561],[-98.4661556,19.7130975],[-98.4660158,19.7131289],[-98.4655304,19.7127072]]],[[[-98.465241,19.7147955],[-98.4656219,19.7139673],[-98.4661583,19.7143158],[-98.466566,19.7146238],[-98.4664856,19.7147955],[-98.4672098,19.71525],[-98.4668557,19.7158409],[-98.4661852,19.7154217],[-98.465241,19.7147955]]],[[[-98.4669898,19.7180982],[-98.4676765,19.7163307],[-98.467891,19.7164721],[-98.4686796,19.716967],[-98.4685294,19.7172851],[-98.4683738,19.7176336],[-98.4682236,19.7180123],[-98.4680788,19.7183153],[-98.4677194,19.7185426],[-98.4671722,19.7182042],[-98.4669898,19.7180982]]],[[[-98.4608637,19.7182598],[-98.4617381,19.716154],[-98.4614698,19.7160732],[-98.4607499,19.7158636],[-98.4606763,19.7158421],[-98.4607751,19.7154636],[-98.4608462,19.7154813],[-98.4610664,19.7155361],[-98.4611974,19.7151473],[-98.4617603,19.7153231],[-98.4620599,19.7154167],[-98.4626768,19.7156086],[-98.4633796,19.7158611],[-98.4639482,19.7160075],[-98.4646402,19.7162247],[-98.4645115,19.7165226],[-98.4650157,19.7168357],[-98.4651874,19.7169367],[-98.4650104,19.7173558],[-98.4649138,19.7173255],[-98.4644042,19.718689],[-98.4637551,19.7183254],[-98.4632884,19.7194111],[-98.4621028,19.7188658],[-98.4615128,19.7185628],[-98.4608637,19.7182598]]]]},"properties":{"locality":"LAS HACIENDAS","official_key":"1300802180001","CVE_ENT":"13","CVE_MUN":"008","CVE_LOC":"0218","CVE_ASEN":"0001","settlement_type":"FRACCIONAMIENTO","source":"INEGI DCAH 2025"}},{"type":"Feature","geometry":{"type":"Polygon","coordinates":[[[-98.4591851,19.6962778],[-98.4591679,19.6962324],[-98.4590724,19.6962511],[-98.4590556,19.696119],[-98.4590555,19.6961189],[-98.4589914,19.6956168],[-98.4592865,19.6957228],[-98.4594876,19.6957342],[-98.459552,19.6957178],[-98.4596349,19.6956529],[-98.4598196,19.6957381],[-98.4599745,19.6957819],[-98.4602157,19.6957581],[-98.4612742,19.6986361],[-98.4614688,19.6990607],[-98.4615697,19.6993183],[-98.4593447,19.7000253],[-98.4593168,19.7000342],[-98.459293,19.6997707],[-98.4592521,19.6993165],[-98.4602196,19.6989974],[-98.4598043,19.6979293],[-98.4596375,19.6974802],[-98.4595706,19.6973002],[-98.459473,19.697037],[-98.4591851,19.6962778]]]},"properties":{"locality":"AMPLIACIÓN LOMA BONITA","official_key":"1300802330001","CVE_ENT":"13","CVE_MUN":"008","CVE_LOC":"0233","CVE_ASEN":"0001","settlement_type":"COLONIA","source":"INEGI DCAH 2025"}},{"type":"Feature","geometry":{"type":"Polygon","coordinates":[[[-98.497833,19.7508488],[-98.4980018,19.7511836],[-98.4976584,19.7511028],[-98.4969718,19.7509135],[-98.4968255,19.7508806],[-98.4966548,19.7508319],[-98.4964729,19.7507445],[-98.4963232,19.7506218],[-98.4961954,19.7505075],[-98.4960859,19.750362],[-98.4956385,19.7496662],[-98.4956736,19.7495152],[-98.4956924,19.749406],[-98.4956972,19.7492873],[-98.4956512,19.7490465],[-98.4956259,19.7488321],[-98.4956058,19.7487443],[-98.4955503,19.7485438],[-98.4954323,19.7483362],[-98.4953679,19.7482222],[-98.4954,19.7480023],[-98.4956768,19.7474649],[-98.4961618,19.7474282],[-98.4966685,19.74733],[-98.4976014,19.7468967],[-98.4978267,19.7470607],[-98.4982616,19.747341],[-98.4982971,19.7474637],[-98.4986705,19.7478036],[-98.4991387,19.7481287],[-98.498595,19.7490486],[-98.4980834,19.749913],[-98.4982385,19.7501045],[-98.497833,19.7508488]]]},"properties":{"locality":"LOMAS DEL TEPEYAC","official_key":"1300802350001","CVE_ENT":"13","CVE_MUN":"008","CVE_LOC":"0235","CVE_ASEN":"0001","settlement_type":"COLONIA","source":"INEGI DCAH 2025"}},{"type":"Feature","geometry":{"type":"Polygon","coordinates":[[[-98.4461247,19.7182521],[-98.4468944,19.7184573],[-98.4473862,19.7185623],[-98.4476394,19.7186151],[-98.447823,19.7186296],[-98.4476765,19.718782],[-98.4474888,19.7189395],[-98.4473505,19.7190202],[-98.4469804,19.7192514],[-98.4467843,19.7193775],[-98.4452764,19.719003],[-98.4452914,19.7188587],[-98.445356,19.7185688],[-98.4461247,19.7182521]]]},"properties":{"locality":"UNTA","official_key":"1300802370001","CVE_ENT":"13","CVE_MUN":"008","CVE_LOC":"0237","CVE_ASEN":"0001","settlement_type":"COLONIA","source":"INEGI DCAH 2025"}},{"type":"Feature","geometry":{"type":"Polygon","coordinates":[[[-98.4457192,19.7200249],[-98.4457219,19.7200249],[-98.4453813,19.7202218],[-98.444869,19.7205147],[-98.4446463,19.7208278],[-98.4445927,19.720901],[-98.4442923,19.7211964],[-98.4427151,19.7208379],[-98.4428063,19.7207142],[-98.4425569,19.7204743],[-98.4432248,19.719689],[-98.4434769,19.7198431],[-98.4435413,19.7197951],[-98.4435949,19.7198128],[-98.4438926,19.7195855],[-98.4457192,19.7200249]]]},"properties":{"locality":"EL JAZMIN","official_key":"1300802380001","CVE_ENT":"13","CVE_MUN":"008","CVE_LOC":"0238","CVE_ASEN":"0001","settlement_type":"RANCHERÍA","source":"INEGI DCAH 2025"}}]}