{"type":"FeatureCollection","name":"inegi-hidalgo-011","metadata":{"state":"Hidalgo","CVE_ENT":"13","CVE_MUN":"011","municipality":"Atlapexco","sources":["INEGI Gaia — Servicio vectorial del Marco Geoestadístico","INEGI DCAH 2025"],"source_urls":["https://gaia.inegi.org.mx/wscatgeo/v2/geo/mgem/13","https://gaia.inegi.org.mx/wscatgeo/v2/geo/localidades/pol/13/011","https://www.inegi.org.mx/contenidos/productos/prod_serv/contenidos/espanol/bvinegi/productos/geografia/delimitaciones/794551163078/13_hidalgo.zip"],"geometry_policy":"Solo se publican polígonos de INEGI; no se generan puntos ni geometrías sintéticas.","locality_polygon_count":37,"settlement_polygon_count":14},"municipality":{"type":"Feature","geometry":{"type":"MultiPolygon","crs":{"type":"name","properties":{"name":"EPSG:6365"}},"coordinates":[[[[-98.32937778,21.11157743],[-98.32885182,21.11104948],[-98.32842603,21.11043523],[-98.3286542,21.10947189],[-98.32904062,21.10933677],[-98.32932108,21.10924438],[-98.32949206,21.10922155],[-98.32974886,21.10908038],[-98.32936897,21.10816323],[-98.32991075,21.10795517],[-98.33016025,21.10822205],[-98.33061529,21.10753314],[-98.33011391,21.10674435],[-98.33071671,21.1060342],[-98.33040915,21.10515585],[-98.33113448,21.10455069],[-98.33074555,21.10375695],[-98.33078286,21.10373126],[-98.33087129,21.10367591],[-98.33106942,21.10349105],[-98.33123248,21.10346148],[-98.33124705,21.10337088],[-98.33111268,21.10331998],[-98.33079426,21.10317954],[-98.33139834,21.10312478],[-98.33068638,21.10293172],[-98.33091323,21.10258962],[-98.33084995,21.10242175],[-98.33083468,21.10232731],[-98.33087148,21.10220295],[-98.33095402,21.1020228],[-98.33093972,21.10184228],[-98.33084085,21.10123985],[-98.33090708,21.10104358],[-98.33056185,21.10072594],[-98.33069625,21.10042194],[-98.33066562,21.10030003],[-98.33063,21.09997269],[-98.33050706,21.09978703],[-98.3306584,21.09960166],[-98.3306268,21.09953038],[-98.33071943,21.0996098],[-98.33111614,21.09941883],[-98.33103388,21.09931406],[-98.33098677,21.09887295],[-98.33038486,21.09898463],[-98.33008989,21.09867329],[-98.32981082,21.09850163],[-98.32970125,21.09832832],[-98.32963588,21.09796928],[-98.32957666,21.0975026],[-98.3296038,21.09724702],[-98.32987328,21.09672829],[-98.33036538,21.09622165],[-98.33023194,21.09617268],[-98.33048663,21.09549285],[-98.33115086,21.09415845],[-98.33143711,21.09366566],[-98.33169288,21.093044],[-98.33175903,21.09239195],[-98.33172958,21.09208846],[-98.33132648,21.09204985],[-98.33087174,21.09213665],[-98.33063302,21.09229075],[-98.33028282,21.09233617],[-98.32997308,21.09227802],[-98.32962238,21.09216917],[-98.3292374,21.09207466],[-98.3284084,21.09214846],[-98.32827854,21.09203272],[-98.32799495,21.09223788],[-98.32720598,21.09257063],[-98.32701754,21.09270218],[-98.32661349,21.09222715],[-98.32403005,21.08997425],[-98.32394508,21.08983966],[-98.32353495,21.08963518],[-98.32285737,21.08943578],[-98.3224752,21.08913725],[-98.32200266,21.089203],[-98.32179745,21.08911923],[-98.32130663,21.08918609],[-98.32118735,21.08908068],[-98.32107725,21.0890734],[-98.32087983,21.08908106],[-98.32053115,21.08913483],[-98.320287055,21.089277156],[-98.320286811,21.089277298],[-98.32026808,21.08928822],[-98.31992022,21.08927406],[-98.31933382,21.08926025],[-98.31910332,21.08923975],[-98.31908985,21.089207],[-98.319085563,21.089200063],[-98.319085536,21.089200019],[-98.319015688,21.08908698],[-98.318993609,21.089051248],[-98.318993496,21.089051066],[-98.31898082,21.089030552],[-98.31882589,21.08877982],[-98.31867952,21.08878537],[-98.31843897,21.08864603],[-98.31829683,21.08855729],[-98.317955554,21.088400134],[-98.317829098,21.088341902],[-98.317829032,21.088341871],[-98.31732903,21.08811162],[-98.31670417,21.08860691],[-98.31644591,21.08873126],[-98.31542554,21.08879002],[-98.31458262,21.08883294],[-98.31481569,21.08868702],[-98.31516318,21.08817062],[-98.31551155,21.08746005],[-98.31486629,21.08645245],[-98.31463786,21.08620549],[-98.3143422,21.08595462],[-98.31428632,21.08575943],[-98.31362492,21.08539138],[-98.31318205,21.085325],[-98.31186726,21.08473831],[-98.31083346,21.08408837],[-98.31041498,21.08335169],[-98.31026745,21.08267266],[-98.31002068,21.08144818],[-98.30932429,21.0809778],[-98.3091288,21.08067983],[-98.30864023,21.07931938],[-98.30862475,21.07889351],[-98.30881497,21.07857346],[-98.30869726,21.07845052],[-98.30862502,21.07827928],[-98.30852689,21.07811457],[-98.30813163,21.07786823],[-98.30777125,21.0777088],[-98.30669743,21.07757037],[-98.30613892,21.07737075],[-98.30510518,21.07643645],[-98.30501465,21.0763456],[-98.30422483,21.07551391],[-98.3040862,21.07524311],[-98.30375072,21.07476538],[-98.30345943,21.07418225],[-98.30319465,21.0739206],[-98.30298115,21.07377497],[-98.30285617,21.07356477],[-98.30274402,21.07345915],[-98.30262954,21.07325171],[-98.30271935,21.07322045],[-98.30294532,21.07263402],[-98.30322528,21.07218015],[-98.30387823,21.07119652],[-98.30439511,21.07046877],[-98.3049664,21.06974791],[-98.30439051,21.06916086],[-98.30419271,21.06875272],[-98.30402395,21.06839077],[-98.30507882,21.06808423],[-98.30416169,21.06642855],[-98.30431726,21.06534094],[-98.30470906,21.06458895],[-98.30509968,21.06274449],[-98.30539371,21.06234518],[-98.30543837,21.06208429],[-98.30567568,21.06180722],[-98.30591145,21.06164074],[-98.30634791,21.06160882],[-98.30640658,21.06172894],[-98.30675442,21.06136254],[-98.30706925,21.06147834],[-98.30712174,21.06142298],[-98.30646211,21.06103126],[-98.30643446,21.06094618],[-98.30643586,21.06047338],[-98.30644685,21.06045286],[-98.306453,21.06027422],[-98.30652188,21.06000318],[-98.30655177,21.05993322],[-98.30651048,21.05959123],[-98.306478,21.05908605],[-98.30697275,21.05872998],[-98.30712825,21.0586046],[-98.307324,21.05781751],[-98.30731189,21.05771543],[-98.30739234,21.05739077],[-98.30723634,21.05712254],[-98.30733735,21.05673874],[-98.30760283,21.056443],[-98.30785925,21.05610046],[-98.30792286,21.05579206],[-98.30791938,21.05559063],[-98.30825083,21.05496245],[-98.30840963,21.05487095],[-98.30844863,21.05461014],[-98.30862618,21.05455865],[-98.30853331,21.0541318],[-98.30849575,21.05409709],[-98.30847972,21.05394902],[-98.3084162,21.05374491],[-98.30800452,21.05270858],[-98.30793095,21.05264026],[-98.3077214,21.05232111],[-98.30768792,21.05213988],[-98.30760298,21.05168009],[-98.30729978,21.05061565],[-98.30694845,21.04965838],[-98.30654057,21.04878972],[-98.3073424,21.04885089],[-98.3073298,21.04839663],[-98.30743149,21.04795217],[-98.30751109,21.04751915],[-98.30799822,21.04754468],[-98.30848608,21.04759448],[-98.30858955,21.04706345],[-98.3092648,21.04713252],[-98.30982052,21.04591065],[-98.30988965,21.04591914],[-98.30998248,21.0458396],[-98.31009609,21.04584394],[-98.31005143,21.04547517],[-98.31058972,21.04543746],[-98.31130431,21.04540602],[-98.31176177,21.04534635],[-98.31179786,21.04536145],[-98.31241015,21.04570486],[-98.31290743,21.04585629],[-98.31305595,21.04593051],[-98.31338785,21.04623698],[-98.31351128,21.04641331],[-98.31384342,21.0462014],[-98.31409743,21.04657638],[-98.31441166,21.04673346],[-98.31442828,21.04648877],[-98.31524428,21.04592228],[-98.31571875,21.04615982],[-98.31609554,21.04636428],[-98.31633797,21.04660231],[-98.31651462,21.04643423],[-98.316553,21.04645452],[-98.31687498,21.04590811],[-98.31729726,21.04595009],[-98.31733614,21.04604722],[-98.31773909,21.04630889],[-98.31785594,21.04628377],[-98.31796168,21.04601294],[-98.31823592,21.04604335],[-98.31851775,21.04628863],[-98.31863215,21.04624237],[-98.31845077,21.04597235],[-98.31767472,21.04582366],[-98.31865346,21.04554391],[-98.31884632,21.04564388],[-98.31942695,21.04536797],[-98.31951398,21.04418992],[-98.31955111,21.04398414],[-98.31953082,21.04351085],[-98.31972588,21.04285312],[-98.31986918,21.04240385],[-98.32002811,21.04160506],[-98.32001731,21.04123031],[-98.32017486,21.04088475],[-98.32014612,21.04077826],[-98.32009492,21.04031494],[-98.31991917,21.04014711],[-98.31987931,21.03989426],[-98.31987217,21.03952766],[-98.31991575,21.03926658],[-98.31967862,21.03891132],[-98.31988306,21.0388578],[-98.31957572,21.03863835],[-98.31893891,21.03809215],[-98.31863228,21.03791154],[-98.31835418,21.03760645],[-98.31819654,21.03743562],[-98.31805717,21.03725037],[-98.31787574,21.03706709],[-98.3177112,21.03695066],[-98.31777777,21.03665845],[-98.31788917,21.03664282],[-98.31773005,21.03606998],[-98.31770448,21.0359618],[-98.31760189,21.03588091],[-98.31743618,21.03586368],[-98.31702472,21.03580091],[-98.317027764,21.035605179],[-98.31702822,21.03557583],[-98.317028678,21.035571533],[-98.317036223,21.03550066],[-98.31703652,21.03549788],[-98.316905427,21.035484186],[-98.31687551,21.03548106],[-98.31687438,21.03547763],[-98.316779019,21.035185856],[-98.316754461,21.035110718],[-98.316747327,21.035088889],[-98.316747068,21.035088097],[-98.316739645,21.035065383],[-98.31670934,21.03497266],[-98.316771906,21.034966518],[-98.316799649,21.034963794],[-98.316801285,21.034963634],[-98.31680183,21.03496358],[-98.316831382,21.034960681],[-98.31698838,21.03494528],[-98.31703585,21.03493071],[-98.31708871,21.03458915],[-98.317087314,21.034576389],[-98.317083241,21.03453916],[-98.31707274,21.03444317],[-98.31710982,21.03433338],[-98.31713623,21.03424145],[-98.31729171,21.03407368],[-98.31713505,21.03393966],[-98.317122446,21.033865246],[-98.31710245,21.03374718],[-98.31705146,21.03372575],[-98.31711691,21.03365791],[-98.31702229,21.03339195],[-98.31688708,21.033439],[-98.316881,21.03337155],[-98.31678017,21.03312738],[-98.31694409,21.03302754],[-98.31708809,21.03287942],[-98.31699388,21.0326962],[-98.31703394,21.03258782],[-98.31699958,21.03249658],[-98.31714655,21.03189531],[-98.31715954,21.03182332],[-98.31717015,21.03169723],[-98.31712735,21.03139575],[-98.31704632,21.0312184],[-98.31697015,21.03093882],[-98.31702069,21.03068846],[-98.31684248,21.03051394],[-98.31679948,21.03046118],[-98.31669583,21.03021229],[-98.316605,21.03013031],[-98.31649811,21.03016746],[-98.31639805,21.03018309],[-98.31638154,21.03009049],[-98.31629955,21.03003382],[-98.31608409,21.03001737],[-98.31600112,21.02993754],[-98.31589894,21.02984855],[-98.31582757,21.02954798],[-98.31573615,21.02944391],[-98.31564806,21.02947094],[-98.315476,21.02905569],[-98.31559368,21.02899823],[-98.31534806,21.02827534],[-98.31527357,21.02778771],[-98.31527146,21.02776297],[-98.31527689,21.02772526],[-98.31543002,21.02769417],[-98.3163398,21.02749663],[-98.31709662,21.02746857],[-98.31774905,21.02738128],[-98.31865165,21.02727265],[-98.31907269,21.02718085],[-98.31922797,21.02710754],[-98.31936842,21.02704248],[-98.31945808,21.02703589],[-98.31948348,21.02700851],[-98.31954165,21.02673789],[-98.3195528,21.02632978],[-98.31951971,21.02572365],[-98.31951922,21.02539411],[-98.31952238,21.02510474],[-98.31941317,21.02475922],[-98.31933837,21.02452822],[-98.31924971,21.02429897],[-98.31917223,21.02418132],[-98.31914074,21.02394455],[-98.31903434,21.02365508],[-98.31896257,21.02350194],[-98.31890894,21.02320675],[-98.31886711,21.02300089],[-98.31876689,21.02286778],[-98.31867366,21.02272771],[-98.31864805,21.02260894],[-98.31860234,21.02245769],[-98.3186192,21.02232026],[-98.31856792,21.02218118],[-98.31852118,21.0220646],[-98.31852942,21.02191209],[-98.3185362,21.02166409],[-98.31854155,21.0213636],[-98.31842886,21.02110695],[-98.31831577,21.02086494],[-98.31831363,21.02056212],[-98.31827243,21.02035602],[-98.31822269,21.02019131],[-98.31821808,21.01991042],[-98.31818888,21.01947891],[-98.3181662,21.01925911],[-98.31806054,21.01892469],[-98.31798615,21.01871546],[-98.31794557,21.01831331],[-98.31794462,21.01803249],[-98.31795742,21.01774872],[-98.31798688,21.01745615],[-98.31801952,21.01684829],[-98.31805483,21.01643588],[-98.31820895,21.0160714],[-98.31834046,21.01575552],[-98.31857462,21.01528477],[-98.31858269,21.01515025],[-98.31867634,21.01493405],[-98.31875475,21.01467122],[-98.31864794,21.01439826],[-98.31854763,21.01425134],[-98.31854138,21.01411598],[-98.31851277,21.01387392],[-98.31858432,21.013637],[-98.31866112,21.01346628],[-98.31876098,21.01311332],[-98.31892106,21.01279906],[-98.31904895,21.01263434],[-98.31932028,21.01234308],[-98.31957091,21.01201408],[-98.31986782,21.01182591],[-98.32038557,21.01146929],[-98.32063142,21.01139555],[-98.32076457,21.01134832],[-98.3208778,21.01136203],[-98.32099568,21.01138132],[-98.32111503,21.01150765],[-98.32125269,21.01176608],[-98.321254643,21.011762641],[-98.32133963,21.01161297],[-98.32110965,21.00969763],[-98.32180875,21.00934137],[-98.32008925,21.00629632],[-98.32099397,21.00563477],[-98.32171772,21.00492214],[-98.32275145,21.00450026],[-98.32442197,21.00475292],[-98.32556205,21.00432728],[-98.32576218,21.00319194],[-98.32651946,21.00296846],[-98.32781802,21.00265598],[-98.32935734,21.00229132],[-98.33035825,21.00216146],[-98.33073354,21.00175178],[-98.33137423,21.00121474],[-98.33105034,21.00065606],[-98.33063289,21.0000764],[-98.33029102,20.99978515],[-98.32997349,20.99939632],[-98.32984806,20.99907477],[-98.32977335,20.99876471],[-98.32970748,20.99844197],[-98.32962154,20.99807169],[-98.32971603,20.99727411],[-98.33036971,20.99689578],[-98.33051351,20.99650638],[-98.33076986,20.99589763],[-98.33127538,20.99546802],[-98.33164991,20.99495566],[-98.33195014,20.99439769],[-98.33227578,20.99378789],[-98.33300709,20.99361545],[-98.33333094,20.99343203],[-98.33357908,20.99317923],[-98.33413749,20.99274914],[-98.33484269,20.99268228],[-98.33547369,20.99261512],[-98.33595708,20.99237335],[-98.33647863,20.99188805],[-98.33651742,20.99150531],[-98.33644614,20.99084365],[-98.33674738,20.98983535],[-98.33689702,20.98955746],[-98.33727123,20.98882794],[-98.33764315,20.98862052],[-98.33820225,20.98803094],[-98.33876148,20.98740655],[-98.33921049,20.98653806],[-98.33932595,20.98558975],[-98.33881814,20.9849364],[-98.33837646,20.98466755],[-98.33724086,20.98395077],[-98.33638838,20.98359126],[-98.33577577,20.98303488],[-98.33533168,20.98278949],[-98.33492898,20.9815696],[-98.3345982,20.98087212],[-98.33415612,20.9801742],[-98.33360506,20.97895374],[-98.33333129,20.97839312],[-98.33312829,20.97785146],[-98.33229931,20.97683529],[-98.33206202,20.97631997],[-98.33198329,20.97576883],[-98.33217258,20.97512346],[-98.33244643,20.97437392],[-98.3325968,20.97349897],[-98.33256606,20.97223495],[-98.33235968,20.97114345],[-98.33215314,20.97008498],[-98.33175775,20.96894217],[-98.33135811,20.96807185],[-98.33080068,20.96731782],[-98.33037178,20.96695278],[-98.32956651,20.96673346],[-98.32932163,20.96554055],[-98.32939455,20.96550092],[-98.32867265,20.96434735],[-98.32803215,20.96464225],[-98.32774009,20.9641128],[-98.32702542,20.96240932],[-98.32651297,20.96148677],[-98.32669148,20.96063642],[-98.32642725,20.96005371],[-98.32580828,20.95935883],[-98.32555258,20.95886262],[-98.32584052,20.95867557],[-98.32543638,20.95801937],[-98.32776346,20.95781712],[-98.32768529,20.95824178],[-98.32769245,20.95899375],[-98.32769889,20.95905142],[-98.32794303,20.95915343],[-98.32834832,20.95913142],[-98.32905492,20.958772],[-98.32905694,20.95922071],[-98.32975625,20.95870465],[-98.3300618,20.95836755],[-98.33011594,20.9584862],[-98.33033549,20.95845286],[-98.33033235,20.95813985],[-98.33032303,20.95808217],[-98.33026775,20.95782285],[-98.32986548,20.95791705],[-98.32985463,20.95727542],[-98.32962052,20.95698602],[-98.32986457,20.95621088],[-98.329413,20.95569075],[-98.32901165,20.95529035],[-98.32813378,20.95447237],[-98.32821651,20.95439878],[-98.32835029,20.95349762],[-98.32773723,20.95314563],[-98.32753397,20.95324014],[-98.32736712,20.95352671],[-98.32725505,20.95378105],[-98.32682869,20.95385708],[-98.32746569,20.95278625],[-98.32772917,20.95259502],[-98.32739546,20.9518904],[-98.32741083,20.95183814],[-98.32672918,20.95203631],[-98.32661346,20.95210031],[-98.32611917,20.95173051],[-98.32629662,20.95165465],[-98.32615088,20.95128938],[-98.32538525,20.95073146],[-98.3252134,20.95065003],[-98.32528537,20.95038558],[-98.32510902,20.95036172],[-98.32506912,20.94978066],[-98.32439809,20.94900115],[-98.32427168,20.94898978],[-98.32383797,20.94920271],[-98.32323751,20.94824922],[-98.32307111,20.94826729],[-98.32270174,20.94846114],[-98.32234734,20.948992],[-98.32143485,20.94864549],[-98.32109097,20.94852774],[-98.32086706,20.94846063],[-98.32047706,20.94884586],[-98.32017905,20.94905494],[-98.3201466,20.94903431],[-98.31978226,20.94870185],[-98.31948985,20.94849309],[-98.31955475,20.94819277],[-98.31945008,20.94767405],[-98.31915686,20.94752977],[-98.31867395,20.94746189],[-98.31844472,20.94739063],[-98.31781997,20.94704005],[-98.31814151,20.9462962],[-98.31740469,20.94671006],[-98.31727749,20.94676537],[-98.31683731,20.94674423],[-98.31576112,20.94683392],[-98.31459554,20.94628645],[-98.31428632,20.94639218],[-98.31382311,20.94588622],[-98.31349325,20.94566729],[-98.31329134,20.94564945],[-98.31253831,20.94603337],[-98.312417949,20.94582314],[-98.312154659,20.94594028],[-98.311751459,20.94578478],[-98.311480779,20.94576575],[-98.311352719,20.94545285],[-98.310781779,20.94533345],[-98.311192089,20.94375125],[-98.311761519,20.94315049],[-98.311706799,20.94258097],[-98.311964399,20.94165366],[-98.312069079,20.94121514],[-98.312315509,20.94102948],[-98.312209259,20.94012834],[-98.311295549,20.94005114],[-98.311628709,20.93927788],[-98.311957339,20.93918009],[-98.311983849,20.93889674],[-98.312523919,20.93786917],[-98.313392719,20.93671245],[-98.314287829,20.93575091],[-98.31453002,20.935519],[-98.31479554,20.93517194],[-98.31516948,20.93466305],[-98.31600668,20.93403535],[-98.31704894,20.93313006],[-98.31758194,20.93264283],[-98.3180914,20.93224775],[-98.31873649,20.931978],[-98.31961486,20.93182126],[-98.32043314,20.93176848],[-98.32130306,20.93200263],[-98.32192705,20.93207789],[-98.32273254,20.93196772],[-98.32364689,20.93174168],[-98.32490563,20.93174268],[-98.3262072,20.93112255],[-98.32720274,20.93099103],[-98.32718285,20.93085055],[-98.327074,20.93007446],[-98.32729545,20.92976945],[-98.32783066,20.93050035],[-98.32811558,20.93076918],[-98.32906589,20.93036468],[-98.32928025,20.93041432],[-98.33091235,20.93071274],[-98.33048989,20.92962663],[-98.33119334,20.92980295],[-98.33182178,20.92980078],[-98.33234718,20.92979958],[-98.33307403,20.92985545],[-98.33355951,20.93036983],[-98.33354771,20.93054557],[-98.33346365,20.93079852],[-98.33462277,20.9307142],[-98.334975,20.93080068],[-98.33505265,20.93098749],[-98.33549715,20.93118128],[-98.33554929,20.93080365],[-98.33592886,20.93038342],[-98.33603642,20.93047051],[-98.33615555,20.93067632],[-98.33654151,20.93068348],[-98.33641534,20.93088118],[-98.33605574,20.93150698],[-98.33622428,20.93170426],[-98.33650031,20.93212918],[-98.33665915,20.93197134],[-98.33704266,20.93114349],[-98.33727977,20.93080442],[-98.33795812,20.93060089],[-98.33790794,20.9309802],[-98.33865162,20.93123223],[-98.33889797,20.93133783],[-98.33939643,20.93134952],[-98.33965143,20.93156118],[-98.33949983,20.93182742],[-98.34006477,20.93195362],[-98.34028949,20.9320664],[-98.34001246,20.93228932],[-98.34023842,20.93245543],[-98.3409206,20.93269686],[-98.34108649,20.93285417],[-98.34115998,20.93302755],[-98.34122874,20.93372055],[-98.34178122,20.93447465],[-98.34153978,20.93445374],[-98.34165583,20.93478609],[-98.34170135,20.934916],[-98.34163258,20.93508318],[-98.34220011,20.93541505],[-98.34224508,20.93543577],[-98.34219742,20.93592412],[-98.34222228,20.93592886],[-98.34428258,20.93711906],[-98.34404425,20.93722743],[-98.34574028,20.93842965],[-98.3454874,20.94178737],[-98.34686342,20.94167755],[-98.34690705,20.94181063],[-98.34710274,20.94249308],[-98.3474484,20.94256488],[-98.34725631,20.94153383],[-98.34789174,20.94151815],[-98.34846746,20.94108578],[-98.3483124,20.94050963],[-98.34886909,20.94021169],[-98.34928426,20.94046763],[-98.34947366,20.94033292],[-98.34984145,20.93982568],[-98.35026886,20.9400714],[-98.35046445,20.94096662],[-98.35027585,20.94121134],[-98.35146675,20.9419008],[-98.35244882,20.94255142],[-98.35191758,20.94299438],[-98.35136557,20.94347248],[-98.34975209,20.94449363],[-98.3493396,20.94378643],[-98.34848872,20.94423491],[-98.34821803,20.94431808],[-98.3478422,20.94487928],[-98.34785118,20.94517205],[-98.34848849,20.9459208],[-98.34816365,20.94627218],[-98.34800763,20.946523],[-98.34786017,20.94679023],[-98.34774463,20.94721897],[-98.34668391,20.94796885],[-98.34602311,20.94807102],[-98.34538474,20.94838049],[-98.34534057,20.94840168],[-98.34518022,20.94845028],[-98.34501785,20.94837049],[-98.34473083,20.94822723],[-98.34472505,20.94812009],[-98.34457729,20.9479606],[-98.34373348,20.94871758],[-98.34273469,20.94832631],[-98.3425774,20.94987845],[-98.34269782,20.95001631],[-98.34273997,20.95019526],[-98.34283955,20.95025092],[-98.34246985,20.95093775],[-98.34231469,20.95124022],[-98.34254902,20.95138408],[-98.34265918,20.95154362],[-98.34281932,20.9516472],[-98.34326492,20.95220958],[-98.34415834,20.95282977],[-98.34499188,20.95348491],[-98.34552758,20.95393551],[-98.34558575,20.95430017],[-98.34561318,20.95486094],[-98.345462,20.95528086],[-98.34566963,20.95561806],[-98.34602686,20.95589977],[-98.34638422,20.95615343],[-98.34692031,20.95651992],[-98.34706785,20.956941],[-98.34709554,20.95744569],[-98.3472182,20.95798612],[-98.34753389,20.9585744],[-98.34768557,20.95902815],[-98.34796817,20.95965749],[-98.34840465,20.96023592],[-98.34874271,20.96073158],[-98.34939226,20.96181991],[-98.35033055,20.96230915],[-98.35083826,20.96233912],[-98.35152617,20.96214551],[-98.35245366,20.96181263],[-98.35376671,20.96212598],[-98.35436486,20.96196005],[-98.35478417,20.96170932],[-98.35523309,20.9615148],[-98.35577043,20.96160092],[-98.35583086,20.96166763],[-98.35612722,20.96199474],[-98.35651635,20.96287243],[-98.35669246,20.96360195],[-98.35692929,20.96410746],[-98.35743485,20.964642],[-98.35811869,20.96540148],[-98.35859318,20.96621623],[-98.3589782,20.96700262],[-98.35951172,20.9679858],[-98.35995126,20.97000131],[-98.36081225,20.97126605],[-98.361852,20.97264358],[-98.36244663,20.9733186],[-98.36366782,20.9741922],[-98.36507003,20.97464597],[-98.36603195,20.97526154],[-98.36801146,20.97610031],[-98.36902108,20.97681668],[-98.369989,20.97741412],[-98.3711252,20.97813095],[-98.37260094,20.97837394],[-98.37357103,20.97845669],[-98.37582812,20.97890232],[-98.37614098,20.97921545],[-98.37598663,20.97944495],[-98.37532755,20.98102352],[-98.37523542,20.98166902],[-98.37511455,20.98229878],[-98.37509315,20.98376846],[-98.37574969,20.98429012],[-98.37633597,20.9847556],[-98.37659218,20.98496065],[-98.37691931,20.98511598],[-98.37752552,20.98550572],[-98.37897263,20.98633383],[-98.37940958,20.98662492],[-98.38033442,20.98713894],[-98.38075514,20.98664228],[-98.38116225,20.98654112],[-98.38147789,20.98644691],[-98.38222492,20.98645603],[-98.38232469,20.98641505],[-98.38283095,20.98621929],[-98.38343088,20.98559198],[-98.38380318,20.98549817],[-98.38401691,20.985496],[-98.38444026,20.98530698],[-98.38473043,20.98525066],[-98.38521389,20.98513289],[-98.38534271,20.98489962],[-98.38583651,20.98474918],[-98.38617655,20.98459852],[-98.38713925,20.98436986],[-98.38747945,20.98429902],[-98.38793386,20.98444075],[-98.38817486,20.98454783],[-98.38899355,20.98435929],[-98.38948037,20.98435226],[-98.38986942,20.98418957],[-98.39111458,20.98409745],[-98.39153732,20.98417866],[-98.39212583,20.98412778],[-98.39284475,20.9842134],[-98.39333274,20.98412077],[-98.39469782,20.98419335],[-98.39525883,20.98421995],[-98.39568782,20.98440678],[-98.39607322,20.98443883],[-98.39869397,20.98511635],[-98.39994557,20.98547445],[-98.40025149,20.98568969],[-98.40069077,20.98607663],[-98.40132837,20.9863378],[-98.4024344,20.98661798],[-98.4028478,20.98676526],[-98.4030038,20.98684975],[-98.40332198,20.98698838],[-98.40369691,20.98708258],[-98.40485803,20.98747578],[-98.40607163,20.98788057],[-98.40682715,20.98839098],[-98.40727928,20.98850895],[-98.40813066,20.98869978],[-98.40830812,20.98864694],[-98.4196288,20.99211588],[-98.42034663,20.9916704],[-98.42064609,20.99139146],[-98.42124412,20.99105755],[-98.42202054,20.99089223],[-98.42339412,20.99061692],[-98.42446955,20.99028463],[-98.42530671,20.98983952],[-98.42614548,20.98939037],[-98.42656845,20.98882151],[-98.4272716,20.98834132],[-98.42771294,20.98735015],[-98.42776186,20.98678003],[-98.42795055,20.98634197],[-98.42846517,20.98625597],[-98.42902788,20.98581917],[-98.42949742,20.98529432],[-98.43020072,20.98477026],[-98.43095158,20.98402702],[-98.43118817,20.98328203],[-98.43133092,20.98262449],[-98.4318946,20.98192448],[-98.43231635,20.98166268],[-98.43273929,20.9810938],[-98.43311397,20.98091957],[-98.43372289,20.98061451],[-98.43442532,20.98030977],[-98.43473145,20.97991563],[-98.43466231,20.9794128],[-98.43454118,20.97853395],[-98.43547365,20.97832492],[-98.43639425,20.97807951],[-98.43731829,20.97783785],[-98.43824082,20.97760035],[-98.43915811,20.97737774],[-98.44095857,20.97782898],[-98.44159663,20.97795668],[-98.44324571,20.9781552],[-98.44297766,20.97948546],[-98.44269111,20.98111652],[-98.4425954,20.98162423],[-98.44229658,20.98320526],[-98.44206663,20.98453234],[-98.44197269,20.9849936],[-98.44168988,20.98633738],[-98.4416176,20.9867682],[-98.44146292,20.98766715],[-98.44138677,20.98809509],[-98.44117202,20.98900488],[-98.44100449,20.98976835],[-98.44087543,20.99061335],[-98.44077062,20.99134134],[-98.44059218,20.99220185],[-98.44041917,20.99306542],[-98.44018585,20.9938932],[-98.44015488,20.994484],[-98.43998925,20.99534805],[-98.43989506,20.99573318],[-98.43979123,20.99612289],[-98.43944494,20.99769942],[-98.43931822,20.99808923],[-98.43931643,20.99851642],[-98.43905728,20.99930392],[-98.43899732,20.99987808],[-98.43884703,21.0006288],[-98.43858197,21.00150266],[-98.43844115,21.00189842],[-98.43842485,21.00208422],[-98.43832791,21.00284803],[-98.43812343,21.00386351],[-98.44014522,21.00393791],[-98.44056185,21.00392502],[-98.44049742,21.00423323],[-98.44037825,21.00444709],[-98.44027737,21.00515488],[-98.44005288,21.00534343],[-98.44027843,21.00553052],[-98.4404102,21.00610365],[-98.4404026,21.00638015],[-98.44038011,21.00668403],[-98.44025875,21.00673446],[-98.43965695,21.00693477],[-98.43981725,21.0080846],[-98.43994948,21.00829917],[-98.44020048,21.00861809],[-98.43974838,21.00870602],[-98.43911926,21.00867777],[-98.43922482,21.00918998],[-98.43927611,21.00927546],[-98.43932558,21.00938768],[-98.43936885,21.00980855],[-98.43956009,21.01010078],[-98.43934462,21.01022771],[-98.43928243,21.01029703],[-98.43922645,21.01031506],[-98.43870072,21.01017432],[-98.43887763,21.01038785],[-98.43948192,21.01104412],[-98.43915242,21.01113672],[-98.43952306,21.01191794],[-98.43932358,21.01204592],[-98.43909877,21.0121476],[-98.43921028,21.01320806],[-98.43937368,21.01374437],[-98.43944397,21.01391631],[-98.43903035,21.01409602],[-98.43899982,21.01511668],[-98.43827894,21.01577991],[-98.43768186,21.01673563],[-98.43774337,21.01689346],[-98.43783846,21.01718163],[-98.43786352,21.01736457],[-98.43785471,21.01761683],[-98.43777517,21.01771717],[-98.43766789,21.01781343],[-98.43750037,21.01799849],[-98.43733146,21.01821838],[-98.43724398,21.01844186],[-98.43717332,21.01860342],[-98.43711354,21.01879282],[-98.43709565,21.01912674],[-98.43712949,21.01945246],[-98.43715662,21.0196826],[-98.437128,21.01996528],[-98.437065748,21.020195865],[-98.43705068,21.02025168],[-98.43697646,21.02043128],[-98.436824058,21.020624003],[-98.43682025,21.02062882],[-98.436710377,21.020794188],[-98.43666188,21.02086718],[-98.436660239,21.020868308],[-98.43644655,21.02101517],[-98.43626232,21.02112986],[-98.43612326,21.02118528],[-98.43586237,21.02115665],[-98.43568532,21.02108738],[-98.43551568,21.02104085],[-98.43531475,21.02096602],[-98.43511492,21.02089835],[-98.43507248,21.02088218],[-98.434954462,21.020956109],[-98.4349354,21.02096805],[-98.43441734,21.02113892],[-98.43384334,21.02116557],[-98.43327632,21.02116529],[-98.433121403,21.021191454],[-98.43206998,21.02136902],[-98.431944,21.021415421],[-98.43180175,21.0214678],[-98.43161614,21.021612753],[-98.43155631,21.02165949],[-98.431114091,21.02215167],[-98.43110658,21.02216003],[-98.430898057,21.022263065],[-98.43075808,21.02233223],[-98.430598902,21.022330072],[-98.430192625,21.022324562],[-98.429800097,21.022319236],[-98.42967802,21.02231758],[-98.429431875,21.022495181],[-98.42930617,21.02258588],[-98.42907376,21.022779305],[-98.429011152,21.022831411],[-98.428960103,21.022873897],[-98.428763996,21.023037108],[-98.428502215,21.023254974],[-98.427547485,21.024049537],[-98.427456899,21.024124925],[-98.426784355,21.024684632],[-98.42641938,21.02498837],[-98.426368583,21.025101343],[-98.42630854,21.02523488],[-98.42623711,21.02539374],[-98.42594214,21.02571574],[-98.42583192,21.02583606],[-98.42548411,21.02626012],[-98.42515223,21.02643654],[-98.42471382,21.02651835],[-98.42445222,21.02651223],[-98.4242202,21.02662448],[-98.42359237,21.02681425],[-98.42344732,21.02700352],[-98.4229242,21.02737005],[-98.42208743,21.02777463],[-98.42155817,21.02811211],[-98.42134591,21.02852934],[-98.421201,21.0294582],[-98.42089112,21.02981198],[-98.42044915,21.0298798],[-98.42003977,21.03045515],[-98.41954514,21.03131938],[-98.41949446,21.03146978],[-98.41991022,21.03163466],[-98.42014125,21.03186755],[-98.42025211,21.03198309],[-98.42027852,21.03210474],[-98.42041877,21.03233262],[-98.42053408,21.03249754],[-98.42062526,21.03273674],[-98.42070483,21.03299909],[-98.42067226,21.03338395],[-98.42054435,21.0336576],[-98.4202798,21.03386097],[-98.42000697,21.03387134],[-98.41979555,21.03392506],[-98.41959626,21.03421968],[-98.41935189,21.03460655],[-98.41924706,21.03483329],[-98.41898578,21.03515457],[-98.41860503,21.03544295],[-98.41839566,21.03555378],[-98.4182946,21.03560069],[-98.41820602,21.03577111],[-98.41808002,21.03596529],[-98.41799734,21.0361112],[-98.41781188,21.03636805],[-98.417711247,21.036582651],[-98.41769325,21.03662103],[-98.41760965,21.03680142],[-98.417511,21.03704868],[-98.417375661,21.03735163],[-98.41735423,21.0373996],[-98.4171756,21.03784735],[-98.41700669,21.03815022],[-98.41672463,21.03855969],[-98.41655086,21.03902737],[-98.41646352,21.03928688],[-98.41633228,21.03967005],[-98.41627042,21.03987985],[-98.416255558,21.039939118],[-98.41619225,21.04019157],[-98.41616683,21.04044889],[-98.41616628,21.04074862],[-98.41618798,21.04090765],[-98.416215801,21.04111651],[-98.41624992,21.04137265],[-98.41626734,21.04169192],[-98.41627302,21.04217652],[-98.41626058,21.04250385],[-98.416255932,21.042903589],[-98.41625443,21.04303274],[-98.41621972,21.04335955],[-98.416178154,21.043481608],[-98.41611492,21.04366729],[-98.41595535,21.04384234],[-98.41540422,21.04402189],[-98.41479131,21.04414972],[-98.414146,21.04433789],[-98.41363389,21.04458152],[-98.41333295,21.04483066],[-98.41309422,21.04497948],[-98.41292525,21.04510326],[-98.41280691,21.04519948],[-98.41274715,21.04526137],[-98.41264857,21.04527757],[-98.41266738,21.04529351],[-98.41234663,21.04547115],[-98.41190535,21.04589372],[-98.41135792,21.04579722],[-98.411222,21.04578285],[-98.41071625,21.04586388],[-98.41039132,21.04597134],[-98.41031829,21.04592766],[-98.41066731,21.04540695],[-98.41036249,21.04523749],[-98.40965017,21.04482138],[-98.40895411,21.04449132],[-98.40858023,21.04507842],[-98.40832963,21.04506823],[-98.40711663,21.04546972],[-98.40577335,21.04599245],[-98.40451691,21.04643434],[-98.403434,21.04675511],[-98.40312429,21.04802591],[-98.40319248,21.04911392],[-98.40319005,21.04972578],[-98.40347709,21.05047465],[-98.40369163,21.05122325],[-98.40376197,21.05176738],[-98.4039668,21.05198717],[-98.40476043,21.05225758],[-98.40497322,21.0523036],[-98.40419606,21.05384331],[-98.40306132,21.05511986],[-98.40385465,21.05559651],[-98.40381278,21.0556588],[-98.40367149,21.05603106],[-98.40361057,21.05619871],[-98.40353237,21.05650794],[-98.40349332,21.05661712],[-98.40344983,21.05669602],[-98.40316546,21.05693155],[-98.40286492,21.0571164],[-98.40276003,21.05723251],[-98.40258615,21.05739228],[-98.40182735,21.05764626],[-98.40152643,21.05790168],[-98.40137805,21.05799706],[-98.40091848,21.05817005],[-98.40070534,21.05832509],[-98.40054243,21.05848332],[-98.40030106,21.05872002],[-98.39987686,21.05910835],[-98.39969154,21.05930922],[-98.39922812,21.05955062],[-98.39856325,21.05988295],[-98.39840148,21.05995323],[-98.39821018,21.06005374],[-98.39823425,21.06019685],[-98.39822709,21.06038942],[-98.39824488,21.06061272],[-98.39827069,21.06074662],[-98.39828166,21.06076926],[-98.39824377,21.06084163],[-98.39821008,21.0608314],[-98.3980492,21.06083991],[-98.39786082,21.06100571],[-98.39785795,21.06109763],[-98.39766783,21.06124097],[-98.3976418,21.06139791],[-98.39758174,21.06145935],[-98.39750752,21.06149671],[-98.39735275,21.06151957],[-98.39737965,21.06172317],[-98.39742122,21.0620514],[-98.39741282,21.06210445],[-98.3974238,21.0622778],[-98.39738695,21.06233834],[-98.39734565,21.06244465],[-98.39728258,21.06249897],[-98.3970948,21.06260914],[-98.39707002,21.06272088],[-98.39709548,21.0628302],[-98.39699689,21.06313102],[-98.39694271,21.06316445],[-98.39682983,21.06297946],[-98.39670392,21.06288749],[-98.3963886,21.06283289],[-98.39617192,21.06255274],[-98.39603663,21.06238629],[-98.39597158,21.06224378],[-98.39584946,21.06204983],[-98.39550111,21.06253209],[-98.39541057,21.06270215],[-98.39518497,21.06261523],[-98.39518262,21.06271245],[-98.39524477,21.06298635],[-98.39490042,21.0630594],[-98.39476478,21.06305691],[-98.39458945,21.0630946],[-98.39466269,21.06326417],[-98.39457497,21.06328418],[-98.39442889,21.06327748],[-98.39398678,21.06320214],[-98.39389295,21.06311223],[-98.39375715,21.06306145],[-98.39350983,21.06338071],[-98.39339854,21.06349532],[-98.39318618,21.06362917],[-98.3931624,21.06358763],[-98.39303178,21.06346092],[-98.39272143,21.06345758],[-98.39254998,21.06343052],[-98.39251654,21.06341762],[-98.39244745,21.06336037],[-98.39225734,21.0630478],[-98.39217195,21.06291975],[-98.39205468,21.06278551],[-98.39197192,21.06261583],[-98.39167466,21.06227291],[-98.39123625,21.06237211],[-98.39055629,21.06250894],[-98.39018715,21.06253006],[-98.38993046,21.06257662],[-98.38899755,21.06284988],[-98.38860369,21.06295214],[-98.38811637,21.06313074],[-98.38803272,21.06316935],[-98.38788495,21.06326566],[-98.38781058,21.06333529],[-98.38771149,21.06348202],[-98.38758542,21.0636756],[-98.38731794,21.06394508],[-98.38717,21.06403069],[-98.38704888,21.06365997],[-98.38617992,21.06346583],[-98.38615569,21.06400603],[-98.38535938,21.06415706],[-98.38495809,21.06422677],[-98.38448705,21.0643546],[-98.38391408,21.06455972],[-98.38359971,21.06449594],[-98.38330065,21.06432075],[-98.38313588,21.06427563],[-98.38298654,21.06430228],[-98.3825922,21.06440148],[-98.38247212,21.06449337],[-98.38243465,21.06451231],[-98.38189998,21.06485766],[-98.38088315,21.06507631],[-98.38078429,21.06525085],[-98.3816372,21.06599846],[-98.38214142,21.06627545],[-98.38189952,21.0664878],[-98.38132475,21.06716175],[-98.38200114,21.06782163],[-98.38134322,21.06848942],[-98.38225935,21.06890425],[-98.3816988,21.06951569],[-98.38263437,21.06997954],[-98.38228215,21.07047982],[-98.38233123,21.07050265],[-98.38223374,21.07095105],[-98.38211595,21.07102505],[-98.38209757,21.07120978],[-98.38234546,21.07139063],[-98.38242769,21.07168514],[-98.38254926,21.07186005],[-98.38268612,21.07210526],[-98.38275503,21.07210183],[-98.38336252,21.07195052],[-98.38339403,21.0721576],[-98.383783,21.07246375],[-98.38406652,21.07313646],[-98.38422135,21.07321015],[-98.38437518,21.07325791],[-98.38471342,21.07330082],[-98.3849248,21.07348071],[-98.38484545,21.07361248],[-98.38467074,21.07362777],[-98.38462122,21.07371868],[-98.38463315,21.07384957],[-98.38458655,21.07385294],[-98.38465166,21.07409174],[-98.38482963,21.07429832],[-98.38499211,21.07437557],[-98.38515329,21.07430095],[-98.3853168,21.07422238],[-98.38547383,21.07415006],[-98.38564357,21.07413615],[-98.38577865,21.07416845],[-98.38591126,21.07429462],[-98.38581555,21.07448248],[-98.38567145,21.07481317],[-98.38570611,21.07493658],[-98.38578805,21.07510465],[-98.38586985,21.07525854],[-98.38614137,21.0754484],[-98.38640274,21.07551152],[-98.38663026,21.07558335],[-98.38674768,21.07573162],[-98.3868596,21.0758936],[-98.38702457,21.07603037],[-98.387195,21.07609134],[-98.38733437,21.07617686],[-98.38740265,21.07627337],[-98.38741498,21.07644131],[-98.38738792,21.07688088],[-98.38743685,21.07701178],[-98.38758437,21.07720314],[-98.38745657,21.07734326],[-98.38733808,21.07749254],[-98.38727283,21.07779072],[-98.387246,21.07807918],[-98.38717409,21.0782698],[-98.38714351,21.07851958],[-98.38759183,21.07834677],[-98.38779872,21.07828011],[-98.38800598,21.07837894],[-98.3881532,21.0784048],[-98.38835794,21.07841858],[-98.38855086,21.07851708],[-98.38869637,21.07867811],[-98.38886152,21.07892354],[-98.38908222,21.07923294],[-98.38920245,21.07937446],[-98.38924762,21.07940786],[-98.38928568,21.07940412],[-98.3893882,21.07914682],[-98.38963877,21.07899443],[-98.38991448,21.07945811],[-98.39016931,21.07986357],[-98.39046295,21.08021318],[-98.39061818,21.08037262],[-98.39076194,21.08033862],[-98.39094529,21.08019032],[-98.39102918,21.08016112],[-98.39125414,21.08031909],[-98.39146462,21.08051372],[-98.3917758,21.08071738],[-98.39197143,21.08083978],[-98.39236348,21.08091608],[-98.39282362,21.08103],[-98.3929698,21.08114143],[-98.39294488,21.08119238],[-98.39239926,21.08133655],[-98.39234106,21.08145785],[-98.39219489,21.0817284],[-98.39209449,21.08195912],[-98.39170025,21.08221731],[-98.39055048,21.08344912],[-98.39023068,21.0839428],[-98.38999109,21.08432832],[-98.3895864,21.08486502],[-98.38915808,21.08539886],[-98.38749786,21.08674008],[-98.38723143,21.08710485],[-98.38722842,21.08798285],[-98.38712542,21.088415],[-98.38690343,21.08866031],[-98.38668717,21.08900775],[-98.38653645,21.08920443],[-98.38633938,21.08949751],[-98.38622103,21.08965897],[-98.38610791,21.09043122],[-98.38575083,21.09023071],[-98.38555737,21.09046214],[-98.38521922,21.09080097],[-98.38489358,21.09105225],[-98.38447188,21.0914142],[-98.38364525,21.0919738],[-98.38317165,21.09228417],[-98.38266883,21.09252074],[-98.38221697,21.09270097],[-98.38165708,21.09289768],[-98.38145163,21.09291868],[-98.38053849,21.09262603],[-98.38030103,21.09246463],[-98.37989789,21.09246835],[-98.37946383,21.09238375],[-98.37930046,21.09244951],[-98.37921718,21.09239792],[-98.37925585,21.09216777],[-98.37897737,21.09194668],[-98.37854197,21.09175523],[-98.37802162,21.09174571],[-98.37775768,21.0916752],[-98.37759289,21.09155278],[-98.37746883,21.09139052],[-98.37741966,21.09137106],[-98.37714126,21.09192728],[-98.37684546,21.09198257],[-98.37666769,21.0918004],[-98.37666505,21.09168018],[-98.37653835,21.09156329],[-98.37626748,21.09139043],[-98.37612331,21.09132095],[-98.37583128,21.09160197],[-98.37567626,21.09153154],[-98.37552612,21.09142752],[-98.37547605,21.09131134],[-98.37540934,21.09122062],[-98.37519369,21.09094935],[-98.37506314,21.09113188],[-98.37494868,21.09119309],[-98.37462123,21.0910466],[-98.37455785,21.09131492],[-98.37396729,21.09142189],[-98.37380372,21.09152088],[-98.37336558,21.09169228],[-98.37333485,21.09171589],[-98.37304468,21.09186135],[-98.37291478,21.09194857],[-98.37253034,21.09215537],[-98.37250991,21.09212298],[-98.37206597,21.09241363],[-98.37185195,21.092726],[-98.3716844,21.09291355],[-98.37153922,21.09297885],[-98.37156683,21.09312402],[-98.37163154,21.09333394],[-98.3713216,21.09367011],[-98.37120377,21.09381575],[-98.37137477,21.09407698],[-98.37140518,21.09414582],[-98.37113865,21.09415726],[-98.37087823,21.09417517],[-98.371083708,21.094525159],[-98.371174162,21.094679228],[-98.371245019,21.094799917],[-98.371322376,21.094931678],[-98.371340721,21.094962924],[-98.37134268,21.09496626],[-98.37142651,21.09499226],[-98.37152498,21.09529769],[-98.37195169,21.09618805],[-98.37157892,21.09624903],[-98.37206758,21.09708231],[-98.37254345,21.09790089],[-98.37299389,21.09873182],[-98.37340045,21.09958218],[-98.372907,21.09965705],[-98.37240082,21.09970125],[-98.37192478,21.09974542],[-98.37032186,21.09975823],[-98.36898623,21.09986288],[-98.36751829,21.10011257],[-98.3672766,21.10110455],[-98.36566831,21.10255038],[-98.36504695,21.10269146],[-98.36392714,21.10239758],[-98.36356838,21.10119688],[-98.36308552,21.10129029],[-98.36259955,21.10135165],[-98.36210975,21.10133862],[-98.36161058,21.10143752],[-98.36110926,21.10151651],[-98.36037665,21.10169762],[-98.3600006,21.10271366],[-98.35961851,21.10270306],[-98.359137,21.10272423],[-98.3586454,21.102682],[-98.35812818,21.10269317],[-98.35767766,21.10254288],[-98.35714349,21.10235375],[-98.35644442,21.10229298],[-98.35575546,21.10222134],[-98.35533886,21.10223234],[-98.35476297,21.1024516],[-98.35453371,21.1024588],[-98.35438415,21.10187997],[-98.35426865,21.10150043],[-98.35431911,21.10135451],[-98.35396475,21.10115325],[-98.35372568,21.10101375],[-98.35298608,21.10059242],[-98.35292631,21.10039569],[-98.35285845,21.10033071],[-98.35273785,21.10021475],[-98.35265049,21.09996231],[-98.35237406,21.09979714],[-98.35200862,21.09950688],[-98.35197817,21.09943795],[-98.35300609,21.09898397],[-98.35298477,21.09893069],[-98.35280615,21.09852991],[-98.35176529,21.09899949],[-98.35168311,21.09872675],[-98.35150123,21.09814866],[-98.35101743,21.09800198],[-98.35052311,21.09812302],[-98.35031425,21.09772698],[-98.3498262,21.09788052],[-98.34937789,21.09804646],[-98.3488972,21.09820546],[-98.34842205,21.09835383],[-98.34820586,21.09844522],[-98.3479532,21.09858485],[-98.347511,21.09872228],[-98.34703802,21.09885512],[-98.34679935,21.09927002],[-98.34641331,21.09950477],[-98.34653517,21.09969269],[-98.34608872,21.09988675],[-98.34560475,21.10003892],[-98.34511411,21.09922869],[-98.34474851,21.09865037],[-98.34380698,21.09712375],[-98.34378905,21.09709409],[-98.33987826,21.10043246],[-98.34079525,21.10213597],[-98.34248635,21.10549482],[-98.34228648,21.10548245],[-98.34211708,21.10558022],[-98.34126074,21.10548358],[-98.34128978,21.10561031],[-98.34154614,21.10578592],[-98.34004645,21.10642145],[-98.34002534,21.10642689],[-98.33902451,21.10667792],[-98.33900506,21.106712],[-98.33845723,21.10715635],[-98.33836978,21.10721925],[-98.33753452,21.10784092],[-98.33751797,21.10784982],[-98.33671332,21.10838717],[-98.33583506,21.10885271],[-98.33581854,21.10886466],[-98.33506369,21.10933826],[-98.33428966,21.10978968],[-98.33353182,21.11010215],[-98.33282686,21.11041345],[-98.33213826,21.11084086],[-98.33138888,21.11117717],[-98.33093906,21.11091106],[-98.32987348,21.11183134],[-98.32937778,21.11157743]]]]},"properties":{"municipality":"Atlapexco","official_key":"13011","CVE_ENT":"13","CVE_MUN":"011","geometry_kind":"municipality","source":"INEGI Gaia — Servicio vectorial del Marco Geoestadístico"}},"features":[{"type":"Feature","geometry":{"type":"MultiPolygon","crs":{"type":"name","properties":{"name":"EPSG:6365"}},"coordinates":[[[[-98.343247607,21.026545774],[-98.343247489,21.026545407],[-98.342901575,21.026570987],[-98.342362626,21.026628094],[-98.341895063,21.026670925],[-98.341463353,21.026716926],[-98.341459621,21.026717323],[-98.34142268,21.026537241],[-98.340942354,21.026620049],[-98.340889499,21.026415052],[-98.3404354,21.026451739],[-98.340073201,21.026493676],[-98.340066797,21.026456098],[-98.339971027,21.025894142],[-98.339942551,21.025701471],[-98.339911478,21.025491236],[-98.339909705,21.025346806],[-98.340188314,21.025166753],[-98.340278692,21.025080136],[-98.340314989,21.025045349],[-98.340453701,21.024936487],[-98.340544135,21.024860174],[-98.340682723,21.024813649],[-98.340697135,21.02481572],[-98.340837346,21.024835869],[-98.340938327,21.024873108],[-98.341051957,21.024905322],[-98.341699394,21.025206739],[-98.341854156,21.025200669],[-98.341934323,21.025211124],[-98.342041399,21.025253956],[-98.342309088,21.025321769],[-98.342598193,21.02536817],[-98.342794498,21.025378876],[-98.342893544,21.02538542],[-98.342893507,21.025385256],[-98.342891817,21.025377701],[-98.342885755,21.025350618],[-98.342864354,21.025254999],[-98.342788655,21.024916779],[-98.342662699,21.024354006],[-98.3426484,21.02429012],[-98.34263629,21.02421671],[-98.34252449,21.02353851],[-98.34245668,21.02312709],[-98.34230163,21.02200383],[-98.34223624,21.021691358],[-98.34216829,21.02136665],[-98.34203011,21.02089357],[-98.34192029,21.02059475],[-98.34153205,21.01982622],[-98.341396763,21.019635879],[-98.34079685,21.01879183],[-98.340736535,21.018702584],[-98.3401536,21.01784002],[-98.33968772,21.01717288],[-98.33968993,21.017170894],[-98.34055577,21.01639295],[-98.34090528,21.01622426],[-98.341316618,21.015995532],[-98.34169038,21.01582491],[-98.34170977,21.0156588],[-98.34241074,21.01530286],[-98.34259629,21.01529152],[-98.34295452,21.01522478],[-98.34358772,21.01514937],[-98.34418458,21.01508355],[-98.34426931,21.0150532],[-98.34452517,21.01497049],[-98.34478778,21.01495623],[-98.34529925,21.01508051],[-98.34563102,21.01509562],[-98.34615808,21.01512875],[-98.34656531,21.01518125],[-98.34660774,21.01518669],[-98.34691446,21.015226],[-98.34713125,21.01529589],[-98.34754269,21.015508],[-98.34769058,21.01552237],[-98.347900754,21.015446228],[-98.34806864,21.015422869],[-98.34827075,21.01545875],[-98.34836545,21.01531698],[-98.34848026,21.01514509],[-98.34869435,21.01481034],[-98.34881877,21.01461582],[-98.34898511,21.01440123],[-98.34910772,21.01428463],[-98.34922623,21.01417191],[-98.34942667,21.014043267],[-98.34963966,21.01391317],[-98.350760715,21.013321152],[-98.351184638,21.013059937],[-98.35074443,21.01392674],[-98.35054429,21.01420711],[-98.35028018,21.01443491],[-98.35091237,21.01529505],[-98.35115991,21.01562054],[-98.350775021,21.015692206],[-98.350433,21.01575589],[-98.34986548,21.01575148],[-98.34982929,21.01575875],[-98.34977657,21.01573125],[-98.34947406,21.01594163],[-98.3493896,21.01610811],[-98.34937586,21.01632237],[-98.34950635,21.01660035],[-98.34964406,21.01692712],[-98.34952863,21.01726217],[-98.34953752,21.0174738],[-98.34965823,21.01791128],[-98.34979766,21.01836389],[-98.34982445,21.01856638],[-98.349727013,21.019624669],[-98.34968718,21.02016489],[-98.349651182,21.020527587],[-98.34962383,21.02080317],[-98.349606286,21.020924772],[-98.349577215,21.021159593],[-98.34955914,21.02132232],[-98.350533527,21.021504037],[-98.35083023,21.02155937],[-98.35083309,21.02232097],[-98.35067855,21.02310025],[-98.3506532,21.02353088],[-98.35044934,21.0244048],[-98.35018657,21.02531172],[-98.34992382,21.02621866],[-98.34966103,21.02712558],[-98.3484982,21.02659506],[-98.34834812,21.02690009],[-98.34817374,21.02725448],[-98.34819946,21.02766565],[-98.34824909,21.02792662],[-98.34833082,21.02803803],[-98.34855732,21.02821123],[-98.3486572,21.02824675],[-98.34929737,21.02842572],[-98.34941408,21.02850555],[-98.34972874,21.02871829],[-98.35006075,21.0288444],[-98.34876577,21.0292818],[-98.34757002,21.02972283],[-98.347256646,21.029843796],[-98.34699234,21.02994582],[-98.34631477,21.03016438],[-98.346142949,21.0302198],[-98.345517505,21.030221371],[-98.34551412,21.03022138],[-98.34513712,21.030137231],[-98.344725319,21.029947121],[-98.344560949,21.02983677],[-98.344428569,21.02971405],[-98.344265849,21.029508261],[-98.34411175,21.029298151],[-98.343905026,21.02877356],[-98.34361025,21.02781178],[-98.343574495,21.027674462],[-98.34342003,21.02708122],[-98.343247607,21.026545774]]]]},"properties":{"locality":"Atlapexco","municipality":null,"official_key":"130110001","CVE_ENT":"13","CVE_MUN":"011","CVE_LOC":"0001","ambito":"URBANO","geometry_kind":"locality","source":"INEGI Gaia — Servicio vectorial del Marco Geoestadístico"}},{"type":"Feature","geometry":{"type":"MultiPolygon","crs":{"type":"name","properties":{"name":"EPSG:6365"}},"coordinates":[[[[-98.368790598,20.977879675],[-98.368824469,20.978149291],[-98.36884718,20.978252817],[-98.36886277,20.978412369],[-98.368947643,20.978599652],[-98.368992808,20.97877726],[-98.368983658,20.978887044],[-98.368931048,20.97897666],[-98.368917964,20.979326691],[-98.368697098,20.979638921],[-98.368496002,20.98000382],[-98.368455213,20.980118165],[-98.368431503,20.980271504],[-98.368260603,20.980452848],[-98.367947258,20.980772446],[-98.367766973,20.980990254],[-98.367600935,20.981198173],[-98.367644969,20.98124523],[-98.368104259,20.98148009],[-98.36829809,20.981576971],[-98.368361739,20.98162043],[-98.368374769,20.98164608],[-98.368354139,20.98167735],[-98.36817137,20.98189512],[-98.368054649,20.98204795],[-98.368009249,20.98217475],[-98.367990849,20.98220489],[-98.36793869,20.98223988],[-98.36787471,20.98230632],[-98.367769709,20.98239331],[-98.367704459,20.982470631],[-98.36763734,20.98261394],[-98.36761502,20.982746],[-98.36757618,20.982880251],[-98.36751006,20.982968371],[-98.367396379,20.983120381],[-98.367343149,20.983178631],[-98.36729594,20.983208381],[-98.367222519,20.98333866],[-98.367202579,20.98341408],[-98.36709314,20.98354254],[-98.36693966,20.983706781],[-98.36666829,20.983585491],[-98.36622598,20.98333649],[-98.36597565,20.983433711],[-98.3658282,20.983318181],[-98.365824689,20.983205371],[-98.365817369,20.983057661],[-98.36561426,20.982968981],[-98.36555738,20.982943891],[-98.36548783,20.98293832],[-98.365366479,20.98289891],[-98.36511015,20.982818981],[-98.36516038,20.98247537],[-98.3654574,20.982529941],[-98.36548809,20.98238202],[-98.36551237,20.982345551],[-98.36552502,20.98231852],[-98.365649309,20.982241001],[-98.36566289,20.982215581],[-98.365780479,20.981827311],[-98.36609369,20.981892381],[-98.366114249,20.981635],[-98.366097369,20.981475081],[-98.366066579,20.981235001],[-98.36607368,20.981155181],[-98.36614762,20.98098789],[-98.36623612,20.98084889],[-98.366423379,20.98059046],[-98.366488091,20.980521912],[-98.366762093,20.980212048],[-98.367009255,20.979997683],[-98.367285454,20.979770341],[-98.367545813,20.979654132],[-98.367765231,20.979592096],[-98.367899995,20.979508038],[-98.367974803,20.979437847],[-98.367997173,20.979363097],[-98.367962217,20.979278532],[-98.367907878,20.979154203],[-98.367740366,20.979017551],[-98.367612733,20.978929322],[-98.367381285,20.978719701],[-98.367153371,20.978847516],[-98.366883771,20.978712747],[-98.366933087,20.978541235],[-98.367213076,20.978229474],[-98.367259455,20.978067863],[-98.366854618,20.97780218],[-98.36742074,20.977256002],[-98.367797993,20.976831575],[-98.368484157,20.977418979],[-98.368790598,20.977879675]]]]},"properties":{"locality":"Achiquihuixtla","municipality":null,"official_key":"130110002","CVE_ENT":"13","CVE_MUN":"011","CVE_LOC":"0002","ambito":"RURAL","geometry_kind":"locality","source":"INEGI Gaia — Servicio vectorial del Marco Geoestadístico"}},{"type":"Feature","geometry":{"type":"MultiPolygon","crs":{"type":"name","properties":{"name":"EPSG:6365"}},"coordinates":[[[[-98.393997413,21.042287545],[-98.393611764,21.042232611],[-98.39327228,21.042135376],[-98.393268074,21.041940509],[-98.393348172,21.041648409],[-98.393732303,21.041718694],[-98.393978359,21.041741272],[-98.394209006,21.041773639],[-98.394270674,21.04177096],[-98.394458382,21.041675482],[-98.394560708,21.04162732],[-98.394625482,21.041579157],[-98.394572644,21.041380196],[-98.394664134,21.041228267],[-98.394791212,21.041130147],[-98.394934795,21.041074135],[-98.395145432,21.041020626],[-98.395362857,21.04103377],[-98.395481216,21.041101044],[-98.395661595,21.040915476],[-98.396230098,21.041393107],[-98.396194999,21.041486944],[-98.396095527,21.041593299],[-98.39633271,21.041765271],[-98.396291437,21.041835288],[-98.396295764,21.04188778],[-98.396352695,21.041922671],[-98.396412913,21.041932375],[-98.396563934,21.041933462],[-98.396848514,21.041920846],[-98.39687292,21.041948282],[-98.397214091,21.041872984],[-98.397294094,21.04209421],[-98.396813514,21.042227819],[-98.396845876,21.042596244],[-98.396493988,21.042570883],[-98.396308396,21.042530503],[-98.396123705,21.042468795],[-98.395843965,21.042479027],[-98.395824399,21.042594399],[-98.39569017,21.042684735],[-98.395528507,21.042727401],[-98.395384644,21.042737469],[-98.39523761,21.042752515],[-98.395088992,21.042762543],[-98.394912759,21.042747529],[-98.394631324,21.042675561],[-98.393802721,21.04239331],[-98.393997413,21.042287545]]]]},"properties":{"locality":"Atencuapa","municipality":null,"official_key":"130110003","CVE_ENT":"13","CVE_MUN":"011","CVE_LOC":"0003","ambito":"RURAL","geometry_kind":"locality","source":"INEGI Gaia — Servicio vectorial del Marco Geoestadístico"}},{"type":"Feature","geometry":{"type":"MultiPolygon","crs":{"type":"name","properties":{"name":"EPSG:6365"}},"coordinates":[[[[-98.392547686,20.989169055],[-98.392475266,20.989226652],[-98.392303604,20.989156533],[-98.392097075,20.989086415],[-98.391844947,20.989028818],[-98.39170279,20.989026313],[-98.391571362,20.988993757],[-98.391405065,20.988883572],[-98.391327281,20.988823469],[-98.391244133,20.988778393],[-98.391126114,20.988783401],[-98.391000051,20.988820965],[-98.391051013,20.988520454],[-98.391265591,20.988410268],[-98.392075617,20.988713282],[-98.392341156,20.988825974],[-98.39252891,20.988943672],[-98.39248063,20.988996262],[-98.392472584,20.989063876],[-98.392491359,20.98910144],[-98.392547686,20.989169055]]],[[[-98.392745928,20.988571224],[-98.392877962,20.988351073],[-98.393625394,20.988777849],[-98.393612635,20.989100759],[-98.393493089,20.989220009],[-98.393366486,20.989218899],[-98.393218764,20.989185495],[-98.393084452,20.989066948],[-98.393054462,20.988958501],[-98.393060445,20.98882844],[-98.39289196,20.988720312],[-98.392884411,20.988632217],[-98.392745928,20.988571224]]]]},"properties":{"locality":"Atlajco","municipality":null,"official_key":"130110004","CVE_ENT":"13","CVE_MUN":"011","CVE_LOC":"0004","ambito":"RURAL","geometry_kind":"locality","source":"INEGI Gaia — Servicio vectorial del Marco Geoestadístico"}},{"type":"Feature","geometry":{"type":"MultiPolygon","crs":{"type":"name","properties":{"name":"EPSG:6365"}},"coordinates":[[[[-98.399643686,21.042613902],[-98.399689714,21.042516426],[-98.401257972,21.042517799],[-98.401386558,21.042366651],[-98.401644629,21.042719921],[-98.40175569,21.042811111],[-98.40188171,21.042914031],[-98.40194129,21.0429416],[-98.40211742,21.04301686],[-98.40226311,21.04307832],[-98.40232969,21.043115021],[-98.402451519,21.043168941],[-98.40257877,21.043198],[-98.402687799,21.04323363],[-98.402759289,21.04326746],[-98.402858509,21.04333748],[-98.402890229,21.0433662],[-98.402930689,21.043401231],[-98.40297429,21.04345035],[-98.403023378,21.043499406],[-98.403048128,21.043542547],[-98.403181317,21.043514361],[-98.403602459,21.043947771],[-98.403811692,21.044189644],[-98.403962665,21.044363874],[-98.403671565,21.044502799],[-98.403249122,21.04465155],[-98.402974199,21.044685153],[-98.402726252,21.044646127],[-98.402429177,21.044557227],[-98.402328173,21.044535783],[-98.401878863,21.044494585],[-98.40128185,21.044427966],[-98.40123706,21.044422968],[-98.400936592,21.044357972],[-98.400780762,21.044281605],[-98.40042791,21.04405417],[-98.400385834,21.044027049],[-98.40023709,21.043912324],[-98.400075289,21.043900711],[-98.399916059,21.043907551],[-98.39983152,21.04389497],[-98.399924866,21.043459221],[-98.399908729,21.043349423],[-98.399763126,21.043031819],[-98.399608977,21.042724041],[-98.399643686,21.042613902]]]]},"properties":{"locality":"Atlaltipa Mirador","municipality":null,"official_key":"130110005","CVE_ENT":"13","CVE_MUN":"011","CVE_LOC":"0005","ambito":"RURAL","geometry_kind":"locality","source":"INEGI Gaia — Servicio vectorial del Marco Geoestadístico"}},{"type":"Feature","geometry":{"type":"MultiPolygon","crs":{"type":"name","properties":{"name":"EPSG:6365"}},"coordinates":[[[[-98.37247738,21.03813451],[-98.37262898,21.03840412],[-98.37296218,21.038912771],[-98.37322485,21.039234601],[-98.373282519,21.039288221],[-98.373427799,21.039650221],[-98.373475579,21.039813621],[-98.373518619,21.04006463],[-98.37361143,21.04041595],[-98.37367371,21.04047834],[-98.37369092,21.04056549],[-98.37370575,21.040725941],[-98.37340831,21.04093012],[-98.372862273,21.041268127],[-98.372807407,21.041298871],[-98.37282995,21.041444601],[-98.372839019,21.041450741],[-98.37278822,21.04146038],[-98.37272122,21.041408881],[-98.37262006,21.041356551],[-98.372485829,21.041342741],[-98.372431449,21.041317571],[-98.37199446,21.04089323],[-98.37199594,21.04082626],[-98.371952402,21.040748857],[-98.371854961,21.040603767],[-98.371786637,21.040465931],[-98.371683205,21.040219968],[-98.371622394,21.040075694],[-98.371574372,21.039854261],[-98.371506857,21.039906736],[-98.371356309,21.039783961],[-98.371255419,21.039659513],[-98.371467088,21.039591293],[-98.371460261,21.03951721],[-98.371434126,21.039302755],[-98.371380706,21.03876827],[-98.371338988,21.038488373],[-98.371326035,21.038370416],[-98.371322714,21.038302178],[-98.371367156,21.038254112],[-98.371428081,21.038230438],[-98.371586664,21.038211439],[-98.371920825,21.038196516],[-98.37210802,21.038176966],[-98.37228141,21.038132925],[-98.372422814,21.038083956],[-98.37247738,21.03813451]]]]},"properties":{"locality":"Atlaltipa Huitzotlaco","municipality":null,"official_key":"130110006","CVE_ENT":"13","CVE_MUN":"011","CVE_LOC":"0006","ambito":"RURAL","geometry_kind":"locality","source":"INEGI Gaia — Servicio vectorial del Marco Geoestadístico"}},{"type":"Feature","geometry":{"type":"MultiPolygon","crs":{"type":"name","properties":{"name":"EPSG:6365"}},"coordinates":[[[[-98.366983203,21.00201874],[-98.366888879,21.002016621],[-98.36693635,21.001860861],[-98.36697506,21.001730721],[-98.367195309,21.00095246],[-98.367256509,21.000053066],[-98.367281519,20.99956912],[-98.367332436,20.999331927],[-98.367483866,20.999126314],[-98.367928837,20.998612857],[-98.36830924,20.998192765],[-98.368504452,20.997976139],[-98.368651386,20.997774539],[-98.368727229,20.997643331],[-98.368792345,20.997492089],[-98.369114165,20.997675341],[-98.370437298,20.998636863],[-98.369869679,20.999388208],[-98.369780212,20.999545145],[-98.370209954,20.999828619],[-98.369905976,21.000213691],[-98.369673718,21.000584738],[-98.369462917,21.000826825],[-98.369043184,21.001334506],[-98.368891964,21.001230356],[-98.36895532,21.00114624],[-98.368735179,21.001015875],[-98.368671131,21.001115815],[-98.368378985,21.001483824],[-98.368167177,21.001716837],[-98.36796544,21.001827767],[-98.367668791,21.001942392],[-98.367395781,21.001997428],[-98.367091182,21.002018864],[-98.366983203,21.00201874]]]]},"properties":{"locality":"Atlaltipa Tecolotitla","municipality":null,"official_key":"130110007","CVE_ENT":"13","CVE_MUN":"011","CVE_LOC":"0007","ambito":"RURAL","geometry_kind":"locality","source":"INEGI Gaia — Servicio vectorial del Marco Geoestadístico"}},{"type":"Feature","geometry":{"type":"MultiPolygon","crs":{"type":"name","properties":{"name":"EPSG:6365"}},"coordinates":[[[[-98.41148989,21.025884444],[-98.411495516,21.025940444],[-98.411543148,21.026010981],[-98.411589352,21.026103769],[-98.411650913,21.026175514],[-98.411668564,21.026217466],[-98.411679642,21.026297096],[-98.411686998,21.026359572],[-98.411680207,21.026397768],[-98.41164616,21.026454121],[-98.41159559,21.026480303],[-98.411555487,21.026471946],[-98.41152105,21.026455329],[-98.411481423,21.026436573],[-98.411433012,21.026454865],[-98.411387318,21.026475959],[-98.411343321,21.026528535],[-98.411280674,21.026567092],[-98.411236416,21.026582258],[-98.411147077,21.026568737],[-98.411072234,21.02652567],[-98.411055054,21.026478069],[-98.411007594,21.026412076],[-98.41100396,21.026384132],[-98.410948887,21.026327149],[-98.410905884,21.026302714],[-98.410827105,21.02616938],[-98.410828832,21.026096754],[-98.410779124,21.026031227],[-98.410557364,21.026167032],[-98.41017862,21.02639532],[-98.410093149,21.026410548],[-98.41001515,21.026396451],[-98.409970839,21.02634445],[-98.409966402,21.026272906],[-98.410145181,21.025877199],[-98.410234825,21.025611146],[-98.409617484,21.025328548],[-98.40911123,21.025128304],[-98.408804442,21.025153387],[-98.408638173,21.025130474],[-98.40848353,21.02507285],[-98.408342662,21.025006271],[-98.408142591,21.024853796],[-98.408037191,21.024727487],[-98.407954986,21.024599237],[-98.407889743,21.024522594],[-98.40779768,21.02444595],[-98.407674169,21.02431106],[-98.407619308,21.024190581],[-98.407639441,21.024091222],[-98.40766243,21.023981516],[-98.40767666,21.023823212],[-98.40761557,21.023639917],[-98.407602761,21.023554265],[-98.407629221,21.023507244],[-98.407674458,21.023487764],[-98.407730494,21.023469163],[-98.407803359,21.023479933],[-98.408016597,21.023593482],[-98.408173582,21.023729857],[-98.408269882,21.02381775],[-98.408394881,21.023876932],[-98.408555542,21.023920834],[-98.408787686,21.023961339],[-98.408881721,21.023910062],[-98.408966318,21.023824865],[-98.409093262,21.023778461],[-98.409147796,21.023748082],[-98.409148686,21.023707687],[-98.409112025,21.023667293],[-98.40901323,21.023627067],[-98.40889834,21.023629404],[-98.408687663,21.023610492],[-98.408514085,21.023556849],[-98.408291155,21.023443419],[-98.408028674,21.023267933],[-98.407851866,21.023154186],[-98.407685207,21.023055719],[-98.407609333,21.023015267],[-98.407497927,21.022981457],[-98.407411972,21.022967206],[-98.40736127,21.022907007],[-98.407317402,21.022826052],[-98.407491839,21.022587591],[-98.407539899,21.02249149],[-98.407244659,21.02249422],[-98.406983889,21.02249811],[-98.40667498,21.022502121],[-98.406490969,21.022485261],[-98.406390489,21.022451851],[-98.40633928,21.022391121],[-98.40638455,21.022133051],[-98.40641678,21.022086201],[-98.406426229,21.022038551],[-98.4065574,21.02165145],[-98.4066184,21.021419751],[-98.406921079,21.02103555],[-98.407359397,21.020032783],[-98.407521618,21.019513446],[-98.407642485,21.019441724],[-98.407709709,21.019349972],[-98.408163457,21.019533435],[-98.408194681,21.019286926],[-98.40859605,21.01921568],[-98.408679954,21.019353602],[-98.408654647,21.019629446],[-98.408764964,21.019850643],[-98.40876771,21.020080301],[-98.409060338,21.01984908],[-98.409278797,21.020090771],[-98.409468869,21.020278549],[-98.409598744,21.020466068],[-98.409705151,21.020762567],[-98.409706872,21.021035128],[-98.409538172,21.02101263],[-98.40932119,21.021035198],[-98.409042339,21.021013],[-98.408949479,21.020999117],[-98.408710756,21.021094059],[-98.408555261,21.021179213],[-98.408520589,21.021232994],[-98.40847493,21.02135577],[-98.408431946,21.021466215],[-98.408328884,21.021509658],[-98.408213213,21.021599563],[-98.4081389,21.02170909],[-98.408064391,21.02179466],[-98.407923311,21.021885546],[-98.407862357,21.021948112],[-98.407824419,21.022045001],[-98.40783262,21.022267581],[-98.407894663,21.022426731],[-98.407960114,21.022485177],[-98.408084009,21.022577495],[-98.408263962,21.02269618],[-98.408397731,21.022576286],[-98.409065516,21.022325536],[-98.409347089,21.022709111],[-98.409505115,21.022972244],[-98.409627687,21.023034343],[-98.40972725,21.023114672],[-98.409825916,21.023232374],[-98.409903455,21.023389784],[-98.409898235,21.023470761],[-98.409866194,21.023551738],[-98.409756912,21.02365588],[-98.409674533,21.023768741],[-98.409672622,21.023931676],[-98.410007211,21.024107706],[-98.410393752,21.024258741],[-98.410498563,21.024356945],[-98.410587975,21.024425173],[-98.410808492,21.024608849],[-98.411055832,21.02480254],[-98.41125569,21.024920239],[-98.411437147,21.025036008],[-98.41150595,21.025114225],[-98.411537372,21.025197027],[-98.411552699,21.025329902],[-98.411534936,21.025421454],[-98.411538627,21.025543049],[-98.411583565,21.025595963],[-98.411615781,21.025668407],[-98.411588196,21.025722102],[-98.411571793,21.025789321],[-98.411533418,21.025822484],[-98.41148989,21.025884444]]]]},"properties":{"locality":"Atotomoc","municipality":null,"official_key":"130110008","CVE_ENT":"13","CVE_MUN":"011","CVE_LOC":"0008","ambito":"RURAL","geometry_kind":"locality","source":"INEGI Gaia — Servicio vectorial del Marco Geoestadístico"}},{"type":"Feature","geometry":{"type":"MultiPolygon","crs":{"type":"name","properties":{"name":"EPSG:6365"}},"coordinates":[[[[-98.394304023,20.992753505],[-98.394379167,20.992741505],[-98.394758159,20.992510806],[-98.395011705,20.992791939],[-98.395265044,20.992989636],[-98.395606897,20.992548766],[-98.395672079,20.992819033],[-98.395732436,20.992939597],[-98.395792158,20.992983045],[-98.395873337,20.993071568],[-98.395912283,20.993172296],[-98.395928097,20.993304736],[-98.395915592,20.993496539],[-98.396069668,20.993481698],[-98.396262002,20.993396761],[-98.396435006,20.993326904],[-98.396532626,20.993540339],[-98.396619515,20.993618549],[-98.396817552,20.993709232],[-98.396761452,20.993858393],[-98.396643664,20.99400004],[-98.396489919,20.994127576],[-98.396419752,20.994233915],[-98.396328128,20.99432022],[-98.396163659,20.994404901],[-98.395976461,20.994473716],[-98.395867456,20.99452846],[-98.395787561,20.9945983],[-98.395688546,20.994770148],[-98.395507167,20.995133057],[-98.395265384,20.995120733],[-98.395130888,20.995103399],[-98.395124754,20.995168897],[-98.395091551,20.995265052],[-98.395026161,20.995398769],[-98.394964071,20.995543749],[-98.394839148,20.995547376],[-98.394665946,20.995520951],[-98.394460232,20.995446683],[-98.39431238,20.995444638],[-98.394161848,20.995440088],[-98.394010983,20.995365884],[-98.394530589,20.994841326],[-98.394371708,20.994706101],[-98.394258863,20.994591125],[-98.394135289,20.994486164],[-98.393843821,20.994302651],[-98.393677868,20.994196574],[-98.393627251,20.994138074],[-98.393611585,20.994065572],[-98.393646669,20.993891591],[-98.39400485,20.992983234],[-98.394076653,20.992877135],[-98.394304023,20.992753505]]]]},"properties":{"locality":"Cochiscuatitla","municipality":null,"official_key":"130110009","CVE_ENT":"13","CVE_MUN":"011","CVE_LOC":"0009","ambito":"RURAL","geometry_kind":"locality","source":"INEGI Gaia — Servicio vectorial del Marco Geoestadístico"}},{"type":"Feature","geometry":{"type":"MultiPolygon","crs":{"type":"name","properties":{"name":"EPSG:6365"}},"coordinates":[[[[-98.42215312,21.01083766],[-98.42103157,21.01072291],[-98.42097082,21.01070191],[-98.42101329,21.01054682],[-98.421113679,21.010378081],[-98.421207029,21.0102332],[-98.421262119,21.010084421],[-98.42131308,21.00997154],[-98.42136129,21.00972054],[-98.421373679,21.009615781],[-98.421317399,21.009576661],[-98.42124806,21.009588001],[-98.421183539,21.00959082],[-98.42112343,21.009600921],[-98.42107085,21.009616981],[-98.420997999,21.009630571],[-98.42095871,21.00962155],[-98.420912849,21.0096012],[-98.420800921,21.009468531],[-98.420626085,21.009432925],[-98.420518989,21.00941369],[-98.420382096,21.009341097],[-98.420251898,21.009257216],[-98.420044985,21.009128521],[-98.419824806,21.009066987],[-98.419713267,21.008904398],[-98.419690566,21.008780133],[-98.419588984,21.008678265],[-98.419648377,21.008593872],[-98.419779242,21.008472822],[-98.419912916,21.008456846],[-98.420191646,21.008352458],[-98.420191429,21.00831317],[-98.420195819,21.00823282],[-98.42018858,21.00815045],[-98.42014695,21.008009061],[-98.420108179,21.00789983],[-98.420008379,21.00770455],[-98.41994146,21.007674481],[-98.41983682,21.00763448],[-98.419653739,21.007607421],[-98.419650979,21.007605521],[-98.419687739,21.007574481],[-98.419755259,21.00748722],[-98.41991569,21.00732049],[-98.420030689,21.00722714],[-98.42011722,21.00714632],[-98.42029128,21.007043551],[-98.42035012,21.007042521],[-98.420402199,21.007055751],[-98.420426249,21.0068246],[-98.42042206,21.006741661],[-98.42043537,21.00667354],[-98.420525569,21.006454741],[-98.420542659,21.006463061],[-98.42078106,21.006560341],[-98.42140918,21.0068972],[-98.421472369,21.0069412],[-98.42149272,21.00698003],[-98.42153798,21.007043051],[-98.42160318,21.0070844],[-98.4216344,21.0071556],[-98.4216226,21.007212221],[-98.42160172,21.00726335],[-98.42162434,21.00732465],[-98.421668519,21.00737205],[-98.421815259,21.007401],[-98.42190323,21.00740162],[-98.42203295,21.007418661],[-98.422151979,21.00749798],[-98.422254779,21.00764412],[-98.422427419,21.007824631],[-98.422605479,21.007905741],[-98.42284438,21.00791758],[-98.423121629,21.007837741],[-98.422978739,21.007610691],[-98.422898829,21.00738408],[-98.422850139,21.007080371],[-98.42291352,21.006946431],[-98.42301258,21.00685654],[-98.42317955,21.00686622],[-98.423422489,21.00696268],[-98.423496249,21.007016261],[-98.423537999,21.00711954],[-98.42355591,21.007196321],[-98.423573829,21.00756125],[-98.423580429,21.00779317],[-98.423578019,21.00800411],[-98.42354738,21.0081644],[-98.423494909,21.00825514],[-98.423499049,21.00829715],[-98.423465089,21.008420261],[-98.423430059,21.00852606],[-98.42340372,21.00859315],[-98.42319677,21.00887502],[-98.42315002,21.008960371],[-98.423120229,21.00904178],[-98.423094939,21.00907002],[-98.42302285,21.00972362],[-98.42300032,21.00980114],[-98.42297874,21.00984385],[-98.42294586,21.00987789],[-98.422910859,21.00989629],[-98.42286102,21.009895121],[-98.422801149,21.009886511],[-98.422739049,21.00986585],[-98.422682339,21.009834511],[-98.42237006,21.00965309],[-98.42220991,21.009537061],[-98.422090799,21.00945791],[-98.42198768,21.00941228],[-98.421900819,21.009390061],[-98.421857979,21.009384741],[-98.421841479,21.009548721],[-98.42176422,21.00995511],[-98.42176128,21.010066091],[-98.421774489,21.01008671],[-98.42182572,21.01016665],[-98.421962309,21.01031992],[-98.422153179,21.01047448],[-98.42234118,21.010616951],[-98.42237178,21.01066869],[-98.42237362,21.010719771],[-98.42236328,21.01077025],[-98.422358939,21.010791461],[-98.42227492,21.01082551],[-98.42215312,21.01083766]]]]},"properties":{"locality":"Cochotla","municipality":null,"official_key":"130110010","CVE_ENT":"13","CVE_MUN":"011","CVE_LOC":"0010","ambito":"RURAL","geometry_kind":"locality","source":"INEGI Gaia — Servicio vectorial del Marco Geoestadístico"}},{"type":"Feature","geometry":{"type":"MultiPolygon","crs":{"type":"name","properties":{"name":"EPSG:6365"}},"coordinates":[[[[-98.348294799,21.04359712],[-98.34814021,21.043618207],[-98.347775862,21.04351348],[-98.347566585,21.0434519],[-98.347185649,21.043330239],[-98.346582024,21.043274666],[-98.347122058,21.042436853],[-98.347414258,21.042626401],[-98.34762107,21.042729392],[-98.347790329,21.042826484],[-98.347956624,21.042878347],[-98.348142257,21.042910256],[-98.348376171,21.04292214],[-98.34857251,21.042959781],[-98.348646849,21.04264498],[-98.34875465,21.04233751],[-98.348820349,21.04209435],[-98.34895506,21.041844861],[-98.348970769,21.041801261],[-98.349025819,21.04184669],[-98.34942183,21.042139121],[-98.34967703,21.04230355],[-98.349930049,21.042445511],[-98.35025531,21.042621521],[-98.35032726,21.04270674],[-98.350262419,21.04287925],[-98.35005068,21.04325249],[-98.35003123,21.04329837],[-98.35046112,21.043612631],[-98.350396749,21.04390046],[-98.35001718,21.044038281],[-98.35002958,21.04409362],[-98.35002271,21.04416778],[-98.35006925,21.044299341],[-98.35017386,21.04444755],[-98.35026755,21.04452357],[-98.35031158,21.04453918],[-98.3505206,21.044566771],[-98.350605739,21.04463611],[-98.35058835,21.044820091],[-98.35039955,21.045188405],[-98.35018985,21.04522114],[-98.34996466,21.045305821],[-98.34988022,21.045369351],[-98.349829619,21.04544322],[-98.349888229,21.045494631],[-98.34972251,21.04584658],[-98.349679769,21.045957141],[-98.34963648,21.046124141],[-98.349557779,21.04652548],[-98.34948986,21.04685715],[-98.349431229,21.04713426],[-98.349367619,21.047446861],[-98.349035859,21.04858272],[-98.349008019,21.04853638],[-98.34865923,21.047600521],[-98.348110562,21.045984371],[-98.348081477,21.045900143],[-98.347951475,21.045506642],[-98.34782989,21.045091765],[-98.347747404,21.044796345],[-98.347729514,21.044703209],[-98.347706049,21.044627371],[-98.3471632,21.044412001],[-98.34710717,21.044397111],[-98.347179629,21.04434811],[-98.348294799,21.04359712]]]]},"properties":{"locality":"Coyolapa","municipality":null,"official_key":"130110011","CVE_ENT":"13","CVE_MUN":"011","CVE_LOC":"0011","ambito":"RURAL","geometry_kind":"locality","source":"INEGI Gaia — Servicio vectorial del Marco Geoestadístico"}},{"type":"Feature","geometry":{"type":"MultiPolygon","crs":{"type":"name","properties":{"name":"EPSG:6365"}},"coordinates":[[[[-98.374609674,21.072601394],[-98.375288271,21.072691495],[-98.375417017,21.072741552],[-98.375478709,21.07283666],[-98.375215852,21.072876706],[-98.374700868,21.072951791],[-98.374107099,21.073054541],[-98.373783658,21.073109034],[-98.372844779,21.073277159],[-98.372871602,21.07265145],[-98.372689211,21.07255384],[-98.372643613,21.072516297],[-98.372614109,21.072453726],[-98.372605019,21.07233963],[-98.372790378,21.072372847],[-98.373040571,21.072430657],[-98.373315308,21.072489048],[-98.373520697,21.072511292],[-98.373842561,21.072523806],[-98.374092007,21.072533818],[-98.374609674,21.072601394]]]]},"properties":{"locality":"Cuatapa","municipality":null,"official_key":"130110012","CVE_ENT":"13","CVE_MUN":"011","CVE_LOC":"0012","ambito":"RURAL","geometry_kind":"locality","source":"INEGI Gaia — Servicio vectorial del Marco Geoestadístico"}},{"type":"Feature","geometry":{"type":"MultiPolygon","crs":{"type":"name","properties":{"name":"EPSG:6365"}},"coordinates":[[[[-98.37721426,21.04168995],[-98.376713999,21.04183755],[-98.376277799,21.04197674],[-98.37593943,21.04207662],[-98.37560148,21.042174421],[-98.375650169,21.04171262],[-98.375711319,21.041132601],[-98.375714649,21.041068431],[-98.375668849,21.041078981],[-98.375410229,21.04114431],[-98.375287999,21.041120281],[-98.37524203,21.041101111],[-98.37516731,21.04102289],[-98.37511075,21.040922511],[-98.375079429,21.04085265],[-98.375072309,21.0408084],[-98.375055829,21.0402112],[-98.375071799,21.03999902],[-98.37505068,21.03978972],[-98.37498417,21.0396916],[-98.374906206,21.039651154],[-98.374758609,21.039699339],[-98.374546675,21.039858615],[-98.374589552,21.039492178],[-98.37455185,21.03946588],[-98.374649679,21.038693321],[-98.37470992,21.038217581],[-98.37496725,21.03820586],[-98.375261579,21.03822832],[-98.37532831,21.038260821],[-98.375522679,21.03839562],[-98.375613939,21.03847023],[-98.375893512,21.038645463],[-98.3759726,21.039032628],[-98.376115667,21.038999108],[-98.37621314,21.038920819],[-98.376341231,21.038881449],[-98.376932031,21.038854698],[-98.377681964,21.038932514],[-98.378232825,21.038995696],[-98.379527745,21.039318978],[-98.379426391,21.04009221],[-98.379376587,21.040725432],[-98.378376851,21.040734522],[-98.37843237,21.04131654],[-98.378467829,21.04146968],[-98.37851018,21.04157588],[-98.37875143,21.042136481],[-98.37881352,21.04226349],[-98.37895029,21.04248769],[-98.37914358,21.042770981],[-98.37852092,21.043197081],[-98.37825246,21.0433668],[-98.37772585,21.04363058],[-98.3775642,21.043678921],[-98.377485399,21.043325581],[-98.377406829,21.042881771],[-98.377329249,21.0424888],[-98.37731417,21.04241246],[-98.377295879,21.04228989],[-98.37726625,21.04209148],[-98.37721426,21.04168995]]]]},"properties":{"locality":"Huitzotlaco","municipality":null,"official_key":"130110016","CVE_ENT":"13","CVE_MUN":"011","CVE_LOC":"0016","ambito":"RURAL","geometry_kind":"locality","source":"INEGI Gaia — Servicio vectorial del Marco Geoestadístico"}},{"type":"Feature","geometry":{"type":"MultiPolygon","crs":{"type":"name","properties":{"name":"EPSG:6365"}},"coordinates":[[[[-98.423672462,21.025429506],[-98.424025456,21.026502581],[-98.423673008,21.026463253],[-98.42322561,21.026537715],[-98.423024753,21.026615733],[-98.422926287,21.026731644],[-98.422765239,21.026837629],[-98.422482717,21.026979294],[-98.422264871,21.027144156],[-98.422083381,21.027348384],[-98.421902248,21.027507266],[-98.421833768,21.027616074],[-98.421606875,21.027349658],[-98.421512628,21.02740521],[-98.421034437,21.027073775],[-98.420908674,21.027015234],[-98.420713777,21.027042905],[-98.420596851,21.026916659],[-98.420700485,21.026837072],[-98.42083506,21.026773863],[-98.420972104,21.026664384],[-98.421153276,21.02657084],[-98.421280806,21.026529869],[-98.42155909,21.026407197],[-98.422002072,21.026138879],[-98.422376422,21.025983447],[-98.423327326,21.025522879],[-98.423672462,21.025429506]]]]},"properties":{"locality":"Ixtacuatitla","municipality":null,"official_key":"130110017","CVE_ENT":"13","CVE_MUN":"011","CVE_LOC":"0017","ambito":"RURAL","geometry_kind":"locality","source":"INEGI Gaia — Servicio vectorial del Marco Geoestadístico"}},{"type":"Feature","geometry":{"type":"MultiPolygon","crs":{"type":"name","properties":{"name":"EPSG:6365"}},"coordinates":[[[[-98.389355679,21.062173745],[-98.389275592,21.062149067],[-98.389211409,21.062111699],[-98.389171271,21.06206298],[-98.389129746,21.061958522],[-98.389224317,21.061963864],[-98.389293061,21.061949014],[-98.38934889,21.06189403],[-98.389392897,21.061808969],[-98.389428313,21.061713876],[-98.389456748,21.06165882],[-98.389479015,21.061626285],[-98.389527697,21.061584988],[-98.38957886,21.061574353],[-98.389644676,21.061571536],[-98.389696358,21.061567626],[-98.389746341,21.06154815],[-98.389776695,21.061525897],[-98.38979992,21.061487236],[-98.389728384,21.061342754],[-98.389571613,21.061088629],[-98.389436032,21.060830234],[-98.389408476,21.060739832],[-98.389418469,21.060669456],[-98.389443239,21.060608588],[-98.389500085,21.060571176],[-98.389550687,21.060555859],[-98.389659136,21.060575736],[-98.389788463,21.060588177],[-98.389887997,21.060584385],[-98.389964584,21.060557459],[-98.390032383,21.060498942],[-98.389987528,21.060455442],[-98.389964096,21.060365982],[-98.389936287,21.060273695],[-98.389919207,21.060176403],[-98.389912329,21.06010005],[-98.389892795,21.060036845],[-98.389824021,21.059935156],[-98.389746718,21.059771673],[-98.389841077,21.059670769],[-98.389932769,21.059626413],[-98.390008371,21.059587062],[-98.389751874,21.059268068],[-98.389743139,21.059230814],[-98.389757855,21.059133779],[-98.389830874,21.058989265],[-98.389956338,21.058840453],[-98.3901036,21.058715655],[-98.390254033,21.058666167],[-98.390584174,21.058774372],[-98.390686556,21.0588406],[-98.390725025,21.058877938],[-98.390803694,21.058996387],[-98.390835381,21.059097103],[-98.390848744,21.059229819],[-98.390843587,21.059413573],[-98.390841384,21.059604187],[-98.39084981,21.059793747],[-98.3908471,21.059901366],[-98.390830493,21.060038243],[-98.390796506,21.060100336],[-98.390761811,21.060144238],[-98.390722036,21.060208479],[-98.390654298,21.060317813],[-98.390580575,21.060574169],[-98.390575354,21.06072048],[-98.390578052,21.060952667],[-98.390568372,21.061129837],[-98.390504658,21.061226384],[-98.390411882,21.061359346],[-98.390326594,21.061481668],[-98.390204261,21.061716891],[-98.390130415,21.061795041],[-98.389985557,21.061892374],[-98.389897226,21.061930175],[-98.389806599,21.061985762],[-98.389710021,21.062058047],[-98.389618672,21.062128183],[-98.389523191,21.062173104],[-98.389440741,21.062181233],[-98.389355679,21.062173745]]]]},"properties":{"locality":"Ixtacuayo","municipality":null,"official_key":"130110018","CVE_ENT":"13","CVE_MUN":"011","CVE_LOC":"0018","ambito":"RURAL","geometry_kind":"locality","source":"INEGI Gaia — Servicio vectorial del Marco Geoestadístico"}},{"type":"Feature","geometry":{"type":"MultiPolygon","crs":{"type":"name","properties":{"name":"EPSG:6365"}},"coordinates":[[[[-98.392701174,21.015347481],[-98.392637333,21.015178367],[-98.392614078,21.014970566],[-98.392557562,21.014813445],[-98.392520675,21.014740132],[-98.392340094,21.01453448],[-98.392624844,21.014244004],[-98.392710561,21.014303492],[-98.392872378,21.01435168],[-98.392962179,21.014366665],[-98.393067793,21.014360022],[-98.393282995,21.014342791],[-98.393357179,21.014158846],[-98.39353532,21.013696285],[-98.393812963,21.013584636],[-98.394067742,21.013467335],[-98.394318044,21.01342411],[-98.394514296,21.013479973],[-98.394674094,21.013506247],[-98.394829513,21.013508444],[-98.394950804,21.013474019],[-98.395160769,21.013426009],[-98.395275531,21.01342881],[-98.395464362,21.01345804],[-98.395722931,21.013309497],[-98.395707281,21.013491384],[-98.395775091,21.013538829],[-98.395904192,21.01358765],[-98.396098008,21.013657662],[-98.39631904,21.013655723],[-98.39656412,21.01363277],[-98.396774724,21.013716597],[-98.397034904,21.013917315],[-98.397158205,21.014256653],[-98.397060498,21.014249024],[-98.397103608,21.014305241],[-98.397192509,21.014487781],[-98.397214742,21.014747703],[-98.397248478,21.01472422],[-98.397336069,21.014635937],[-98.397453052,21.014437674],[-98.397509684,21.014408419],[-98.397585399,21.014437541],[-98.39765843,21.014529661],[-98.397721459,21.014653601],[-98.397806999,21.014807481],[-98.39789269,21.01490269],[-98.397985397,21.015007043],[-98.397992795,21.015116591],[-98.397973369,21.015276216],[-98.397918545,21.015502987],[-98.397830942,21.015602668],[-98.397724777,21.0156528],[-98.397524017,21.015701463],[-98.397419702,21.015739861],[-98.397359979,21.01577639],[-98.397296672,21.01585599],[-98.397089751,21.015921601],[-98.396939446,21.015872459],[-98.396899861,21.015830516],[-98.39682173,21.015731926],[-98.396784007,21.015801561],[-98.396755757,21.015835127],[-98.396840159,21.015987623],[-98.396773065,21.016058756],[-98.3966939,21.016137398],[-98.396664718,21.016199558],[-98.396628832,21.016241688],[-98.39654455,21.016327546],[-98.396436128,21.01635331],[-98.396361442,21.016382309],[-98.396324722,21.016407754],[-98.396257986,21.016462403],[-98.396305934,21.016559792],[-98.396363444,21.016644168],[-98.396434253,21.016692981],[-98.396542613,21.016789363],[-98.396614093,21.016856954],[-98.396770531,21.016998411],[-98.39674458,21.017074769],[-98.396744917,21.017127023],[-98.396806778,21.017213242],[-98.396939632,21.017316441],[-98.397075797,21.017388071],[-98.39732895,21.017463945],[-98.397533826,21.017499761],[-98.397373568,21.017559201],[-98.397256903,21.017638022],[-98.39710672,21.017690507],[-98.397002155,21.017740393],[-98.396857399,21.01781513],[-98.396750276,21.017844422],[-98.396611132,21.017842915],[-98.39648305,21.017824878],[-98.396348484,21.017760789],[-98.396235977,21.017733519],[-98.396162289,21.017731151],[-98.396098623,21.017727463],[-98.395993383,21.017689974],[-98.395908132,21.017667354],[-98.395824221,21.017667266],[-98.395739659,21.017683656],[-98.39558924,21.017731577],[-98.395458382,21.017780029],[-98.395368892,21.0178678],[-98.39533648,21.01792222],[-98.395324183,21.017974138],[-98.395342505,21.018032904],[-98.39537692,21.018075397],[-98.395419384,21.018094102],[-98.395482849,21.018105852],[-98.395526201,21.018128867],[-98.395554563,21.018168013],[-98.395558786,21.018224685],[-98.395544832,21.018293639],[-98.395503513,21.01834016],[-98.395437762,21.01837345],[-98.395297536,21.018387739],[-98.3950983,21.018397022],[-98.394767923,21.01840007],[-98.394485688,21.018402744],[-98.394418119,21.018412212],[-98.394386759,21.01842794],[-98.39436657,21.01845418],[-98.394359794,21.018484175],[-98.394372925,21.018550443],[-98.394432821,21.018671976],[-98.394476624,21.018788504],[-98.394534725,21.018957713],[-98.394526206,21.019057024],[-98.394517214,21.019127956],[-98.394519346,21.019165913],[-98.39453568,21.019223051],[-98.394599194,21.019298517],[-98.394622948,21.019339615],[-98.394630607,21.019386974],[-98.39461532,21.019433454],[-98.394586995,21.01945576],[-98.394562106,21.019464409],[-98.394537214,21.019463043],[-98.39434446,21.019371072],[-98.394230814,21.019307101],[-98.394193629,21.019275651],[-98.393974145,21.018909659],[-98.393774103,21.018592053],[-98.39371756,21.018544851],[-98.393627488,21.018311119],[-98.393591063,21.018147493],[-98.393536197,21.018016814],[-98.393400064,21.01788047],[-98.393315058,21.017763549],[-98.393302185,21.017641335],[-98.393279924,21.017537899],[-98.393232006,21.017412377],[-98.393215259,21.017368507],[-98.393139401,21.017221297],[-98.392972761,21.016851764],[-98.392887962,21.016727981],[-98.392812323,21.016631417],[-98.39272606,21.016604819],[-98.392600627,21.016555728],[-98.392469427,21.016476446],[-98.392336797,21.016399755],[-98.392199614,21.016308779],[-98.392050927,21.016191073],[-98.391919132,21.016028849],[-98.391837826,21.015897108],[-98.391731739,21.015757739],[-98.391623812,21.015669722],[-98.391516092,21.015608084],[-98.39138155,21.015576492],[-98.391454685,21.015465859],[-98.391565369,21.015437851],[-98.391845748,21.01524663],[-98.39204709,21.01517466],[-98.392222728,21.015350872],[-98.392272304,21.015449466],[-98.392510926,21.015391268],[-98.392701174,21.015347481]]]]},"properties":{"locality":"Itzócal","municipality":null,"official_key":"130110019","CVE_ENT":"13","CVE_MUN":"011","CVE_LOC":"0019","ambito":"RURAL","geometry_kind":"locality","source":"INEGI Gaia — Servicio vectorial del Marco Geoestadístico"}},{"type":"Feature","geometry":{"type":"MultiPolygon","crs":{"type":"name","properties":{"name":"EPSG:6365"}},"coordinates":[[[[-98.401295466,21.038828909],[-98.40125045,21.03882909],[-98.40120888,21.038860751],[-98.401162219,21.038904171],[-98.401135879,21.03892518],[-98.401116549,21.038849821],[-98.401113599,21.038697551],[-98.401118279,21.038567181],[-98.40101311,21.03855511],[-98.401018979,21.03819688],[-98.401004059,21.03814502],[-98.40089323,21.037914081],[-98.40085997,21.037783001],[-98.400854749,21.03770412],[-98.400944029,21.037462661],[-98.401054849,21.03729589],[-98.401241689,21.037097],[-98.40140702,21.03689111],[-98.401738349,21.03661698],[-98.40191394,21.036604941],[-98.40205794,21.03658892],[-98.402266549,21.03659688],[-98.40230569,21.03660805],[-98.40229269,21.03663278],[-98.402123879,21.03686171],[-98.40203142,21.036856051],[-98.401950139,21.03689712],[-98.40183588,21.037003481],[-98.40170352,21.03713635],[-98.401600689,21.03724537],[-98.401511049,21.037408291],[-98.401464179,21.037506651],[-98.401464169,21.03752742],[-98.40150775,21.03754275],[-98.401694779,21.037600511],[-98.401721579,21.037626431],[-98.40172963,21.037651691],[-98.401723369,21.037800491],[-98.401724819,21.03792337],[-98.401721649,21.0380602],[-98.40170797,21.038229601],[-98.40172763,21.038299401],[-98.40168949,21.03863765],[-98.40163458,21.038900651],[-98.40172492,21.03894328],[-98.4017676,21.03897634],[-98.40181782,21.039071861],[-98.4018687,21.039225823],[-98.40187355,21.039279386],[-98.401875751,21.039331146],[-98.401865665,21.039427999],[-98.401858513,21.039493019],[-98.401825323,21.039536654],[-98.401726892,21.039453347],[-98.40166538,21.0393833],[-98.40154831,21.03926323],[-98.40143211,21.039150814],[-98.401417063,21.039127008],[-98.40139531,21.039085678],[-98.401383989,21.039008025],[-98.401380022,21.038959628],[-98.401367672,21.038907526],[-98.401341329,21.038855017],[-98.401295466,21.038828909]]]]},"properties":{"locality":"El Mirador","municipality":null,"official_key":"130110020","CVE_ENT":"13","CVE_MUN":"011","CVE_LOC":"0020","ambito":"RURAL","geometry_kind":"locality","source":"INEGI Gaia — Servicio vectorial del Marco Geoestadístico"}},{"type":"Feature","geometry":{"type":"MultiPolygon","crs":{"type":"name","properties":{"name":"EPSG:6365"}},"coordinates":[[[[-98.403007849,21.033917814],[-98.402958609,21.0336549],[-98.402934641,21.033537524],[-98.402932499,21.033395049],[-98.402904624,21.033189831],[-98.402891279,21.033058616],[-98.402880021,21.032927933],[-98.402926978,21.032782532],[-98.402947479,21.032660758],[-98.403012093,21.032450446],[-98.403046419,21.032236941],[-98.403062315,21.032153223],[-98.403073489,21.031875229],[-98.403058677,21.031792709],[-98.403101899,21.031709679],[-98.403447373,21.031854357],[-98.403541081,21.031741725],[-98.403826896,21.031539215],[-98.404136851,21.031301655],[-98.404287378,21.031327258],[-98.404408907,21.031536568],[-98.404417008,21.031654098],[-98.404416509,21.031839484],[-98.404412753,21.032005877],[-98.404359034,21.032084972],[-98.404263312,21.032168211],[-98.404281682,21.032556234],[-98.404272819,21.032804386],[-98.404264015,21.03292835],[-98.404232413,21.03311747],[-98.404150732,21.033300464],[-98.404114215,21.033434489],[-98.404047936,21.033622885],[-98.40402728,21.033912462],[-98.404068292,21.034199988],[-98.403617279,21.034214938],[-98.403286065,21.034186495],[-98.40309612,21.034181878],[-98.40303403,21.034074851],[-98.403029907,21.034016188],[-98.403007849,21.033917814]]]]},"properties":{"locality":"Oxpantla","municipality":null,"official_key":"130110021","CVE_ENT":"13","CVE_MUN":"011","CVE_LOC":"0021","ambito":"RURAL","geometry_kind":"locality","source":"INEGI Gaia — Servicio vectorial del Marco Geoestadístico"}},{"type":"Feature","geometry":{"type":"MultiPolygon","crs":{"type":"name","properties":{"name":"EPSG:6365"}},"coordinates":[[[[-98.355336433,20.977160425],[-98.355218776,20.977105384],[-98.355125618,20.977123026],[-98.355038545,20.977200885],[-98.355016798,20.977312192],[-98.355032602,20.9776489],[-98.354970223,20.977748829],[-98.35485962,20.977851249],[-98.35429077,20.97789816],[-98.354186258,20.977900886],[-98.354055512,20.97795187],[-98.353917721,20.978152672],[-98.35372092,20.978518764],[-98.353611181,20.978571193],[-98.353503805,20.978562441],[-98.353466166,20.97854367],[-98.353413486,20.978444993],[-98.353398357,20.978211076],[-98.353466646,20.978023901],[-98.353594666,20.977817615],[-98.353827294,20.977744062],[-98.354066345,20.977678937],[-98.35422618,20.977588762],[-98.354268836,20.977466476],[-98.354064727,20.977151348],[-98.354014486,20.977030561],[-98.353988386,20.976902261],[-98.354000556,20.976710776],[-98.354119746,20.9765303],[-98.354281849,20.976289717],[-98.35426835,20.976207202],[-98.354225051,20.976104614],[-98.354334236,20.975619271],[-98.35433028,20.97549956],[-98.353844913,20.975260476],[-98.353024855,20.974600223],[-98.352947599,20.974511262],[-98.352948089,20.974218997],[-98.352836729,20.974204719],[-98.352736792,20.974197581],[-98.352622577,20.974194727],[-98.352476955,20.974233345],[-98.352372042,20.974286968],[-98.352107491,20.974391916],[-98.351315828,20.974647421],[-98.350810655,20.974694654],[-98.350494788,20.974699688],[-98.350209471,20.974681829],[-98.350662067,20.97377373],[-98.351177296,20.973907184],[-98.351429601,20.97349439],[-98.352116921,20.973966545],[-98.352383125,20.974103194],[-98.352572703,20.974115579],[-98.35293303,20.974026603],[-98.353027819,20.974015263],[-98.353231445,20.97388023],[-98.3535158,20.973683064],[-98.353628587,20.973537923],[-98.354108711,20.973747407],[-98.35433913,20.973839128],[-98.354592608,20.973900998],[-98.354791741,20.973889083],[-98.354862554,20.973847424],[-98.354967343,20.973850431],[-98.354999411,20.973888148],[-98.355575766,20.973850071],[-98.355999947,20.973914699],[-98.356581838,20.973927199],[-98.35658321,20.973983779],[-98.356558968,20.974263254],[-98.356446214,20.974457574],[-98.35621534,20.974530652],[-98.356268576,20.974576624],[-98.35685358,20.974499724],[-98.356837773,20.974548047],[-98.356736416,20.974674747],[-98.356657088,20.974737805],[-98.356525253,20.974873943],[-98.356365383,20.974914045],[-98.356350354,20.974949141],[-98.356333708,20.975029349],[-98.35638088,20.975089589],[-98.356475224,20.975084842],[-98.356588811,20.975150483],[-98.356767704,20.975577292],[-98.356969923,20.975709624],[-98.357122232,20.975473395],[-98.357169359,20.975376606],[-98.357129502,20.975107892],[-98.357065883,20.974961161],[-98.357003018,20.974848024],[-98.356952387,20.974646793],[-98.35695508,20.97443666],[-98.35700868,20.974402261],[-98.35707751,20.974385081],[-98.35714189,20.97439731],[-98.357165849,20.97441675],[-98.35718968,20.974448431],[-98.357200109,20.974470631],[-98.357217249,20.974485681],[-98.357235449,20.974485491],[-98.35725065,20.974475491],[-98.35728025,20.97446217],[-98.357508405,20.974549473],[-98.357458681,20.974475999],[-98.357473331,20.974237229],[-98.357685018,20.97434073],[-98.357985049,20.973981055],[-98.357997314,20.973958813],[-98.357967735,20.973916116],[-98.357951568,20.973830842],[-98.357907549,20.973664496],[-98.357938874,20.973515119],[-98.357911101,20.973358232],[-98.357857846,20.9732394],[-98.357834098,20.973110551],[-98.357866676,20.973081882],[-98.358002352,20.973002269],[-98.358090559,20.972960354],[-98.358131897,20.97293509],[-98.35789226,20.972667107],[-98.357851974,20.972449412],[-98.3577795,20.972269287],[-98.357860237,20.972016013],[-98.357999831,20.971725661],[-98.358049545,20.971576424],[-98.358123402,20.97142468],[-98.358260091,20.971368412],[-98.358375323,20.97134971],[-98.358573598,20.971397462],[-98.358690718,20.971497764],[-98.358762239,20.971655669],[-98.358865733,20.971802988],[-98.358991296,20.972009682],[-98.359061643,20.972231851],[-98.359178194,20.972402622],[-98.359294745,20.97252831],[-98.359365911,20.972720051],[-98.359437077,20.972856695],[-98.35950911,20.972984261],[-98.359575949,20.973083721],[-98.359584883,20.973231932],[-98.359409577,20.973199131],[-98.359231843,20.973210459],[-98.359058449,20.973273467],[-98.358909368,20.973371155],[-98.358820684,20.973483759],[-98.358780231,20.973599678],[-98.358922167,20.973795742],[-98.359103464,20.973906612],[-98.359316726,20.973979538],[-98.359316285,20.974353838],[-98.359149396,20.974632407],[-98.358971776,20.974996127],[-98.358938751,20.97508819],[-98.358996923,20.975425692],[-98.358955013,20.975664914],[-98.358784869,20.975851322],[-98.358523531,20.975950073],[-98.358386628,20.975916636],[-98.358183194,20.975838306],[-98.358146869,20.975820151],[-98.358130795,20.975829214],[-98.358008257,20.975964361],[-98.357893839,20.976082893],[-98.357759241,20.976191338],[-98.357748927,20.976199998],[-98.357560423,20.976358282],[-98.357389003,20.976541695],[-98.357116185,20.976825212],[-98.357017326,20.976869297],[-98.356672844,20.976887363],[-98.356404675,20.976842529],[-98.35617674,20.976915401],[-98.356016064,20.977001177],[-98.355791012,20.977159582],[-98.355555684,20.977540753],[-98.355532825,20.97772659],[-98.355380504,20.978040963],[-98.355410952,20.978255535],[-98.355390612,20.978432351],[-98.355348585,20.978538291],[-98.35498469,20.978741902],[-98.354932818,20.978653251],[-98.355075354,20.978583802],[-98.35516156,20.97851936],[-98.355221386,20.978446157],[-98.355253824,20.978318009],[-98.35523394,20.978025722],[-98.355313922,20.977691673],[-98.355319979,20.977363228],[-98.355336433,20.977160425]]]]},"properties":{"locality":"Pahactla","municipality":null,"official_key":"130110022","CVE_ENT":"13","CVE_MUN":"011","CVE_LOC":"0022","ambito":"RURAL","geometry_kind":"locality","source":"INEGI Gaia — Servicio vectorial del Marco Geoestadístico"}},{"type":"Feature","geometry":{"type":"MultiPolygon","crs":{"type":"name","properties":{"name":"EPSG:6365"}},"coordinates":[[[[-98.372167194,21.04598521],[-98.372184965,21.045891369],[-98.37235329,21.04553194],[-98.372213939,21.045467521],[-98.372037035,21.045410612],[-98.371898224,21.045363633],[-98.371782227,21.04526536],[-98.371721267,21.045183114],[-98.371708107,21.045097752],[-98.371737694,21.044998062],[-98.37185346,21.044800501],[-98.372098938,21.044914875],[-98.372371239,21.045014228],[-98.372553741,21.045060231],[-98.372651602,21.045106419],[-98.372697849,21.04508195],[-98.372745113,21.04507222],[-98.372736558,21.044969725],[-98.372746779,21.04488225],[-98.372898619,21.044729075],[-98.37316064,21.044572365],[-98.373320395,21.044476817],[-98.373637465,21.04433966],[-98.37374615,21.044619676],[-98.373828203,21.04477321],[-98.373737337,21.045236426],[-98.373711177,21.045239002],[-98.37367664,21.045345429],[-98.3736701,21.045413662],[-98.373679653,21.045471881],[-98.373704898,21.045509666],[-98.373722098,21.045587504],[-98.373776232,21.045734407],[-98.373839056,21.045859834],[-98.373850027,21.046034341],[-98.373790764,21.046109703],[-98.373691394,21.046242508],[-98.373607207,21.046368722],[-98.373525756,21.046474945],[-98.373047782,21.04634298],[-98.372996582,21.046340158],[-98.372934656,21.046352357],[-98.372435826,21.046488823],[-98.372167194,21.04598521]]]]},"properties":{"locality":"Palo Gordo","municipality":null,"official_key":"130110023","CVE_ENT":"13","CVE_MUN":"011","CVE_LOC":"0023","ambito":"RURAL","geometry_kind":"locality","source":"INEGI Gaia — Servicio vectorial del Marco Geoestadístico"}},{"type":"Feature","geometry":{"type":"MultiPolygon","crs":{"type":"name","properties":{"name":"EPSG:6365"}},"coordinates":[[[[-98.342926774,21.052303479],[-98.342851671,21.051928003],[-98.342749747,21.051517479],[-98.342610272,21.05107191],[-98.342519078,21.05055625],[-98.344155226,21.05073648],[-98.344235692,21.05048616],[-98.344892833,21.050686417],[-98.34563044,21.050851629],[-98.345426592,21.051262152],[-98.345268342,21.051627619],[-98.344498547,21.051459905],[-98.344391259,21.051890454],[-98.343975516,21.051817862],[-98.343937967,21.052045652],[-98.343889686,21.052378575],[-98.343422983,21.05235104],[-98.342926774,21.052303479]]]]},"properties":{"locality":"La Providencia","municipality":null,"official_key":"130110027","CVE_ENT":"13","CVE_MUN":"011","CVE_LOC":"0027","ambito":"RURAL","geometry_kind":"locality","source":"INEGI Gaia — Servicio vectorial del Marco Geoestadístico"}},{"type":"Feature","geometry":{"type":"MultiPolygon","crs":{"type":"name","properties":{"name":"EPSG:6365"}},"coordinates":[[[[-98.428937355,21.019920502],[-98.429074014,21.020060247],[-98.429228104,21.020176208],[-98.429470575,21.019879845],[-98.429634853,21.019758759],[-98.429802993,21.019946546],[-98.429936405,21.019820124],[-98.429954158,21.019827017],[-98.430095295,21.019728753],[-98.430816017,21.019166525],[-98.430976023,21.018988766],[-98.431062164,21.018839409],[-98.431193731,21.01868603],[-98.432025889,21.018036941],[-98.432176037,21.01792483],[-98.432329758,21.017747525],[-98.432459875,21.017535294],[-98.432743105,21.017793229],[-98.433406611,21.017913542],[-98.433907459,21.017930168],[-98.433928946,21.018004741],[-98.434006759,21.018299645],[-98.433989259,21.018410784],[-98.433966394,21.018516913],[-98.433876857,21.018604683],[-98.433767204,21.018669921],[-98.433539008,21.018708331],[-98.433380549,21.018722955],[-98.433311287,21.018898224],[-98.433124608,21.019111556],[-98.433033203,21.019154881],[-98.43290693,21.019304613],[-98.432827112,21.019407786],[-98.432841284,21.019503701],[-98.432872512,21.019584207],[-98.432866667,21.019697693],[-98.432853977,21.019787125],[-98.432761029,21.020071651],[-98.43274172,21.020124341],[-98.432632059,21.02028406],[-98.432520289,21.0204686],[-98.43243145,21.020664111],[-98.432347753,21.020779843],[-98.432284446,21.020846471],[-98.432177692,21.020909829],[-98.432039826,21.020977812],[-98.431946214,21.021038284],[-98.431772334,21.021111295],[-98.431625043,21.021061423],[-98.431503119,21.021046502],[-98.431574926,21.021095374],[-98.431636311,21.021164879],[-98.431687119,21.021254711],[-98.431704399,21.021364574],[-98.431705282,21.021449221],[-98.431686069,21.021514904],[-98.431591098,21.021593071],[-98.431456546,21.021682857],[-98.431081115,21.021806722],[-98.430638761,21.021880758],[-98.430307815,21.021939341],[-98.430012178,21.022023116],[-98.42980937,21.022070973],[-98.429626742,21.022116935],[-98.429503279,21.022186345],[-98.429399616,21.022257459],[-98.429281378,21.02235418],[-98.429173869,21.022122917],[-98.429100359,21.021897705],[-98.428995689,21.021631141],[-98.428918244,21.021576766],[-98.428828196,21.02134159],[-98.428751559,21.0213668],[-98.42848645,21.020977664],[-98.428557024,21.020956112],[-98.428437651,21.020802047],[-98.428291457,21.020569111],[-98.428194869,21.020438741],[-98.428126268,21.020295483],[-98.428571231,21.02005982],[-98.428714355,21.020044413],[-98.428937355,21.019920502]]]]},"properties":{"locality":"San Isidro","municipality":null,"official_key":"130110029","CVE_ENT":"13","CVE_MUN":"011","CVE_LOC":"0029","ambito":"RURAL","geometry_kind":"locality","source":"INEGI Gaia — Servicio vectorial del Marco Geoestadístico"}},{"type":"Feature","geometry":{"type":"MultiPolygon","crs":{"type":"name","properties":{"name":"EPSG:6365"}},"coordinates":[[[[-98.32667692,21.080477751],[-98.32649248,21.080355251],[-98.326614799,21.080186],[-98.32677254,21.07996352],[-98.32719392,21.08021069],[-98.327730059,21.08052622],[-98.32777788,21.08038492],[-98.327900532,21.080015676],[-98.327888932,21.079958461],[-98.327995349,21.079691018],[-98.32808212,21.079509013],[-98.328143007,21.079435319],[-98.328195045,21.079393048],[-98.328245475,21.079373576],[-98.328319516,21.079379679],[-98.328487381,21.079466555],[-98.328599798,21.079537129],[-98.328535126,21.079828193],[-98.328493028,21.080047957],[-98.328534473,21.080062261],[-98.329036812,21.08025236],[-98.328949353,21.080618951],[-98.328873964,21.080761552],[-98.328648084,21.080676351],[-98.328397009,21.080558671],[-98.328322963,21.080493547],[-98.328276503,21.080436462],[-98.328199199,21.08045571],[-98.327976749,21.0805458],[-98.32784034,21.08060425],[-98.327724689,21.0806898],[-98.32756854,21.080793551],[-98.327445229,21.08090235],[-98.327405519,21.080939281],[-98.326896879,21.080617081],[-98.32667692,21.080477751]]]]},"properties":{"locality":"Los Naranjos","municipality":null,"official_key":"130110030","CVE_ENT":"13","CVE_MUN":"011","CVE_LOC":"0030","ambito":"RURAL","geometry_kind":"locality","source":"INEGI Gaia — Servicio vectorial del Marco Geoestadístico"}},{"type":"Feature","geometry":{"type":"MultiPolygon","crs":{"type":"name","properties":{"name":"EPSG:6365"}},"coordinates":[[[[-98.360001495,20.979975463],[-98.360106938,20.979860913],[-98.360250855,20.979762314],[-98.360338448,20.97972883],[-98.360500881,20.979680416],[-98.360720363,20.979625927],[-98.360872791,20.97961902],[-98.361097591,20.979762027],[-98.361075495,20.979910801],[-98.360913926,20.980252411],[-98.360844524,20.980358342],[-98.360729523,20.980441735],[-98.360626793,20.980501306],[-98.360538357,20.980574079],[-98.360420417,20.980704454],[-98.360358881,20.980855008],[-98.360389039,20.980931983],[-98.360462465,20.98095946],[-98.360541256,20.980954379],[-98.360694647,20.980891996],[-98.360841079,20.980800698],[-98.361057249,20.980636775],[-98.361473245,20.980328106],[-98.361895154,20.979993822],[-98.3617063,20.98029632],[-98.361472157,20.980616028],[-98.361184746,20.980920837],[-98.360853021,20.98133121],[-98.36079101,20.981576827],[-98.360709528,20.981795152],[-98.360546832,20.982025908],[-98.360409406,20.982220517],[-98.360291409,20.982359225],[-98.360086258,20.982617232],[-98.359953807,20.982815412],[-98.359816917,20.982955846],[-98.359585948,20.983226791],[-98.359240045,20.983597277],[-98.359129347,20.983846633],[-98.359059293,20.983942244],[-98.358978509,20.983997787],[-98.358750332,20.983896472],[-98.358566493,20.983840479],[-98.358313194,20.983802442],[-98.358110568,20.983771985],[-98.35804752,20.983750229],[-98.35793016,20.983690722],[-98.357842516,20.983628956],[-98.35773432,20.983512926],[-98.357593938,20.983512094],[-98.357487743,20.983491915],[-98.357333267,20.983436673],[-98.357212889,20.983333381],[-98.357101047,20.983175091],[-98.35690543,20.98298632],[-98.357042508,20.982878483],[-98.357213841,20.982723348],[-98.357213512,20.982595758],[-98.35722988,20.982410744],[-98.357246127,20.982307116],[-98.357275708,20.982230255],[-98.357329428,20.98216592],[-98.357422822,20.982101784],[-98.35748822,20.982057735],[-98.357545819,20.982034645],[-98.357713329,20.981988454],[-98.357875475,20.981942262],[-98.357958369,20.981909985],[-98.357754008,20.981910542],[-98.357264824,20.981801464],[-98.35714476,20.981753607],[-98.357001194,20.981584011],[-98.356962234,20.981454488],[-98.356953915,20.981337085],[-98.357004331,20.98117491],[-98.357093641,20.980956385],[-98.357241959,20.980710312],[-98.357400712,20.980514897],[-98.357756524,20.980721803],[-98.357839673,20.980625701],[-98.357931434,20.980570021],[-98.358044652,20.9805469],[-98.358218573,20.980552526],[-98.358365669,20.980550639],[-98.358512088,20.980519125],[-98.358617485,20.980470813],[-98.358704106,20.980379924],[-98.358772731,20.98024493],[-98.358825262,20.980129968],[-98.358796213,20.980010239],[-98.358878291,20.979859983],[-98.359143315,20.979601304],[-98.359308806,20.979762746],[-98.359417968,20.979876605],[-98.35953943,20.979931943],[-98.359745539,20.980233591],[-98.360001495,20.979975463]]]]},"properties":{"locality":"Santo Tomás","municipality":null,"official_key":"130110031","CVE_ENT":"13","CVE_MUN":"011","CVE_LOC":"0031","ambito":"RURAL","geometry_kind":"locality","source":"INEGI Gaia — Servicio vectorial del Marco Geoestadístico"}},{"type":"Feature","geometry":{"type":"MultiPolygon","crs":{"type":"name","properties":{"name":"EPSG:6365"}},"coordinates":[[[[-98.337896795,20.943705033],[-98.337802471,20.94371693],[-98.337738047,20.943730732],[-98.337669203,20.943780945],[-98.337635517,20.943816634],[-98.337604922,20.943912004],[-98.337606246,20.943984307],[-98.337551442,20.944138588],[-98.337440772,20.944429836],[-98.337384545,20.944523574],[-98.337192958,20.944801354],[-98.337110326,20.944907425],[-98.337089164,20.944989039],[-98.337086951,20.945140393],[-98.337091912,20.945454181],[-98.33701985,20.94568638],[-98.336945486,20.945870831],[-98.336888634,20.945929351],[-98.336807193,20.945995701],[-98.336052577,20.946334769],[-98.336050294,20.94633574],[-98.335974707,20.946429631],[-98.335949025,20.946533693],[-98.335917565,20.946656598],[-98.335748406,20.947157977],[-98.335647019,20.947329611],[-98.335085587,20.947108431],[-98.334961352,20.947054826],[-98.335575324,20.94615884],[-98.335683274,20.945995252],[-98.335687863,20.945974036],[-98.335721413,20.945868228],[-98.336027195,20.945057248],[-98.336104868,20.944851651],[-98.336101366,20.944811227],[-98.33632238,20.94438316],[-98.335975412,20.9441278],[-98.335803992,20.943791414],[-98.335803649,20.943770705],[-98.336398875,20.943668973],[-98.336723353,20.943615488],[-98.336690839,20.943472447],[-98.336663506,20.943374613],[-98.336638365,20.943154745],[-98.336624511,20.94301589],[-98.336583394,20.942986702],[-98.336469134,20.942961927],[-98.336368758,20.942940307],[-98.33631399,20.942792521],[-98.336270689,20.942693035],[-98.336222968,20.942615051],[-98.336160312,20.942522303],[-98.336170628,20.942518949],[-98.336272368,20.942443353],[-98.336427057,20.942347418],[-98.336593699,20.94223496],[-98.336657064,20.942207667],[-98.33670894,20.942118339],[-98.336854651,20.941835616],[-98.336931656,20.941673224],[-98.337013213,20.941418736],[-98.337058301,20.941189306],[-98.337058562,20.941179707],[-98.337299979,20.941212394],[-98.337623229,20.941324861],[-98.337623165,20.941057831],[-98.337642328,20.940917101],[-98.337681279,20.940875776],[-98.337713918,20.940841021],[-98.337719539,20.940617263],[-98.338196662,20.940168648],[-98.338568195,20.939862047],[-98.338560119,20.93968897],[-98.338748354,20.93956238],[-98.338918377,20.939456966],[-98.339122683,20.939625929],[-98.339190261,20.939673933],[-98.339241538,20.939743356],[-98.339270464,20.939769983],[-98.339339321,20.939643892],[-98.339424636,20.939551813],[-98.339629242,20.939358865],[-98.339714429,20.939309041],[-98.339845439,20.939266081],[-98.339887431,20.939263247],[-98.339971199,20.93915288],[-98.339850623,20.939037614],[-98.339826436,20.938987091],[-98.339851292,20.938937742],[-98.339906694,20.938892969],[-98.34013525,20.938759182],[-98.340260366,20.938744894],[-98.340398438,20.938832365],[-98.340328235,20.938899775],[-98.341068096,20.939284901],[-98.34128801,20.939422238],[-98.340804118,20.939726389],[-98.340897545,20.939789789],[-98.340898788,20.939894511],[-98.340876965,20.939953374],[-98.34075131,20.940205048],[-98.34062102,20.940334468],[-98.340581979,20.940492008],[-98.340562237,20.940578938],[-98.34059717,20.940873678],[-98.340531945,20.941129519],[-98.340455448,20.941348593],[-98.340317886,20.941563406],[-98.340131139,20.941732687],[-98.339962149,20.942044628],[-98.339933672,20.942264854],[-98.33999826,20.942559345],[-98.339727442,20.942630392],[-98.339656223,20.942773883],[-98.339563024,20.942892666],[-98.339365149,20.943101144],[-98.339277207,20.94318023],[-98.339030399,20.943384563],[-98.338883908,20.943470373],[-98.338719418,20.943541344],[-98.338515782,20.943585442],[-98.338271917,20.943657004],[-98.337896795,20.943705033]]]]},"properties":{"locality":"Tecacahuaco","municipality":null,"official_key":"130110032","CVE_ENT":"13","CVE_MUN":"011","CVE_LOC":"0032","ambito":"RURAL","geometry_kind":"locality","source":"INEGI Gaia — Servicio vectorial del Marco Geoestadístico"}},{"type":"Feature","geometry":{"type":"MultiPolygon","crs":{"type":"name","properties":{"name":"EPSG:6365"}},"coordinates":[[[[-98.359778005,21.009511339],[-98.358826802,21.008472284],[-98.360253199,21.008000691],[-98.3609152,21.00766997],[-98.361114089,21.00744231],[-98.36125652,21.007184971],[-98.36144669,21.006280491],[-98.361724709,21.005155401],[-98.361768179,21.004903021],[-98.361778489,21.00479303],[-98.36183026,21.004635111],[-98.361954611,21.004474034],[-98.362138249,21.00435554],[-98.362816079,21.004099451],[-98.36313582,21.00397626],[-98.363450779,21.00389989],[-98.36465994,21.003594051],[-98.36476854,21.00359988],[-98.36461851,21.00370772],[-98.36425334,21.003908051],[-98.364126539,21.003994321],[-98.364067647,21.00404455],[-98.364127643,21.004135762],[-98.364190977,21.004129445],[-98.364377571,21.004024514],[-98.364562623,21.004004506],[-98.36471255,21.004201281],[-98.36476972,21.004248341],[-98.36485915,21.00437052],[-98.364918379,21.004546951],[-98.365017095,21.004871325],[-98.364946966,21.005003172],[-98.365051379,21.005104152],[-98.365134331,21.005099964],[-98.365256207,21.005055492],[-98.365386588,21.00498178],[-98.365462509,21.004944925],[-98.36552729,21.004986592],[-98.365570616,21.005073331],[-98.365621779,21.00530492],[-98.365625139,21.005613861],[-98.365604685,21.005978185],[-98.365648879,21.0060914],[-98.365794688,21.006367465],[-98.36582997,21.006635295],[-98.365900063,21.006830856],[-98.365894659,21.00692248],[-98.365814694,21.006914721],[-98.36537437,21.006801111],[-98.36527808,21.00678371],[-98.365175109,21.006762974],[-98.365044318,21.006759973],[-98.364814494,21.00678857],[-98.364627165,21.006808092],[-98.364423855,21.006794546],[-98.364298168,21.006782982],[-98.364184474,21.006762366],[-98.36411495,21.006729481],[-98.36407869,21.00680692],[-98.36426314,21.00689969],[-98.364404569,21.00698898],[-98.364523459,21.007068251],[-98.36463722,21.007197481],[-98.364684219,21.007268781],[-98.36471091,21.007312181],[-98.36489768,21.007550061],[-98.36504909,21.007686251],[-98.36516532,21.00779214],[-98.365274599,21.00788895],[-98.36556868,21.00811157],[-98.36579515,21.00828866],[-98.36593758,21.00850268],[-98.36586191,21.00842582],[-98.36578443,21.00840138],[-98.365646828,21.008387753],[-98.365801015,21.008692692],[-98.365514254,21.008896499],[-98.364892448,21.009394258],[-98.364791456,21.009318104],[-98.364734314,21.009250925],[-98.364652049,21.009145458],[-98.364412089,21.009290201],[-98.364381859,21.00926846],[-98.36435498,21.009223451],[-98.364286419,21.00918803],[-98.36411352,21.00919909],[-98.363950709,21.00928834],[-98.36380638,21.009438201],[-98.363623659,21.009761181],[-98.363482219,21.01001883],[-98.36332765,21.0102232],[-98.36323525,21.010266741],[-98.36311,21.010307261],[-98.3629684,21.01029402],[-98.36279537,21.01023117],[-98.362115999,21.00998975],[-98.361762979,21.00965802],[-98.36141043,21.00923578],[-98.36114407,21.008967928],[-98.359778005,21.009511339]]]]},"properties":{"locality":"Tecolotitla","municipality":null,"official_key":"130110033","CVE_ENT":"13","CVE_MUN":"011","CVE_LOC":"0033","ambito":"RURAL","geometry_kind":"locality","source":"INEGI Gaia — Servicio vectorial del Marco Geoestadístico"}},{"type":"Feature","geometry":{"type":"MultiPolygon","crs":{"type":"name","properties":{"name":"EPSG:6365"}},"coordinates":[[[[-98.346683597,21.066045938],[-98.346780679,21.066036659],[-98.346874906,21.066035944],[-98.346963423,21.066042369],[-98.347039803,21.066045938],[-98.347086917,21.066036658],[-98.347106191,21.066018813],[-98.347104763,21.065990973],[-98.347081206,21.065928869],[-98.347065501,21.06585463],[-98.347081206,21.065781818],[-98.347105477,21.065715431],[-98.347187568,21.065625487],[-98.34692559,21.065511274],[-98.347221833,21.065115093],[-98.34724235,21.065073231],[-98.347206449,21.064974541],[-98.347078689,21.064748141],[-98.346995119,21.064632121],[-98.3468824,21.06466197],[-98.346776309,21.064438771],[-98.346643599,21.064438381],[-98.346627079,21.064231341],[-98.34677048,21.06418888],[-98.34689742,21.06412082],[-98.34742462,21.063946711],[-98.348012199,21.06377205],[-98.348187169,21.063685081],[-98.348602539,21.0633952],[-98.34852886,21.06324938],[-98.348861119,21.06293926],[-98.34887942,21.06287852],[-98.348842149,21.062789231],[-98.34884522,21.06271146],[-98.34885805,21.06262766],[-98.348961199,21.06252115],[-98.34912635,21.06245345],[-98.349271889,21.062413721],[-98.34936491,21.062348631],[-98.349462579,21.062105541],[-98.34957068,21.061968581],[-98.34968822,21.062013771],[-98.349937369,21.062618151],[-98.3499736,21.062662311],[-98.35031557,21.06294654],[-98.35022365,21.06318488],[-98.349752689,21.06349232],[-98.34941948,21.063749481],[-98.349298019,21.063874831],[-98.34927486,21.063993421],[-98.349270829,21.06423645],[-98.349318319,21.06441237],[-98.34942414,21.06446883],[-98.34982072,21.064695771],[-98.34992023,21.064704001],[-98.35012503,21.064659381],[-98.35016481,21.064676016],[-98.350156386,21.064865447],[-98.350155103,21.064865786],[-98.350078804,21.064886009],[-98.349891969,21.065000511],[-98.349794909,21.065147981],[-98.349752029,21.065234231],[-98.34964952,21.06541266],[-98.3495338,21.065501321],[-98.349439029,21.065481511],[-98.349392059,21.06548055],[-98.34911006,21.065521581],[-98.349114779,21.06541746],[-98.348853119,21.065329181],[-98.348839059,21.065321541],[-98.348812978,21.065309258],[-98.348706615,21.065559101],[-98.348604537,21.065594079],[-98.348458914,21.065620491],[-98.348338276,21.065681168],[-98.34817909,21.065769684],[-98.34810485,21.065813227],[-98.348022045,21.065883184],[-98.347958513,21.065955995],[-98.34787428,21.066065213],[-98.347844299,21.066121606],[-98.347790048,21.066266514],[-98.347755783,21.066403572],[-98.347738651,21.066529208],[-98.347738651,21.066655556],[-98.347722232,21.066716232],[-98.347700104,21.066781192],[-98.347662271,21.066838299],[-98.347614443,21.066875418],[-98.347545915,21.066901117],[-98.347439552,21.06691825],[-98.347360316,21.066917536],[-98.347164724,21.0669054],[-98.346993404,21.066879701],[-98.346868483,21.066856859],[-98.3468178,21.066841154],[-98.346705013,21.066763346],[-98.346608644,21.066672688],[-98.346525125,21.066590597],[-98.346426617,21.066440691],[-98.346377361,21.066302206],[-98.346379503,21.066220829],[-98.346398062,21.066181568],[-98.34643304,21.066140165],[-98.346503711,21.066107328],[-98.34657224,21.066076633],[-98.346683597,21.066045938]]]]},"properties":{"locality":"Tenexco I","municipality":null,"official_key":"130110035","CVE_ENT":"13","CVE_MUN":"011","CVE_LOC":"0035","ambito":"RURAL","geometry_kind":"locality","source":"INEGI Gaia — Servicio vectorial del Marco Geoestadístico"}},{"type":"Feature","geometry":{"type":"MultiPolygon","crs":{"type":"name","properties":{"name":"EPSG:6365"}},"coordinates":[[[[-98.350319214,21.064603123],[-98.350431832,21.064598405],[-98.350649065,21.064606596],[-98.350820907,21.064637716],[-98.351074132,21.064733817],[-98.351298106,21.064847227],[-98.351493644,21.064947952],[-98.35215945,21.065396095],[-98.352277055,21.065434158],[-98.352628495,21.065585912],[-98.353048438,21.065750945],[-98.353527525,21.065967998],[-98.354129901,21.066190213],[-98.354164414,21.066221158],[-98.354524273,21.066385354],[-98.355061506,21.066574913],[-98.355530185,21.066726335],[-98.355303941,21.06708732],[-98.355079572,21.067034943],[-98.354933201,21.067460609],[-98.354783584,21.067843883],[-98.354776268,21.067861936],[-98.353962693,21.06763909],[-98.353765305,21.067581366],[-98.353517301,21.067497952],[-98.353173603,21.067377155],[-98.353166028,21.067390931],[-98.353052397,21.0677254],[-98.353007339,21.067783156],[-98.352948654,21.067871807],[-98.35290157,21.067957132],[-98.352712374,21.067952615],[-98.352490582,21.067875599],[-98.352451839,21.067845411],[-98.352417177,21.067824489],[-98.35234096,21.067794333],[-98.352053724,21.067617508],[-98.352099921,21.067517753],[-98.352051798,21.067499795],[-98.352004056,21.067420611],[-98.351951276,21.067385731],[-98.351914965,21.067262395],[-98.351937728,21.067177689],[-98.351821031,21.067141285],[-98.351844583,21.067074609],[-98.35183337,21.067063535],[-98.351822256,21.067048861],[-98.351758843,21.06709087],[-98.351649472,21.0671124],[-98.351517024,21.067129692],[-98.351508048,21.067429201],[-98.351507285,21.06748439],[-98.351503265,21.067538325],[-98.351542445,21.067744576],[-98.351509124,21.06775792],[-98.351296859,21.067838366],[-98.351247848,21.067929468],[-98.351229873,21.067949231],[-98.351266397,21.068270131],[-98.351027124,21.068187573],[-98.350569624,21.068076747],[-98.350632688,21.067939936],[-98.35079575,21.067738274],[-98.350917609,21.067622078],[-98.350888756,21.067604091],[-98.350503553,21.067369834],[-98.349891383,21.06714085],[-98.349920834,21.067014067],[-98.349849665,21.066996997],[-98.34965521,21.066922231],[-98.34954825,21.066790963],[-98.349558568,21.066712445],[-98.349531514,21.066615744],[-98.349537861,21.066494867],[-98.349537099,21.066485243],[-98.349615005,21.066480381],[-98.349670899,21.066419281],[-98.34969582,21.066330547],[-98.349698414,21.066197093],[-98.349724135,21.066041139],[-98.349763535,21.065961405],[-98.349813887,21.065881614],[-98.349910955,21.065849352],[-98.350161703,21.065905593],[-98.350327434,21.065945092],[-98.350321895,21.06591708],[-98.35032093,21.065674723],[-98.350309787,21.065557272],[-98.350219347,21.065420634],[-98.350150936,21.065301814],[-98.350156386,21.064865447],[-98.35016481,21.064676016],[-98.350319214,21.064603123]]]]},"properties":{"locality":"Tenexco II","municipality":null,"official_key":"130110036","CVE_ENT":"13","CVE_MUN":"011","CVE_LOC":"0036","ambito":"RURAL","geometry_kind":"locality","source":"INEGI Gaia — Servicio vectorial del Marco Geoestadístico"}},{"type":"Feature","geometry":{"type":"MultiPolygon","crs":{"type":"name","properties":{"name":"EPSG:6365"}},"coordinates":[[[[-98.381525609,20.99271556],[-98.3813937,20.992036985],[-98.380835819,20.992029882],[-98.380785122,20.991727265],[-98.380404391,20.991745828],[-98.380355106,20.991401254],[-98.380717132,20.991386831],[-98.380719744,20.991342358],[-98.381082531,20.991493268],[-98.381362171,20.99154401],[-98.381649647,20.991592497],[-98.381615924,20.991402824],[-98.381778003,20.991410982],[-98.381928693,20.991362136],[-98.382083552,20.991320492],[-98.382203539,20.9911311],[-98.382329721,20.991004212],[-98.382549782,20.990872313],[-98.38281123,20.990785064],[-98.383252389,20.990737884],[-98.383531205,20.990668564],[-98.383625053,20.990786676],[-98.383782025,20.990791477],[-98.38388411,20.990985758],[-98.383975467,20.991114928],[-98.383682874,20.991331771],[-98.383683342,20.991534838],[-98.383647349,20.99173381],[-98.383571561,20.991884383],[-98.383461012,20.992013329],[-98.383217405,20.992332035],[-98.383021735,20.992604144],[-98.382946763,20.99271063],[-98.382860942,20.992771635],[-98.38275098,20.992820118],[-98.382516242,20.992793686],[-98.382032056,20.992712166],[-98.381840445,20.99269555],[-98.381525609,20.99271556]]]]},"properties":{"locality":"Tlachapa","municipality":null,"official_key":"130110037","CVE_ENT":"13","CVE_MUN":"011","CVE_LOC":"0037","ambito":"RURAL","geometry_kind":"locality","source":"INEGI Gaia — Servicio vectorial del Marco Geoestadístico"}},{"type":"Feature","geometry":{"type":"MultiPolygon","crs":{"type":"name","properties":{"name":"EPSG:6365"}},"coordinates":[[[[-98.369920719,21.04459165],[-98.369856139,21.044598381],[-98.36979329,21.044584181],[-98.369749749,21.04455463],[-98.369693909,21.044530281],[-98.369611319,21.04451995],[-98.36953523,21.044476941],[-98.369463279,21.044457891],[-98.36938149,21.044454981],[-98.36928332,21.044431321],[-98.3692178,21.04441092],[-98.36918288,21.04445077],[-98.369176719,21.044485941],[-98.368980739,21.044442111],[-98.368761349,21.044445381],[-98.368673109,21.04436357],[-98.368546369,21.04415349],[-98.368549829,21.043962291],[-98.36858702,21.043719821],[-98.368621169,21.04365557],[-98.36859365,21.043361341],[-98.368443679,21.04317532],[-98.368387629,21.04303834],[-98.36810705,21.042748511],[-98.367908939,21.0423864],[-98.367872939,21.04237228],[-98.367846049,21.04232532],[-98.36781549,21.042133061],[-98.36786943,21.04213357],[-98.367954119,21.042140111],[-98.36799602,21.042149],[-98.368048289,21.04218195],[-98.368127379,21.042203001],[-98.368192029,21.042186521],[-98.368268739,21.04217126],[-98.368326719,21.042171481],[-98.368478369,21.042173201],[-98.368211986,21.041802431],[-98.368740913,21.041478006],[-98.369069979,21.04182706],[-98.37004135,21.042891541],[-98.370881919,21.04382628],[-98.370930319,21.043917021],[-98.370910879,21.04401285],[-98.370817689,21.04411512],[-98.370540779,21.04434608],[-98.37030828,21.04451917],[-98.370152679,21.04464731],[-98.37005092,21.044734951],[-98.36999837,21.044632291],[-98.36996538,21.04460268],[-98.369920719,21.04459165]]]]},"properties":{"locality":"Plan Huasteca","municipality":null,"official_key":"130110038","CVE_ENT":"13","CVE_MUN":"011","CVE_LOC":"0038","ambito":"RURAL","geometry_kind":"locality","source":"INEGI Gaia — Servicio vectorial del Marco Geoestadístico"}},{"type":"Feature","geometry":{"type":"MultiPolygon","crs":{"type":"name","properties":{"name":"EPSG:6365"}},"coordinates":[[[[-98.362656377,20.978772243],[-98.362334574,20.97855746],[-98.36223694,20.978882547],[-98.361906054,20.97868331],[-98.361436447,20.978458515],[-98.361280508,20.978339457],[-98.361254835,20.978248421],[-98.361267828,20.978172397],[-98.361348533,20.978113633],[-98.361265535,20.978031855],[-98.361075425,20.97773003],[-98.361026686,20.977629189],[-98.361039637,20.977553393],[-98.361073593,20.977491957],[-98.361108324,20.977338011],[-98.361116996,20.977316012],[-98.361138684,20.977289155],[-98.361151169,20.977281289],[-98.361242594,20.977360787],[-98.361529056,20.977176429],[-98.361955522,20.977101599],[-98.362111316,20.977092667],[-98.362201323,20.977111195],[-98.362380012,20.977103079],[-98.362486593,20.977205759],[-98.362609069,20.977441246],[-98.362683075,20.977474646],[-98.362875648,20.97744877],[-98.36288583,20.977570656],[-98.362810455,20.977686084],[-98.36277274,20.977809196],[-98.362955563,20.977807289],[-98.363018453,20.977832554],[-98.363320714,20.977697602],[-98.363453789,20.977601407],[-98.363818495,20.977669118],[-98.363961997,20.977720801],[-98.363890189,20.977918391],[-98.363798784,20.978053582],[-98.363742491,20.978095061],[-98.363634508,20.978145795],[-98.363567356,20.978161486],[-98.363502718,20.97816931],[-98.363479325,20.978249753],[-98.363423823,20.978420999],[-98.363359823,20.978541517],[-98.363274167,20.978570212],[-98.363182882,20.978703802],[-98.362997611,20.978945562],[-98.362656377,20.978772243]]]]},"properties":{"locality":"Xancaltitla","municipality":null,"official_key":"130110039","CVE_ENT":"13","CVE_MUN":"011","CVE_LOC":"0039","ambito":"RURAL","geometry_kind":"locality","source":"INEGI Gaia — Servicio vectorial del Marco Geoestadístico"}},{"type":"Feature","geometry":{"type":"MultiPolygon","crs":{"type":"name","properties":{"name":"EPSG:6365"}},"coordinates":[[[[-98.367969817,21.007752941],[-98.368221945,21.007399888],[-98.368280951,21.007627746],[-98.368365442,21.007760454],[-98.368626957,21.007940736],[-98.368474073,21.008133538],[-98.368836171,21.008434008],[-98.368267542,21.008318827],[-98.367739147,21.008193633],[-98.367425329,21.00803839],[-98.367143697,21.007840579],[-98.367489702,21.007422422],[-98.367969817,21.007752941]]],[[[-98.369997567,21.009257795],[-98.36902929,21.010201762],[-98.368972962,21.010221794],[-98.368500894,21.010144173],[-98.368128068,21.009978917],[-98.367768651,21.009996444],[-98.367645269,21.009756071],[-98.367680138,21.009117577],[-98.367811567,21.008852162],[-98.368211214,21.008952318],[-98.368592091,21.009012412],[-98.369056112,21.009057483],[-98.369997567,21.009257795]]],[[[-98.366009725,21.008655061],[-98.366052222,21.008435266],[-98.365982149,21.008380643],[-98.36597311,21.008314281],[-98.36598553,21.008240405],[-98.36603451,21.00820283],[-98.36627067,21.008348745],[-98.366481046,21.008430598],[-98.366709762,21.008521256],[-98.366967088,21.008748475],[-98.366856718,21.00888761],[-98.366598826,21.0090618],[-98.36611652,21.008847161],[-98.366009725,21.008655061]]]]},"properties":{"locality":"Tierra Playa","municipality":null,"official_key":"130110040","CVE_ENT":"13","CVE_MUN":"011","CVE_LOC":"0040","ambito":"RURAL","geometry_kind":"locality","source":"INEGI Gaia — Servicio vectorial del Marco Geoestadístico"}},{"type":"Feature","geometry":{"type":"MultiPolygon","crs":{"type":"name","properties":{"name":"EPSG:6365"}},"coordinates":[[[[-98.358038879,21.05356565],[-98.357853429,21.053165721],[-98.357798829,21.05308231],[-98.35787282,21.053035081],[-98.357918769,21.052972741],[-98.35792158,21.05292971],[-98.357936849,21.052825771],[-98.35800363,21.05278677],[-98.358094939,21.052806921],[-98.358144819,21.05283182],[-98.358290319,21.0529278],[-98.358369569,21.052967581],[-98.35843652,21.052998031],[-98.358474429,21.053002551],[-98.35851188,21.052995381],[-98.35855111,21.05295766],[-98.35856638,21.05292514],[-98.358605819,21.05281929],[-98.358625879,21.05276074],[-98.358693949,21.05263203],[-98.358740689,21.05251657],[-98.358783709,21.05246932],[-98.358816949,21.052414781],[-98.358864119,21.05239726],[-98.35903163,21.05240252],[-98.359079089,21.05243835],[-98.35910231,21.05247152],[-98.359147859,21.05257862],[-98.35923948,21.052666941],[-98.35930102,21.052701001],[-98.35937165,21.05271437],[-98.35952682,21.05270723],[-98.359589519,21.05267614],[-98.359640779,21.05261777],[-98.35969742,21.05250572],[-98.35971882,21.0524906],[-98.35982092,21.052428661],[-98.359905489,21.05238786],[-98.36002155,21.05239383],[-98.360093339,21.052449571],[-98.360165579,21.052583911],[-98.360194139,21.052602431],[-98.36025048,21.05261208],[-98.360305349,21.05259052],[-98.36044378,21.05247614],[-98.360591849,21.05235162],[-98.360703689,21.052306521],[-98.36081778,21.052277341],[-98.36098623,21.05226874],[-98.36119297,21.05220151],[-98.36140289,21.05213015],[-98.36152745,21.052113891],[-98.361623139,21.052114381],[-98.361732859,21.05215502],[-98.3617786,21.05218885],[-98.361772289,21.052226121],[-98.36176506,21.05225668],[-98.36173795,21.05228475],[-98.36171069,21.052309321],[-98.361681999,21.052340231],[-98.36163326,21.05238205],[-98.36158172,21.052427151],[-98.36152975,21.05246788],[-98.361494049,21.05250915],[-98.36143642,21.052563821],[-98.361391659,21.05258618],[-98.361360429,21.052611551],[-98.3613088,21.052643181],[-98.361258049,21.05267652],[-98.361212319,21.052715461],[-98.361200689,21.052733111],[-98.361173399,21.05275285],[-98.361159339,21.05278722],[-98.36115005,21.052807151],[-98.36116338,21.052817621],[-98.361235029,21.05362334],[-98.361243083,21.05365608],[-98.361043216,21.053687379],[-98.361092797,21.053943963],[-98.361097254,21.054313323],[-98.360959168,21.054371323],[-98.360779296,21.054409426],[-98.360579868,21.054563989],[-98.359960509,21.054806992],[-98.359637542,21.054701974],[-98.359186536,21.054924848],[-98.359243864,21.054542478],[-98.359108169,21.054209081],[-98.359037949,21.05420822],[-98.358910139,21.054121821],[-98.35877866,21.05403368],[-98.35844575,21.05388243],[-98.358296709,21.053803621],[-98.35814191,21.053709121],[-98.358038879,21.05356565]]]]},"properties":{"locality":"Tlahica","municipality":null,"official_key":"130110045","CVE_ENT":"13","CVE_MUN":"011","CVE_LOC":"0045","ambito":"RURAL","geometry_kind":"locality","source":"INEGI Gaia — Servicio vectorial del Marco Geoestadístico"}},{"type":"Feature","geometry":{"type":"MultiPolygon","crs":{"type":"name","properties":{"name":"EPSG:6365"}},"coordinates":[[[[-98.329912273,21.084806162],[-98.330081252,21.084613458],[-98.330349472,21.08470105],[-98.330585506,21.084908768],[-98.330083934,21.085374257],[-98.329729883,21.085669566],[-98.329504576,21.085974885],[-98.329397289,21.08624767],[-98.329483118,21.08648792],[-98.329075422,21.087073528],[-98.328893032,21.086925875],[-98.328847434,21.087018471],[-98.327782599,21.086425356],[-98.327919392,21.086245168],[-98.327484873,21.085997408],[-98.327763823,21.08553943],[-98.327895251,21.085336718],[-98.327787964,21.085259137],[-98.327731636,21.085241619],[-98.327677993,21.085241618],[-98.327610937,21.085264142],[-98.327543882,21.085304184],[-98.327455369,21.085366749],[-98.327417818,21.085364247],[-98.327342716,21.085331712],[-98.327283707,21.085286666],[-98.327256886,21.08523411],[-98.327243474,21.085113984],[-98.327240793,21.085028895],[-98.327283708,21.084931293],[-98.327350763,21.084873732],[-98.327433911,21.084831187],[-98.327530471,21.084796151],[-98.327659218,21.084783638],[-98.327817466,21.084773626],[-98.328032043,21.084756108],[-98.328209069,21.084766118],[-98.328608719,21.084783637],[-98.328716008,21.084813669],[-98.328801838,21.084726077],[-98.328960087,21.084525865],[-98.329206852,21.084258084],[-98.32944825,21.084458294],[-98.329912273,21.084806162]]]]},"properties":{"locality":"General Emiliano Zapata","municipality":null,"official_key":"130110051","CVE_ENT":"13","CVE_MUN":"011","CVE_LOC":"0051","ambito":"RURAL","geometry_kind":"locality","source":"INEGI Gaia — Servicio vectorial del Marco Geoestadístico"}},{"type":"Feature","geometry":{"type":"MultiPolygon","crs":{"type":"name","properties":{"name":"EPSG:6365"}},"coordinates":[[[[-98.432097817,21.013791509],[-98.431785569,21.013793079],[-98.431821318,21.013752979],[-98.431824292,21.013628057],[-98.431830241,21.01348529],[-98.431830241,21.01330683],[-98.431839164,21.013143242],[-98.431827267,21.013000474],[-98.431800498,21.012949911],[-98.43176778,21.012902322],[-98.431714242,21.012839861],[-98.431651781,21.01279822],[-98.43158932,21.01275658],[-98.431511988,21.012706016],[-98.43143763,21.012643555],[-98.431390041,21.012563248],[-98.431355241,21.012465096],[-98.431326687,21.012308051],[-98.431298134,21.012089141],[-98.431260063,21.011889266],[-98.431217232,21.011717945],[-98.431145848,21.011560901],[-98.431083982,21.011456204],[-98.43105067,21.011318195],[-98.4310935,21.011284883],[-98.431155366,21.011232535],[-98.431236268,21.011194464],[-98.431302893,21.011161151],[-98.431355241,21.011099285],[-98.431459937,21.011056455],[-98.43153608,21.011051696],[-98.431640776,21.011051696],[-98.431783544,21.011085008],[-98.431878722,21.011094526],[-98.432016731,21.011127839],[-98.432140463,21.011175428],[-98.432226124,21.011227776],[-98.432292749,21.011280124],[-98.432364132,21.011399097],[-98.432416481,21.011522829],[-98.4325069,21.011670356],[-98.432583043,21.011775052],[-98.43268298,21.011913061],[-98.432763882,21.012032034],[-98.432801953,21.012160525],[-98.432820989,21.012346123],[-98.432835266,21.012555515],[-98.432825748,21.012736354],[-98.432787676,21.01288864],[-98.432730569,21.013045684],[-98.432649668,21.013202729],[-98.432468829,21.013445434],[-98.432335579,21.013621514],[-98.43219757,21.013773799],[-98.432097817,21.013791509]]]]},"properties":{"locality":"Poxtla Atlajco","municipality":null,"official_key":"130110057","CVE_ENT":"13","CVE_MUN":"011","CVE_LOC":"0057","ambito":"RURAL","geometry_kind":"locality","source":"INEGI Gaia — Servicio vectorial del Marco Geoestadístico"}},{"type":"Feature","geometry":{"type":"MultiPolygon","crs":{"type":"name","properties":{"name":"EPSG:6365"}},"coordinates":[[[[-98.336110386,21.008280666],[-98.335521658,21.008276405],[-98.335549796,21.008489873],[-98.335604753,21.008733389],[-98.335843415,21.009235443],[-98.33565555,21.009538455],[-98.335451482,21.009823976],[-98.335048711,21.010334925],[-98.334586494,21.009639154],[-98.334295058,21.009209105],[-98.334173524,21.00881974],[-98.334092602,21.008204523],[-98.334130673,21.007381229],[-98.334150314,21.005726126],[-98.33489106,21.005769704],[-98.335636564,21.005783234],[-98.336291714,21.005831549],[-98.336138938,21.007466891],[-98.336110386,21.008280666]]]]},"properties":{"locality":"Ley Agraria 6 de Enero","municipality":null,"official_key":"130110062","CVE_ENT":"13","CVE_MUN":"011","CVE_LOC":"0062","ambito":"RURAL","geometry_kind":"locality","source":"INEGI Gaia — Servicio vectorial del Marco Geoestadístico"}},{"type":"Feature","geometry":{"type":"MultiPolygon","crs":{"type":"name","properties":{"name":"EPSG:6365"}},"coordinates":[[[[-98.35089366,21.01894502],[-98.35083023,21.02155937],[-98.350533527,21.021504037],[-98.34955914,21.02132232],[-98.349577215,21.021159593],[-98.349606286,21.020924772],[-98.34962383,21.02080317],[-98.349651182,21.020527587],[-98.34968718,21.02016489],[-98.349727013,21.019624669],[-98.34982445,21.01856638],[-98.34979766,21.01836389],[-98.34965823,21.01791128],[-98.34953752,21.0174738],[-98.34952863,21.01726217],[-98.34964406,21.01692712],[-98.34950635,21.01660035],[-98.34937586,21.01632237],[-98.3493896,21.01610811],[-98.34947406,21.01594163],[-98.34977657,21.01573125],[-98.34982929,21.01575875],[-98.34986548,21.01575148],[-98.350433,21.01575589],[-98.350583495,21.01666811],[-98.35059649,21.01715251],[-98.35087231,21.0171664],[-98.35089366,21.01894502]]]]},"properties":{"locality":null,"municipality":null,"official_key":"130110067","CVE_ENT":"13","CVE_MUN":"011","CVE_LOC":"0067","ambito":null,"geometry_kind":"locality","source":"INEGI Gaia — Servicio vectorial del Marco Geoestadístico"}},{"type":"Feature","geometry":{"type":"Polygon","coordinates":[[[-98.3447834,21.0171424],[-98.3447619,21.0171177],[-98.3442099,21.0166719],[-98.3441425,21.0166173],[-98.343714,21.0162715],[-98.3436569,21.0162274],[-98.3432766,21.0159271],[-98.3435245,21.0158151],[-98.3436496,21.0157133],[-98.343787,21.0155541],[-98.3440215,21.0153608],[-98.3441218,21.0153362],[-98.3442575,21.0153409],[-98.3444907,21.0154712],[-98.3445085,21.0154546],[-98.3444935,21.0153251],[-98.344385,21.0152077],[-98.3442911,21.0150823],[-98.3442693,21.0150532],[-98.3445252,21.0149705],[-98.3447878,21.0149562],[-98.3452992,21.0150805],[-98.345631,21.0150956],[-98.3461581,21.0151288],[-98.3465653,21.0151812],[-98.3466077,21.0151867],[-98.3469145,21.015226],[-98.3471313,21.0152959],[-98.3475427,21.015508],[-98.3475539,21.0155851],[-98.3474177,21.0161494],[-98.3474104,21.0161878],[-98.3473176,21.0166744],[-98.3473155,21.016707],[-98.3472776,21.0166932],[-98.3463879,21.0165403],[-98.3463882,21.0165694],[-98.3462515,21.0172634],[-98.3462585,21.0172913],[-98.3456637,21.0172287],[-98.3448064,21.0171447],[-98.3447834,21.0171424]]]},"properties":{"locality":"BARRIO ABAJO","official_key":"1301100010001","CVE_ENT":"13","CVE_MUN":"011","CVE_LOC":"0001","CVE_ASEN":"0001","settlement_type":"COLONIA","source":"INEGI DCAH 2025"}},{"type":"Feature","geometry":{"type":"Polygon","coordinates":[[[-98.3487268,21.0185511],[-98.3481404,21.0184616],[-98.3480908,21.0184615],[-98.3476113,21.0183814],[-98.3475823,21.0183752],[-98.3475529,21.018365],[-98.3470639,21.0182488],[-98.3461125,21.0180407],[-98.3462585,21.0172913],[-98.3462515,21.0172634],[-98.3463882,21.0165694],[-98.3463879,21.0165403],[-98.3472776,21.0166932],[-98.3473155,21.016707],[-98.3473176,21.0166744],[-98.3474104,21.0161878],[-98.3474177,21.0161494],[-98.3475539,21.0155851],[-98.3475427,21.015508],[-98.3476906,21.0155224],[-98.348211,21.0155986],[-98.3482988,21.0156651],[-98.3483479,21.0157488],[-98.3483926,21.0159346],[-98.348445,21.016216],[-98.3484816,21.0164821],[-98.3485304,21.0166326],[-98.3487575,21.0170515],[-98.3488656,21.0172565],[-98.3488837,21.0172908],[-98.348994,21.0172831],[-98.348946,21.0173305],[-98.3488579,21.0174242],[-98.3486524,21.0177318],[-98.3486172,21.0178066],[-98.3485994,21.0178884],[-98.348588,21.01804],[-98.3485986,21.018064],[-98.3488384,21.0184021],[-98.3489274,21.0185782],[-98.3487268,21.0185511]]]},"properties":{"locality":"CENTRO","official_key":"1301100010002","CVE_ENT":"13","CVE_MUN":"011","CVE_LOC":"0001","CVE_ASEN":"0002","settlement_type":"COLONIA","source":"INEGI DCAH 2025"}},{"type":"Feature","geometry":{"type":"Polygon","coordinates":[[[-98.3453598,21.01982],[-98.3443274,21.0197461],[-98.344418,21.0191772],[-98.3444801,21.0188888],[-98.3444955,21.0187832],[-98.3445851,21.0181545],[-98.3447191,21.0171549],[-98.3447834,21.0171424],[-98.3448064,21.0171447],[-98.3456637,21.0172287],[-98.3462585,21.0172913],[-98.3461125,21.0180407],[-98.3460302,21.0185386],[-98.3459471,21.0189158],[-98.3458761,21.0192775],[-98.3457958,21.0197315],[-98.3457874,21.0198397],[-98.3453598,21.01982]]]},"properties":{"locality":"UNIDAD DEPORTIVA","official_key":"1301100010003","CVE_ENT":"13","CVE_MUN":"011","CVE_LOC":"0001","CVE_ASEN":"0003","settlement_type":"COLONIA","source":"INEGI DCAH 2025"}},{"type":"Feature","geometry":{"type":"Polygon","coordinates":[[[-98.3460302,21.0185386],[-98.3461125,21.0180407],[-98.3470639,21.0182488],[-98.3475529,21.018365],[-98.3475823,21.0183752],[-98.3476113,21.0183814],[-98.3480908,21.0184615],[-98.3481404,21.0184616],[-98.348133,21.0193914],[-98.3481595,21.0198777],[-98.3481783,21.0200065],[-98.3481719,21.0200413],[-98.3481174,21.0200194],[-98.3477479,21.0199962],[-98.3475908,21.0199867],[-98.3474187,21.019965],[-98.3467494,21.0199227],[-98.3457874,21.0198397],[-98.3457958,21.0197315],[-98.3458761,21.0192775],[-98.3459471,21.0189158],[-98.3460302,21.0185386]]]},"properties":{"locality":"FRAMBOYANES","official_key":"1301100010004","CVE_ENT":"13","CVE_MUN":"011","CVE_LOC":"0001","CVE_ASEN":"0004","settlement_type":"COLONIA","source":"INEGI DCAH 2025"}},{"type":"Feature","geometry":{"type":"Polygon","coordinates":[[[-98.3472094,21.0231501],[-98.347359,21.0224463],[-98.3473695,21.0224082],[-98.3474252,21.0217963],[-98.3474217,21.0217729],[-98.3477001,21.0218347],[-98.3477935,21.0218774],[-98.3479187,21.0218926],[-98.348118,21.0218905],[-98.3482831,21.0218525],[-98.3484187,21.021795],[-98.3484949,21.021735],[-98.3487848,21.0215436],[-98.3489326,21.021484],[-98.3492524,21.0219783],[-98.3495485,21.0224104],[-98.3495491,21.0225575],[-98.3495509,21.0230437],[-98.3495053,21.0234155],[-98.3494932,21.0235133],[-98.3494259,21.0237831],[-98.3492063,21.0237261],[-98.348718,21.0235852],[-98.3483664,21.0234838],[-98.3472094,21.0231501]]]},"properties":{"locality":"LA JOYA","official_key":"1301100010005","CVE_ENT":"13","CVE_MUN":"011","CVE_LOC":"0001","CVE_ASEN":"0005","settlement_type":"COLONIA","source":"INEGI DCAH 2025"}},{"type":"Feature","geometry":{"type":"Polygon","coordinates":[[[-98.348133,21.0193914],[-98.3481404,21.0184616],[-98.3487268,21.0185511],[-98.3489274,21.0185782],[-98.3488384,21.0184021],[-98.3485986,21.018064],[-98.348588,21.01804],[-98.3485994,21.0178884],[-98.3486172,21.0178066],[-98.3486524,21.0177318],[-98.3488579,21.0174242],[-98.3488691,21.0174466],[-98.3489412,21.0176173],[-98.3489977,21.0177169],[-98.3490494,21.0178092],[-98.3491093,21.0178762],[-98.3493378,21.0179505],[-98.3493699,21.0179923],[-98.3494188,21.0180616],[-98.3495821,21.0181893],[-98.3497184,21.0183479],[-98.3497977,21.0183639],[-98.3498244,21.0185664],[-98.3497309,21.0195785],[-98.3496872,21.0201649],[-98.3496238,21.0208032],[-98.3495675,21.0208256],[-98.3486412,21.0210446],[-98.3486002,21.0209474],[-98.3484905,21.0205687],[-98.3484274,21.0204782],[-98.3481969,21.0201593],[-98.3481719,21.0200413],[-98.3481783,21.0200065],[-98.3481595,21.0198777],[-98.348133,21.0193914]]]},"properties":{"locality":"LIMONARIA","official_key":"1301100010006","CVE_ENT":"13","CVE_MUN":"011","CVE_LOC":"0001","CVE_ASEN":"0006","settlement_type":"COLONIA","source":"INEGI DCAH 2025"}},{"type":"Feature","geometry":{"type":"Polygon","coordinates":[[[-98.3432766,21.0159271],[-98.3436569,21.0162274],[-98.343714,21.0162715],[-98.3441425,21.0166173],[-98.3442099,21.0166719],[-98.3447619,21.0171177],[-98.3447834,21.0171424],[-98.3447191,21.0171549],[-98.3445851,21.0181545],[-98.3444955,21.0187832],[-98.3444801,21.0188888],[-98.344418,21.0191772],[-98.3443274,21.0197461],[-98.343901,21.0197172],[-98.3433946,21.0196754],[-98.3431101,21.0196292],[-98.3428698,21.0196139],[-98.3424366,21.0195827],[-98.3422397,21.0195859],[-98.3420868,21.0196148],[-98.341991,21.0196573],[-98.3416774,21.0197813],[-98.3416064,21.0198094],[-98.341532,21.0198262],[-98.3407969,21.0187918],[-98.3401536,21.01784],[-98.3396877,21.0171729],[-98.3405558,21.016393],[-98.3409053,21.0162243],[-98.341325,21.0162171],[-98.3416904,21.0158249],[-98.3418027,21.0158987],[-98.3420118,21.0159204],[-98.3421745,21.016009],[-98.3423835,21.0160745],[-98.3429991,21.0160539],[-98.3432766,21.0159271]]]},"properties":{"locality":"INGENIERO LUIS FLORES","official_key":"1301100010007","CVE_ENT":"13","CVE_MUN":"011","CVE_LOC":"0001","CVE_ASEN":"0007","settlement_type":"COLONIA","source":"INEGI DCAH 2025"}},{"type":"Feature","geometry":{"type":"Polygon","coordinates":[[[-98.3485539,21.0158013],[-98.3485129,21.0156638],[-98.3484857,21.0155579],[-98.348472,21.0155115],[-98.3483896,21.0153571],[-98.3483654,21.015317],[-98.3484803,21.0151451],[-98.3486944,21.0148103],[-98.3488188,21.0146158],[-98.3489851,21.0144012],[-98.3491077,21.0142846],[-98.3492262,21.0141719],[-98.349335,21.0141038],[-98.3496397,21.0139132],[-98.3501265,21.0138995],[-98.3507444,21.0139267],[-98.3505443,21.0142071],[-98.3502802,21.0144349],[-98.3509124,21.015295],[-98.3511599,21.0156205],[-98.3506267,21.0157428],[-98.350433,21.0157559],[-98.3498655,21.0157515],[-98.3498293,21.0157588],[-98.3497766,21.0157312],[-98.3496493,21.0157278],[-98.3494702,21.0157403],[-98.3493147,21.0157416],[-98.349194,21.0157563],[-98.3491375,21.0157768],[-98.3491035,21.0158272],[-98.3490162,21.0159298],[-98.3489909,21.0160461],[-98.3489956,21.0161723],[-98.3489232,21.0161231],[-98.348895,21.0161088],[-98.3488579,21.0160888],[-98.3486029,21.0158818],[-98.3485539,21.0158013]]]},"properties":{"locality":"EL MANGAL","official_key":"1301100010008","CVE_ENT":"13","CVE_MUN":"011","CVE_LOC":"0001","CVE_ASEN":"0008","settlement_type":"COLONIA","source":"INEGI DCAH 2025"}},{"type":"Feature","geometry":{"type":"Polygon","coordinates":[[[-98.3445609,21.0298368],[-98.3444286,21.0297141],[-98.3442659,21.0295083],[-98.3441118,21.0292982],[-98.3438799,21.0287098],[-98.3436102,21.0278118],[-98.3435745,21.0276745],[-98.34342,21.0270812],[-98.3432475,21.0265454],[-98.3430906,21.0259789],[-98.3435451,21.0261305],[-98.34395,21.0262656],[-98.3440155,21.0262831],[-98.3440733,21.0262986],[-98.3443784,21.0264016],[-98.3444531,21.026425],[-98.3449104,21.0265683],[-98.3455575,21.026768],[-98.3456083,21.0267913],[-98.3459013,21.026893],[-98.3463576,21.0270513],[-98.3469916,21.0272978],[-98.3475004,21.0274803],[-98.347805,21.0275895],[-98.3476425,21.0277377],[-98.3474962,21.0278768],[-98.3473429,21.0279803],[-98.3472063,21.0281195],[-98.3465549,21.0287588],[-98.3463555,21.0289595],[-98.3462739,21.0290988],[-98.3462958,21.029272],[-98.3464438,21.029479],[-98.3465895,21.0296692],[-98.3467672,21.0297519],[-98.3469385,21.0298011],[-98.3471942,21.0298082],[-98.34757,21.0297228],[-98.3469923,21.0299458],[-98.3463148,21.0301644],[-98.3461429,21.0302198],[-98.3455141,21.0302214],[-98.3451371,21.0301372],[-98.3447253,21.0299471],[-98.3445609,21.0298368]]]},"properties":{"locality":"EL PROGRESO","official_key":"1301100010010","CVE_ENT":"13","CVE_MUN":"011","CVE_LOC":"0001","CVE_ASEN":"0010","settlement_type":"COLONIA","source":"INEGI DCAH 2025"}},{"type":"Feature","geometry":{"type":"Polygon","coordinates":[[[-98.3420992,21.0211301],[-98.3429123,21.0210944],[-98.3429166,21.0213343],[-98.3432125,21.023682],[-98.3440195,21.0238325],[-98.3448746,21.0240044],[-98.345015,21.0240424],[-98.3447643,21.0242845],[-98.3443601,21.0246751],[-98.3439944,21.0250351],[-98.3438028,21.0252068],[-98.3436696,21.025317],[-98.3430583,21.0258494],[-98.3428935,21.0253854],[-98.3426484,21.0242901],[-98.3426363,21.0242167],[-98.3425245,21.0235385],[-98.3424567,21.0231271],[-98.3423016,21.0220038],[-98.3421683,21.0213666],[-98.3420992,21.0211301]]]},"properties":{"locality":"SUB ESTACIÓN ELÉCTRICA","official_key":"1301100010011","CVE_ENT":"13","CVE_MUN":"011","CVE_LOC":"0001","CVE_ASEN":"0011","settlement_type":"COLONIA","source":"INEGI DCAH 2025"}},{"type":"Feature","geometry":{"type":"Polygon","coordinates":[[[-98.348946,21.0173305],[-98.348994,21.0172831],[-98.3488837,21.0172908],[-98.3488656,21.0172565],[-98.3487575,21.0170515],[-98.3485304,21.0166326],[-98.3484816,21.0164821],[-98.348445,21.016216],[-98.3483926,21.0159346],[-98.3483479,21.0157488],[-98.3482988,21.0156651],[-98.348211,21.0155986],[-98.3482708,21.0154588],[-98.3483654,21.015317],[-98.3483896,21.0153571],[-98.348472,21.0155115],[-98.3484857,21.0155579],[-98.3485129,21.0156638],[-98.3485539,21.0158013],[-98.3486029,21.0158818],[-98.3488579,21.0160888],[-98.348895,21.0161088],[-98.3489232,21.0161231],[-98.3489956,21.0161723],[-98.3489909,21.0160461],[-98.3490162,21.0159298],[-98.3491035,21.0158272],[-98.3491375,21.0157768],[-98.349194,21.0157563],[-98.3493147,21.0157416],[-98.3494702,21.0157403],[-98.3496493,21.0157278],[-98.3497766,21.0157312],[-98.3494741,21.0159416],[-98.3493896,21.0161081],[-98.3493759,21.0163224],[-98.3495064,21.0166004],[-98.3496441,21.0169271],[-98.3495286,21.0172622],[-98.3495375,21.0174738],[-98.3496582,21.0179113],[-98.3497977,21.0183639],[-98.3497184,21.0183479],[-98.3495821,21.0181893],[-98.3494188,21.0180616],[-98.3493699,21.0179923],[-98.3493378,21.0179505],[-98.3491093,21.0178762],[-98.3490494,21.0178092],[-98.3489977,21.0177169],[-98.3489412,21.0176173],[-98.3488691,21.0174466],[-98.3488579,21.0174242],[-98.348946,21.0173305]]]},"properties":{"locality":"LA VEREDA","official_key":"1301100010012","CVE_ENT":"13","CVE_MUN":"011","CVE_LOC":"0001","CVE_ASEN":"0012","settlement_type":"COLONIA","source":"INEGI DCAH 2025"}},{"type":"Feature","geometry":{"type":"Polygon","coordinates":[[[-98.3449522,21.0224495],[-98.3453598,21.01982],[-98.3457874,21.0198397],[-98.3467494,21.0199227],[-98.3474187,21.019965],[-98.3475908,21.0199867],[-98.3477479,21.0199962],[-98.3481174,21.0200194],[-98.3481719,21.0200413],[-98.3481969,21.0201593],[-98.3484274,21.0204782],[-98.3484905,21.0205687],[-98.3486002,21.0209474],[-98.3486412,21.0210446],[-98.3495675,21.0208256],[-98.3496238,21.0208032],[-98.3495798,21.0211082],[-98.3495591,21.0213223],[-98.3495542,21.0218301],[-98.3495485,21.0224104],[-98.3492524,21.0219783],[-98.3489326,21.021484],[-98.3487848,21.0215436],[-98.3484949,21.021735],[-98.3484187,21.021795],[-98.3482831,21.0218525],[-98.348118,21.0218905],[-98.3479187,21.0218926],[-98.3477935,21.0218774],[-98.3477001,21.0218347],[-98.3474217,21.0217729],[-98.3474252,21.0217963],[-98.3473695,21.0224082],[-98.347359,21.0224463],[-98.3472094,21.0231501],[-98.3468718,21.0230585],[-98.3461789,21.0228284],[-98.345318,21.0225551],[-98.3449522,21.0224495]]]},"properties":{"locality":"VALLE VERDE","official_key":"1301100010013","CVE_ENT":"13","CVE_MUN":"011","CVE_LOC":"0001","CVE_ASEN":"0013","settlement_type":"COLONIA","source":"INEGI DCAH 2025"}},{"type":"Feature","geometry":{"type":"Polygon","coordinates":[[[-98.3447643,21.0242845],[-98.345015,21.0240424],[-98.3450846,21.0240544],[-98.345544,21.0242048],[-98.3460191,21.024351],[-98.3462065,21.0244088],[-98.3464584,21.0244932],[-98.3468564,21.0245911],[-98.3474306,21.0247976],[-98.3476877,21.0248597],[-98.3479305,21.0249454],[-98.3488579,21.0252199],[-98.3489911,21.0252641],[-98.3487708,21.0258724],[-98.3486889,21.0260894],[-98.3484982,21.0265951],[-98.3483481,21.0269001],[-98.3481737,21.0272545],[-98.347805,21.0275895],[-98.3475004,21.0274803],[-98.3469916,21.0272978],[-98.3463576,21.0270513],[-98.3459013,21.026893],[-98.3456083,21.0267913],[-98.3455575,21.026768],[-98.3449104,21.0265683],[-98.3444531,21.026425],[-98.3443784,21.0264016],[-98.3440733,21.0262986],[-98.3440155,21.0262831],[-98.34395,21.0262656],[-98.3435451,21.0261305],[-98.3430906,21.0259789],[-98.3430583,21.0258494],[-98.3436696,21.025317],[-98.3438028,21.0252068],[-98.3439944,21.0250351],[-98.3443601,21.0246751],[-98.3447643,21.0242845]]]},"properties":{"locality":"7 DE MAYO","official_key":"1301100010014","CVE_ENT":"13","CVE_MUN":"011","CVE_LOC":"0001","CVE_ASEN":"0014","settlement_type":"COLONIA","source":"INEGI DCAH 2025"}},{"type":"Feature","geometry":{"type":"Polygon","coordinates":[[[-98.3435745,21.0276745],[-98.3436102,21.0278118],[-98.3438799,21.0287098],[-98.3441118,21.0292982],[-98.3442659,21.0295083],[-98.3444286,21.0297141],[-98.3445609,21.0298368],[-98.3447253,21.0299471],[-98.3451371,21.0301372],[-98.3455141,21.0302214],[-98.3461429,21.0302198],[-98.3463708,21.0312637],[-98.3427899,21.0342203],[-98.341025,21.033269],[-98.3401854,21.0320223],[-98.3400661,21.0309382],[-98.3400386,21.0301258],[-98.3405827,21.0289986],[-98.3435745,21.0276745]]]},"properties":{"locality":"LAS TORRES","official_key":"1301100010018","CVE_ENT":"13","CVE_MUN":"011","CVE_LOC":"0001","CVE_ASEN":"0018","settlement_type":"COLONIA","source":"INEGI DCAH 2025"}}]}