{"type":"FeatureCollection","name":"inegi-hidalgo-017","metadata":{"state":"Hidalgo","CVE_ENT":"13","CVE_MUN":"017","municipality":"Chapantongo","sources":["INEGI Gaia — Servicio vectorial del Marco Geoestadístico","INEGI DCAH 2025"],"source_urls":["https://gaia.inegi.org.mx/wscatgeo/v2/geo/mgem/13","https://gaia.inegi.org.mx/wscatgeo/v2/geo/localidades/pol/13/017","https://www.inegi.org.mx/contenidos/productos/prod_serv/contenidos/espanol/bvinegi/productos/geografia/delimitaciones/794551163078/13_hidalgo.zip"],"geometry_policy":"Solo se publican polígonos de INEGI; no se generan puntos ni geometrías sintéticas.","locality_polygon_count":19,"settlement_polygon_count":24},"municipality":{"type":"Feature","geometry":{"type":"MultiPolygon","crs":{"type":"name","properties":{"name":"EPSG:6365"}},"coordinates":[[[[-99.351417709,20.33927698],[-99.350923249,20.33901354],[-99.350870178,20.338886944],[-99.350826709,20.33878325],[-99.350825425,20.338632723],[-99.350823649,20.33842438],[-99.350898379,20.33821929],[-99.350900719,20.33809328],[-99.350806569,20.33798202],[-99.350663199,20.33793552],[-99.350449479,20.3380158],[-99.350280679,20.33796886],[-99.349910779,20.3377904],[-99.349660979,20.33766465],[-99.349500339,20.33760195],[-99.349272619,20.33743857],[-99.349125229,20.33732543],[-99.348679519,20.33690514],[-99.348452179,20.33691818],[-99.347997679,20.33701992],[-99.347275709,20.33713478],[-99.346794229,20.33713574],[-99.346446459,20.33712383],[-99.346621849,20.33659265],[-99.347054319,20.33603123],[-99.347252029,20.33577392],[-99.347187799,20.33475752],[-99.347063569,20.33461763],[-99.346926939,20.33447777],[-99.346805279,20.33433788],[-99.346801679,20.33387754],[-99.346726509,20.33351568],[-99.346577509,20.33337583],[-99.346328909,20.333042],[-99.346179819,20.33286712],[-99.346055479,20.33268052],[-99.345650279,20.33242611],[-99.345710689,20.33150815],[-99.346229519,20.33073642],[-99.346345649,20.32964303],[-99.346368769,20.32865965],[-99.346831319,20.32844762],[-99.346908969,20.32816289],[-99.346897109,20.32785728],[-99.346638419,20.32719945],[-99.346469859,20.32684143],[-99.346424519,20.32656749],[-99.346424219,20.32643048],[-99.346513349,20.32628275],[-99.346613889,20.32622986],[-99.346747459,20.32594503],[-99.346758309,20.32579745],[-99.346880889,20.32559697],[-99.346947599,20.3254282],[-99.347338219,20.32506418],[-99.347449819,20.32495857],[-99.347594879,20.32481072],[-99.347684029,20.32467354],[-99.347840199,20.32449405],[-99.347895879,20.32438855],[-99.348029719,20.32423018],[-99.348186029,20.32411394],[-99.348525079,20.32395182],[-99.348647859,20.32367057],[-99.348647449,20.32348322],[-99.348735419,20.32330609],[-99.34901142,20.32325351],[-99.349386919,20.32325275],[-99.349519419,20.32323166],[-99.349541219,20.32310672],[-99.349563119,20.32302342],[-99.349529629,20.32286734],[-99.349352779,20.32280525],[-99.349098969,20.32289943],[-99.348988479,20.32287883],[-99.348933229,20.32286854],[-99.348866689,20.32274377],[-99.348877169,20.32249392],[-99.348954019,20.3222856],[-99.349019599,20.32198362],[-99.349129309,20.32165032],[-99.349139199,20.3211376],[-99.349017289,20.32095049],[-99.348818459,20.32094048],[-99.348688719,20.32074911],[-99.348514139,20.32053232],[-99.348412259,20.32035595],[-99.348319549,20.32008795],[-99.348234579,20.31991455],[-99.347964509,20.31966938],[-99.347746379,20.31949348],[-99.3475378,20.31942248],[-99.347402979,20.31936134],[-99.347347999,20.31927488],[-99.347390019,20.31915538],[-99.347394719,20.31905929],[-99.347339689,20.31897551],[-99.347231419,20.3188614],[-99.347108659,20.31876308],[-99.347014569,20.31868491],[-99.346803489,20.31857075],[-99.346237619,20.31840826],[-99.346058219,20.31822029],[-99.34590205,20.31804792],[-99.345771319,20.31780408],[-99.345724849,20.31764742],[-99.345807629,20.31739562],[-99.345780119,20.31715829],[-99.345716619,20.31691255],[-99.345715689,20.31649712],[-99.345545629,20.31604242],[-99.345410259,20.31584769],[-99.345319879,20.31565286],[-99.345229519,20.31547502],[-99.345220289,20.31537329],[-99.345183979,20.31522075],[-99.345120549,20.31501742],[-99.345093379,20.31493269],[-99.344913289,20.31484826],[-99.344642969,20.31463468],[-99.344507619,20.31444843],[-99.344471249,20.31427046],[-99.344551459,20.31393966],[-99.344559949,20.31371074],[-99.344505519,20.31349889],[-99.344424349,20.3134058],[-99.344271259,20.3133298],[-99.344100249,20.31327926],[-99.343929119,20.31318634],[-99.343793719,20.31297426],[-99.343766569,20.31289802],[-99.343757179,20.31272],[-99.343747719,20.31250806],[-99.343684339,20.31232168],[-99.343648109,20.31221152],[-99.343548949,20.31211846],[-99.343395969,20.31208486],[-99.343179259,20.31202198],[-99.343089049,20.31190348],[-99.343025619,20.31169165],[-99.343007249,20.31152212],[-99.343006919,20.311378],[-99.342988539,20.31119152],[-99.342916219,20.31103058],[-99.342825919,20.31087815],[-99.342744749,20.31077657],[-99.342717459,20.31064098],[-99.342717029,20.31044598],[-99.342698739,20.31030189],[-99.342644489,20.31018331],[-99.342518169,20.31000552],[-99.342382569,20.30969842],[-99.342274379,20.3095884],[-99.342094199,20.30946158],[-99.341995059,20.309377],[-99.341878079,20.3093518],[-99.341698029,20.30928432],[-99.341598939,20.30921669],[-99.341508689,20.30908123],[-99.341463419,20.30894566],[-99.341355309,20.30886957],[-99.341193339,20.30884446],[-99.341004169,20.30871765],[-99.340659949,20.30830162],[-99.340533799,20.30820012],[-99.340398619,20.30808169],[-99.340308369,20.30794623],[-99.340209089,20.30779382],[-99.340109859,20.30766683],[-99.339992739,20.3075738],[-99.339812449,20.30739612],[-99.339722199,20.30726065],[-99.339641079,20.30718449],[-99.339595979,20.30713372],[-99.339515769,20.30705912],[-99.3404278,20.30658925],[-99.34146823,20.30603595],[-99.34201266,20.30588309],[-99.34236555,20.3057446],[-99.34321274,20.30701929],[-99.34347269,20.3074864],[-99.34376452,20.30835782],[-99.34400992,20.30909378],[-99.34452488,20.30995345],[-99.34511929,20.31034083],[-99.34595188,20.31040922],[-99.34661648,20.31047123],[-99.34731485,20.31026957],[-99.3475134,20.30989909],[-99.3477338,20.30843903],[-99.34811262,20.30835669],[-99.3495818,20.30850702],[-99.35040717,20.30861874],[-99.35047226,20.30672277],[-99.35039863,20.30538208],[-99.3510726,20.30538874],[-99.35181266,20.30535757],[-99.3525842,20.30532634],[-99.35343454,20.30530978],[-99.3542694,20.30542683],[-99.35489963,20.30557398],[-99.35549858,20.30581025],[-99.35616057,20.30607606],[-99.35652286,20.30611985],[-99.35738942,20.30631105],[-99.35756288,20.30641458],[-99.35812998,20.30650248],[-99.35827206,20.30665062],[-99.35849337,20.30702122],[-99.35869902,20.30742154],[-99.35890411,20.3075844],[-99.35920331,20.30758378],[-99.35951785,20.30740503],[-99.35947545,20.30707431],[-99.3593616,20.30691154],[-99.3590788,20.30683375],[-99.3587548,20.30664526],[-99.3585382,20.30643657],[-99.35844694,20.30631518],[-99.35843714,20.30613215],[-99.35850002,20.30599452],[-99.35865309,20.30582752],[-99.35871906,20.30546006],[-99.35892065,20.30517077],[-99.35878757,20.30493197],[-99.35826285,20.30442823],[-99.3578962,20.30391498],[-99.35773662,20.30351808],[-99.35761422,20.30322245],[-99.35758886,20.30304188],[-99.3573766,20.30273795],[-99.35695574,20.30239692],[-99.35656011,20.30211298],[-99.35632994,20.30186838],[-99.35613685,20.3017748],[-99.35594414,20.30166117],[-99.35577583,20.30154085],[-99.35566932,20.30136855],[-99.35559465,20.30120015],[-99.35551191,20.30105765],[-99.3554144,20.30096906],[-99.35532714,20.30090071],[-99.35512608,20.30082323],[-99.3548774,20.30067186],[-99.35450118,20.30039857],[-99.35426446,20.30013638],[-99.35409229,20.29982732],[-99.35398491,20.29959738],[-99.35396622,20.29941182],[-99.35383411,20.29925686],[-99.35360822,20.29911708],[-99.35337032,20.29908595],[-99.35320398,20.29910372],[-99.35308543,20.29908098],[-99.3529836,20.29900243],[-99.35284728,20.29889498],[-99.35268769,20.29879506],[-99.35254535,20.29876002],[-99.35232825,20.29876554],[-99.35196312,20.29882268],[-99.35173402,20.29878354],[-99.35146858,20.29859325],[-99.35128895,20.29832572],[-99.35146529,20.29803889],[-99.35153534,20.29777474],[-99.35167425,20.29744629],[-99.3516832,20.29684003],[-99.35166355,20.29641674],[-99.35159618,20.29616498],[-99.35150648,20.2958818],[-99.35133008,20.29571731],[-99.35106094,20.29556598],[-99.35058555,20.29541145],[-99.35051192,20.29522391],[-99.35044095,20.29504722],[-99.35025998,20.29496983],[-99.35004891,20.29491228],[-99.34981078,20.29477728],[-99.34973326,20.29456814],[-99.34964823,20.29430308],[-99.34972837,20.29398049],[-99.34970888,20.29357157],[-99.34944028,20.29305954],[-99.34950614,20.2926396],[-99.34963914,20.29236645],[-99.3496606,20.29200957],[-99.34963792,20.29182071],[-99.34936932,20.29120983],[-99.34926849,20.29092666],[-99.34924568,20.29068531],[-99.34924457,20.29019203],[-99.34929968,20.28994003],[-99.34933272,20.28978254],[-99.34934325,20.28950965],[-99.3493316,20.28927877],[-99.34924202,20.28904806],[-99.34907463,20.28888046],[-99.34898508,20.28852942],[-99.34895126,20.28834057],[-99.34895311,20.28815505],[-99.34463168,20.28469055],[-99.34370889,20.28409926],[-99.34342118,20.28391252],[-99.34276551,20.28352403],[-99.342268,20.28320526],[-99.34176757,20.28277669],[-99.34111077,20.28172682],[-99.34102555,20.28152366],[-99.34081597,20.28103838],[-99.34072412,20.28063645],[-99.34027632,20.27975178],[-99.33994969,20.27884203],[-99.33979265,20.27795678],[-99.33978277,20.27782805],[-99.33977818,20.27750774],[-99.3394682,20.27703906],[-99.33907245,20.27660292],[-99.33879722,20.27632837],[-99.338522,20.27606998],[-99.33828117,20.27582772],[-99.33822883,20.27543946],[-99.338211,20.27513203],[-99.33809022,20.274841],[-99.33800375,20.27454989],[-99.337969,20.27435577],[-99.3379172,20.27421023],[-99.33788206,20.27383737],[-99.33788143,20.27354609],[-99.33785612,20.27326188],[-99.33778531,20.27295442],[-99.33768626,20.27283588],[-99.33763078,20.27272995],[-99.33759252,20.27249332],[-99.33740711,20.27220395],[-99.33743178,20.27199349],[-99.33739928,20.27179175],[-99.33727451,20.27164788],[-99.33732735,20.27133025],[-99.33730982,20.27115228],[-99.33713055,20.27098738],[-99.33724031,20.27076405],[-99.33725178,20.27051617],[-99.33733355,20.27025943],[-99.33716991,20.27014708],[-99.33702438,20.27007749],[-99.33689849,20.26995011],[-99.33684226,20.26973911],[-99.3368976,20.26953818],[-99.336958,20.26940075],[-99.33710309,20.26914875],[-99.33724846,20.2690226],[-99.33732046,20.26863955],[-99.33729043,20.26849051],[-99.33721857,20.2683208],[-99.33711543,20.26818823],[-99.33707434,20.26800798],[-99.33715866,20.26787431],[-99.33726558,20.2677182],[-99.33733028,20.26756395],[-99.33739057,20.26738075],[-99.33742385,20.26731238],[-99.33748717,20.26715172],[-99.337499,20.26701438],[-99.33748649,20.26684278],[-99.33740092,20.26655689],[-99.3374248,20.26637377],[-99.33756983,20.26608743],[-99.33759338,20.26575928],[-99.33747145,20.26549634],[-99.33738608,20.26530198],[-99.33735057,20.2651014],[-99.33724242,20.26493968],[-99.33727575,20.26479872],[-99.33734045,20.26462594],[-99.33746918,20.26445509],[-99.33754169,20.2643062],[-99.33766278,20.26418009],[-99.33780828,20.26411115],[-99.33786871,20.26399662],[-99.33796014,20.26371437],[-99.33795468,20.26342108],[-99.33798885,20.26319892],[-99.33808888,20.26300354],[-99.33819503,20.26284406],[-99.33832712,20.2627142],[-99.33846477,20.26261143],[-99.33861085,20.26242948],[-99.33849149,20.26226849],[-99.33841078,20.26211131],[-99.33835914,20.26198929],[-99.33835512,20.26180385],[-99.33839757,20.26161932],[-99.33846222,20.26142051],[-99.33848289,20.2611098],[-99.33852729,20.26084977],[-99.33854478,20.26060412],[-99.33845589,20.26053218],[-99.33829808,20.2605096],[-99.33815229,20.26045032],[-99.33812648,20.26015037],[-99.33812277,20.25997123],[-99.3381202,20.25978022],[-99.33809688,20.25964588],[-99.33808848,20.25954025],[-99.33811338,20.25928935],[-99.33812495,20.25902615],[-99.33815012,20.25881398],[-99.33818362,20.25856545],[-99.33821146,20.25841065],[-99.33819395,20.25829615],[-99.3380508,20.25788622],[-99.3379882,20.25752268],[-99.33793889,20.25716806],[-99.33789509,20.25695645],[-99.3378528,20.25664188],[-99.33785178,20.25616982],[-99.33779928,20.25598142],[-99.33776783,20.25581808],[-99.33775385,20.25578097],[-99.33774152,20.25556255],[-99.33777012,20.25532192],[-99.33773008,20.2551006],[-99.33762097,20.25489072],[-99.33750218,20.25468892],[-99.33714329,20.25412032],[-99.33699509,20.25390617],[-99.33684634,20.25367475],[-99.33674762,20.25344352],[-99.33672135,20.2532612],[-99.33668678,20.25303058],[-99.33666003,20.25275732],[-99.337053649,20.25318157],[-99.337361829,20.25342383],[-99.33755014,20.253619031],[-99.33770528,20.253766281],[-99.33806575,20.253890821],[-99.338370429,20.253914891],[-99.338504659,20.25393334],[-99.33860855,20.253941481],[-99.338721949,20.25397829],[-99.33880429,20.254050321],[-99.338862549,20.254254621],[-99.33896389,20.254336171],[-99.339376019,20.254302511],[-99.33964597,20.25435409],[-99.339825849,20.25439345],[-99.339986539,20.25425995],[-99.34005678,20.25410472],[-99.34007474,20.25399311],[-99.34013171,20.2539236],[-99.34030157,20.25402808],[-99.34041318,20.25414992],[-99.34060852,20.25429263],[-99.34081992,20.25438671],[-99.34096632,20.25442091],[-99.34118983,20.25444038],[-99.34136102,20.25444737],[-99.34167115,20.25444285],[-99.34194688,20.25436102],[-99.34207602,20.25427134],[-99.34217065,20.2541736],[-99.3422136,20.25410848],[-99.34230649,20.25406325],[-99.34242592,20.2540292],[-99.34253869,20.25404202],[-99.3426894,20.25407355],[-99.34279515,20.25415131],[-99.34288962,20.254218],[-99.34295634,20.25429003],[-99.34300651,20.25432148],[-99.34302815,20.25437657],[-99.34304323,20.25449185],[-99.34316675,20.2545872],[-99.34333077,20.25464506],[-99.3435532,20.25461063],[-99.34369154,20.25465158],[-99.3437934,20.25476212],[-99.34387925,20.25489708],[-99.34401934,20.25502128],[-99.34420298,20.25511546],[-99.34436905,20.25511386],[-99.3445182,20.25507448],[-99.34464337,20.25499735],[-99.34480622,20.25490175],[-99.34489631,20.25484734],[-99.34500074,20.25481885],[-99.34509432,20.25483914],[-99.34519202,20.25490149],[-99.34529095,20.25490089],[-99.34541169,20.25484531],[-99.3455604,20.25474557],[-99.3456422,20.25464643],[-99.34571077,20.25455915],[-99.34585149,20.25450282],[-99.34605126,20.25448749],[-99.34628348,20.25447038],[-99.34644909,20.25441683],[-99.34652109,20.25431717],[-99.34655506,20.25423911],[-99.34660708,20.25418538],[-99.34671402,20.25415654],[-99.34705048,20.25425343],[-99.3472316,20.25427746],[-99.34742986,20.25438257],[-99.34754237,20.25444757],[-99.34777532,20.25451214],[-99.34792174,20.25456858],[-99.34801694,20.25460109],[-99.34822392,20.25462506],[-99.34837905,20.25459223],[-99.34848252,20.25459203],[-99.34864643,20.25463235],[-99.34876718,20.25465649],[-99.34901692,20.25467566],[-99.3491464,20.25481343],[-99.34930202,20.25495134],[-99.34956932,20.25500769],[-99.34981085,20.25492609],[-99.34991432,20.25493402],[-99.35006128,20.25509632],[-99.35020823,20.25526674],[-99.35042415,20.25542889],[-99.35055372,20.25553432],[-99.3508212,20.2556232],[-99.35096788,20.25566355],[-99.35126097,20.25563858],[-99.35146778,20.25558126],[-99.35161432,20.25556471],[-99.35204186,20.25556],[-99.35227209,20.25565811],[-99.35246052,20.25576615],[-99.3527426,20.25568674],[-99.35295132,20.25551875],[-99.35325137,20.25543929],[-99.35340837,20.25551783],[-99.35358637,20.25563575],[-99.35384783,20.25568451],[-99.35426605,20.25570338],[-99.35447508,20.25567338],[-99.3546212,20.25556466],[-99.35475694,20.25549538],[-99.35532149,20.25549425],[-99.35548891,20.25555305],[-99.35613706,20.25567208],[-99.35729306,20.25586832],[-99.35777494,20.25588111],[-99.35812548,20.25592169],[-99.35859298,20.25603088],[-99.3588268,20.25611298],[-99.35938431,20.25617689],[-99.35970311,20.25619055],[-99.3602042,20.25626109],[-99.36053834,20.25634628],[-99.36091809,20.25645998],[-99.36126729,20.25648789],[-99.36170746,20.25647268],[-99.36226889,20.25638565],[-99.36264832,20.25635623],[-99.36316443,20.25635517],[-99.36342777,20.2564124],[-99.36556009,20.25735931],[-99.36598075,20.25739835],[-99.36691055,20.25769965],[-99.36739132,20.25779125],[-99.36834751,20.25797902],[-99.3707442,20.25843249],[-99.37150975,20.25870826],[-99.37229865,20.25883466],[-99.37314328,20.25876532],[-99.37405788,20.25855846],[-99.37495002,20.25820932],[-99.37601568,20.25809283],[-99.3767308,20.25799932],[-99.37764055,20.25772146],[-99.37813626,20.25750042],[-99.37859875,20.25730554],[-99.37895072,20.25715798],[-99.37924846,20.25705888],[-99.37944317,20.25690517],[-99.37995392,20.25678145],[-99.38040857,20.25655054],[-99.38076585,20.25639648],[-99.38122092,20.25633417],[-99.38165968,20.25625658],[-99.38183851,20.25625618],[-99.38210968,20.25600394],[-99.38241789,20.25572735],[-99.38272651,20.25561938],[-99.38288905,20.25560369],[-99.38336052,20.25560266],[-99.38368532,20.255464],[-99.38392895,20.25537151],[-99.38413969,20.25512578],[-99.38428385,20.2549262],[-99.38439029,20.25483602],[-99.38447851,20.25475717],[-99.38487292,20.25486255],[-99.38530483,20.25491374],[-99.38562511,20.25494112],[-99.385809091,20.254951758],[-99.38598417,20.25496188],[-99.38659986,20.2549032],[-99.387443416,20.254779155],[-99.38752682,20.25476689],[-99.38824415,20.25468917],[-99.38867377,20.25460997],[-99.38886794,20.25457157],[-99.3891618,20.25468732],[-99.389371,20.254683],[-99.38949065,20.25472588],[-99.38967155,20.25480982],[-99.38983377,20.25493622],[-99.39043922,20.25497406],[-99.39080974,20.25536623],[-99.391036482,20.255640581],[-99.39112531,20.25574806],[-99.39111208,20.25596791],[-99.3911234,20.25617743],[-99.39126551,20.2563186],[-99.39156006,20.25632008],[-99.3916778,20.25666945],[-99.39170225,20.25706183],[-99.39170269,20.25726972],[-99.39175188,20.25745809],[-99.39183837,20.25762272],[-99.39221671,20.2576376],[-99.39252138,20.25772346],[-99.39272145,20.25787808],[-99.39294022,20.25806855],[-99.39308698,20.25825215],[-99.39326629,20.25843569],[-99.39346189,20.25854163],[-99.39388962,20.25854068],[-99.39416631,20.25851632],[-99.39436755,20.25850402],[-99.39454378,20.25855106],[-99.39466995,20.25869311],[-99.3949098,20.25902466],[-99.39522065,20.26030683],[-99.39503612,20.26051078],[-99.39461249,20.26067168],[-99.39440985,20.26109585],[-99.39443598,20.26157451],[-99.39464282,20.26191877],[-99.39510302,20.26220574],[-99.39553949,20.26295503],[-99.39558323,20.26306402],[-99.39569711,20.26319574],[-99.39587609,20.26323648],[-99.39608189,20.26318751],[-99.3961926,20.26307669],[-99.39634931,20.26323734],[-99.39677818,20.26379931],[-99.39706731,20.26410162],[-99.39738926,20.26434948],[-99.39790357,20.26460232],[-99.39806755,20.2651646],[-99.39843423,20.26562808],[-99.39881065,20.26590963],[-99.39925592,20.26620282],[-99.39900966,20.26663709],[-99.39890972,20.26691011],[-99.39877212,20.2672188],[-99.39870962,20.26737312],[-99.39858451,20.26764622],[-99.398545548,20.267802118],[-99.39852223,20.26789542],[-99.39854791,20.268097],[-99.39868697,20.26835762],[-99.39883835,20.26852332],[-99.39893952,20.26872472],[-99.39896523,20.26893815],[-99.39892785,20.26908057],[-99.39891545,20.26915175],[-99.39872714,20.26930637],[-99.39870249,20.26950806],[-99.39881648,20.26980432],[-99.39906429,20.27021502],[-99.39931617,20.27032118],[-99.39954048,20.27041366],[-99.39981514,20.27030095],[-99.40007105,20.27033132],[-99.40039329,20.27048958],[-99.40081651,20.27070235],[-99.40120491,20.27094549],[-99.40140651,20.27106363],[-99.40152052,20.27137174],[-99.40155909,20.27169189],[-99.40160148,20.27237851],[-99.40171322,20.27255794],[-99.40184994,20.27273651],[-99.40249712,20.27325123],[-99.40313035,20.27369806],[-99.40363446,20.27397014],[-99.40400109,20.27417063],[-99.40543255,20.27480958],[-99.40644626,20.2753056],[-99.40705138,20.27556757],[-99.4075192,20.275768916],[-99.40815508,20.27552186],[-99.40902355,20.27511717],[-99.40931252,20.27478572],[-99.40934262,20.27462746],[-99.40920468,20.27438331],[-99.40902075,20.27405297],[-99.40894392,20.27383743],[-99.40889794,20.27375125],[-99.40872863,20.2731764],[-99.40869174,20.27291105],[-99.40872042,20.27259649],[-99.40873165,20.27234075],[-99.40870502,20.27211735],[-99.4083844,20.27200808],[-99.40815063,20.27174152],[-99.40811398,20.27147718],[-99.40811343,20.27126146],[-99.40825015,20.27104543],[-99.40840225,20.27087249],[-99.40856843,20.27061222],[-99.40862495,20.27038546],[-99.40870531,20.27009522],[-99.40865158,20.26976738],[-99.40896489,20.26928631],[-99.40903743,20.26877371],[-99.40899088,20.26847182],[-99.40885314,20.26829957],[-99.40851852,20.26800208],[-99.4086514,20.26760895],[-99.40857423,20.26759997],[-99.40891989,20.2670238],[-99.40922406,20.26694752],[-99.40931852,20.26709411],[-99.40961826,20.26713525],[-99.41002982,20.26701923],[-99.40999263,20.26671435],[-99.41010349,20.2659334],[-99.41008537,20.26554018],[-99.41003855,20.26513762],[-99.41009825,20.26463414],[-99.41014332,20.26437517],[-99.41021422,20.26396632],[-99.4104494,20.26353622],[-99.41122562,20.26281789],[-99.4120688,20.26302782],[-99.41255305,20.26316231],[-99.41298475,20.2632106],[-99.41340332,20.26323428],[-99.41375649,20.26325811],[-99.413979,20.26333157],[-99.41426686,20.2633802],[-99.41462003,20.26340403],[-99.4152018,20.26346129],[-99.41430655,20.26614457],[-99.41413666,20.26697377],[-99.41407232,20.26750728],[-99.41385503,20.26827017],[-99.415629,20.26849348],[-99.41588768,20.2684928],[-99.41625869,20.26853468],[-99.41731472,20.26865848],[-99.41826146,20.26795366],[-99.41842812,20.26783374],[-99.41941643,20.26667682],[-99.42030226,20.26581175],[-99.42131797,20.26506611],[-99.42179551,20.26471125],[-99.42273922,20.26389929],[-99.42410171,20.26271092],[-99.42607198,20.26142891],[-99.42655142,20.26112015],[-99.42749071,20.26056894],[-99.42944854,20.25946662],[-99.42986669,20.25918732],[-99.43082786,20.25854834],[-99.43130035,20.25822977],[-99.43224965,20.25762994],[-99.433087215,20.257135135],[-99.433090319,20.257133301],[-99.43451945,20.256289],[-99.43558334,20.25558858],[-99.43605582,20.25526822],[-99.43700505,20.25465885],[-99.437167858,20.254598052],[-99.437168008,20.254597996],[-99.43939106,20.2537678],[-99.44118823,20.25300928],[-99.44217091,20.25267351],[-99.443314704,20.252250069],[-99.44408412,20.25196522],[-99.445097712,20.251476452],[-99.44509888,20.25147589],[-99.4451286,20.251468429],[-99.44516922,20.251458238],[-99.4455734,20.25135682],[-99.44653409,20.25112211],[-99.44833618,20.25067862],[-99.4487358,20.25060563],[-99.44923552,20.25034478],[-99.44966611,20.25013829],[-99.45019869,20.24978478],[-99.45067762,20.24933082],[-99.4512458,20.24898272],[-99.45139455,20.24887091],[-99.447775437,20.243385307],[-99.447745377,20.243339742],[-99.447721769,20.243303958],[-99.446524655,20.241489341],[-99.446489326,20.241435788],[-99.446439413,20.241360127],[-99.444962625,20.239121492],[-99.444795587,20.238868277],[-99.444108144,20.237826161],[-99.444085054,20.237791159],[-99.444063845,20.237759008],[-99.443268211,20.236552859],[-99.443207444,20.236460737],[-99.443162354,20.236392382],[-99.442707042,20.235702134],[-99.44267857,20.235658972],[-99.442654773,20.235622896],[-99.442206782,20.234943738],[-99.442182509,20.234906939],[-99.44217068,20.234889],[-99.442354719,20.234789459],[-99.44235668,20.2347884],[-99.442357214,20.234787891],[-99.442357316,20.234787792],[-99.44235775,20.23478738],[-99.44252534,20.23463023],[-99.442730799,20.234387539],[-99.44275214,20.23436232],[-99.442810379,20.234274859],[-99.443012599,20.233971229],[-99.44305529,20.23390714],[-99.443056019,20.233903399],[-99.44330748,20.23260728],[-99.44341011,20.23193697],[-99.44347618,20.23177248],[-99.44354795,20.2314066],[-99.44363254,20.23105246],[-99.44373898,20.23081889],[-99.44394246,20.230631],[-99.44399495,20.230625429],[-99.444046279,20.230619969],[-99.44416886,20.23060695],[-99.444724649,20.230625709],[-99.44494529,20.23063317],[-99.44506935,20.23061078],[-99.44518595,20.23054451],[-99.44529743,20.2304394],[-99.44540562,20.23030672],[-99.445449889,20.230181509],[-99.44557729,20.22982123],[-99.44574192,20.22935343],[-99.44576975,20.22924072],[-99.44601462,20.22865842],[-99.44605677,20.22856989],[-99.446056792,20.228569842],[-99.446056811,20.228569797],[-99.446204429,20.228259769],[-99.44646052,20.22772194],[-99.446632459,20.227380119],[-99.446743349,20.227159658],[-99.44677563,20.22709548],[-99.44685462,20.22689794],[-99.446903541,20.226793024],[-99.446903557,20.226792993],[-99.44694105,20.22671262],[-99.447063939,20.226539969],[-99.447141679,20.226430749],[-99.447148712,20.226422877],[-99.4473658,20.2261796],[-99.44759086,20.225944021],[-99.447887548,20.225596146],[-99.44804023,20.22541712],[-99.44908225,20.22439811],[-99.44944415,20.22410017],[-99.4499628,20.22352212],[-99.45068291,20.22282105],[-99.45117162,20.22261198],[-99.45225149,20.2221288],[-99.4528886,20.22180962],[-99.45374348,20.22131742],[-99.45413295,20.22095132],[-99.45414885,20.22081288],[-99.45410871,20.22072017],[-99.45174494,20.21675546],[-99.45012115,20.21498025],[-99.45005386,20.21488922],[-99.4499638,20.21441858],[-99.44992026,20.21383586],[-99.4498094,20.21326922],[-99.44949934,20.21247614],[-99.44935306,20.21220517],[-99.44912085,20.21152826],[-99.44902783,20.21120185],[-99.44899003,20.21076777],[-99.44860005,20.20965398],[-99.44814757,20.208272],[-99.44794686,20.20778662],[-99.44749382,20.20565397],[-99.44764769,20.20467134],[-99.44774008,20.20433105],[-99.44780311,20.20390651],[-99.44811149,20.20390572],[-99.44838758,20.20382465],[-99.44842443,20.20355235],[-99.44841128,20.20333938],[-99.44857352,20.20306678],[-99.44882315,20.20265195],[-99.44894465,20.20233537],[-99.44905423,20.20208529],[-99.44928545,20.20193898],[-99.44947295,20.20193849],[-99.44971574,20.20197951],[-99.44989209,20.20193743],[-99.44986952,20.20176054],[-99.44984672,20.20150038],[-99.44996737,20.20126068],[-99.45022152,20.20110145],[-99.4503714,20.20095925],[-99.45038963,20.20076422],[-99.45023828,20.20039234],[-99.45036915,20.20017929],[-99.45048085,20.19982448],[-99.45062969,20.19932775],[-99.45070351,20.19886668],[-99.45036442,20.19853074],[-99.45045712,20.19810506],[-99.45048935,20.19769282],[-99.45019026,20.19710112],[-99.45007206,20.19621274],[-99.44971771,20.19541446],[-99.44943178,20.19503122],[-99.44890126,20.19447583],[-99.44852549,20.19391448],[-99.44826662,20.19375257],[-99.44800742,20.19346872],[-99.4483076,20.19302091],[-99.44852228,20.19279005],[-99.4485644,20.1924648],[-99.44821903,20.19216765],[-99.44797308,20.19150445],[-99.44816314,20.19127682],[-99.45828428,20.18821185],[-99.45784223,20.18262608],[-99.46073355,20.18092182],[-99.46414626,20.1788548],[-99.4667326,20.17724603],[-99.46800635,20.17181968],[-99.46946477,20.16428177],[-99.47029668,20.16481088],[-99.47049628,20.165331831],[-99.470622919,20.165441351],[-99.4760358,20.16743014],[-99.47663474,20.16764511],[-99.47737302,20.167859711],[-99.477799719,20.168036461],[-99.478221059,20.168115951],[-99.478689769,20.168169111],[-99.479100619,20.168154381],[-99.479359939,20.168099251],[-99.47967688,20.16802354],[-99.479892849,20.167927691],[-99.48020969,20.167824781],[-99.48077265,20.167881371],[-99.481078279,20.16797349],[-99.481374489,20.1682144],[-99.481572229,20.168455571],[-99.481809419,20.168715221],[-99.48227306,20.168946371],[-99.482638089,20.169140581],[-99.483003249,20.169372],[-99.483447109,20.169575311],[-99.48381245,20.16987178],[-99.484266139,20.17006577],[-99.485122629,20.17013174],[-99.485264579,20.170115581],[-99.48544005,20.170130861],[-99.485657399,20.17018545],[-99.48578289,20.170248181],[-99.48592477,20.17020837],[-99.48605272,20.170093221],[-99.48625895,20.170017861],[-99.486536709,20.17002374],[-99.48671915,20.16998568],[-99.48680588,20.169863911],[-99.486794419,20.16971103],[-99.486648939,20.16956274],[-99.486580459,20.169408601],[-99.486574029,20.169231],[-99.48655389,20.169092951],[-99.486527549,20.168939511],[-99.48651097,20.168725081],[-99.4865558,20.16859735],[-99.48657369,20.16846429],[-99.486611709,20.168296601],[-99.48672228,20.168049281],[-99.486811199,20.167788491],[-99.48685409,20.16745382],[-99.48691842,20.167136801],[-99.487039419,20.1669214],[-99.48715208,20.166767291],[-99.48722555,20.166551111],[-99.48728095,20.16633054],[-99.487361049,20.16615242],[-99.48741908,20.16598085],[-99.487615879,20.165818461],[-99.48779885,20.165768771],[-99.488031909,20.165858881],[-99.48818732,20.16598152],[-99.48842822,20.166076001],[-99.488500689,20.166045031],[-99.488573849,20.1659882],[-99.4887266,20.165805311],[-99.488879679,20.16556046],[-99.48893398,20.165389051],[-99.48898592,20.165233351],[-99.489069459,20.16499635],[-99.489137629,20.16477686],[-99.48909171,20.164608831],[-99.489031659,20.1643908],[-99.48899251,20.16416437],[-99.488890819,20.163938851],[-99.488768779,20.163685421],[-99.489060319,20.16365918],[-99.48928089,20.16351952],[-99.489341769,20.16346409],[-99.489397939,20.16340155],[-99.489433109,20.1633156],[-99.48944955,20.163255311],[-99.489484999,20.163154921],[-99.489514779,20.16303142],[-99.48956243,20.16293411],[-99.489607539,20.162810861],[-99.489729,20.16252052],[-99.490195769,20.162234031],[-99.490356109,20.16218157],[-99.49082149,20.16227155],[-99.491201889,20.16214711],[-99.49147378,20.16188738],[-99.491746849,20.161701771],[-99.49202726,20.16162157],[-99.492188169,20.16146203],[-99.49250891,20.16127558],[-99.49272857,20.16058992],[-99.49291962,20.160006661],[-99.492929679,20.15993097],[-99.492920819,20.15985982],[-99.49297057,20.15982152],[-99.493024619,20.15978431],[-99.49304591,20.159720221],[-99.49303554,20.15962908],[-99.493091339,20.159562781],[-99.49314878,20.15952063],[-99.49323691,20.159511711],[-99.49335134,20.159491891],[-99.49353402,20.15948558],[-99.493669659,20.15927689],[-99.49365182,20.159011601],[-99.493879489,20.158847281],[-99.494166859,20.158658861],[-99.49424574,20.158479021],[-99.49416869,20.15834091],[-99.49408589,20.15795745],[-99.494038149,20.157777451],[-99.493971079,20.15753858],[-99.493909969,20.157310181],[-99.493827119,20.157074151],[-99.493776089,20.15682782],[-99.493716889,20.15655977],[-99.493638139,20.15637558],[-99.49349789,20.156096461],[-99.49333486,20.15582831],[-99.49324505,20.155590231],[-99.49334146,20.15536946],[-99.493226019,20.154783291],[-99.493391799,20.154481381],[-99.493364019,20.154083781],[-99.493350519,20.15366285],[-99.493272,20.153286231],[-99.493245309,20.153051081],[-99.49318226,20.15305574],[-99.492883459,20.152563711],[-99.49296303,20.15200329],[-99.49298795,20.15198929],[-99.492851539,20.1517098],[-99.492102449,20.150466231],[-99.491981849,20.15027778],[-99.49201165,20.15021162],[-99.49222135,20.150116631],[-99.492521399,20.15013468],[-99.492751369,20.1501246],[-99.49312792,20.149925031],[-99.49342232,20.14986697],[-99.49367069,20.149904911],[-99.493813249,20.150018711],[-99.493966629,20.150234581],[-99.494173429,20.150491801],[-99.494433219,20.150896801],[-99.49459809,20.15108855],[-99.49527648,20.152467231],[-99.495592739,20.15311422],[-99.49605357,20.154197921],[-99.49637374,20.15468438],[-99.496699279,20.154953431],[-99.496520649,20.155047881],[-99.496586859,20.155355121],[-99.496585569,20.15542489],[-99.49685874,20.155520081],[-99.497231829,20.155508401],[-99.49749614,20.15560775],[-99.497644449,20.155629451],[-99.49793435,20.15575005],[-99.498035149,20.15582717],[-99.49822295,20.15600337],[-99.498301369,20.156128351],[-99.49834049,20.156165061],[-99.4984032,20.15625325],[-99.49862194,20.15634837],[-99.498746709,20.156325921],[-99.49882448,20.15625206],[-99.498949259,20.156236971],[-99.4990978,20.156332291],[-99.499176079,20.156413081],[-99.49928088,20.156558721],[-99.499375429,20.15667683],[-99.49956297,20.15677511],[-99.49972451,20.156832171],[-99.499907779,20.156827421],[-99.50010812,20.15690065],[-99.500309459,20.15708],[-99.500457949,20.157160581],[-99.50049034,20.157190681],[-99.50050177,20.157285221],[-99.500510949,20.157373451],[-99.500546749,20.15743009],[-99.500620339,20.1574614],[-99.50074277,20.15745685],[-99.500822859,20.15743771],[-99.500882829,20.157391311],[-99.50099609,20.157306921],[-99.50106495,20.157256291],[-99.501294119,20.157207311],[-99.501448969,20.15722478],[-99.50151155,20.157351771],[-99.50167042,20.15740692],[-99.501006459,20.15769418],[-99.50207583,20.15868725],[-99.502228179,20.15877823],[-99.502313509,20.15882088],[-99.502415939,20.158879571],[-99.502586579,20.158959491],[-99.50284218,20.15896412],[-99.503103449,20.15896338],[-99.50332488,20.15893594],[-99.50346914,20.158902881],[-99.503606089,20.15886368],[-99.50371658,20.159122141],[-99.50375842,20.159341971],[-99.50404711,20.15959992],[-99.50420591,20.159889001],[-99.504473909,20.16018095],[-99.50474837,20.16027074],[-99.504978539,20.160354371],[-99.505267149,20.16046462],[-99.506367228,20.16282312],[-99.507571018,20.16534497],[-99.508103368,20.16645894],[-99.510188779,20.17078914],[-99.510951138,20.17237474],[-99.511721118,20.17399152],[-99.511856798,20.17428126],[-99.512240249,20.17510017],[-99.51249698,20.175627],[-99.51286689,20.17639565],[-99.5135862,20.17790586],[-99.51364825,20.17831882],[-99.514361725,20.1795096],[-99.51438746,20.17955255],[-99.514398393,20.179578113],[-99.51441028,20.17960591],[-99.51528802,20.18143894],[-99.51604718,20.18311994],[-99.51675508,20.18452145],[-99.51747255,20.18606983],[-99.51835692,20.18790589],[-99.51951803,20.19030828],[-99.519900789,20.190792243],[-99.52004234,20.19097122],[-99.52010538,20.19157592],[-99.520120022,20.191948881],[-99.52014277,20.19252828],[-99.52065769,20.19242552],[-99.52068729,20.19248806],[-99.52016475,20.19262851],[-99.52069512,20.19384175],[-99.52123666,20.19350348],[-99.52150572,20.19308425],[-99.52223143,20.19280748],[-99.52222622,20.19253854],[-99.52455428,20.19185345],[-99.52657098,20.19154012],[-99.52754048,20.19160262],[-99.52921435,20.1907734],[-99.52976617,20.19034043],[-99.52791689,20.19032917],[-99.52903269,20.18967254],[-99.52971163,20.18853638],[-99.53043637,20.18815826],[-99.53053946,20.18766045],[-99.530649,20.18747502],[-99.53083442,20.18686997],[-99.53081938,20.18664302],[-99.53086002,20.18656511],[-99.53134742,20.18672628],[-99.53169068,20.18640009],[-99.5316158,20.18569508],[-99.53154118,20.18527142],[-99.53122949,20.18440678],[-99.53096391,20.18368774],[-99.53072892,20.18374372],[-99.53068165,20.18359097],[-99.5304688,20.18367374],[-99.53039392,20.18346422],[-99.529828294,20.182666097],[-99.529206,20.181788],[-99.52904209,20.18187118],[-99.52906195,20.18074071],[-99.52963852,20.18001292],[-99.52993034,20.17983855],[-99.530454482,20.179536016],[-99.53059718,20.17945365],[-99.53075346,20.17925069],[-99.53096511,20.17889809],[-99.53143775,20.17920074],[-99.5315204,20.17933452],[-99.53191952,20.18014291],[-99.53234163,20.18102865],[-99.53238505,20.18121395],[-99.53243852,20.18155032],[-99.53265005,20.18185072],[-99.53323606,20.18246031],[-99.53361158,20.18286772],[-99.53369878,20.18298551],[-99.53400709,20.18343051],[-99.53467917,20.18437648],[-99.53490908,20.18487306],[-99.53559182,20.18616835],[-99.53594612,20.18665577],[-99.53631237,20.18699077],[-99.53659831,20.18714271],[-99.53721195,20.18715512],[-99.53800342,20.18692955],[-99.5379854,20.18716282],[-99.53820509,20.18726978],[-99.5385978,20.18711662],[-99.53888528,20.18705223],[-99.53925748,20.18703732],[-99.53956954,20.18708194],[-99.5398524,20.18716866],[-99.54011728,20.18729925],[-99.54043568,20.18753923],[-99.54061372,20.18773525],[-99.54068149,20.18784278],[-99.54091365,20.18822697],[-99.54100562,20.18837402],[-99.54109382,20.18851963],[-99.54122712,20.18865985],[-99.54150109,20.188965],[-99.54167809,20.18908254],[-99.54175134,20.18912175],[-99.54199338,20.18923511],[-99.54208018,20.18926014],[-99.54243809,20.18936168],[-99.54288206,20.18948552],[-99.54318955,20.18957192],[-99.54352994,20.18966623],[-99.54368943,20.18972571],[-99.54379998,20.18977128],[-99.54388294,20.18982112],[-99.54411074,20.18995262],[-99.54414857,20.18998698],[-99.54428285,20.19010646],[-99.54437323,20.19018934],[-99.54441951,20.190247],[-99.54446928,20.19031354],[-99.54451645,20.19037315],[-99.54455377,20.19040429],[-99.54481832,20.19040326],[-99.54498362,20.19071042],[-99.54508266,20.19116154],[-99.54497248,20.19161254],[-99.54474557,20.19200371],[-99.54454251,20.19232209],[-99.54426726,20.1926158],[-99.54335277,20.19354628],[-99.54272711,20.19415794],[-99.54230542,20.19471055],[-99.54206934,20.1952456],[-99.54192903,20.19561958],[-99.54186358,20.19606442],[-99.54187934,20.19651177],[-99.54210028,20.19702998],[-99.54230851,20.19738534],[-99.54270678,20.19772143],[-99.54348382,20.19817058],[-99.54399895,20.19848503],[-99.54487622,20.19900783],[-99.54618992,20.19976355],[-99.54699685,20.20026534],[-99.54745426,20.20057948],[-99.54839511,20.20164314],[-99.54912414,20.20244528],[-99.54985657,20.20351228],[-99.55066323,20.20442572],[-99.55210742,20.20554202],[-99.552831,20.20591614],[-99.55382782,20.20633837],[-99.55497352,20.20657042],[-99.55605886,20.20666158],[-99.55702488,20.20661468],[-99.557547544,20.206514901],[-99.5581668,20.20639668],[-99.55919189,20.20612634],[-99.560034739,20.205924656],[-99.56011103,20.2059064],[-99.560147105,20.205894895],[-99.56057903,20.20575714],[-99.56106548,20.20566965],[-99.56200665,20.20555126],[-99.56218417,20.20556714],[-99.56261606,20.20562725],[-99.562634062,20.205650857],[-99.5626994,20.205736541],[-99.56270388,20.20574242],[-99.562703876,20.205826243],[-99.56270386,20.20621755],[-99.562866015,20.206350393],[-99.56290689,20.20638388],[-99.563039857,20.206427219],[-99.563185868,20.206474795],[-99.563304653,20.206513499],[-99.563350659,20.20652849],[-99.563398065,20.206543949],[-99.56342606,20.20655308],[-99.563435668,20.206653774],[-99.56345058,20.20681005],[-99.56381694,20.20711337],[-99.56387074,20.207153932],[-99.56416562,20.20737625],[-99.564622471,20.207797707],[-99.564654567,20.20782732],[-99.564689531,20.207859579],[-99.56470686,20.20787557],[-99.56487388,20.20808435],[-99.56504951,20.20842862],[-99.565050581,20.208725591],[-99.56505203,20.20912685],[-99.5650237,20.209288102],[-99.565018639,20.209316909],[-99.56489628,20.21001335],[-99.56454028,20.21104511],[-99.56445235,20.21124143],[-99.56260931,20.21535623],[-99.562577505,20.21542667],[-99.562564288,20.215455941],[-99.5625642,20.215456137],[-99.562550568,20.215486328],[-99.562530076,20.21553171],[-99.56154735,20.21770812],[-99.561425289,20.217953772],[-99.56140138,20.21800189],[-99.561363955,20.218084441],[-99.560981352,20.218928372],[-99.560978416,20.218934849],[-99.560762087,20.219412014],[-99.560755859,20.219425752],[-99.560222122,20.220603024],[-99.56021502,20.220618687],[-99.55997886,20.22113958],[-99.55973515,20.22171298],[-99.55958712,20.22212534],[-99.559545714,20.222607354],[-99.55954497,20.22261602],[-99.559544909,20.222621072],[-99.55952717,20.2241144],[-99.559527644,20.224166039],[-99.559527645,20.22416619],[-99.55954103,20.22562637],[-99.55943692,20.22856491],[-99.55943414,20.22884522],[-99.55937189,20.23004711],[-99.55939125,20.23042585],[-99.55964843,20.2312418],[-99.55971412,20.2314498],[-99.56015775,20.23244929],[-99.56046726,20.23331032],[-99.56060872,20.23387054],[-99.56096617,20.23561946],[-99.56112115,20.23647882],[-99.56135337,20.23781708],[-99.56145655,20.23857175],[-99.56157431,20.23912509],[-99.56217337,20.23908105],[-99.56315274,20.23899892],[-99.56358042,20.23897109],[-99.5641834,20.23892082],[-99.56463365,20.23887902],[-99.5651124,20.23882686],[-99.56580108,20.2387836],[-99.56626243,20.23874486],[-99.5667096,20.23869243],[-99.56715612,20.23865869],[-99.56750909,20.238631],[-99.56772129,20.23859766],[-99.56799992,20.2385838],[-99.56831068,20.23855492],[-99.56855595,20.23852855],[-99.56902325,20.23849092],[-99.56974686,20.23842705],[-99.57035915,20.23837975],[-99.57115275,20.23830385],[-99.5716708,20.23827428],[-99.57190823,20.23823266],[-99.57239429,20.2381918],[-99.57301474,20.238149],[-99.57361071,20.23808423],[-99.57523137,20.23794802],[-99.57687768,20.23780552],[-99.57983158,20.23755412],[-99.58091342,20.2374094],[-99.58250572,20.23717289],[-99.58416689,20.23645002],[-99.58422869,20.23703434],[-99.586309951,20.236929118],[-99.58755657,20.236866081],[-99.58821605,20.23683272],[-99.58879671,20.236775602],[-99.588796752,20.236775597],[-99.588796782,20.236775594],[-99.59089118,20.23656954],[-99.59210878,20.23647866],[-99.592109932,20.236502566],[-99.592110004,20.236504065],[-99.592110287,20.236509937],[-99.592110769,20.236519965],[-99.592111864,20.23654269],[-99.5921335,20.236992053],[-99.592136715,20.237058804],[-99.592136716,20.237058844],[-99.592136719,20.237058911],[-99.592138225,20.237090182],[-99.59214054,20.23713828],[-99.59213802,20.237302198],[-99.592138019,20.237302251],[-99.592137848,20.237313301],[-99.592137847,20.237313351],[-99.592136712,20.23738692],[-99.592134767,20.23751292],[-99.592134766,20.23751297],[-99.592134373,20.237538496],[-99.592133217,20.23761335],[-99.59213101,20.237756356],[-99.59213101,20.237756406],[-99.59213055,20.23778623],[-99.592130549,20.23778628],[-99.59212722,20.23800234],[-99.592131685,20.23838146],[-99.592133095,20.238501102],[-99.59213386,20.23856611],[-99.592106662,20.238744709],[-99.592060497,20.239047863],[-99.592060489,20.239047911],[-99.592049648,20.239119198],[-99.592049634,20.239119292],[-99.592049621,20.239119368],[-99.592049613,20.239119415],[-99.592049587,20.239119574],[-99.592049579,20.23911962],[-99.592049567,20.239119689],[-99.592007101,20.23939853],[-99.591999819,20.239446344],[-99.591991631,20.239500111],[-99.59198952,20.23951397],[-99.591986708,20.239522018],[-99.591875152,20.239841379],[-99.591875137,20.239841421],[-99.59179957,20.24005771],[-99.591697764,20.240402674],[-99.591697738,20.240402761],[-99.591697642,20.240403078],[-99.591697629,20.24040312],[-99.59156535,20.24085134],[-99.591523399,20.241030672],[-99.59139192,20.24159271],[-99.59110526,20.24245937],[-99.59099105,20.24280832],[-99.59099631,20.24289662],[-99.590869985,20.24336422],[-99.590838947,20.243479097],[-99.590838936,20.243479141],[-99.590514936,20.244678444],[-99.590509444,20.244698773],[-99.59049831,20.244739998],[-99.590498297,20.244740043],[-99.590498289,20.24474007],[-99.590498259,20.244740171],[-99.590498246,20.244740215],[-99.590498227,20.244740277],[-99.58996675,20.24670752],[-99.58992477,20.24688568],[-99.58976431,20.24748215],[-99.589714657,20.24749406],[-99.589402654,20.247568878],[-99.58934389,20.24758297],[-99.588769284,20.247832748],[-99.588767422,20.247833557],[-99.58772572,20.24828637],[-99.58559212,20.24934662],[-99.58355457,20.25087778],[-99.58221266,20.25072189],[-99.58148385,20.25095125],[-99.581564465,20.251928485],[-99.5815858,20.25218712],[-99.581404891,20.252325254],[-99.58133825,20.252376137],[-99.5811778,20.25249865],[-99.580969157,20.252652694],[-99.58041594,20.25306114],[-99.57976655,20.25343658],[-99.57922995,20.25370502],[-99.57848418,20.25395885],[-99.578213068,20.254146514],[-99.578112315,20.254216255],[-99.57808363,20.25423611],[-99.578064678,20.254255644],[-99.578036272,20.254284922],[-99.57779278,20.25453588],[-99.57767598,20.25474495],[-99.577667316,20.254886452],[-99.57765109,20.255151461],[-99.57800495,20.25568942],[-99.57800763,20.25569177],[-99.57846885,20.25609755],[-99.57856109,20.256566631],[-99.57860762,20.25690785],[-99.57865398,20.2572064],[-99.57862943,20.25758709],[-99.578731279,20.25798568],[-99.579036539,20.25831657],[-99.57945212,20.25861128],[-99.57974926,20.25896209],[-99.58003454,20.26000585],[-99.58008598,20.260397],[-99.58017226,20.26059606],[-99.58027349,20.26083582],[-99.58051437,20.26106132],[-99.580691905,20.261078658],[-99.58096257,20.26110509],[-99.581235165,20.261163448],[-99.58137895,20.26119423],[-99.581444951,20.261206447],[-99.58161914,20.26123869],[-99.581863597,20.261359672],[-99.58189168,20.26137357],[-99.581968516,20.261399628],[-99.58201454,20.261415237],[-99.582050221,20.261427338],[-99.58206792,20.26143334],[-99.58221245,20.26156863],[-99.58240638,20.26208163],[-99.582453589,20.26228944],[-99.58247145,20.26236806],[-99.582492384,20.262401875],[-99.58264854,20.26265412],[-99.58274597,20.26303097],[-99.58277466,20.263146321],[-99.58284345,20.26342289],[-99.58300469,20.26375426],[-99.58314972,20.26402534],[-99.583295172,20.264175577],[-99.58344463,20.26432995],[-99.58357698,20.26452031],[-99.5836228,20.26490266],[-99.58349563,20.26512938],[-99.58351305,20.26550649],[-99.58372298,20.26601874],[-99.5839322,20.26633486],[-99.58406078,20.26648529],[-99.58434538,20.26677485],[-99.5847468,20.2671356],[-99.58495602,20.26745171],[-99.58524569,20.26788826],[-99.58547052,20.26809872],[-99.58574346,20.2683392],[-99.58595246,20.26859497],[-99.58617751,20.26886577],[-99.58665438,20.26921749],[-99.58668697,20.26936825],[-99.58675175,20.26957925],[-99.587089,20.26989492],[-99.58720198,20.27015102],[-99.58731451,20.27028643],[-99.58765051,20.27027022],[-99.58798663,20.27028417],[-99.58830678,20.27031328],[-99.58843532,20.27044862],[-99.58869182,20.27056845],[-99.58934,20.27086555],[-99.58970863,20.27101518],[-99.58993397,20.27136142],[-99.59029962,20.27160283],[-99.59058248,20.27182648],[-99.58995892,20.27217485],[-99.58482186,20.27501103],[-99.583760745,20.275592769],[-99.58319094,20.27590515],[-99.581473927,20.276847106],[-99.57859835,20.27842458],[-99.57595714,20.2798526],[-99.568630313,20.278626382],[-99.568547079,20.27861245],[-99.56785525,20.27849663],[-99.56665888,20.278299249],[-99.566618419,20.278292574],[-99.56469346,20.27797494],[-99.56446346,20.27793569],[-99.564462338,20.277935499],[-99.564439615,20.277931621],[-99.56333629,20.27774334],[-99.563081165,20.277706436],[-99.56281808,20.27766838],[-99.56146717,20.27745834],[-99.55983263,20.27722138],[-99.55927717,20.27714752],[-99.559216276,20.277139643],[-99.559151,20.2771312],[-99.55899974,20.27711162],[-99.558073909,20.276930221],[-99.55717674,20.27675442],[-99.55651835,20.27661197],[-99.555518947,20.276438255],[-99.55498528,20.27634549],[-99.554904001,20.27633136],[-99.553704342,20.276122814],[-99.55321751,20.27603818],[-99.553217475,20.276038176],[-99.55309931,20.27602503],[-99.55285688,20.27576168],[-99.5525563,20.275435157],[-99.552092616,20.274931449],[-99.5519538,20.27478065],[-99.55151209,20.27448188],[-99.55108206,20.27444926],[-99.54952851,20.2753498],[-99.54941472,20.27540589],[-99.54962877,20.2765198],[-99.54988242,20.27733508],[-99.54997197,20.27825806],[-99.54974131,20.27862778],[-99.54974355,20.27926326],[-99.54987995,20.27970766],[-99.55025942,20.28009254],[-99.55038683,20.27995248],[-99.55069323,20.28058522],[-99.55094378,20.28157751],[-99.55090509,20.28162626],[-99.55118375,20.28233331],[-99.55155143,20.28275345],[-99.55183063,20.28326457],[-99.552257,20.28442965],[-99.55319703,20.2860132],[-99.55418575,20.28760003],[-99.55476929,20.28882195],[-99.55470323,20.28890715],[-99.55477086,20.28888788],[-99.55477146,20.28905597],[-99.55624129,20.29016985],[-99.55657483,20.29064228],[-99.55708614,20.29171674],[-99.55747057,20.2927916],[-99.5567538,20.29339171],[-99.55662878,20.29391022],[-99.55675249,20.29468488],[-99.55647515,20.29464451],[-99.55628589,20.29464511],[-99.55620188,20.29462277],[-99.55618975,20.29459123],[-99.55400252,20.295529],[-99.55182728,20.29645083],[-99.55169211,20.29605074],[-99.55072089,20.29710605],[-99.55076365,20.29732355],[-99.55087689,20.29740602],[-99.55105337,20.29761843],[-99.5511796,20.29781915],[-99.55109345,20.29830449],[-99.55093108,20.2985298],[-99.55079351,20.2986722],[-99.55034317,20.2987358],[-99.54991712,20.29893826],[-99.54982989,20.299116],[-99.54975512,20.29927005],[-99.54965546,20.29948331],[-99.54963111,20.29969635],[-99.54964437,20.29989743],[-99.54958311,20.30032355],[-99.54955914,20.30064306],[-99.54931454,20.30096775],[-99.54907565,20.30134811],[-99.54869035,20.30164718],[-99.54868458,20.30163265],[-99.54846292,20.30102945],[-99.54768248,20.3018814],[-99.54772648,20.30206772],[-99.54775458,20.30215917],[-99.54540414,20.30318865],[-99.54503806,20.30322949],[-99.54328243,20.30337257],[-99.54396422,20.30469806],[-99.54439498,20.30553442],[-99.54429935,20.30558409],[-99.54309106,20.30616858],[-99.54297052,20.30566906],[-99.54171395,20.30580526],[-99.541181,20.30583765],[-99.54069835,20.30662888],[-99.54009165,20.30762743],[-99.54023734,20.30773235],[-99.54028142,20.30811834],[-99.54012826,20.30896948],[-99.54003429,20.30942485],[-99.53983026,20.30990375],[-99.53935526,20.31043098],[-99.53895014,20.31082098],[-99.53863803,20.31123123],[-99.53856751,20.31154186],[-99.53853437,20.3120142],[-99.53847003,20.31225825],[-99.53828688,20.31264409],[-99.53829551,20.31307697],[-99.5384134,20.31370775],[-99.53786198,20.31461006],[-99.53761663,20.31490554],[-99.53730638,20.31532843],[-99.53682128,20.31626769],[-99.536783,20.31674383],[-99.53638203,20.31731388],[-99.53677035,20.31746988],[-99.5361602,20.31813029],[-99.53576978,20.31792298],[-99.53554935,20.31843965],[-99.53523669,20.31894703],[-99.53490843,20.31918995],[-99.53444586,20.31947542],[-99.53426888,20.31968789],[-99.53400485,20.32027174],[-99.53385783,20.32084282],[-99.53368914,20.32116445],[-99.53351288,20.32196537],[-99.53335963,20.32234566],[-99.53311575,20.32266588],[-99.53278897,20.32272355],[-99.53251288,20.32277505],[-99.5320674,20.32303445],[-99.53162272,20.32322697],[-99.53156928,20.32329585],[-99.53161783,20.32412862],[-99.53146786,20.32483274],[-99.53119569,20.32545106],[-99.53080074,20.3259052],[-99.530694799,20.326027],[-99.529858429,20.32653215],[-99.529128569,20.32699389],[-99.528626509,20.32710797],[-99.528166289,20.32724609],[-99.528076479,20.32719363],[-99.527953049,20.32728874],[-99.526498659,20.3275506],[-99.523756829,20.32546377],[-99.522091459,20.32560092],[-99.520059769,20.32565371],[-99.517110149,20.32580435],[-99.515301259,20.32691382],[-99.513331799,20.32534192],[-99.510708479,20.32519594],[-99.508865249,20.32491709],[-99.508749199,20.32494266],[-99.508717969,20.32507711],[-99.508544109,20.32519705],[-99.508369849,20.32519755],[-99.508312469,20.325167723],[-99.508227049,20.32512332],[-99.508020819,20.32503435],[-99.507894089,20.32503472],[-99.507720119,20.3251248],[-99.507625619,20.32528929],[-99.507562939,20.32549848],[-99.50720966,20.32552703],[-99.506978909,20.32556611],[-99.506802139,20.32550262],[-99.506613169,20.32563812],[-99.506376569,20.32567068],[-99.50612285,20.32563955],[-99.505906949,20.32575983],[-99.505602969,20.32589875],[-99.50531037,20.32596563],[-99.504480249,20.32545842],[-99.504071199,20.32626711],[-99.503656779,20.32708288],[-99.502851139,20.32654654],[-99.502429689,20.32737242],[-99.501948349,20.32817566],[-99.501892249,20.32827028],[-99.500800309,20.32954852],[-99.500031379,20.33047895],[-99.499404909,20.33131482],[-99.498384659,20.33289806],[-99.497944089,20.33357974],[-99.496749689,20.33460685],[-99.491825049,20.33364523],[-99.481076349,20.331544311],[-99.480315779,20.33139562],[-99.480282579,20.33155023],[-99.479656969,20.33257935],[-99.479607139,20.33267723],[-99.479239619,20.33320066],[-99.478990799,20.33305263],[-99.47895915,20.33296711],[-99.478825049,20.33287109],[-99.478555579,20.33290611],[-99.478352059,20.33279971],[-99.478241109,20.33317675],[-99.477861939,20.33300392],[-99.477547859,20.33320958],[-99.477550429,20.33344812],[-99.477237969,20.33396234],[-99.477021599,20.33389223],[-99.476830259,20.33361471],[-99.476199199,20.33372728],[-99.475885249,20.33330206],[-99.475987479,20.33316542],[-99.476063229,20.33316426],[-99.475945659,20.33277435],[-99.475872429,20.33288977],[-99.475751289,20.33291825],[-99.475440999,20.33284055],[-99.475142579,20.33290431],[-99.474845679,20.33289629],[-99.474798599,20.33259295],[-99.474569659,20.33269568],[-99.474046999,20.33288391],[-99.473515999,20.33286488],[-99.473224229,20.33299615],[-99.472890849,20.33313652],[-99.472466519,20.33319255],[-99.472158179,20.33327212],[-99.471614249,20.33350866],[-99.471593339,20.33348431],[-99.470702599,20.33303471],[-99.470816569,20.33262146],[-99.470664969,20.3323132],[-99.470623919,20.33234502],[-99.470079709,20.33210191],[-99.469707599,20.33209806],[-99.469345249,20.33237665],[-99.468532369,20.33201249],[-99.467249319,20.33135188],[-99.467213149,20.33131723],[-99.465420779,20.33005368],[-99.465307919,20.33018783],[-99.465248719,20.32984268],[-99.464787169,20.32941035],[-99.464213769,20.3291956],[-99.463724719,20.32880694],[-99.462956649,20.32870631],[-99.462213049,20.32862854],[-99.461676719,20.32858449],[-99.461140459,20.32855194],[-99.460493399,20.32825568],[-99.459860289,20.32837271],[-99.459579419,20.32822443],[-99.459261889,20.32805331],[-99.459113549,20.32805275],[-99.450529519,20.32802955],[-99.449215319,20.32796618],[-99.448045619,20.32800138],[-99.447601199,20.32782402],[-99.444847219,20.32676042],[-99.442659549,20.3268318],[-99.441751119,20.32700448],[-99.441606339,20.32698988],[-99.440616205,20.326668104],[-99.440596269,20.326661625],[-99.440583852,20.326657589],[-99.44048049,20.326623998],[-99.440413479,20.32660222],[-99.439938229,20.32642328],[-99.439721689,20.32616234],[-99.439439299,20.325813992],[-99.439371356,20.325730178],[-99.439363199,20.325720116],[-99.439345979,20.325698875],[-99.438952819,20.32521388],[-99.437987219,20.32403926],[-99.43735049,20.323265239],[-99.437344145,20.323257527],[-99.437341849,20.323254736],[-99.437322721,20.323231483],[-99.43642605,20.322141455],[-99.436415527,20.322128662],[-99.436414264,20.322127127],[-99.436412625,20.322125134],[-99.435525689,20.32104692],[-99.435177179,20.32130049],[-99.434896919,20.32144122],[-99.434830097,20.321463632],[-99.434747896,20.321491203],[-99.434616539,20.32153526],[-99.434203949,20.32158297],[-99.433833722,20.32193372],[-99.433831891,20.321935456],[-99.43383048,20.321936793],[-99.433818723,20.321947931],[-99.433775849,20.32198855],[-99.433594549,20.32209791],[-99.433413479,20.32228506],[-99.433248829,20.32244105],[-99.432984819,20.32248838],[-99.432505969,20.32245845],[-99.432434957,20.322467263],[-99.4324101,20.322470347],[-99.432407116,20.322470718],[-99.432404969,20.322470984],[-99.431994369,20.32252194],[-99.431697769,20.32272494],[-99.431268849,20.32283491],[-99.430688769,20.32292969],[-99.430259799,20.32302409],[-99.429731599,20.32305651],[-99.429352249,20.32318191],[-99.429104879,20.32327588],[-99.428824519,20.32338546],[-99.428560509,20.32343278],[-99.427652519,20.32343502],[-99.427355399,20.32345129],[-99.427074879,20.32349866],[-99.426827419,20.32356149],[-99.426662489,20.32362414],[-99.426398689,20.32374925],[-99.425486569,20.32440492],[-99.425414258,20.324499795],[-99.425412884,20.324501597],[-99.42541159,20.324503295],[-99.425400811,20.324517437],[-99.425272709,20.32468551],[-99.425108259,20.32491928],[-99.424877459,20.32504431],[-99.424662889,20.32506038],[-99.424382029,20.32498328],[-99.424282749,20.32490572],[-99.424100979,20.32484394],[-99.42374175,20.324767905],[-99.423737569,20.32476702],[-99.423710744,20.324759507],[-99.423707109,20.324758488],[-99.423693211,20.324754595],[-99.423407139,20.32467446],[-99.423224888,20.32466265],[-99.423209495,20.324661653],[-99.423198508,20.324660941],[-99.423175969,20.32465948],[-99.423056341,20.324645068],[-99.422796139,20.32461372],[-99.42255482,20.324489394],[-99.422553794,20.324488865],[-99.422553639,20.324488785],[-99.422465489,20.32444337],[-99.421449319,20.32419688],[-99.420920279,20.32391811],[-99.420606149,20.32374772],[-99.420374859,20.32368603],[-99.419682829,20.32418557],[-99.418957519,20.32459183],[-99.418611119,20.32470157],[-99.418363489,20.32470217],[-99.418198309,20.32467145],[-99.417884719,20.32470331],[-99.417686689,20.32473491],[-99.417389539,20.32473562],[-99.417141819,20.32470509],[-99.416762149,20.32472155],[-99.416498169,20.32478442],[-99.415760089,20.3248484],[-99.415314349,20.32484946],[-99.415149459,20.32492765],[-99.415083599,20.32499003],[-99.414869429,20.32516169],[-99.414704259,20.32513097],[-99.414456459,20.32506932],[-99.414390219,20.32499168],[-99.414240749,20.32466531],[-99.414141249,20.3244944],[-99.414041859,20.32437017],[-99.41373308,20.32416072],[-99.413590459,20.32405928],[-99.413478119,20.32403069],[-99.413335169,20.32400217],[-99.413223119,20.32407938],[-99.413019079,20.32410872],[-99.412814999,20.32411882],[-99.41258017,20.32408089],[-99.412467709,20.32400423],[-99.412365399,20.32390828],[-99.411205289,20.32517097],[-99.410712349,20.32569195],[-99.409584133,20.32516304],[-99.406038949,20.32350097],[-99.404949799,20.32420205],[-99.404671019,20.32436057],[-99.404392349,20.32457171],[-99.404191549,20.32465637],[-99.404024229,20.32473043],[-99.403789999,20.32484675],[-99.403667319,20.32491018],[-99.403443979,20.32492123],[-99.40318709,20.32491129],[-99.402851949,20.32486997],[-99.402583889,20.32486006],[-99.402337999,20.32478695],[-99.401957889,20.32462995],[-99.399369489,20.32115777],[-99.399134829,20.32110568],[-99.39896712,20.32103238],[-99.398743549,20.32094869],[-99.397952739,20.32030257],[-99.397457999,20.31981886],[-99.397163719,20.31955369],[-99.396780569,20.31975418],[-99.396521919,20.31988412],[-99.395685249,20.32023334],[-99.394915309,20.32048768],[-99.394134429,20.32082623],[-99.393911509,20.32099512],[-99.393554909,20.32130115],[-99.393119659,20.32141791],[-99.392688519,20.32145535],[-99.392498999,20.32158208],[-99.392421019,20.32165592],[-99.392265169,20.32185625],[-99.392120489,20.32205654],[-99.391976049,20.32235157],[-99.391831259,20.32250977],[-99.391641779,20.32265754],[-99.391541459,20.32273143],[-99.391340629,20.32280555],[-99.391061509,20.32283775],[-99.390572569,20.32294069],[-99.390516519,20.32268175],[-99.389943969,20.32291711],[-99.389252979,20.32323051],[-99.389152649,20.32332355],[-99.388094679,20.32429114],[-99.387896279,20.32440977],[-99.387337199,20.32473972],[-99.387432601,20.324819736],[-99.387533489,20.32490435],[-99.386628629,20.32573043],[-99.386573228,20.325744426],[-99.385885247,20.325918231],[-99.385765709,20.32594843],[-99.385443841,20.325969186],[-99.384853419,20.32600726],[-99.384774049,20.32572662],[-99.383701709,20.32632703],[-99.383695703,20.326331216],[-99.383579798,20.326411975],[-99.383484709,20.32647823],[-99.383361149,20.32656591],[-99.383320659,20.32689251],[-99.382975279,20.32708806],[-99.381553263,20.327628736],[-99.381490419,20.32765263],[-99.381468261,20.32763549],[-99.381360599,20.32755217],[-99.381385739,20.32770283],[-99.381390799,20.32771765],[-99.381409219,20.3278696],[-99.381402145,20.327894148],[-99.381379379,20.32797315],[-99.381419295,20.32802198],[-99.381481867,20.328098524],[-99.381481949,20.328098624],[-99.381486319,20.32810397],[-99.381478871,20.328111547],[-99.381478745,20.328111674],[-99.381437022,20.328154118],[-99.381313889,20.32827938],[-99.381146569,20.32836395],[-99.381035119,20.32845892],[-99.381013249,20.32864842],[-99.380880319,20.32909075],[-99.380757358,20.329441081],[-99.380747229,20.32946994],[-99.38074501,20.329475355],[-99.380735793,20.329497842],[-99.380718405,20.329540265],[-99.380591799,20.32984917],[-99.380134029,20.33058737],[-99.379830709,20.331238],[-99.379734819,20.33152754],[-99.379720142,20.331598538],[-99.379720122,20.331598634],[-99.379711974,20.33163805],[-99.379711849,20.331638653],[-99.379711478,20.33164045],[-99.37970754,20.331659505],[-99.379705225,20.331670707],[-99.379703268,20.331680178],[-99.379703136,20.331680816],[-99.379702799,20.33168245],[-99.3797,20.331683997],[-99.379698908,20.331684601],[-99.379682039,20.331693922],[-99.379662517,20.331704709],[-99.37962811,20.331723722],[-99.379624787,20.33172556],[-99.379623494,20.331726274],[-99.379568969,20.33175642],[-99.3795636,20.331757353],[-99.37956355,20.331757362],[-99.379323349,20.33179905],[-99.378787659,20.33183668],[-99.378586689,20.33185815],[-99.378296309,20.33185878],[-99.378050629,20.33186985],[-99.377927799,20.33188063],[-99.377849689,20.33191238],[-99.377693419,20.33194429],[-99.377600457,20.331981414],[-99.377600393,20.33198144],[-99.377493412,20.332024162],[-99.377487101,20.332026682],[-99.377481416,20.332028952],[-99.377235816,20.332071582],[-99.377078985,20.332121228],[-99.377034938,20.33213517],[-99.377001735,20.332144633],[-99.376999793,20.332145186],[-99.376926901,20.33216596],[-99.376924501,20.332166644],[-99.376923319,20.33216698],[-99.376745089,20.33235682],[-99.376544418,20.332504595],[-99.376126818,20.33271428],[-99.375635685,20.33283111],[-99.37544598,20.332894661],[-99.37528978,20.33296868],[-99.375189399,20.33302151],[-99.375089179,20.333148031],[-99.375045932,20.333250612],[-99.375044769,20.33325337],[-99.375044649,20.333253828],[-99.375011882,20.333378543],[-99.375011568,20.33337974],[-99.375010599,20.333381762],[-99.374955999,20.333495631],[-99.374721569,20.333538247],[-99.374341829,20.33353905],[-99.374163676,20.333570938],[-99.374163218,20.33357102],[-99.374162394,20.333574157],[-99.374086274,20.333863844],[-99.374085739,20.33386588],[-99.37408499,20.333867062],[-99.373952229,20.334076661],[-99.373949144,20.334078886],[-99.373948488,20.334079359],[-99.373946961,20.33408046],[-99.373944968,20.334081898],[-99.373939837,20.334085599],[-99.373872257,20.334134349],[-99.37379376,20.33419097],[-99.373718089,20.33424555],[-99.373556449,20.33435972],[-99.373405999,20.33450935],[-99.373272399,20.33468855],[-99.373094079,20.33484682],[-99.372790249,20.33506337],[-99.372521109,20.33518272],[-99.372333339,20.33526874],[-99.372214119,20.33535594],[-99.372088779,20.33542148],[-99.371963569,20.33548088],[-99.371864339,20.33554688],[-99.371814549,20.33558911],[-99.371763659,20.33562626],[-99.371750969,20.33568383],[-99.371829279,20.33573629],[-99.371885279,20.33579932],[-99.371858751,20.335862231],[-99.371818649,20.33595734],[-99.371674109,20.33623131],[-99.371562769,20.33637888],[-99.371509017,20.336475084],[-99.371491711,20.336506058],[-99.37148809,20.33651254],[-99.371462679,20.33655802],[-99.371414692,20.336600061],[-99.370731569,20.33719854],[-99.370347249,20.33747391],[-99.370162799,20.33768189],[-99.370026859,20.33788077],[-99.369875919,20.33798383],[-99.369667629,20.3379696],[-99.369402059,20.33776797],[-99.369175949,20.33760634],[-99.368724479,20.33741368],[-99.368338219,20.3373036],[-99.368149857,20.33724446],[-99.367883849,20.33721883],[-99.367612909,20.33722089],[-99.367336709,20.33728926],[-99.367134419,20.33731492],[-99.366699089,20.33743162],[-99.366185819,20.33764318],[-99.365851079,20.33778071],[-99.36560554,20.33785491],[-99.365270539,20.33788717],[-99.364779509,20.3380566],[-99.364411279,20.33820472],[-99.364165879,20.33834205],[-99.363884819,20.33853382],[-99.363885149,20.33867931],[-99.363937049,20.33886105],[-99.363937579,20.3390914],[-99.363783679,20.33929782],[-99.363462059,20.33931062],[-99.3632131,20.339281812],[-99.363050259,20.33926297],[-99.362779889,20.33917866],[-99.362522419,20.33910646],[-99.362107089,20.33904835],[-99.361904879,20.33910774],[-99.361699199,20.33918091],[-99.36145111,20.33922458],[-99.361233369,20.33923346],[-99.36103834,20.33917943],[-99.360870119,20.3391284],[-99.360697309,20.33903678],[-99.360623619,20.33900389],[-99.360561509,20.33897618],[-99.360378999,20.33892491],[-99.360322671,20.338896501],[-99.360231599,20.33885057],[-99.360060049,20.3387758],[-99.359927019,20.33867562],[-99.359793569,20.33859826],[-99.359613459,20.33855535],[-99.359374818,20.338425778],[-99.359315519,20.33839358],[-99.359001418,20.338287783],[-99.358968279,20.33827663],[-99.358929199,20.338270152],[-99.358929172,20.338270146],[-99.358929092,20.338270131],[-99.358681949,20.33822923],[-99.358419579,20.33819858],[-99.358394689,20.338192401],[-99.358205999,20.33814548],[-99.358038819,20.33817006],[-99.35782009,20.33817051],[-99.357588549,20.33818311],[-99.357440949,20.33817414],[-99.357395539,20.33817138],[-99.357390316,20.33817005],[-99.357112339,20.33809923],[-99.356932029,20.33801472],[-99.35684413,20.337942572],[-99.356828909,20.33793008],[-99.356738799,20.33790602],[-99.356519969,20.33785795],[-99.356185379,20.33782228],[-99.355902289,20.3377986],[-99.355606449,20.33782345],[-99.355530453,20.337847771],[-99.355212715,20.337949458],[-99.354985889,20.33802205],[-99.354793859,20.33814489],[-99.35458688,20.338243149],[-99.354501079,20.33828388],[-99.354011739,20.33846531],[-99.353516289,20.33873082],[-99.352955169,20.33899662],[-99.352701319,20.33912317],[-99.352500939,20.3392244],[-99.352233679,20.33932575],[-99.351778979,20.33935188],[-99.351417709,20.33927698]]]]},"properties":{"municipality":"Chapantongo","official_key":"13017","CVE_ENT":"13","CVE_MUN":"017","geometry_kind":"municipality","source":"INEGI Gaia — Servicio vectorial del Marco Geoestadístico"}},"features":[{"type":"Feature","geometry":{"type":"MultiPolygon","crs":{"type":"name","properties":{"name":"EPSG:6365"}},"coordinates":[[[[-99.406209353,20.290508401],[-99.406215644,20.290112143],[-99.406224155,20.289878792],[-99.406238029,20.28970582],[-99.406223601,20.289598125],[-99.406166259,20.289530681],[-99.406057151,20.289421853],[-99.40591191,20.289276981],[-99.405706289,20.289186352],[-99.405093369,20.288890691],[-99.404393001,20.288558383],[-99.404057547,20.28839511],[-99.403589749,20.28816742],[-99.40347223,20.288000408],[-99.40306223,20.288674292],[-99.40015722,20.287000231],[-99.40042912,20.286855091],[-99.40059711,20.28670706],[-99.40091917,20.286281801],[-99.40114857,20.285816941],[-99.40133306,20.285579291],[-99.4016648,20.285370741],[-99.40198278,20.285296721],[-99.40276472,20.284797881],[-99.40299825,20.284070781],[-99.40301737,20.283594571],[-99.40310883,20.283412921],[-99.40348937,20.283169751],[-99.40367262,20.283090711],[-99.40381008,20.283039291],[-99.40395914,20.28298178],[-99.40419425,20.282856981],[-99.40475685,20.282698251],[-99.40516195,20.282420551],[-99.40564577,20.281827951],[-99.40608623,20.281540451],[-99.40617969,20.281323151],[-99.40607385,20.281021081],[-99.40622189,20.280536],[-99.40655929,20.280211781],[-99.40746537,20.279570321],[-99.40779965,20.279528201],[-99.40812977,20.279351051],[-99.40823488,20.278992151],[-99.40820232,20.278468951],[-99.40804826,20.277965921],[-99.40807737,20.277318891],[-99.40800208,20.277128311],[-99.40755737,20.276972051],[-99.40727745,20.276643891],[-99.40729586,20.276061401],[-99.40739549,20.275854771],[-99.4075192,20.275768915],[-99.40780077,20.275888381],[-99.40805122,20.276138201],[-99.40828105,20.276490461],[-99.40853608,20.276692861],[-99.40873131,20.276815051],[-99.40879258,20.276853381],[-99.40933729,20.276952741],[-99.41007265,20.277091661],[-99.41091489,20.277252541],[-99.41110362,20.277288971],[-99.4111942,20.277105461],[-99.41158512,20.276340171],[-99.4117948,20.275921251],[-99.4121562,20.275190711],[-99.41239183,20.274750221],[-99.41567691,20.276822181],[-99.41754354,20.277942741],[-99.41926729,20.279019981],[-99.41936869,20.279186351],[-99.41963811,20.279628341],[-99.42034069,20.280701631],[-99.42154512,20.282606481],[-99.42216385,20.283589291],[-99.42246066,20.284070021],[-99.42272274,20.2844706],[-99.422878079,20.284450251],[-99.423267479,20.284416031],[-99.42374042,20.284393351],[-99.424071799,20.284388662],[-99.42420886,20.284382081],[-99.424251059,20.284789821],[-99.424335769,20.285007621],[-99.42463051,20.285103151],[-99.425075259,20.285329032],[-99.42550662,20.285704712],[-99.425912109,20.286107631],[-99.42621602,20.286494821],[-99.42675608,20.286739122],[-99.427332849,20.287114742],[-99.427703479,20.287400321],[-99.42815795,20.287886742],[-99.42857457,20.288102431],[-99.42909158,20.288410941],[-99.429661519,20.288750422],[-99.430303549,20.288998821],[-99.42921655,20.291013282],[-99.42855715,20.292220432],[-99.428412369,20.292328511],[-99.428265319,20.292683982],[-99.428046909,20.293128971],[-99.42796742,20.293190051],[-99.42800103,20.293382972],[-99.42808646,20.293783231],[-99.42816786,20.294133342],[-99.428260029,20.294566522],[-99.42834878,20.294943111],[-99.42840655,20.295188261],[-99.428567949,20.295871311],[-99.428765109,20.296692431],[-99.42754178,20.296760721],[-99.427384199,20.297056141],[-99.427370829,20.297876452],[-99.426516459,20.297899632],[-99.42329542,20.297986952],[-99.423229769,20.297765422],[-99.42313823,20.297528922],[-99.422994679,20.297251742],[-99.42290326,20.297060121],[-99.422868279,20.296929621],[-99.422858919,20.296672512],[-99.42287555,20.296419421],[-99.422905319,20.296227522],[-99.42289162,20.295958182],[-99.422856289,20.295701141],[-99.422724819,20.295345372],[-99.422578879,20.295125711],[-99.42241402,20.294978222],[-99.42218378,20.294701061],[-99.42202628,20.294445371],[-99.4218734,20.294259422],[-99.42172778,20.294157772],[-99.421511279,20.294088171],[-99.421332059,20.294053542],[-99.421166339,20.294015692],[-99.4209396,20.293904682],[-99.42073652,20.293799981],[-99.4204996,20.293676251],[-99.420204029,20.293388681],[-99.419881619,20.293114712],[-99.419528629,20.292760662],[-99.419315379,20.292457822],[-99.419193169,20.292154741],[-99.41913771,20.291840062],[-99.419106579,20.291553951],[-99.419061199,20.291382821],[-99.418933779,20.291205781],[-99.41867457,20.290971401],[-99.41844123,20.290838371],[-99.41811791,20.290699851],[-99.41761458,20.290611862],[-99.417153799,20.290608032],[-99.41695029,20.290682372],[-99.416789179,20.290909402],[-99.41660694,20.291317721],[-99.41644335,20.291681681],[-99.41634629,20.29189831],[-99.416208139,20.29205637],[-99.41597922,20.292228171],[-99.415754889,20.292332352],[-99.41558546,20.292420821],[-99.41539565,20.292500922],[-99.41517223,20.292656771],[-99.41499109,20.292824462],[-99.414860679,20.293011951],[-99.41473849,20.293127741],[-99.414616259,20.293211661],[-99.414494,20.293287621],[-99.41440968,20.293343581],[-99.41432766,20.293396342],[-99.414261369,20.29344931],[-99.41145046,20.295937622],[-99.409523539,20.297602452],[-99.405972459,20.300708971],[-99.405035879,20.301579822],[-99.40440895,20.302076571],[-99.40425662,20.302236201],[-99.40409698,20.302270371],[-99.40373045,20.302170312],[-99.403425049,20.302091312],[-99.40309011,20.301960402],[-99.402705464,20.301773434],[-99.40269986,20.30177071],[-99.402996919,20.301374544],[-99.403312299,20.300854141],[-99.403331529,20.300822411],[-99.403534489,20.300496511],[-99.40372405,20.30009829],[-99.40359308,20.300070521],[-99.40336749,20.299770231],[-99.402856,20.299594551],[-99.40274415,20.299536121],[-99.40282372,20.299207261],[-99.40272714,20.298638851],[-99.40351283,20.297404021],[-99.40392971,20.296325381],[-99.40487245,20.295768021],[-99.40509745,20.29544671],[-99.40513123,20.295272951],[-99.405139749,20.29459691],[-99.405230919,20.293031951],[-99.40577146,20.29265355],[-99.40617432,20.292458681],[-99.406140774,20.29220941],[-99.406091815,20.291868422],[-99.406107229,20.291597872],[-99.406164582,20.291139906],[-99.406209353,20.290508401]]]]},"properties":{"locality":"Chapantongo","municipality":null,"official_key":"130170001","CVE_ENT":"13","CVE_MUN":"017","CVE_LOC":"0001","ambito":"URBANO","geometry_kind":"locality","source":"INEGI Gaia — Servicio vectorial del Marco Geoestadístico"}},{"type":"Feature","geometry":{"type":"MultiPolygon","crs":{"type":"name","properties":{"name":"EPSG:6365"}},"coordinates":[[[[-99.54590578,20.24824705],[-99.5459804,20.24806434],[-99.546013309,20.24799048],[-99.54586306,20.24792545],[-99.54561378,20.24781355],[-99.545532939,20.247783121],[-99.54539011,20.24783108],[-99.54450545,20.24798103],[-99.543128969,20.24819903],[-99.543181029,20.24855846],[-99.54319769,20.24862352],[-99.54329302,20.24892509],[-99.543353379,20.24904498],[-99.543303029,20.249289111],[-99.54326186,20.24972143],[-99.543267849,20.25017531],[-99.543253359,20.250748356],[-99.542209029,20.250909121],[-99.542165943,20.250657219],[-99.541182277,20.250728553],[-99.5410437,20.248771202],[-99.541641114,20.248607343],[-99.54051715,20.246997401],[-99.540422379,20.246911801],[-99.539388379,20.24548786],[-99.53915045,20.24513712],[-99.539097769,20.244952651],[-99.538693549,20.24501858],[-99.53861942,20.24501838],[-99.537999769,20.24492945],[-99.536237679,20.24463834],[-99.536102674,20.244062901],[-99.535495598,20.24330627],[-99.53498955,20.24302107],[-99.534385151,20.242933845],[-99.533991747,20.243121779],[-99.533961447,20.243113537],[-99.533883333,20.243092289],[-99.533844347,20.243081684],[-99.533538888,20.242600333],[-99.536073924,20.238014309],[-99.536549026,20.237847402],[-99.538693428,20.236791576],[-99.538561955,20.236310696],[-99.53810917,20.236059074],[-99.538144926,20.235072184],[-99.538094852,20.23500639],[-99.538112721,20.234502337],[-99.539071136,20.23482303],[-99.54029295,20.234813991],[-99.540471893,20.235326658],[-99.541040264,20.235296031],[-99.54103708,20.23544851],[-99.542221379,20.23535808],[-99.542190939,20.2350684],[-99.54243203,20.234880031],[-99.54245777,20.234858971],[-99.54297328,20.234412511],[-99.543328739,20.23414649],[-99.543675679,20.23398934],[-99.543944949,20.233842801],[-99.54432089,20.23362692],[-99.544878479,20.23342509],[-99.54546197,20.2332398],[-99.54591795,20.233329401],[-99.54624251,20.233137381],[-99.5465866,20.232963091],[-99.546909309,20.23287871],[-99.547315419,20.232779851],[-99.547730849,20.23279735],[-99.54774582,20.23219302],[-99.548044079,20.23217446],[-99.548071179,20.23214498],[-99.548071629,20.232090111],[-99.548075969,20.23203215],[-99.548444429,20.232081751],[-99.54844395,20.23242318],[-99.54841708,20.232560061],[-99.54849006,20.23251057],[-99.54879165,20.23216635],[-99.54920477,20.232267311],[-99.54978875,20.232331221],[-99.549906579,20.230965451],[-99.54992223,20.23084552],[-99.549942689,20.23073715],[-99.549996479,20.22977908],[-99.550041849,20.229283911],[-99.55000229,20.229280921],[-99.548424739,20.228685941],[-99.548360199,20.22866592],[-99.54842229,20.22862957],[-99.54876978,20.22847969],[-99.54895469,20.228431321],[-99.54907577,20.22846771],[-99.54925569,20.22857642],[-99.54934217,20.22862828],[-99.549433949,20.22867009],[-99.550100849,20.228893311],[-99.550473169,20.229008],[-99.551372139,20.22927483],[-99.55147515,20.229346511],[-99.551319709,20.229667321],[-99.551860919,20.230012941],[-99.55223954,20.23030608],[-99.552379199,20.23053483],[-99.552689459,20.230534491],[-99.553851679,20.232152831],[-99.554039419,20.232431651],[-99.555399479,20.234290231],[-99.55577546,20.23480788],[-99.55618832,20.235377351],[-99.556299089,20.2355516],[-99.55655835,20.2357574],[-99.55708082,20.23625882],[-99.55720977,20.236339231],[-99.55739709,20.236625421],[-99.557516919,20.23684811],[-99.55783369,20.237595221],[-99.55892089,20.24033758],[-99.558398489,20.2404448],[-99.556912679,20.240796721],[-99.55655142,20.24086905],[-99.55626657,20.24095551],[-99.55280658,20.24180668],[-99.552191079,20.24196322],[-99.5520236,20.24205171],[-99.55153982,20.24224438],[-99.551390449,20.242375541],[-99.551176399,20.24255791],[-99.54855552,20.24533615],[-99.54866114,20.24545812],[-99.54936098,20.24630658],[-99.54990765,20.245845741],[-99.55000169,20.245927541],[-99.55022952,20.246089711],[-99.551071819,20.24667851],[-99.550589179,20.247465171],[-99.55052212,20.247556631],[-99.55047463,20.24753623],[-99.55015872,20.24729405],[-99.550276755,20.247867959],[-99.549697379,20.248224881],[-99.54910394,20.24747468],[-99.548954095,20.247375383],[-99.54858889,20.248421277],[-99.547948188,20.248249782],[-99.547613255,20.248460785],[-99.547171827,20.248974338],[-99.54745711,20.24944795],[-99.547904999,20.25051346],[-99.54582145,20.25100677],[-99.545859119,20.2502394],[-99.54589717,20.248293031],[-99.54590578,20.24824705]]]]},"properties":{"locality":"Santa María Amealco","municipality":null,"official_key":"130170003","CVE_ENT":"13","CVE_MUN":"017","CVE_LOC":"0003","ambito":"RURAL","geometry_kind":"locality","source":"INEGI Gaia — Servicio vectorial del Marco Geoestadístico"}},{"type":"Feature","geometry":{"type":"MultiPolygon","crs":{"type":"name","properties":{"name":"EPSG:6365"}},"coordinates":[[[[-99.458104339,20.287198771],[-99.45663234,20.287621141],[-99.45655238,20.287452251],[-99.456477939,20.287343421],[-99.45643009,20.287321551],[-99.45637463,20.28732949],[-99.456331569,20.28730326],[-99.456087029,20.28701523],[-99.456074079,20.28699975],[-99.456026659,20.28695862],[-99.45596928,20.28697331],[-99.455915449,20.28696555],[-99.455820739,20.28692288],[-99.455762029,20.28689842],[-99.45571169,20.28687018],[-99.455678349,20.28683618],[-99.455462659,20.28650837],[-99.45491775,20.285822781],[-99.45477538,20.28558886],[-99.45472583,20.28539706],[-99.453149939,20.28602931],[-99.452722029,20.286160221],[-99.4525476,20.28619385],[-99.452557909,20.286153051],[-99.45413315,20.28437737],[-99.45409015,20.284249381],[-99.454023569,20.284133341],[-99.45401006,20.28396245],[-99.453980489,20.28384594],[-99.45401485,20.28376138],[-99.454041579,20.283712861],[-99.454043229,20.28362494],[-99.4540422,20.283466321],[-99.45408914,20.282744091],[-99.45388875,20.282727691],[-99.4537354,20.28256582],[-99.453667819,20.28241185],[-99.453538569,20.281680201],[-99.453984779,20.281588251],[-99.45456711,20.28141452],[-99.454744829,20.28138149],[-99.45482686,20.28138111],[-99.455755709,20.28170625],[-99.45594898,20.281996421],[-99.45624326,20.28258518],[-99.45640155,20.28309232],[-99.45645129,20.283218381],[-99.45652171,20.28332603],[-99.456534459,20.28342552],[-99.456522319,20.28358938],[-99.45697665,20.28374746],[-99.457080149,20.28382],[-99.457232419,20.283977941],[-99.4572946,20.284104261],[-99.45736517,20.284158881],[-99.457450059,20.284222351],[-99.45755195,20.284163921],[-99.457901049,20.284193661],[-99.45819149,20.28422345],[-99.458319029,20.28423054],[-99.45831557,20.284156251],[-99.45824622,20.2839368],[-99.45821672,20.283667861],[-99.459670119,20.283493401],[-99.459720169,20.28348382],[-99.45999786,20.2822568],[-99.46005871,20.28211688],[-99.460496429,20.281294121],[-99.460725369,20.280983861],[-99.46112557,20.280555691],[-99.461365109,20.280199861],[-99.46173138,20.27981783],[-99.46172625,20.27970542],[-99.46186651,20.279525171],[-99.46192977,20.279453651],[-99.46213308,20.279226001],[-99.46229651,20.279095851],[-99.462781599,20.278814951],[-99.46312558,20.278653341],[-99.46325206,20.278575771],[-99.463389249,20.27858171],[-99.463604369,20.278519651],[-99.463732779,20.278445401],[-99.46387822,20.278410681],[-99.46397743,20.278391951],[-99.4640278,20.27857366],[-99.46407409,20.278888571],[-99.464170279,20.279030751],[-99.46426151,20.279113781],[-99.46434735,20.279305141],[-99.464641319,20.280116181],[-99.46487049,20.280794],[-99.46523635,20.282022511],[-99.465379079,20.28258242],[-99.465376659,20.28262703],[-99.46520345,20.282682201],[-99.465031829,20.28273591],[-99.46500763,20.282762311],[-99.46500823,20.282814431],[-99.46503258,20.282869431],[-99.465124179,20.283039181],[-99.46525918,20.28328472],[-99.46530245,20.28336251],[-99.46552851,20.28339083],[-99.46572435,20.28341654],[-99.46591975,20.28347989],[-99.46615158,20.28358389],[-99.46626342,20.283570741],[-99.466418659,20.283508231],[-99.466537569,20.283400061],[-99.466587719,20.28327571],[-99.46661765,20.28309595],[-99.46661506,20.282950711],[-99.466674619,20.282891621],[-99.46684683,20.282774321],[-99.46698262,20.28268425],[-99.467127889,20.28258652],[-99.467256489,20.28252858],[-99.46739618,20.282445781],[-99.46748769,20.282382231],[-99.467516599,20.282257521],[-99.467518749,20.2821424],[-99.467568799,20.28202306],[-99.46766097,20.28192446],[-99.46782963,20.28177035],[-99.468028489,20.281648491],[-99.468232109,20.281556741],[-99.468435619,20.28147002],[-99.46865405,20.2814386],[-99.46879177,20.28146092],[-99.468976909,20.28150406],[-99.46907308,20.281475621],[-99.469175489,20.281397221],[-99.469293749,20.281324081],[-99.46940482,20.28135095],[-99.469572909,20.281453891],[-99.469661619,20.28154049],[-99.469798119,20.28162789],[-99.469956249,20.28169562],[-99.469983179,20.281702421],[-99.469986999,20.28178772],[-99.4699926,20.28194071],[-99.47002698,20.282658521],[-99.47021032,20.283726441],[-99.469160434,20.284196436],[-99.469011,20.284049021],[-99.468335854,20.284505415],[-99.469033057,20.287382224],[-99.4680934,20.287455121],[-99.467713119,20.287656381],[-99.467444649,20.287768021],[-99.46719751,20.287902221],[-99.466984289,20.28796737],[-99.466722,20.288012081],[-99.46586318,20.28814172],[-99.465404119,20.288203401],[-99.465186079,20.288244251],[-99.464302775,20.287487292],[-99.464222306,20.287415041],[-99.464098403,20.287696714],[-99.464017675,20.287851386],[-99.46399347,20.287934082],[-99.463990722,20.288031871],[-99.464051008,20.288259226],[-99.463649314,20.288525107],[-99.462985785,20.288108346],[-99.462971864,20.287711279],[-99.462805312,20.287363053],[-99.463336132,20.286632423],[-99.46281589,20.28616577],[-99.462328479,20.285841031],[-99.4614998,20.28554568],[-99.461123219,20.28543334],[-99.460682199,20.28532698],[-99.460175449,20.285253371],[-99.45984054,20.285213461],[-99.45979138,20.285480201],[-99.45969515,20.28586948],[-99.45972434,20.28610585],[-99.459723349,20.28617574],[-99.45967972,20.286190021],[-99.459621619,20.28623952],[-99.45958603,20.286301751],[-99.459542539,20.28644105],[-99.45947729,20.28680518],[-99.459473079,20.286907691],[-99.459523399,20.287213281],[-99.45967058,20.28780051],[-99.45973286,20.28805848],[-99.45975582,20.28818837],[-99.45975048,20.28831049],[-99.45973712,20.288373951],[-99.45969772,20.288465091],[-99.45962591,20.288571891],[-99.459482779,20.28882357],[-99.45945403,20.28884614],[-99.459406719,20.28886134],[-99.459338029,20.28882825],[-99.45929958,20.288789261],[-99.45892742,20.28854858],[-99.45878805,20.288477061],[-99.458490369,20.28817494],[-99.458264919,20.28791174],[-99.45822215,20.287695571],[-99.458204339,20.287422221],[-99.458157679,20.28729666],[-99.458104339,20.287198771]]]]},"properties":{"locality":"Bathi","municipality":null,"official_key":"130170005","CVE_ENT":"13","CVE_MUN":"017","CVE_LOC":"0005","ambito":"RURAL","geometry_kind":"locality","source":"INEGI Gaia — Servicio vectorial del Marco Geoestadístico"}},{"type":"Feature","geometry":{"type":"MultiPolygon","crs":{"type":"name","properties":{"name":"EPSG:6365"}},"coordinates":[[[[-99.506472549,20.178946621],[-99.50615512,20.180067021],[-99.505933939,20.180758881],[-99.50564185,20.18182023],[-99.505480749,20.1822628],[-99.50540114,20.18250966],[-99.50423726,20.18212665],[-99.503457289,20.18185457],[-99.503003309,20.181707381],[-99.502102629,20.18140831],[-99.501070725,20.181046506],[-99.500379275,20.182362564],[-99.49989712,20.183311046],[-99.49959114,20.183989736],[-99.498830819,20.185773544],[-99.497025432,20.184635854],[-99.495873163,20.18393446],[-99.497145775,20.180664016],[-99.497310717,20.17978398],[-99.497057036,20.179653549],[-99.497555711,20.177822107],[-99.498088429,20.17612609],[-99.498183139,20.17590172],[-99.498305909,20.17577512],[-99.49840335,20.175702691],[-99.498498889,20.1756924],[-99.498641259,20.17572206],[-99.49873658,20.17546472],[-99.49931892,20.175672061],[-99.499213956,20.175937996],[-99.500668585,20.176427408],[-99.500471157,20.176910235],[-99.5009578,20.17706482],[-99.501537719,20.17722378],[-99.50159449,20.177223621],[-99.50174329,20.17721017],[-99.501856909,20.17722577],[-99.501916819,20.177244431],[-99.502007539,20.177306431],[-99.50206451,20.1773642],[-99.50210477,20.17743605],[-99.50216934,20.17746382],[-99.502771139,20.17767378],[-99.502812799,20.177711],[-99.50289405,20.177746251],[-99.50299332,20.17778963],[-99.50317491,20.17723546],[-99.50449243,20.177628971],[-99.50486285,20.177752781],[-99.50499112,20.17738851],[-99.50673111,20.17803091],[-99.506472549,20.178946621]]]]},"properties":{"locality":"El Capulín","municipality":null,"official_key":"130170006","CVE_ENT":"13","CVE_MUN":"017","CVE_LOC":"0006","ambito":"RURAL","geometry_kind":"locality","source":"INEGI Gaia — Servicio vectorial del Marco Geoestadístico"}},{"type":"Feature","geometry":{"type":"MultiPolygon","crs":{"type":"name","properties":{"name":"EPSG:6365"}},"coordinates":[[[[-99.508330629,20.27376134],[-99.50787018,20.27372566],[-99.50790978,20.27383042],[-99.50810555,20.274209831],[-99.50821743,20.27439868],[-99.50828335,20.274542431],[-99.507803339,20.274531491],[-99.507274049,20.27451855],[-99.507204229,20.274518751],[-99.506834999,20.273716461],[-99.50681615,20.273683291],[-99.506665479,20.273417851],[-99.505667972,20.273436371],[-99.505360289,20.27361818],[-99.505090158,20.273669152],[-99.504748154,20.273650853],[-99.504403434,20.273676954],[-99.504144874,20.273587508],[-99.503856054,20.273565281],[-99.503659429,20.273143359],[-99.504191668,20.272302582],[-99.504143727,20.271541052],[-99.505089199,20.271227255],[-99.504865428,20.270560407],[-99.505327797,20.270311762],[-99.505451244,20.270539201],[-99.505976534,20.270419378],[-99.505917102,20.269816463],[-99.506744502,20.269861765],[-99.506774495,20.26997433],[-99.507591466,20.270194129],[-99.50769171,20.26997995],[-99.50775412,20.269778951],[-99.507858969,20.269786681],[-99.5078616,20.26980917],[-99.50786011,20.26987503],[-99.507873979,20.26995131],[-99.507920419,20.270057581],[-99.507959769,20.27010648],[-99.50802977,20.27014402],[-99.50801668,20.270176581],[-99.508109569,20.271127431],[-99.50816234,20.27140326],[-99.508282979,20.271829971],[-99.508305599,20.271931351],[-99.508318539,20.27196154],[-99.508338739,20.271968711],[-99.508457179,20.271997381],[-99.508933979,20.272112801],[-99.50905092,20.27212705],[-99.509301727,20.273767878],[-99.508781719,20.27377806],[-99.508330629,20.27376134]]]]},"properties":{"locality":"Chapulaco","municipality":null,"official_key":"130170007","CVE_ENT":"13","CVE_MUN":"017","CVE_LOC":"0007","ambito":"RURAL","geometry_kind":"locality","source":"INEGI Gaia — Servicio vectorial del Marco Geoestadístico"}},{"type":"Feature","geometry":{"type":"MultiPolygon","crs":{"type":"name","properties":{"name":"EPSG:6365"}},"coordinates":[[[[-99.475554492,20.196480556],[-99.475393263,20.196613136],[-99.47535989,20.196750755],[-99.475380687,20.197171348],[-99.47490778,20.197864477],[-99.47453498,20.198139623],[-99.473264654,20.197882913],[-99.473152503,20.197790539],[-99.474774902,20.196531641],[-99.474886537,20.196338015],[-99.47458488,20.196012031],[-99.474527289,20.195425491],[-99.474358889,20.19509498],[-99.47395149,20.19445492],[-99.473747259,20.194118461],[-99.473287749,20.192950651],[-99.473140629,20.192720771],[-99.473042455,20.192421813],[-99.473011231,20.19149008],[-99.474377838,20.191969642],[-99.474699974,20.19172307],[-99.475068299,20.191625987],[-99.476201016,20.191638735],[-99.47656818,20.19156903],[-99.47667385,20.191611741],[-99.47690708,20.19195469],[-99.476984259,20.192279831],[-99.476973349,20.19246998],[-99.476929279,20.192781741],[-99.47679749,20.193128661],[-99.476276155,20.194375478],[-99.476313849,20.194476871],[-99.47646041,20.194559333],[-99.476820894,20.195444977],[-99.476424226,20.195638974],[-99.476353355,20.19586981],[-99.476415622,20.196272918],[-99.47647109,20.196296721],[-99.47657155,20.19633252],[-99.47673883,20.196343341],[-99.47690929,20.19630532],[-99.47720348,20.19629183],[-99.47761709,20.196290311],[-99.47794763,20.19631517],[-99.478043489,20.19640511],[-99.478136399,20.19642032],[-99.47831938,20.19641982],[-99.478357649,20.19643002],[-99.47849169,20.196501821],[-99.478631659,20.19653234],[-99.47872449,20.1965496],[-99.478814169,20.19654352],[-99.47896869,20.196505151],[-99.4791602,20.196420001],[-99.479277739,20.196422601],[-99.47943274,20.196536],[-99.47962371,20.196642891],[-99.47968278,20.1966262],[-99.47973306,20.19660334],[-99.479804969,20.196489511],[-99.479916339,20.19639211],[-99.480133019,20.196362601],[-99.480262369,20.19642009],[-99.480309549,20.19643086],[-99.48037318,20.19647811],[-99.480519429,20.19673226],[-99.480537089,20.19692648],[-99.48056583,20.197505781],[-99.480640819,20.197961121],[-99.480664479,20.198071111],[-99.48081168,20.19842298],[-99.480994679,20.198583351],[-99.481045399,20.19868065],[-99.48109869,20.19883231],[-99.481334229,20.199499511],[-99.48172269,20.1999582],[-99.481961199,20.20023548],[-99.482055569,20.20068995],[-99.482029059,20.200823911],[-99.48197003,20.201038291],[-99.48196768,20.20117425],[-99.48202637,20.20134138],[-99.482110089,20.20153722],[-99.482240799,20.201696311],[-99.48199157,20.202084351],[-99.481670289,20.202367481],[-99.48139486,20.2025962],[-99.480781447,20.202946383],[-99.479934184,20.203112985],[-99.47955037,20.202830021],[-99.479325489,20.20260118],[-99.479039369,20.202225541],[-99.47900846,20.202057121],[-99.479023,20.201845571],[-99.47898809,20.201612631],[-99.47874446,20.20157957],[-99.478460139,20.20149571],[-99.47827442,20.201386181],[-99.47802517,20.20088403],[-99.477986259,20.200448621],[-99.477720489,20.200093231],[-99.477325949,20.19985222],[-99.4771762,20.199655581],[-99.47717551,20.199430401],[-99.47709718,20.19918291],[-99.47658665,20.19817148],[-99.476410179,20.197904021],[-99.47621878,20.19768154],[-99.475936199,20.19747105],[-99.47589012,20.19731469],[-99.475554492,20.196480556]]],[[[-99.46409823,20.200298321],[-99.464286749,20.2003788],[-99.46449985,20.200506631],[-99.46466837,20.20057552],[-99.46477722,20.20061595],[-99.464842109,20.20076368],[-99.464917689,20.20084674],[-99.46534497,20.20122335],[-99.46556695,20.201384521],[-99.46558902,20.20142815],[-99.465886309,20.202853891],[-99.466108199,20.20388883],[-99.46591198,20.203780001],[-99.465771169,20.203637121],[-99.465677769,20.203523401],[-99.465503549,20.20341652],[-99.46520751,20.20316963],[-99.465159859,20.20291325],[-99.46516082,20.202901651],[-99.46517331,20.20274988],[-99.46517275,20.20256494],[-99.464821999,20.202025061],[-99.464560399,20.20167414],[-99.46423271,20.201038661],[-99.46418131,20.200803061],[-99.46414252,20.200604181],[-99.46409338,20.20046286],[-99.464078199,20.20040042],[-99.46403812,20.20033035],[-99.46409823,20.200298321]]]]},"properties":{"locality":"Juchitlán","municipality":null,"official_key":"130170011","CVE_ENT":"13","CVE_MUN":"017","CVE_LOC":"0011","ambito":"RURAL","geometry_kind":"locality","source":"INEGI Gaia — Servicio vectorial del Marco Geoestadístico"}},{"type":"Feature","geometry":{"type":"MultiPolygon","crs":{"type":"name","properties":{"name":"EPSG:6365"}},"coordinates":[[[[-99.55898177,20.21001763],[-99.55929885,20.20959775],[-99.55935712,20.20960077],[-99.55939857,20.2095908],[-99.55941248,20.20955154],[-99.55944674,20.20949137],[-99.55946,20.20940072],[-99.55949238,20.20933514],[-99.55953868,20.20927074],[-99.56133738,20.2069092],[-99.56193271,20.20659115],[-99.56201237,20.20654894],[-99.56215483,20.20651226],[-99.56242888,20.20650158],[-99.56267309,20.20655066],[-99.56312946,20.20672928],[-99.56329415,20.20683266],[-99.563350659,20.206528491],[-99.56336094,20.20647315],[-99.563039856,20.206427219],[-99.56303155,20.20642602],[-99.56253065,20.2062812],[-99.56229568,20.20624031],[-99.56202026,20.20622782],[-99.56200051,20.20587929],[-99.56199791,20.20578634],[-99.56199522,20.20570091],[-99.56211126,20.20569674],[-99.562699399,20.205736541],[-99.56278778,20.20574252],[-99.56413191,20.20585702],[-99.56538091,20.20598171],[-99.56593535,20.20601051],[-99.56667722,20.20608525],[-99.56722078,20.20622671],[-99.56771797,20.20645645],[-99.56752675,20.20660949],[-99.56748158,20.20667551],[-99.56747558,20.20678669],[-99.56751182,20.20688534],[-99.5676066,20.20697662],[-99.56774642,20.20709955],[-99.56775655,20.20720346],[-99.56777934,20.20727172],[-99.56788423,20.20733375],[-99.56806572,20.20749609],[-99.56810429,20.20757592],[-99.56808131,20.20774154],[-99.56803705,20.20786718],[-99.56792374,20.20792678],[-99.56775717,20.20795618],[-99.56770578,20.20803269],[-99.56776629,20.20811665],[-99.56784689,20.20819526],[-99.56791363,20.20826612],[-99.56792222,20.20834546],[-99.56788317,20.20840331],[-99.56782002,20.208458],[-99.56767358,20.20848017],[-99.56758851,20.20842789],[-99.56756318,20.20838975],[-99.56752245,20.2084306],[-99.567430323,20.208436677],[-99.567343108,20.208391892],[-99.567279585,20.208364477],[-99.567253354,20.208377262],[-99.56725989,20.20845846],[-99.56725031,20.20854695],[-99.56715072,20.208634],[-99.5670202,20.20866209],[-99.56682314,20.20866837],[-99.56671318,20.20855343],[-99.56658058,20.20836271],[-99.56647257,20.20825158],[-99.56622735,20.20811815],[-99.56591618,20.20796246],[-99.56557458,20.2078456],[-99.56532731,20.20778782],[-99.56497388,20.20776062],[-99.56478318,20.20773065],[-99.56466808,20.20751591],[-99.564654567,20.20782732],[-99.56463234,20.20833955],[-99.56466695,20.20838117],[-99.56477189,20.20854669],[-99.56488785,20.20872323],[-99.56490538,20.2088598],[-99.5649224,20.20895355],[-99.5649268,20.20935449],[-99.56491755,20.20944851],[-99.56481188,20.21012128],[-99.56476062,20.21029262],[-99.56465431,20.21058303],[-99.56322885,20.21371982],[-99.5627456,20.21484632],[-99.56249531,20.21542497],[-99.56248548,20.2154448],[-99.56174266,20.21713365],[-99.56166097,20.21730498],[-99.56116666,20.21727832],[-99.56139209,20.2163292],[-99.56118398,20.21558298],[-99.56112414,20.21532505],[-99.56107794,20.21510948],[-99.56107366,20.21502737],[-99.5610438,20.21496858],[-99.56097108,20.21492177],[-99.56108218,20.21478642],[-99.56092143,20.21475374],[-99.56067085,20.21471022],[-99.56023,20.21454595],[-99.55947866,20.21408931],[-99.55854634,20.21342526],[-99.5582374,20.21321251],[-99.55773331,20.21287925],[-99.55769423,20.21285395],[-99.55788498,20.21202023],[-99.55793657,20.21183217],[-99.55799598,20.21160088],[-99.558369,20.21046229],[-99.55925937,20.21015488],[-99.55935343,20.21012325],[-99.55928091,20.21009903],[-99.55898177,20.21001763]]]]},"properties":{"locality":"San José el Márquez (Escandón)","municipality":null,"official_key":"130170012","CVE_ENT":"13","CVE_MUN":"017","CVE_LOC":"0012","ambito":"RURAL","geometry_kind":"locality","source":"INEGI Gaia — Servicio vectorial del Marco Geoestadístico"}},{"type":"Feature","geometry":{"type":"MultiPolygon","crs":{"type":"name","properties":{"name":"EPSG:6365"}},"coordinates":[[[[-99.554416029,20.27593506],[-99.554278819,20.27592165],[-99.553909259,20.27599195],[-99.55372928,20.276055601],[-99.55354,20.27565886],[-99.553380429,20.275234341],[-99.553431599,20.27474005],[-99.55358652,20.274496801],[-99.553755179,20.274304631],[-99.553834949,20.273876371],[-99.553913979,20.27324369],[-99.55382392,20.2723458],[-99.553758179,20.272189521],[-99.553406849,20.271704421],[-99.55313938,20.27148172],[-99.552802479,20.271078231],[-99.55275977,20.270836551],[-99.5528114,20.270639001],[-99.552978059,20.270421341],[-99.553158689,20.270055861],[-99.553282449,20.26977223],[-99.55327248,20.26956746],[-99.5533062,20.26946826],[-99.553243569,20.269144221],[-99.55316109,20.268899151],[-99.553264139,20.26890038],[-99.55421154,20.26904549],[-99.554561779,20.269114751],[-99.55469445,20.26916823],[-99.554843999,20.269243861],[-99.55498582,20.269255181],[-99.555086549,20.26923543],[-99.55526503,20.269178691],[-99.555934539,20.26922068],[-99.55638474,20.26926832],[-99.556678829,20.269304181],[-99.5572044,20.26938997],[-99.55751432,20.26950211],[-99.55818837,20.269624381],[-99.558359849,20.26965015],[-99.558799849,20.269710691],[-99.55918391,20.269741821],[-99.559646259,20.2698206],[-99.560198879,20.269928601],[-99.56112231,20.27006908],[-99.56192918,20.270205771],[-99.56269249,20.27029057],[-99.563166079,20.27034388],[-99.56320398,20.26913617],[-99.563255539,20.267703121],[-99.56329208,20.267075691],[-99.563300909,20.266962371],[-99.563267219,20.26675034],[-99.56325743,20.266055431],[-99.56321494,20.26574594],[-99.563068229,20.26481406],[-99.56319405,20.263454491],[-99.56338846,20.26195946],[-99.56345072,20.26205269],[-99.56351086,20.26213551],[-99.563546149,20.262158631],[-99.56364714,20.262221621],[-99.563677999,20.262233851],[-99.56378269,20.26226082],[-99.56396545,20.262279381],[-99.564058689,20.262269491],[-99.56419592,20.262230661],[-99.564297819,20.26218332],[-99.56463594,20.26194502],[-99.56480845,20.261872281],[-99.56510537,20.26173105],[-99.565389689,20.26155792],[-99.565528849,20.26146291],[-99.565573369,20.261397921],[-99.565663679,20.26132405],[-99.56598217,20.261087091],[-99.56609094,20.261012401],[-99.566288849,20.260905621],[-99.566495779,20.260830821],[-99.56681515,20.26072195],[-99.567143319,20.26059849],[-99.567769,20.260373861],[-99.56840978,20.26010443],[-99.5688958,20.259908311],[-99.569219349,20.259764921],[-99.569375979,20.25965774],[-99.56951189,20.259496491],[-99.56991649,20.25891045],[-99.57015137,20.25855394],[-99.57020662,20.258474141],[-99.570423539,20.25826182],[-99.570975779,20.25767045],[-99.57133517,20.257307651],[-99.571506029,20.25708665],[-99.57162377,20.25695786],[-99.57205611,20.256531451],[-99.572265849,20.25631477],[-99.57257758,20.256030971],[-99.57261975,20.25600135],[-99.57272066,20.25595074],[-99.572793849,20.25585515],[-99.573055,20.255358651],[-99.573471109,20.25460635],[-99.573672767,20.254656439],[-99.573874423,20.254787053],[-99.574148993,20.254746317],[-99.574590842,20.254705104],[-99.57483081,20.254783728],[-99.57501966,20.255283294],[-99.575197726,20.255523842],[-99.575368134,20.255652168],[-99.575634067,20.25584597],[-99.575838842,20.255999679],[-99.576018356,20.256284805],[-99.57617347,20.256406579],[-99.576391249,20.256612179],[-99.576663508,20.257006911],[-99.576971749,20.257291182],[-99.577513042,20.258336702],[-99.577789149,20.258560955],[-99.578253391,20.2593233],[-99.578425994,20.26003824],[-99.578530298,20.261031098],[-99.578705651,20.26113614],[-99.579162796,20.261278899],[-99.579558279,20.261377716],[-99.579959666,20.261466319],[-99.58053754,20.261556771],[-99.580634259,20.26158958],[-99.58105486,20.26172349],[-99.581110319,20.261754251],[-99.580884949,20.26189023],[-99.580475549,20.26218428],[-99.58023194,20.262376661],[-99.580179629,20.262484121],[-99.58009677,20.26258646],[-99.57969495,20.26316755],[-99.579576919,20.263365621],[-99.57948518,20.26362815],[-99.579393309,20.264052781],[-99.579325309,20.264376141],[-99.579190689,20.26462515],[-99.578972509,20.26511872],[-99.57864443,20.26579649],[-99.57855432,20.26599097],[-99.578415579,20.266137061],[-99.577902739,20.2664576],[-99.577621109,20.2665954],[-99.57685482,20.26689315],[-99.57631334,20.26709509],[-99.576004769,20.267303921],[-99.575776859,20.267548451],[-99.575695659,20.267677891],[-99.57558335,20.267932741],[-99.575248489,20.26873302],[-99.575136779,20.26887806],[-99.57501383,20.269019621],[-99.574815879,20.269170821],[-99.57472377,20.269277081],[-99.574661369,20.269380111],[-99.574411659,20.269757951],[-99.574305539,20.27010418],[-99.574274199,20.270310651],[-99.574260679,20.270596831],[-99.57433877,20.270821291],[-99.57435049,20.27088838],[-99.574332489,20.27099022],[-99.574087199,20.27118942],[-99.573706379,20.271537291],[-99.573539859,20.271774651],[-99.57343909,20.272080431],[-99.573311849,20.272205281],[-99.572543459,20.27288923],[-99.57215475,20.27321503],[-99.571709509,20.27353322],[-99.57142482,20.273791601],[-99.57130192,20.27406122],[-99.571061549,20.27464374],[-99.570974179,20.274905801],[-99.570896139,20.27512618],[-99.5707958,20.275290121],[-99.56994775,20.27654938],[-99.5698466,20.276681521],[-99.569623449,20.27729518],[-99.569339229,20.27780926],[-99.56918265,20.278094581],[-99.569139769,20.278137341],[-99.568893279,20.27839585],[-99.56880755,20.27848946],[-99.568547078,20.27861245],[-99.568513279,20.2786284],[-99.56665888,20.278299249],[-99.566618419,20.278292574],[-99.56469346,20.277974941],[-99.564463459,20.27793569],[-99.564462337,20.2779355],[-99.564439615,20.277931622],[-99.563080549,20.277712981],[-99.56089382,20.2773994],[-99.55921066,20.277142431],[-99.559151,20.277131201],[-99.55832417,20.27697552],[-99.558073909,20.276930222],[-99.555511779,20.27646643],[-99.55500337,20.27636055],[-99.554985279,20.276345491],[-99.55486452,20.276244881],[-99.5547278,20.27606723],[-99.554695379,20.27603685],[-99.554416029,20.27593506]]]]},"properties":{"locality":"Nueva Santa Lucía","municipality":null,"official_key":"130170013","CVE_ENT":"13","CVE_MUN":"017","CVE_LOC":"0013","ambito":"RURAL","geometry_kind":"locality","source":"INEGI Gaia — Servicio vectorial del Marco Geoestadístico"}},{"type":"Feature","geometry":{"type":"MultiPolygon","crs":{"type":"name","properties":{"name":"EPSG:6365"}},"coordinates":[[[[-99.483237007,20.234356174],[-99.482979136,20.234398173],[-99.481754547,20.234582685],[-99.481168166,20.234602973],[-99.480544306,20.234552284],[-99.480061877,20.234428494],[-99.479627337,20.234234763],[-99.479207778,20.234013374],[-99.477948906,20.233266084],[-99.477735408,20.233080454],[-99.477664346,20.233005654],[-99.477503317,20.232809864],[-99.477448946,20.232704634],[-99.477339256,20.232452423],[-99.477260847,20.232218174],[-99.477251797,20.232127144],[-99.477271608,20.231524173],[-99.477181457,20.231551134],[-99.477057227,20.231574434],[-99.476919336,20.231539163],[-99.476845647,20.231434395],[-99.476796738,20.231314343],[-99.476768028,20.231115433],[-99.476678848,20.230993633],[-99.476359257,20.230699174],[-99.476199138,20.230547063],[-99.475991807,20.230424773],[-99.475563476,20.229964944],[-99.475493137,20.229815854],[-99.474754708,20.228669433],[-99.474715197,20.228599894],[-99.474646997,20.228350794],[-99.474569646,20.228225174],[-99.474486887,20.228199083],[-99.474368277,20.228151394],[-99.474276967,20.228033963],[-99.474175397,20.227892604],[-99.474039228,20.227764624],[-99.473909118,20.227682433],[-99.473722547,20.227518403],[-99.473799337,20.227445764],[-99.473891137,20.227372454],[-99.473974167,20.227320224],[-99.474166607,20.227260494],[-99.474583826,20.227173053],[-99.474791547,20.227141653],[-99.476271336,20.227047284],[-99.476306058,20.227008464],[-99.476508137,20.226861164],[-99.476599767,20.226745774],[-99.476725277,20.226566664],[-99.476832767,20.226501564],[-99.477009628,20.226442433],[-99.477126517,20.226406333],[-99.477221277,20.226361513],[-99.477381168,20.226347824],[-99.477498647,20.226328494],[-99.477516146,20.226267265],[-99.477491657,20.226144944],[-99.477464548,20.225996284],[-99.476462088,20.225612164],[-99.476253678,20.225553713],[-99.476392996,20.225279004],[-99.476772117,20.224773734],[-99.477028478,20.224228863],[-99.477502707,20.223914063],[-99.477978207,20.223890634],[-99.478308257,20.223901774],[-99.478720028,20.223716143],[-99.478853258,20.223333403],[-99.478955427,20.222684093],[-99.479086948,20.222116425],[-99.479349378,20.221566004],[-99.480167458,20.220580514],[-99.480655677,20.220158374],[-99.481010677,20.219796293],[-99.481318577,20.219705175],[-99.481516207,20.219456774],[-99.481870477,20.219134313],[-99.482236968,20.218856164],[-99.482405428,20.218764265],[-99.482643448,20.218837513],[-99.482785608,20.218871544],[-99.482998318,20.218683163],[-99.483147108,20.218508884],[-99.483310707,20.218334854],[-99.483408057,20.218168264],[-99.483593178,20.217531664],[-99.483723608,20.217155574],[-99.483867607,20.216963004],[-99.484098108,20.216806795],[-99.484627247,20.216564605],[-99.485034798,20.216429514],[-99.485185798,20.216191964],[-99.485421048,20.215808175],[-99.485797798,20.215254313],[-99.486251248,20.214550794],[-99.486619428,20.213968804],[-99.486899487,20.213911734],[-99.487378568,20.213896933],[-99.487761859,20.214111534],[-99.488124029,20.214270164],[-99.488359479,20.214390974],[-99.488632948,20.214502653],[-99.488863247,20.214529204],[-99.48912979,20.21450468],[-99.489196194,20.214428579],[-99.489399257,20.214634684],[-99.490190658,20.215402995],[-99.490380979,20.215507114],[-99.490654108,20.215441714],[-99.491071059,20.215230694],[-99.491390827,20.215018464],[-99.491577779,20.214902004],[-99.492004429,20.214731485],[-99.492109748,20.214639394],[-99.492260429,20.214400344],[-99.492393828,20.214280254],[-99.492418199,20.213969194],[-99.492566918,20.213827235],[-99.492851348,20.213623174],[-99.493042978,20.213483284],[-99.493299939,20.213331695],[-99.493849449,20.212980944],[-99.493995058,20.212819313],[-99.494149428,20.212635163],[-99.494301409,20.212553434],[-99.494746448,20.212434734],[-99.495272709,20.212285285],[-99.495654549,20.212199534],[-99.496451999,20.211977884],[-99.497029429,20.211953655],[-99.497849908,20.212152714],[-99.498286809,20.212229485],[-99.498801798,20.212305085],[-99.499217629,20.212423255],[-99.499499799,20.212521164],[-99.499946378,20.212626854],[-99.500179248,20.212663764],[-99.500281449,20.212619144],[-99.500306228,20.212477685],[-99.500325799,20.212361534],[-99.501084949,20.212210175],[-99.501210278,20.212212234],[-99.501878459,20.211862435],[-99.502171979,20.211822054],[-99.50188208,20.212710234],[-99.501520459,20.213490894],[-99.501390709,20.213738634],[-99.501300978,20.213859805],[-99.500976031,20.214399692],[-99.500869646,20.214576585],[-99.500795888,20.214714544],[-99.500745808,20.214806004],[-99.500638118,20.215027734],[-99.499448548,20.217424295],[-99.499136908,20.217967404],[-99.498913313,20.21851851],[-99.499543407,20.219661624],[-99.499972678,20.220402805],[-99.500361448,20.221029794],[-99.500394889,20.221120834],[-99.500596318,20.221006225],[-99.500749029,20.220940884],[-99.500855028,20.221021694],[-99.500933538,20.221113254],[-99.501135318,20.221474514],[-99.501215319,20.221590624],[-99.501312009,20.221583514],[-99.503176515,20.221674968],[-99.503125644,20.222460419],[-99.502272396,20.222460287],[-99.501804034,20.222415455],[-99.501910659,20.222552128],[-99.501352107,20.22277952],[-99.501282864,20.222671291],[-99.500207791,20.223144457],[-99.499664753,20.223074162],[-99.499062995,20.223604029],[-99.498343691,20.22387903],[-99.497726549,20.223140665],[-99.497353603,20.222852022],[-99.496587773,20.223633904],[-99.496537324,20.224228191],[-99.495944967,20.2249461],[-99.496307714,20.22509391],[-99.496684898,20.225397341],[-99.496723965,20.225657484],[-99.496858328,20.22589916],[-99.49673395,20.226191745],[-99.496575834,20.226385888],[-99.496496725,20.226757795],[-99.49626741,20.227119995],[-99.496101148,20.228207286],[-99.495921006,20.228348754],[-99.49594706,20.228470933],[-99.496281881,20.228489606],[-99.496300628,20.228669734],[-99.496390088,20.228741934],[-99.496758169,20.229050775],[-99.496868229,20.229165374],[-99.496900478,20.229336535],[-99.496848428,20.229432174],[-99.496618648,20.229568565],[-99.496149447,20.229957434],[-99.496050918,20.229943494],[-99.495961967,20.229849135],[-99.495932348,20.229758663],[-99.495875677,20.229691345],[-99.495795939,20.229690034],[-99.495698059,20.229738574],[-99.495626429,20.229803764],[-99.495543337,20.229942634],[-99.495445597,20.229846395],[-99.495327877,20.229773225],[-99.495285147,20.229731465],[-99.495295938,20.229700265],[-99.495318688,20.229647545],[-99.495314408,20.229602825],[-99.495260148,20.229559685],[-99.495121948,20.229473485],[-99.495005488,20.229402744],[-99.494953278,20.229387424],[-99.494774317,20.229379054],[-99.494847547,20.229260975],[-99.494884598,20.229131454],[-99.494892228,20.228987864],[-99.494859948,20.228853005],[-99.494823428,20.228769634],[-99.494736798,20.228704165],[-99.494566207,20.228685264],[-99.494363137,20.229096204],[-99.494348278,20.229208713],[-99.494319348,20.229301744],[-99.494169307,20.229498795],[-99.493561888,20.230191163],[-99.493537768,20.230226774],[-99.493500408,20.230312114],[-99.493470507,20.230473095],[-99.493442748,20.230848194],[-99.493200278,20.230919234],[-99.493181505,20.231030486],[-99.493035048,20.231538734],[-99.492854648,20.232037194],[-99.492755677,20.232349885],[-99.492715738,20.232556544],[-99.492460278,20.233517084],[-99.492345228,20.234034545],[-99.492346148,20.234370205],[-99.492447508,20.234669634],[-99.492506087,20.234767455],[-99.492683968,20.234977454],[-99.492818318,20.235092945],[-99.493085248,20.235274794],[-99.493273448,20.235345494],[-99.493473487,20.235386264],[-99.493768878,20.235552795],[-99.493566198,20.235576694],[-99.491823137,20.235607424],[-99.488900008,20.235726175],[-99.488261338,20.235685835],[-99.487808686,20.235545854],[-99.487451737,20.235328694],[-99.486752606,20.234828965],[-99.486550888,20.234719825],[-99.485910546,20.234614694],[-99.484328368,20.234421143],[-99.483878368,20.234382604],[-99.483237007,20.234356174]]]]},"properties":{"locality":"San Bartolo Ozocalpan","municipality":null,"official_key":"130170014","CVE_ENT":"13","CVE_MUN":"017","CVE_LOC":"0014","ambito":"RURAL","geometry_kind":"locality","source":"INEGI Gaia — Servicio vectorial del Marco Geoestadístico"}},{"type":"Feature","geometry":{"type":"MultiPolygon","crs":{"type":"name","properties":{"name":"EPSG:6365"}},"coordinates":[[[[-99.370483244,20.335744937],[-99.369925343,20.335392831],[-99.369601899,20.335624371],[-99.369412883,20.335899295],[-99.369185053,20.335926019],[-99.369024122,20.335905898],[-99.368841731,20.336056799],[-99.368509137,20.336348543],[-99.368299674,20.336343693],[-99.36720022,20.334668498],[-99.365351271,20.333872953],[-99.363964959,20.331367748],[-99.363936909,20.330963564],[-99.364003773,20.330851884],[-99.364230279,20.330837181],[-99.364648662,20.330863086],[-99.365213232,20.330772304],[-99.36576998,20.330654706],[-99.366223804,20.330566222],[-99.366586812,20.330526049],[-99.366999587,20.330540679],[-99.367351113,20.330565292],[-99.367594885,20.33049218],[-99.36782095,20.330359538],[-99.368060578,20.330117287],[-99.368217737,20.329954953],[-99.368489593,20.329947576],[-99.368775112,20.330048201],[-99.368943979,20.329570549],[-99.369022982,20.329216867],[-99.369171449,20.328949107],[-99.369307071,20.328512462],[-99.369334932,20.32814975],[-99.369371539,20.327785224],[-99.369448569,20.327534153],[-99.369386125,20.327514476],[-99.368874371,20.327409736],[-99.368594074,20.327222342],[-99.368327862,20.326996039],[-99.368116138,20.32674929],[-99.367927195,20.326433719],[-99.367881771,20.32626293],[-99.367866725,20.326075874],[-99.367828741,20.325975666],[-99.36776463,20.32582645],[-99.367758539,20.325404461],[-99.36813709,20.325216],[-99.368281489,20.325133251],[-99.368459169,20.32489891],[-99.368586519,20.32462537],[-99.368901299,20.324001425],[-99.369710568,20.324141322],[-99.370030547,20.323524819],[-99.370934719,20.323730638],[-99.371026697,20.323563926],[-99.37121615,20.323382771],[-99.371396549,20.323378511],[-99.371490229,20.32345715],[-99.37164026,20.323484121],[-99.371848079,20.32347346],[-99.37206774,20.32345762],[-99.372286339,20.323482081],[-99.37271646,20.32354678],[-99.37408271,20.323773521],[-99.37452897,20.32385709],[-99.374783849,20.32390818],[-99.37507786,20.323949971],[-99.3753996,20.324033381],[-99.37577411,20.32415509],[-99.37598626,20.3241946],[-99.37611369,20.32419212],[-99.37603349,20.324093461],[-99.37588825,20.32353238],[-99.37579455,20.32324545],[-99.375231552,20.321130368],[-99.375174416,20.320939346],[-99.375005912,20.320398408],[-99.37566498,20.320242405],[-99.375753286,20.320215003],[-99.376674323,20.319940642],[-99.377105404,20.31986406],[-99.377396499,20.31981444],[-99.377665546,20.319776989],[-99.377941173,20.319724197],[-99.378222486,20.319687739],[-99.378584263,20.319616069],[-99.378949014,20.319619668],[-99.379028658,20.319548307],[-99.379424912,20.319440425],[-99.379563674,20.319428123],[-99.38009869,20.319433704],[-99.380396243,20.319218487],[-99.380130988,20.318324621],[-99.38094843,20.317665521],[-99.38108898,20.317792311],[-99.380993679,20.31788817],[-99.38093817,20.31799532],[-99.380948309,20.31810974],[-99.380992599,20.31828454],[-99.3811482,20.31895769],[-99.381384619,20.31990654],[-99.381422909,20.32001545],[-99.38131288,20.320129551],[-99.37966908,20.321717351],[-99.379421289,20.321983291],[-99.379159249,20.322288831],[-99.37890372,20.322622651],[-99.378678199,20.32296454],[-99.37859808,20.323103461],[-99.37826646,20.323789401],[-99.3781402,20.32410823],[-99.378079049,20.32433837],[-99.378042579,20.324783121],[-99.37822809,20.32482906],[-99.38109948,20.32563612],[-99.381468261,20.32763549],[-99.381482519,20.327712751],[-99.381535338,20.327956891],[-99.381466109,20.328247631],[-99.381244799,20.328491431],[-99.380816909,20.32944694],[-99.38078746,20.329547352],[-99.380285108,20.330654219],[-99.379976369,20.33136531],[-99.379711478,20.331640451],[-99.379682599,20.331670449],[-99.37962811,20.331723722],[-99.379482909,20.33186571],[-99.379341352,20.3318294],[-99.37833209,20.331904049],[-99.377481415,20.332028952],[-99.377235816,20.332071583],[-99.377078984,20.332121228],[-99.377034937,20.33213517],[-99.377001734,20.332144634],[-99.376999793,20.332145187],[-99.3769269,20.33216596],[-99.376924501,20.332166644],[-99.376923319,20.332166981],[-99.376923112,20.332167201],[-99.376745089,20.332356821],[-99.376744966,20.332356911],[-99.376544418,20.332504596],[-99.376126817,20.332714281],[-99.375635685,20.33283111],[-99.375445979,20.332894661],[-99.37528978,20.332968681],[-99.375189399,20.333021511],[-99.375189263,20.333021681],[-99.375089179,20.333148031],[-99.375045932,20.333250613],[-99.375044769,20.33325337],[-99.375044649,20.333253829],[-99.375011882,20.333378543],[-99.375011567,20.333379741],[-99.375010599,20.333381763],[-99.374955998,20.333495632],[-99.374955838,20.333495661],[-99.374721569,20.333538248],[-99.374341828,20.33353905],[-99.374163676,20.333570938],[-99.374163218,20.333571021],[-99.374163165,20.33357122],[-99.374162394,20.333574157],[-99.374086274,20.333863844],[-99.374085738,20.33386588],[-99.37408499,20.333867063],[-99.373952228,20.334076661],[-99.37372152,20.334304923],[-99.373572321,20.334562892],[-99.373045738,20.335106171],[-99.372587999,20.33536528],[-99.372071861,20.335566552],[-99.371890109,20.335754723],[-99.371885047,20.335987062],[-99.37189549,20.336139049],[-99.371610599,20.336503648],[-99.371592908,20.33660688],[-99.371455005,20.336564743],[-99.371405924,20.336549744],[-99.371211865,20.336521966],[-99.370876008,20.336330023],[-99.370526159,20.335946139],[-99.370483244,20.335744937]]]]},"properties":{"locality":"San Juan el Sabino","municipality":null,"official_key":"130170015","CVE_ENT":"13","CVE_MUN":"017","CVE_LOC":"0015","ambito":"RURAL","geometry_kind":"locality","source":"INEGI Gaia — Servicio vectorial del Marco Geoestadístico"}},{"type":"Feature","geometry":{"type":"MultiPolygon","crs":{"type":"name","properties":{"name":"EPSG:6365"}},"coordinates":[[[[-99.44120411,20.26916529],[-99.44093918,20.26945129],[-99.441019,20.26962511],[-99.44116792,20.26995288],[-99.44100023,20.27021426],[-99.44071178,20.27050983],[-99.44033178,20.27080666],[-99.439664,20.27137382],[-99.43915582,20.27188722],[-99.43896631,20.27222043],[-99.43848086,20.27249648],[-99.43817175,20.27284032],[-99.43816609,20.27293749],[-99.43817274,20.27341888],[-99.43817895,20.27373195],[-99.43806158,20.27386228],[-99.43781911,20.27397857],[-99.43754269,20.27402958],[-99.43730608,20.27385414],[-99.43727755,20.27376418],[-99.43715677,20.27350797],[-99.43694415,20.27339454],[-99.43676503,20.27326546],[-99.4365118,20.27313623],[-99.436322,20.27300468],[-99.43624968,20.27290552],[-99.43616888,20.27281795],[-99.43591797,20.27255935],[-99.43574655,20.27242803],[-99.43572395,20.27239588],[-99.43571222,20.27233934],[-99.43568311,20.27224137],[-99.43559252,20.27212495],[-99.43544632,20.27206946],[-99.43516485,20.27189702],[-99.43499311,20.27178175],[-99.43489432,20.27175585],[-99.43466385,20.27183422],[-99.43421183,20.27193151],[-99.43372675,20.27197052],[-99.4336844,20.27196565],[-99.4334798,20.27183349],[-99.43329851,20.27169475],[-99.4333132,20.27168069],[-99.43532563,20.2709034],[-99.43676535,20.27033848],[-99.43823022,20.26979309],[-99.43844625,20.26970274],[-99.43889212,20.2695164],[-99.44037329,20.26893517],[-99.44109694,20.26868545],[-99.44120411,20.26916529]]]]},"properties":{"locality":"Taxhue","municipality":null,"official_key":"130170017","CVE_ENT":"13","CVE_MUN":"017","CVE_LOC":"0017","ambito":"RURAL","geometry_kind":"locality","source":"INEGI Gaia — Servicio vectorial del Marco Geoestadístico"}},{"type":"Feature","geometry":{"type":"MultiPolygon","crs":{"type":"name","properties":{"name":"EPSG:6365"}},"coordinates":[[[[-99.463736259,20.26893934],[-99.463711019,20.26888406],[-99.46347868,20.26850271],[-99.463018379,20.26766128],[-99.462914449,20.267573021],[-99.462566979,20.267379231],[-99.462508599,20.26733768],[-99.46237817,20.26720942],[-99.462355739,20.26717066],[-99.46224758,20.266845521],[-99.46219735,20.266745861],[-99.46201886,20.26649762],[-99.46197792,20.266457051],[-99.461826579,20.266355941],[-99.46173786,20.26627898],[-99.461553739,20.266072883],[-99.461343994,20.265975499],[-99.461196039,20.265937248],[-99.460124004,20.265284758],[-99.461190309,20.265047691],[-99.463888739,20.26454908],[-99.46396059,20.264529475],[-99.46398662,20.264472401],[-99.464009179,20.26439334],[-99.46400971,20.26427995],[-99.463976769,20.264025651],[-99.463927149,20.26384817],[-99.46379606,20.26350034],[-99.46352912,20.262676451],[-99.463412,20.26225754],[-99.463392999,20.26214392],[-99.463327679,20.261554401],[-99.463370199,20.26138486],[-99.463429649,20.261291941],[-99.463488999,20.26121705],[-99.463550369,20.26110506],[-99.463586219,20.260139971],[-99.463597819,20.260093461],[-99.463783879,20.259742461],[-99.463848548,20.259432081],[-99.464014793,20.259376313],[-99.465450618,20.25876279],[-99.466530595,20.258129974],[-99.465787331,20.256190995],[-99.464744957,20.253913505],[-99.464636605,20.25360151],[-99.464573945,20.253267887],[-99.464533025,20.252962724],[-99.464503465,20.252741472],[-99.463394208,20.25178298],[-99.46314794,20.251255643],[-99.463011876,20.250857332],[-99.46303234,20.25065525],[-99.46325983,20.250644661],[-99.46368317,20.250668491],[-99.464016629,20.250712521],[-99.464180659,20.25071209],[-99.46433383,20.25062186],[-99.464455079,20.25047182],[-99.464687369,20.25030152],[-99.465026,20.250305621],[-99.465831089,20.250325741],[-99.4660028,20.250385951],[-99.466126569,20.250547421],[-99.46622877,20.250668481],[-99.466346769,20.250693451],[-99.46690952,20.25067678],[-99.46722568,20.250645601],[-99.467440149,20.250670311],[-99.46758505,20.25072554],[-99.467692599,20.250846601],[-99.46780617,20.25117998],[-99.467801449,20.251397401],[-99.467925249,20.251568971],[-99.468204249,20.251659231],[-99.46903595,20.251856831],[-99.469540679,20.25215706],[-99.46996758,20.252356981],[-99.470156629,20.252393031],[-99.47039398,20.252387821],[-99.47067489,20.25236422],[-99.471078679,20.25217698],[-99.471375979,20.251865251],[-99.47167294,20.25143506],[-99.471868579,20.251249461],[-99.472315309,20.251033571],[-99.473162049,20.250829781],[-99.47333678,20.250776291],[-99.47489997,20.24996485],[-99.476042149,20.249539691],[-99.476150979,20.249601061],[-99.476246349,20.249882881],[-99.47650838,20.25029343],[-99.4766166,20.25051645],[-99.476633519,20.250618221],[-99.476637479,20.25099145],[-99.476622649,20.251324201],[-99.47659006,20.25168937],[-99.47658974,20.25178654],[-99.476666709,20.25175132],[-99.47816486,20.251404821],[-99.47816695,20.2513544],[-99.478260109,20.251185181],[-99.47923458,20.25093157],[-99.479310919,20.25090268],[-99.480426399,20.25027314],[-99.480528259,20.250201021],[-99.481616749,20.249254341],[-99.48176345,20.249160381],[-99.4819972,20.2490266],[-99.482457319,20.24871137],[-99.483104859,20.248215661],[-99.48440211,20.248139581],[-99.48486502,20.24811278],[-99.484223519,20.248928],[-99.484066919,20.24921582],[-99.483464509,20.250408581],[-99.483441649,20.250477051],[-99.483315429,20.250728251],[-99.48329726,20.250764431],[-99.482689999,20.25187946],[-99.48267017,20.25194865],[-99.48193315,20.25338568],[-99.48185954,20.25354258],[-99.481730289,20.25387289],[-99.48164808,20.254141491],[-99.481642279,20.254197091],[-99.481647219,20.254309941],[-99.48165378,20.254402921],[-99.481680029,20.254515141],[-99.48177591,20.25472854],[-99.48204969,20.25517745],[-99.48268531,20.255933371],[-99.482836229,20.25595994],[-99.483052139,20.256048681],[-99.483216379,20.256140621],[-99.483322369,20.25622163],[-99.483296909,20.256421911],[-99.48322308,20.2566388],[-99.48322825,20.25671372],[-99.48341788,20.25721492],[-99.48343474,20.25726609],[-99.48323017,20.257932721],[-99.48256015,20.259784401],[-99.48258574,20.25987114],[-99.48256586,20.259882861],[-99.482524049,20.25994165],[-99.482056219,20.260183831],[-99.481656519,20.260354061],[-99.48142195,20.26038075],[-99.481312139,20.26056323],[-99.48122975,20.260693571],[-99.48103732,20.260928311],[-99.48088605,20.26112385],[-99.480693089,20.26118945],[-99.480348259,20.261255481],[-99.479989709,20.261347521],[-99.479796629,20.26137405],[-99.47968654,20.261465461],[-99.479617849,20.26159574],[-99.4796182,20.26171285],[-99.479660139,20.261855831],[-99.47989477,20.26188123],[-99.480175079,20.26196718],[-99.48038438,20.262036001],[-99.480541549,20.262077821],[-99.48060914,20.2621678],[-99.480632619,20.26226117],[-99.480586489,20.26241609],[-99.48000848,20.262964171],[-99.47969174,20.26316022],[-99.47959582,20.26340768],[-99.4794454,20.26385048],[-99.47941832,20.26401969],[-99.4792534,20.264228311],[-99.47879846,20.264385691],[-99.478136489,20.264556631],[-99.47759842,20.26459714],[-99.47726832,20.26484585],[-99.47692375,20.26500292],[-99.47668965,20.265146711],[-99.47645569,20.265381511],[-99.476222019,20.26566838],[-99.47585032,20.26598168],[-99.47536838,20.266334311],[-99.47509738,20.26671295],[-99.475001949,20.26709052],[-99.474851119,20.2674032],[-99.474603059,20.26753398],[-99.474354709,20.267534661],[-99.47422448,20.26765811],[-99.47398312,20.26788698],[-99.47380402,20.268004571],[-99.47352857,20.268174451],[-99.473473969,20.26836977],[-99.473378,20.26860425],[-99.473240489,20.26876071],[-99.473075079,20.26881323],[-99.472694379,20.26896826],[-99.47234994,20.26896918],[-99.472155999,20.26891768],[-99.47192152,20.26894429],[-99.471797509,20.26903575],[-99.471770509,20.26924405],[-99.471619519,20.269491601],[-99.471398969,20.269596261],[-99.47130274,20.26971363],[-99.471082429,20.26987035],[-99.47069631,20.26997551],[-99.470416149,20.27024191],[-99.470044059,20.27042505],[-99.469892259,20.27045149],[-99.469712369,20.27028283],[-99.46953292,20.27025728],[-99.46933977,20.27029683],[-99.4692848,20.27037505],[-99.46920245,20.27051837],[-99.469133819,20.270635661],[-99.46900977,20.27071406],[-99.46873392,20.270753831],[-99.468292049,20.27067694],[-99.468112339,20.270599351],[-99.46778111,20.270574251],[-99.467587829,20.27057475],[-99.467242999,20.27061471],[-99.467050179,20.27077132],[-99.466801859,20.270785031],[-99.46645677,20.27077291],[-99.466166649,20.270682601],[-99.46595932,20.270566051],[-99.465641629,20.27048883],[-99.465379519,20.270541601],[-99.465117779,20.2706854],[-99.464579749,20.27075189],[-99.464497289,20.270895221],[-99.464339969,20.270847251],[-99.464303309,20.27072429],[-99.463736259,20.26893934]]]]},"properties":{"locality":"Tlaunilolpan","municipality":null,"official_key":"130170020","CVE_ENT":"13","CVE_MUN":"017","CVE_LOC":"0020","ambito":"RURAL","geometry_kind":"locality","source":"INEGI Gaia — Servicio vectorial del Marco Geoestadístico"}},{"type":"Feature","geometry":{"type":"MultiPolygon","crs":{"type":"name","properties":{"name":"EPSG:6365"}},"coordinates":[[[[-99.44585486,20.30101405],[-99.44592562,20.30058475],[-99.44595737,20.30037342],[-99.44598672,20.30010463],[-99.44602871,20.29969917],[-99.44605014,20.29949054],[-99.44607015,20.29931068],[-99.44612309,20.29914645],[-99.4461176,20.29909109],[-99.44612372,20.29903705],[-99.44613951,20.29895646],[-99.44629238,20.29848949],[-99.44650625,20.29778046],[-99.44665683,20.29732185],[-99.44674658,20.29701066],[-99.44672449,20.29691315],[-99.44670505,20.29688017],[-99.4465634,20.29679852],[-99.44642897,20.2967066],[-99.44618751,20.29651625],[-99.44612158,20.29644029],[-99.4460772,20.29636225],[-99.44606512,20.29628209],[-99.44608091,20.29623048],[-99.44612588,20.29613292],[-99.44614065,20.29602529],[-99.44613394,20.29594208],[-99.44609791,20.29561105],[-99.44612168,20.29550998],[-99.446473,20.29499597],[-99.44705082,20.29418482],[-99.4475958,20.29338209],[-99.44787025,20.29298565],[-99.44804272,20.29272008],[-99.44815138,20.2924766],[-99.44824491,20.29212457],[-99.44837049,20.29168317],[-99.44847846,20.29145149],[-99.44913569,20.29170852],[-99.4492602,20.29196003],[-99.44937963,20.29204983],[-99.45023689,20.29225872],[-99.45071832,20.29260342],[-99.45115351,20.29293189],[-99.45172937,20.29342255],[-99.45243342,20.29402862],[-99.45249145,20.29412457],[-99.45256552,20.29424828],[-99.45265898,20.29447969],[-99.45277612,20.29500738],[-99.45289015,20.29522917],[-99.45294678,20.29529788],[-99.45330351,20.29564055],[-99.45423794,20.29639991],[-99.45515412,20.29718668],[-99.45528294,20.297392],[-99.45503828,20.29731451],[-99.45470412,20.29711055],[-99.45461714,20.29706742],[-99.45450234,20.29704069],[-99.45437262,20.29706805],[-99.45440732,20.29710718],[-99.45467726,20.297247581],[-99.45500974,20.297573781],[-99.45539258,20.29770451],[-99.45575898,20.29795268],[-99.45602362,20.29813723],[-99.45624752,20.29828995],[-99.45663428,20.29860177],[-99.45748705,20.2992252],[-99.45750008,20.2992302],[-99.45738629,20.29944511],[-99.45728452,20.29965352],[-99.45707408,20.30009506],[-99.45703792,20.30015366],[-99.45671822,20.30059735],[-99.45641866,20.30032592],[-99.45614843,20.30008648],[-99.45545066,20.30005563],[-99.45505566,20.30003654],[-99.45443503,20.30031312],[-99.45339338,20.30074385],[-99.45309749,20.30085274],[-99.45303415,20.30086429],[-99.45252151,20.30076377],[-99.45248454,20.30095848],[-99.45241503,20.30136823],[-99.45233602,20.30182463],[-99.45227715,20.30223469],[-99.45223783,20.30249729],[-99.45218228,20.30266718],[-99.45217335,20.30282785],[-99.45216946,20.30315828],[-99.45213291,20.30335454],[-99.45200272,20.30398218],[-99.45200425,20.30409535],[-99.45209308,20.30421712],[-99.45231028,20.30449218],[-99.45242465,20.30457032],[-99.45279883,20.30467442],[-99.45296322,20.30478155],[-99.45305288,20.30494828],[-99.45307477,20.305116],[-99.45310651,20.30536994],[-99.45314531,20.30562642],[-99.45308131,20.30587469],[-99.45300609,20.30599846],[-99.45291985,20.30598088],[-99.4525962,20.30586965],[-99.45223512,20.30575289],[-99.45174306,20.30558203],[-99.45129095,20.30542735],[-99.45115214,20.30538082],[-99.45101114,20.30533471],[-99.45077742,20.3052604],[-99.45063662,20.30521178],[-99.45031723,20.30511215],[-99.44988595,20.3049774],[-99.44942671,20.30483532],[-99.44882783,20.30465585],[-99.44838129,20.30452786],[-99.44780651,20.30435617],[-99.44749462,20.30423508],[-99.44690877,20.30398463],[-99.44666828,20.30385394],[-99.44607177,20.30349868],[-99.44583166,20.3033818],[-99.44577852,20.30335282],[-99.445708,20.30331432],[-99.44555352,20.30323911],[-99.44547797,20.30319755],[-99.4453602,20.30314948],[-99.44499872,20.30295589],[-99.44511411,20.3026374],[-99.44525595,20.30226897],[-99.44533802,20.30203829],[-99.4453904,20.30184178],[-99.44542232,20.30168694],[-99.44546518,20.30158628],[-99.44551805,20.30149837],[-99.44566512,20.30136808],[-99.44581574,20.30121631],[-99.44585486,20.30101405]]]]},"properties":{"locality":"Toxthe","municipality":null,"official_key":"130170021","CVE_ENT":"13","CVE_MUN":"017","CVE_LOC":"0021","ambito":"RURAL","geometry_kind":"locality","source":"INEGI Gaia — Servicio vectorial del Marco Geoestadístico"}},{"type":"Feature","geometry":{"type":"MultiPolygon","crs":{"type":"name","properties":{"name":"EPSG:6365"}},"coordinates":[[[[-99.447998606,20.231904492],[-99.44814881,20.231652821],[-99.448231684,20.231726902],[-99.448746669,20.232451716],[-99.448620877,20.232760175],[-99.448406301,20.232981644],[-99.448256097,20.232951443],[-99.448052251,20.232830642],[-99.447934232,20.232669574],[-99.447955691,20.232347434],[-99.448009334,20.232115897],[-99.447998606,20.231904492]]],[[[-99.446539483,20.233575585],[-99.446925721,20.233505116],[-99.447215401,20.233595718],[-99.447279774,20.233797053],[-99.447290502,20.234028589],[-99.447376333,20.234390991],[-99.447258315,20.234602391],[-99.447140299,20.234672857],[-99.446711146,20.234662791],[-99.446432195,20.234562124],[-99.44638928,20.234119188],[-99.446442925,20.233706451],[-99.446539483,20.233575585]]],[[[-99.443835818,20.233505117],[-99.444340072,20.233384316],[-99.444404446,20.234008455],[-99.444586836,20.234229923],[-99.443846547,20.235015124],[-99.443428121,20.235337258],[-99.443127714,20.235508392],[-99.442752204,20.235649324],[-99.442699025,20.235689981],[-99.442462526,20.23587079],[-99.443069127,20.236251052],[-99.444951616,20.237431107],[-99.444329859,20.238162269],[-99.444146954,20.238377356],[-99.44370707,20.238528354],[-99.443245732,20.239595392],[-99.443020425,20.239635659],[-99.442709289,20.239967849],[-99.442398153,20.239957782],[-99.442365967,20.239766522],[-99.441711507,20.23811563],[-99.443170629,20.236504986],[-99.441443286,20.235327192],[-99.442390947,20.23475625],[-99.442462527,20.234713125],[-99.442505879,20.23464848],[-99.443063341,20.233817187],[-99.443078871,20.233785615],[-99.443127715,20.233686319],[-99.443438851,20.233535317],[-99.443835818,20.233505117]]],[[[-99.434400899,20.246053486],[-99.433853727,20.244000016],[-99.434036118,20.243788628],[-99.434422357,20.243828893],[-99.435023171,20.244473123],[-99.435323578,20.244614047],[-99.435645444,20.24455365],[-99.435860021,20.244644244],[-99.436653955,20.244573784],[-99.437040191,20.244463056],[-99.437093836,20.244573782],[-99.437587363,20.245540122],[-99.437040192,20.245791771],[-99.435291391,20.246083683],[-99.434980257,20.246144079],[-99.434164864,20.246496387],[-99.434132678,20.246405793],[-99.434400899,20.246053486]]],[[[-99.441740278,20.249933375],[-99.441739659,20.249716315],[-99.44184603,20.249405275],[-99.441861078,20.249302175],[-99.441825659,20.249166285],[-99.441766568,20.249106656],[-99.441661448,20.249032716],[-99.441626259,20.248978315],[-99.441617378,20.248919145],[-99.441609266,20.248351131],[-99.441227921,20.248435978],[-99.440910066,20.248334404],[-99.44047109,20.248109673],[-99.440431435,20.247984839],[-99.441057369,20.246956335],[-99.441812048,20.246028484],[-99.441980289,20.245985745],[-99.4422604,20.245655675],[-99.442596902,20.245253212],[-99.442293569,20.245028375],[-99.442003829,20.244801454],[-99.441877459,20.244690945],[-99.441727688,20.244426456],[-99.441566458,20.244140395],[-99.441448219,20.243900415],[-99.444826826,20.242558825],[-99.445401105,20.242247136],[-99.446428652,20.241343816],[-99.446981071,20.240858174],[-99.447984609,20.240581274],[-99.448534831,20.240571487],[-99.447587388,20.239245814],[-99.448543881,20.238236218],[-99.449843695,20.237347414],[-99.450211726,20.236858314],[-99.451343099,20.237584244],[-99.453073733,20.236130638],[-99.45209116,20.234760424],[-99.450615884,20.231987775],[-99.450328857,20.231366518],[-99.449520156,20.230774015],[-99.449076235,20.230664725],[-99.448526344,20.229930043],[-99.447945045,20.228630293],[-99.449744945,20.229387281],[-99.450232753,20.229554023],[-99.451438976,20.230661982],[-99.451725891,20.230315411],[-99.452147774,20.230257703],[-99.452584738,20.230453006],[-99.452502837,20.231048473],[-99.452749972,20.231881011],[-99.453309779,20.232739774],[-99.453878318,20.232480015],[-99.455017108,20.232228305],[-99.455726979,20.231910825],[-99.455838779,20.231853674],[-99.455893879,20.231965885],[-99.455787309,20.232542705],[-99.455735659,20.232992315],[-99.45589845,20.233233546],[-99.456026198,20.233416964],[-99.456368049,20.233852544],[-99.456435319,20.233948704],[-99.456223979,20.234074425],[-99.456071108,20.234293645],[-99.45594171,20.234488314],[-99.456312739,20.234761424],[-99.457023318,20.235302995],[-99.457202028,20.235451676],[-99.457540828,20.235731646],[-99.457581339,20.235892876],[-99.457668659,20.236067905],[-99.457818199,20.236173624],[-99.458238688,20.236391215],[-99.458594749,20.236587425],[-99.459043779,20.236920426],[-99.459286948,20.237192055],[-99.459387079,20.237343745],[-99.459635519,20.237906255],[-99.459691348,20.238088855],[-99.459748679,20.238311014],[-99.459830518,20.238400546],[-99.459932149,20.238471215],[-99.460039519,20.238513486],[-99.460147828,20.238657305],[-99.460240149,20.238821345],[-99.460298259,20.238991934],[-99.460379018,20.239252115],[-99.460393248,20.239344414],[-99.460362939,20.239665274],[-99.460266138,20.240294506],[-99.460059678,20.240770795],[-99.460040969,20.240831335],[-99.460062578,20.241191765],[-99.459185018,20.241271274],[-99.458239478,20.241344146],[-99.457982539,20.241355076],[-99.457166888,20.241347515],[-99.456567649,20.241320515],[-99.456818778,20.241737795],[-99.456955459,20.241913704],[-99.457353138,20.242276774],[-99.457656908,20.242500395],[-99.457954108,20.242736315],[-99.458006568,20.242834565],[-99.458085279,20.242967536],[-99.458121379,20.243040025],[-99.458133429,20.243086044],[-99.458204688,20.243455595],[-99.458252619,20.243568675],[-99.458514058,20.243974564],[-99.458574318,20.244061215],[-99.458874278,20.244368014],[-99.459392109,20.244694345],[-99.458428248,20.245632906],[-99.457512949,20.246535875],[-99.457148906,20.24693797],[-99.45628558,20.247863336],[-99.455781458,20.248422705],[-99.455483379,20.248738936],[-99.455398909,20.248820884],[-99.455300518,20.248867625],[-99.455075738,20.248985071],[-99.454683961,20.248517011],[-99.454342468,20.248333048],[-99.454136968,20.248038847],[-99.453771664,20.247299098],[-99.453598867,20.247059408],[-99.453294554,20.246929734],[-99.453174585,20.246703843],[-99.453054614,20.246377293],[-99.453027787,20.24610105],[-99.452926663,20.245854411],[-99.45286308,20.245050139],[-99.452180048,20.244093956],[-99.451315502,20.24427519],[-99.450719615,20.243932966],[-99.450567838,20.244123352],[-99.449594764,20.244556639],[-99.449242337,20.244451169],[-99.449033937,20.244116584],[-99.449037026,20.243687571],[-99.448920553,20.243523395],[-99.448722842,20.243521837],[-99.448473782,20.243128479],[-99.44827415,20.242790873],[-99.448152877,20.243054913],[-99.447952765,20.243267464],[-99.44777222,20.243380431],[-99.447605946,20.243484466],[-99.44740035,20.243532571],[-99.446975688,20.243727746],[-99.447589476,20.24447963],[-99.447553048,20.244855571],[-99.447406087,20.245214662],[-99.447439896,20.245454603],[-99.447767936,20.245836289],[-99.447749566,20.246178123],[-99.447364872,20.246469829],[-99.447376372,20.247199504],[-99.44768253,20.247383156],[-99.44782488,20.247676298],[-99.447831683,20.247853067],[-99.447652694,20.248001845],[-99.447627571,20.248337946],[-99.447625739,20.248375142],[-99.447850129,20.248454134],[-99.447887222,20.248624485],[-99.44779848,20.248991502],[-99.447818482,20.249356195],[-99.447742653,20.249478146],[-99.447795569,20.249650424],[-99.447898101,20.249762535],[-99.44786758,20.249904559],[-99.447773758,20.249986306],[-99.447587346,20.249979283],[-99.44713455,20.250436509],[-99.446533577,20.250841122],[-99.445339559,20.250940527],[-99.444833379,20.250892015],[-99.444794768,20.250877145],[-99.444491048,20.250773426],[-99.44409425,20.250641214],[-99.443872109,20.250584575],[-99.443673229,20.250556575],[-99.442459088,20.250471415],[-99.441928829,20.250424044],[-99.441894968,20.250371116],[-99.441740278,20.249933375]]]]},"properties":{"locality":"Zimapantongo","municipality":null,"official_key":"130170022","CVE_ENT":"13","CVE_MUN":"017","CVE_LOC":"0022","ambito":"RURAL","geometry_kind":"locality","source":"INEGI Gaia — Servicio vectorial del Marco Geoestadístico"}},{"type":"Feature","geometry":{"type":"MultiPolygon","crs":{"type":"name","properties":{"name":"EPSG:6365"}},"coordinates":[[[[-99.391746519,20.29128022],[-99.391674687,20.291155498],[-99.391524373,20.290656918],[-99.391084379,20.290168401],[-99.391447769,20.28975134],[-99.39178431,20.289427631],[-99.39242038,20.28900715],[-99.393255579,20.288498801],[-99.39355654,20.28827677],[-99.39375169,20.287991401],[-99.394074279,20.28766785],[-99.39426723,20.287390881],[-99.394363569,20.28726095],[-99.39454028,20.28697931],[-99.39490786,20.28646543],[-99.39504992,20.286167261],[-99.395145539,20.28589571],[-99.39511135,20.28535974],[-99.395110689,20.2851872],[-99.395127339,20.284985381],[-99.395208339,20.28463106],[-99.395340859,20.28416754],[-99.395695089,20.28328612],[-99.39715971,20.28358858],[-99.397500879,20.28365252],[-99.39925463,20.284012521],[-99.401239039,20.284427613],[-99.40171238,20.284524842],[-99.401665826,20.284861168],[-99.40153344,20.285056603],[-99.401435564,20.285266419],[-99.401221544,20.285592356],[-99.401072214,20.285810347],[-99.400999741,20.285966801],[-99.400808188,20.286378001],[-99.400491139,20.28666046],[-99.40017082,20.28687194],[-99.399915549,20.28707134],[-99.399690169,20.287529661],[-99.39951591,20.28796265],[-99.399439909,20.288298321],[-99.399223089,20.288204691],[-99.399142399,20.288495551],[-99.39865154,20.289179151],[-99.39800189,20.29003958],[-99.39778502,20.29033277],[-99.39753769,20.29076409],[-99.396634,20.291782511],[-99.3952868,20.29298935],[-99.39387911,20.29340257],[-99.393778569,20.293313461],[-99.393541909,20.29308391],[-99.39340431,20.29282702],[-99.393355199,20.292762911],[-99.392518179,20.29190126],[-99.392360489,20.291741681],[-99.391746519,20.29128022]]]]},"properties":{"locality":"El Huizachal (San Isidro)","municipality":null,"official_key":"130170025","CVE_ENT":"13","CVE_MUN":"017","CVE_LOC":"0025","ambito":"RURAL","geometry_kind":"locality","source":"INEGI Gaia — Servicio vectorial del Marco Geoestadístico"}},{"type":"Feature","geometry":{"type":"MultiPolygon","crs":{"type":"name","properties":{"name":"EPSG:6365"}},"coordinates":[[[[-99.49323603,20.200370121],[-99.493922289,20.20047965],[-99.49442637,20.20050198],[-99.495235859,20.20042454],[-99.49531575,20.200452051],[-99.49532225,20.200513421],[-99.495333859,20.200865881],[-99.495379859,20.20129642],[-99.496674749,20.2011648],[-99.496801769,20.20115382],[-99.496821479,20.20115212],[-99.4972234,20.201020431],[-99.497446399,20.20094302],[-99.497622859,20.20085269],[-99.49779375,20.200732111],[-99.498280539,20.20051263],[-99.49862942,20.20035897],[-99.49865728,20.200374081],[-99.49867494,20.20040438],[-99.49869758,20.200619681],[-99.498740449,20.201208861],[-99.498815909,20.20203609],[-99.498885349,20.202666511],[-99.498915579,20.202842981],[-99.499022229,20.20329837],[-99.499102249,20.203594381],[-99.49869615,20.203673381],[-99.49837925,20.203717221],[-99.498095179,20.20366917],[-99.497531109,20.203530081],[-99.496463479,20.203250891],[-99.49587648,20.203074741],[-99.4947962,20.20277614],[-99.493336549,20.20238818],[-99.493313339,20.20238642],[-99.493159679,20.20237332],[-99.492852689,20.202418081],[-99.49216177,20.202624521],[-99.491689763,20.202767426],[-99.491200975,20.202856966],[-99.490849293,20.202866495],[-99.490002899,20.202684988],[-99.489896202,20.201904523],[-99.489521285,20.201320396],[-99.489453322,20.200617048],[-99.489138593,20.19920887],[-99.489921605,20.199158935],[-99.49097284,20.199461415],[-99.492667615,20.200187201],[-99.49323603,20.200370121]]]]},"properties":{"locality":"Rancho Nuevo","municipality":null,"official_key":"130170036","CVE_ENT":"13","CVE_MUN":"017","CVE_LOC":"0036","ambito":"RURAL","geometry_kind":"locality","source":"INEGI Gaia — Servicio vectorial del Marco Geoestadístico"}},{"type":"Feature","geometry":{"type":"MultiPolygon","crs":{"type":"name","properties":{"name":"EPSG:6365"}},"coordinates":[[[[-99.588568917,20.236807602],[-99.589220189,20.236744884],[-99.590194644,20.236651039],[-99.591086816,20.236573049],[-99.592092981,20.236489181],[-99.592096919,20.236551781],[-99.592099155,20.236643408],[-99.592110449,20.237106401],[-99.592098719,20.237482851],[-99.592102179,20.23757138],[-99.592096769,20.23762983],[-99.592092689,20.237839181],[-99.59210028,20.23806814],[-99.59207646,20.238496801],[-99.59204132,20.23903809],[-99.59194832,20.239395821],[-99.591939769,20.239421951],[-99.591936659,20.239435711],[-99.59193506,20.239444771],[-99.59187903,20.23970008],[-99.59180583,20.240035381],[-99.59171215,20.24018023],[-99.59166295,20.240393571],[-99.59159383,20.240617771],[-99.59147805,20.2409864],[-99.591453658,20.24106158],[-99.59132895,20.240683281],[-99.590896319,20.24079785],[-99.59076182,20.240826451],[-99.590589889,20.240896721],[-99.590341549,20.240925221],[-99.590156449,20.24098234],[-99.59004703,20.241037511],[-99.58993046,20.24104737],[-99.58982649,20.24106226],[-99.589771829,20.24107011],[-99.589365119,20.24116385],[-99.588777549,20.24129926],[-99.588669549,20.24073986],[-99.588653827,20.240649467],[-99.588336367,20.241150415],[-99.588163633,20.240150583],[-99.587844822,20.240178215],[-99.587660228,20.239120968],[-99.587264179,20.23920809],[-99.5870014,20.239210681],[-99.58686948,20.23920557],[-99.586880179,20.238973581],[-99.58689852,20.238776631],[-99.586964429,20.23806891],[-99.586980879,20.23776968],[-99.587015119,20.237510031],[-99.587050389,20.23690328],[-99.587227101,20.236895714],[-99.587399706,20.236888378],[-99.588221608,20.236844528],[-99.588568917,20.236807602]]]]},"properties":{"locality":"Colonia Félix Olvera","municipality":null,"official_key":"130170040","CVE_ENT":"13","CVE_MUN":"017","CVE_LOC":"0040","ambito":"RURAL","geometry_kind":"locality","source":"INEGI Gaia — Servicio vectorial del Marco Geoestadístico"}},{"type":"Feature","geometry":{"type":"MultiPolygon","crs":{"type":"name","properties":{"name":"EPSG:6365"}},"coordinates":[[[[-99.400856516,20.304531949],[-99.401850274,20.304919342],[-99.402762224,20.305272775],[-99.402723334,20.305548225],[-99.402660301,20.305622433],[-99.402577152,20.30563501],[-99.401988408,20.305597278],[-99.401476106,20.305480306],[-99.401360769,20.305497914],[-99.401280304,20.305502945],[-99.401205203,20.305500431],[-99.401038905,20.305367106],[-99.400979895,20.305304216],[-99.40072777,20.305168379],[-99.40065535,20.305042603],[-99.400649986,20.304838845],[-99.400569519,20.305017448],[-99.399421534,20.304642632],[-99.399603923,20.304077894],[-99.400757274,20.304503648],[-99.400856516,20.304531949]]]]},"properties":{"locality":"La Loma","municipality":null,"official_key":"130170043","CVE_ENT":"13","CVE_MUN":"017","CVE_LOC":"0043","ambito":"RURAL","geometry_kind":"locality","source":"INEGI Gaia — Servicio vectorial del Marco Geoestadístico"}},{"type":"Feature","geometry":{"type":"MultiPolygon","crs":{"type":"name","properties":{"name":"EPSG:6365"}},"coordinates":[[[[-99.402776753,20.305230945],[-99.400791918,20.304473767],[-99.399625158,20.304042351],[-99.399739152,20.303490188],[-99.399983233,20.303132979],[-99.399702943,20.303009717],[-99.399853144,20.302626091],[-99.399829005,20.302616029],[-99.399996644,20.302267623],[-99.400290346,20.302178319],[-99.400738273,20.302044994],[-99.40092737,20.301774568],[-99.40114597,20.301574579],[-99.40149734,20.301290317],[-99.401882238,20.300967063],[-99.402147776,20.300689089],[-99.402501828,20.300289108],[-99.402580952,20.300219929],[-99.402669464,20.300463942],[-99.403038269,20.300679028],[-99.40328369,20.300858892],[-99.402992672,20.301344403],[-99.402625207,20.301834943],[-99.402251039,20.302373276],[-99.40198282,20.302736776],[-99.401899671,20.302696527],[-99.401713257,20.303019779],[-99.401454425,20.303360637],[-99.401222413,20.303690175],[-99.401027953,20.304072539],[-99.401441014,20.304293907],[-99.401603286,20.304358052],[-99.402901477,20.304868707],[-99.402776753,20.305230945]]],[[[-99.40613335,20.292242274],[-99.406158226,20.292446103],[-99.40577146,20.29265355],[-99.405230919,20.293031951],[-99.405139749,20.29459691],[-99.40513123,20.295272951],[-99.405006659,20.295053251],[-99.4049422,20.294951741],[-99.40459286,20.29478385],[-99.404357649,20.29470372],[-99.404281199,20.294938351],[-99.404242279,20.295030031],[-99.404101819,20.29522243],[-99.40392391,20.29542654],[-99.403702179,20.29564594],[-99.403457229,20.29587795],[-99.40305694,20.296358051],[-99.40284683,20.296258571],[-99.402775579,20.296383541],[-99.40232748,20.297127401],[-99.40188731,20.29788303],[-99.401801849,20.297970881],[-99.401428549,20.29810235],[-99.40110526,20.298218771],[-99.40080008,20.29833089],[-99.400093259,20.298584],[-99.399861969,20.298652951],[-99.39981602,20.298624021],[-99.39968848,20.298568201],[-99.39953174,20.298550381],[-99.39921174,20.29852537],[-99.400133142,20.296513236],[-99.399024478,20.296061776],[-99.398462986,20.295846786],[-99.400107249,20.293269972],[-99.401854322,20.290521258],[-99.403268421,20.29126307],[-99.404793064,20.291991962],[-99.40573031,20.290875892],[-99.405172456,20.292344671],[-99.405340344,20.292318035],[-99.405740782,20.29231308],[-99.406024238,20.292231136],[-99.40613335,20.292242274]]]]},"properties":{"locality":"Puerto Vallarta","municipality":null,"official_key":"130170049","CVE_ENT":"13","CVE_MUN":"017","CVE_LOC":"0049","ambito":"RURAL","geometry_kind":"locality","source":"INEGI Gaia — Servicio vectorial del Marco Geoestadístico"}},{"type":"Feature","geometry":{"type":"Polygon","coordinates":[[[-99.4181179,20.2906999],[-99.4176146,20.2906119],[-99.4171538,20.290608],[-99.4169503,20.2906824],[-99.4167892,20.2909094],[-99.4166069,20.2913177],[-99.4164434,20.2916817],[-99.4163463,20.2918983],[-99.4162081,20.2920564],[-99.4160349,20.2919915],[-99.4158869,20.2915717],[-99.4158132,20.2910244],[-99.4156511,20.2902625],[-99.4157563,20.2899583],[-99.4160218,20.2895379],[-99.4162531,20.2890876],[-99.4162728,20.2888452],[-99.416234,20.2886625],[-99.4160575,20.2884644],[-99.4160611,20.2882992],[-99.4161555,20.2880014],[-99.416166,20.287603],[-99.4161855,20.2872885],[-99.416425,20.2873237],[-99.4166972,20.2873427],[-99.4169403,20.28739],[-99.4172975,20.2874542],[-99.4176958,20.2875984],[-99.4181668,20.2877921],[-99.41867,20.2880285],[-99.4194482,20.2884242],[-99.4197065,20.2885611],[-99.4200474,20.2887419],[-99.4213908,20.2894629],[-99.4217221,20.2896416],[-99.4218092,20.2896882],[-99.4220984,20.2898502],[-99.422485,20.2900707],[-99.4242178,20.2910592],[-99.4256952,20.2919066],[-99.4270755,20.2926822],[-99.4279263,20.2931446],[-99.4279674,20.2931901],[-99.428001,20.293383],[-99.4280865,20.2937832],[-99.4281679,20.2941333],[-99.42826,20.2945665],[-99.4283488,20.2949431],[-99.4284066,20.2951883],[-99.4285679,20.2958713],[-99.4287651,20.2966924],[-99.4275418,20.2967607],[-99.4273842,20.2970561],[-99.4273708,20.2978765],[-99.4265165,20.2978996],[-99.4232954,20.297987],[-99.4232298,20.2977654],[-99.4231382,20.2975289],[-99.4229947,20.2972517],[-99.4229033,20.2970601],[-99.4228683,20.2969296],[-99.4228589,20.2966725],[-99.4228756,20.2964194],[-99.4229053,20.2962275],[-99.4228916,20.2959582],[-99.4228563,20.2957011],[-99.4227248,20.2953454],[-99.4225789,20.2951257],[-99.422414,20.2949782],[-99.4221838,20.2947011],[-99.4220263,20.2944454],[-99.4218734,20.2942594],[-99.4217278,20.2941578],[-99.4215113,20.2940882],[-99.4213321,20.2940535],[-99.4211663,20.2940157],[-99.4209396,20.2939047],[-99.4207365,20.2938],[-99.4204996,20.2936763],[-99.420204,20.2933887],[-99.4198816,20.2931147],[-99.4195286,20.2927607],[-99.4193154,20.2924578],[-99.4191932,20.2921547],[-99.4191377,20.2918401],[-99.4191066,20.291554],[-99.4190612,20.2913828],[-99.4189338,20.2912058],[-99.4186746,20.2909714],[-99.4184412,20.2908384],[-99.4181179,20.2906999]]]},"properties":{"locality":"Guadalupe Alto","official_key":"1301700010001","CVE_ENT":"13","CVE_MUN":"017","CVE_LOC":"0001","CVE_ASEN":"0001","settlement_type":"BARRIO","source":"INEGI DCAH 2025"}},{"type":"Feature","geometry":{"type":"Polygon","coordinates":[[[-99.4090679,20.2927071],[-99.4089561,20.2924292],[-99.4088463,20.2923082],[-99.408676,20.2922173],[-99.408366,20.2921519],[-99.4079884,20.2920753],[-99.4077382,20.2920411],[-99.4072921,20.2920111],[-99.4069525,20.2922165],[-99.4061835,20.2926641],[-99.4061743,20.2924587],[-99.4061408,20.2922094],[-99.4060918,20.2918684],[-99.4061072,20.2915979],[-99.4061646,20.2911399],[-99.4062094,20.2905084],[-99.4062156,20.2901121],[-99.4062242,20.2898788],[-99.406238,20.2897058],[-99.4062236,20.2895981],[-99.4061663,20.2895307],[-99.4060572,20.2894219],[-99.4059119,20.289277],[-99.4057063,20.2891864],[-99.4050934,20.2888907],[-99.404393,20.2885584],[-99.4040575,20.2883951],[-99.4035897,20.2881674],[-99.4034722,20.2880004],[-99.405221,20.2852858],[-99.4052839,20.28518],[-99.4053706,20.2851762],[-99.4057829,20.2851845],[-99.4060958,20.2851876],[-99.4062886,20.2851675],[-99.4064659,20.2851467],[-99.4068963,20.28506],[-99.4077008,20.2849276],[-99.4079235,20.2848824],[-99.4080822,20.2848544],[-99.4081827,20.2849041],[-99.4084241,20.2850459],[-99.4088563,20.2851],[-99.4097357,20.2851666],[-99.4107936,20.2852903],[-99.4108333,20.285295],[-99.4117163,20.2853777],[-99.4122849,20.2854385],[-99.4125395,20.2854807],[-99.4125777,20.2851422],[-99.4128505,20.2851465],[-99.4132312,20.2851303],[-99.4132521,20.2851296],[-99.4136361,20.2851169],[-99.4143815,20.2853479],[-99.4145279,20.2853932],[-99.414789,20.2854727],[-99.4146223,20.2861747],[-99.4146183,20.2862902],[-99.4157202,20.287039],[-99.415968,20.287237],[-99.4161855,20.2872885],[-99.416166,20.287603],[-99.4161555,20.2880014],[-99.4160611,20.2882992],[-99.4160575,20.2884644],[-99.416234,20.2886625],[-99.4162728,20.2888452],[-99.4162531,20.2890876],[-99.4160218,20.2895379],[-99.4157563,20.2899583],[-99.4156511,20.2902625],[-99.4158132,20.2910244],[-99.4158869,20.2915717],[-99.4160349,20.2919915],[-99.4162081,20.2920564],[-99.4159792,20.2922282],[-99.4157549,20.2923324],[-99.4155855,20.2924208],[-99.4153956,20.2925009],[-99.4151722,20.2926568],[-99.4149911,20.2928245],[-99.4148607,20.2930119],[-99.4147385,20.2931277],[-99.4146163,20.2932117],[-99.414494,20.2932876],[-99.4143036,20.2931806],[-99.4140964,20.2930746],[-99.4138138,20.2929333],[-99.4134936,20.2928099],[-99.4131734,20.2927042],[-99.4127501,20.292714],[-99.4124871,20.2928655],[-99.4123277,20.2930788],[-99.4122061,20.2933452],[-99.4120655,20.2935496],[-99.4118186,20.2937625],[-99.4115544,20.2939073],[-99.4112546,20.293969],[-99.4106961,20.2939925],[-99.4102407,20.2939776],[-99.4098763,20.29393],[-99.4094887,20.2939177],[-99.4092736,20.2938477],[-99.4090584,20.2937029],[-99.4089553,20.2935446],[-99.4089405,20.2932363],[-99.4090098,20.2929719],[-99.4090679,20.2927071]]]},"properties":{"locality":"Guadalupe Centro","official_key":"1301700010002","CVE_ENT":"13","CVE_MUN":"017","CVE_LOC":"0001","CVE_ASEN":"0002","settlement_type":"BARRIO","source":"INEGI DCAH 2025"}},{"type":"Feature","geometry":{"type":"Polygon","coordinates":[[[-99.4051312,20.295273],[-99.4051397,20.2945969],[-99.4052309,20.293032],[-99.4057715,20.2926536],[-99.4061743,20.2924587],[-99.4061835,20.2926641],[-99.4069525,20.2922165],[-99.4072921,20.2920111],[-99.4077382,20.2920411],[-99.4079884,20.2920753],[-99.408366,20.2921519],[-99.408676,20.2922173],[-99.4088463,20.2923082],[-99.4089561,20.2924292],[-99.4090679,20.2927071],[-99.4090098,20.2929719],[-99.4089405,20.2932363],[-99.4089553,20.2935446],[-99.4090584,20.2937029],[-99.4092736,20.2938477],[-99.4094887,20.2939177],[-99.4098763,20.29393],[-99.4102407,20.2939776],[-99.4106961,20.2939925],[-99.4112546,20.293969],[-99.4115544,20.2939073],[-99.4118186,20.2937625],[-99.4120655,20.2935496],[-99.4122061,20.2933452],[-99.4123277,20.2930788],[-99.4124871,20.2928655],[-99.4127501,20.292714],[-99.4131734,20.2927042],[-99.4134936,20.2928099],[-99.4138138,20.2929333],[-99.4140964,20.2930746],[-99.4143036,20.2931806],[-99.414494,20.2932876],[-99.4144097,20.2933436],[-99.4143277,20.2933963],[-99.4142614,20.2934493],[-99.4114505,20.2959376],[-99.4095235,20.2976025],[-99.4059725,20.300709],[-99.4050359,20.3015798],[-99.4044089,20.3020766],[-99.4042566,20.3022362],[-99.404097,20.3022704],[-99.4037304,20.3021703],[-99.403425,20.3020913],[-99.4030901,20.3019604],[-99.4027055,20.3017734],[-99.4026999,20.3017707],[-99.4029969,20.3013745],[-99.4033123,20.3008541],[-99.4033315,20.3008224],[-99.4035345,20.3004965],[-99.403724,20.3000983],[-99.4035931,20.3000705],[-99.4033675,20.2997702],[-99.402856,20.2995946],[-99.4027442,20.2995361],[-99.4028237,20.2992073],[-99.4027271,20.2986389],[-99.4035128,20.297404],[-99.4039297,20.2963254],[-99.4048724,20.295768],[-99.4050974,20.2954467],[-99.4051312,20.295273]]]},"properties":{"locality":"Puerto Vallarta","official_key":"1301700010003","CVE_ENT":"13","CVE_MUN":"017","CVE_LOC":"0001","CVE_ASEN":"0003","settlement_type":"BARRIO","source":"INEGI DCAH 2025"}},{"type":"Feature","geometry":{"type":"Polygon","coordinates":[[[-99.4161855,20.2872885],[-99.415968,20.287237],[-99.4157202,20.287039],[-99.4146183,20.2862902],[-99.4146223,20.2861747],[-99.414789,20.2854727],[-99.4148504,20.2852959],[-99.4150972,20.2847923],[-99.4152123,20.2845118],[-99.4152869,20.2842415],[-99.4153321,20.2837444],[-99.4153225,20.283446],[-99.415344,20.2832855],[-99.4154383,20.2829918],[-99.4156611,20.2830244],[-99.4159488,20.2830654],[-99.4161213,20.2830793],[-99.4162093,20.282946],[-99.4164281,20.2827147],[-99.4168168,20.2821927],[-99.4169145,20.2819669],[-99.416948,20.281727],[-99.417123,20.2810989],[-99.4172644,20.2804919],[-99.417371,20.2803203],[-99.4173926,20.2802971],[-99.4174045,20.2802844],[-99.4178039,20.2800292],[-99.4180812,20.2798789],[-99.4188165,20.2794784],[-99.4193687,20.2791864],[-99.4196381,20.2796283],[-99.4203407,20.2807016],[-99.4215451,20.2826065],[-99.4221638,20.2835893],[-99.4224607,20.28407],[-99.4227227,20.2844706],[-99.4228781,20.2844503],[-99.4232675,20.284416],[-99.4237404,20.2843934],[-99.4240718,20.2843887],[-99.4242089,20.2843821],[-99.4242511,20.2847898],[-99.4243358,20.2850076],[-99.4246305,20.2851032],[-99.4250753,20.285329],[-99.4255066,20.2857047],[-99.4259121,20.2861076],[-99.426216,20.2864948],[-99.4267561,20.2867391],[-99.4273328,20.2871147],[-99.4277035,20.2874003],[-99.4281579,20.2878867],[-99.4285746,20.2881024],[-99.4290916,20.2884109],[-99.4296615,20.2887504],[-99.4303035,20.2889988],[-99.4292165,20.2910133],[-99.4285572,20.2922204],[-99.4284124,20.2923285],[-99.4282653,20.292684],[-99.4280469,20.293129],[-99.4279674,20.2931901],[-99.4279263,20.2931446],[-99.4270755,20.2926822],[-99.4256952,20.2919066],[-99.4242178,20.2910592],[-99.422485,20.2900707],[-99.4220984,20.2898502],[-99.4218092,20.2896882],[-99.4217221,20.2896416],[-99.4213908,20.2894629],[-99.4200474,20.2887419],[-99.4197065,20.2885611],[-99.4194482,20.2884242],[-99.41867,20.2880285],[-99.4181668,20.2877921],[-99.4176958,20.2875984],[-99.4172975,20.2874542],[-99.4169403,20.28739],[-99.4166972,20.2873427],[-99.416425,20.2873237],[-99.4161855,20.2872885]]]},"properties":{"locality":"Remedios","official_key":"1301700010004","CVE_ENT":"13","CVE_MUN":"017","CVE_LOC":"0001","CVE_ASEN":"0004","settlement_type":"BARRIO","source":"INEGI DCAH 2025"}},{"type":"Feature","geometry":{"type":"Polygon","coordinates":[[[-99.4011486,20.2858169],[-99.4013331,20.2855793],[-99.4016648,20.2853707],[-99.4019828,20.2852967],[-99.4027647,20.2847979],[-99.4029982,20.2840708],[-99.4030174,20.2835946],[-99.4031088,20.2834129],[-99.4034894,20.2831698],[-99.4036726,20.2830907],[-99.4038101,20.2830393],[-99.4039591,20.2829818],[-99.4041943,20.282857],[-99.4047568,20.2826982],[-99.405162,20.2824206],[-99.4056458,20.281828],[-99.4060862,20.2815405],[-99.4061797,20.2813232],[-99.4060738,20.2810211],[-99.4062219,20.280536],[-99.4065593,20.2802118],[-99.4074654,20.2795703],[-99.4077997,20.2795282],[-99.4081298,20.2793511],[-99.4082349,20.2789922],[-99.4082023,20.278469],[-99.4080483,20.2779659],[-99.4080774,20.2773189],[-99.4080021,20.2771283],[-99.4075574,20.2769721],[-99.4072775,20.2766439],[-99.4072959,20.2760614],[-99.4073955,20.2758548],[-99.4075192,20.2757689],[-99.4078008,20.2758884],[-99.4080512,20.2761382],[-99.4082811,20.2764905],[-99.4085361,20.2766929],[-99.4087313,20.2768151],[-99.4087926,20.2768534],[-99.4093373,20.2769527],[-99.4100727,20.2770917],[-99.4109149,20.2772525],[-99.4111036,20.277289],[-99.4111942,20.2771055],[-99.4115851,20.2763402],[-99.4117948,20.2759213],[-99.4121562,20.2751907],[-99.4123918,20.2747502],[-99.4156769,20.2768222],[-99.4175435,20.2779427],[-99.4192673,20.27902],[-99.4193687,20.2791864],[-99.4188165,20.2794784],[-99.4180812,20.2798789],[-99.4178039,20.2800292],[-99.4174045,20.2802844],[-99.4173926,20.2802971],[-99.417371,20.2803203],[-99.4172644,20.2804919],[-99.417123,20.2810989],[-99.416948,20.281727],[-99.4169145,20.2819669],[-99.4168168,20.2821927],[-99.4164281,20.2827147],[-99.4162093,20.282946],[-99.4161213,20.2830793],[-99.4159488,20.2830654],[-99.4156611,20.2830244],[-99.4154383,20.2829918],[-99.415344,20.2832855],[-99.4153225,20.283446],[-99.4153321,20.2837444],[-99.4152869,20.2842415],[-99.4152123,20.2845118],[-99.4150972,20.2847923],[-99.4148504,20.2852959],[-99.414789,20.2854727],[-99.4145279,20.2853932],[-99.4143815,20.2853479],[-99.4136361,20.2851169],[-99.4132521,20.2851296],[-99.4132312,20.2851303],[-99.4128505,20.2851465],[-99.4125777,20.2851422],[-99.4125395,20.2854807],[-99.4122849,20.2854385],[-99.4117163,20.2853777],[-99.4108333,20.285295],[-99.4107936,20.2852903],[-99.4097357,20.2851666],[-99.4088563,20.2851],[-99.4084241,20.2850459],[-99.4081827,20.2849041],[-99.4080822,20.2848544],[-99.4079235,20.2848824],[-99.4077008,20.2849276],[-99.4068963,20.28506],[-99.4064659,20.2851467],[-99.4062886,20.2851675],[-99.4060958,20.2851876],[-99.4057829,20.2851845],[-99.4053706,20.2851762],[-99.4052839,20.28518],[-99.4031607,20.285158],[-99.4024561,20.2854811],[-99.4017559,20.2857568],[-99.401444,20.2858481],[-99.4012259,20.2858251],[-99.4011486,20.2858169]]]},"properties":{"locality":"San Antonio","official_key":"1301700010005","CVE_ENT":"13","CVE_MUN":"017","CVE_LOC":"0001","CVE_ASEN":"0005","settlement_type":"BARRIO","source":"INEGI DCAH 2025"}},{"type":"Feature","geometry":{"type":"Polygon","coordinates":[[[-99.4011486,20.2858169],[-99.4012259,20.2858251],[-99.401444,20.2858481],[-99.4017559,20.2857568],[-99.4024561,20.2854811],[-99.4031607,20.285158],[-99.4052839,20.28518],[-99.405221,20.2852858],[-99.4034722,20.2880004],[-99.4030622,20.2886743],[-99.4001572,20.2870002],[-99.4004291,20.2868551],[-99.4005971,20.2867071],[-99.4009192,20.2862818],[-99.4011486,20.2858169]]]},"properties":{"locality":"El Huizachal","official_key":"1301700010006","CVE_ENT":"13","CVE_MUN":"017","CVE_LOC":"0001","CVE_ASEN":"0006","settlement_type":"BARRIO","source":"INEGI DCAH 2025"}},{"type":"Feature","geometry":{"type":"Polygon","coordinates":[[[-99.5459058,20.248247],[-99.5459804,20.2480643],[-99.5460133,20.2479905],[-99.5458631,20.2479254],[-99.5456138,20.2478136],[-99.5455329,20.2477831],[-99.5453901,20.2478311],[-99.5445054,20.247981],[-99.543129,20.248199],[-99.543181,20.2485585],[-99.5431977,20.2486235],[-99.543293,20.2489251],[-99.5433534,20.249045],[-99.543303,20.2492891],[-99.5432619,20.2497214],[-99.5432678,20.2501753],[-99.5432534,20.2507484],[-99.542209,20.2509091],[-99.5421659,20.2506572],[-99.5411823,20.2507286],[-99.5410437,20.2487712],[-99.5416411,20.2486073],[-99.5405172,20.2469974],[-99.5404224,20.2469118],[-99.5393884,20.2454879],[-99.5391505,20.2451371],[-99.5390978,20.2449527],[-99.5386935,20.2450186],[-99.5386194,20.2450184],[-99.5379998,20.2449295],[-99.5362377,20.2446383],[-99.5361027,20.2440629],[-99.5354956,20.2433063],[-99.5349895,20.2430211],[-99.5343852,20.2429338],[-99.5339917,20.2431218],[-99.5339614,20.2431135],[-99.5338833,20.2430923],[-99.5338443,20.2430817],[-99.5335389,20.2426003],[-99.5360739,20.2380143],[-99.536549,20.2378474],[-99.5386934,20.2367916],[-99.538562,20.2363107],[-99.5381092,20.2360591],[-99.5381449,20.2350722],[-99.5380949,20.2350064],[-99.5381127,20.2345023],[-99.5390711,20.234823],[-99.5402929,20.234814],[-99.5404719,20.2353267],[-99.5410403,20.235296],[-99.5410371,20.2354485],[-99.5422214,20.2353581],[-99.5421909,20.2350684],[-99.542432,20.23488],[-99.5424578,20.234859],[-99.5429733,20.2344125],[-99.5433287,20.2341465],[-99.5436757,20.2339893],[-99.5439449,20.2338428],[-99.5443209,20.2336269],[-99.5448785,20.2334251],[-99.545462,20.2332398],[-99.5459179,20.2333294],[-99.5462425,20.2331374],[-99.5465866,20.2329631],[-99.5469093,20.2328787],[-99.5473154,20.2327799],[-99.5477308,20.2327974],[-99.5477458,20.232193],[-99.5480441,20.2321745],[-99.5480712,20.232145],[-99.5480716,20.2320901],[-99.548076,20.2320322],[-99.5484444,20.2320818],[-99.548444,20.2324232],[-99.5484171,20.2325601],[-99.5484901,20.2325106],[-99.5487916,20.2321664],[-99.5492048,20.2322673],[-99.5497887,20.2323312],[-99.5499066,20.2309655],[-99.5499222,20.2308455],[-99.5499427,20.2307371],[-99.5499965,20.2297791],[-99.5500418,20.2292839],[-99.5500023,20.2292809],[-99.5484247,20.2286859],[-99.5483602,20.2286659],[-99.5484223,20.2286296],[-99.5487698,20.2284797],[-99.5489547,20.2284313],[-99.5490758,20.2284677],[-99.5492557,20.2285764],[-99.5493422,20.2286283],[-99.5494339,20.2286701],[-99.5501008,20.2288933],[-99.5504732,20.229008],[-99.5513721,20.2292748],[-99.5514752,20.2293465],[-99.5513197,20.2296673],[-99.5518609,20.2300129],[-99.5522395,20.2303061],[-99.5523792,20.2305348],[-99.5526895,20.2305345],[-99.5538517,20.2321528],[-99.5540394,20.2324317],[-99.5553995,20.2342902],[-99.5557755,20.2348079],[-99.5561883,20.2353774],[-99.5562991,20.2355516],[-99.5565583,20.2357574],[-99.5570808,20.2362588],[-99.5572098,20.2363392],[-99.5573971,20.2366254],[-99.5575169,20.2368481],[-99.5578337,20.2375952],[-99.5589209,20.2403376],[-99.5583985,20.2404448],[-99.5569127,20.2407967],[-99.5565514,20.240869],[-99.5562666,20.2409555],[-99.5528066,20.2418067],[-99.5521911,20.2419632],[-99.5520236,20.2420517],[-99.5515398,20.2422444],[-99.5513904,20.2423755],[-99.5511764,20.2425579],[-99.5485555,20.2453361],[-99.5486611,20.2454581],[-99.549361,20.2463066],[-99.5499076,20.2458457],[-99.5500017,20.2459275],[-99.5502295,20.2460897],[-99.5510718,20.2466785],[-99.5505892,20.2474652],[-99.5505221,20.2475566],[-99.5504746,20.2475362],[-99.5501587,20.247294],[-99.5502768,20.247868],[-99.5496974,20.2482249],[-99.5491039,20.2474747],[-99.5489541,20.2473754],[-99.5485889,20.2484213],[-99.5479482,20.2482498],[-99.5476133,20.2484608],[-99.5471718,20.2489743],[-99.5474571,20.249448],[-99.547905,20.2505135],[-99.5458214,20.2510068],[-99.5458591,20.2502394],[-99.5458972,20.248293],[-99.5459058,20.248247]]]},"properties":{"locality":"Santa María Amealco","official_key":"1301700030001","CVE_ENT":"13","CVE_MUN":"017","CVE_LOC":"0003","CVE_ASEN":"0001","settlement_type":"PUEBLO","source":"INEGI DCAH 2025"}},{"type":"Feature","geometry":{"type":"Polygon","coordinates":[[[-99.4581043,20.2871988],[-99.4566323,20.2876211],[-99.4565524,20.2874523],[-99.4564779,20.2873434],[-99.4564301,20.2873216],[-99.4563746,20.2873295],[-99.4563316,20.2873033],[-99.456087,20.2870152],[-99.4560741,20.2869998],[-99.4560267,20.2869586],[-99.4559693,20.2869733],[-99.4559154,20.2869656],[-99.4558207,20.2869229],[-99.455762,20.2868984],[-99.4557117,20.2868702],[-99.4556783,20.2868362],[-99.4554627,20.2865084],[-99.4549177,20.2858228],[-99.4547754,20.2855889],[-99.4547258,20.2853971],[-99.4531499,20.2860293],[-99.452722,20.2861602],[-99.4525476,20.2861938],[-99.4525579,20.2861531],[-99.4541331,20.2843774],[-99.4540902,20.2842494],[-99.4540236,20.2841333],[-99.4540101,20.2839625],[-99.4539805,20.2838459],[-99.4540149,20.2837614],[-99.4540416,20.2837129],[-99.4540432,20.2836249],[-99.4540422,20.2834663],[-99.4540891,20.2827441],[-99.4538888,20.2827277],[-99.4537354,20.2825658],[-99.4536678,20.2824119],[-99.4535386,20.2816802],[-99.4539848,20.2815883],[-99.4545671,20.2814145],[-99.4547448,20.2813815],[-99.4548269,20.2813811],[-99.4557557,20.2817063],[-99.455949,20.2819964],[-99.4562433,20.2825852],[-99.4564016,20.2830923],[-99.4564513,20.2832184],[-99.4565217,20.283326],[-99.4565345,20.2834255],[-99.4565223,20.2835894],[-99.4569767,20.2837475],[-99.4570801,20.28382],[-99.4572324,20.2839779],[-99.4572946,20.2841043],[-99.4573652,20.2841589],[-99.4574501,20.2842224],[-99.4575519,20.2841639],[-99.457901,20.2841937],[-99.4581915,20.2842235],[-99.458319,20.2842305],[-99.4583156,20.2841563],[-99.4582462,20.2839368],[-99.4582167,20.2836679],[-99.4596701,20.2834934],[-99.4597202,20.2834838],[-99.4599979,20.2822568],[-99.4600587,20.2821169],[-99.4604964,20.2812941],[-99.4607254,20.2809839],[-99.4611256,20.2805557],[-99.4613651,20.2801999],[-99.4617314,20.2798178],[-99.4617262,20.2797054],[-99.4618665,20.2795252],[-99.4619298,20.2794537],[-99.4621331,20.279226],[-99.4622965,20.2790959],[-99.4627816,20.278815],[-99.4631256,20.2786533],[-99.4632521,20.2785758],[-99.4633892,20.2785817],[-99.4636044,20.2785197],[-99.4637328,20.2784454],[-99.4638782,20.2784107],[-99.4639774,20.278392],[-99.4640278,20.2785737],[-99.4640741,20.2788886],[-99.4641703,20.2790308],[-99.4642615,20.2791138],[-99.4643474,20.2793051],[-99.4646413,20.2801162],[-99.4648705,20.280794],[-99.4652364,20.2820225],[-99.4653791,20.2825824],[-99.4653767,20.282627],[-99.4652035,20.2826822],[-99.4650318,20.2827359],[-99.4650076,20.2827623],[-99.4650082,20.2828144],[-99.4650326,20.2828694],[-99.4651242,20.2830392],[-99.4652592,20.2832847],[-99.4653024,20.2833625],[-99.4655285,20.2833908],[-99.4657243,20.2834165],[-99.4659198,20.2834799],[-99.4661516,20.2835839],[-99.4662634,20.2835707],[-99.4664187,20.2835082],[-99.4665376,20.2834001],[-99.4665877,20.2832757],[-99.4666176,20.2830959],[-99.4666151,20.2829507],[-99.4666746,20.2828916],[-99.4668468,20.2827743],[-99.4669826,20.2826842],[-99.4671279,20.2825865],[-99.4672565,20.2825286],[-99.4673962,20.2824458],[-99.4674877,20.2823822],[-99.4675166,20.2822575],[-99.4675187,20.2821424],[-99.4675688,20.2820231],[-99.467661,20.2819245],[-99.4678296,20.2817704],[-99.4680285,20.2816485],[-99.4682321,20.2815567],[-99.4684356,20.28147],[-99.468654,20.2814386],[-99.4687918,20.2814609],[-99.4689769,20.2815041],[-99.4690731,20.2814756],[-99.4691755,20.2813972],[-99.4692937,20.2813241],[-99.4694048,20.281351],[-99.4695729,20.2814539],[-99.4696616,20.2815405],[-99.4697981,20.2816279],[-99.4699562,20.2816956],[-99.4699832,20.2817024],[-99.469987,20.2817877],[-99.4699926,20.2819407],[-99.470027,20.2826585],[-99.4702103,20.2837264],[-99.4691604,20.2841964],[-99.469011,20.284049],[-99.4683359,20.2845054],[-99.4690331,20.2873822],[-99.4680934,20.2874551],[-99.4677131,20.2876564],[-99.4674446,20.287768],[-99.4671975,20.2879022],[-99.4669843,20.2879674],[-99.466722,20.2880121],[-99.4658632,20.2881417],[-99.4654041,20.2882034],[-99.4651861,20.2882443],[-99.4643028,20.2874873],[-99.4642223,20.287415],[-99.4640984,20.2876967],[-99.4640177,20.2878514],[-99.4639935,20.2879341],[-99.4639907,20.2880319],[-99.464051,20.2882592],[-99.4636493,20.2885251],[-99.4629858,20.2881083],[-99.4629719,20.2877113],[-99.4628053,20.2873631],[-99.4633361,20.2866324],[-99.4628159,20.2861658],[-99.4623285,20.285841],[-99.4614998,20.2855457],[-99.4611232,20.2854333],[-99.4606822,20.285327],[-99.4601754,20.2852534],[-99.4598405,20.2852135],[-99.4597914,20.2854802],[-99.4596951,20.2858695],[-99.4597243,20.2861058],[-99.4597233,20.2861757],[-99.4596797,20.28619],[-99.4596216,20.2862395],[-99.459586,20.2863018],[-99.4595425,20.2864411],[-99.4594773,20.2868052],[-99.4594731,20.2869077],[-99.4595234,20.2872133],[-99.4596706,20.2878005],[-99.4597329,20.2880585],[-99.4597558,20.2881884],[-99.4597505,20.2883105],[-99.4597371,20.288374],[-99.4596977,20.2884651],[-99.4596259,20.2885719],[-99.4594828,20.2888236],[-99.459454,20.2888461],[-99.4594067,20.2888613],[-99.459338,20.2888283],[-99.4592996,20.2887893],[-99.4589274,20.2885486],[-99.458788,20.2884771],[-99.4584904,20.2881749],[-99.4582649,20.2879117],[-99.4582222,20.2876956],[-99.4582043,20.2874222],[-99.4581577,20.2872967],[-99.4581043,20.2871988]]]},"properties":{"locality":"Bathí","official_key":"1301700050001","CVE_ENT":"13","CVE_MUN":"017","CVE_LOC":"0005","CVE_ASEN":"0001","settlement_type":"PUEBLO","source":"INEGI DCAH 2025"}},{"type":"Feature","geometry":{"type":"Polygon","coordinates":[[[-99.5064725,20.1789466],[-99.5061551,20.180067],[-99.5059339,20.1807589],[-99.5056418,20.1818202],[-99.5054807,20.1822628],[-99.5054011,20.1825097],[-99.5042373,20.1821266],[-99.5034573,20.1818546],[-99.5030033,20.1817074],[-99.5021026,20.1814083],[-99.5010707,20.1810465],[-99.5003793,20.1823626],[-99.4998971,20.183311],[-99.4995911,20.1839897],[-99.4988308,20.1857735],[-99.4970254,20.1846359],[-99.4958732,20.1839345],[-99.4971458,20.180664],[-99.4973107,20.179784],[-99.497057,20.1796535],[-99.4975557,20.1778221],[-99.4980884,20.1761261],[-99.4981831,20.1759017],[-99.4983059,20.1757751],[-99.4984033,20.1757027],[-99.4984989,20.1756924],[-99.4986413,20.1757221],[-99.4987366,20.1754647],[-99.4993189,20.1756721],[-99.499214,20.175938],[-99.5006686,20.1764274],[-99.5004712,20.1769102],[-99.5009578,20.1770648],[-99.5015377,20.1772238],[-99.5015945,20.1772236],[-99.5017433,20.1772102],[-99.5018569,20.1772258],[-99.5019168,20.1772444],[-99.5020075,20.1773064],[-99.5020645,20.1773642],[-99.5021048,20.1774361],[-99.5021693,20.1774638],[-99.5027711,20.1776738],[-99.5028128,20.177711],[-99.502894,20.1777463],[-99.5029933,20.1777896],[-99.5031749,20.1772355],[-99.5044924,20.177629],[-99.5048628,20.1777528],[-99.5049911,20.1773885],[-99.5067311,20.1780309],[-99.5064725,20.1789466]]]},"properties":{"locality":"El Capulin","official_key":"1301700060001","CVE_ENT":"13","CVE_MUN":"017","CVE_LOC":"0006","CVE_ASEN":"0001","settlement_type":"PUEBLO","source":"INEGI DCAH 2025"}},{"type":"Feature","geometry":{"type":"Polygon","coordinates":[[[-99.5083306,20.2737613],[-99.5078702,20.2737257],[-99.5079098,20.2738304],[-99.5081056,20.2742098],[-99.5082174,20.2743987],[-99.5082834,20.2745424],[-99.5078033,20.2745315],[-99.507274,20.2745186],[-99.5072042,20.2745188],[-99.506835,20.2737165],[-99.5068161,20.2736833],[-99.5066655,20.2734179],[-99.505668,20.2734364],[-99.5053603,20.2736182],[-99.5050902,20.2736692],[-99.5047482,20.2736509],[-99.5044034,20.273677],[-99.5041449,20.2735875],[-99.5038561,20.2735653],[-99.5036594,20.2731434],[-99.5041917,20.2723026],[-99.5041437,20.2715411],[-99.5050892,20.2712273],[-99.5048654,20.2705604],[-99.5053278,20.2703118],[-99.5054512,20.2705392],[-99.5059765,20.2704194],[-99.5059171,20.2698165],[-99.5067445,20.2698618],[-99.5067745,20.2699743],[-99.5075915,20.2701941],[-99.5076917,20.26998],[-99.5077541,20.269779],[-99.507859,20.2697867],[-99.5078616,20.2698092],[-99.5078601,20.269875],[-99.507874,20.2699513],[-99.5079204,20.2700576],[-99.5079598,20.2701065],[-99.5080298,20.270144],[-99.5080167,20.2701766],[-99.5081096,20.2711274],[-99.5081623,20.2714033],[-99.508283,20.27183],[-99.5083056,20.2719314],[-99.5083185,20.2719615],[-99.5083387,20.2719687],[-99.5084572,20.2719974],[-99.508934,20.2721128],[-99.5090509,20.272127],[-99.5093017,20.2737679],[-99.5087817,20.2737781],[-99.5083306,20.2737613]]]},"properties":{"locality":"Chapulaco","official_key":"1301700070001","CVE_ENT":"13","CVE_MUN":"017","CVE_LOC":"0007","CVE_ASEN":"0001","settlement_type":"PUEBLO","source":"INEGI DCAH 2025"}},{"type":"Feature","geometry":{"type":"MultiPolygon","coordinates":[[[[-99.4755545,20.1964806],[-99.4753933,20.1966131],[-99.4753599,20.1967508],[-99.4753807,20.1971713],[-99.4749078,20.1978645],[-99.474535,20.1981396],[-99.4732647,20.1978829],[-99.4731525,20.1977905],[-99.4747749,20.1965316],[-99.4748865,20.196338],[-99.4745849,20.196012],[-99.4745273,20.1954255],[-99.4743589,20.195095],[-99.4739515,20.1944549],[-99.4737473,20.1941185],[-99.4732877,20.1929507],[-99.4731406,20.1927208],[-99.4730425,20.1924218],[-99.4730112,20.1914901],[-99.4743778,20.1919696],[-99.4747,20.1917231],[-99.4750683,20.191626],[-99.476201,20.1916387],[-99.4765682,20.191569],[-99.4766738,20.1916117],[-99.4769071,20.1919547],[-99.4769843,20.1922798],[-99.4769733,20.19247],[-99.4769293,20.1927817],[-99.4767975,20.1931287],[-99.4762762,20.1943755],[-99.4763138,20.1944769],[-99.4764604,20.1945593],[-99.4768209,20.195445],[-99.4764242,20.195639],[-99.4763534,20.1958698],[-99.4764156,20.1962729],[-99.4764711,20.1962967],[-99.4765715,20.1963325],[-99.4767388,20.1963433],[-99.4769093,20.1963053],[-99.4772035,20.1962918],[-99.4776171,20.1962903],[-99.4779476,20.1963152],[-99.4780435,20.1964051],[-99.4781364,20.1964203],[-99.4783194,20.1964198],[-99.4783576,20.19643],[-99.4784917,20.1965018],[-99.4786317,20.1965323],[-99.4787245,20.1965496],[-99.4788142,20.1965435],[-99.4789687,20.1965052],[-99.4791602,20.19642],[-99.4792777,20.1964226],[-99.4794327,20.196536],[-99.4796237,20.1966429],[-99.4796828,20.1966262],[-99.4797331,20.1966033],[-99.479805,20.1964895],[-99.4799163,20.1963921],[-99.480133,20.1963626],[-99.4802624,20.1964201],[-99.4803095,20.1964309],[-99.4803732,20.1964781],[-99.4805194,20.1967323],[-99.4805371,20.1969265],[-99.4805658,20.1975058],[-99.4806408,20.1979611],[-99.4806645,20.1980711],[-99.4808117,20.198423],[-99.4809947,20.1985834],[-99.4810454,20.1986807],[-99.4810987,20.1988323],[-99.4813342,20.1994995],[-99.4817227,20.1999582],[-99.4819612,20.2002355],[-99.4820556,20.2006899],[-99.4820291,20.2008239],[-99.48197,20.2010383],[-99.4819677,20.2011743],[-99.4820264,20.2013414],[-99.4821101,20.2015372],[-99.4822408,20.2016963],[-99.4819916,20.2020844],[-99.4816703,20.2023675],[-99.4813949,20.2025962],[-99.4807814,20.2029464],[-99.4799342,20.203113],[-99.4795504,20.20283],[-99.4793255,20.2026012],[-99.4790394,20.2022255],[-99.4790085,20.2020571],[-99.479023,20.2018456],[-99.4789881,20.2016126],[-99.4787445,20.2015796],[-99.4784601,20.2014957],[-99.4782744,20.2013862],[-99.4780252,20.200884],[-99.4779863,20.2004486],[-99.4777205,20.2000932],[-99.4773259,20.1998522],[-99.4771762,20.1996556],[-99.4771755,20.1994304],[-99.4770972,20.1991829],[-99.4765867,20.1981715],[-99.4764102,20.197904],[-99.4762188,20.1976815],[-99.4759362,20.1974711],[-99.4758901,20.1973147],[-99.4755545,20.1964806]]],[[[-99.4640982,20.2002983],[-99.4642867,20.2003788],[-99.4644999,20.2005066],[-99.4646684,20.2005755],[-99.4647772,20.200616],[-99.4648421,20.2007637],[-99.4649177,20.2008467],[-99.465345,20.2012233],[-99.4655669,20.2013845],[-99.465589,20.2014281],[-99.4658863,20.2028539],[-99.4661082,20.2038888],[-99.465912,20.20378],[-99.4657712,20.2036371],[-99.4656778,20.2035234],[-99.4655035,20.2034165],[-99.4652075,20.2031696],[-99.4651599,20.2029132],[-99.4651608,20.2029017],[-99.4651733,20.2027499],[-99.4651727,20.2025649],[-99.464822,20.2020251],[-99.4645604,20.2016741],[-99.4642327,20.2010387],[-99.4641813,20.2008031],[-99.4641425,20.2006042],[-99.4640934,20.2004629],[-99.4640782,20.2004004],[-99.4640381,20.2003304],[-99.4640982,20.2002983]]]]},"properties":{"locality":"Juchitlán","official_key":"1301700110001","CVE_ENT":"13","CVE_MUN":"017","CVE_LOC":"0011","CVE_ASEN":"0001","settlement_type":"PUEBLO","source":"INEGI DCAH 2025"}},{"type":"Feature","geometry":{"type":"Polygon","coordinates":[[[-99.5589818,20.2100176],[-99.5592988,20.2095978],[-99.5593571,20.2096008],[-99.5593986,20.2095908],[-99.5594125,20.2095515],[-99.5594467,20.2094914],[-99.55946,20.2094007],[-99.5594924,20.2093351],[-99.5595387,20.2092707],[-99.5613374,20.2069092],[-99.5619327,20.2065912],[-99.5620124,20.2065489],[-99.5621548,20.2065123],[-99.5624289,20.2065016],[-99.5626731,20.2065507],[-99.5631295,20.2067293],[-99.5632941,20.2068327],[-99.5633507,20.2065285],[-99.5633609,20.2064732],[-99.5630399,20.2064272],[-99.5630315,20.206426],[-99.5625307,20.2062812],[-99.5622957,20.2062403],[-99.5620203,20.2062278],[-99.5620005,20.2058793],[-99.5619979,20.2057863],[-99.5619952,20.2057009],[-99.5621113,20.2056967],[-99.5626994,20.2057365],[-99.5627878,20.2057425],[-99.5641319,20.205857],[-99.5653809,20.2059817],[-99.5659353,20.2060105],[-99.5666772,20.2060852],[-99.5672208,20.2062267],[-99.567718,20.2064564],[-99.5675267,20.2066095],[-99.5674816,20.2066755],[-99.5674756,20.2067867],[-99.5675118,20.2068853],[-99.5676066,20.2069766],[-99.5677464,20.2070996],[-99.5677565,20.2072035],[-99.5677793,20.2072717],[-99.5678842,20.2073338],[-99.5680657,20.2074961],[-99.5681043,20.2075759],[-99.5680813,20.2077415],[-99.568037,20.2078672],[-99.5679237,20.2079268],[-99.5677572,20.2079562],[-99.5677058,20.2080327],[-99.5677663,20.2081167],[-99.5678469,20.2081953],[-99.5679136,20.2082661],[-99.5679222,20.2083455],[-99.5678832,20.2084033],[-99.56782,20.208458],[-99.5676736,20.2084802],[-99.5675885,20.2084279],[-99.5675632,20.2083898],[-99.5675225,20.2084306],[-99.5674303,20.2084367],[-99.5673431,20.2083919],[-99.5672796,20.2083645],[-99.5672534,20.2083773],[-99.5672599,20.2084585],[-99.5672503,20.208547],[-99.5671507,20.208634],[-99.5670202,20.2086621],[-99.5668231,20.2086684],[-99.5667132,20.2085534],[-99.5665806,20.2083627],[-99.5664726,20.2082516],[-99.5662274,20.2081181],[-99.5659162,20.2079625],[-99.5655746,20.2078456],[-99.5653273,20.2077878],[-99.5649739,20.2077606],[-99.5647832,20.2077306],[-99.5646681,20.2075159],[-99.5646546,20.2078273],[-99.5646323,20.2083395],[-99.564667,20.2083812],[-99.5647719,20.2085467],[-99.5648878,20.2087232],[-99.5649054,20.2088598],[-99.5649224,20.2089536],[-99.5649268,20.2093545],[-99.5649175,20.2094485],[-99.5648119,20.2101213],[-99.5647606,20.2102926],[-99.5646543,20.210583],[-99.5632289,20.2137198],[-99.5627456,20.2148463],[-99.5624953,20.215425],[-99.5624855,20.2154448],[-99.5617427,20.2171337],[-99.561661,20.217305],[-99.5611667,20.2172783],[-99.5613921,20.2163292],[-99.561184,20.215583],[-99.5611241,20.215325],[-99.5610779,20.2151095],[-99.5610737,20.2150274],[-99.5610438,20.2149686],[-99.5609711,20.2149218],[-99.5610822,20.2147864],[-99.5609214,20.2147537],[-99.5606709,20.2147102],[-99.56023,20.214546],[-99.5594787,20.2140893],[-99.5585463,20.2134253],[-99.5582374,20.2132125],[-99.5577333,20.2128792],[-99.5576942,20.2128539],[-99.557885,20.2120202],[-99.5579366,20.2118322],[-99.557996,20.2116009],[-99.558369,20.2104623],[-99.5592594,20.2101549],[-99.5593534,20.2101233],[-99.5592809,20.210099],[-99.5589818,20.2100176]]]},"properties":{"locality":"San José Marquéz","official_key":"1301700120001","CVE_ENT":"13","CVE_MUN":"017","CVE_LOC":"0012","CVE_ASEN":"0001","settlement_type":"PUEBLO","source":"INEGI DCAH 2025"}},{"type":"Feature","geometry":{"type":"Polygon","coordinates":[[[-99.554416,20.2759351],[-99.5542788,20.2759217],[-99.5539093,20.2759919],[-99.5537293,20.2760556],[-99.55354,20.2756589],[-99.5533804,20.2752343],[-99.5534316,20.27474],[-99.5535865,20.2744968],[-99.5537552,20.2743046],[-99.5538349,20.2738764],[-99.553914,20.2732437],[-99.5538239,20.2723458],[-99.5537582,20.2721895],[-99.5534068,20.2717044],[-99.5531394,20.2714817],[-99.5528025,20.2710782],[-99.5527598,20.2708366],[-99.5528114,20.270639],[-99.5529781,20.2704213],[-99.5531587,20.2700559],[-99.5532824,20.2697722],[-99.5532725,20.2695675],[-99.5533062,20.2694683],[-99.5532436,20.2691442],[-99.5531611,20.2688992],[-99.5532641,20.2689004],[-99.5542115,20.2690455],[-99.5545618,20.2691148],[-99.5546945,20.2691682],[-99.554844,20.2692439],[-99.5549858,20.2692552],[-99.5550865,20.2692354],[-99.555265,20.2691787],[-99.5559345,20.2692207],[-99.5563847,20.2692683],[-99.5566788,20.2693042],[-99.5572044,20.26939],[-99.5575143,20.2695021],[-99.5581884,20.2696244],[-99.5583598,20.2696501],[-99.5587998,20.2697107],[-99.5591839,20.2697418],[-99.5596463,20.2698206],[-99.5601989,20.2699286],[-99.5611223,20.2700691],[-99.5619292,20.2702058],[-99.5626925,20.2702906],[-99.5631661,20.2703439],[-99.563204,20.2691362],[-99.5632555,20.2677031],[-99.5632921,20.2670757],[-99.5633009,20.2669624],[-99.5632672,20.2667503],[-99.5632574,20.2660554],[-99.5632149,20.2657459],[-99.5630682,20.2648141],[-99.563194,20.2634545],[-99.5633885,20.2619595],[-99.5634507,20.2620527],[-99.5635109,20.2621355],[-99.5635461,20.2621586],[-99.5636471,20.2622216],[-99.563678,20.2622339],[-99.5637827,20.2622608],[-99.5639655,20.2622794],[-99.5640587,20.2622695],[-99.5641959,20.2622307],[-99.5642978,20.2621833],[-99.5646359,20.261945],[-99.5648085,20.2618723],[-99.5651054,20.261731],[-99.5653897,20.2615579],[-99.5655288,20.2614629],[-99.5655734,20.2613979],[-99.5656637,20.2613241],[-99.5659822,20.2610871],[-99.5660909,20.2610124],[-99.5662888,20.2609056],[-99.5664958,20.2608308],[-99.5668151,20.260722],[-99.5671433,20.2605985],[-99.567769,20.2603739],[-99.5684098,20.2601044],[-99.5688958,20.2599083],[-99.5692193,20.2597649],[-99.569376,20.2596577],[-99.5695119,20.2594965],[-99.5699165,20.2589104],[-99.5701514,20.2585539],[-99.5702066,20.2584741],[-99.5704235,20.2582618],[-99.5709758,20.2576705],[-99.5713352,20.2573077],[-99.571506,20.2570866],[-99.5716238,20.2569579],[-99.5720561,20.2565315],[-99.5722658,20.2563148],[-99.5725776,20.256031],[-99.5726198,20.2560013],[-99.5727207,20.2559507],[-99.5727938,20.2558551],[-99.573055,20.2553587],[-99.5734711,20.2546063],[-99.5736728,20.2546564],[-99.5738744,20.2547871],[-99.574149,20.2547463],[-99.5745908,20.2547051],[-99.5748308,20.2547837],[-99.5750197,20.2552833],[-99.5751977,20.2555238],[-99.5753681,20.2556522],[-99.5756341,20.255846],[-99.5758388,20.2559997],[-99.5760184,20.2562848],[-99.5761735,20.2564066],[-99.5763912,20.2566122],[-99.5766635,20.2570069],[-99.5769717,20.2572912],[-99.577513,20.2583367],[-99.5777891,20.258561],[-99.5782534,20.2593233],[-99.578426,20.2600382],[-99.5785303,20.2610311],[-99.5787057,20.2611361],[-99.5791628,20.2612789],[-99.5795583,20.2613777],[-99.5799597,20.2614663],[-99.5805375,20.2615568],[-99.5806343,20.2615896],[-99.5810549,20.2617235],[-99.5811103,20.2617543],[-99.5808849,20.2618902],[-99.5804755,20.2621843],[-99.5802319,20.2623767],[-99.5801796,20.2624841],[-99.5800968,20.2625865],[-99.5796949,20.2631676],[-99.5795769,20.2633656],[-99.5794852,20.2636281],[-99.5793933,20.2640528],[-99.5793253,20.2643761],[-99.5791907,20.2646251],[-99.5789725,20.2651187],[-99.5786444,20.2657965],[-99.5785543,20.265991],[-99.5784156,20.2661371],[-99.5779027,20.2664576],[-99.5776211,20.2665954],[-99.5768548,20.2668931],[-99.5763133,20.2670951],[-99.5760048,20.2673039],[-99.5757769,20.2675485],[-99.5756957,20.2676779],[-99.5755834,20.2679327],[-99.5752485,20.268733],[-99.5751368,20.2688781],[-99.5750138,20.2690196],[-99.5748159,20.2691708],[-99.5747238,20.2692771],[-99.5746614,20.2693801],[-99.5744117,20.269758],[-99.5743055,20.2701042],[-99.5742742,20.2703107],[-99.5742607,20.2705968],[-99.5743388,20.2708213],[-99.5743505,20.2708884],[-99.5743325,20.2709902],[-99.5740872,20.2711894],[-99.5737064,20.2715373],[-99.5735399,20.2717747],[-99.5734391,20.2720804],[-99.5733118,20.2722053],[-99.5725435,20.2728892],[-99.5721547,20.273215],[-99.5717095,20.2735332],[-99.5714248,20.2737916],[-99.5713019,20.2740612],[-99.5710615,20.2746437],[-99.5709742,20.2749058],[-99.5708961,20.2751262],[-99.5707958,20.2752901],[-99.5699478,20.2765494],[-99.5698466,20.2766815],[-99.5696234,20.2772952],[-99.5693392,20.2778093],[-99.5691826,20.2780946],[-99.5691398,20.2781373],[-99.5688933,20.2783958],[-99.5688076,20.2784895],[-99.5685471,20.2786125],[-99.5685133,20.2786284],[-99.5666589,20.2782992],[-99.5666184,20.2782926],[-99.5646935,20.2779749],[-99.5644635,20.2779357],[-99.5644623,20.2779355],[-99.5644396,20.2779316],[-99.5630805,20.277713],[-99.5608938,20.2773994],[-99.5592107,20.2771424],[-99.559151,20.2771312],[-99.5583242,20.2769755],[-99.5580739,20.2769302],[-99.5555118,20.2764664],[-99.5550034,20.2763605],[-99.5549853,20.2763455],[-99.5548645,20.2762449],[-99.5547278,20.2760672],[-99.5546954,20.2760368],[-99.554416,20.2759351]]]},"properties":{"locality":"Nueva Santa Lucía","official_key":"1301700130001","CVE_ENT":"13","CVE_MUN":"017","CVE_LOC":"0013","CVE_ASEN":"0001","settlement_type":"COLONIA","source":"INEGI DCAH 2025"}},{"type":"Feature","geometry":{"type":"Polygon","coordinates":[[[-99.483237,20.2343562],[-99.4829791,20.2343982],[-99.4817545,20.2345827],[-99.4811682,20.234603],[-99.4805443,20.2345523],[-99.4800619,20.2344285],[-99.4796273,20.2342348],[-99.4792078,20.2340134],[-99.4779489,20.2332661],[-99.4777354,20.2330805],[-99.4776643,20.2330057],[-99.4775033,20.2328099],[-99.4774489,20.2327046],[-99.4773393,20.2324524],[-99.4772608,20.2322182],[-99.4772518,20.2321271],[-99.4772716,20.2315242],[-99.4771815,20.2315511],[-99.4770572,20.2315744],[-99.4769193,20.2315392],[-99.4768456,20.2314344],[-99.4767967,20.2313143],[-99.476768,20.2311154],[-99.4766788,20.2309936],[-99.4763593,20.2306992],[-99.4761991,20.2305471],[-99.4759918,20.2304248],[-99.4755635,20.2299649],[-99.4754931,20.2298159],[-99.4747547,20.2286694],[-99.4747152,20.2285999],[-99.474647,20.2283508],[-99.4745696,20.2282252],[-99.4744869,20.2281991],[-99.4743683,20.2281514],[-99.474277,20.228034],[-99.4741754,20.2278926],[-99.4740392,20.2277646],[-99.4739091,20.2276824],[-99.4737225,20.2275184],[-99.4737993,20.2274458],[-99.4738911,20.2273725],[-99.4739742,20.2273202],[-99.4741666,20.2272605],[-99.4745838,20.2271731],[-99.4747915,20.2271417],[-99.4762713,20.2270473],[-99.4763061,20.2270085],[-99.4765081,20.2268612],[-99.4765998,20.2267458],[-99.4767253,20.2265667],[-99.4768328,20.2265016],[-99.4770096,20.2264424],[-99.4771265,20.2264063],[-99.4772213,20.2263615],[-99.4773812,20.2263478],[-99.4774986,20.2263285],[-99.4775161,20.2262673],[-99.4774917,20.2261449],[-99.4774645,20.2259963],[-99.4764621,20.2256122],[-99.4762537,20.2255537],[-99.476393,20.225279],[-99.4767721,20.2247737],[-99.4770285,20.2242289],[-99.4775027,20.2239141],[-99.4779782,20.2238906],[-99.4783083,20.2239018],[-99.47872,20.2237161],[-99.4788533,20.2233334],[-99.4789554,20.2226841],[-99.4790869,20.2221164],[-99.4793494,20.221566],[-99.4801675,20.2205805],[-99.4806557,20.2201584],[-99.4810107,20.2197963],[-99.4813186,20.2197052],[-99.4815162,20.2194568],[-99.4818705,20.2191343],[-99.482237,20.2188562],[-99.4824054,20.2187643],[-99.4826434,20.2188375],[-99.4827856,20.2188715],[-99.4829983,20.2186832],[-99.4831471,20.2185089],[-99.4833107,20.2183349],[-99.4834081,20.2181683],[-99.4835932,20.2175317],[-99.4837236,20.2171556],[-99.4838676,20.216963],[-99.4840981,20.2168068],[-99.4846272,20.2165646],[-99.4850348,20.2164295],[-99.4851858,20.216192],[-99.485421,20.2158082],[-99.4857978,20.2152543],[-99.4862512,20.2145508],[-99.4866194,20.2139688],[-99.4868995,20.2139117],[-99.4873786,20.2138969],[-99.4877619,20.2141115],[-99.488124,20.2142702],[-99.4883595,20.214391],[-99.4886329,20.2145027],[-99.4888632,20.2145292],[-99.4891298,20.2145047],[-99.4891962,20.2144286],[-99.4893993,20.2146347],[-99.4901907,20.215403],[-99.490381,20.2155071],[-99.4906541,20.2154417],[-99.4910711,20.2152307],[-99.4913908,20.2150185],[-99.4915778,20.214902],[-99.4920044,20.2147315],[-99.4921097,20.2146394],[-99.4922604,20.2144003],[-99.4923938,20.2142803],[-99.4924182,20.2139692],[-99.4925669,20.2138272],[-99.4928513,20.2136232],[-99.493043,20.2134833],[-99.4932999,20.2133317],[-99.4938494,20.2129809],[-99.4939951,20.2128193],[-99.4941494,20.2126352],[-99.4943014,20.2125534],[-99.4947464,20.2124347],[-99.4952727,20.2122853],[-99.4956545,20.2121995],[-99.496452,20.2119779],[-99.4970294,20.2119537],[-99.4978499,20.2121527],[-99.4982868,20.2122295],[-99.4988018,20.2123051],[-99.4992176,20.2124233],[-99.4994998,20.2125212],[-99.4999464,20.2126269],[-99.5001792,20.2126638],[-99.5002814,20.2126191],[-99.5003062,20.2124777],[-99.5003258,20.2123615],[-99.5010849,20.2122102],[-99.5012103,20.2122122],[-99.5018785,20.2118624],[-99.502172,20.2118221],[-99.5018821,20.2127102],[-99.5015205,20.2134909],[-99.5013907,20.2137386],[-99.501301,20.2138598],[-99.500976,20.2143997],[-99.5008696,20.2145766],[-99.5007959,20.2147145],[-99.5007458,20.214806],[-99.5006381,20.2150277],[-99.4994485,20.2174243],[-99.4991369,20.2179674],[-99.4989133,20.2185185],[-99.4995434,20.2196616],[-99.4999727,20.2204028],[-99.5003614,20.2210298],[-99.5003949,20.2211208],[-99.5005963,20.2210062],[-99.500749,20.2209409],[-99.500855,20.2210217],[-99.5009335,20.2211133],[-99.5011353,20.2214745],[-99.5012153,20.2215906],[-99.501312,20.2215835],[-99.5031765,20.221675],[-99.5031256,20.2224604],[-99.5022724,20.2224603],[-99.501804,20.2224155],[-99.5019107,20.2225521],[-99.5013521,20.2227795],[-99.5012829,20.2226713],[-99.5002078,20.2231445],[-99.4996648,20.2230742],[-99.499063,20.223604],[-99.4983437,20.223879],[-99.4977265,20.2231407],[-99.4973536,20.222852],[-99.4965878,20.2236339],[-99.4965373,20.2242282],[-99.495945,20.2249461],[-99.4963077,20.2250939],[-99.4966849,20.2253973],[-99.496724,20.2256575],[-99.4968583,20.2258992],[-99.4967339,20.2261917],[-99.4965758,20.2263859],[-99.4964967,20.2267578],[-99.4962674,20.22712],[-99.4961011,20.2282073],[-99.495921,20.2283488],[-99.4959471,20.2284709],[-99.4962819,20.2284896],[-99.4963006,20.2286697],[-99.4963901,20.2287419],[-99.4967582,20.2290508],[-99.4968682,20.2291654],[-99.4969005,20.2293365],[-99.4968484,20.2294322],[-99.4966186,20.2295686],[-99.4961494,20.2299574],[-99.4960509,20.2299435],[-99.495962,20.2298491],[-99.4959323,20.2297587],[-99.4958757,20.2296913],[-99.4957959,20.22969],[-99.4956981,20.2297386],[-99.4956264,20.2298038],[-99.4955433,20.2299426],[-99.4954456,20.2298464],[-99.4953279,20.2297732],[-99.4952851,20.2297315],[-99.4952959,20.2297003],[-99.4953187,20.2296475],[-99.4953144,20.2296028],[-99.4952601,20.2295597],[-99.4951219,20.2294735],[-99.4950055,20.2294027],[-99.4949533,20.2293874],[-99.4947743,20.2293791],[-99.4948475,20.229261],[-99.4948846,20.2291315],[-99.4948922,20.2289879],[-99.4948599,20.228853],[-99.4948234,20.2287696],[-99.4947368,20.2287042],[-99.4945662,20.2286853],[-99.4943631,20.2290962],[-99.4943483,20.2292087],[-99.4943193,20.2293017],[-99.4941693,20.2294988],[-99.4935619,20.2301912],[-99.4935378,20.2302268],[-99.4935004,20.2303121],[-99.4934705,20.2304731],[-99.4934427,20.2308482],[-99.4932003,20.2309192],[-99.4931815,20.2310305],[-99.493035,20.2315387],[-99.4928546,20.2320372],[-99.4927557,20.2323499],[-99.4927157,20.2325565],[-99.4924603,20.2335171],[-99.4923452,20.2340345],[-99.4923461,20.2343702],[-99.4924475,20.2346696],[-99.4925061,20.2347675],[-99.492684,20.2349775],[-99.4928183,20.2350929],[-99.4930852,20.2352748],[-99.4932734,20.2353455],[-99.4934735,20.2353863],[-99.4937689,20.2355528],[-99.4935662,20.2355767],[-99.4918231,20.2356074],[-99.4889,20.2357262],[-99.4882613,20.2356858],[-99.4878087,20.2355459],[-99.4874517,20.2353287],[-99.4867526,20.234829],[-99.4865509,20.2347198],[-99.4859105,20.2346147],[-99.4843284,20.2344211],[-99.4838784,20.2343826],[-99.483237,20.2343562]]]},"properties":{"locality":"San Bartolo Ozocalpan","official_key":"1301700140001","CVE_ENT":"13","CVE_MUN":"017","CVE_LOC":"0014","CVE_ASEN":"0001","settlement_type":"PUEBLO","source":"INEGI DCAH 2025"}},{"type":"Feature","geometry":{"type":"Polygon","coordinates":[[[-99.3704832,20.3357449],[-99.3699253,20.3353928],[-99.3696019,20.3356244],[-99.3694129,20.3358993],[-99.3691851,20.335926],[-99.3690241,20.3359059],[-99.3688417,20.3360568],[-99.3685091,20.3363485],[-99.3682997,20.3363437],[-99.3672002,20.3346685],[-99.3653513,20.333873],[-99.363965,20.3313677],[-99.3639369,20.3309636],[-99.3640038,20.3308519],[-99.3642303,20.3308372],[-99.3646487,20.3308631],[-99.3652132,20.3307723],[-99.36577,20.3306547],[-99.3662238,20.3305662],[-99.3665868,20.330526],[-99.3669996,20.3305407],[-99.3673511,20.3305653],[-99.3675949,20.3304922],[-99.367821,20.3303595],[-99.3680606,20.3301173],[-99.3682177,20.329955],[-99.3684896,20.3299476],[-99.3687751,20.3300482],[-99.368944,20.3295705],[-99.369023,20.3292169],[-99.3691714,20.3289491],[-99.3693071,20.3285125],[-99.3693349,20.3281497],[-99.3693715,20.3277852],[-99.3694486,20.3275342],[-99.3693861,20.3275145],[-99.3688744,20.3274097],[-99.3685941,20.3272223],[-99.3683279,20.326996],[-99.3681161,20.3267493],[-99.3679272,20.3264337],[-99.3678818,20.3262629],[-99.3678667,20.3260759],[-99.3678287,20.3259757],[-99.3677646,20.3258264],[-99.3677585,20.3254045],[-99.3681371,20.325216],[-99.3682815,20.3251333],[-99.3684592,20.3248989],[-99.3685865,20.3246254],[-99.3689013,20.3240014],[-99.3697106,20.3241413],[-99.3700305,20.3235248],[-99.3709347,20.3237306],[-99.3710267,20.3235639],[-99.3712162,20.3233828],[-99.3713965,20.3233785],[-99.3714902,20.3234571],[-99.3716403,20.3234841],[-99.3718481,20.3234735],[-99.3720677,20.3234576],[-99.3722863,20.3234821],[-99.3727165,20.3235468],[-99.3740827,20.3237735],[-99.374529,20.3238571],[-99.3747838,20.3239082],[-99.3750779,20.32395],[-99.3753996,20.3240334],[-99.3757741,20.3241551],[-99.3759863,20.3241946],[-99.3761137,20.3241921],[-99.3760335,20.3240935],[-99.3758882,20.3235324],[-99.3757946,20.3232455],[-99.3752316,20.3211304],[-99.3751744,20.3209393],[-99.3750059,20.3203984],[-99.375665,20.3202424],[-99.3757533,20.320215],[-99.3766743,20.3199406],[-99.3771054,20.3198641],[-99.3773965,20.3198144],[-99.3776655,20.319777],[-99.3779412,20.3197242],[-99.3782225,20.3196877],[-99.3785843,20.3196161],[-99.378949,20.3196197],[-99.3790287,20.3195483],[-99.3794249,20.3194404],[-99.3795637,20.3194281],[-99.3800987,20.3194337],[-99.3803962,20.3192185],[-99.380131,20.3183246],[-99.3809484,20.3176655],[-99.381089,20.3177923],[-99.3809937,20.3178882],[-99.3809382,20.3179953],[-99.3809483,20.3181097],[-99.3809926,20.3182845],[-99.3811482,20.3189577],[-99.3813846,20.3199065],[-99.3814229,20.3200155],[-99.3813129,20.3201296],[-99.3796691,20.3217174],[-99.3794213,20.3219833],[-99.3791592,20.3222888],[-99.3789037,20.3226227],[-99.3786782,20.3229645],[-99.3785981,20.3231035],[-99.3782665,20.3237894],[-99.3781402,20.3241082],[-99.378079,20.3243384],[-99.3780426,20.3247831],[-99.3782281,20.3248291],[-99.3810995,20.3256361],[-99.3814683,20.3276355],[-99.3814825,20.3277128],[-99.3815353,20.3279569],[-99.3814661,20.3282476],[-99.3812448,20.3284914],[-99.3808169,20.3294469],[-99.3807875,20.3295474],[-99.3802851,20.3306542],[-99.3799764,20.3313653],[-99.3797115,20.3316405],[-99.3796826,20.3316704],[-99.3796281,20.3317237],[-99.3794829,20.3318657],[-99.3793414,20.3318294],[-99.3783321,20.331904],[-99.3774814,20.332029],[-99.3772358,20.3320716],[-99.377079,20.3321212],[-99.3770349,20.3321352],[-99.3770017,20.3321446],[-99.3769998,20.3321452],[-99.3769269,20.332166],[-99.3769245,20.3321666],[-99.3769233,20.332167],[-99.3769231,20.3321672],[-99.3767451,20.3323568],[-99.376745,20.3323569],[-99.3765444,20.3325046],[-99.3761268,20.3327143],[-99.3756357,20.3328311],[-99.375446,20.3328947],[-99.3752898,20.3329687],[-99.3751894,20.3330215],[-99.3751893,20.3330217],[-99.3750892,20.333148],[-99.3750459,20.3332506],[-99.3750448,20.3332534],[-99.3750446,20.3332538],[-99.3750119,20.3333785],[-99.3750116,20.3333797],[-99.3750106,20.3333818],[-99.374956,20.3334956],[-99.3749558,20.3334957],[-99.3747216,20.3335382],[-99.3743418,20.333539],[-99.3741637,20.3335709],[-99.3741632,20.333571],[-99.3741632,20.3335712],[-99.3741624,20.3335742],[-99.3740863,20.3338638],[-99.3740857,20.3338659],[-99.374085,20.3338671],[-99.3739522,20.3340767],[-99.3737215,20.3343049],[-99.3735723,20.3345629],[-99.3730457,20.3351062],[-99.372588,20.3353653],[-99.3720719,20.3355666],[-99.3718901,20.3357547],[-99.371885,20.3359871],[-99.3718955,20.336139],[-99.3716106,20.3365036],[-99.3715929,20.3366069],[-99.371455,20.3365647],[-99.3714059,20.3365497],[-99.3712119,20.336522],[-99.370876,20.33633],[-99.3705262,20.3359461],[-99.3704832,20.3357449]]]},"properties":{"locality":"El Sabino","official_key":"1301700150001","CVE_ENT":"13","CVE_MUN":"017","CVE_LOC":"0015","CVE_ASEN":"0001","settlement_type":"PUEBLO","source":"INEGI DCAH 2025"}},{"type":"Feature","geometry":{"type":"Polygon","coordinates":[[[-99.4412041,20.2691653],[-99.4409392,20.2694513],[-99.441019,20.2696251],[-99.4411679,20.2699529],[-99.4410002,20.2702143],[-99.4407118,20.2705098],[-99.4403318,20.2708067],[-99.439664,20.2713738],[-99.4391558,20.2718872],[-99.4389663,20.2722204],[-99.4384809,20.2724965],[-99.4381717,20.2728403],[-99.4381661,20.2729375],[-99.4381727,20.2734189],[-99.4381789,20.2737319],[-99.4380616,20.2738623],[-99.4378191,20.2739786],[-99.4375427,20.2740296],[-99.4373061,20.2738541],[-99.4372775,20.2737642],[-99.4371568,20.273508],[-99.4369441,20.2733945],[-99.436765,20.2732655],[-99.4365118,20.2731362],[-99.436322,20.2730047],[-99.4362497,20.2729055],[-99.4361689,20.272818],[-99.435918,20.2725594],[-99.4357465,20.272428],[-99.435724,20.2723959],[-99.4357122,20.2723393],[-99.4356831,20.2722414],[-99.4355925,20.2721249],[-99.4354463,20.2720695],[-99.4351648,20.271897],[-99.4349931,20.2717818],[-99.4348943,20.2717559],[-99.4346638,20.2718342],[-99.4342118,20.2719315],[-99.4337267,20.2719705],[-99.4336844,20.2719657],[-99.4334798,20.2718335],[-99.4332985,20.2716947],[-99.4333132,20.2716807],[-99.4353256,20.2709034],[-99.4367653,20.2703385],[-99.4382302,20.2697931],[-99.4384463,20.2697027],[-99.4388921,20.2695164],[-99.4403733,20.2689352],[-99.4410969,20.2686854],[-99.4412041,20.2691653]]]},"properties":{"locality":"Taxhue","official_key":"1301700170001","CVE_ENT":"13","CVE_MUN":"017","CVE_LOC":"0017","CVE_ASEN":"0001","settlement_type":"RANCHERÍA","source":"INEGI DCAH 2025"}},{"type":"Feature","geometry":{"type":"Polygon","coordinates":[[[-99.4637363,20.2689393],[-99.463711,20.2688841],[-99.4634787,20.2685027],[-99.4630184,20.2676613],[-99.4629144,20.267573],[-99.462567,20.2673792],[-99.4625086,20.2673377],[-99.4623782,20.2672094],[-99.4623557,20.2671707],[-99.4622476,20.2668455],[-99.4621974,20.2667459],[-99.4620189,20.2664976],[-99.4619779,20.2664571],[-99.4618266,20.2663559],[-99.4617379,20.266279],[-99.4615537,20.2660729],[-99.461344,20.2659755],[-99.461196,20.2659372],[-99.460124,20.2652848],[-99.4611903,20.2650477],[-99.4638887,20.2645491],[-99.4639606,20.2645295],[-99.4639866,20.2644724],[-99.4640092,20.2643933],[-99.4640097,20.26428],[-99.4639768,20.2640257],[-99.4639271,20.2638482],[-99.4637961,20.2635003],[-99.4635291,20.2626765],[-99.463412,20.2622575],[-99.463393,20.2621439],[-99.4633277,20.2615544],[-99.4633702,20.2613849],[-99.4634296,20.2612919],[-99.463489,20.261217],[-99.4635504,20.2611051],[-99.4635862,20.26014],[-99.4635978,20.2600935],[-99.4637839,20.2597425],[-99.4638485,20.2594321],[-99.4640148,20.2593763],[-99.4654506,20.2587628],[-99.4665306,20.25813],[-99.4657873,20.256191],[-99.464745,20.2539135],[-99.4646366,20.2536015],[-99.4645739,20.2532679],[-99.464533,20.2529627],[-99.4645035,20.2527415],[-99.4633942,20.251783],[-99.4631479,20.2512556],[-99.4630119,20.2508573],[-99.4630323,20.2506552],[-99.4632598,20.2506447],[-99.4636832,20.2506685],[-99.4640166,20.2507125],[-99.4641807,20.2507121],[-99.4643338,20.2506219],[-99.4644551,20.2504718],[-99.4646874,20.2503015],[-99.465026,20.2503056],[-99.4658311,20.2503257],[-99.4660028,20.250386],[-99.4661266,20.2505474],[-99.4662288,20.2506685],[-99.4663468,20.2506935],[-99.4669095,20.2506768],[-99.4672257,20.2506456],[-99.4674401,20.2506703],[-99.4675851,20.2507255],[-99.4676926,20.2508466],[-99.4678062,20.25118],[-99.4678014,20.2513974],[-99.4679252,20.251569],[-99.4682042,20.2516592],[-99.4690359,20.2518568],[-99.4695407,20.2521571],[-99.4699676,20.252357],[-99.4701566,20.252393],[-99.470394,20.2523878],[-99.4706749,20.2523642],[-99.4710787,20.252177],[-99.471376,20.2518653],[-99.4716729,20.2514351],[-99.4718686,20.2512495],[-99.4723153,20.2510336],[-99.473162,20.2508298],[-99.4733368,20.2507763],[-99.4749,20.2499649],[-99.4760421,20.2495397],[-99.476151,20.2496011],[-99.4762463,20.2498829],[-99.4765084,20.2502934],[-99.4766166,20.2505165],[-99.4766335,20.2506182],[-99.4766375,20.2509915],[-99.4766226,20.2513242],[-99.4765901,20.2516894],[-99.4765897,20.2517865],[-99.4766667,20.2517513],[-99.4781649,20.2514048],[-99.478167,20.2513544],[-99.4782601,20.2511852],[-99.4792346,20.2509316],[-99.4793109,20.2509027],[-99.4804264,20.2502731],[-99.4805283,20.250201],[-99.4816167,20.2492543],[-99.4817634,20.2491604],[-99.4819972,20.2490266],[-99.4824573,20.2487114],[-99.4831049,20.2482157],[-99.4844021,20.2481396],[-99.484865,20.2481128],[-99.4842235,20.248928],[-99.4840669,20.2492158],[-99.4834645,20.2504086],[-99.4834416,20.2504771],[-99.4833154,20.2507283],[-99.4832973,20.2507644],[-99.48269,20.2518795],[-99.4826702,20.2519487],[-99.4819331,20.2533857],[-99.4818595,20.2535426],[-99.4817303,20.2538729],[-99.4816481,20.2541415],[-99.4816423,20.2541971],[-99.4816472,20.2543099],[-99.4816538,20.2544029],[-99.48168,20.2545151],[-99.4817759,20.2547285],[-99.4820497,20.2551775],[-99.4826853,20.2559334],[-99.4828362,20.2559599],[-99.4830521,20.2560487],[-99.4832164,20.2561406],[-99.4833224,20.2562216],[-99.4832969,20.2564219],[-99.4832231,20.2566388],[-99.4832283,20.2567137],[-99.4834179,20.2572149],[-99.4834347,20.2572661],[-99.4832302,20.2579327],[-99.4825601,20.2597844],[-99.4825857,20.2598711],[-99.4825659,20.2598829],[-99.482524,20.2599417],[-99.4820562,20.2601838],[-99.4816565,20.2603541],[-99.4814219,20.2603808],[-99.4813121,20.2605632],[-99.4812297,20.2606936],[-99.4810373,20.2609283],[-99.480886,20.2611238],[-99.4806931,20.2611895],[-99.4803483,20.2612555],[-99.4799897,20.2613475],[-99.4797966,20.2613741],[-99.4796865,20.2614655],[-99.4796178,20.2615957],[-99.4796182,20.2617128],[-99.4796601,20.2618558],[-99.4798948,20.2618812],[-99.4801751,20.2619672],[-99.4803844,20.262036],[-99.4805415,20.2620778],[-99.4806091,20.2621678],[-99.4806326,20.2622612],[-99.4805865,20.2624161],[-99.4800085,20.2629642],[-99.4796917,20.2631602],[-99.4795958,20.2634077],[-99.4794454,20.2638505],[-99.4794183,20.2640197],[-99.4792534,20.2642283],[-99.4787985,20.2643857],[-99.4781365,20.2645566],[-99.4775984,20.2645971],[-99.4772683,20.2648458],[-99.4769237,20.2650029],[-99.4766896,20.2651467],[-99.4764557,20.2653815],[-99.476222,20.2656684],[-99.4758503,20.2659817],[-99.4753684,20.2663343],[-99.4750974,20.2667129],[-99.4750019,20.2670905],[-99.4748511,20.2674032],[-99.4746031,20.267534],[-99.4743547,20.2675347],[-99.4742245,20.2676581],[-99.4739831,20.267887],[-99.473804,20.2680046],[-99.4735286,20.2681745],[-99.473474,20.2683698],[-99.473378,20.2686043],[-99.4732405,20.2687607],[-99.4730751,20.2688132],[-99.4726944,20.2689683],[-99.4723499,20.2689692],[-99.472156,20.2689177],[-99.4719215,20.2689443],[-99.4717975,20.2690358],[-99.4717705,20.2692441],[-99.4716195,20.2694916],[-99.471399,20.2695963],[-99.4713027,20.2697136],[-99.4710824,20.2698703],[-99.4706963,20.2699755],[-99.4704161,20.2702419],[-99.4700441,20.2704251],[-99.4698923,20.2704515],[-99.4697124,20.2702828],[-99.4695329,20.2702573],[-99.4693398,20.2702968],[-99.4692848,20.270375],[-99.4692024,20.2705184],[-99.4691338,20.2706357],[-99.4690098,20.2707141],[-99.4687339,20.2707538],[-99.468292,20.2706769],[-99.4681123,20.2705994],[-99.4677811,20.2705743],[-99.4675878,20.2705748],[-99.467243,20.2706147],[-99.4670502,20.2707713],[-99.4668019,20.270785],[-99.4664568,20.2707729],[-99.4661666,20.2706826],[-99.4659593,20.2705661],[-99.4656416,20.2704888],[-99.4653795,20.2705416],[-99.4651178,20.2706854],[-99.4645797,20.2707519],[-99.4644973,20.2708952],[-99.46434,20.2708473],[-99.4643033,20.2707243],[-99.4637363,20.2689393]]]},"properties":{"locality":"Tlaunilolpan","official_key":"1301700200001","CVE_ENT":"13","CVE_MUN":"017","CVE_LOC":"0020","CVE_ASEN":"0001","settlement_type":"PUEBLO","source":"INEGI DCAH 2025"}},{"type":"Feature","geometry":{"type":"Polygon","coordinates":[[[-99.4458549,20.301014],[-99.4459256,20.3005848],[-99.4459574,20.3003734],[-99.4459867,20.3001046],[-99.4460287,20.2996992],[-99.4460501,20.2994905],[-99.4460702,20.2993107],[-99.4461231,20.2991464],[-99.4461176,20.2990911],[-99.4461237,20.2990371],[-99.4461395,20.2989565],[-99.4462924,20.2984895],[-99.4465062,20.2977805],[-99.4466568,20.2973219],[-99.4467466,20.2970107],[-99.4467245,20.2969132],[-99.4467051,20.2968802],[-99.4465634,20.2967985],[-99.446429,20.2967066],[-99.4461875,20.2965162],[-99.4461216,20.2964403],[-99.4460772,20.2963623],[-99.4460651,20.2962821],[-99.4460809,20.2962305],[-99.4461259,20.2961329],[-99.4461407,20.2960253],[-99.4461339,20.2959421],[-99.4460979,20.2956111],[-99.4461217,20.29551],[-99.446473,20.294996],[-99.4470508,20.2941848],[-99.4475958,20.2933821],[-99.4478702,20.2929856],[-99.4480427,20.2927201],[-99.4481514,20.2924766],[-99.4482449,20.2921246],[-99.4483705,20.2916832],[-99.4484785,20.2914515],[-99.4491357,20.2917085],[-99.4492602,20.29196],[-99.4493796,20.2920498],[-99.4502369,20.2922587],[-99.4507183,20.2926034],[-99.4511535,20.2929319],[-99.4517294,20.2934226],[-99.4524334,20.2940286],[-99.4524914,20.2941246],[-99.4525655,20.2942483],[-99.452659,20.2944797],[-99.4527761,20.2950074],[-99.4528901,20.2952292],[-99.4529468,20.2952979],[-99.4533035,20.2956406],[-99.4542379,20.2963999],[-99.4551541,20.2971867],[-99.4552829,20.297392],[-99.4550383,20.2973145],[-99.4547041,20.2971106],[-99.4546171,20.2970674],[-99.4545023,20.2970407],[-99.4543726,20.297068],[-99.4544073,20.2971072],[-99.4546773,20.2972476],[-99.4550097,20.2975738],[-99.4553926,20.2977045],[-99.455759,20.2979527],[-99.4560236,20.2981372],[-99.4562475,20.29829],[-99.4566343,20.2986018],[-99.457487,20.2992252],[-99.4575001,20.2992302],[-99.4573863,20.2994451],[-99.4572845,20.2996535],[-99.4570741,20.3000951],[-99.4570379,20.3001537],[-99.4567182,20.3005973],[-99.4564187,20.3003259],[-99.4561484,20.3000865],[-99.4554507,20.3000556],[-99.4550557,20.3000365],[-99.454435,20.3003131],[-99.4533934,20.3007438],[-99.4530975,20.3008527],[-99.4530341,20.3008643],[-99.4525215,20.3007638],[-99.4524845,20.3009585],[-99.452415,20.3013682],[-99.452336,20.3018246],[-99.4522771,20.3022347],[-99.4522378,20.3024973],[-99.4521823,20.3026672],[-99.4521733,20.3028278],[-99.4521695,20.3031583],[-99.4521329,20.3033545],[-99.4520027,20.3039822],[-99.4520043,20.3040953],[-99.4520931,20.3042171],[-99.4523103,20.3044922],[-99.4524247,20.3045703],[-99.4527988,20.3046744],[-99.4529632,20.3047815],[-99.4530529,20.3049483],[-99.4530748,20.305116],[-99.4531065,20.3053699],[-99.4531453,20.3056264],[-99.4530813,20.3058747],[-99.4530061,20.3059985],[-99.4529199,20.3059809],[-99.4525962,20.3058697],[-99.4522351,20.3057529],[-99.4517431,20.305582],[-99.4512909,20.3054273],[-99.4511521,20.3053808],[-99.4510111,20.3053347],[-99.4507774,20.3052604],[-99.4506366,20.3052118],[-99.4503172,20.3051122],[-99.449886,20.3049774],[-99.4494267,20.3048353],[-99.4488278,20.3046559],[-99.4483813,20.3045279],[-99.4478065,20.3043562],[-99.4474946,20.3042351],[-99.4469088,20.3039846],[-99.4466683,20.3038539],[-99.4460718,20.3034987],[-99.4458317,20.3033818],[-99.4457785,20.3033528],[-99.445708,20.3033143],[-99.4455535,20.3032391],[-99.445478,20.3031976],[-99.4453602,20.3031495],[-99.4449987,20.3029559],[-99.4451141,20.3026374],[-99.445256,20.302269],[-99.445338,20.3020383],[-99.4453904,20.3018418],[-99.4454223,20.3016869],[-99.4454652,20.3015863],[-99.445518,20.3014984],[-99.4456651,20.3013681],[-99.4458157,20.3012163],[-99.4458549,20.301014]]]},"properties":{"locality":"Toxthe","official_key":"1301700210001","CVE_ENT":"13","CVE_MUN":"017","CVE_LOC":"0021","CVE_ASEN":"0001","settlement_type":"RANCHERÍA","source":"INEGI DCAH 2025"}},{"type":"Feature","geometry":{"type":"MultiPolygon","coordinates":[[[[-99.4479986,20.2319045],[-99.4481488,20.2316528],[-99.4482317,20.2317269],[-99.4487467,20.2324517],[-99.4486209,20.2327602],[-99.4484063,20.2329816],[-99.4482561,20.2329514],[-99.4480523,20.2328306],[-99.4479342,20.2326696],[-99.4479557,20.2323474],[-99.4480093,20.2321159],[-99.4479986,20.2319045]]],[[[-99.4465395,20.2335756],[-99.4469257,20.2335051],[-99.4472154,20.2335957],[-99.4472798,20.2337971],[-99.4472905,20.2340286],[-99.4473763,20.234391],[-99.4472583,20.2346024],[-99.4471403,20.2346729],[-99.4467111,20.2346628],[-99.4464322,20.2345621],[-99.4463893,20.2341192],[-99.4464429,20.2337065],[-99.4465395,20.2335756]]],[[[-99.4438358,20.2335051],[-99.4443401,20.2333843],[-99.4444044,20.2340085],[-99.4445868,20.2342299],[-99.4438465,20.2350151],[-99.4434281,20.2353373],[-99.4431277,20.2355084],[-99.4427522,20.2356493],[-99.442699,20.23569],[-99.4424625,20.2358708],[-99.4430691,20.2362511],[-99.4449516,20.2374311],[-99.4443299,20.2381623],[-99.444147,20.2383774],[-99.4437071,20.2385284],[-99.4432457,20.2395954],[-99.4430204,20.2396357],[-99.4427093,20.2399678],[-99.4423982,20.2399578],[-99.442366,20.2397665],[-99.4417115,20.2381156],[-99.4431706,20.236505],[-99.4414433,20.2353272],[-99.4423909,20.2347563],[-99.4424625,20.2347131],[-99.4425059,20.2346485],[-99.4430633,20.2338172],[-99.4430789,20.2337856],[-99.4431277,20.2336863],[-99.4434389,20.2335353],[-99.4438358,20.2335051]]],[[[-99.4344009,20.2460535],[-99.4338537,20.244],[-99.4340361,20.2437886],[-99.4344224,20.2438289],[-99.4350232,20.2444731],[-99.4353236,20.244614],[-99.4356454,20.2445537],[-99.43586,20.2446442],[-99.436654,20.2445738],[-99.4370402,20.2444631],[-99.4370938,20.2445738],[-99.4375874,20.2455401],[-99.4370402,20.2457918],[-99.4352914,20.2460837],[-99.4349803,20.2461441],[-99.4341649,20.2464964],[-99.4341327,20.2464058],[-99.4344009,20.2460535]]],[[[-99.4417403,20.2499334],[-99.4417397,20.2497163],[-99.441846,20.2494053],[-99.4418611,20.2493022],[-99.4418257,20.2491663],[-99.4417666,20.2491067],[-99.4416614,20.2490327],[-99.4416263,20.2489783],[-99.4416174,20.2489191],[-99.4416093,20.2483511],[-99.4412279,20.248436],[-99.4409101,20.2483344],[-99.4404711,20.2481097],[-99.4404314,20.2479848],[-99.4410574,20.2469563],[-99.441812,20.2460285],[-99.4419803,20.2459857],[-99.4422604,20.2456557],[-99.4425969,20.2452532],[-99.4422936,20.2450284],[-99.4420038,20.2448015],[-99.4418775,20.2446909],[-99.4417277,20.2444265],[-99.4415665,20.2441404],[-99.4414482,20.2439004],[-99.4448268,20.2425588],[-99.4454011,20.2422471],[-99.4464287,20.2413438],[-99.4469811,20.2408582],[-99.4479846,20.2405813],[-99.4485348,20.2405715],[-99.4475874,20.2392458],[-99.4485439,20.2382362],[-99.4498437,20.2373474],[-99.4502117,20.2368583],[-99.4513431,20.2375842],[-99.4530737,20.2361306],[-99.4520912,20.2347604],[-99.4506159,20.2319878],[-99.4503289,20.2313665],[-99.4495202,20.230774],[-99.4490762,20.2306647],[-99.4485263,20.22993],[-99.447945,20.2286303],[-99.4497449,20.2293873],[-99.4502328,20.229554],[-99.451439,20.230662],[-99.4517259,20.2303154],[-99.4521478,20.2302577],[-99.4525847,20.230453],[-99.4525028,20.2310485],[-99.45275,20.231881],[-99.4533098,20.2327398],[-99.4538783,20.23248],[-99.4550171,20.2322283],[-99.455727,20.2319108],[-99.4558388,20.2318537],[-99.4558939,20.2319659],[-99.4557873,20.2325427],[-99.4557357,20.2329923],[-99.4558984,20.2332335],[-99.4560262,20.233417],[-99.456368,20.2338525],[-99.4564353,20.2339487],[-99.456224,20.2340744],[-99.4560711,20.2342936],[-99.4559417,20.2344883],[-99.4563127,20.2347614],[-99.4570233,20.235303],[-99.457202,20.2354517],[-99.4575408,20.2357316],[-99.4575813,20.2358929],[-99.4576687,20.2360679],[-99.4578182,20.2361736],[-99.4582387,20.2363912],[-99.4585947,20.2365874],[-99.4590438,20.2369204],[-99.4592869,20.2371921],[-99.4593871,20.2373437],[-99.4596355,20.2379063],[-99.4596913,20.2380889],[-99.4597487,20.238311],[-99.4598305,20.2384005],[-99.4599321,20.2384712],[-99.4600395,20.2385135],[-99.4601478,20.2386573],[-99.4602401,20.2388213],[-99.4602983,20.2389919],[-99.460379,20.2392521],[-99.4603932,20.2393444],[-99.4603629,20.2396653],[-99.4602661,20.2402945],[-99.4600597,20.2407708],[-99.460041,20.2408313],[-99.4600626,20.2411918],[-99.459185,20.2412713],[-99.4582395,20.2413441],[-99.4579825,20.2413551],[-99.4571669,20.2413475],[-99.4565676,20.2413205],[-99.4568188,20.2417378],[-99.4569555,20.2419137],[-99.4573531,20.2422768],[-99.4576569,20.2425004],[-99.4579541,20.2427363],[-99.4580066,20.2428346],[-99.4580853,20.2429675],[-99.4581214,20.24304],[-99.4581334,20.243086],[-99.4582047,20.2434556],[-99.4582526,20.2435687],[-99.4585141,20.2439746],[-99.4585743,20.2440612],[-99.4588743,20.244368],[-99.4593921,20.2446943],[-99.4584282,20.2456329],[-99.4575129,20.2465359],[-99.4571489,20.246938],[-99.4562856,20.2478633],[-99.4557815,20.2484227],[-99.4554834,20.2487389],[-99.4553989,20.2488209],[-99.4553005,20.2488676],[-99.4550757,20.2489851],[-99.454684,20.248517],[-99.4543425,20.248333],[-99.454137,20.2480388],[-99.4537717,20.2472991],[-99.4535989,20.2470594],[-99.4532946,20.2469297],[-99.4531746,20.2467038],[-99.4530546,20.2463773],[-99.4530278,20.246101],[-99.4529267,20.2458544],[-99.4528631,20.2450501],[-99.45218,20.244094],[-99.4513155,20.2442752],[-99.4507196,20.243933],[-99.4505678,20.2441234],[-99.4495948,20.2445566],[-99.4492423,20.2444512],[-99.4490339,20.2441166],[-99.449037,20.2436876],[-99.4489206,20.2435234],[-99.4487228,20.2435218],[-99.4484738,20.2431285],[-99.4482741,20.2427909],[-99.4481529,20.2430549],[-99.4479528,20.2432675],[-99.4477722,20.2433804],[-99.4476059,20.2434845],[-99.4474004,20.2435326],[-99.4469757,20.2437277],[-99.4475895,20.2444796],[-99.447553,20.2448556],[-99.4474061,20.2452147],[-99.4474399,20.2454546],[-99.4477679,20.2458363],[-99.4477496,20.2461781],[-99.4473649,20.2464698],[-99.4473764,20.2471995],[-99.4476825,20.2473832],[-99.4478249,20.2476763],[-99.4478317,20.2478531],[-99.4476527,20.2480018],[-99.4476276,20.2483379],[-99.4476257,20.2483751],[-99.4478501,20.2484541],[-99.4478872,20.2486245],[-99.4477985,20.2489915],[-99.4478185,20.2493562],[-99.4477427,20.2494781],[-99.4477956,20.2496504],[-99.4478981,20.2497625],[-99.4478676,20.2499046],[-99.4477738,20.2499863],[-99.4475873,20.2499793],[-99.4471346,20.2504365],[-99.4465336,20.2508411],[-99.4453396,20.2509405],[-99.4448334,20.250892],[-99.4447948,20.2508771],[-99.444491,20.2507734],[-99.4440942,20.2506412],[-99.4438721,20.2505846],[-99.4436732,20.2505566],[-99.4424591,20.2504714],[-99.4419288,20.250424],[-99.441895,20.2503711],[-99.4417403,20.2499334]]]]},"properties":{"locality":"Zimapantongo","official_key":"1301700220001","CVE_ENT":"13","CVE_MUN":"017","CVE_LOC":"0022","CVE_ASEN":"0001","settlement_type":"PUEBLO","source":"INEGI DCAH 2025"}},{"type":"Feature","geometry":{"type":"Polygon","coordinates":[[[-99.3917465,20.2912802],[-99.3916747,20.2911555],[-99.3915244,20.2906569],[-99.3910844,20.2901684],[-99.3914478,20.2897513],[-99.3917843,20.2894276],[-99.3924204,20.2890071],[-99.3932556,20.2884988],[-99.3935565,20.2882768],[-99.3937517,20.2879914],[-99.3940743,20.2876678],[-99.3942672,20.2873909],[-99.3943636,20.287261],[-99.3945403,20.2869793],[-99.3949079,20.2864654],[-99.3950499,20.2861673],[-99.3951455,20.2858957],[-99.3951114,20.2853597],[-99.3951107,20.2851872],[-99.3951273,20.2849854],[-99.3952083,20.2846311],[-99.3953409,20.2841675],[-99.3956951,20.2832861],[-99.3971597,20.2835886],[-99.3975009,20.2836525],[-99.3992546,20.2840125],[-99.401239,20.2844276],[-99.4017124,20.2845248],[-99.4016658,20.2848612],[-99.4015334,20.2850566],[-99.4014356,20.2852664],[-99.4012215,20.2855924],[-99.4010722,20.2858103],[-99.4009997,20.2859668],[-99.4008082,20.286378],[-99.4004911,20.2866605],[-99.4001708,20.2868719],[-99.3999155,20.2870713],[-99.3996902,20.2875297],[-99.3995159,20.2879627],[-99.3994399,20.2882983],[-99.3992231,20.2882047],[-99.3991424,20.2884956],[-99.3986515,20.2891792],[-99.3980019,20.2900396],[-99.397785,20.2903328],[-99.3975377,20.2907641],[-99.396634,20.2917825],[-99.3952868,20.2929894],[-99.3938791,20.2934026],[-99.3937786,20.2933135],[-99.3935419,20.2930839],[-99.3934043,20.292827],[-99.3933552,20.2927629],[-99.3925182,20.2919013],[-99.3923605,20.2917417],[-99.3917465,20.2912802]]]},"properties":{"locality":"El Huizachal (San Isidro)","official_key":"1301700250001","CVE_ENT":"13","CVE_MUN":"017","CVE_LOC":"0025","CVE_ASEN":"0001","settlement_type":"COLONIA","source":"INEGI DCAH 2025"}},{"type":"Feature","geometry":{"type":"Polygon","coordinates":[[[-99.493236,20.2003701],[-99.4939223,20.2004797],[-99.4944264,20.200502],[-99.4952359,20.2004245],[-99.4953158,20.2004521],[-99.4953222,20.2005134],[-99.4953339,20.2008659],[-99.4953799,20.2012964],[-99.4966747,20.2011648],[-99.4968018,20.2011538],[-99.4968215,20.2011521],[-99.4972234,20.2010204],[-99.4974464,20.200943],[-99.4976229,20.2008527],[-99.4977938,20.2007321],[-99.4982805,20.2005126],[-99.4986294,20.200359],[-99.4986573,20.2003741],[-99.4986749,20.2004044],[-99.4986976,20.2006197],[-99.4987404,20.2012089],[-99.4988159,20.2020361],[-99.4988853,20.2026665],[-99.4989156,20.202843],[-99.4990222,20.2032984],[-99.4991022,20.2035944],[-99.4986962,20.2036734],[-99.4983792,20.2037172],[-99.4980952,20.2036692],[-99.4975311,20.2035301],[-99.4964635,20.2032509],[-99.4958765,20.2030747],[-99.4947962,20.2027761],[-99.4933365,20.2023882],[-99.4933133,20.2023864],[-99.4931597,20.2023733],[-99.4928527,20.2024181],[-99.4921618,20.2026245],[-99.4916898,20.2027674],[-99.491201,20.202857],[-99.4908493,20.2028665],[-99.4900029,20.202685],[-99.4898962,20.2019045],[-99.4895213,20.2013204],[-99.4894533,20.200617],[-99.4891386,20.1992089],[-99.4899216,20.1991589],[-99.4909728,20.1994614],[-99.4926676,20.2001872],[-99.493236,20.2003701]]]},"properties":{"locality":"Juchitlán","official_key":"1301700360001","CVE_ENT":"13","CVE_MUN":"017","CVE_LOC":"0036","CVE_ASEN":"0001","settlement_type":"PUEBLO","source":"INEGI DCAH 2025"}},{"type":"Feature","geometry":{"type":"Polygon","coordinates":[[[-99.5885689,20.2368076],[-99.5892202,20.2367449],[-99.5901946,20.236651],[-99.5910868,20.236573],[-99.592093,20.2364892],[-99.5920969,20.2365518],[-99.5920992,20.2366434],[-99.5921104,20.2371064],[-99.5920987,20.2374829],[-99.5921022,20.2375714],[-99.5920968,20.2376298],[-99.5920927,20.2378392],[-99.5921003,20.2380681],[-99.5920765,20.2384968],[-99.5920413,20.2390381],[-99.5919483,20.2393958],[-99.5919398,20.239422],[-99.5919367,20.2394357],[-99.5919351,20.2394448],[-99.591879,20.2397001],[-99.5918058,20.2400354],[-99.5917122,20.2401802],[-99.591663,20.2403936],[-99.5915938,20.2406178],[-99.5914781,20.2409864],[-99.5914537,20.2410616],[-99.591329,20.2406833],[-99.5908963,20.2407979],[-99.5907618,20.2408265],[-99.5905899,20.2408967],[-99.5903415,20.2409252],[-99.5901564,20.2409823],[-99.590047,20.2410375],[-99.5899305,20.2410474],[-99.5898265,20.2410623],[-99.5897718,20.2410701],[-99.5893651,20.2411639],[-99.5887775,20.2412993],[-99.5886695,20.2407399],[-99.5886538,20.2406495],[-99.5883364,20.2411504],[-99.5881636,20.2401506],[-99.5878448,20.2401782],[-99.5876602,20.239121],[-99.5872642,20.2392081],[-99.5870014,20.2392107],[-99.5868695,20.2392056],[-99.5868802,20.2389736],[-99.5868985,20.2387766],[-99.5869644,20.2380689],[-99.5869809,20.2377697],[-99.5870151,20.23751],[-99.5870504,20.2369033],[-99.5872271,20.2368957],[-99.5873997,20.2368884],[-99.5882216,20.2368445],[-99.5885689,20.2368076]]]},"properties":{"locality":"Felix Olvera","official_key":"1301700400001","CVE_ENT":"13","CVE_MUN":"017","CVE_LOC":"0040","CVE_ASEN":"0001","settlement_type":"COLONIA","source":"INEGI DCAH 2025"}},{"type":"Feature","geometry":{"type":"Polygon","coordinates":[[[-99.4008565,20.3045319],[-99.4018503,20.3049193],[-99.4027622,20.3052728],[-99.4027233,20.3055482],[-99.4026603,20.3056224],[-99.4025772,20.305635],[-99.4019884,20.3055973],[-99.4014761,20.3054803],[-99.4013608,20.3054979],[-99.4012803,20.3055029],[-99.4012052,20.3055004],[-99.4010389,20.3053671],[-99.4009799,20.3053042],[-99.4007278,20.3051684],[-99.4006554,20.3050426],[-99.40065,20.3048388],[-99.4005695,20.3050174],[-99.3994215,20.3046426],[-99.3996039,20.3040779],[-99.4007573,20.3045036],[-99.4008565,20.3045319]]]},"properties":{"locality":"La Loma","official_key":"1301700430001","CVE_ENT":"13","CVE_MUN":"017","CVE_LOC":"0043","CVE_ASEN":"0001","settlement_type":"RANCHERÍA","source":"INEGI DCAH 2025"}},{"type":"Feature","geometry":{"type":"MultiPolygon","coordinates":[[[[-99.4001331,20.2965132],[-99.3990245,20.2960618],[-99.398463,20.2958468],[-99.4001072,20.29327],[-99.4018543,20.2905213],[-99.4032684,20.2912631],[-99.4047931,20.291992],[-99.4057303,20.2908759],[-99.4051725,20.2923447],[-99.4053403,20.292318],[-99.4057408,20.2923131],[-99.4060242,20.2922311],[-99.4061334,20.2922423],[-99.4061582,20.2924461],[-99.4057715,20.2926536],[-99.4052309,20.293032],[-99.4051397,20.2945969],[-99.4051312,20.295273],[-99.4050067,20.2950533],[-99.4049422,20.2949517],[-99.4045929,20.2947839],[-99.4043576,20.2947037],[-99.4042812,20.2949384],[-99.4042423,20.29503],[-99.4041018,20.2952224],[-99.4039239,20.2954265],[-99.4037022,20.2956459],[-99.4034572,20.2958779],[-99.4030569,20.2963581],[-99.4028468,20.2962586],[-99.4027756,20.2963835],[-99.4023275,20.2971274],[-99.4018873,20.297883],[-99.4018018,20.2979709],[-99.4014285,20.2981023],[-99.4011053,20.2982188],[-99.4008001,20.2983309],[-99.4000933,20.298584],[-99.399862,20.298653],[-99.399816,20.298624],[-99.3996885,20.2985682],[-99.3995317,20.2985504],[-99.3992117,20.2985254],[-99.4001331,20.2965132]]],[[[-99.3997029,20.3030097],[-99.3998531,20.3026261],[-99.399829,20.302616],[-99.3999966,20.3022676],[-99.4002903,20.3021783],[-99.4007383,20.302045],[-99.4009274,20.3017746],[-99.401146,20.3015746],[-99.4014973,20.3012903],[-99.4018822,20.3009671],[-99.4021478,20.3006891],[-99.4025018,20.3002891],[-99.402581,20.3002199],[-99.4026695,20.3004639],[-99.4030383,20.300679],[-99.4032837,20.3008589],[-99.4029927,20.3013444],[-99.4026252,20.3018349],[-99.402251,20.3023733],[-99.4019828,20.3027368],[-99.4018997,20.3026965],[-99.4017133,20.3030198],[-99.4014544,20.3033606],[-99.4012224,20.3036902],[-99.401028,20.3040725],[-99.401441,20.3042939],[-99.4016033,20.3043581],[-99.4029015,20.3048687],[-99.4027768,20.3052309],[-99.4007919,20.3044738],[-99.3996252,20.3040424],[-99.3997392,20.3034902],[-99.3999832,20.303133],[-99.3997029,20.3030097]]]]},"properties":{"locality":"Puerto Vallarta","official_key":"1301700490001","CVE_ENT":"13","CVE_MUN":"017","CVE_LOC":"0049","CVE_ASEN":"0001","settlement_type":"COLONIA","source":"INEGI DCAH 2025"}}]}