{"type":"FeatureCollection","name":"inegi-hidalgo-023","metadata":{"state":"Hidalgo","CVE_ENT":"13","CVE_MUN":"023","municipality":"Francisco I. Madero","sources":["INEGI Gaia — Servicio vectorial del Marco Geoestadístico","INEGI DCAH 2025"],"source_urls":["https://gaia.inegi.org.mx/wscatgeo/v2/geo/mgem/13","https://gaia.inegi.org.mx/wscatgeo/v2/geo/localidades/pol/13/023","https://www.inegi.org.mx/contenidos/productos/prod_serv/contenidos/espanol/bvinegi/productos/geografia/delimitaciones/794551163078/13_hidalgo.zip"],"geometry_policy":"Solo se publican polígonos de INEGI; no se generan puntos ni geometrías sintéticas.","locality_polygon_count":25,"settlement_polygon_count":49},"municipality":{"type":"Feature","geometry":{"type":"MultiPolygon","crs":{"type":"name","properties":{"name":"EPSG:6365"}},"coordinates":[[[[-99.08836811,20.297987981],[-99.088235119,20.297815801],[-99.0882184,20.297612261],[-99.08810194,20.297299151],[-99.08791903,20.296986081],[-99.08773597,20.296406821],[-99.08775231,20.295921401],[-99.08775211,20.295576921],[-99.08761602,20.295165861],[-99.087466429,20.295025021],[-99.08715069,20.294821621],[-99.08675197,20.294759181],[-99.086336649,20.294696751],[-99.08593794,20.294649981],[-99.08563882,20.294430911],[-99.08550583,20.29425874],[-99.085239909,20.294023981],[-99.08518991,20.293710851],[-99.08510671,20.293460351],[-99.08495715,20.293366491],[-99.08474117,20.293303951],[-99.08462478,20.293100461],[-99.084600799,20.292824451],[-99.08456743,20.292573941],[-99.08455074,20.292417351],[-99.084384549,20.292276511],[-99.084284849,20.292213921],[-99.08428469,20.291932081],[-99.084234719,20.291681571],[-99.08411831,20.291415431],[-99.084118219,20.291243201],[-99.084151259,20.290914351],[-99.08415114,20.290695141],[-99.08421748,20.290491551],[-99.08420072,20.290241031],[-99.08410095,20.290037521],[-99.08405098,20.28978702],[-99.084050849,20.289552141],[-99.08418435,20.289260321],[-99.08419597,20.289038881],[-99.084184149,20.288894951],[-99.0840784,20.288806431],[-99.083831689,20.288740111],[-99.08379638,20.288596181],[-99.0837728,20.288430121],[-99.08369049,20.288264081],[-99.08345549,20.288115111],[-99.08324405,20.288059851],[-99.083056079,20.287993491],[-99.08297382,20.287916031],[-99.082821119,20.287916111],[-99.082597859,20.287750141],[-99.08250382,20.287595171],[-99.082456719,20.287395891],[-99.082268709,20.287240971],[-99.082010279,20.287174661],[-99.081881049,20.287130431],[-99.08163425,20.286864821],[-99.08161065,20.286654461],[-99.081622309,20.286488371],[-99.081575199,20.286255881],[-99.081308219,20.285965311],[-99.08120242,20.285777121],[-99.08107308,20.285511461],[-99.0810612,20.285267881],[-99.081155089,20.285112831],[-99.081213689,20.284880281],[-99.081178379,20.284736371],[-99.081025569,20.284492851],[-99.081013689,20.284260341],[-99.081097179,20.283827001],[-99.081099998,20.283813685],[-99.081123064,20.283704724],[-99.081151179,20.283571911],[-99.08116462,20.283406111],[-99.081219249,20.283345571],[-99.081185429,20.28323088],[-99.081097319,20.283109431],[-99.08109978,20.282995451],[-99.08104068,20.282931581],[-99.080966566,20.282869978],[-99.08096343,20.282867371],[-99.08085308,20.282692031],[-99.08078203,20.282584491],[-99.080723539,20.282492121],[-99.08070072,20.282428971],[-99.080732909,20.282338351],[-99.080735063,20.282238605],[-99.080736479,20.282173061],[-99.080673049,20.282029291],[-99.080576173,20.281930869],[-99.080501419,20.281854921],[-99.08045032,20.281699981],[-99.080452572,20.281691475],[-99.08048274,20.281577551],[-99.0804868,20.281389171],[-99.08042738,20.281275861],[-99.080328808,20.281202339],[-99.080291539,20.281174541],[-99.08018997,20.281029001],[-99.08019197,20.280936941],[-99.080219449,20.280862451],[-99.080267831,20.280794154],[-99.08028937,20.280763751],[-99.08027951,20.280674661],[-99.080243419,20.280571151],[-99.080234841,20.280502201],[-99.080234835,20.280502156],[-99.08023337,20.280490381],[-99.080233459,20.280489977],[-99.08025297,20.280401851],[-99.080267169,20.28032023],[-99.08027969,20.280276741],[-99.080260059,20.280219521],[-99.080233889,20.280142491],[-99.08023642,20.280025651],[-99.080215629,20.279860831],[-99.080216731,20.279809829],[-99.08022117,20.279604261],[-99.08022905,20.279413421],[-99.080341906,20.279021109],[-99.080479741,20.278541964],[-99.080602921,20.278113757],[-99.08061357,20.278076741],[-99.079767659,20.277810001],[-99.078577139,20.277458821],[-99.078061849,20.277308311],[-99.077155659,20.277090971],[-99.076168289,20.276856921],[-99.07514086,20.276773621],[-99.072639219,20.276468711],[-99.07043803,20.276292711],[-99.068644909,20.276195141],[-99.06731042,20.275920461],[-99.066622249,20.275645551],[-99.066279531,20.275271648],[-99.066215322,20.275201597],[-99.065863649,20.274817921],[-99.065804625,20.274484908],[-99.065706919,20.273933651],[-99.065738594,20.273534706],[-99.065767149,20.273175051],[-99.065826384,20.272912292],[-99.066073391,20.271816599],[-99.066149689,20.271478145],[-99.066170826,20.271384379],[-99.066328029,20.270687031],[-99.066297873,20.270219385],[-99.066282564,20.269982],[-99.066269468,20.269778916],[-99.0662472,20.269433601],[-99.06602149,20.268833541],[-99.065716259,20.268308521],[-99.065232379,20.267571021],[-99.064852157,20.267129618],[-99.064831719,20.267105891],[-99.064201799,20.267341981],[-99.06337246,20.267676491],[-99.063364885,20.267678279],[-99.06326463,20.26770194],[-99.06305209,20.267239093],[-99.06304872,20.267231751],[-99.062809309,20.266659421],[-99.062562739,20.266161681],[-99.062589799,20.265859221],[-99.062736489,20.265293741],[-99.063111139,20.264222461],[-99.06351346,20.263561221],[-99.064022419,20.262995721],[-99.06450149,20.262575031],[-99.06525903,20.260504681],[-99.06425829,20.258042151],[-99.06385328,20.256600741],[-99.063637079,20.255355221],[-99.06350209,20.254937311],[-99.06302986,20.253907951],[-99.062619479,20.253082521],[-99.06246829,20.252765381],[-99.06233888,20.252515971],[-99.062285779,20.252392181],[-99.06222017,20.252202421],[-99.062121539,20.252033921],[-99.062059169,20.25187832],[-99.061964019,20.251676061],[-99.06177675,20.251308221],[-99.06162678,20.251002021],[-99.061584824,20.250919533],[-99.06144568,20.250645971],[-99.061441402,20.25063374],[-99.061413409,20.250553715],[-99.0614078,20.250537681],[-99.060801385,20.250886079],[-99.060513843,20.251051275],[-99.060417263,20.251106761],[-99.05953548,20.251613351],[-99.05903525,20.2518876],[-99.058355229,20.252051851],[-99.057918049,20.252160431],[-99.056597079,20.252465911],[-99.056175819,20.252662021],[-99.05489557,20.253768221],[-99.053857909,20.254734511],[-99.05118611,20.257217051],[-99.049591,20.254605481],[-99.048566749,20.255226781],[-99.04761563,20.255759201],[-99.04655458,20.256163401],[-99.04618372,20.25629438],[-99.045818459,20.256430511],[-99.0453332,20.256583151],[-99.044954079,20.256706881],[-99.04456645,20.256829751],[-99.044028889,20.256986231],[-99.04379306,20.257051831],[-99.043272618,20.257152797],[-99.042713719,20.257261221],[-99.04197478,20.257333401],[-99.04152529,20.257336321],[-99.041131879,20.257316981],[-99.04075598,20.257294181],[-99.040482315,20.257330382],[-99.039157218,20.257934582],[-99.03852498,20.258179143],[-99.037465848,20.258688262],[-99.03729926,20.258736881],[-99.036558919,20.258886171],[-99.03536303,20.259154881],[-99.035076459,20.259270551],[-99.03395995,20.259496771],[-99.03345369,20.259612921],[-99.03260146,20.259829001],[-99.032395409,20.259881358],[-99.03239414,20.259881681],[-99.03148474,20.260210551],[-99.03098818,20.260406251],[-99.03047098,20.260682613],[-99.030467967,20.260684221],[-99.03005454,20.260840941],[-99.029296429,20.261014692],[-99.028617818,20.261229551],[-99.027608169,20.261526052],[-99.026184779,20.261928862],[-99.025202999,20.262200222],[-99.024403741,20.262412342],[-99.02365595,20.262610798],[-99.02365443,20.262611202],[-99.02349912,20.262638341],[-99.02255212,20.262865432],[-99.020960979,20.263095321],[-99.01941254,20.263313742],[-99.018279199,20.263526821],[-99.017272942,20.263722166],[-99.01727126,20.263722492],[-99.01591878,20.263970021],[-99.014771349,20.264183291],[-99.013491968,20.264388051],[-99.013388304,20.264404637],[-99.01338678,20.264404881],[-99.013386779,20.264404607],[-99.013386586,20.264224139],[-99.013386549,20.264189567],[-99.01338643,20.264078081],[-99.013372249,20.262706001],[-99.013293939,20.259222216],[-99.013293165,20.259147902],[-99.013292927,20.259125108],[-99.013292677,20.259101123],[-99.013285489,20.258410171],[-99.01328354,20.258336067],[-99.013282697,20.258303863],[-99.013281809,20.258269975],[-99.013225199,20.25610865],[-99.013196709,20.255266432],[-99.01318853,20.254990387],[-99.013187355,20.254950782],[-99.013186318,20.254915796],[-99.013180289,20.254712521],[-99.013170509,20.254070481],[-99.013140154,20.253129114],[-99.013109799,20.252187741],[-99.0130786,20.251246572],[-99.013086603,20.251126671],[-99.013089913,20.251077087],[-99.013093597,20.251021937],[-99.013103859,20.250868201],[-99.01310348,20.249762692],[-99.01303177,20.247033061],[-99.013008019,20.246089372],[-99.012942489,20.244392861],[-99.012923861,20.243800567],[-99.01290192,20.24310289],[-99.012900001,20.242983626],[-99.012899318,20.242941173],[-99.012899032,20.242923327],[-99.012898529,20.242892092],[-99.012897999,20.242859105],[-99.01289337,20.242571342],[-99.012892597,20.242281491],[-99.014073006,20.242011014],[-99.014361749,20.241944851],[-99.014361377,20.241943154],[-99.014360371,20.241938561],[-99.014341573,20.241852678],[-99.014218599,20.241290911],[-99.014206508,20.241259692],[-99.01551692,20.240935983],[-99.016078539,20.240741783],[-99.016764949,20.240612281],[-99.016706936,20.240308623],[-99.01665255,20.240023941],[-99.017126235,20.239862964],[-99.017157482,20.239852344],[-99.017194116,20.239839895],[-99.017381889,20.239776081],[-99.017451027,20.239759781],[-99.017734749,20.239692882],[-99.017805622,20.239683221],[-99.017981981,20.239659183],[-99.017982858,20.239659062],[-99.017983506,20.239659213],[-99.018127684,20.239692534],[-99.018128969,20.239692831],[-99.01812921,20.239692563],[-99.019112399,20.238597728],[-99.019111906,20.238597304],[-99.018990648,20.238492801],[-99.018945242,20.238412172],[-99.018880027,20.23829637],[-99.01878383,20.238125553],[-99.019257078,20.237762682],[-99.019098459,20.237682172],[-99.01879389,20.237243153],[-99.018798176,20.237241222],[-99.01949378,20.236927863],[-99.020369077,20.236541822],[-99.020772059,20.236358621],[-99.021138077,20.236163925],[-99.021164257,20.236149999],[-99.021199903,20.236131037],[-99.021244725,20.236107196],[-99.02147395,20.235985262],[-99.021522769,20.235927321],[-99.021288119,20.235858849],[-99.02116856,20.235823953],[-99.021109928,20.235806844],[-99.02064143,20.235670121],[-99.019359279,20.235346981],[-99.01890275,20.235232261],[-99.018631922,20.235133738],[-99.018035349,20.234916712],[-99.0175732,20.234470621],[-99.017531519,20.23443037],[-99.018362848,20.234318311],[-99.019819308,20.234110971],[-99.02110769,20.233932982],[-99.021174936,20.233913521],[-99.021407319,20.233846263],[-99.02164972,20.233733021],[-99.021883048,20.233566372],[-99.0220688,20.233401861],[-99.02240632,20.233057891],[-99.02280528,20.232624621],[-99.023402848,20.232024451],[-99.023490279,20.231925432],[-99.023866626,20.231693422],[-99.023930979,20.231653751],[-99.024011648,20.231604852],[-99.02430835,20.231517892],[-99.025181199,20.231441712],[-99.026115059,20.231386381],[-99.02680883,20.231337632],[-99.026808831,20.231303821],[-99.026808832,20.231280502],[-99.026808833,20.23126069],[-99.026808833,20.23125307],[-99.026808836,20.231196811],[-99.026808836,20.23119608],[-99.026808844,20.231020711],[-99.026808869,20.230455585],[-99.026808871,20.23041864],[-99.026808871,20.230418334],[-99.026808872,20.230377455],[-99.026808873,20.230352607],[-99.026808875,20.230310518],[-99.026808909,20.229539056],[-99.026808911,20.229483182],[-99.026808914,20.229435521],[-99.026808943,20.228784025],[-99.02680895,20.228621421],[-99.026808953,20.228573913],[-99.026808957,20.228490674],[-99.026808964,20.228369702],[-99.026808971,20.22823771],[-99.02680902,20.227351651],[-99.027036604,20.226783956],[-99.028378739,20.223435981],[-99.03095685,20.221203381],[-99.03082111,20.218419151],[-99.030766319,20.217587421],[-99.03067518,20.216130891],[-99.03117335,20.214200341],[-99.031493489,20.211690461],[-99.032166709,20.211146001],[-99.03273115,20.210401291],[-99.032849,20.210167281],[-99.03344311,20.209108651],[-99.03405852,20.208060171],[-99.03435311,20.207597031],[-99.034893199,20.207056661],[-99.035335079,20.206500861],[-99.03551508,20.206130351],[-99.03600602,20.20532758],[-99.03635143,20.204749151],[-99.036558459,20.204505001],[-99.036804309,20.204199831],[-99.036933709,20.204041141],[-99.03751602,20.203369741],[-99.037428289,20.203313181],[-99.037273969,20.203240481],[-99.037081119,20.203167771],[-99.03696537,20.203070821],[-99.036811059,20.202925371],[-99.036669629,20.202840521],[-99.036502479,20.202779941],[-99.036386719,20.202707231],[-99.036296719,20.202586021],[-99.036168109,20.202404181],[-99.03598808,20.202234511],[-99.03546126,20.201901021],[-99.035174259,20.201224851],[-99.03504671,20.200894261],[-99.03493509,20.200713951],[-99.034680079,20.200503631],[-99.034520659,20.200308291],[-99.034281549,20.200007801],[-99.034122139,20.199737341],[-99.033883029,20.199451861],[-99.033755459,20.199076201],[-99.033691519,20.198248381],[-99.03380305,20.198053021],[-99.033818949,20.197917771],[-99.033771109,20.197782521],[-99.033707349,20.197647291],[-99.03362762,20.197391851],[-99.033675369,20.197181451],[-99.03370718,20.196895921],[-99.03378503,20.196135311],[-99.03399228,20.195797581],[-99.034180689,20.195566521],[-99.034312549,20.195264351],[-99.034580259,20.194698891],[-99.03497735,20.194434461],[-99.03539775,20.193949721],[-99.03560791,20.19361923],[-99.035631199,20.193288781],[-99.035490979,20.193024451],[-99.035420799,20.192649971],[-99.03532728,20.192297511],[-99.03544403,20.192033121],[-99.03565423,20.191834821],[-99.035934519,20.191680551],[-99.036661819,20.190994861],[-99.036687169,20.190618741],[-99.036861459,20.190430521],[-99.037121519,20.190337221],[-99.03737897,20.190362951],[-99.037630349,20.19041446],[-99.03780754,20.190423821],[-99.038084659,20.190434001],[-99.038263969,20.190418581],[-99.03840523,20.190351921],[-99.038486709,20.190285201],[-99.038657969,20.190071651],[-99.03874358,20.189921581],[-99.0387986,20.189754221],[-99.03890254,20.189477181],[-99.03909212,20.189194371],[-99.03924505,20.189050061],[-99.039342919,20.18902118],[-99.039428569,20.189015401],[-99.039489749,20.188975001],[-99.039569279,20.18895189],[-99.039661049,20.188963421],[-99.03971611,20.188963401],[-99.03982012,20.188946061],[-99.039991419,20.188911401],[-99.04013823,20.188882511],[-99.040284909,20.188842341],[-99.040285006,20.188842762],[-99.040308849,20.188946971],[-99.040377679,20.189229681],[-99.040444419,20.189450081],[-99.040500659,20.189636631],[-99.040562719,20.18979392],[-99.040633549,20.189942491],[-99.040662649,20.190000251],[-99.040717739,20.190102741],[-99.040790372,20.190232881],[-99.040790969,20.190233951],[-99.040792375,20.190233766],[-99.040926616,20.190216148],[-99.040934029,20.190215175],[-99.040934071,20.190215398],[-99.040951459,20.190308261],[-99.040997909,20.190368491],[-99.041119799,20.190519081],[-99.041250399,20.190672381],[-99.041346179,20.190757251],[-99.041401319,20.190855821],[-99.041441179,20.1909608],[-99.041467319,20.191062111],[-99.041548599,20.191218171],[-99.041667599,20.191371491],[-99.041827199,20.191461821],[-99.042090029,20.191516971],[-99.042246719,20.191558001],[-99.042710797,20.191641875],[-99.043252589,20.191739798],[-99.043259879,20.191741116],[-99.053654819,20.193619321],[-99.054033489,20.193687941],[-99.054261761,20.193730142],[-99.05426356,20.193730474],[-99.054264894,20.19373072],[-99.05427162,20.193731966],[-99.054271949,20.193732025],[-99.054672909,20.193780261],[-99.054755119,20.193593351],[-99.055071919,20.193024171],[-99.065197019,20.193309381],[-99.067123279,20.193615001],[-99.071191979,20.192520851],[-99.074393889,20.19196349],[-99.075342279,20.191783521],[-99.075820779,20.191659721],[-99.076777799,20.191410151],[-99.077160619,20.191312021],[-99.078191519,20.191072451],[-99.079144169,20.191079291],[-99.080091739,20.191081121],[-99.080557489,20.191146111],[-99.081515719,20.191532281],[-99.082220859,20.191812351],[-99.083013279,20.19226528],[-99.083056479,20.192271971],[-99.085507429,20.192850311],[-99.086266319,20.192964541],[-99.087344949,20.19303177],[-99.089604459,20.193109711],[-99.090076479,20.19312726],[-99.091028259,20.193176741],[-99.091667779,20.193210941],[-99.092307539,20.193142521],[-99.094173859,20.192940141],[-99.094689199,20.192903721],[-99.095646909,20.192830821],[-99.096124859,20.192790001],[-99.097082569,20.192721921],[-99.098075549,20.192646601],[-99.099462739,20.192505751],[-99.100418029,20.192412381],[-99.100898369,20.192369381],[-99.101853659,20.192271741],[-99.102249859,20.192239851],[-99.102579289,20.192188401],[-99.102717479,20.191508911],[-99.102815769,20.191160431],[-99.102766199,20.190672681],[-99.102765889,20.190208111],[-99.102864079,20.189743491],[-99.102987049,20.189487911],[-99.103257779,20.189278691],[-99.103725519,20.189069371],[-99.103774549,20.188720921],[-99.103799019,20.18848863],[-99.103872659,20.188140171],[-99.103749339,20.187838281],[-99.103896949,20.187629141],[-99.104290749,20.187326941],[-99.104610769,20.18716415],[-99.104635219,20.186885401],[-99.104659599,20.186513741],[-99.104733309,20.186258181],[-99.104782369,20.185979421],[-99.104880569,20.185538021],[-99.105197819,20.185045181],[-99.105483549,20.184663921],[-99.106294829,20.18424451],[-99.107153369,20.18413083],[-99.107684779,20.184834621],[-99.108153019,20.185345351],[-99.109040029,20.186111321],[-99.109261819,20.186320251],[-99.109680569,20.186505821],[-99.110000709,20.186528831],[-99.110567019,20.186435571],[-99.111059339,20.186179751],[-99.111674919,20.18610968],[-99.112241289,20.186109321],[-99.112561649,20.186434311],[-99.112832599,20.186527051],[-99.113226679,20.186642921],[-99.113669979,20.186712321],[-99.114063999,20.18673531],[-99.114384379,20.187083511],[-99.114838049,20.187129681],[-99.115576849,20.187198881],[-99.115946199,20.187175401],[-99.116143119,20.187059141],[-99.116389349,20.187035741],[-99.116635749,20.187244631],[-99.116808339,20.187500031],[-99.116980919,20.187801881],[-99.117079579,20.18801086],[-99.117178169,20.188126941],[-99.117276689,20.188150111],[-99.117399779,20.18810355],[-99.117522799,20.187964111],[-99.117670399,20.187754951],[-99.117744229,20.18768523],[-99.117891979,20.187685121],[-99.118113769,20.187917261],[-99.118212349,20.188010111],[-99.118335399,20.187917111],[-99.118532319,20.187800851],[-99.118704579,20.187638121],[-99.118943369,20.187581651],[-99.119359999,20.187806951],[-99.119633779,20.188246941],[-99.120028059,20.188285481],[-99.120529479,20.188549651],[-99.121094019,20.188658541],[-99.121389539,20.188681551],[-99.121635829,20.188727851],[-99.122492909,20.188885081],[-99.123171109,20.188916751],[-99.123579459,20.188805201],[-99.124477749,20.188502031],[-99.125201029,20.188421781],[-99.125491219,20.188546551],[-99.125823579,20.188879311],[-99.126405849,20.189354911],[-99.126628229,20.189630221],[-99.127071719,20.189931851],[-99.127613769,20.190279881],[-99.128211689,20.190514281],[-99.129435709,20.19079365],[-99.130544939,20.190437371],[-99.131148489,20.190085771],[-99.132248939,20.189385151],[-99.132814979,20.188989851],[-99.133750569,20.188780091],[-99.134587829,20.188779451],[-99.134981909,20.188848831],[-99.135474509,20.188964581],[-99.136124029,20.189262601],[-99.136259779,20.189303951],[-99.136951369,20.189384861],[-99.137453739,20.189433491],[-99.138112089,20.189563711],[-99.138701199,20.189759341],[-99.139118309,20.18992065],[-99.139014519,20.190763281],[-99.139564799,20.193651861],[-99.13977783,20.195275651],[-99.13910365,20.19599175],[-99.13808248,20.197013661],[-99.13715369,20.197421521],[-99.137152132,20.197421041],[-99.13641683,20.197194521],[-99.13580695,20.197061261],[-99.13580603,20.197061567],[-99.13528735,20.197234121],[-99.13486317,20.197469661],[-99.13431003,20.197702781],[-99.13388583,20.197938321],[-99.13323858,20.198047881],[-99.13262226,20.198218911],[-99.132620358,20.198218685],[-99.13201111,20.198146491],[-99.13057098,20.197926031],[-99.12952485,20.196858251],[-99.129522373,20.196858268],[-99.12618265,20.196880971],[-99.12146877,20.197888421],[-99.1200826,20.198012121],[-99.11846832,20.198103281],[-99.118467357,20.198103144],[-99.11772888,20.197997921],[-99.11680057,20.197675861],[-99.11679972,20.197676399],[-99.11614683,20.198089661],[-99.11550085,20.198138291],[-99.115499764,20.198138133],[-99.11501863,20.19806825],[-99.11501809,20.198068492],[-99.11456282,20.198272691],[-99.11401289,20.198353571],[-99.11336043,20.198706491],[-99.11277308,20.199030221],[-99.112644498,20.199214115],[-99.11237394,20.199601061],[-99.11222748,20.200420251],[-99.11206997,20.201756771],[-99.11215498,20.202306381],[-99.11213225,20.203417091],[-99.11338992,20.206465481],[-99.11423126,20.206775091],[-99.11619128,20.208366421],[-99.12020802,20.211129881],[-99.1237392,20.213083581],[-99.12408026,20.213256151],[-99.12415128,20.213291941],[-99.12508626,20.213778541],[-99.125157,20.213819981],[-99.12606068,20.214292781],[-99.12695811,20.214762421],[-99.12702662,20.214796661],[-99.12791588,20.215274821],[-99.12885342,20.215770171],[-99.12939462,20.216057541],[-99.129769454,20.216250183],[-99.13010955,20.216424971],[-99.1301128,20.216426707],[-99.13073425,20.216758491],[-99.13080054,20.216794091],[-99.13173206,20.217284221],[-99.13183915,20.217317491],[-99.13278157,20.218907481],[-99.133374957,20.219868351],[-99.133640773,20.220298781],[-99.13364475,20.220305221],[-99.133740406,20.220448815],[-99.13374554,20.220456521],[-99.13378743,20.220519401],[-99.13414552,20.221147081],[-99.13445092,20.221660281],[-99.134479248,20.221708004],[-99.13470723,20.222092081],[-99.134714191,20.222104566],[-99.13471552,20.222106951],[-99.134725107,20.222124137],[-99.134773871,20.222211556],[-99.13497291,20.222568371],[-99.134973374,20.222568963],[-99.135032357,20.22264419],[-99.13503369,20.222645891],[-99.135035537,20.222648998],[-99.135065652,20.222699658],[-99.13507914,20.222722348],[-99.135082172,20.222727448],[-99.135086553,20.222734818],[-99.13509512,20.222749231],[-99.135101903,20.222761124],[-99.13511045,20.222776111],[-99.135114153,20.222782602],[-99.135114783,20.222783705],[-99.135115104,20.222784267],[-99.13511659,20.22278687],[-99.13515426,20.222852881],[-99.13535238,20.223180891],[-99.13622734,20.224569801],[-99.13629369,20.225143481],[-99.136361565,20.225545723],[-99.13646555,20.226161941],[-99.136530778,20.226573961],[-99.1365407,20.226636636],[-99.13655052,20.226698661],[-99.1365848,20.226914399],[-99.13661074,20.227077651],[-99.13668626,20.227505311],[-99.136846086,20.22760512],[-99.13689115,20.227633261],[-99.13709614,20.227785891],[-99.137078259,20.227860721],[-99.137075121,20.22787386],[-99.13704218,20.228011801],[-99.137007471,20.228099338],[-99.13700169,20.228113922],[-99.136922298,20.228314186],[-99.136922287,20.228314213],[-99.13687606,20.228430821],[-99.13689477,20.228666251],[-99.136897663,20.22873044],[-99.1369042,20.228875511],[-99.136936331,20.228996237],[-99.13694132,20.229014981],[-99.136976434,20.229034811],[-99.13700981,20.22905366],[-99.13712638,20.22911949],[-99.13720054,20.229293821],[-99.137200774,20.229563172],[-99.137200794,20.229586805],[-99.137200818,20.229614323],[-99.137200819,20.229615024],[-99.13720085,20.229651341],[-99.136973099,20.229694468],[-99.136967043,20.229695614],[-99.13687718,20.229712631],[-99.136861953,20.229730024],[-99.136749945,20.229857971],[-99.136719887,20.229892306],[-99.13669749,20.229917891],[-99.136694954,20.229919141],[-99.13646232,20.230033801],[-99.136440655,20.230038151],[-99.136371789,20.230051981],[-99.136311822,20.230064024],[-99.13612485,20.230101571],[-99.13589997,20.230265681],[-99.135648879,20.230570742],[-99.13561548,20.230611321],[-99.135557917,20.230681254],[-99.13552266,20.230724091],[-99.135497176,20.230734791],[-99.135451725,20.230753874],[-99.135436376,20.230760319],[-99.13531912,20.230809551],[-99.135105444,20.230923412],[-99.13487817,20.231044521],[-99.134195377,20.231494722],[-99.13398678,20.231632261],[-99.133304836,20.231882733],[-99.13290932,20.232028001],[-99.132444716,20.232305678],[-99.13146214,20.232892921],[-99.13078502,20.233415981],[-99.12927002,20.234377251],[-99.12835409,20.234793831],[-99.12719197,20.235359291],[-99.12309697,20.237459381],[-99.122729396,20.237675516],[-99.12149105,20.238403661],[-99.12228111,20.238947801],[-99.12242509,20.239142621],[-99.12245017,20.240459431],[-99.12249897,20.241301601],[-99.12256423,20.241321111],[-99.1225692,20.241422821],[-99.12366845,20.247506971],[-99.123666888,20.24760408],[-99.123664631,20.247744279],[-99.12366463,20.247744371],[-99.123797309,20.247742121],[-99.12379906,20.247742091],[-99.12626986,20.247985481],[-99.12625592,20.248872951],[-99.12630634,20.250482921],[-99.12634569,20.252750431],[-99.1263118,20.255278141],[-99.12625452,20.258478571],[-99.126247509,20.260426842],[-99.12624449,20.261265861],[-99.126226374,20.26157851],[-99.126198334,20.262062438],[-99.126189131,20.262221267],[-99.126187103,20.262256287],[-99.126184148,20.262307278],[-99.12618298,20.262327432],[-99.126179025,20.262395698],[-99.12617718,20.262427541],[-99.12619885,20.262456168],[-99.126222593,20.262487533],[-99.1262244,20.262489921],[-99.126233497,20.26250194],[-99.126276871,20.262559245],[-99.130697663,20.268399571],[-99.130699778,20.268402364],[-99.130721535,20.268431106],[-99.13093531,20.268713511],[-99.130593994,20.269221967],[-99.130563096,20.269267994],[-99.130537069,20.269306767],[-99.127637118,20.273626623],[-99.127615669,20.273658574],[-99.127599842,20.273682149],[-99.12704586,20.274507341],[-99.127025211,20.274548703],[-99.127017354,20.274564441],[-99.127007708,20.274583764],[-99.12700216,20.274594879],[-99.126997345,20.274604524],[-99.12699268,20.27461387],[-99.12698868,20.274621881],[-99.12689914,20.274819031],[-99.12646706,20.275482751],[-99.12612777,20.276008381],[-99.126100531,20.276062147],[-99.126085915,20.276090996],[-99.12608228,20.276098171],[-99.126071592,20.276114099],[-99.12577932,20.276549661],[-99.12559335,20.27678995],[-99.1255114,20.27691982],[-99.12525492,20.277321651],[-99.125200892,20.277384124],[-99.12519677,20.277388891],[-99.12517937,20.277413861],[-99.125179082,20.277414274],[-99.125155707,20.277447831],[-99.12514631,20.277461321],[-99.124268377,20.277831392],[-99.123972954,20.277955918],[-99.111594137,20.28317312],[-99.11104903,20.283402831],[-99.11190912,20.291281401],[-99.11168463,20.291070091],[-99.111688,20.290912321],[-99.11158823,20.290829541],[-99.11143575,20.290826631],[-99.11127317,20.290850511],[-99.111105,20.290873111],[-99.1109724,20.290820171],[-99.110801,20.290706601],[-99.11070851,20.290654431],[-99.11065471,20.290669151],[-99.11062342,20.290725291],[-99.110592199,20.290778281],[-99.110545079,20.290793141],[-99.11045245,20.290747251],[-99.1103522,20.290745351],[-99.11029786,20.290785281],[-99.11029449,20.290942801],[-99.11019337,20.290981851],[-99.11006972,20.290979491],[-99.110000489,20.290934061],[-99.109939489,20.290816291],[-99.109897119,20.290765061],[-99.109733779,20.290743051],[-99.10961629,20.290766021],[-99.109524779,20.290824151],[-99.109522969,20.290909221],[-99.109424049,20.291001881],[-99.10933288,20.291044261],[-99.10923931,20.291042491],[-99.109190259,20.290991121],[-99.10914988,20.290889621],[-99.10909966,20.290808511],[-99.10899242,20.290744141],[-99.10876975,20.290775521],[-99.108645679,20.290835491],[-99.108554849,20.290887201],[-99.108479309,20.290885751],[-99.108347879,20.29084765],[-99.108249399,20.290814601],[-99.108112489,20.290812001],[-99.10803997,20.290890751],[-99.108013889,20.29100603],[-99.10797489,20.291063151],[-99.107904079,20.291061821],[-99.10782043,20.290997891],[-99.10774017,20.290996371],[-99.10767303,20.291044061],[-99.107598689,20.291207381],[-99.10744014,20.291333481],[-99.107301619,20.291406541],[-99.107247539,20.29142069],[-99.107079579,20.291410601],[-99.106904819,20.291377981],[-99.10681986,20.291333291],[-99.10678771,20.291236951],[-99.106739999,20.291142311],[-99.10668482,20.291124711],[-99.1064738,20.291145511],[-99.10625565,20.291226821],[-99.106140979,20.291254971],[-99.10603989,20.291217751],[-99.10597286,20.291129861],[-99.10592728,20.291113521],[-99.105824979,20.29113942],[-99.10577518,20.291166311],[-99.10568989,20.291164691],[-99.105622139,20.291110801],[-99.10555925,20.290982771],[-99.105485119,20.290919491],[-99.105360079,20.290935661],[-99.10527342,20.290947521],[-99.10522014,20.290927051],[-99.105192479,20.290868091],[-99.105112049,20.290765291],[-99.10500995,20.290708821],[-99.10485006,20.290651231],[-99.10471755,20.290664291],[-99.10458423,20.290716281],[-99.104505179,20.290742051],[-99.104451489,20.290741021],[-99.104403089,20.290685571],[-99.10432812,20.290520551],[-99.104269579,20.290359741],[-99.104213969,20.290296281],[-99.104033659,20.290214381],[-99.103900139,20.290133371],[-99.103824139,20.290038741],[-99.103587349,20.289921431],[-99.10332788,20.289891971],[-99.103104909,20.289858311],[-99.102760629,20.289791911],[-99.10270905,20.289724171],[-99.102711539,20.289607601],[-99.102642649,20.289455681],[-99.102453999,20.289359751],[-99.10223762,20.289355631],[-99.102046479,20.28937628],[-99.101835879,20.289343111],[-99.10164651,20.289281201],[-99.101447749,20.289175371],[-99.101278479,20.289138121],[-99.10111017,20.289119091],[-99.100952059,20.289116081],[-99.100766479,20.289070481],[-99.100613229,20.289029321],[-99.10048351,20.289026851],[-99.100299679,20.28908834],[-99.100087549,20.289145461],[-99.09981248,20.289214621],[-99.099516419,20.289208971],[-99.099430369,20.289173631],[-99.099349829,20.289119141],[-99.09925286,20.289117291],[-99.09906462,20.289084821],[-99.098692,20.289077691],[-99.09847374,20.289107541],[-99.09832049,20.289104621],[-99.09822675,20.289060321],[-99.09821055,20.288975001],[-99.09817751,20.288834091],[-99.098065459,20.288802201],[-99.09793835,20.288842281],[-99.097792679,20.288907511],[-99.09769262,20.288948111],[-99.09755291,20.288945431],[-99.097510109,20.288838351],[-99.09745589,20.288633291],[-99.09736694,20.288576341],[-99.097069479,20.288570651],[-99.09703002,20.288518891],[-99.09701162,20.288463891],[-99.097053519,20.288363001],[-99.09711142,20.288310601],[-99.09713063,20.288209281],[-99.09710431,20.28811245],[-99.09701445,20.288067911],[-99.096925489,20.287980581],[-99.09688737,20.287904941],[-99.09691792,20.287803831],[-99.09700289,20.287709951],[-99.097037,20.287591621],[-99.097026199,20.287543061],[-99.09693655,20.287493021],[-99.096893819,20.287462451],[-99.09679868,20.287300741],[-99.09677082,20.287129151],[-99.09672569,20.286944461],[-99.09658118,20.286620421],[-99.096439399,20.286463021],[-99.096326749,20.286419221],[-99.096220649,20.28636365],[-99.096139951,20.28649211],[-99.096135709,20.286498861],[-99.096094539,20.286652771],[-99.095983079,20.286846971],[-99.095877799,20.28704725],[-99.095850519,20.28714192],[-99.09587385,20.287231621],[-99.09582778,20.287319981],[-99.095731619,20.287389541],[-99.095704339,20.28748422],[-99.095701919,20.287597201],[-99.09567477,20.287685941],[-99.095584659,20.287767511],[-99.095493909,20.287878821],[-99.095493067,20.287918113],[-99.095487279,20.288188061],[-99.095407489,20.288376921],[-99.09531586,20.288529881],[-99.095248679,20.288718971],[-99.09520828,20.288837201],[-99.09511123,20.288948381],[-99.095021679,20.289039721],[-99.094968519,20.289149231],[-99.094966309,20.289252351],[-99.094929319,20.289336381],[-99.09488126,20.289390721],[-99.094781059,20.289525141],[-99.094607859,20.28962072],[-99.094437919,20.289820461],[-99.09421622,20.290118111],[-99.094062399,20.290338981],[-99.094026149,20.290484031],[-99.093980449,20.290556021],[-99.09372657,20.290551171],[-99.093615289,20.290590681],[-99.093452019,20.290738491],[-99.093293889,20.290902031],[-99.093234909,20.291077881],[-99.093159819,20.291174141],[-99.092974649,20.291170601],[-99.09287054,20.291251341],[-99.092788909,20.291419821],[-99.092784949,20.291603571],[-99.09285032,20.291738111],[-99.092828149,20.291861771],[-99.092767219,20.291975491],[-99.092731139,20.292066721],[-99.092726289,20.29229183],[-99.09266594,20.292377981],[-99.09254165,20.292490511],[-99.09244132,20.292621861],[-99.092361849,20.292819821],[-99.09237858,20.293001941],[-99.09237566,20.293138231],[-99.092407149,20.293275181],[-99.09240354,20.29344392],[-99.09233134,20.293598371],[-99.092328139,20.293747651],[-99.092399259,20.293963281],[-99.092545279,20.294219281],[-99.092664599,20.294435831],[-99.092805579,20.294605461],[-99.09288823,20.294721691],[-99.092882079,20.295008231],[-99.092858169,20.295271491],[-99.092786879,20.295476521],[-99.092709619,20.295675691],[-99.092604109,20.295746661],[-99.09136632,20.296451941],[-99.09106752,20.296827891],[-99.09037006,20.297235351],[-99.08980543,20.29753315],[-99.08886675,20.298457481],[-99.08836811,20.297987981]]]]},"properties":{"municipality":"Francisco I. Madero","official_key":"13023","CVE_ENT":"13","CVE_MUN":"023","geometry_kind":"municipality","source":"INEGI Gaia — Servicio vectorial del Marco Geoestadístico"}},"features":[{"type":"Feature","geometry":{"type":"MultiPolygon","crs":{"type":"name","properties":{"name":"EPSG:6365"}},"coordinates":[[[[-99.089089381,20.25732401],[-99.0885238,20.257257289],[-99.088284519,20.257319849],[-99.088275495,20.257322028],[-99.088199078,20.257342188],[-99.088199042,20.257342197],[-99.087990282,20.257396778],[-99.086461683,20.257898347],[-99.086381091,20.257928438],[-99.086339914,20.257943565],[-99.085836666,20.258179747],[-99.084591343,20.258770116],[-99.084316179,20.258876448],[-99.083572805,20.258895562],[-99.082600944,20.259156116],[-99.081834436,20.259361611],[-99.081629074,20.259416667],[-99.081582884,20.259327304],[-99.081586306,20.259326149],[-99.081845696,20.259240905],[-99.081845696,20.259206641],[-99.081721964,20.258597499],[-99.081592522,20.257879854],[-99.081365996,20.257902697],[-99.081358382,20.257784676],[-99.081358382,20.25760003],[-99.081356479,20.257426804],[-99.081299371,20.257386829],[-99.081251464,20.257390074],[-99.081223202,20.257406124],[-99.081314366,20.257055518],[-99.081435974,20.256702563],[-99.081738648,20.256366813],[-99.081935329,20.256117869],[-99.081976974,20.256003532],[-99.082177997,20.255451685],[-99.082292595,20.255166345],[-99.080612705,20.255223377],[-99.079837099,20.250117784],[-99.081368405,20.248595745],[-99.081674525,20.248272144],[-99.081484606,20.247045132],[-99.08134193,20.246046608],[-99.081199237,20.245048085],[-99.081199696,20.245013405],[-99.081203822,20.244943423],[-99.081204715,20.244891685],[-99.08122483,20.243727455],[-99.081198175,20.243661774],[-99.081167305,20.243627647],[-99.08114716,20.243584639],[-99.081151136,20.243497393],[-99.081150742,20.243431072],[-99.081150322,20.243360333],[-99.081138636,20.243116582],[-99.081131621,20.243065116],[-99.081034898,20.242958763],[-99.081012795,20.242831654],[-99.080990421,20.242703147],[-99.081004515,20.242558234],[-99.082477885,20.242682775],[-99.082940606,20.242725777],[-99.083900496,20.24280883],[-99.083908655,20.242809534],[-99.085591983,20.242960544],[-99.085660746,20.242977758],[-99.085679155,20.242325195],[-99.085688906,20.241958776],[-99.085689026,20.241951195],[-99.085700115,20.241251607],[-99.085720775,20.240741225],[-99.085726314,20.240639153],[-99.085776084,20.240043285],[-99.085814024,20.239685525],[-99.085814029,20.239685496],[-99.085814055,20.239685335],[-99.08581513,20.239678695],[-99.08581529,20.239677706],[-99.085821517,20.239639317],[-99.085823629,20.239626303],[-99.085823497,20.239603758],[-99.085819333,20.238892305],[-99.085818815,20.238804143],[-99.085817219,20.238531423],[-99.085816875,20.238471717],[-99.085816876,20.238471687],[-99.085790226,20.237478175],[-99.085763576,20.236484637],[-99.085736931,20.235491134],[-99.085710297,20.234437208],[-99.087548479,20.234484881],[-99.087527625,20.233465704],[-99.087625116,20.233474455],[-99.087672058,20.233478667],[-99.087825472,20.233492434],[-99.088268236,20.233532168],[-99.08856237,20.233558564],[-99.089199335,20.233615708],[-99.089597123,20.233651393],[-99.089682316,20.233659038],[-99.092679919,20.233738607],[-99.094109914,20.233818434],[-99.095844144,20.234356633],[-99.09601026,20.234441268],[-99.09783982,20.2353734],[-99.098958703,20.235900164],[-99.101920792,20.237964722],[-99.10195913,20.237991443],[-99.101909284,20.238151163],[-99.101800407,20.238697346],[-99.101743376,20.238930934],[-99.101729344,20.239039178],[-99.101720053,20.239497654],[-99.101704253,20.239655978],[-99.101675284,20.239706117],[-99.101631822,20.239758533],[-99.101600454,20.239817794],[-99.101581175,20.239879302],[-99.101586053,20.239954487],[-99.101603,20.240013702],[-99.101611514,20.240244942],[-99.101637158,20.241118377],[-99.101673575,20.241639856],[-99.101392806,20.241645902],[-99.100219845,20.241673038],[-99.099046885,20.241700174],[-99.099050484,20.242711163],[-99.099378171,20.2436708],[-99.099422788,20.243801461],[-99.099469377,20.243937892],[-99.099572695,20.244240465],[-99.099648445,20.244462296],[-99.099818321,20.244959774],[-99.099888267,20.245164609],[-99.099915536,20.245246781],[-99.100023035,20.245570688],[-99.10013866,20.245919084],[-99.10025399,20.246266586],[-99.100255003,20.246345777],[-99.100255006,20.246345964],[-99.100385097,20.246358333],[-99.100479067,20.246367269],[-99.101883195,20.246500776],[-99.101883166,20.246660195],[-99.101883024,20.247441595],[-99.101882992,20.247529856],[-99.101884915,20.247587076],[-99.101886115,20.247622596],[-99.101504394,20.247714593],[-99.101500129,20.247809656],[-99.101404246,20.248467492],[-99.101372712,20.24868384],[-99.101342052,20.24894341],[-99.101262544,20.249120071],[-99.101220821,20.249217793],[-99.101100821,20.249937132],[-99.101100855,20.249982],[-99.101130144,20.25003547],[-99.101510344,20.250418594],[-99.101689144,20.25059184],[-99.102021659,20.250623071],[-99.102303729,20.250624494],[-99.102192875,20.251556841],[-99.102093126,20.252395672],[-99.102082005,20.252489175],[-99.101915882,20.253633702],[-99.101749775,20.254778209],[-99.101733544,20.254897255],[-99.101993821,20.255086856],[-99.102435895,20.255305655],[-99.102436805,20.255389425],[-99.102431145,20.255591826],[-99.102427423,20.255813103],[-99.102464526,20.255925703],[-99.102567484,20.256061565],[-99.102833815,20.256475747],[-99.102854774,20.256591214],[-99.102854883,20.256740494],[-99.102831852,20.257251753],[-99.102677635,20.257702474],[-99.10260446,20.258030667],[-99.102566159,20.258526579],[-99.102592589,20.258701563],[-99.102871297,20.259289733],[-99.102890372,20.259614057],[-99.102914266,20.260020578],[-99.102916154,20.260070578],[-99.10290239,20.260182663],[-99.101162375,20.259690041],[-99.099752498,20.259306917],[-99.098820666,20.259236032],[-99.097874974,20.259126333],[-99.097214589,20.258751547],[-99.096766194,20.258651225],[-99.09659656,20.258618241],[-99.095807267,20.258385586],[-99.094788288,20.258131334],[-99.094416951,20.258097024],[-99.093152066,20.258053286],[-99.092089452,20.25775687],[-99.091368989,20.257637732],[-99.091269294,20.257616927],[-99.091257464,20.257614455],[-99.090173421,20.257469239],[-99.089089381,20.25732401]]]]},"properties":{"locality":"Tepatepec","municipality":null,"official_key":"130230001","CVE_ENT":"13","CVE_MUN":"023","CVE_LOC":"0001","ambito":"URBANO","geometry_kind":"locality","source":"INEGI Gaia — Servicio vectorial del Marco Geoestadístico"}},{"type":"Feature","geometry":{"type":"MultiPolygon","crs":{"type":"name","properties":{"name":"EPSG:6365"}},"coordinates":[[[[-99.084559525,20.238855738],[-99.08334794,20.237960516],[-99.082922922,20.238377748],[-99.082936229,20.238457518],[-99.082745487,20.238656559],[-99.082476305,20.238786363],[-99.082209261,20.238797113],[-99.0815483,20.238594711],[-99.08083603,20.238574937],[-99.08051929,20.238510936],[-99.08006,20.238349389],[-99.078557815,20.238004308],[-99.07792224,20.237625248],[-99.07617655,20.236524689],[-99.077068565,20.236658225],[-99.078185886,20.236791762],[-99.078214842,20.236120804],[-99.078745561,20.236126777],[-99.078746451,20.235379778],[-99.079748296,20.235379055],[-99.079739516,20.234941676],[-99.079739223,20.234365702],[-99.079747256,20.233867914],[-99.080056596,20.233753104],[-99.08158454,20.235630908],[-99.083104439,20.237579155],[-99.084266196,20.237647927],[-99.084271742,20.238434783],[-99.085816875,20.238471717],[-99.085817219,20.238531423],[-99.085818815,20.238804143],[-99.085819333,20.238892305],[-99.085823497,20.239603758],[-99.085823629,20.239626303],[-99.085821517,20.239639317],[-99.08581529,20.239677706],[-99.08581513,20.239678695],[-99.085814055,20.239685335],[-99.085814029,20.239685496],[-99.085814024,20.239685525],[-99.085813974,20.239685492],[-99.08581392,20.239685455],[-99.084559525,20.238855738]]]]},"properties":{"locality":"Arambó","municipality":null,"official_key":"130230002","CVE_ENT":"13","CVE_MUN":"023","CVE_LOC":"0002","ambito":"RURAL","geometry_kind":"locality","source":"INEGI Gaia — Servicio vectorial del Marco Geoestadístico"}},{"type":"Feature","geometry":{"type":"MultiPolygon","crs":{"type":"name","properties":{"name":"EPSG:6365"}},"coordinates":[[[[-99.070216546,20.235435115],[-99.070282456,20.235425405],[-99.070960805,20.235596255],[-99.072168596,20.236037141],[-99.072630326,20.236088024],[-99.073141325,20.236143605],[-99.074504434,20.236380914],[-99.074506825,20.238116624],[-99.074512294,20.239177964],[-99.074374225,20.239572974],[-99.074103115,20.240284434],[-99.074088005,20.240540144],[-99.074090424,20.241637135],[-99.074093654,20.242001025],[-99.074112055,20.242064544],[-99.074142694,20.242151174],[-99.074443806,20.243015285],[-99.074612634,20.244269084],[-99.074664864,20.244612874],[-99.074722524,20.244863574],[-99.075029914,20.245861254],[-99.073810574,20.246293055],[-99.072993724,20.246580345],[-99.072467865,20.246741055],[-99.071255284,20.247098674],[-99.070052367,20.247442466],[-99.070042685,20.247445235],[-99.069934678,20.246737632],[-99.069140027,20.243583981],[-99.069016484,20.242581629],[-99.06556172,20.242447866],[-99.066065895,20.244659511],[-99.059817376,20.245894078],[-99.059627485,20.242241676],[-99.063069923,20.241547212],[-99.065276425,20.239841114],[-99.066410483,20.238949269],[-99.064948161,20.239184856],[-99.064727189,20.236072366],[-99.065722904,20.235847016],[-99.066341045,20.235637911],[-99.066740476,20.235582106],[-99.066917067,20.238611251],[-99.067978355,20.237824304],[-99.070054975,20.236231275],[-99.070151694,20.235779824],[-99.070214776,20.23544452],[-99.070216546,20.235435115]]]]},"properties":{"locality":"Bocamiño","municipality":null,"official_key":"130230003","CVE_ENT":"13","CVE_MUN":"023","CVE_LOC":"0003","ambito":"RURAL","geometry_kind":"locality","source":"INEGI Gaia — Servicio vectorial del Marco Geoestadístico"}},{"type":"Feature","geometry":{"type":"MultiPolygon","crs":{"type":"name","properties":{"name":"EPSG:6365"}},"coordinates":[[[[-99.070111627,20.247509721],[-99.071414163,20.247222001],[-99.073011094,20.246677654],[-99.074430182,20.246187165],[-99.075071128,20.246001586],[-99.075867895,20.245849608],[-99.075960904,20.24637926],[-99.076462418,20.246384044],[-99.076531896,20.24765765],[-99.077511793,20.247605713],[-99.077488931,20.24833921],[-99.078038804,20.248261956],[-99.078069295,20.248009711],[-99.078641221,20.248012703],[-99.078662042,20.248147582],[-99.079463386,20.248025784],[-99.079813673,20.247987516],[-99.079844243,20.248302575],[-99.078734514,20.248427742],[-99.077479944,20.24860827],[-99.07447769,20.249021886],[-99.074200158,20.247942238],[-99.074121109,20.247889305],[-99.073211991,20.248035083],[-99.073153283,20.247843477],[-99.072917854,20.247903162],[-99.072050027,20.248012468],[-99.071988074,20.248150554],[-99.07069472,20.24838646],[-99.070162588,20.248672054],[-99.070164214,20.249664766],[-99.06989762,20.24970123],[-99.070111627,20.247509721]]]]},"properties":{"locality":"La Comunidad","municipality":null,"official_key":"130230004","CVE_ENT":"13","CVE_MUN":"023","CVE_LOC":"0004","ambito":"RURAL","geometry_kind":"locality","source":"INEGI Gaia — Servicio vectorial del Marco Geoestadístico"}},{"type":"Feature","geometry":{"type":"MultiPolygon","crs":{"type":"name","properties":{"name":"EPSG:6365"}},"coordinates":[[[[-99.1097143,20.264789784],[-99.109786085,20.262934637],[-99.111010061,20.263819108],[-99.111437082,20.266302276],[-99.111296023,20.268281334],[-99.108955966,20.267207659],[-99.109080436,20.266987477],[-99.109635538,20.265990218],[-99.1097143,20.264789784]]],[[[-99.124240726,20.277096446],[-99.123583663,20.276690757],[-99.123157735,20.276539659],[-99.122322151,20.276283613],[-99.121644722,20.276051204],[-99.120284585,20.27554055],[-99.119646918,20.275297613],[-99.119486334,20.275163564],[-99.119347035,20.274935514],[-99.119339031,20.274845793],[-99.119390038,20.274670529],[-99.119459862,20.274491086],[-99.119683083,20.273155598],[-99.119800033,20.272440517],[-99.119749513,20.272397007],[-99.119468022,20.272224367],[-99.11934097,20.272199584],[-99.119297612,20.272453564],[-99.11915591,20.273096129],[-99.11815523,20.272740449],[-99.11799274,20.273608829],[-99.117511762,20.273522133],[-99.117419669,20.274203757],[-99.117103871,20.274016476],[-99.116747842,20.273883288],[-99.11538614,20.273520513],[-99.115428969,20.272273152],[-99.115531948,20.272282956],[-99.115582449,20.271932807],[-99.116956622,20.271878297],[-99.116954978,20.271200511],[-99.11740879,20.271198771],[-99.11754383,20.270732426],[-99.117693829,20.270730733],[-99.11768111,20.270203497],[-99.118425768,20.270176392],[-99.118477574,20.269297299],[-99.118827104,20.269329038],[-99.119106516,20.269610667],[-99.119263153,20.269788196],[-99.119524323,20.267235057],[-99.119796753,20.264558238],[-99.119845634,20.264425767],[-99.119880173,20.264418716],[-99.121498004,20.264290086],[-99.122213789,20.264966118],[-99.122221663,20.264060502],[-99.126216774,20.262489777],[-99.126221428,20.262487982],[-99.126222592,20.262487533],[-99.126234724,20.262482858],[-99.126265157,20.262471015],[-99.126626724,20.262330326],[-99.127924514,20.261825338],[-99.128648225,20.261545966],[-99.128779224,20.261510568],[-99.128944253,20.261483148],[-99.129177913,20.261463608],[-99.129698464,20.261479538],[-99.132170294,20.261534807],[-99.132597434,20.261535937],[-99.132850394,20.261523518],[-99.133067233,20.261482027],[-99.133487743,20.261357717],[-99.134708314,20.260751487],[-99.135793434,20.260208538],[-99.137070403,20.259454857],[-99.137574914,20.259173737],[-99.137598823,20.259211368],[-99.131159151,20.268540153],[-99.130629024,20.269308058],[-99.130563159,20.269267901],[-99.130562064,20.269267231],[-99.127367506,20.267319373],[-99.127110065,20.273040036],[-99.126885278,20.273411619],[-99.127627532,20.2736386],[-99.127628815,20.273638992],[-99.127754833,20.273677527],[-99.127147223,20.274595407],[-99.127132022,20.274618748],[-99.127123793,20.274630707],[-99.126179465,20.276147284],[-99.126706331,20.276890182],[-99.126547738,20.277098913],[-99.126361826,20.277260518],[-99.126102151,20.277395704],[-99.125702977,20.276839522],[-99.125315875,20.277446981],[-99.12514811,20.27767834],[-99.124777966,20.277616589],[-99.12475332,20.277612476],[-99.124316204,20.277429879],[-99.124318946,20.277205496],[-99.124240726,20.277096446]]]]},"properties":{"locality":"Dengantzha","municipality":null,"official_key":"130230005","CVE_ENT":"13","CVE_MUN":"023","CVE_LOC":"0005","ambito":"RURAL","geometry_kind":"locality","source":"INEGI Gaia — Servicio vectorial del Marco Geoestadístico"}},{"type":"Feature","geometry":{"type":"MultiPolygon","crs":{"type":"name","properties":{"name":"EPSG:6365"}},"coordinates":[[[[-99.131698436,20.230297027],[-99.131695578,20.23023241],[-99.131694006,20.230196858],[-99.131957326,20.230197277],[-99.132254835,20.230217378],[-99.132443996,20.230267107],[-99.132451778,20.230237227],[-99.132474125,20.230151427],[-99.132679036,20.228771087],[-99.131884796,20.228681888],[-99.129636945,20.228412858],[-99.128659856,20.228298836],[-99.128641619,20.227860351],[-99.131263075,20.227803872],[-99.132185754,20.227567293],[-99.131955056,20.226399311],[-99.132784463,20.226129206],[-99.134118124,20.225385938],[-99.133963764,20.224704781],[-99.133756969,20.224590814],[-99.133636006,20.22403388],[-99.133568684,20.223476947],[-99.133127741,20.223584849],[-99.132838063,20.223579816],[-99.132242611,20.223660354],[-99.131770544,20.223917072],[-99.131285063,20.22368804],[-99.130933694,20.223569748],[-99.130627922,20.223539545],[-99.129957371,20.223594916],[-99.129005752,20.223716657],[-99.128471435,20.223697176],[-99.128457447,20.223113994],[-99.128499529,20.223018953],[-99.128750096,20.222934628],[-99.128875963,20.222168778],[-99.129071173,20.221727893],[-99.130183309,20.221735486],[-99.131213908,20.221713372],[-99.132140397,20.221715307],[-99.133331089,20.221646122],[-99.133763904,20.220486348],[-99.133764445,20.220484899],[-99.133784754,20.220430477],[-99.134808924,20.222134462],[-99.134844131,20.222297325],[-99.134973373,20.222568964],[-99.134975685,20.222573838],[-99.135035338,20.222699237],[-99.135146636,20.222852737],[-99.135344756,20.223180747],[-99.136182315,20.224751276],[-99.136442353,20.22615164],[-99.136660377,20.227501891],[-99.137052895,20.227808118],[-99.137043289,20.227953908],[-99.136994067,20.228113779],[-99.136922226,20.228191198],[-99.136786375,20.228408308],[-99.136746665,20.228627908],[-99.136772956,20.228901408],[-99.136726146,20.229133338],[-99.136429825,20.229432348],[-99.136421696,20.229628828],[-99.136415818,20.229771386],[-99.136415195,20.229786518],[-99.136323095,20.229886878],[-99.136168006,20.229903628],[-99.136037996,20.229917307],[-99.135912056,20.229985288],[-99.135829176,20.230088657],[-99.135666606,20.230397228],[-99.135430525,20.230593518],[-99.135369315,20.230698747],[-99.134234865,20.231406827],[-99.133920345,20.231557308],[-99.133022606,20.231950277],[-99.131809596,20.232595518],[-99.131761826,20.232621368],[-99.131734316,20.231319478],[-99.131701295,20.230788707],[-99.131698436,20.230297027]]]]},"properties":{"locality":"Doctor José G. Parres","municipality":null,"official_key":"130230006","CVE_ENT":"13","CVE_MUN":"023","CVE_LOC":"0006","ambito":"RURAL","geometry_kind":"locality","source":"INEGI Gaia — Servicio vectorial del Marco Geoestadístico"}},{"type":"Feature","geometry":{"type":"MultiPolygon","crs":{"type":"name","properties":{"name":"EPSG:6365"}},"coordinates":[[[[-99.091486741,20.286636939],[-99.089343206,20.286650946],[-99.089271186,20.284614111],[-99.08828346,20.28470385],[-99.088050151,20.284665906],[-99.087576192,20.282876166],[-99.087551353,20.282802075],[-99.087184512,20.281475165],[-99.087241972,20.281463885],[-99.088293372,20.281298506],[-99.088391833,20.281284715],[-99.088624793,20.281239226],[-99.089141123,20.281138374],[-99.090460922,20.280884625],[-99.090611283,20.280847855],[-99.090551203,20.280736705],[-99.090459692,20.280564535],[-99.090260823,20.279749025],[-99.08989862,20.278197738],[-99.089745169,20.277526229],[-99.089765743,20.277316773],[-99.090690361,20.274628477],[-99.091422307,20.275430387],[-99.091488473,20.275562322],[-99.091526822,20.275702957],[-99.091628159,20.276086978],[-99.091814275,20.276887696],[-99.092031401,20.277463968],[-99.092133062,20.277881845],[-99.092162943,20.278629516],[-99.092220232,20.279270605],[-99.092476603,20.280187146],[-99.092545322,20.281098336],[-99.092545343,20.281131165],[-99.092545353,20.281154655],[-99.092607343,20.281978225],[-99.092701122,20.283270626],[-99.092776342,20.284315625],[-99.092962352,20.284327235],[-99.092977062,20.284339316],[-99.093147883,20.284479605],[-99.093148122,20.284751036],[-99.093190752,20.284800365],[-99.093601622,20.285267915],[-99.093775001,20.285621035],[-99.093982063,20.285851546],[-99.094336662,20.285974806],[-99.094354943,20.286025285],[-99.094464603,20.286214546],[-99.094486062,20.286228486],[-99.094483293,20.286273116],[-99.094546713,20.286500086],[-99.094543402,20.286691535],[-99.094235482,20.286863545],[-99.093799461,20.286883565],[-99.093370652,20.286811426],[-99.093016922,20.286684365],[-99.092822542,20.286418835],[-99.092826223,20.286357595],[-99.092835863,20.286197205],[-99.092839251,20.286143826],[-99.092276513,20.286030376],[-99.092095571,20.285996375],[-99.091378141,20.285928026],[-99.091443054,20.286033289],[-99.091486741,20.286636939]]]]},"properties":{"locality":"El Mendoza","municipality":null,"official_key":"130230007","CVE_ENT":"13","CVE_MUN":"023","CVE_LOC":"0007","ambito":"RURAL","geometry_kind":"locality","source":"INEGI Gaia — Servicio vectorial del Marco Geoestadístico"}},{"type":"Feature","geometry":{"type":"MultiPolygon","crs":{"type":"name","properties":{"name":"EPSG:6365"}},"coordinates":[[[[-99.086763999,20.224430137],[-99.086758688,20.223897335],[-99.086713854,20.223735346],[-99.086877836,20.223788875],[-99.087145495,20.223491625],[-99.087944925,20.221929905],[-99.087967856,20.221876795],[-99.088361437,20.221052945],[-99.091850156,20.221909376],[-99.091967776,20.221468775],[-99.092538266,20.221696535],[-99.092809347,20.220683335],[-99.093081838,20.219227281],[-99.093087826,20.219195285],[-99.093123953,20.21911496],[-99.093132261,20.219095632],[-99.093153805,20.219047316],[-99.093397556,20.219152505],[-99.094307175,20.216369036],[-99.094684747,20.215213675],[-99.096203493,20.216354496],[-99.096982528,20.216835106],[-99.097727061,20.217451595],[-99.098974661,20.214983831],[-99.100311536,20.215246451],[-99.100465806,20.214925915],[-99.101450891,20.215229185],[-99.100902666,20.216573],[-99.101902602,20.216806953],[-99.101062542,20.218989019],[-99.100299096,20.22077806],[-99.10126518,20.220806763],[-99.101313951,20.220689487],[-99.101619004,20.219893178],[-99.10262071,20.219659688],[-99.102221437,20.220725477],[-99.103101957,20.220727745],[-99.103424858,20.219941961],[-99.104297475,20.219748707],[-99.104848914,20.218206472],[-99.105033023,20.218108902],[-99.105508343,20.218029133],[-99.105887451,20.218070739],[-99.106088248,20.218084975],[-99.106088146,20.218085338],[-99.105761797,20.219209598],[-99.105578207,20.219834597],[-99.105395376,20.220451318],[-99.105098975,20.221512437],[-99.105084058,20.221558268],[-99.105054195,20.221650115],[-99.105037096,20.221702547],[-99.105144806,20.221604836],[-99.105453516,20.221503208],[-99.105445916,20.222525746],[-99.103211436,20.225614548],[-99.102364805,20.226875057],[-99.102370235,20.226962777],[-99.102067896,20.227168655],[-99.100829346,20.228012037],[-99.100750176,20.228065946],[-99.100698456,20.228204147],[-99.100481835,20.228133285],[-99.099184866,20.227742085],[-99.098952325,20.227676936],[-99.098275606,20.227482885],[-99.097029086,20.227118236],[-99.096281155,20.226908885],[-99.094876056,20.226488905],[-99.093222466,20.226038455],[-99.093234116,20.225964146],[-99.090894291,20.225199504],[-99.088313067,20.224590902],[-99.088069231,20.226514542],[-99.088635422,20.22667137],[-99.089217874,20.226770772],[-99.089081898,20.227750935],[-99.08797546,20.227588638],[-99.088078188,20.226643693],[-99.087646747,20.226595562],[-99.087310483,20.226611865],[-99.087196646,20.227365052],[-99.086957903,20.226703139],[-99.086850059,20.225815786],[-99.086808662,20.224570495],[-99.086763999,20.224430137]]]]},"properties":{"locality":"Lázaro Cárdenas (El Mexe) [Colonia]","municipality":null,"official_key":"130230008","CVE_ENT":"13","CVE_MUN":"023","CVE_LOC":"0008","ambito":"RURAL","geometry_kind":"locality","source":"INEGI Gaia — Servicio vectorial del Marco Geoestadístico"}},{"type":"Feature","geometry":{"type":"MultiPolygon","crs":{"type":"name","properties":{"name":"EPSG:6365"}},"coordinates":[[[[-99.096873423,20.266597285],[-99.096162894,20.266569485],[-99.094145573,20.266600306],[-99.092527543,20.266587086],[-99.092212741,20.266596546],[-99.09229763,20.267407097],[-99.092409037,20.268087026],[-99.092474847,20.268532955],[-99.092433731,20.268529048],[-99.091407,20.268550455],[-99.09027267,20.268641845],[-99.090133687,20.26831637],[-99.090086385,20.26829445],[-99.089970328,20.2678279],[-99.090033255,20.267815706],[-99.08996599,20.267459186],[-99.089944114,20.266710915],[-99.089946,20.265495175],[-99.090007519,20.265234367],[-99.08995496,20.264957134],[-99.089917048,20.264526178],[-99.089927053,20.264358735],[-99.089937782,20.264147375],[-99.090186755,20.26362284],[-99.090265771,20.263359766],[-99.090230682,20.263216081],[-99.090074676,20.262999166],[-99.090041611,20.26288741],[-99.090050586,20.262754482],[-99.090122178,20.262699989],[-99.09066233,20.262681583],[-99.090744852,20.262564255],[-99.090813336,20.262198756],[-99.090896662,20.262001197],[-99.091057378,20.261792814],[-99.09119497,20.261614413],[-99.091310077,20.261465168],[-99.09138225,20.259939672],[-99.090558564,20.259949091],[-99.090649266,20.258760116],[-99.091340288,20.258752496],[-99.09134214,20.258585186],[-99.091344114,20.258407075],[-99.091287914,20.257771636],[-99.092143495,20.257871145],[-99.092832405,20.258094365],[-99.093127544,20.258151175],[-99.093443254,20.258178196],[-99.093977264,20.258198086],[-99.094930114,20.258282935],[-99.096826113,20.258802166],[-99.096816865,20.260070086],[-99.096837523,20.260864435],[-99.096814793,20.261232535],[-99.096814794,20.261841406],[-99.096839153,20.262364197],[-99.096886401,20.263307238],[-99.09694809,20.264809408],[-99.097962785,20.264865005],[-99.098048083,20.265667676],[-99.098262744,20.266285706],[-99.098471234,20.266589935],[-99.098640804,20.266945886],[-99.098311714,20.266910076],[-99.096873423,20.266597285]]]]},"properties":{"locality":"La Mora","municipality":null,"official_key":"130230009","CVE_ENT":"13","CVE_MUN":"023","CVE_LOC":"0009","ambito":"RURAL","geometry_kind":"locality","source":"INEGI Gaia — Servicio vectorial del Marco Geoestadístico"}},{"type":"Feature","geometry":{"type":"MultiPolygon","crs":{"type":"name","properties":{"name":"EPSG:6365"}},"coordinates":[[[[-99.113579524,20.254960007],[-99.113664124,20.254045687],[-99.113779455,20.252149337],[-99.114137555,20.249345747],[-99.116526034,20.249344177],[-99.116528464,20.247598487],[-99.117159345,20.247603306],[-99.118754204,20.247615306],[-99.119791994,20.247612116],[-99.120669574,20.247609407],[-99.120659066,20.248388986],[-99.120857768,20.248403562],[-99.120917218,20.248754818],[-99.118748484,20.248738236],[-99.118809003,20.254431507],[-99.118799434,20.255096577],[-99.118793095,20.255203116],[-99.118776855,20.255232837],[-99.118668975,20.255218858],[-99.117967544,20.255106567],[-99.116292724,20.254832567],[-99.116224744,20.255809346],[-99.115356403,20.255799577],[-99.115358265,20.255040207],[-99.114662943,20.255025406],[-99.113579524,20.254960007]]]]},"properties":{"locality":"La Puerta","municipality":null,"official_key":"130230010","CVE_ENT":"13","CVE_MUN":"023","CVE_LOC":"0010","ambito":"RURAL","geometry_kind":"locality","source":"INEGI Gaia — Servicio vectorial del Marco Geoestadístico"}},{"type":"Feature","geometry":{"type":"MultiPolygon","crs":{"type":"name","properties":{"name":"EPSG:6365"}},"coordinates":[[[[-99.037078304,20.249366896],[-99.037096858,20.248207164],[-99.03536324,20.248535691],[-99.035374642,20.248015195],[-99.035075934,20.247908584],[-99.035340335,20.247468854],[-99.035448917,20.247030119],[-99.03593902,20.246953982],[-99.035763999,20.24519406],[-99.035611509,20.245191082],[-99.03560418,20.243204062],[-99.036138364,20.24306329],[-99.039368429,20.242212031],[-99.039451894,20.241225024],[-99.040942459,20.240495781],[-99.041115871,20.240738144],[-99.041647261,20.241480816],[-99.042297876,20.242564524],[-99.042620308,20.243120863],[-99.043213354,20.243973879],[-99.044131019,20.245345691],[-99.044918961,20.24654609],[-99.044925199,20.246555601],[-99.044869919,20.246571802],[-99.044215338,20.246763696],[-99.043622955,20.246961431],[-99.042791291,20.247235739],[-99.042363709,20.247506892],[-99.041469569,20.247793249],[-99.040708002,20.24811894],[-99.039671017,20.248592632],[-99.039085076,20.248855131],[-99.038585073,20.24901283],[-99.038372988,20.249069741],[-99.038117437,20.249140556],[-99.037879576,20.249206468],[-99.037572469,20.249264214],[-99.037239119,20.249339852],[-99.037078304,20.249366896]]],[[[-99.038851626,20.253459813],[-99.039374658,20.252772844],[-99.039363929,20.253638475],[-99.039447077,20.254320408],[-99.039439031,20.254390866],[-99.040039846,20.255787437],[-99.040096172,20.256157337],[-99.040455868,20.257328165],[-99.039696803,20.257680447],[-99.038572957,20.258118282],[-99.037422292,20.258694513],[-99.037116238,20.258754163],[-99.036990174,20.258109994],[-99.036874839,20.257787908],[-99.0370465,20.257425561],[-99.037285218,20.256607759],[-99.037727783,20.255533287],[-99.037907489,20.255128156],[-99.038258859,20.254466358],[-99.038851626,20.253459813]]]]},"properties":{"locality":"El Rosario [Colonia]","municipality":null,"official_key":"130230011","CVE_ENT":"13","CVE_MUN":"023","CVE_LOC":"0011","ambito":"RURAL","geometry_kind":"locality","source":"INEGI Gaia — Servicio vectorial del Marco Geoestadístico"}},{"type":"Feature","geometry":{"type":"MultiPolygon","crs":{"type":"name","properties":{"name":"EPSG:6365"}},"coordinates":[[[[-99.013281808,20.258269975],[-99.013225199,20.25610865],[-99.013196709,20.255266432],[-99.01318853,20.254990387],[-99.013187355,20.254950782],[-99.013186317,20.254915796],[-99.013180289,20.254712521],[-99.013170509,20.254070481],[-99.013140154,20.253129114],[-99.013109799,20.252187741],[-99.0130786,20.251246572],[-99.013086603,20.251126671],[-99.013089913,20.251077087],[-99.013093597,20.251021937],[-99.013103859,20.250868201],[-99.01310348,20.249762692],[-99.01303177,20.247033062],[-99.013008019,20.246089373],[-99.012942489,20.244392861],[-99.01292386,20.243800567],[-99.01290192,20.243102891],[-99.012900001,20.242983626],[-99.012899318,20.242941173],[-99.012899032,20.242923328],[-99.012898529,20.242892092],[-99.012897999,20.242859105],[-99.01289337,20.242571342],[-99.012892598,20.242281491],[-99.014073006,20.242011014],[-99.014361749,20.241944851],[-99.014361377,20.241943154],[-99.014360371,20.241938561],[-99.014341573,20.241852678],[-99.014218599,20.241290911],[-99.014206508,20.241259692],[-99.01551692,20.240935983],[-99.016078539,20.240741783],[-99.016764949,20.240612281],[-99.016706936,20.240308623],[-99.01665255,20.240023941],[-99.017126235,20.239862964],[-99.017157482,20.239852344],[-99.017194116,20.239839895],[-99.017381889,20.239776081],[-99.017451027,20.239759781],[-99.017734749,20.239692882],[-99.017805622,20.239683221],[-99.017981981,20.239659183],[-99.017982858,20.239659062],[-99.017983506,20.239659213],[-99.018127684,20.239692534],[-99.018128969,20.239692831],[-99.01812921,20.239692563],[-99.019112399,20.238597728],[-99.019111906,20.238597304],[-99.018990648,20.238492801],[-99.018945242,20.238412172],[-99.018880027,20.23829637],[-99.01878383,20.238125553],[-99.019257078,20.237762682],[-99.019098459,20.237682172],[-99.01879389,20.237243152],[-99.018798176,20.237241222],[-99.01949378,20.236927863],[-99.020369077,20.236541822],[-99.020772059,20.236358621],[-99.021138077,20.236163925],[-99.021164257,20.236149999],[-99.021199903,20.236131037],[-99.021244725,20.236107196],[-99.02147395,20.235985262],[-99.021522769,20.235927321],[-99.021288119,20.235858848],[-99.02116856,20.235823953],[-99.021109928,20.235806844],[-99.02064143,20.235670121],[-99.019359279,20.235346981],[-99.01890275,20.235232261],[-99.018631922,20.235133738],[-99.018035349,20.234916712],[-99.017573201,20.23447062],[-99.017531519,20.23443037],[-99.018362848,20.234318311],[-99.019819308,20.234110971],[-99.02110769,20.233932981],[-99.021174936,20.233913521],[-99.021407319,20.233846263],[-99.02164972,20.233733021],[-99.021883048,20.233566372],[-99.0220688,20.233401861],[-99.02240632,20.233057891],[-99.02280528,20.232624621],[-99.023402848,20.232024451],[-99.023490279,20.231925432],[-99.023866626,20.231693422],[-99.023930979,20.231653751],[-99.024011648,20.231604852],[-99.02430835,20.231517892],[-99.025181199,20.231441712],[-99.026115059,20.231386381],[-99.02680883,20.231337632],[-99.02716316,20.231312732],[-99.02723946,20.231307371],[-99.027253872,20.231306301],[-99.028154029,20.231239481],[-99.028343365,20.23120514],[-99.028613548,20.231156083],[-99.028674707,20.231145047],[-99.028771138,20.231127557],[-99.028869122,20.231109786],[-99.030015031,20.23088634],[-99.031299322,20.230620825],[-99.031422546,20.230568248],[-99.031469674,20.230540281],[-99.031604437,20.230460309],[-99.031842061,20.230236187],[-99.031962308,20.22999271],[-99.032122107,20.229594201],[-99.032218283,20.229341691],[-99.032343745,20.229112877],[-99.032577985,20.228860356],[-99.032750563,20.228775134],[-99.032975399,20.228663016],[-99.033404016,20.228518996],[-99.033411089,20.228543904],[-99.033471171,20.22875544],[-99.033578031,20.229131679],[-99.033652662,20.229303692],[-99.033779769,20.229678355],[-99.03396578,20.230085121],[-99.034185476,20.230500509],[-99.034436469,20.230914356],[-99.034793046,20.23150447],[-99.035041477,20.231740787],[-99.035218492,20.232022064],[-99.035823168,20.232787739],[-99.03590289,20.23284022],[-99.036063184,20.23310674],[-99.036230162,20.233388432],[-99.036446876,20.233721586],[-99.036698777,20.234156093],[-99.036997932,20.234617546],[-99.037278393,20.235050156],[-99.03749936,20.235314093],[-99.037830347,20.235775508],[-99.03805283,20.236129386],[-99.038334193,20.236543924],[-99.038501646,20.236724693],[-99.038690877,20.237072786],[-99.038839491,20.237273093],[-99.038878876,20.237335987],[-99.039134308,20.237743801],[-99.03941323,20.238094001],[-99.040298927,20.239363408],[-99.040942459,20.240495781],[-99.039451894,20.241225024],[-99.039368429,20.242212031],[-99.036138364,20.24306329],[-99.03560418,20.243204062],[-99.035611509,20.245191082],[-99.035763999,20.24519406],[-99.03593902,20.246953982],[-99.035448917,20.247030119],[-99.035340335,20.247468854],[-99.035075934,20.247908584],[-99.035374642,20.248015195],[-99.03536324,20.248535691],[-99.037096858,20.248207164],[-99.037078304,20.249366896],[-99.037239119,20.249339852],[-99.037572469,20.249264214],[-99.037879576,20.249206468],[-99.038117437,20.249140556],[-99.038372988,20.249069741],[-99.038374555,20.249079226],[-99.038635561,20.250660207],[-99.037633207,20.250964742],[-99.037775569,20.252018291],[-99.03683925,20.252220353],[-99.036536438,20.252244959],[-99.036576374,20.252346073],[-99.036619035,20.252454093],[-99.036643964,20.252517205],[-99.03665915,20.252555656],[-99.036691956,20.252638719],[-99.036712829,20.25269157],[-99.036809988,20.252937568],[-99.036859723,20.25306349],[-99.036910662,20.253192462],[-99.03694835,20.253287882],[-99.037016348,20.253457196],[-99.03702204,20.25347137],[-99.037037281,20.25350932],[-99.037076574,20.253607155],[-99.037107474,20.253684093],[-99.037166713,20.253831598],[-99.037171922,20.253844567],[-99.037177536,20.253858544],[-99.03719429,20.253900262],[-99.037129387,20.253925263],[-99.03709739,20.253937589],[-99.036997637,20.253976015],[-99.036979362,20.253983056],[-99.036917395,20.254006926],[-99.036904602,20.254011854],[-99.036901134,20.25401319],[-99.036863779,20.254027579],[-99.03684168,20.254036092],[-99.036942285,20.254086044],[-99.036965739,20.254480921],[-99.03699417,20.255969253],[-99.036433607,20.256360344],[-99.036043922,20.256632217],[-99.036082106,20.256978509],[-99.036163398,20.256946347],[-99.036497062,20.256814336],[-99.036902899,20.256653769],[-99.03676601,20.256993507],[-99.036521078,20.257601379],[-99.036064779,20.258465941],[-99.035648984,20.258802496],[-99.035544167,20.258944431],[-99.035363426,20.259154419],[-99.03536303,20.259154881],[-99.035076459,20.259270551],[-99.03395995,20.259496771],[-99.03345369,20.259612921],[-99.03260146,20.259829001],[-99.032395408,20.259881358],[-99.03239414,20.259881681],[-99.03148474,20.260210552],[-99.03098818,20.260406251],[-99.03047098,20.260682613],[-99.030467967,20.260684221],[-99.03005454,20.260840941],[-99.029296429,20.261014692],[-99.028617818,20.261229551],[-99.027608169,20.261526052],[-99.026184779,20.261928862],[-99.025202999,20.262200222],[-99.024403741,20.262412342],[-99.023655949,20.262610798],[-99.02365443,20.262611202],[-99.02349912,20.262638341],[-99.02255212,20.262865432],[-99.020960979,20.263095321],[-99.01941254,20.263313742],[-99.018279199,20.263526821],[-99.017272942,20.263722166],[-99.01727126,20.263722492],[-99.01591878,20.263970021],[-99.014771349,20.264183291],[-99.013491968,20.264388051],[-99.013388304,20.264404637],[-99.01338678,20.264404881],[-99.013386778,20.264404607],[-99.013386586,20.264224139],[-99.013386549,20.264189567],[-99.01338643,20.264078081],[-99.013372249,20.262706001],[-99.013293938,20.259222214],[-99.013293164,20.259147902],[-99.013292927,20.259125108],[-99.013292676,20.259101123],[-99.013285489,20.258410171],[-99.01328354,20.258336067],[-99.013282696,20.258303863],[-99.013281808,20.258269975]]]]},"properties":{"locality":"El Rosario","municipality":null,"official_key":"130230012","CVE_ENT":"13","CVE_MUN":"023","CVE_LOC":"0012","ambito":"URBANO","geometry_kind":"locality","source":"INEGI Gaia — Servicio vectorial del Marco Geoestadístico"}},{"type":"Feature","geometry":{"type":"MultiPolygon","crs":{"type":"name","properties":{"name":"EPSG:6365"}},"coordinates":[[[[-99.104815094,20.256247056],[-99.104799318,20.256309236],[-99.104505744,20.257466366],[-99.104316753,20.258248635],[-99.104159342,20.258745254],[-99.103948285,20.259126125],[-99.105274295,20.259274357],[-99.105323571,20.259221288],[-99.105577693,20.25927116],[-99.105508696,20.259772956],[-99.10627792,20.259981815],[-99.106358936,20.260687934],[-99.103650534,20.260245684],[-99.102927172,20.260071258],[-99.102903526,20.259634344],[-99.102895907,20.259281033],[-99.102618627,20.25869264],[-99.102589334,20.258516909],[-99.10263026,20.258030567],[-99.102705973,20.257700863],[-99.1028603,20.257262277],[-99.102877783,20.256564321],[-99.10284482,20.256441314],[-99.102721228,20.256275783],[-99.102627776,20.256127625],[-99.10250195,20.255947655],[-99.102460231,20.25587727],[-99.102451914,20.255790725],[-99.102457277,20.255314116],[-99.104815094,20.256247056]]],[[[-99.098048083,20.265667676],[-99.097962785,20.264865005],[-99.09694809,20.264809408],[-99.096886401,20.263307238],[-99.096839153,20.262364197],[-99.096814794,20.261841406],[-99.096814793,20.261232535],[-99.096837523,20.260864435],[-99.096816865,20.260070086],[-99.096826113,20.258802166],[-99.097196944,20.258888456],[-99.097799193,20.259279226],[-99.099891083,20.259462256],[-99.100001724,20.259477105],[-99.102915757,20.260268004],[-99.10378222,20.260476311],[-99.105668804,20.260813349],[-99.105510092,20.261426782],[-99.104966041,20.261317644],[-99.104863465,20.261760413],[-99.104840168,20.262057466],[-99.104784934,20.262689124],[-99.104774404,20.263110489],[-99.104794666,20.264589825],[-99.104044338,20.265477907],[-99.103567424,20.266057736],[-99.101455307,20.268321151],[-99.101855745,20.268754528],[-99.101437692,20.269406061],[-99.101073283,20.270178362],[-99.10095079,20.27017017],[-99.100863317,20.26994693],[-99.100519118,20.26961269],[-99.099493638,20.26901174],[-99.098622849,20.268916931],[-99.098640804,20.266945886],[-99.098471234,20.266589935],[-99.098262744,20.266285706],[-99.098048083,20.265667676]]]]},"properties":{"locality":"San José Boxay","municipality":null,"official_key":"130230013","CVE_ENT":"13","CVE_MUN":"023","CVE_LOC":"0013","ambito":"RURAL","geometry_kind":"locality","source":"INEGI Gaia — Servicio vectorial del Marco Geoestadístico"}},{"type":"Feature","geometry":{"type":"MultiPolygon","crs":{"type":"name","properties":{"name":"EPSG:6365"}},"coordinates":[[[[-99.041712014,20.209166702],[-99.041737808,20.208954023],[-99.041832986,20.207872565],[-99.041833246,20.207869619],[-99.041967254,20.207815377],[-99.042283114,20.207752045],[-99.042924516,20.207932623],[-99.043249997,20.208022904],[-99.043345529,20.2073813],[-99.043426577,20.207028973],[-99.043441159,20.206965576],[-99.04348896,20.206766774],[-99.043536808,20.206694469],[-99.043613376,20.206658314],[-99.043709097,20.206649254],[-99.043670772,20.20653178],[-99.043651546,20.206251653],[-99.043651455,20.205917314],[-99.043660893,20.205429331],[-99.043641531,20.204661237],[-99.043641438,20.204308823],[-99.043670036,20.203893134],[-99.044694358,20.204272403],[-99.044674961,20.203368762],[-99.044665329,20.203188029],[-99.044559827,20.202401884],[-99.045268208,20.202591484],[-99.045517069,20.202573346],[-99.046206224,20.20248279],[-99.046560371,20.202374262],[-99.047192008,20.202012637],[-99.047364315,20.202012591],[-99.047728101,20.202175145],[-99.048120592,20.202337699],[-99.049058776,20.20270793],[-99.049479999,20.202879507],[-99.050316705,20.203006924],[-99.050427677,20.203023821],[-99.050619147,20.203050883],[-99.050954177,20.203123071],[-99.05174873,20.203330675],[-99.0522178,20.203448006],[-99.05264856,20.203447885],[-99.053031439,20.203492963],[-99.053270794,20.203592284],[-99.053749492,20.203899374],[-99.054544193,20.204513622],[-99.055088816,20.204955305],[-99.05508996,20.204956232],[-99.055363954,20.205151399],[-99.055559124,20.205290425],[-99.055670108,20.205351295],[-99.055970799,20.205516219],[-99.056317578,20.205666343],[-99.056554809,20.205769044],[-99.056698423,20.205832253],[-99.056861146,20.205850279],[-99.057215316,20.205832085],[-99.057636455,20.205732563],[-99.057885299,20.205660176],[-99.05836385,20.205461219],[-99.058784899,20.205153837],[-99.058963439,20.204989503],[-99.058998527,20.204957205],[-99.059011639,20.204945138],[-99.059158093,20.204810335],[-99.059436648,20.204622938],[-99.059694068,20.204620375],[-99.059914225,20.204638376],[-99.06042961,20.204820068],[-99.060463098,20.204831874],[-99.060484316,20.204839344],[-99.060734178,20.204927404],[-99.060938594,20.204999476],[-99.061244947,20.205107822],[-99.061503449,20.205234228],[-99.061752346,20.205306437],[-99.061941126,20.205315424],[-99.06231712,20.205333345],[-99.062537285,20.20532423],[-99.062948808,20.205143363],[-99.063245504,20.205043857],[-99.063503945,20.204989533],[-99.063693156,20.204984134],[-99.064145267,20.204971232],[-99.064432425,20.204953054],[-99.064614299,20.204925884],[-99.064930148,20.204853473],[-99.065379994,20.204753901],[-99.065715055,20.204853193],[-99.066375608,20.205006545],[-99.066739359,20.205051592],[-99.067323286,20.205078486],[-99.067955055,20.205087272],[-99.068049208,20.205087224],[-99.068165637,20.205087194],[-99.068567667,20.205077993],[-99.068596408,20.205123164],[-99.068711268,20.205114086],[-99.068988886,20.205168202],[-99.069256903,20.205168099],[-99.069308117,20.205163805],[-99.069582345,20.205140838],[-99.070029427,20.205102304],[-99.070214089,20.205086378],[-99.07096073,20.205086085],[-99.072128531,20.205094638],[-99.072275806,20.205094574],[-99.072310408,20.205094572],[-99.072381653,20.205109485],[-99.07239657,20.205112606],[-99.072913469,20.205103363],[-99.073564376,20.205094055],[-99.073727087,20.20507591],[-99.074301425,20.205075671],[-99.075411887,20.205255935],[-99.075913382,20.205329434],[-99.076046769,20.205332002],[-99.076165768,20.2052947],[-99.076603878,20.204957603],[-99.076991354,20.204669919],[-99.077058111,20.204636368],[-99.077122407,20.204604054],[-99.07720625,20.204605668],[-99.077209447,20.204606507],[-99.077501959,20.204683342],[-99.077700716,20.204723542],[-99.078120699,20.205010752],[-99.07818576,20.205082827],[-99.078724087,20.205679176],[-99.079279547,20.206296005],[-99.079317899,20.206338578],[-99.080246824,20.207160471],[-99.081041687,20.207837835],[-99.082267438,20.208768037],[-99.082851597,20.209228624],[-99.083055256,20.209343741],[-99.083264094,20.209461785],[-99.083639194,20.209673808],[-99.084510608,20.210166364],[-99.08327293,20.215026102],[-99.083168867,20.215434684],[-99.083143947,20.215512075],[-99.081654057,20.215093341],[-99.081495331,20.215048732],[-99.081390008,20.215003601],[-99.081326995,20.214988763],[-99.08123683,20.214967533],[-99.081049467,20.214916745],[-99.080837619,20.214859323],[-99.080537915,20.214778085],[-99.080216318,20.214729082],[-99.0795327,20.214624917],[-99.078480222,20.214468101],[-99.078491237,20.214545717],[-99.078556463,20.215004885],[-99.078698166,20.215944725],[-99.078748557,20.216278945],[-99.078825362,20.21673074],[-99.078854361,20.217281947],[-99.078844946,20.217607274],[-99.078894472,20.217861521],[-99.078950545,20.218149394],[-99.079016287,20.218573544],[-99.079171317,20.220882574],[-99.079306146,20.220932471],[-99.080415976,20.221341484],[-99.080579624,20.221401794],[-99.081920121,20.221898171],[-99.083346806,20.222394503],[-99.084773515,20.222936006],[-99.085951268,20.223369187],[-99.086544946,20.22361288],[-99.086650315,20.223739333],[-99.086727038,20.223974255],[-99.086734227,20.224336595],[-99.086735606,20.224406685],[-99.086736886,20.224471235],[-99.085339145,20.224417701],[-99.083539314,20.224355316],[-99.083461926,20.224351534],[-99.082993622,20.22432847],[-99.082658531,20.224310563],[-99.082431132,20.22432498],[-99.082371345,20.224328771],[-99.081586331,20.224365285],[-99.080791768,20.224392762],[-99.07966213,20.224420377],[-99.078781376,20.224429823],[-99.07858033,20.224411839],[-99.078101623,20.224348785],[-99.077211192,20.224105201],[-99.076311161,20.223852577],[-99.075583492,20.223645056],[-99.075492886,20.223708035],[-99.075076277,20.223997699],[-99.074923147,20.22409715],[-99.074537272,20.224285551],[-99.074348879,20.224377531],[-99.074100007,20.224467998],[-99.073161898,20.224631054],[-99.07291302,20.224685371],[-99.072731153,20.224766779],[-99.072453636,20.225010884],[-99.072434608,20.225272937],[-99.072501777,20.225580145],[-99.072473085,20.225643407],[-99.072377359,20.225661532],[-99.072252898,20.225652545],[-99.072109268,20.225616466],[-99.070998638,20.225354854],[-99.069466734,20.225030162],[-99.068049729,20.224705393],[-99.067082716,20.224479853],[-99.066240193,20.224299454],[-99.064995545,20.2240469],[-99.064066854,20.223875544],[-99.063703037,20.223785315],[-99.063387085,20.223713132],[-99.063090285,20.223640944],[-99.062994516,20.223568703],[-99.062937085,20.223577744],[-99.062209444,20.223424391],[-99.061994031,20.223383799],[-99.061778618,20.223343206],[-99.061146716,20.223198854],[-99.060007393,20.222946223],[-99.059385068,20.222783776],[-99.05860956,20.222576201],[-99.058418067,20.222513006],[-99.058197848,20.222404639],[-99.057970829,20.222308519],[-99.057728673,20.222205991],[-99.057383993,20.222052497],[-99.056895667,20.221844806],[-99.056627576,20.221709344],[-99.056397776,20.221591944],[-99.055976486,20.221384236],[-99.055717945,20.221212636],[-99.055708357,20.221194563],[-99.055650946,20.221248806],[-99.055526496,20.221284993],[-99.0555553,20.221483776],[-99.05574722,20.222784971],[-99.05419613,20.222161945],[-99.053362946,20.221872473],[-99.053286567,20.221845948],[-99.053238715,20.221882107],[-99.053167496,20.221852363],[-99.051984447,20.221358359],[-99.048623822,20.219967715],[-99.046230257,20.218983373],[-99.04651736,20.218721253],[-99.046766191,20.218477198],[-99.047005455,20.2182693],[-99.047292576,20.218043314],[-99.047665824,20.217690792],[-99.047972068,20.217419606],[-99.048364445,20.217058039],[-99.048766394,20.21669647],[-99.048938667,20.216551833],[-99.048775916,20.216524775],[-99.047655716,20.215946744],[-99.047291916,20.215838406],[-99.046344115,20.2155495],[-99.045769699,20.215396022],[-99.045271886,20.2153329],[-99.044927255,20.215296836],[-99.044735808,20.215342078],[-99.044563516,20.215405375],[-99.043749813,20.215369436],[-99.042869085,20.215297361],[-99.042112838,20.215261392],[-99.041950094,20.215252391],[-99.041586286,20.215098858],[-99.041193757,20.214927273],[-99.041126729,20.214900174],[-99.041072627,20.214896774],[-99.040983137,20.21489116],[-99.040957442,20.214846137],[-99.040916109,20.214773704],[-99.040858485,20.214105023],[-99.040839285,20.213879114],[-99.040839254,20.213761648],[-99.040867946,20.213626083],[-99.040963576,20.213273635],[-99.041049655,20.2129935],[-99.041116601,20.212767572],[-99.041145307,20.212713343],[-99.041269715,20.212559699],[-99.041355855,20.212487375],[-99.041537657,20.212234314],[-99.04156636,20.212152975],[-99.041547194,20.2120807],[-99.041432298,20.212017469],[-99.041403575,20.211954211],[-99.041393976,20.21188193],[-99.041872346,20.210887806],[-99.041929747,20.210779362],[-99.041527639,20.21055353],[-99.041613679,20.210110722],[-99.041670953,20.209505268],[-99.041712014,20.209166702]]]]},"properties":{"locality":"San Juan Tepa","municipality":null,"official_key":"130230014","CVE_ENT":"13","CVE_MUN":"023","CVE_LOC":"0014","ambito":"URBANO","geometry_kind":"locality","source":"INEGI Gaia — Servicio vectorial del Marco Geoestadístico"}},{"type":"Feature","geometry":{"type":"MultiPolygon","crs":{"type":"name","properties":{"name":"EPSG:6365"}},"coordinates":[[[[-99.102370235,20.226962777],[-99.102364805,20.226875057],[-99.103211436,20.225614548],[-99.105445916,20.222525746],[-99.105453516,20.221503208],[-99.105144806,20.221604836],[-99.105037096,20.221702547],[-99.105054195,20.221650115],[-99.105084058,20.221558268],[-99.105098975,20.221512437],[-99.105395376,20.220451318],[-99.105578207,20.219834597],[-99.105761797,20.219209598],[-99.106088146,20.218085338],[-99.106088248,20.218084975],[-99.106864772,20.218297435],[-99.107276515,20.216687623],[-99.108339629,20.216962246],[-99.108123109,20.217698911],[-99.1105206,20.218383596],[-99.111770106,20.218816585],[-99.111580603,20.219104435],[-99.111356739,20.219714197],[-99.110348236,20.222493767],[-99.111372849,20.223018193],[-99.111496246,20.222400883],[-99.112204381,20.222480066],[-99.112935925,20.220282688],[-99.114606326,20.220418117],[-99.114613277,20.220418088],[-99.115921435,20.220412578],[-99.116531256,20.220151428],[-99.117735545,20.219533947],[-99.118680256,20.218595687],[-99.118659349,20.218677527],[-99.118649746,20.218715117],[-99.118484255,20.219596768],[-99.118313557,20.220359707],[-99.118008796,20.221767747],[-99.117689116,20.223332878],[-99.117347426,20.225116887],[-99.117338125,20.225230087],[-99.117218435,20.225260857],[-99.116786205,20.225362567],[-99.115395886,20.225378308],[-99.113696955,20.225348708],[-99.113420916,20.225252658],[-99.113122326,20.225114178],[-99.112801345,20.225077597],[-99.111742926,20.225021637],[-99.111427007,20.224968308],[-99.111198226,20.224873147],[-99.110615133,20.22466524],[-99.110529126,20.226361888],[-99.106448556,20.225874808],[-99.106342316,20.226895426],[-99.105943856,20.227937948],[-99.104848526,20.227845438],[-99.102370235,20.226962777]]]]},"properties":{"locality":"La Cruz","municipality":null,"official_key":"130230015","CVE_ENT":"13","CVE_MUN":"023","CVE_LOC":"0015","ambito":"RURAL","geometry_kind":"locality","source":"INEGI Gaia — Servicio vectorial del Marco Geoestadístico"}},{"type":"Feature","geometry":{"type":"MultiPolygon","crs":{"type":"name","properties":{"name":"EPSG:6365"}},"coordinates":[[[[-99.044501,20.233889781],[-99.04392748,20.2338528],[-99.04303312,20.233893231],[-99.04225652,20.233920851],[-99.04183168,20.233939681],[-99.0414938,20.233907951],[-99.04094971,20.233617051],[-99.03977655,20.233332681],[-99.03974531,20.233316601],[-99.03971002,20.233298451],[-99.03851952,20.233012351],[-99.03784223,20.232839001],[-99.03777709,20.232829401],[-99.03776909,20.232783801],[-99.03738809,20.23201218],[-99.03714686,20.231499201],[-99.03684628,20.230903861],[-99.03654902,20.230402221],[-99.036467,20.230268141],[-99.03642434,20.230122911],[-99.03657948,20.22983312],[-99.03674263,20.229527911],[-99.03682038,20.229223151],[-99.03686698,20.229008091],[-99.03695155,20.228841481],[-99.0369432,20.228819831],[-99.03698706,20.228801551],[-99.0377066,20.228474461],[-99.03848428,20.228125021],[-99.0394526,20.227686781],[-99.04019008,20.227356921],[-99.04093577,20.227023621],[-99.04175023,20.226652511],[-99.04177708,20.226636981],[-99.04176194,20.226615461],[-99.04169818,20.226410651],[-99.04169817,20.226385261],[-99.04172652,20.226385051],[-99.04233043,20.226328631],[-99.04240077,20.226318851],[-99.04299895,20.226175951],[-99.04313534,20.226159851],[-99.04334454,20.226095911],[-99.04372477,20.225961381],[-99.04377054,20.226052681],[-99.04385283,20.226523681],[-99.04403234,20.227567111],[-99.04410085,20.228021801],[-99.04414683,20.228144421],[-99.04428615,20.22824649],[-99.04464014,20.228431321],[-99.04475138,20.228519481],[-99.04476797,20.228670281],[-99.04477205,20.228685861],[-99.0447782,20.228709351],[-99.04475329,20.229000371],[-99.04474014,20.229036661],[-99.04469294,20.229158081],[-99.04470965,20.229308771],[-99.04472635,20.229436281],[-99.04475658,20.229598251],[-99.04477252,20.229676081],[-99.04484523,20.22991558],[-99.04501043,20.230283681],[-99.04531548,20.230962261],[-99.0453682,20.231215261],[-99.04542212,20.231353681],[-99.04575638,20.231588381],[-99.04617235,20.232131141],[-99.04625028,20.232393221],[-99.04621172,20.232717491],[-99.04620858,20.232736371],[-99.04620558,20.232754481],[-99.04616114,20.23310012],[-99.04593205,20.233376981],[-99.04584285,20.233655981],[-99.04579606,20.234095431],[-99.04580108,20.234140381],[-99.04575452,20.234135431],[-99.04482922,20.233957801],[-99.044501,20.233889781]]]]},"properties":{"locality":"El Veinte [Colonia]","municipality":null,"official_key":"130230018","CVE_ENT":"13","CVE_MUN":"023","CVE_LOC":"0018","ambito":"RURAL","geometry_kind":"locality","source":"INEGI Gaia — Servicio vectorial del Marco Geoestadístico"}},{"type":"Feature","geometry":{"type":"MultiPolygon","crs":{"type":"name","properties":{"name":"EPSG:6365"}},"coordinates":[[[[-99.069236973,20.271790744],[-99.069132574,20.271558684],[-99.068864194,20.270758234],[-99.068636864,20.270119834],[-99.068565884,20.269933224],[-99.068413033,20.269303804],[-99.068389684,20.269185963],[-99.068360664,20.268954974],[-99.068238484,20.268336884],[-99.068234464,20.268312164],[-99.068227093,20.268267084],[-99.068168204,20.268021304],[-99.067912954,20.267788603],[-99.067895754,20.267752134],[-99.067873713,20.267705344],[-99.067811464,20.267206794],[-99.067782954,20.267053333],[-99.067772154,20.267013733],[-99.068308284,20.266792164],[-99.069171284,20.266475034],[-99.069425994,20.266381434],[-99.069407024,20.266340854],[-99.069374004,20.266272914],[-99.069241024,20.266108024],[-99.069220323,20.266078024],[-99.068980624,20.265730374],[-99.068730254,20.265378274],[-99.068725744,20.265338544],[-99.068729303,20.265336212],[-99.068772544,20.265307884],[-99.069617114,20.264865284],[-99.070345004,20.264479904],[-99.071181684,20.264033374],[-99.071222084,20.264007164],[-99.071276424,20.263971914],[-99.071623054,20.263791114],[-99.072395114,20.263386744],[-99.073098034,20.263019504],[-99.073407224,20.262951224],[-99.073922004,20.262794254],[-99.074450754,20.262551164],[-99.074541954,20.262495274],[-99.074585884,20.262470034],[-99.074604434,20.262515774],[-99.074711884,20.263160404],[-99.074795024,20.263647164],[-99.074957864,20.264626764],[-99.075099894,20.265483944],[-99.075122824,20.265524114],[-99.074843224,20.265714505],[-99.074924124,20.266123825],[-99.074936324,20.266184884],[-99.073096124,20.266362224],[-99.073234284,20.266985474],[-99.073436224,20.267939934],[-99.073604114,20.268689424],[-99.073171174,20.268809074],[-99.073404944,20.269281764],[-99.073640604,20.269830804],[-99.073825374,20.270455974],[-99.074014174,20.271480454],[-99.073966084,20.271504804],[-99.073769353,20.271588074],[-99.073224264,20.271784594],[-99.072794223,20.271754344],[-99.072177623,20.271733434],[-99.071592894,20.271851774],[-99.071463054,20.271891404],[-99.070641284,20.272216284],[-99.070519824,20.272258024],[-99.069720743,20.272773764],[-99.069684023,20.272799394],[-99.069663464,20.272753564],[-99.069236973,20.271790744]]]]},"properties":{"locality":"Emiliano Zapata [Colonia]","municipality":null,"official_key":"130230019","CVE_ENT":"13","CVE_MUN":"023","CVE_LOC":"0019","ambito":"RURAL","geometry_kind":"locality","source":"INEGI Gaia — Servicio vectorial del Marco Geoestadístico"}},{"type":"Feature","geometry":{"type":"MultiPolygon","crs":{"type":"name","properties":{"name":"EPSG:6365"}},"coordinates":[[[[-99.117033521,20.244103103],[-99.118772126,20.244124564],[-99.118775745,20.244155176],[-99.118828155,20.244559306],[-99.118873884,20.244853998],[-99.117112201,20.24484274],[-99.117073174,20.244579887],[-99.117033914,20.244141306],[-99.117033521,20.244103103]]]]},"properties":{"locality":"El Villano","municipality":null,"official_key":"130230024","CVE_ENT":"13","CVE_MUN":"023","CVE_LOC":"0024","ambito":"RURAL","geometry_kind":"locality","source":"INEGI Gaia — Servicio vectorial del Marco Geoestadístico"}},{"type":"Feature","geometry":{"type":"MultiPolygon","crs":{"type":"name","properties":{"name":"EPSG:6365"}},"coordinates":[[[[-99.047048992,20.244657497],[-99.050232714,20.24401699],[-99.050848259,20.243875838],[-99.051056107,20.243855479],[-99.05111027,20.244585296],[-99.051137673,20.244634915],[-99.050998913,20.244840805],[-99.050885369,20.24495132],[-99.050771824,20.245021573],[-99.050503817,20.245073535],[-99.050123942,20.245125325],[-99.049403188,20.245285265],[-99.04741127,20.245718106],[-99.044925485,20.246475789],[-99.044124751,20.245252485],[-99.047048992,20.244657497]]]]},"properties":{"locality":"Jagüey del Gontzudi","municipality":null,"official_key":"130230026","CVE_ENT":"13","CVE_MUN":"023","CVE_LOC":"0026","ambito":"RURAL","geometry_kind":"locality","source":"INEGI Gaia — Servicio vectorial del Marco Geoestadístico"}},{"type":"Feature","geometry":{"type":"MultiPolygon","crs":{"type":"name","properties":{"name":"EPSG:6365"}},"coordinates":[[[[-99.080683023,20.242477747],[-99.079859071,20.242422903],[-99.079708895,20.242409353],[-99.079663209,20.241573686],[-99.0810542,20.241646168],[-99.081054458,20.241759383],[-99.081043989,20.242008491],[-99.081033779,20.242501676],[-99.080683023,20.242477747]]]]},"properties":{"locality":"Las Coronas","municipality":null,"official_key":"130230028","CVE_ENT":"13","CVE_MUN":"023","CVE_LOC":"0028","ambito":"RURAL","geometry_kind":"locality","source":"INEGI Gaia — Servicio vectorial del Marco Geoestadístico"}},{"type":"Feature","geometry":{"type":"MultiPolygon","crs":{"type":"name","properties":{"name":"EPSG:6365"}},"coordinates":[[[[-99.086713854,20.223735346],[-99.086544946,20.22361288],[-99.085951268,20.223369187],[-99.084773515,20.222936006],[-99.083346806,20.222394503],[-99.081920121,20.221898171],[-99.080579624,20.221401794],[-99.080415976,20.221341484],[-99.080729037,20.218819834],[-99.080487347,20.214832235],[-99.081168026,20.214963936],[-99.081293227,20.215016546],[-99.083224157,20.215951305],[-99.083242128,20.215915011],[-99.083261551,20.215875787],[-99.083268206,20.215862345],[-99.083965438,20.212987994],[-99.085797372,20.213770144],[-99.085901966,20.213334057],[-99.087650872,20.213988867],[-99.088104696,20.212127456],[-99.088486027,20.212819675],[-99.088851496,20.213457916],[-99.089360267,20.213827776],[-99.089680346,20.214059835],[-99.089787227,20.214143675],[-99.090527927,20.214420396],[-99.091403956,20.214598626],[-99.091495696,20.214647745],[-99.091674997,20.214718436],[-99.091883455,20.214763566],[-99.092125237,20.214787036],[-99.092353636,20.214778435],[-99.092574777,20.214733936],[-99.092871157,20.214627205],[-99.093365146,20.214480435],[-99.093482796,20.214473715],[-99.093558085,20.214498106],[-99.094684747,20.215213675],[-99.094307175,20.216369036],[-99.093397556,20.219152505],[-99.093153805,20.219047316],[-99.093132261,20.219095632],[-99.093123953,20.21911496],[-99.093087826,20.219195285],[-99.093081838,20.219227281],[-99.092809347,20.220683335],[-99.092538266,20.221696535],[-99.091967776,20.221468775],[-99.091850156,20.221909376],[-99.088361437,20.221052945],[-99.087967856,20.221876795],[-99.087944925,20.221929905],[-99.087145495,20.223491625],[-99.086877836,20.223788875],[-99.086713854,20.223735346]]]]},"properties":{"locality":"Los Filtros","municipality":null,"official_key":"130230030","CVE_ENT":"13","CVE_MUN":"023","CVE_LOC":"0030","ambito":"RURAL","geometry_kind":"locality","source":"INEGI Gaia — Servicio vectorial del Marco Geoestadístico"}},{"type":"Feature","geometry":{"type":"MultiPolygon","crs":{"type":"name","properties":{"name":"EPSG:6365"}},"coordinates":[[[[-99.122494755,20.225067946],[-99.122593096,20.224361056],[-99.122849206,20.222933657],[-99.122860916,20.222868398],[-99.122636686,20.222732257],[-99.122426345,20.222644838],[-99.122369435,20.222653627],[-99.121908605,20.222935837],[-99.120362065,20.223868107],[-99.119737825,20.224162686],[-99.118448036,20.224815777],[-99.117842885,20.225104487],[-99.117331496,20.225310876],[-99.117332623,20.225297131],[-99.117336617,20.225248467],[-99.117338125,20.225230087],[-99.117347426,20.225116887],[-99.117689116,20.223332878],[-99.117759648,20.223057868],[-99.118658189,20.22271809],[-99.119621101,20.22224492],[-99.119777079,20.22139887],[-99.120637659,20.221006613],[-99.121372583,20.221190346],[-99.122614447,20.216589399],[-99.123205652,20.216425247],[-99.123473156,20.216247457],[-99.123769396,20.216308767],[-99.124814007,20.216524967],[-99.124818498,20.216524748],[-99.125763316,20.216734827],[-99.126440057,20.216747688],[-99.126760926,20.216752578],[-99.126197696,20.221730055],[-99.128198659,20.221776881],[-99.127960272,20.223841641],[-99.128217913,20.223852943],[-99.128464976,20.226342038],[-99.128494636,20.226556087],[-99.128659856,20.228298836],[-99.125244606,20.227908536],[-99.123883056,20.227773917],[-99.122913686,20.227657368],[-99.122536956,20.227612057],[-99.122385946,20.227599738],[-99.122449856,20.225717906],[-99.122494755,20.225067946]]]]},"properties":{"locality":"El Horno [Colonia]","municipality":null,"official_key":"130230037","CVE_ENT":"13","CVE_MUN":"023","CVE_LOC":"0037","ambito":"RURAL","geometry_kind":"locality","source":"INEGI Gaia — Servicio vectorial del Marco Geoestadístico"}},{"type":"Feature","geometry":{"type":"MultiPolygon","crs":{"type":"name","properties":{"name":"EPSG:6365"}},"coordinates":[[[[-99.080927264,20.257964551],[-99.081011848,20.257795449],[-99.081012315,20.257794515],[-99.081018695,20.257776004],[-99.081181265,20.257764624],[-99.081251464,20.257390074],[-99.081299371,20.257386829],[-99.081356479,20.257426804],[-99.081358382,20.25760003],[-99.081358382,20.257784676],[-99.081365996,20.257902697],[-99.081592522,20.257879854],[-99.081721964,20.258597499],[-99.081845696,20.259206641],[-99.081845696,20.259240905],[-99.081586306,20.259326149],[-99.081582884,20.259327304],[-99.081379854,20.259403604],[-99.081330006,20.25943995],[-99.081193854,20.259539225],[-99.081037624,20.259708995],[-99.081019835,20.259664945],[-99.080809903,20.258301116],[-99.080927264,20.257964551]]]]},"properties":{"locality":"Cuarta Demarcación (Barrio los Violines) [Colonia]","municipality":null,"official_key":"130230041","CVE_ENT":"13","CVE_MUN":"023","CVE_LOC":"0041","ambito":"RURAL","geometry_kind":"locality","source":"INEGI Gaia — Servicio vectorial del Marco Geoestadístico"}},{"type":"Feature","geometry":{"type":"MultiPolygon","crs":{"type":"name","properties":{"name":"EPSG:6365"}},"coordinates":[[[[-99.027075053,20.228287966],[-99.028152283,20.22776025],[-99.028656347,20.227522271],[-99.028886824,20.227702078],[-99.029048407,20.227928875],[-99.029175188,20.2281899],[-99.029568697,20.228096826],[-99.030038663,20.228047877],[-99.03017021,20.228249616],[-99.030290238,20.228324326],[-99.030496594,20.228375623],[-99.030676057,20.228351031],[-99.03089358,20.228335149],[-99.031014184,20.228307026],[-99.031056322,20.2282972],[-99.031172146,20.228202531],[-99.03138315,20.228001867],[-99.031573978,20.227720224],[-99.031721831,20.227457698],[-99.031845415,20.227265632],[-99.032066186,20.227018324],[-99.032689375,20.226505213],[-99.033336151,20.228354743],[-99.032891633,20.228540135],[-99.032693024,20.228624181],[-99.032541756,20.228703539],[-99.032418793,20.228803284],[-99.032310312,20.228952286],[-99.032210222,20.229117198],[-99.032135899,20.229301064],[-99.032051827,20.2294986],[-99.031810823,20.230073313],[-99.031686334,20.2302281],[-99.031535482,20.230341758],[-99.031357562,20.230440583],[-99.031209755,20.230494947],[-99.030956421,20.230550362],[-99.030386294,20.230675071],[-99.028249793,20.231038458],[-99.028077728,20.231054506],[-99.027259561,20.231130817],[-99.027211281,20.230516733],[-99.027123771,20.229247979],[-99.027075053,20.228287966]]]]},"properties":{"locality":"Barrio los Amigos","municipality":null,"official_key":"130230049","CVE_ENT":"13","CVE_MUN":"023","CVE_LOC":"0049","ambito":"RURAL","geometry_kind":"locality","source":"INEGI Gaia — Servicio vectorial del Marco Geoestadístico"}},{"type":"Feature","geometry":{"type":"MultiPolygon","crs":{"type":"name","properties":{"name":"EPSG:6365"}},"coordinates":[[[[-99.082846033,20.266316804],[-99.082356793,20.265000394],[-99.082305433,20.264768484],[-99.082283554,20.264452635],[-99.082342323,20.264193996],[-99.082449854,20.263962135],[-99.082612373,20.263666164],[-99.082793373,20.263443345],[-99.083020204,20.263254824],[-99.082763452,20.262737137],[-99.082298283,20.262723254],[-99.082108113,20.259403806],[-99.083374434,20.259056255],[-99.083542144,20.259019084],[-99.083777993,20.259001676],[-99.084226024,20.258994565],[-99.084413833,20.258979625],[-99.084547034,20.258932435],[-99.085039313,20.258694836],[-99.086398204,20.258047656],[-99.088240223,20.257433656],[-99.088289283,20.257422174],[-99.088512434,20.257384745],[-99.088758404,20.257379975],[-99.089203894,20.257428076],[-99.089967754,20.257558626],[-99.091276055,20.257769722],[-99.091287914,20.257771636],[-99.091344114,20.258407075],[-99.09134214,20.258585186],[-99.091291033,20.258588436],[-99.090571716,20.258608403],[-99.090553818,20.2586089],[-99.09051493,20.258609979],[-99.08988345,20.258627504],[-99.089877603,20.258520425],[-99.088505019,20.25854004],[-99.088447053,20.258538145],[-99.088472788,20.258856378],[-99.088683712,20.259348181],[-99.088771633,20.259786226],[-99.088876942,20.260681579],[-99.089075035,20.260779841],[-99.089210062,20.261118166],[-99.089343483,20.261744505],[-99.089478942,20.262253704],[-99.089466573,20.262829239],[-99.089475681,20.263549043],[-99.089578694,20.264479747],[-99.089753756,20.265351916],[-99.089601103,20.265533439],[-99.089418419,20.265750673],[-99.089264975,20.265854949],[-99.089077956,20.26598204],[-99.089138122,20.266552914],[-99.08913825,20.266554117],[-99.089143024,20.266596565],[-99.089104893,20.266590516],[-99.088920693,20.266511406],[-99.088834894,20.266439706],[-99.088790603,20.266404506],[-99.088726973,20.266404535],[-99.088678594,20.266438475],[-99.088585954,20.266519404],[-99.088127724,20.267006686],[-99.087567923,20.267511366],[-99.086188793,20.268449224],[-99.084828822,20.269322505],[-99.084669512,20.269386576],[-99.084584324,20.269401486],[-99.084391863,20.269412005],[-99.083873954,20.269420515],[-99.082846033,20.266316804]]]]},"properties":{"locality":"El Represo","municipality":null,"official_key":"130230052","CVE_ENT":"13","CVE_MUN":"023","CVE_LOC":"0052","ambito":"RURAL","geometry_kind":"locality","source":"INEGI Gaia — Servicio vectorial del Marco Geoestadístico"}},{"type":"Feature","geometry":{"type":"Polygon","coordinates":[[[-99.0978042,20.2560361],[-99.0977668,20.2560091],[-99.0976571,20.2560109],[-99.0962529,20.2560689],[-99.096238,20.2560161],[-99.0961837,20.2559248],[-99.096017,20.2557752],[-99.0959,20.2548926],[-99.0958367,20.2537708],[-99.0957393,20.252514],[-99.0956545,20.2516549],[-99.0955197,20.2516555],[-99.0948371,20.2515577],[-99.094149,20.2514781],[-99.0937419,20.2514051],[-99.0932943,20.2513114],[-99.0930392,20.251258],[-99.0930854,20.2502315],[-99.093091,20.2501078],[-99.0930956,20.2496485],[-99.0930982,20.2493821],[-99.0930997,20.2492327],[-99.0931194,20.2489891],[-99.0931159,20.2489536],[-99.0931434,20.2484996],[-99.0931518,20.2484481],[-99.093158,20.2483795],[-99.0931622,20.2481075],[-99.0931679,20.2479233],[-99.0944277,20.2480339],[-99.0955554,20.2481306],[-99.0961071,20.2481761],[-99.0961379,20.2481918],[-99.0961773,20.2482091],[-99.0968366,20.2483073],[-99.0973602,20.2483829],[-99.0976765,20.2484457],[-99.0978042,20.2484589],[-99.0978996,20.2484598],[-99.0981048,20.24844],[-99.0981033,20.2489168],[-99.0980988,20.2495538],[-99.0987043,20.2495448],[-99.0993932,20.2496889],[-99.1003743,20.2498576],[-99.101029,20.2499687],[-99.1011009,20.249982],[-99.1011301,20.2500355],[-99.1015103,20.2504186],[-99.1016891,20.2505918],[-99.1020217,20.2506231],[-99.1023037,20.2506245],[-99.1021929,20.2515568],[-99.1020931,20.2523957],[-99.102082,20.2524892],[-99.1019159,20.2536337],[-99.1017498,20.2547782],[-99.1017335,20.2548973],[-99.1019938,20.2550869],[-99.1024359,20.2553057],[-99.0997516,20.2569345],[-99.0984551,20.256912],[-99.0980043,20.2568627],[-99.0979029,20.2568421],[-99.0978703,20.256818],[-99.0978606,20.2567819],[-99.0978299,20.256176],[-99.0978217,20.2560855],[-99.0978042,20.2560361]]]},"properties":{"locality":"LOS CHAVARRIAS","official_key":"1302300010001","CVE_ENT":"13","CVE_MUN":"023","CVE_LOC":"0001","CVE_ASEN":"0001","settlement_type":"COLONIA","source":"INEGI DCAH 2025"}},{"type":"Feature","geometry":{"type":"Polygon","coordinates":[[[-99.085435,20.2451925],[-99.0815973,20.2449626],[-99.0812373,20.2449581],[-99.0812114,20.2449436],[-99.0812038,20.2449434],[-99.0812047,20.2448917],[-99.0812248,20.2437275],[-99.0811982,20.2436618],[-99.0811673,20.2436276],[-99.0811472,20.2435846],[-99.0811511,20.2434974],[-99.0811507,20.2434311],[-99.0811503,20.2433603],[-99.0811386,20.2431166],[-99.0811316,20.2430651],[-99.0810349,20.2429588],[-99.0810128,20.2428317],[-99.0809904,20.2427031],[-99.0810045,20.2425582],[-99.0824779,20.2426828],[-99.0829406,20.2427258],[-99.0839005,20.2428088],[-99.0839087,20.2428095],[-99.0855532,20.2429571],[-99.0856607,20.2429778],[-99.0856602,20.2433897],[-99.0856468,20.2440698],[-99.0856261,20.2452054],[-99.085435,20.2451925]]]},"properties":{"locality":"LAS CORONAS","official_key":"1302300010002","CVE_ENT":"13","CVE_MUN":"023","CVE_LOC":"0001","CVE_ASEN":"0002","settlement_type":"COLONIA","source":"INEGI DCAH 2025"}},{"type":"Feature","geometry":{"type":"Polygon","coordinates":[[[-99.087587,20.2347567],[-99.0875276,20.2334657],[-99.0876251,20.2334745],[-99.0876721,20.2334787],[-99.0878255,20.2334924],[-99.0882682,20.2335322],[-99.0885624,20.2335586],[-99.0891993,20.2336157],[-99.0895971,20.2336514],[-99.0896823,20.233659],[-99.0906319,20.2337442],[-99.0916666,20.2338371],[-99.0927014,20.2339299],[-99.092582,20.2354428],[-99.0925624,20.2357692],[-99.0925467,20.2360294],[-99.0925322,20.2362707],[-99.0925263,20.2363687],[-99.0925063,20.2367005],[-99.0924462,20.2376974],[-99.0924422,20.2377641],[-99.0924324,20.2379274],[-99.0924245,20.2380584],[-99.0924035,20.2383107],[-99.0923636,20.2390839],[-99.0922919,20.2403017],[-99.092301,20.2403607],[-99.0922559,20.240335],[-99.0911804,20.2402375],[-99.0901069,20.2401335],[-99.0900715,20.2401248],[-99.0889607,20.2400618],[-99.0878594,20.2399269],[-99.087834,20.2398098],[-99.0878318,20.2390576],[-99.0877699,20.2376379],[-99.0877428,20.2368441],[-99.0876746,20.2358132],[-99.087587,20.2347567]]]},"properties":{"locality":"EL FRESNO","official_key":"1302300010003","CVE_ENT":"13","CVE_MUN":"023","CVE_LOC":"0001","CVE_ASEN":"0003","settlement_type":"BARRIO","source":"INEGI DCAH 2025"}},{"type":"Feature","geometry":{"type":"Polygon","coordinates":[[[-99.092582,20.2354428],[-99.0927014,20.2339299],[-99.093749,20.2340856],[-99.0947966,20.2342412],[-99.0958441,20.2343969],[-99.0958443,20.2343969],[-99.0969241,20.2346853],[-99.0971736,20.234752],[-99.0971737,20.234752],[-99.0971738,20.234752],[-99.0973015,20.2347861],[-99.0985031,20.235107],[-99.0985032,20.2351071],[-99.0985033,20.2351071],[-99.0988896,20.235238],[-99.0988897,20.235238],[-99.0988898,20.2352381],[-99.0989686,20.2352648],[-99.0989687,20.2352648],[-99.0989689,20.2352648],[-99.0989801,20.235269],[-99.0990547,20.2352962],[-99.0990548,20.2352963],[-99.0990549,20.2352963],[-99.0994927,20.2354554],[-99.1000272,20.2356497],[-99.1001049,20.235678],[-99.1001068,20.2356787],[-99.1001563,20.2356966],[-99.1002024,20.2357134],[-99.100229,20.2357231],[-99.1003226,20.2357571],[-99.1003283,20.2357592],[-99.1003317,20.2357604],[-99.1003505,20.2357672],[-99.1003505,20.2357672],[-99.1003506,20.2357673],[-99.1003871,20.2357844],[-99.1012859,20.236207],[-99.1015365,20.2363248],[-99.1015829,20.2363467],[-99.1016068,20.2363579],[-99.1017217,20.2364119],[-99.1018446,20.2364697],[-99.1018743,20.2364837],[-99.1018762,20.2364846],[-99.1018964,20.236494],[-99.1019319,20.2365107],[-99.101932,20.2365108],[-99.1019344,20.2365125],[-99.102081,20.236618],[-99.1020951,20.2366281],[-99.1021645,20.236678],[-99.1021742,20.236685],[-99.1021755,20.2366859],[-99.1021771,20.2366871],[-99.1021771,20.2366871],[-99.1021771,20.2366873],[-99.1021725,20.2367071],[-99.1021512,20.2367994],[-99.1021052,20.2369986],[-99.101995,20.2375913],[-99.1019055,20.2380418],[-99.1019093,20.2381512],[-99.1018004,20.2386973],[-99.1017434,20.2389309],[-99.1017293,20.2390392],[-99.1017201,20.2394977],[-99.1017043,20.239656],[-99.1016753,20.2397061],[-99.1016318,20.2397585],[-99.1016005,20.2398178],[-99.1015812,20.2398793],[-99.1015861,20.2399545],[-99.101603,20.2400137],[-99.1016115,20.2402449],[-99.1016372,20.2411184],[-99.1016736,20.2416399],[-99.1013928,20.2416459],[-99.1002198,20.241673],[-99.0990469,20.2417002],[-99.098726,20.2417158],[-99.0980767,20.2417698],[-99.0974327,20.2418829],[-99.0963492,20.2420622],[-99.0955308,20.2423122],[-99.0950758,20.2424801],[-99.0948339,20.2425839],[-99.0948323,20.2416521],[-99.0938382,20.2416064],[-99.0934216,20.2415834],[-99.0934055,20.2415667],[-99.0934683,20.2405129],[-99.0934187,20.2404995],[-99.092301,20.2403607],[-99.0922919,20.2403017],[-99.0923636,20.2390839],[-99.0924035,20.2383107],[-99.0924245,20.2380584],[-99.0924324,20.2379274],[-99.0924422,20.2377641],[-99.0924462,20.2376974],[-99.0925063,20.2367005],[-99.0925263,20.2363687],[-99.0925322,20.2362707],[-99.0925467,20.2360294],[-99.0925624,20.2357692],[-99.092582,20.2354428]]]},"properties":{"locality":"LOS HERNÁNDEZ","official_key":"1302300010004","CVE_ENT":"13","CVE_MUN":"023","CVE_LOC":"0001","CVE_ASEN":"0004","settlement_type":"COLONIA","source":"INEGI DCAH 2025"}},{"type":"Feature","geometry":{"type":"Polygon","coordinates":[[[-99.0993932,20.2496889],[-99.0987043,20.2495448],[-99.0980988,20.2495538],[-99.0981033,20.2489168],[-99.0981048,20.24844],[-99.0981597,20.24843],[-99.0982421,20.2484157],[-99.0983997,20.2483808],[-99.0992732,20.2481651],[-99.1000014,20.247983],[-99.1001865,20.247946],[-99.1008775,20.2477783],[-99.1015031,20.2476225],[-99.1015044,20.2477146],[-99.1015001,20.2478097],[-99.1014042,20.2484675],[-99.1013727,20.2486838],[-99.1013421,20.2489434],[-99.1012625,20.2491201],[-99.1012208,20.2492178],[-99.1011008,20.2499371],[-99.1011009,20.249982],[-99.101029,20.2499687],[-99.1003743,20.2498576],[-99.0993932,20.2496889]]]},"properties":{"locality":"MAGISTERIO TEPATEPEC","official_key":"1302300010006","CVE_ENT":"13","CVE_MUN":"023","CVE_LOC":"0001","CVE_ASEN":"0006","settlement_type":"FRACCIONAMIENTO","source":"INEGI DCAH 2025"}},{"type":"Feature","geometry":{"type":"Polygon","coordinates":[[[-99.081722,20.2585975],[-99.0815925,20.2578799],[-99.081366,20.2579027],[-99.0813584,20.2577847],[-99.0813584,20.2576],[-99.0813565,20.2574268],[-99.0812994,20.2573868],[-99.0812515,20.2573901],[-99.0812232,20.2574061],[-99.0813144,20.2570555],[-99.081436,20.2567026],[-99.0817386,20.2563668],[-99.0819353,20.2561179],[-99.081977,20.2560035],[-99.082178,20.2554517],[-99.0822926,20.2551663],[-99.0806127,20.2552234],[-99.0798371,20.2501178],[-99.0813684,20.2485957],[-99.0816745,20.2482721],[-99.0821585,20.2482405],[-99.0825176,20.2482267],[-99.0829286,20.2481073],[-99.0832596,20.2481484],[-99.0838104,20.2482072],[-99.0847321,20.2482952],[-99.0852038,20.2483315],[-99.0854792,20.2483486],[-99.0855409,20.2483638],[-99.0855235,20.2484099],[-99.0855004,20.2487866],[-99.0854654,20.2493572],[-99.0854333,20.2498722],[-99.0857049,20.2502588],[-99.0856896,20.2503752],[-99.0856746,20.2505834],[-99.086316,20.2507166],[-99.0865102,20.2507385],[-99.0865729,20.2507681],[-99.0866226,20.250773],[-99.0865693,20.2509123],[-99.0865149,20.252008],[-99.0860202,20.2529958],[-99.0859681,20.2532559],[-99.0859903,20.253844],[-99.0860021,20.2549089],[-99.086021,20.2565754],[-99.0860924,20.25699],[-99.0862643,20.257729],[-99.0862892,20.2578799],[-99.0863399,20.2579436],[-99.0858367,20.2581797],[-99.0845913,20.2587701],[-99.0843162,20.2588764],[-99.0835728,20.2588956],[-99.0826009,20.2591561],[-99.0818344,20.2593616],[-99.0816291,20.2594167],[-99.0815829,20.2593273],[-99.0815863,20.2593261],[-99.0818457,20.2592409],[-99.0818457,20.2592066],[-99.081722,20.2585975]]]},"properties":{"locality":"LOS VIOLINES","official_key":"1302300010007","CVE_ENT":"13","CVE_MUN":"023","CVE_LOC":"0001","CVE_ASEN":"0007","settlement_type":"COLONIA","source":"INEGI DCAH 2025"}},{"type":"Feature","geometry":{"type":"Polygon","coordinates":[[[-99.0856261,20.2452054],[-99.0856468,20.2440698],[-99.0856602,20.2433897],[-99.0856607,20.2429778],[-99.0856792,20.2423252],[-99.0856889,20.2419588],[-99.085689,20.2419512],[-99.0857001,20.2412516],[-99.0857208,20.2407412],[-99.0857263,20.2406392],[-99.0857761,20.2400433],[-99.085814,20.2396855],[-99.085814,20.2396855],[-99.0858141,20.2396853],[-99.0858151,20.2396787],[-99.0858153,20.2396777],[-99.0858215,20.2396393],[-99.0858236,20.2396263],[-99.0858235,20.2396038],[-99.0858193,20.2388923],[-99.0858188,20.2388041],[-99.0858173,20.2385501],[-99.0858245,20.2384718],[-99.0858168,20.2384678],[-99.0857902,20.2374782],[-99.0857636,20.2364846],[-99.0857369,20.2354911],[-99.0857103,20.2344976],[-99.0857078,20.2344058],[-99.0856897,20.2337339],[-99.0856882,20.2336712],[-99.0856805,20.2333468],[-99.0856805,20.2333467],[-99.085683,20.2333469],[-99.0857246,20.2333496],[-99.0857284,20.2333498],[-99.0857397,20.2333506],[-99.085761,20.2333519],[-99.0857671,20.2333523],[-99.0860964,20.2333735],[-99.0861439,20.2333766],[-99.0863867,20.2333922],[-99.0866346,20.2334082],[-99.0867703,20.2334169],[-99.086781,20.2334176],[-99.0868993,20.2334252],[-99.08729,20.2334504],[-99.0872998,20.233451],[-99.087409,20.2334581],[-99.0875276,20.2334657],[-99.087587,20.2347567],[-99.0876746,20.2358132],[-99.0877428,20.2368441],[-99.0877699,20.2376379],[-99.0878318,20.2390576],[-99.087834,20.2398098],[-99.0878594,20.2399269],[-99.0889607,20.2400618],[-99.0889551,20.240727],[-99.0889544,20.2411064],[-99.0889643,20.2411486],[-99.0889608,20.2412202],[-99.0889611,20.2422344],[-99.0889448,20.2432754],[-99.0889509,20.2444048],[-99.0889635,20.2449879],[-99.0889589,20.2454104],[-99.0880468,20.2453814],[-99.0879181,20.2453737],[-99.086682,20.2452711],[-99.0856261,20.2452054]]]},"properties":{"locality":"I DEMARCACIÓN","official_key":"1302300010008","CVE_ENT":"13","CVE_MUN":"023","CVE_LOC":"0001","CVE_ASEN":"0008","settlement_type":"COLONIA","source":"INEGI DCAH 2025"}},{"type":"Feature","geometry":{"type":"Polygon","coordinates":[[[-99.0889448,20.2432754],[-99.0889611,20.2422344],[-99.0889608,20.2412202],[-99.0889643,20.2411486],[-99.0889544,20.2411064],[-99.0889551,20.240727],[-99.0889607,20.2400618],[-99.0900715,20.2401248],[-99.0901069,20.2401335],[-99.0911804,20.2402375],[-99.0922559,20.240335],[-99.092301,20.2403607],[-99.0934187,20.2404995],[-99.0934683,20.2405129],[-99.0934055,20.2415667],[-99.0934216,20.2415834],[-99.0938382,20.2416064],[-99.0948323,20.2416521],[-99.0948339,20.2425839],[-99.0950758,20.2424801],[-99.0955308,20.2423122],[-99.0963492,20.2420622],[-99.0974327,20.2418829],[-99.0980767,20.2417698],[-99.098726,20.2417158],[-99.0990469,20.2417002],[-99.0990505,20.2427112],[-99.0993782,20.2436708],[-99.0994228,20.2438015],[-99.0994694,20.2439379],[-99.0995727,20.2442405],[-99.0996484,20.2444623],[-99.0998183,20.2449598],[-99.0998883,20.2451646],[-99.0999155,20.2452468],[-99.100023,20.2455707],[-99.1001387,20.2459191],[-99.100254,20.2462666],[-99.100255,20.2463458],[-99.100255,20.246346],[-99.0990145,20.2462302],[-99.0983977,20.2461796],[-99.0973168,20.2460883],[-99.0962359,20.245997],[-99.094853,20.2458926],[-99.0945903,20.2458541],[-99.0941232,20.2458169],[-99.0932627,20.2457664],[-99.0928622,20.2457278],[-99.0922151,20.2456915],[-99.0915576,20.2456471],[-99.0910955,20.245614],[-99.0900333,20.2455012],[-99.0889589,20.2454104],[-99.0889635,20.2449879],[-99.0889509,20.2444048],[-99.0889448,20.2432754]]]},"properties":{"locality":"II DEMARCACIÓN","official_key":"1302300010009","CVE_ENT":"13","CVE_MUN":"023","CVE_LOC":"0001","CVE_ASEN":"0009","settlement_type":"COLONIA","source":"INEGI DCAH 2025"}},{"type":"Feature","geometry":{"type":"Polygon","coordinates":[[[-99.0905733,20.2507743],[-99.0903719,20.2507666],[-99.0902916,20.250785],[-99.0899118,20.2508173],[-99.0888121,20.2509215],[-99.0888303,20.2503617],[-99.0888463,20.2497995],[-99.0888906,20.2486461],[-99.0889004,20.2476274],[-99.0889092,20.247591],[-99.0889438,20.2465701],[-99.08894,20.2465124],[-99.0889589,20.2454104],[-99.0900333,20.2455012],[-99.0910955,20.245614],[-99.0915576,20.2456471],[-99.0922151,20.2456915],[-99.0928622,20.2457278],[-99.0932627,20.2457664],[-99.0941232,20.2458169],[-99.0945903,20.2458541],[-99.094853,20.2458926],[-99.0962359,20.245997],[-99.0973168,20.2460883],[-99.0983977,20.2461796],[-99.0990145,20.2462302],[-99.100255,20.246346],[-99.1003851,20.2463583],[-99.1004791,20.2463673],[-99.1018832,20.2465008],[-99.1018832,20.2466602],[-99.101883,20.2474416],[-99.101883,20.2475299],[-99.1018849,20.2475871],[-99.1018861,20.2476226],[-99.1015044,20.2477146],[-99.1015031,20.2476225],[-99.1008775,20.2477783],[-99.1001865,20.247946],[-99.1000014,20.247983],[-99.0992732,20.2481651],[-99.0983997,20.2483808],[-99.0982421,20.2484157],[-99.0981597,20.24843],[-99.0981048,20.24844],[-99.0978996,20.2484598],[-99.0978042,20.2484589],[-99.0976765,20.2484457],[-99.0973602,20.2483829],[-99.0968366,20.2483073],[-99.0961773,20.2482091],[-99.0961379,20.2481918],[-99.0961071,20.2481761],[-99.0955554,20.2481306],[-99.0944277,20.2480339],[-99.0931679,20.2479233],[-99.0931622,20.2481075],[-99.093158,20.2483795],[-99.0931518,20.2484481],[-99.0931434,20.2484996],[-99.0931159,20.2489536],[-99.0931194,20.2489891],[-99.0930997,20.2492327],[-99.0930982,20.2493821],[-99.0930956,20.2496485],[-99.093091,20.2501078],[-99.0930854,20.2502315],[-99.0930392,20.251258],[-99.0921043,20.2510212],[-99.0920397,20.2509871],[-99.0910818,20.2508481],[-99.0905733,20.2507743]]]},"properties":{"locality":"III DEMARCACIÓN","official_key":"1302300010010","CVE_ENT":"13","CVE_MUN":"023","CVE_LOC":"0001","CVE_ASEN":"0010","settlement_type":"COLONIA","source":"INEGI DCAH 2025"}},{"type":"Feature","geometry":{"type":"Polygon","coordinates":[[[-99.0832596,20.2481484],[-99.0829286,20.2481073],[-99.0825176,20.2482267],[-99.0821585,20.2482405],[-99.0816745,20.2482721],[-99.0814846,20.2470451],[-99.0813419,20.2460466],[-99.0811992,20.2450481],[-99.0811997,20.2450134],[-99.0812038,20.2449434],[-99.0812114,20.2449436],[-99.0812373,20.2449581],[-99.0815973,20.2449626],[-99.085435,20.2451925],[-99.0856261,20.2452054],[-99.086682,20.2452711],[-99.0879181,20.2453737],[-99.0880468,20.2453814],[-99.0889589,20.2454104],[-99.08894,20.2465124],[-99.0889438,20.2465701],[-99.0889092,20.247591],[-99.0889004,20.2476274],[-99.0888906,20.2486461],[-99.0888463,20.2497995],[-99.0888303,20.2503617],[-99.0888121,20.2509215],[-99.0882454,20.2509434],[-99.0877148,20.2509245],[-99.0867689,20.2508222],[-99.0866226,20.250773],[-99.0865729,20.2507681],[-99.0865102,20.2507385],[-99.086316,20.2507166],[-99.0856746,20.2505834],[-99.0856896,20.2503752],[-99.0857049,20.2502588],[-99.0854333,20.2498722],[-99.0854654,20.2493572],[-99.0855004,20.2487866],[-99.0855235,20.2484099],[-99.0855409,20.2483638],[-99.0854792,20.2483486],[-99.0852038,20.2483315],[-99.0847321,20.2482952],[-99.0838104,20.2482072],[-99.0832596,20.2481484]]]},"properties":{"locality":"IV DEMARCACIÓN","official_key":"1302300010011","CVE_ENT":"13","CVE_MUN":"023","CVE_LOC":"0001","CVE_ASEN":"0011","settlement_type":"COLONIA","source":"INEGI DCAH 2025"}},{"type":"Feature","geometry":{"type":"Polygon","coordinates":[[[-99.0966733,20.2569711],[-99.0966383,20.2568688],[-99.0963165,20.2565256],[-99.0962545,20.2564197],[-99.0962529,20.2560689],[-99.0976571,20.2560109],[-99.0977668,20.2560091],[-99.0978042,20.2560361],[-99.0978217,20.2560855],[-99.0978299,20.256176],[-99.0978606,20.2567819],[-99.0978703,20.256818],[-99.0979029,20.2568421],[-99.0980043,20.2568627],[-99.0984551,20.256912],[-99.0997516,20.2569345],[-99.1024359,20.2553057],[-99.1024368,20.2553894],[-99.1024311,20.2555918],[-99.1024274,20.2558131],[-99.1024645,20.2559257],[-99.1025675,20.2560616],[-99.1028338,20.2564757],[-99.1028548,20.2565912],[-99.1028549,20.2567405],[-99.1028319,20.2572518],[-99.1026776,20.2577025],[-99.1026045,20.2580307],[-99.1025662,20.2585266],[-99.1025926,20.2587016],[-99.1028713,20.2592897],[-99.1028904,20.2596141],[-99.1029143,20.2600206],[-99.1029162,20.2600706],[-99.1029024,20.2601827],[-99.1011624,20.25969],[-99.0997525,20.2593069],[-99.0988207,20.259236],[-99.097875,20.2591263],[-99.0972146,20.2587515],[-99.0967662,20.2586512],[-99.0967628,20.2585832],[-99.0967442,20.2584281],[-99.0967173,20.257963],[-99.0966733,20.2569711]]]},"properties":{"locality":"SAN JOSÉ BOXAY","official_key":"1302300010013","CVE_ENT":"13","CVE_MUN":"023","CVE_LOC":"0001","CVE_ASEN":"0013","settlement_type":"COLONIA","source":"INEGI DCAH 2025"}},{"type":"Feature","geometry":{"type":"Polygon","coordinates":[[[-99.0845595,20.2388557],[-99.0833479,20.2379605],[-99.0829229,20.2383777],[-99.0829362,20.2384575],[-99.0827455,20.2386566],[-99.0824763,20.2387864],[-99.0822093,20.2387971],[-99.0815483,20.2385947],[-99.080836,20.2385749],[-99.0805193,20.2385109],[-99.08006,20.2383494],[-99.0785578,20.2380043],[-99.0779222,20.2376252],[-99.0761766,20.2365247],[-99.0770686,20.2366582],[-99.0781859,20.2367918],[-99.0782148,20.2361208],[-99.0787456,20.2361268],[-99.0787465,20.2353798],[-99.0797483,20.2353791],[-99.0797395,20.2349417],[-99.0797392,20.2343657],[-99.0797473,20.2338679],[-99.0800566,20.2337531],[-99.0815845,20.2356309],[-99.0831044,20.2375792],[-99.0842662,20.2376479],[-99.0842717,20.2384348],[-99.0858169,20.2384717],[-99.0858172,20.2385314],[-99.0858173,20.2385501],[-99.0858188,20.2388041],[-99.0858193,20.2388923],[-99.0858235,20.2396038],[-99.0858236,20.2396263],[-99.0858215,20.2396393],[-99.0858153,20.2396777],[-99.0858151,20.2396787],[-99.0858141,20.2396853],[-99.085814,20.2396855],[-99.085814,20.2396855],[-99.085814,20.2396855],[-99.0858139,20.2396855],[-99.0845595,20.2388557]]]},"properties":{"locality":"ARAMBÓ","official_key":"1302300020001","CVE_ENT":"13","CVE_MUN":"023","CVE_LOC":"0002","CVE_ASEN":"0001","settlement_type":"COLONIA","source":"INEGI DCAH 2025"}},{"type":"Feature","geometry":{"type":"Polygon","coordinates":[[[-99.1316984,20.230297],[-99.1316956,20.2302324],[-99.131694,20.2301969],[-99.1319573,20.2301973],[-99.1322548,20.2302174],[-99.132444,20.2302671],[-99.1324518,20.2302372],[-99.1324741,20.2301514],[-99.132679,20.2287711],[-99.1318848,20.2286819],[-99.1296369,20.2284129],[-99.1286599,20.2282988],[-99.1286416,20.2278604],[-99.1312631,20.2278039],[-99.1321858,20.2275673],[-99.1319551,20.2263993],[-99.1327845,20.2261292],[-99.1341181,20.2253859],[-99.1339638,20.2247048],[-99.133757,20.2245908],[-99.133636,20.2240339],[-99.1335687,20.2234769],[-99.1331277,20.2235848],[-99.1328381,20.2235798],[-99.1322426,20.2236604],[-99.1317705,20.2239171],[-99.1312851,20.223688],[-99.1309337,20.2235697],[-99.1306279,20.2235395],[-99.1299574,20.2235949],[-99.1290058,20.2237167],[-99.1284714,20.2236972],[-99.1284574,20.223114],[-99.1284995,20.223019],[-99.1287501,20.2229346],[-99.128876,20.2221688],[-99.1290712,20.2217279],[-99.1301833,20.2217355],[-99.1312139,20.2217134],[-99.1321404,20.2217153],[-99.1333311,20.2216461],[-99.1337639,20.2204863],[-99.1337644,20.2204849],[-99.1337848,20.2204305],[-99.1348089,20.2221345],[-99.1348441,20.2222973],[-99.1349734,20.222569],[-99.1349757,20.2225738],[-99.1350353,20.2226992],[-99.1351466,20.2228527],[-99.1353448,20.2231807],[-99.1361823,20.2247513],[-99.1364424,20.2261516],[-99.1366604,20.2275019],[-99.1370529,20.2278081],[-99.1370433,20.2279539],[-99.1369941,20.2281138],[-99.1369222,20.2281912],[-99.1367864,20.2284083],[-99.1367467,20.2286279],[-99.136773,20.2289014],[-99.1367261,20.2291333],[-99.1364298,20.2294323],[-99.1364217,20.2296288],[-99.1364158,20.2297714],[-99.1364152,20.2297865],[-99.1363231,20.2298869],[-99.136168,20.2299036],[-99.136038,20.2299173],[-99.1359121,20.2299853],[-99.1358292,20.2300887],[-99.1356666,20.2303972],[-99.1354305,20.2305935],[-99.1353693,20.2306987],[-99.1342349,20.2314068],[-99.1339203,20.2315573],[-99.1330226,20.2319503],[-99.1318096,20.2325955],[-99.1317618,20.2326214],[-99.1317343,20.2313195],[-99.1317013,20.2307887],[-99.1316984,20.230297]]]},"properties":{"locality":"DOCTOR JOSÉ G. PARRES","official_key":"1302300060001","CVE_ENT":"13","CVE_MUN":"023","CVE_LOC":"0006","CVE_ASEN":"0001","settlement_type":"PUEBLO","source":"INEGI DCAH 2025"}},{"type":"Feature","geometry":{"type":"Polygon","coordinates":[[[-99.086764,20.2244301],[-99.0867587,20.2238973],[-99.0867139,20.2237353],[-99.0868778,20.2237889],[-99.0871455,20.2234916],[-99.0879449,20.2219299],[-99.0879679,20.2218768],[-99.0883614,20.2210529],[-99.0918502,20.2219094],[-99.0919678,20.2214688],[-99.0925383,20.2216965],[-99.0928093,20.2206833],[-99.0930818,20.2192273],[-99.0930878,20.2191953],[-99.093124,20.219115],[-99.0931323,20.2190956],[-99.0931538,20.2190473],[-99.0933976,20.2191525],[-99.0943072,20.216369],[-99.0946847,20.2152137],[-99.0962035,20.2163545],[-99.0969825,20.2168351],[-99.0977271,20.2174516],[-99.0989747,20.2149838],[-99.1003115,20.2152465],[-99.1004658,20.2149259],[-99.1014509,20.2152292],[-99.1009027,20.216573],[-99.1019026,20.216807],[-99.1010625,20.218989],[-99.1002991,20.2207781],[-99.1012652,20.2208068],[-99.101314,20.2206895],[-99.101619,20.2198932],[-99.1026207,20.2196597],[-99.1022214,20.2207255],[-99.103102,20.2207277],[-99.1034249,20.219942],[-99.1042975,20.2197487],[-99.1048489,20.2182065],[-99.105033,20.2181089],[-99.1055083,20.2180291],[-99.1058875,20.2180707],[-99.1060882,20.218085],[-99.1060881,20.2180853],[-99.1057618,20.2192096],[-99.1055782,20.2198346],[-99.1053954,20.2204513],[-99.105099,20.2215124],[-99.1050841,20.2215583],[-99.1050542,20.2216501],[-99.1050371,20.2217025],[-99.1051448,20.2216048],[-99.1054535,20.2215032],[-99.1054459,20.2225257],[-99.1032114,20.2256145],[-99.1023648,20.2268751],[-99.1023702,20.2269628],[-99.1020679,20.2271687],[-99.1008293,20.228012],[-99.1007502,20.2280659],[-99.1006985,20.2282041],[-99.1004818,20.2281333],[-99.0991849,20.2277421],[-99.0989523,20.2276769],[-99.0982756,20.2274829],[-99.0970291,20.2271182],[-99.0962812,20.2269089],[-99.0948761,20.2264889],[-99.0932225,20.2260385],[-99.0932341,20.2259641],[-99.0908943,20.2251995],[-99.0883131,20.2245909],[-99.0880692,20.2265145],[-99.0886354,20.2266714],[-99.0892179,20.2267708],[-99.0890819,20.2277509],[-99.0879755,20.2275886],[-99.0880782,20.2266437],[-99.0876467,20.2265956],[-99.0873105,20.2266119],[-99.0871966,20.2273651],[-99.0869579,20.2267031],[-99.0868501,20.2258158],[-99.0868087,20.2245705],[-99.086764,20.2244301]]]},"properties":{"locality":"LÁZARO CÁRDENAS (EL MEXE)","official_key":"1302300080001","CVE_ENT":"13","CVE_MUN":"023","CVE_LOC":"0008","CVE_ASEN":"0001","settlement_type":"COLONIA","source":"INEGI DCAH 2025"}},{"type":"Feature","geometry":{"type":"Polygon","coordinates":[[[-99.0968734,20.2665973],[-99.0961629,20.2665695],[-99.0945116,20.2665947],[-99.0944571,20.2662593],[-99.0941751,20.265894],[-99.093771,20.2655263],[-99.093714,20.265338],[-99.0936508,20.2647321],[-99.0936555,20.2630909],[-99.0936871,20.2623284],[-99.0942222,20.2608557],[-99.0950716,20.2610879],[-99.0951098,20.2607286],[-99.0951216,20.2601818],[-99.0960674,20.2601854],[-99.0960727,20.2599408],[-99.0961114,20.2586064],[-99.0968261,20.2588022],[-99.0968169,20.2600701],[-99.0968375,20.2608644],[-99.0968148,20.2612325],[-99.0968148,20.2618414],[-99.0968392,20.2623642],[-99.096935,20.2632959],[-99.0970268,20.2647929],[-99.0979413,20.2648344],[-99.0980481,20.2656677],[-99.0982627,20.2662857],[-99.0984712,20.2665899],[-99.0986408,20.2669459],[-99.0983117,20.2669101],[-99.0968734,20.2665973]]]},"properties":{"locality":"EL GACHUZ","official_key":"1302300090001","CVE_ENT":"13","CVE_MUN":"023","CVE_LOC":"0009","CVE_ASEN":"0001","settlement_type":"BARRIO","source":"INEGI DCAH 2025"}},{"type":"Feature","geometry":{"type":"Polygon","coordinates":[[[-99.0913101,20.2614652],[-99.0913823,20.2599397],[-99.0905586,20.2599491],[-99.0906493,20.2587601],[-99.0913403,20.2587525],[-99.0913421,20.2585852],[-99.0913441,20.2584071],[-99.0912879,20.2577716],[-99.0921435,20.2578711],[-99.0928324,20.2580944],[-99.0931275,20.2581512],[-99.0934433,20.2581782],[-99.0939773,20.2581981],[-99.0949301,20.2582829],[-99.0961114,20.2586064],[-99.0960727,20.2599408],[-99.0960674,20.2601854],[-99.0951216,20.2601818],[-99.0951098,20.2607286],[-99.0950716,20.2610879],[-99.0942222,20.2608557],[-99.0936871,20.2623284],[-99.0936555,20.2630909],[-99.0936508,20.2647321],[-99.093714,20.265338],[-99.093771,20.2655263],[-99.0941751,20.265894],[-99.0944571,20.2662593],[-99.0945116,20.2665947],[-99.0941456,20.2666003],[-99.0925275,20.2665871],[-99.092283,20.2665924],[-99.092234,20.2665935],[-99.0920947,20.2665965],[-99.0910017,20.2666525],[-99.0899441,20.2667109],[-99.0899441,20.26671],[-99.0899442,20.26668],[-99.0899445,20.2664366],[-99.0899458,20.2655953],[-99.0899459,20.2655798],[-99.089946,20.2654952],[-99.0900075,20.2652344],[-99.089955,20.2649571],[-99.0899308,20.264683],[-99.089917,20.2645262],[-99.0899247,20.2643988],[-99.0899271,20.2643587],[-99.0899378,20.2641474],[-99.0901625,20.2636739],[-99.0901868,20.2636228],[-99.0902448,20.2634297],[-99.0902658,20.2633598],[-99.0902307,20.2632161],[-99.0900747,20.2629992],[-99.0900416,20.2628874],[-99.0900506,20.2627545],[-99.0901222,20.2627],[-99.0906623,20.2626816],[-99.0907449,20.2625643],[-99.0907523,20.2625244],[-99.0908107,20.2622128],[-99.0908133,20.2621988],[-99.0908967,20.2620012],[-99.0910574,20.2617928],[-99.091195,20.2616144],[-99.0913101,20.2614652]]]},"properties":{"locality":"LA MORA","official_key":"1302300090002","CVE_ENT":"13","CVE_MUN":"023","CVE_LOC":"0009","CVE_ASEN":"0002","settlement_type":"COLONIA","source":"INEGI DCAH 2025"}},{"type":"Feature","geometry":{"type":"Polygon","coordinates":[[[-99.0899441,20.2667109],[-99.0910017,20.2666525],[-99.0920947,20.2665965],[-99.092234,20.2665935],[-99.092283,20.2665924],[-99.0925275,20.2665871],[-99.0941456,20.2666003],[-99.0945116,20.2665947],[-99.0961629,20.2665695],[-99.096117,20.2675713],[-99.0960838,20.2683827],[-99.0962769,20.2693338],[-99.0959117,20.2700553],[-99.0910216,20.2720562],[-99.0901444,20.2704433],[-99.0900218,20.2696375],[-99.0899428,20.2692492],[-99.0898706,20.2690069],[-99.0894163,20.2679328],[-99.0888629,20.266615],[-99.0888128,20.2665258],[-99.0887906,20.2664045],[-99.0888349,20.2664397],[-99.0889207,20.2665114],[-99.0891049,20.2665905],[-99.0891895,20.2666061],[-99.0899441,20.2667109]]]},"properties":{"locality":"EL PALMAR","official_key":"1302300090003","CVE_ENT":"13","CVE_MUN":"023","CVE_LOC":"0009","CVE_ASEN":"0003","settlement_type":"BARRIO","source":"INEGI DCAH 2025"}},{"type":"Feature","geometry":{"type":"MultiPolygon","coordinates":[[[[-99.0370783,20.2493669],[-99.0370969,20.2482072],[-99.0353632,20.2485357],[-99.0353746,20.2480152],[-99.0350759,20.2479086],[-99.0353403,20.2474689],[-99.0354489,20.2470301],[-99.035939,20.246954],[-99.035764,20.2451941],[-99.0356115,20.2451911],[-99.0356042,20.2432041],[-99.0361384,20.2430633],[-99.0393684,20.242212],[-99.0394519,20.241225],[-99.0409425,20.2404958],[-99.0411159,20.2407381],[-99.0416473,20.2414808],[-99.0422979,20.2425645],[-99.0426203,20.2431209],[-99.0432134,20.2439739],[-99.044131,20.2453457],[-99.044919,20.2465461],[-99.0449252,20.2465556],[-99.0448699,20.2465718],[-99.0442153,20.2467637],[-99.043623,20.2469614],[-99.0427913,20.2472357],[-99.0423637,20.2475069],[-99.0414696,20.2477932],[-99.040708,20.2481189],[-99.039671,20.2485926],[-99.0390851,20.2488551],[-99.0385851,20.2490128],[-99.038373,20.2490697],[-99.0381174,20.2491406],[-99.0378796,20.2492065],[-99.0375725,20.2492642],[-99.0372391,20.2493399],[-99.0370783,20.2493669]]],[[[-99.0388516,20.2534598],[-99.0393747,20.2527728],[-99.0393639,20.2536385],[-99.0394471,20.2543204],[-99.039439,20.2543909],[-99.0400398,20.2557874],[-99.0400962,20.2561573],[-99.0404559,20.2573282],[-99.0396968,20.2576804],[-99.038573,20.2581183],[-99.0374223,20.2586945],[-99.0371162,20.2587542],[-99.0369902,20.25811],[-99.0368748,20.2577879],[-99.0370465,20.2574256],[-99.0372852,20.2566078],[-99.0377278,20.2555333],[-99.0379075,20.2551282],[-99.0382589,20.2544664],[-99.0388516,20.2534598]]]]},"properties":{"locality":"EL ROSARIO","official_key":"1302300110001","CVE_ENT":"13","CVE_MUN":"023","CVE_LOC":"0011","CVE_ASEN":"0001","settlement_type":"COLONIA","source":"INEGI DCAH 2025"}},{"type":"Feature","geometry":{"type":"Polygon","coordinates":[[[-99.021474,20.2359853],[-99.0215228,20.2359273],[-99.0212881,20.2358588],[-99.0211686,20.235824],[-99.0211099,20.2358068],[-99.0206414,20.2356701],[-99.0194127,20.2353604],[-99.0193593,20.235347],[-99.0191439,20.2352929],[-99.0189028,20.2352323],[-99.0186319,20.2351337],[-99.0180354,20.2349167],[-99.0175732,20.2344706],[-99.0175315,20.2344304],[-99.0183628,20.2343183],[-99.0196829,20.2341304],[-99.0198193,20.234111],[-99.0201004,20.2340721],[-99.0211077,20.233933],[-99.0211749,20.2339135],[-99.0214073,20.2338463],[-99.0216497,20.233733],[-99.021883,20.2335664],[-99.0220688,20.2334019],[-99.0220711,20.2333995],[-99.022398,20.2330664],[-99.0224063,20.2330579],[-99.0228053,20.2326246],[-99.0234028,20.2320244],[-99.0234903,20.2319254],[-99.0238666,20.2316934],[-99.023931,20.2316538],[-99.0239709,20.2316295],[-99.0240116,20.2316049],[-99.0243084,20.2315179],[-99.0247904,20.2314758],[-99.0251812,20.2314417],[-99.0261151,20.2313864],[-99.0268088,20.2313376],[-99.0271176,20.2313159],[-99.0271632,20.2313127],[-99.0272395,20.2313074],[-99.0273566,20.2312987],[-99.028154,20.2312395],[-99.0283434,20.2312051],[-99.0286135,20.2311561],[-99.0286747,20.231145],[-99.0287711,20.2311276],[-99.0288691,20.2311098],[-99.030015,20.2308863],[-99.0302365,20.2308406],[-99.0303583,20.2308154],[-99.0312993,20.2306208],[-99.0314225,20.2305682],[-99.0314697,20.2305403],[-99.0316044,20.2304603],[-99.0318421,20.2302362],[-99.0319623,20.2299927],[-99.0321221,20.2295942],[-99.0322183,20.2293417],[-99.0323437,20.2291129],[-99.032578,20.2288604],[-99.0327506,20.2287751],[-99.0329059,20.2286977],[-99.0329754,20.228663],[-99.0331621,20.2286003],[-99.033404,20.228519],[-99.0334111,20.2285439],[-99.033578,20.2291317],[-99.0336527,20.2293037],[-99.0337798,20.2296784],[-99.0339658,20.2300851],[-99.0341739,20.2304787],[-99.0341855,20.2305005],[-99.0344365,20.2309144],[-99.034793,20.2315045],[-99.0350415,20.2317408],[-99.0352185,20.2320221],[-99.0358232,20.2327877],[-99.0359029,20.2328402],[-99.0360632,20.2331067],[-99.0362302,20.2333884],[-99.0364469,20.2337216],[-99.0364973,20.2338086],[-99.0366988,20.2341561],[-99.0367867,20.2342918],[-99.0369979,20.2346175],[-99.0372784,20.2350502],[-99.0374895,20.2353023],[-99.0374994,20.2353141],[-99.0378303,20.2357755],[-99.0380528,20.2361294],[-99.0383342,20.2365439],[-99.0385016,20.2367247],[-99.0386909,20.2370728],[-99.0388395,20.2372731],[-99.0388789,20.237336],[-99.0358247,20.2375386],[-99.0353123,20.2379955],[-99.0352241,20.2380148],[-99.0351307,20.238007],[-99.0349187,20.2378835],[-99.0348287,20.2378778],[-99.0345465,20.2379706],[-99.0341338,20.2381519],[-99.0340355,20.2383579],[-99.0340565,20.2386964],[-99.0339678,20.2387168],[-99.0338714,20.2387472],[-99.0333668,20.2388812],[-99.033313,20.2388821],[-99.0276066,20.2393394],[-99.0275176,20.2392746],[-99.0270318,20.239019],[-99.0264564,20.2387629],[-99.0231512,20.2392092],[-99.0222155,20.2374087],[-99.0215852,20.2362137],[-99.021474,20.2359853]]]},"properties":{"locality":"LOS AMIGOS","official_key":"1302300120001","CVE_ENT":"13","CVE_MUN":"023","CVE_LOC":"0012","CVE_ASEN":"0001","settlement_type":"BARRIO","source":"INEGI DCAH 2025"}},{"type":"Feature","geometry":{"type":"Polygon","coordinates":[[[-99.0328418,20.2462646],[-99.0325025,20.244335],[-99.033313,20.2388821],[-99.0333668,20.2388812],[-99.0338714,20.2387472],[-99.0339678,20.2387168],[-99.0340565,20.2386964],[-99.0340355,20.2383579],[-99.0341338,20.2381519],[-99.0345465,20.2379706],[-99.0348287,20.2378778],[-99.0349187,20.2378835],[-99.0351307,20.238007],[-99.0352241,20.2380148],[-99.0353123,20.2379955],[-99.0358247,20.2375386],[-99.0388789,20.237336],[-99.0391343,20.2377438],[-99.0394132,20.238094],[-99.0402989,20.2393634],[-99.0409425,20.2404958],[-99.0394519,20.241225],[-99.0393684,20.242212],[-99.0361384,20.2430633],[-99.0356042,20.2432041],[-99.0356115,20.2451911],[-99.035764,20.2451941],[-99.035939,20.246954],[-99.0354489,20.2470301],[-99.0352962,20.247051],[-99.0347436,20.2471603],[-99.0328418,20.2462646]]]},"properties":{"locality":"ARBOLITO","official_key":"1302300120002","CVE_ENT":"13","CVE_MUN":"023","CVE_LOC":"0012","CVE_ASEN":"0002","settlement_type":"BARRIO","source":"INEGI DCAH 2025"}},{"type":"Feature","geometry":{"type":"Polygon","coordinates":[[[-99.0131967,20.2552664],[-99.0133114,20.2552143],[-99.0143645,20.2547092],[-99.0206751,20.2528374],[-99.0209087,20.2524269],[-99.0209497,20.2524434],[-99.021117,20.2526208],[-99.0227873,20.2524477],[-99.0228261,20.2524437],[-99.023737,20.2523467],[-99.0245635,20.2522883],[-99.0254456,20.2528633],[-99.0298025,20.2557939],[-99.0297495,20.25634],[-99.0292964,20.2610147],[-99.0286178,20.2612296],[-99.0276082,20.2615261],[-99.0261848,20.2619289],[-99.025203,20.2622002],[-99.0244037,20.2624123],[-99.023656,20.2626108],[-99.0236544,20.2626112],[-99.0234991,20.2626383],[-99.0225521,20.2628654],[-99.020961,20.2630953],[-99.0194125,20.2633137],[-99.0182792,20.2635268],[-99.0172729,20.2637222],[-99.0172713,20.2637225],[-99.0159188,20.26397],[-99.0147713,20.2641833],[-99.013492,20.2643881],[-99.0133883,20.2644046],[-99.0133868,20.2644049],[-99.0133868,20.2644046],[-99.0133866,20.2642241],[-99.0133866,20.2641896],[-99.0133864,20.2640781],[-99.0133722,20.262706],[-99.0132939,20.2592222],[-99.0132932,20.2591479],[-99.0132929,20.2591251],[-99.0132927,20.2591011],[-99.0132855,20.2584102],[-99.0132835,20.2583361],[-99.0132827,20.2583039],[-99.0132818,20.25827],[-99.0132252,20.2561087],[-99.0131967,20.2552664]]]},"properties":{"locality":"EL BOJAY","official_key":"1302300120003","CVE_ENT":"13","CVE_MUN":"023","CVE_LOC":"0012","CVE_ASEN":"0003","settlement_type":"BARRIO","source":"INEGI DCAH 2025"}},{"type":"Feature","geometry":{"type":"Polygon","coordinates":[[[-99.0194985,20.2477049],[-99.014175,20.2425917],[-99.0140007,20.242689],[-99.0138103,20.2428451],[-99.0133102,20.2430128],[-99.0132971,20.2429984],[-99.0129631,20.2426444],[-99.0128934,20.2425713],[-99.0128926,20.2422815],[-99.014073,20.242011],[-99.0143617,20.2419448],[-99.0143614,20.2419432],[-99.0143604,20.2419386],[-99.0143416,20.2418527],[-99.0142186,20.2412909],[-99.0142065,20.2412597],[-99.0155169,20.240936],[-99.0160785,20.2407418],[-99.0167649,20.2406123],[-99.0167069,20.2403086],[-99.0166526,20.2400239],[-99.0171262,20.239863],[-99.0171575,20.2398523],[-99.0171941,20.2398399],[-99.0173819,20.2397761],[-99.017451,20.2397598],[-99.0177347,20.2396929],[-99.0178056,20.2396832],[-99.017982,20.2396592],[-99.0179829,20.2396591],[-99.0179835,20.2396592],[-99.0181277,20.2396925],[-99.018129,20.2396928],[-99.0181292,20.2396926],[-99.0191124,20.2385977],[-99.0191119,20.2385973],[-99.0189906,20.2384928],[-99.0189452,20.2384122],[-99.01888,20.2382964],[-99.0187838,20.2381256],[-99.0192571,20.2377627],[-99.0190985,20.2376822],[-99.0187939,20.2372432],[-99.0187982,20.2372412],[-99.0194938,20.2369279],[-99.0203691,20.2365418],[-99.0207721,20.2363586],[-99.0211381,20.2361639],[-99.0211643,20.23615],[-99.0211999,20.236131],[-99.0212447,20.2361072],[-99.021474,20.2359853],[-99.0215852,20.2362137],[-99.0222155,20.2374087],[-99.0231512,20.2392092],[-99.0264564,20.2387629],[-99.0270318,20.239019],[-99.0275176,20.2392746],[-99.0276066,20.2393394],[-99.027751,20.2394884],[-99.02784,20.2396365],[-99.0278726,20.2397705],[-99.0280467,20.2400441],[-99.0281339,20.2401904],[-99.0248333,20.2445159],[-99.0248298,20.2445274],[-99.0245629,20.2455087],[-99.0246172,20.2459327],[-99.0245446,20.2459316],[-99.0242595,20.2465869],[-99.0239211,20.2472895],[-99.0235008,20.2480576],[-99.0231083,20.2487378],[-99.0227132,20.2494926],[-99.0226501,20.2495766],[-99.0216486,20.2497699],[-99.0194985,20.2477049]]]},"properties":{"locality":"CENTRO","official_key":"1302300120004","CVE_ENT":"13","CVE_MUN":"023","CVE_LOC":"0012","CVE_ASEN":"0004","settlement_type":"COLONIA","source":"INEGI DCAH 2025"}},{"type":"Feature","geometry":{"type":"Polygon","coordinates":[[[-99.0287396,20.2472064],[-99.0285023,20.2469081],[-99.0283574,20.2449644],[-99.0325025,20.244335],[-99.0328418,20.2462646],[-99.0347436,20.2471603],[-99.0339879,20.2473241],[-99.0331343,20.2475054],[-99.0328449,20.2475613],[-99.0327846,20.247573],[-99.032631,20.2476065],[-99.0324504,20.2476471],[-99.0322542,20.2476872],[-99.0320028,20.2477406],[-99.0317346,20.2477879],[-99.0314796,20.2478345],[-99.031261,20.2478748],[-99.0310208,20.2479177],[-99.0309436,20.247932],[-99.0309004,20.247979],[-99.0295779,20.2482603],[-99.0288707,20.2483981],[-99.0287396,20.2472064]]]},"properties":{"locality":"CIENTÍFICOS","official_key":"1302300120005","CVE_ENT":"13","CVE_MUN":"023","CVE_LOC":"0012","CVE_ASEN":"0005","settlement_type":"BARRIO","source":"INEGI DCAH 2025"}},{"type":"Feature","geometry":{"type":"Polygon","coordinates":[[[-99.0209087,20.2524269],[-99.0209489,20.2524017],[-99.020986,20.2523355],[-99.0217703,20.2509365],[-99.0225825,20.2496665],[-99.0226501,20.2495766],[-99.0232713,20.2494655],[-99.0242867,20.2492746],[-99.02523,20.2490913],[-99.028003,20.2485672],[-99.0288707,20.2483981],[-99.0295779,20.2482603],[-99.0309004,20.247979],[-99.0309436,20.247932],[-99.0309519,20.2479855],[-99.0310522,20.2486368],[-99.0311361,20.2493614],[-99.0311443,20.2494934],[-99.0311443,20.2494935],[-99.0311924,20.2502712],[-99.0312186,20.2507024],[-99.0311944,20.2507775],[-99.0309751,20.2508536],[-99.0302947,20.2510349],[-99.0299076,20.2511268],[-99.0289767,20.2521182],[-99.0254456,20.2528633],[-99.0245635,20.2522883],[-99.023737,20.2523467],[-99.0228261,20.2524437],[-99.0227873,20.2524477],[-99.021117,20.2526208],[-99.0209497,20.2524434],[-99.0209087,20.2524269]]]},"properties":{"locality":"EL MEZQUITE","official_key":"1302300120006","CVE_ENT":"13","CVE_MUN":"023","CVE_LOC":"0012","CVE_ASEN":"0006","settlement_type":"BARRIO","source":"INEGI DCAH 2025"}},{"type":"Feature","geometry":{"type":"Polygon","coordinates":[[[-99.0130786,20.2512466],[-99.0130866,20.2511267],[-99.0130899,20.2510771],[-99.0130936,20.2510219],[-99.0131039,20.2508682],[-99.0131035,20.2497627],[-99.0130318,20.2470331],[-99.013008,20.2460894],[-99.0129425,20.2443929],[-99.0129239,20.2438006],[-99.0129019,20.2431029],[-99.0129,20.2429836],[-99.0128993,20.2429412],[-99.012899,20.2429233],[-99.0128985,20.2428921],[-99.012898,20.2428591],[-99.0128934,20.2425713],[-99.0129631,20.2426444],[-99.0132971,20.2429984],[-99.0133102,20.2430128],[-99.0138103,20.2428451],[-99.0140007,20.242689],[-99.014175,20.2425917],[-99.0194985,20.2477049],[-99.0216486,20.2497699],[-99.0226501,20.2495766],[-99.0225825,20.2496665],[-99.0217703,20.2509365],[-99.020986,20.2523355],[-99.0209489,20.2524017],[-99.0209087,20.2524269],[-99.0206751,20.2528374],[-99.0143645,20.2547092],[-99.0133114,20.2552143],[-99.0131967,20.2552664],[-99.0131803,20.2547125],[-99.0131705,20.2540705],[-99.0131402,20.2531291],[-99.0131098,20.2521877],[-99.0130786,20.2512466]]]},"properties":{"locality":"EL MORO","official_key":"1302300120007","CVE_ENT":"13","CVE_MUN":"023","CVE_LOC":"0012","CVE_ASEN":"0007","settlement_type":"BARRIO","source":"INEGI DCAH 2025"}},{"type":"Feature","geometry":{"type":"Polygon","coordinates":[[[-99.033313,20.2388821],[-99.0325025,20.244335],[-99.0283574,20.2449644],[-99.0248333,20.2445159],[-99.0281339,20.2401904],[-99.0280467,20.2400441],[-99.0278726,20.2397705],[-99.02784,20.2396365],[-99.027751,20.2394884],[-99.0276066,20.2393394],[-99.033313,20.2388821]]]},"properties":{"locality":"EL NAZARETH","official_key":"1302300120008","CVE_ENT":"13","CVE_MUN":"023","CVE_LOC":"0012","CVE_ASEN":"0008","settlement_type":"BARRIO","source":"INEGI DCAH 2025"}},{"type":"Feature","geometry":{"type":"Polygon","coordinates":[[[-99.0329811,20.2522073],[-99.0310852,20.2513024],[-99.0311337,20.251078],[-99.0311944,20.2507775],[-99.0312186,20.2507024],[-99.0311924,20.2502712],[-99.0311443,20.2494935],[-99.0311443,20.2494934],[-99.0311361,20.2493614],[-99.0310522,20.2486368],[-99.0309519,20.2479855],[-99.0309436,20.247932],[-99.0310208,20.2479177],[-99.031261,20.2478748],[-99.0314796,20.2478345],[-99.0317346,20.2477879],[-99.0320028,20.2477406],[-99.0322542,20.2476872],[-99.0324504,20.2476471],[-99.032631,20.2476065],[-99.0327846,20.247573],[-99.0328449,20.2475613],[-99.0331343,20.2475054],[-99.0339879,20.2473241],[-99.0347436,20.2471603],[-99.0352962,20.247051],[-99.0354489,20.2470301],[-99.0353403,20.2474689],[-99.0350759,20.2479086],[-99.0353746,20.2480152],[-99.0353632,20.2485357],[-99.0370969,20.2482072],[-99.0370783,20.2493669],[-99.0372391,20.2493399],[-99.0375725,20.2492642],[-99.0378796,20.2492065],[-99.0381174,20.2491406],[-99.0381722,20.2491281],[-99.0382565,20.249109],[-99.0382847,20.2491026],[-99.0383408,20.2490899],[-99.0383679,20.2492442],[-99.0383775,20.2492989],[-99.0384123,20.249497],[-99.0384406,20.2496577],[-99.0384539,20.2497335],[-99.0384732,20.2498432],[-99.0384924,20.249953],[-99.0385089,20.2500466],[-99.0385771,20.250435],[-99.0385861,20.250486],[-99.0386087,20.2506149],[-99.0386056,20.2506159],[-99.0385879,20.2506215],[-99.0378149,20.2508654],[-99.0376118,20.2509295],[-99.0376231,20.2510047],[-99.0376387,20.2511083],[-99.0376623,20.2512657],[-99.0376732,20.2513381],[-99.0377005,20.2515192],[-99.0377501,20.2518491],[-99.0377756,20.2520183],[-99.0376484,20.252049],[-99.0375788,20.2520658],[-99.0372681,20.2521409],[-99.037011,20.252203],[-99.0368768,20.2522355],[-99.0367509,20.2522013],[-99.0366045,20.2522155],[-99.0365277,20.2522229],[-99.0365364,20.252245],[-99.0365764,20.2523461],[-99.036619,20.2524541],[-99.036644,20.2525172],[-99.0366591,20.2525557],[-99.036692,20.2526387],[-99.0367128,20.2526916],[-99.03681,20.2529376],[-99.0368597,20.2530635],[-99.0369107,20.2531925],[-99.0369483,20.2532879],[-99.0370163,20.2534572],[-99.037022,20.2534714],[-99.0370373,20.2535093],[-99.0370766,20.2536072],[-99.0371075,20.2536841],[-99.0371667,20.2538316],[-99.0371719,20.2538446],[-99.0371775,20.2538585],[-99.0371943,20.2539003],[-99.0371294,20.2539253],[-99.0370974,20.2539376],[-99.0369976,20.253976],[-99.0369794,20.2539831],[-99.0369174,20.2540069],[-99.0369046,20.2540119],[-99.0369011,20.2540132],[-99.0368638,20.2540276],[-99.0368417,20.2540361],[-99.0338172,20.2525857],[-99.0329811,20.2522073]]]},"properties":{"locality":"LA PALMA","official_key":"1302300120009","CVE_ENT":"13","CVE_MUN":"023","CVE_LOC":"0012","CVE_ASEN":"0009","settlement_type":"BARRIO","source":"INEGI DCAH 2025"}},{"type":"Feature","geometry":{"type":"Polygon","coordinates":[[[-99.0248333,20.2445159],[-99.0283574,20.2449644],[-99.0285023,20.2469081],[-99.0287396,20.2472064],[-99.0288707,20.2483981],[-99.028003,20.2485672],[-99.02523,20.2490913],[-99.0242867,20.2492746],[-99.0232713,20.2494655],[-99.0226501,20.2495766],[-99.0227132,20.2494926],[-99.0231083,20.2487378],[-99.0235008,20.2480576],[-99.0239211,20.2472895],[-99.0242595,20.2465869],[-99.0245446,20.2459316],[-99.0246172,20.2459327],[-99.0245629,20.2455087],[-99.0248298,20.2445274],[-99.0248333,20.2445159]]]},"properties":{"locality":"PENSADORES","official_key":"1302300120010","CVE_ENT":"13","CVE_MUN":"023","CVE_LOC":"0012","CVE_ASEN":"0010","settlement_type":"BARRIO","source":"INEGI DCAH 2025"}},{"type":"Feature","geometry":{"type":"Polygon","coordinates":[[[-99.0254456,20.2528633],[-99.0289767,20.2521182],[-99.0299076,20.2511268],[-99.0302947,20.2510349],[-99.0309751,20.2508536],[-99.0311944,20.2507775],[-99.0311337,20.251078],[-99.0310852,20.2513024],[-99.0329811,20.2522073],[-99.0338172,20.2525857],[-99.0368417,20.2540361],[-99.0369423,20.254086],[-99.0369657,20.2544809],[-99.0369942,20.2559693],[-99.0364336,20.2563603],[-99.0360439,20.2566322],[-99.0360821,20.2569785],[-99.0361634,20.2569463],[-99.0364971,20.2568143],[-99.0369029,20.2566538],[-99.036766,20.2569935],[-99.0365211,20.2576014],[-99.0360648,20.2584659],[-99.035649,20.2588025],[-99.0355442,20.2589444],[-99.0353634,20.2591544],[-99.035363,20.2591549],[-99.0350765,20.2592706],[-99.03396,20.2594968],[-99.0334537,20.2596129],[-99.0326015,20.259829],[-99.0323954,20.2598814],[-99.0323941,20.2598817],[-99.0314847,20.2602106],[-99.0309882,20.2604063],[-99.030471,20.2606826],[-99.030468,20.2606842],[-99.0300545,20.2608409],[-99.0292964,20.2610147],[-99.0297495,20.25634],[-99.0298025,20.2557939],[-99.0254456,20.2528633]]]},"properties":{"locality":"LOS VILLAS","official_key":"1302300120012","CVE_ENT":"13","CVE_MUN":"023","CVE_LOC":"0012","CVE_ASEN":"0012","settlement_type":"BARRIO","source":"INEGI DCAH 2025"}},{"type":"Feature","geometry":{"type":"MultiPolygon","coordinates":[[[[-99.1028959,20.259281],[-99.1026186,20.2586926],[-99.1025893,20.2585169],[-99.1026303,20.2580306],[-99.102706,20.2577009],[-99.1028603,20.2572623],[-99.1028778,20.2565643],[-99.1028448,20.2564413],[-99.1027212,20.2562758],[-99.1026278,20.2561276],[-99.102502,20.2559477],[-99.1024602,20.2558773],[-99.1024519,20.2557907],[-99.1024573,20.2553141],[-99.1048151,20.2562471],[-99.1047993,20.2563092],[-99.1045057,20.2574664],[-99.1043168,20.2582486],[-99.1041593,20.2587453],[-99.1039483,20.2591261],[-99.1052743,20.2592744],[-99.1053236,20.2592213],[-99.1055777,20.2592712],[-99.1055087,20.259773],[-99.1062779,20.2599818],[-99.1063589,20.2606879],[-99.1036505,20.2602457],[-99.1029162,20.2600651],[-99.1029035,20.2596343],[-99.1028959,20.259281]]],[[[-99.0968148,20.2612325],[-99.0968375,20.2608644],[-99.0968169,20.2600701],[-99.0968261,20.2588022],[-99.0971969,20.2588885],[-99.0977992,20.2592792],[-99.0998911,20.2594623],[-99.1000017,20.2594771],[-99.1029158,20.260268],[-99.1037822,20.2604763],[-99.1056688,20.2608133],[-99.1055101,20.2614268],[-99.104966,20.2613176],[-99.1048635,20.2617604],[-99.1048402,20.2620575],[-99.1047849,20.2626891],[-99.1047744,20.2631105],[-99.1047947,20.2645898],[-99.1040443,20.2654779],[-99.1035674,20.2660577],[-99.1014553,20.2683212],[-99.1018557,20.2687545],[-99.1014377,20.2694061],[-99.1010733,20.2701784],[-99.1009508,20.2701702],[-99.1008633,20.2699469],[-99.1005191,20.2696127],[-99.0994936,20.2690117],[-99.0986228,20.2689169],[-99.0986408,20.2669459],[-99.0984712,20.2665899],[-99.0982627,20.2662857],[-99.0980481,20.2656677],[-99.0979413,20.2648344],[-99.0970268,20.2647929],[-99.096935,20.2632959],[-99.0968392,20.2623642],[-99.0968148,20.2618414],[-99.0968148,20.2612325]]]]},"properties":{"locality":"SAN JOSÉ BOXAY","official_key":"1302300130001","CVE_ENT":"13","CVE_MUN":"023","CVE_LOC":"0013","CVE_ASEN":"0001","settlement_type":"PUEBLO","source":"INEGI DCAH 2025"}},{"type":"Feature","geometry":{"type":"Polygon","coordinates":[[[-99.0754569,20.2194758],[-99.0752342,20.2180518],[-99.0762108,20.2183225],[-99.0771299,20.2184305],[-99.0772543,20.2184304],[-99.0780202,20.2184932],[-99.0780907,20.218499],[-99.0790163,20.2185735],[-99.0791713,20.2208826],[-99.0782892,20.2205535],[-99.0775807,20.2202647],[-99.0768339,20.2199849],[-99.0754569,20.2194758]]]},"properties":{"locality":"LA CAMPANA","official_key":"1302300140001","CVE_ENT":"13","CVE_MUN":"023","CVE_LOC":"0014","CVE_ASEN":"0001","settlement_type":"COLONIA","source":"INEGI DCAH 2025"}},{"type":"Feature","geometry":{"type":"Polygon","coordinates":[[[-99.0630903,20.2236409],[-99.0629945,20.2235687],[-99.0629371,20.2235777],[-99.0622094,20.2234244],[-99.061994,20.2233838],[-99.0617786,20.2233432],[-99.0611467,20.2231989],[-99.0600074,20.2229462],[-99.0593851,20.2227838],[-99.0586096,20.2225762],[-99.0584181,20.222513],[-99.0581978,20.2224046],[-99.0579708,20.2223085],[-99.0577287,20.222206],[-99.057384,20.2220525],[-99.0568957,20.2218448],[-99.0566276,20.2217093],[-99.0563978,20.2215919],[-99.0559765,20.2213842],[-99.0557179,20.2212126],[-99.0557084,20.2211946],[-99.0556509,20.2212488],[-99.0555265,20.221285],[-99.0555553,20.2214838],[-99.0557472,20.222785],[-99.0541961,20.2221619],[-99.0533629,20.2218725],[-99.0532866,20.2218459],[-99.0540084,20.2211526],[-99.0541077,20.2211952],[-99.054835,20.2204811],[-99.0556989,20.2196347],[-99.0566915,20.2186461],[-99.0574284,20.217932],[-99.0576868,20.217697],[-99.0579739,20.2175523],[-99.0584526,20.2175069],[-99.0584503,20.2174042],[-99.0584457,20.2173081],[-99.0587433,20.2172951],[-99.0591029,20.2169243],[-99.0598849,20.2160209],[-99.0601729,20.2157357],[-99.0606415,20.215229],[-99.0607951,20.2151004],[-99.0616914,20.2145011],[-99.061712,20.2138305],[-99.0617124,20.2137965],[-99.0617507,20.2137989],[-99.0618802,20.2134718],[-99.0619564,20.2134019],[-99.0621453,20.212963],[-99.0622269,20.2128208],[-99.0622594,20.2126649],[-99.0623048,20.2124196],[-99.0623227,20.2122018],[-99.0623256,20.2120448],[-99.0623699,20.2116823],[-99.0624243,20.2111075],[-99.0624953,20.2108422],[-99.0625725,20.2104928],[-99.0626132,20.2100749],[-99.0626201,20.2100102],[-99.0622979,20.2099692],[-99.0618001,20.2099332],[-99.0613597,20.2098792],[-99.0607184,20.2098975],[-99.0601153,20.2098706],[-99.05983,20.2098547],[-99.0598384,20.2098168],[-99.0599179,20.2095024],[-99.0598556,20.2094912],[-99.0598342,20.2094538],[-99.059826,20.2094421],[-99.0598845,20.2090037],[-99.0599275,20.2086522],[-99.0599914,20.2080794],[-99.0600416,20.2076068],[-99.060139,20.2066927],[-99.0602473,20.2061699],[-99.0603144,20.2058906],[-99.0603877,20.2055368],[-99.0604704,20.2048345],[-99.0604843,20.2048393],[-99.0607342,20.2049274],[-99.0609386,20.2049995],[-99.0612449,20.2051078],[-99.0615034,20.2052342],[-99.0617523,20.2053064],[-99.0619411,20.2053154],[-99.0623171,20.2053333],[-99.0625373,20.2053242],[-99.0629488,20.2051434],[-99.0632455,20.2050439],[-99.0635039,20.2049895],[-99.0636932,20.2049841],[-99.0641453,20.2049712],[-99.0644324,20.2049531],[-99.0646143,20.2049259],[-99.0649301,20.2048535],[-99.064864,20.2055166],[-99.0645081,20.2074363],[-99.0644422,20.2078482],[-99.0644688,20.2080676],[-99.0645531,20.2081658],[-99.0649787,20.2082081],[-99.0647967,20.2091392],[-99.0646342,20.2102248],[-99.0646241,20.2102846],[-99.0653708,20.2103928],[-99.0663281,20.2105551],[-99.0666919,20.2106002],[-99.0671477,20.2106038],[-99.0674482,20.2106089],[-99.0682331,20.2105815],[-99.0686256,20.2105633],[-99.068683,20.2105454],[-99.0690084,20.2104005],[-99.0693242,20.2102648],[-99.0696496,20.2100478],[-99.0698889,20.2100206],[-99.0701857,20.2100837],[-99.0705399,20.2102462],[-99.0707984,20.2104088],[-99.0711623,20.2106617],[-99.0712485,20.2107791],[-99.0713445,20.2112128],[-99.0714403,20.2115561],[-99.0716415,20.2117729],[-99.0717591,20.2118703],[-99.0719642,20.2120106],[-99.0722801,20.2121942],[-99.0724032,20.2123413],[-99.0725587,20.2125883],[-99.0726755,20.2127138],[-99.0726588,20.2128168],[-99.0726424,20.2134033],[-99.0727013,20.213978],[-99.0727112,20.2140551],[-99.0729369,20.2158044],[-99.0730934,20.2170772],[-99.073153,20.2176046],[-99.0732022,20.2180598],[-99.0732371,20.2182407],[-99.0732722,20.218586],[-99.0732912,20.218658],[-99.0754569,20.2194758],[-99.0768339,20.2199849],[-99.0772112,20.2241052],[-99.0763112,20.2238526],[-99.0755835,20.2236451],[-99.0754929,20.223708],[-99.0750763,20.2239977],[-99.0749231,20.2240972],[-99.0745373,20.2242856],[-99.0743489,20.2243775],[-99.0741,20.224468],[-99.0731619,20.2246311],[-99.072913,20.2246854],[-99.0727312,20.2247668],[-99.0724536,20.2250109],[-99.0724346,20.2252729],[-99.0725018,20.2255801],[-99.0724731,20.2256434],[-99.0723774,20.2256615],[-99.0722529,20.2256525],[-99.0721093,20.2256165],[-99.0709986,20.2253549],[-99.0694667,20.2250302],[-99.0680497,20.2247054],[-99.0670827,20.2244799],[-99.0662402,20.2242995],[-99.0649955,20.2240469],[-99.0640669,20.2238755],[-99.063703,20.2237853],[-99.0633871,20.2237131],[-99.0630903,20.2236409]]]},"properties":{"locality":"CENTRO","official_key":"1302300140002","CVE_ENT":"13","CVE_MUN":"023","CVE_LOC":"0014","CVE_ASEN":"0002","settlement_type":"COLONIA","source":"INEGI DCAH 2025"}},{"type":"Feature","geometry":{"type":"Polygon","coordinates":[[[-99.0701857,20.2100837],[-99.0698889,20.2100206],[-99.0696496,20.2100478],[-99.0693242,20.2102648],[-99.0690084,20.2104005],[-99.068683,20.2105454],[-99.0686256,20.2105633],[-99.0682331,20.2105815],[-99.0674482,20.2106089],[-99.0671477,20.2106038],[-99.0671585,20.2105488],[-99.0673185,20.2098321],[-99.0674931,20.2088464],[-99.0675428,20.208474],[-99.0676517,20.2077604],[-99.0677989,20.2069338],[-99.0679507,20.2059878],[-99.0680492,20.2050872],[-99.0681656,20.2050872],[-99.0685677,20.205078],[-99.0685964,20.2051232],[-99.0687113,20.2051141],[-99.0689889,20.2051682],[-99.0692569,20.2051681],[-99.0693081,20.2051638],[-99.0695823,20.2051408],[-99.0700294,20.2051023],[-99.0702141,20.2050864],[-99.0709607,20.2050861],[-99.0721285,20.2050946],[-99.0722758,20.2050946],[-99.0723104,20.2050946],[-99.0723817,20.2051095],[-99.0723966,20.2051126],[-99.0729135,20.2051034],[-99.0735644,20.2050941],[-99.0737271,20.2050759],[-99.0743014,20.2050757],[-99.0754119,20.2052559],[-99.075726,20.205274],[-99.0760341,20.2052918],[-99.0762255,20.2051923],[-99.0768666,20.2047312],[-99.0770676,20.2046317],[-99.0770894,20.2046278],[-99.0772207,20.2046045],[-99.0777664,20.2047398],[-99.0781207,20.2050108],[-99.0787241,20.2056792],[-99.0792795,20.206296],[-99.0793179,20.2063386],[-99.0802468,20.2071605],[-99.0810417,20.2078378],[-99.0822674,20.208768],[-99.0828516,20.2092286],[-99.0830553,20.2093437],[-99.0832641,20.2094618],[-99.0836392,20.2096738],[-99.0845106,20.2101664],[-99.0832729,20.2150261],[-99.0831689,20.2154347],[-99.0831439,20.2155121],[-99.0816541,20.2150933],[-99.0814953,20.2150487],[-99.08139,20.2150036],[-99.081327,20.2149888],[-99.0812368,20.2149675],[-99.0810495,20.2149167],[-99.0808376,20.2148593],[-99.0805379,20.2147781],[-99.0802163,20.2147291],[-99.0795327,20.2146249],[-99.0784802,20.2144681],[-99.0783845,20.2144523],[-99.0777213,20.2143006],[-99.0767735,20.2141203],[-99.0764193,20.21403],[-99.0761608,20.213985],[-99.075611,20.2138846],[-99.0752884,20.2137972],[-99.074806,20.2137124],[-99.0743868,20.2136794],[-99.0737904,20.2136087],[-99.0736152,20.2135545],[-99.0731263,20.213139],[-99.0726755,20.2127138],[-99.0725587,20.2125883],[-99.0724032,20.2123413],[-99.0722801,20.2121942],[-99.0719642,20.2120106],[-99.0717591,20.2118703],[-99.0716415,20.2117729],[-99.0714403,20.2115561],[-99.0713445,20.2112128],[-99.0712485,20.2107791],[-99.0711623,20.2106617],[-99.0707984,20.2104088],[-99.0705399,20.2102462],[-99.0701857,20.2100837]]]},"properties":{"locality":"FRANCISCO VILLA","official_key":"1302300140003","CVE_ENT":"13","CVE_MUN":"023","CVE_LOC":"0014","CVE_ASEN":"0003","settlement_type":"COLONIA","source":"INEGI DCAH 2025"}},{"type":"Feature","geometry":{"type":"Polygon","coordinates":[[[-99.0561494,20.2127676],[-99.0563538,20.2128875],[-99.0572198,20.2131871],[-99.0581347,20.2134641],[-99.0586665,20.2136081],[-99.0591059,20.2136395],[-99.0590849,20.2136904],[-99.0589214,20.2145824],[-99.0588405,20.2148818],[-99.0584787,20.2157848],[-99.0584619,20.2158504],[-99.0583956,20.2162834],[-99.0583326,20.2169597],[-99.0583287,20.2170118],[-99.0583817,20.2170887],[-99.0584133,20.2171726],[-99.0584196,20.2172845],[-99.0584457,20.2173081],[-99.0584503,20.2174042],[-99.0584526,20.2175069],[-99.0579739,20.2175523],[-99.0576868,20.217697],[-99.0574284,20.217932],[-99.0566915,20.2186461],[-99.0566243,20.2185289],[-99.055254,20.2161395],[-99.0554362,20.2156768],[-99.0556762,20.2149968],[-99.0557358,20.2149437],[-99.0557705,20.2149046],[-99.0557614,20.21439],[-99.0558037,20.2141115],[-99.0559596,20.2133733],[-99.0561494,20.2127676]]]},"properties":{"locality":"LOS JIMÉNEZ","official_key":"1302300140004","CVE_ENT":"13","CVE_MUN":"023","CVE_LOC":"0014","CVE_ASEN":"0004","settlement_type":"COLONIA","source":"INEGI DCAH 2025"}},{"type":"Feature","geometry":{"type":"Polygon","coordinates":[[[-99.0519844,20.2213584],[-99.0486238,20.2199677],[-99.0462303,20.2189834],[-99.0465174,20.2187213],[-99.0467662,20.2184772],[-99.0470055,20.2182693],[-99.0472926,20.2180433],[-99.0476658,20.2176908],[-99.0479721,20.2174196],[-99.0483644,20.217058],[-99.0487664,20.2166965],[-99.0489387,20.2165518],[-99.0487759,20.2165248],[-99.0476557,20.2159467],[-99.0472919,20.2158384],[-99.0463441,20.2155495],[-99.0457697,20.215396],[-99.0452719,20.2153329],[-99.0449273,20.2152968],[-99.0447358,20.2153421],[-99.0445635,20.2154054],[-99.0437498,20.2153694],[-99.0428691,20.2152974],[-99.0421128,20.2152614],[-99.0419501,20.2152524],[-99.0415863,20.2150989],[-99.0411938,20.2149273],[-99.0411267,20.2149002],[-99.0413038,20.2147382],[-99.042723,20.2132192],[-99.043967,20.2117459],[-99.0452685,20.2102636],[-99.0453641,20.2100286],[-99.0455937,20.2095406],[-99.0458042,20.2092694],[-99.0465575,20.209069],[-99.0467735,20.2091103],[-99.0473303,20.2092854],[-99.0480634,20.209323],[-99.0483122,20.209332],[-99.048542,20.2094043],[-99.048743,20.2094042],[-99.0493461,20.2094221],[-99.0497577,20.2092593],[-99.050198,20.2093134],[-99.0502937,20.2093134],[-99.0507915,20.2093042],[-99.0511457,20.2093132],[-99.051318,20.2093312],[-99.0515364,20.209349],[-99.0515269,20.2094204],[-99.0514523,20.2103251],[-99.0514238,20.2108041],[-99.0514239,20.2120803],[-99.0513976,20.2123877],[-99.0515414,20.2123826],[-99.0520371,20.2124146],[-99.0522019,20.2124511],[-99.0524574,20.2125288],[-99.052632,20.2125265],[-99.0527823,20.2124967],[-99.0529681,20.2124413],[-99.0536675,20.2122193],[-99.0538711,20.2122261],[-99.0539923,20.2122627],[-99.0541136,20.2123404],[-99.0542285,20.212384],[-99.0547122,20.2124322],[-99.054974,20.2124321],[-99.0555816,20.2125854],[-99.0558242,20.2126632],[-99.0561494,20.2127676],[-99.0559596,20.2133733],[-99.0558037,20.2141115],[-99.0557614,20.21439],[-99.0557705,20.2149046],[-99.0557358,20.2149437],[-99.0556762,20.2149968],[-99.0554362,20.2156768],[-99.055254,20.2161395],[-99.0566243,20.2185289],[-99.0566915,20.2186461],[-99.0556989,20.2196347],[-99.054835,20.2204811],[-99.0541077,20.2211952],[-99.0540084,20.2211526],[-99.0532866,20.2218459],[-99.0532387,20.2218821],[-99.0531675,20.2218524],[-99.0519844,20.2213584]]]},"properties":{"locality":"NUEVO MÉXICO","official_key":"1302300140005","CVE_ENT":"13","CVE_MUN":"023","CVE_LOC":"0014","CVE_ASEN":"0005","settlement_type":"COLONIA","source":"INEGI DCAH 2025"}},{"type":"Feature","geometry":{"type":"Polygon","coordinates":[[[-99.0732022,20.2180598],[-99.073153,20.2176046],[-99.0730934,20.2170772],[-99.0729369,20.2158044],[-99.0727112,20.2140551],[-99.0727013,20.213978],[-99.0726424,20.2134033],[-99.0726588,20.2128168],[-99.0726755,20.2127138],[-99.0731263,20.213139],[-99.0736152,20.2135545],[-99.0737904,20.2136087],[-99.0743868,20.2136794],[-99.074806,20.2137124],[-99.0752884,20.2137972],[-99.075611,20.2138846],[-99.0761608,20.213985],[-99.0764193,20.21403],[-99.0767735,20.2141203],[-99.0777213,20.2143006],[-99.0783845,20.2144523],[-99.0784802,20.2144681],[-99.078487,20.2145158],[-99.0784912,20.2145457],[-99.0785565,20.2150049],[-99.0787486,20.2162789],[-99.0788254,20.2167307],[-99.0788544,20.2172819],[-99.0788449,20.2176073],[-99.0788945,20.2178615],[-99.0789505,20.2181494],[-99.0790163,20.2185735],[-99.0780907,20.218499],[-99.0780202,20.2184932],[-99.0772543,20.2184304],[-99.0771299,20.2184305],[-99.0762108,20.2183225],[-99.0752342,20.2180518],[-99.0754569,20.2194758],[-99.0732912,20.218658],[-99.0732722,20.218586],[-99.0732371,20.2182407],[-99.0732022,20.2180598]]]},"properties":{"locality":"EL PALMAR","official_key":"1302300140006","CVE_ENT":"13","CVE_MUN":"023","CVE_LOC":"0014","CVE_ASEN":"0006","settlement_type":"COLONIA","source":"INEGI DCAH 2025"}},{"type":"Feature","geometry":{"type":"Polygon","coordinates":[[[-99.0781016,20.2243488],[-99.0772112,20.2241052],[-99.0768339,20.2199849],[-99.0775807,20.2202647],[-99.0782892,20.2205535],[-99.0791713,20.2208826],[-99.0793061,20.2209325],[-99.080416,20.2213415],[-99.0805796,20.2214018],[-99.0819201,20.2218982],[-99.0833468,20.2223945],[-99.0847735,20.222936],[-99.0859513,20.2233692],[-99.0865449,20.2236129],[-99.0866503,20.2237393],[-99.086727,20.2239743],[-99.0867342,20.2243366],[-99.0867356,20.2244067],[-99.0867369,20.2244712],[-99.0853391,20.2244177],[-99.0835393,20.2243553],[-99.0834619,20.2243515],[-99.0829936,20.2243285],[-99.0826585,20.2243106],[-99.0824311,20.224325],[-99.0823713,20.2243288],[-99.0815863,20.2243653],[-99.0807918,20.2243928],[-99.0796621,20.2244204],[-99.0787814,20.2244298],[-99.0785803,20.2244118],[-99.0781016,20.2243488]]]},"properties":{"locality":"EL QUINCE","official_key":"1302300140007","CVE_ENT":"13","CVE_MUN":"023","CVE_LOC":"0014","CVE_ASEN":"0007","settlement_type":"COLONIA","source":"INEGI DCAH 2025"}},{"type":"Feature","geometry":{"type":"Polygon","coordinates":[[[-99.0604704,20.2048345],[-99.0603877,20.2055368],[-99.0603144,20.2058906],[-99.0602473,20.2061699],[-99.060139,20.2066927],[-99.0600416,20.2076068],[-99.0599914,20.2080794],[-99.0599275,20.2086522],[-99.0598845,20.2090037],[-99.059826,20.2094421],[-99.0598342,20.2094538],[-99.0598556,20.2094912],[-99.0599179,20.2095024],[-99.0598384,20.2098168],[-99.05983,20.2098547],[-99.0598203,20.2098985],[-99.0596652,20.210598],[-99.0596573,20.2106376],[-99.0596049,20.2108994],[-99.0593031,20.2125912],[-99.0591059,20.2136395],[-99.0586665,20.2136081],[-99.0581347,20.2134641],[-99.0572198,20.2131871],[-99.0563538,20.2128875],[-99.0561494,20.2127676],[-99.0558242,20.2126632],[-99.0555816,20.2125854],[-99.054974,20.2124321],[-99.0547122,20.2124322],[-99.0542285,20.212384],[-99.0541136,20.2123404],[-99.0539923,20.2122627],[-99.0538711,20.2122261],[-99.0536675,20.2122193],[-99.0529681,20.2124413],[-99.0527823,20.2124967],[-99.052632,20.2125265],[-99.0524574,20.2125288],[-99.0522019,20.2124511],[-99.0520371,20.2124146],[-99.0515414,20.2123826],[-99.0513976,20.2123877],[-99.0514239,20.2120803],[-99.0514238,20.2108041],[-99.0514523,20.2103251],[-99.0515269,20.2094204],[-99.0515364,20.209349],[-99.051318,20.2093312],[-99.0511457,20.2093132],[-99.0507915,20.2093042],[-99.0502937,20.2093134],[-99.050198,20.2093134],[-99.0497577,20.2092593],[-99.0493461,20.2094221],[-99.048743,20.2094042],[-99.048542,20.2094043],[-99.0483122,20.209332],[-99.0480634,20.209323],[-99.0473303,20.2092854],[-99.0467735,20.2091103],[-99.0465575,20.209069],[-99.0458042,20.2092694],[-99.0455937,20.2095406],[-99.0453641,20.2100286],[-99.0452685,20.2102636],[-99.043967,20.2117459],[-99.042723,20.2132192],[-99.0413038,20.2147382],[-99.0411267,20.2149002],[-99.0410726,20.2148968],[-99.0409831,20.2148912],[-99.0409574,20.2148461],[-99.0409161,20.2147737],[-99.0408585,20.214105],[-99.0408393,20.2138791],[-99.0408393,20.2137616],[-99.0408679,20.2136261],[-99.0409636,20.2132736],[-99.0410497,20.2129935],[-99.0411166,20.2127676],[-99.0411453,20.2127133],[-99.0412697,20.2125597],[-99.0413559,20.2124874],[-99.0415377,20.2122343],[-99.0415664,20.212153],[-99.0415472,20.2120807],[-99.0414323,20.2120175],[-99.0414036,20.2119542],[-99.041394,20.2118819],[-99.0418723,20.2108878],[-99.0419297,20.2107794],[-99.0415276,20.2105535],[-99.0416137,20.2101107],[-99.041671,20.2095053],[-99.0417378,20.208954],[-99.0418332,20.2078696],[-99.0419673,20.2078154],[-99.0422831,20.207752],[-99.0429245,20.2079326],[-99.04325,20.2080229],[-99.0433455,20.2073813],[-99.0434266,20.207029],[-99.0434412,20.2069656],[-99.043489,20.2067668],[-99.0435368,20.2066945],[-99.0436134,20.2066583],[-99.0437091,20.2066493],[-99.0436708,20.2065318],[-99.0436515,20.2062517],[-99.0436515,20.2059173],[-99.0436609,20.2054293],[-99.0436415,20.2046612],[-99.0436414,20.2043088],[-99.04367,20.2038931],[-99.0446944,20.2042724],[-99.044675,20.2033688],[-99.0446653,20.203188],[-99.0445598,20.2024019],[-99.0452682,20.2025915],[-99.0455171,20.2025733],[-99.0462062,20.2024828],[-99.0465604,20.2023743],[-99.047192,20.2020126],[-99.0473643,20.2020126],[-99.0477281,20.2021751],[-99.0481206,20.2023377],[-99.0490588,20.2027079],[-99.04948,20.2028795],[-99.0503167,20.2030069],[-99.0504277,20.2030238],[-99.0506191,20.2030509],[-99.0509542,20.2031231],[-99.0517487,20.2033307],[-99.0522178,20.203448],[-99.0526486,20.2034479],[-99.0530314,20.203493],[-99.0532708,20.2035923],[-99.0537495,20.2038994],[-99.0545442,20.2045136],[-99.05509,20.2049562],[-99.055364,20.2051514],[-99.0555591,20.2052904],[-99.0556701,20.2053513],[-99.0559708,20.2055162],[-99.0563176,20.2056663],[-99.0565548,20.205769],[-99.0566984,20.2058323],[-99.0568611,20.2058503],[-99.0572153,20.2058321],[-99.0576365,20.2057326],[-99.0578853,20.2056602],[-99.0583638,20.2054612],[-99.0587849,20.2051538],[-99.0589634,20.2049895],[-99.0589985,20.2049572],[-99.0590116,20.2049451],[-99.0591581,20.2048103],[-99.0594366,20.2046229],[-99.0596941,20.2046204],[-99.0599142,20.2046384],[-99.0604631,20.2048319],[-99.0604704,20.2048345]]]},"properties":{"locality":"SAN ANTONIO","official_key":"1302300140008","CVE_ENT":"13","CVE_MUN":"023","CVE_LOC":"0014","CVE_ASEN":"0008","settlement_type":"COLONIA","source":"INEGI DCAH 2025"}},{"type":"Feature","geometry":{"type":"Polygon","coordinates":[[[-99.0584457,20.2173081],[-99.0584196,20.2172845],[-99.0584133,20.2171726],[-99.0583817,20.2170887],[-99.0583287,20.2170118],[-99.0583326,20.2169597],[-99.0583956,20.2162834],[-99.0584619,20.2158504],[-99.0584787,20.2157848],[-99.0588405,20.2148818],[-99.0589214,20.2145824],[-99.0590849,20.2136904],[-99.0591059,20.2136395],[-99.0596564,20.2136921],[-99.0605296,20.2138166],[-99.0610342,20.2138301],[-99.0617124,20.2137965],[-99.061712,20.2138305],[-99.0616914,20.2145011],[-99.0607951,20.2151004],[-99.0606415,20.215229],[-99.0601729,20.2157357],[-99.0598849,20.2160209],[-99.0591029,20.2169243],[-99.0587433,20.2172951],[-99.0584457,20.2173081]]]},"properties":{"locality":"LOS TAPIAS","official_key":"1302300140009","CVE_ENT":"13","CVE_MUN":"023","CVE_LOC":"0014","CVE_ASEN":"0009","settlement_type":"COLONIA","source":"INEGI DCAH 2025"}},{"type":"Feature","geometry":{"type":"Polygon","coordinates":[[[-99.0605296,20.2138166],[-99.0596564,20.2136921],[-99.0591059,20.2136395],[-99.0593031,20.2125912],[-99.0596049,20.2108994],[-99.0596573,20.2106376],[-99.0596652,20.210598],[-99.0598203,20.2098985],[-99.05983,20.2098547],[-99.0601153,20.2098706],[-99.0607184,20.2098975],[-99.0613597,20.2098792],[-99.0618001,20.2099332],[-99.0622979,20.2099692],[-99.0626201,20.2100102],[-99.0626132,20.2100749],[-99.0625725,20.2104928],[-99.0624953,20.2108422],[-99.0624243,20.2111075],[-99.0623699,20.2116823],[-99.0623256,20.2120448],[-99.0623227,20.2122018],[-99.0623048,20.2124196],[-99.0622594,20.2126649],[-99.0622269,20.2128208],[-99.0621453,20.212963],[-99.0619564,20.2134019],[-99.0618802,20.2134718],[-99.0617507,20.2137989],[-99.0617124,20.2137965],[-99.0610342,20.2138301],[-99.0605296,20.2138166]]]},"properties":{"locality":"LOS TIGRES","official_key":"1302300140010","CVE_ENT":"13","CVE_MUN":"023","CVE_LOC":"0014","CVE_ASEN":"0010","settlement_type":"COLONIA","source":"INEGI DCAH 2025"}},{"type":"Feature","geometry":{"type":"Polygon","coordinates":[[[-99.064864,20.2055166],[-99.0649301,20.2048535],[-99.06538,20.2047539],[-99.0657151,20.2048532],[-99.0663756,20.2050065],[-99.0667394,20.2050516],[-99.0673233,20.2050785],[-99.0679551,20.2050873],[-99.0680492,20.2050872],[-99.0679507,20.2059878],[-99.0677989,20.2069338],[-99.0676517,20.2077604],[-99.0675428,20.208474],[-99.0674931,20.2088464],[-99.0673185,20.2098321],[-99.0671585,20.2105488],[-99.0671477,20.2106038],[-99.0666919,20.2106002],[-99.0663281,20.2105551],[-99.0653708,20.2103928],[-99.0646241,20.2102846],[-99.0646342,20.2102248],[-99.0647967,20.2091392],[-99.0649787,20.2082081],[-99.0645531,20.2081658],[-99.0644688,20.2080676],[-99.0644422,20.2078482],[-99.0645081,20.2074363],[-99.064864,20.2055166]]]},"properties":{"locality":"LOS VILLA","official_key":"1302300140011","CVE_ENT":"13","CVE_MUN":"023","CVE_LOC":"0014","CVE_ASEN":"0011","settlement_type":"COLONIA","source":"INEGI DCAH 2025"}},{"type":"Feature","geometry":{"type":"Polygon","coordinates":[[[-99.1023702,20.2269628],[-99.1023648,20.2268751],[-99.1032114,20.2256145],[-99.1054459,20.2225257],[-99.1054535,20.2215032],[-99.1051448,20.2216048],[-99.1050371,20.2217025],[-99.1050542,20.2216501],[-99.1050841,20.2215583],[-99.105099,20.2215124],[-99.1053954,20.2204513],[-99.1055782,20.2198346],[-99.1057618,20.2192096],[-99.1060881,20.2180853],[-99.1060882,20.218085],[-99.1068648,20.2182974],[-99.1072765,20.2166876],[-99.1083396,20.2169622],[-99.1081231,20.2176989],[-99.1105206,20.2183836],[-99.1117701,20.2188166],[-99.1115806,20.2191044],[-99.1113567,20.2197142],[-99.1103482,20.2224938],[-99.1113728,20.2230182],[-99.1114962,20.2224009],[-99.1122044,20.2224801],[-99.1129359,20.2202827],[-99.1146063,20.2204181],[-99.1146133,20.2204181],[-99.1159214,20.2204126],[-99.1165313,20.2201514],[-99.1177355,20.2195339],[-99.1186803,20.2185957],[-99.1186593,20.2186775],[-99.1186497,20.2187151],[-99.1184843,20.2195968],[-99.1183136,20.2203597],[-99.1180088,20.2217677],[-99.1176891,20.2233329],[-99.1173474,20.2251169],[-99.1173381,20.2252301],[-99.1172184,20.2252609],[-99.1167862,20.2253626],[-99.1153959,20.2253783],[-99.113697,20.2253487],[-99.1134209,20.2252527],[-99.1131223,20.2251142],[-99.1128013,20.2250776],[-99.1117429,20.2250216],[-99.111427,20.2249683],[-99.1111982,20.2248731],[-99.1106151,20.2246652],[-99.1105291,20.2263619],[-99.1064486,20.2258748],[-99.1063423,20.2268954],[-99.1059439,20.2279379],[-99.1048485,20.2278454],[-99.1023702,20.2269628]]]},"properties":{"locality":"LA CRUZ","official_key":"1302300150001","CVE_ENT":"13","CVE_MUN":"023","CVE_LOC":"0015","CVE_ASEN":"0001","settlement_type":"COLONIA","source":"INEGI DCAH 2025"}},{"type":"Feature","geometry":{"type":"Polygon","coordinates":[[[-99.047049,20.2446575],[-99.0502327,20.244017],[-99.0508483,20.2438758],[-99.0510561,20.2438555],[-99.0511103,20.2445853],[-99.0511377,20.2446349],[-99.0509989,20.2448408],[-99.0508854,20.2449513],[-99.0507718,20.2450216],[-99.0505038,20.2450735],[-99.0501239,20.2451253],[-99.0494032,20.2452853],[-99.0474113,20.2457181],[-99.0449255,20.2464758],[-99.0441248,20.2452525],[-99.047049,20.2446575]]]},"properties":{"locality":"JAGÜEY DEL GONTZUDI","official_key":"1302300260001","CVE_ENT":"13","CVE_MUN":"023","CVE_LOC":"0026","CVE_ASEN":"0001","settlement_type":"RANCHERÍA","source":"INEGI DCAH 2025"}},{"type":"Feature","geometry":{"type":"Polygon","coordinates":[[[-99.080683,20.2424777],[-99.0798591,20.2424229],[-99.0797089,20.2424094],[-99.0796632,20.2415737],[-99.0810542,20.2416462],[-99.0810545,20.2417594],[-99.081044,20.2420085],[-99.0810338,20.2425017],[-99.080683,20.2424777]]]},"properties":{"locality":"LAS CORONAS","official_key":"1302300280001","CVE_ENT":"13","CVE_MUN":"023","CVE_LOC":"0028","CVE_ASEN":"0001","settlement_type":"RANCHERÍA","source":"INEGI DCAH 2025"}},{"type":"Feature","geometry":{"type":"Polygon","coordinates":[[[-99.0867139,20.2237353],[-99.0865449,20.2236129],[-99.0859513,20.2233692],[-99.0847735,20.222936],[-99.0833468,20.2223945],[-99.0819201,20.2218982],[-99.0805796,20.2214018],[-99.080416,20.2213415],[-99.080729,20.2188198],[-99.0804873,20.2148322],[-99.081168,20.2149639],[-99.0812932,20.2150165],[-99.0832242,20.2159513],[-99.0832421,20.215915],[-99.0832616,20.2158758],[-99.0832682,20.2158623],[-99.0839654,20.212988],[-99.0857974,20.2137701],[-99.085902,20.2133341],[-99.0876509,20.2139889],[-99.0881047,20.2121275],[-99.088486,20.2128197],[-99.0888515,20.2134579],[-99.0893603,20.2138278],[-99.0896803,20.2140598],[-99.0897872,20.2141437],[-99.0905279,20.2144204],[-99.091404,20.2145986],[-99.0914957,20.2146477],[-99.091675,20.2147184],[-99.0918835,20.2147636],[-99.0921252,20.214787],[-99.0923536,20.2147784],[-99.0925748,20.2147339],[-99.0928712,20.2146272],[-99.0933651,20.2144804],[-99.0934828,20.2144737],[-99.0935581,20.2144981],[-99.0946847,20.2152137],[-99.0943072,20.216369],[-99.0933976,20.2191525],[-99.0931538,20.2190473],[-99.0931323,20.2190956],[-99.093124,20.219115],[-99.0930878,20.2191953],[-99.0930818,20.2192273],[-99.0928093,20.2206833],[-99.0925383,20.2216965],[-99.0919678,20.2214688],[-99.0918502,20.2219094],[-99.0883614,20.2210529],[-99.0879679,20.2218768],[-99.0879449,20.2219299],[-99.0871455,20.2234916],[-99.0868778,20.2237889],[-99.0867139,20.2237353]]]},"properties":{"locality":"LOS FILTROS","official_key":"1302300300001","CVE_ENT":"13","CVE_MUN":"023","CVE_LOC":"0030","CVE_ASEN":"0001","settlement_type":"COLONIA","source":"INEGI DCAH 2025"}},{"type":"Feature","geometry":{"type":"Polygon","coordinates":[[[-99.1224948,20.2250679],[-99.1225931,20.2243611],[-99.1228492,20.2229337],[-99.1228609,20.2228684],[-99.1226367,20.2227323],[-99.1224263,20.2226448],[-99.1223694,20.2226536],[-99.1219086,20.2229358],[-99.1203621,20.2238681],[-99.1197378,20.2241627],[-99.118448,20.2248158],[-99.1178429,20.2251045],[-99.1173315,20.2253109],[-99.1173326,20.2252971],[-99.1173366,20.2252485],[-99.1173381,20.2252301],[-99.1173474,20.2251169],[-99.1176891,20.2233329],[-99.1177596,20.2230579],[-99.1186582,20.2227181],[-99.1196211,20.2222449],[-99.1197771,20.2213989],[-99.1206377,20.2210066],[-99.1213726,20.2211903],[-99.1226144,20.2165894],[-99.1232057,20.2164252],[-99.1234732,20.2162475],[-99.1237694,20.2163088],[-99.124814,20.216525],[-99.1248185,20.2165247],[-99.1257633,20.2167348],[-99.1264401,20.2167477],[-99.1267609,20.2167526],[-99.1261977,20.2217301],[-99.1281987,20.2217769],[-99.1279603,20.2238416],[-99.1282179,20.2238529],[-99.128465,20.226342],[-99.1284946,20.2265561],[-99.1286599,20.2282988],[-99.1252446,20.2279085],[-99.1238831,20.2277739],[-99.1229137,20.2276574],[-99.122537,20.2276121],[-99.1223859,20.2275997],[-99.1224499,20.2257179],[-99.1224948,20.2250679]]]},"properties":{"locality":"EL HORNO","official_key":"1302300370001","CVE_ENT":"13","CVE_MUN":"023","CVE_LOC":"0037","CVE_ASEN":"0001","settlement_type":"COLONIA","source":"INEGI DCAH 2025"}},{"type":"Feature","geometry":{"type":"Polygon","coordinates":[[[-99.0809273,20.2579646],[-99.0810118,20.2577954],[-99.0810123,20.2577945],[-99.0810187,20.257776],[-99.0811813,20.2577646],[-99.0812515,20.2573901],[-99.0812994,20.2573868],[-99.0813565,20.2574268],[-99.0813584,20.2576],[-99.0813584,20.2577847],[-99.081366,20.2579027],[-99.0815925,20.2578799],[-99.081722,20.2585975],[-99.0818457,20.2592066],[-99.0818457,20.2592409],[-99.0815863,20.2593261],[-99.0815829,20.2593273],[-99.0813799,20.2594036],[-99.08133,20.25944],[-99.0811939,20.2595392],[-99.0810376,20.259709],[-99.0810198,20.2596649],[-99.0808099,20.2583011],[-99.0809273,20.2579646]]]},"properties":{"locality":"CUARTA DEMARCACIÓN (BARRIO LOS VIOLINES)","official_key":"1302300410001","CVE_ENT":"13","CVE_MUN":"023","CVE_LOC":"0041","CVE_ASEN":"0001","settlement_type":"COLONIA","source":"INEGI DCAH 2025"}},{"type":"Feature","geometry":{"type":"Polygon","coordinates":[[[-99.0270751,20.228288],[-99.0281523,20.2277603],[-99.0286563,20.2275223],[-99.0288868,20.2277021],[-99.0290484,20.2279289],[-99.0291752,20.2281899],[-99.0295687,20.2280968],[-99.0300387,20.2280479],[-99.0301702,20.2282496],[-99.0302902,20.2283243],[-99.0304966,20.2283756],[-99.0306761,20.228351],[-99.0308936,20.2283351],[-99.0310142,20.228307],[-99.0310563,20.2282972],[-99.0311721,20.2282025],[-99.0313831,20.2280019],[-99.031574,20.2277202],[-99.0317218,20.2274577],[-99.0318454,20.2272656],[-99.0320662,20.2270183],[-99.0326894,20.2265052],[-99.0333362,20.2283547],[-99.0328916,20.2285401],[-99.032693,20.2286242],[-99.0325418,20.2287035],[-99.0324188,20.2288033],[-99.0323103,20.2289523],[-99.0322102,20.2291172],[-99.0321359,20.2293011],[-99.0320518,20.2294986],[-99.0318108,20.2300733],[-99.0316863,20.2302281],[-99.0315355,20.2303418],[-99.0313576,20.2304406],[-99.0312098,20.2304949],[-99.0309564,20.2305504],[-99.0303863,20.2306751],[-99.0282498,20.2310385],[-99.0280777,20.2310545],[-99.0272596,20.2311308],[-99.0272113,20.2305167],[-99.0271238,20.229248],[-99.0270751,20.228288]]]},"properties":{"locality":"BARRIO LOS AMIGOS","official_key":"1302300490001","CVE_ENT":"13","CVE_MUN":"023","CVE_LOC":"0049","CVE_ASEN":"0001","settlement_type":"COLONIA","source":"INEGI DCAH 2025"}},{"type":"Feature","geometry":{"type":"Polygon","coordinates":[[[-99.082846,20.2663168],[-99.0823568,20.2650004],[-99.0823054,20.2647685],[-99.0822836,20.2644526],[-99.0823423,20.264194],[-99.0824499,20.2639621],[-99.0826124,20.2636662],[-99.0827934,20.2634433],[-99.0830202,20.2632548],[-99.0827635,20.2627371],[-99.0822983,20.2627233],[-99.0821081,20.2594038],[-99.0833744,20.2590563],[-99.0835421,20.2590191],[-99.083778,20.2590017],[-99.084226,20.2589946],[-99.0844138,20.2589796],[-99.084547,20.2589324],[-99.0850393,20.2586948],[-99.0863982,20.2580477],[-99.0882402,20.2574337],[-99.0882893,20.2574222],[-99.0885124,20.2573847],[-99.0887584,20.25738],[-99.0892039,20.2574281],[-99.0899678,20.2575586],[-99.0912761,20.2577697],[-99.0912879,20.2577716],[-99.0913441,20.2584071],[-99.0913421,20.2585852],[-99.091291,20.2585884],[-99.0905717,20.2586084],[-99.0905538,20.2586089],[-99.0905149,20.25861],[-99.0898835,20.2586275],[-99.0898776,20.2585204],[-99.088505,20.25854],[-99.0884471,20.2585381],[-99.0884728,20.2588564],[-99.0886837,20.2593482],[-99.0887716,20.2597862],[-99.0888769,20.2606816],[-99.089075,20.2607798],[-99.0892101,20.2611182],[-99.0893435,20.2617445],[-99.0894789,20.2622537],[-99.0894666,20.2628292],[-99.0894757,20.263549],[-99.0895787,20.2644797],[-99.0897538,20.2653519],[-99.0896011,20.2655334],[-99.0894184,20.2657507],[-99.089265,20.2658549],[-99.089078,20.265982],[-99.0891381,20.2665529],[-99.0891382,20.2665541],[-99.089143,20.2665966],[-99.0891049,20.2665905],[-99.0889207,20.2665114],[-99.0888349,20.2664397],[-99.0887906,20.2664045],[-99.088727,20.2664045],[-99.0886786,20.2664385],[-99.088586,20.2665194],[-99.0881277,20.2670067],[-99.0875679,20.2675114],[-99.0861888,20.2684492],[-99.0848288,20.2693225],[-99.0846695,20.2693866],[-99.0845843,20.2694015],[-99.0843919,20.269412],[-99.083874,20.2694205],[-99.082846,20.2663168]]]},"properties":{"locality":"EL REPRESO","official_key":"1302300520001","CVE_ENT":"13","CVE_MUN":"023","CVE_LOC":"0052","CVE_ASEN":"0001","settlement_type":"FRACCIONAMIENTO","source":"INEGI DCAH 2025"}}]}