{"type":"FeatureCollection","name":"inegi-hidalgo-061","metadata":{"state":"Hidalgo","CVE_ENT":"13","CVE_MUN":"061","municipality":"Tepeapulco","sources":["INEGI Gaia — Servicio vectorial del Marco Geoestadístico","INEGI DCAH 2025"],"source_urls":["https://gaia.inegi.org.mx/wscatgeo/v2/geo/mgem/13","https://gaia.inegi.org.mx/wscatgeo/v2/geo/localidades/pol/13/061","https://www.inegi.org.mx/contenidos/productos/prod_serv/contenidos/espanol/bvinegi/productos/geografia/delimitaciones/794551163078/13_hidalgo.zip"],"geometry_policy":"Solo se publican polígonos de INEGI; no se generan puntos ni geometrías sintéticas.","locality_polygon_count":22,"settlement_polygon_count":79},"municipality":{"type":"Feature","geometry":{"type":"MultiPolygon","crs":{"type":"name","properties":{"name":"EPSG:6365"}},"coordinates":[[[[-98.41152648,19.920236571],[-98.41184902,19.919845981],[-98.41137145,19.919701261],[-98.41043282,19.919351691],[-98.41034222,19.918929291],[-98.409239017,19.918544436],[-98.40923845,19.918544237],[-98.40917382,19.918521691],[-98.40718246,19.917111091],[-98.407293624,19.91607456],[-98.40731157,19.915907226],[-98.407334564,19.915692813],[-98.407334618,19.915692318],[-98.40744543,19.914659051],[-98.407195801,19.914633393],[-98.406815047,19.914594257],[-98.406814275,19.914594178],[-98.406813753,19.914594124],[-98.406702323,19.914582671],[-98.406701902,19.914582628],[-98.406496295,19.914561495],[-98.406083995,19.914519115],[-98.406083594,19.914519073],[-98.40592354,19.914502621],[-98.404824103,19.914363766],[-98.40479365,19.914359921],[-98.404747562,19.9143541],[-98.40384558,19.914240181],[-98.400976392,19.913904813],[-98.400929514,19.913899333],[-98.400899882,19.91389587],[-98.39848535,19.913613601],[-98.396583694,19.913462165],[-98.396435555,19.913450367],[-98.396317884,19.913440996],[-98.396298393,19.913439444],[-98.39399852,19.913256261],[-98.393942854,19.913247859],[-98.39390457,19.913242081],[-98.3938262,19.913234603],[-98.393545726,19.91320784],[-98.39316658,19.913171661],[-98.392969274,19.913157576],[-98.39171548,19.913068061],[-98.39071869,19.912989861],[-98.390600855,19.912978133],[-98.386205054,19.912540566],[-98.386197237,19.912539787],[-98.38616403,19.912536481],[-98.385661349,19.911436941],[-98.385655948,19.911425125],[-98.385653194,19.911419101],[-98.385592129,19.911285527],[-98.384922038,19.909819751],[-98.384920027,19.909815352],[-98.384878999,19.909725608],[-98.38487897,19.909725545],[-98.384855086,19.909673297],[-98.384854924,19.909672944],[-98.384840795,19.909642038],[-98.383740819,19.907235844],[-98.383733416,19.907219649],[-98.383419583,19.906533123],[-98.383401122,19.906492739],[-98.383393,19.906474971],[-98.383390455,19.906468979],[-98.382909217,19.905336207],[-98.382889472,19.905289728],[-98.382889457,19.905289693],[-98.38177879,19.902675247],[-98.381664381,19.902405929],[-98.381660963,19.902397882],[-98.38165465,19.902383021],[-98.38161915,19.90229949],[-98.381546888,19.902134745],[-98.38082409,19.900486831],[-98.380593241,19.899995468],[-98.380575017,19.899956679],[-98.380559957,19.899924624],[-98.38032635,19.899427401],[-98.379880289,19.89839602],[-98.379742879,19.8971866],[-98.37915228,19.893399051],[-98.37905991,19.89308894],[-98.37893985,19.89215938],[-98.37900603,19.89127923],[-98.37931209,19.88966762],[-98.379524509,19.88743282],[-98.379658169,19.88483945],[-98.379743769,19.883721711],[-98.38521763,19.85170923],[-98.38521406,19.85101645],[-98.38519709,19.8501672],[-98.38519491,19.84958877],[-98.38594623,19.8491084],[-98.38705318,19.84848982],[-98.38701674,19.84772051],[-98.38702928,19.84647269],[-98.38699698,19.84439805],[-98.38699755,19.84141151],[-98.38699854,19.84099389],[-98.38685389,19.84068085],[-98.38542131,19.83833937],[-98.38510883,19.83773538],[-98.38502115,19.83758568],[-98.38555506,19.8371672],[-98.38600212,19.83669428],[-98.38634611,19.83634275],[-98.38671042,19.83595648],[-98.38725303,19.83544172],[-98.38776503,19.83493905],[-98.38882832,19.83393512],[-98.38982782,19.83294951],[-98.39052062,19.83229951],[-98.39118898,19.83163214],[-98.39178415,19.83096791],[-98.39244737,19.83037306],[-98.39314712,19.82967994],[-98.39345608,19.82936332],[-98.39406442,19.82874229],[-98.39494658,19.82789251],[-98.39596555,19.82690249],[-98.39622518,19.82664185],[-98.39809774,19.82478129],[-98.39818111,19.82466378],[-98.39850331,19.824143],[-98.39900622,19.82319117],[-98.39910642,19.82326551],[-98.40138594,19.825939],[-98.40151194,19.82604274],[-98.40212855,19.82564551],[-98.40270891,19.82527095],[-98.40403752,19.82433654],[-98.40462051,19.82385942],[-98.40506028,19.82361497],[-98.40544025,19.82333954],[-98.40585058,19.82307369],[-98.40721112,19.82207831],[-98.40784729,19.82160823],[-98.4081502,19.82136889],[-98.4085078,19.82112212],[-98.40860145,19.82125071],[-98.40909171,19.82086923],[-98.40903551,19.82075223],[-98.41085734,19.819518],[-98.41233709,19.81821272],[-98.41433732,19.81662882],[-98.42105668,19.81168412],[-98.42222309,19.81132569],[-98.42307237,19.81085157],[-98.4231656,19.81079952],[-98.42412705,19.81045022],[-98.42459972,19.81026874],[-98.42556118,19.80991265],[-98.427946,19.80902569],[-98.42801617,19.80899969],[-98.42646188,19.80725386],[-98.42820175,19.80674471],[-98.43107112,19.80585746],[-98.43159058,19.80568902],[-98.43287042,19.80526846],[-98.43815275,19.80368714],[-98.43952215,19.80325574],[-98.43962935,19.80322183],[-98.44015871,19.8030376],[-98.44095325,19.80275705],[-98.44271022,19.80239017],[-98.44696152,19.8013962],[-98.44820508,19.80106754],[-98.4484254,19.80101289],[-98.45328634,19.7998658],[-98.45405206,19.79968469],[-98.45482794,19.79905326],[-98.45691574,19.79742342],[-98.45689888,19.79597746],[-98.45687285,19.79578845],[-98.45703825,19.79540106],[-98.45712408,19.79524002],[-98.45735351,19.79496998],[-98.45759037,19.79480923],[-98.45784054,19.79459883],[-98.45807757,19.79438838],[-98.45821055,19.79389194],[-98.45823806,19.79351938],[-98.45829172,19.79318417],[-98.45842392,19.79291131],[-98.45849012,19.79275003],[-98.45856935,19.79261363],[-98.45881809,19.79282555],[-98.45907966,19.79312445],[-98.45924954,19.79336097],[-98.459564,19.79354825],[-98.45986529,19.79374789],[-98.46010095,19.79394734],[-98.46037586,19.79418418],[-98.46062472,19.79435883],[-98.46075851,19.79448622],[-98.46153458,19.79387212],[-98.46208598,19.7934108],[-98.4631756,19.79255915],[-98.46449369,19.79159994],[-98.46445043,19.79133731],[-98.46436689,19.79101686],[-98.46453777,19.79052106],[-98.46465755,19.79012118],[-98.46487855,19.78981766],[-98.46509938,19.78956215],[-98.46538731,19.78948297],[-98.46570892,19.78945191],[-98.46565934,19.78909955],[-98.46567754,19.78871537],[-98.46566195,19.78831508],[-98.465646,19.78802686],[-98.46564648,19.78788277],[-98.46581569,19.78788328],[-98.46649115,19.78791314],[-98.46632271,19.78735943],[-98.46668066,19.78706629],[-98.46672929,19.78671531],[-98.46742037,19.78667566],[-98.46829243,19.78713498],[-98.46861275,19.78716068],[-98.46884855,19.78692666],[-98.47009197,19.785563],[-98.47037832,19.78552852],[-98.47057772,19.78544669],[-98.47092629,19.7854124],[-98.47103848,19.78535385],[-98.47141186,19.78534318],[-98.47173535,19.78536769],[-98.47197154,19.7854508],[-98.47223288,19.78545158],[-98.47259115,19.78536638],[-98.47307654,19.78535605],[-98.47335029,19.78536863],[-98.47369848,19.78545208],[-98.47405895,19.78558266],[-98.47419565,19.78564192],[-98.47441969,19.78563082],[-98.47479362,19.78545529],[-98.47531037,19.7851986],[-98.47769143,19.78350578],[-98.48005774,19.78182488],[-98.48181446,19.78048691],[-98.48462734,19.77863129],[-98.48657488,19.77742371],[-98.48687086,19.77726682],[-98.48875246,19.7761936],[-98.48876258,19.77528708],[-98.49061718,19.77280342],[-98.49186785,19.771497],[-98.49378702,19.77128872],[-98.4944824,19.77115449],[-98.49476266,19.77110932],[-98.49478669,19.77108731],[-98.49507529,19.76889509],[-98.49524592,19.76741028],[-98.49541891,19.7655238],[-98.49608237,19.76514758],[-98.49681431,19.76414385],[-98.49683135,19.76412603],[-98.49738897,19.76434523],[-98.49741525,19.76433215],[-98.49838331,19.76337058],[-98.49975618,19.762465],[-98.49999752,19.76246954],[-98.50009392,19.76228988],[-98.50035488,19.76186038],[-98.50065011,19.76176688],[-98.50079702,19.76178995],[-98.50081286,19.76204],[-98.50090014,19.76240106],[-98.50107923,19.76267938],[-98.50133468,19.76293988],[-98.50158591,19.76309583],[-98.50189971,19.76323365],[-98.50213126,19.76334997],[-98.50238268,19.7634994],[-98.502532,19.76359423],[-98.50269428,19.76372202],[-98.5028014,19.76384852],[-98.50291458,19.76400782],[-98.502965826,19.763988156],[-98.503081083,19.763943929],[-98.50344412,19.76380462],[-98.50381374,19.76364994],[-98.503780533,19.763569024],[-98.503638598,19.763223173],[-98.503619,19.76317542],[-98.503590301,19.763102425],[-98.5035154,19.76291191],[-98.50349895,19.76283375],[-98.50348804,19.762812023],[-98.50338342,19.76260366],[-98.50342738,19.76184651],[-98.50386998,19.76122392],[-98.50380172,19.76111188],[-98.50612854,19.76059165],[-98.51148532,19.75932749],[-98.51168575,19.75928255],[-98.51415546,19.75869923],[-98.51431708,19.75904362],[-98.51479442,19.75899665],[-98.51498589,19.75896034],[-98.51527668,19.7588856],[-98.51579648,19.75880389],[-98.51598542,19.7588664],[-98.51604505,19.75893757],[-98.51606603,19.75907765],[-98.51604883,19.75926918],[-98.5160012,19.75944838],[-98.51594025,19.759668],[-98.51591705,19.7598536],[-98.51595843,19.76002109],[-98.51597298,19.76009397],[-98.51600931,19.76017254],[-98.51605723,19.76022546],[-98.51612758,19.76025817],[-98.51621528,19.76025502],[-98.51628175,19.76022545],[-98.51633208,19.76018515],[-98.51641629,19.76010417],[-98.51655645,19.75997785],[-98.51675785,19.75981148],[-98.51691402,19.75970106],[-98.51716642,19.75946849],[-98.51740305,19.75920965],[-98.51764249,19.75905451],[-98.51790463,19.75874726],[-98.51815208,19.75849385],[-98.51836963,19.75833822],[-98.51858534,19.75825508],[-98.51877234,19.75822309],[-98.51903023,19.75820312],[-98.51900697,19.75800118],[-98.51919183,19.75801155],[-98.52117778,19.75755969],[-98.521325,19.75751546],[-98.52246815,19.7573108],[-98.52251174,19.75730355],[-98.52415631,19.75697466],[-98.52463128,19.75680628],[-98.52487438,19.75664558],[-98.5249808,19.75672751],[-98.52508308,19.75676709],[-98.52531377,19.75678635],[-98.5256724,19.75680389],[-98.52606605,19.75679895],[-98.52715043,19.75680788],[-98.52761046,19.75679951],[-98.5278412,19.75676697],[-98.52806437,19.75663965],[-98.52821711,19.75652965],[-98.52845195,19.75633638],[-98.52903106,19.75597129],[-98.52963111,19.75556883],[-98.53007912,19.75524803],[-98.53051448,19.75503098],[-98.53090989,19.75481302],[-98.53122537,19.75459322],[-98.53140028,19.75439858],[-98.53155665,19.75414677],[-98.53162214,19.75393071],[-98.53170857,19.75367729],[-98.53179138,19.75356568],[-98.53193488,19.75342708],[-98.53215851,19.75328085],[-98.53242283,19.75310717],[-98.53263265,19.75294983],[-98.53320089,19.75245303],[-98.53338469,19.75228731],[-98.53348058,19.75226825],[-98.53352517,19.75227989],[-98.53354652,19.75232286],[-98.53358457,19.75237154],[-98.53365132,19.75239431],[-98.53370782,19.75237966],[-98.53374843,19.75232749],[-98.53378506,19.75221149],[-98.53385452,19.75212812],[-98.53392906,19.75206609],[-98.5340084,19.75203605],[-98.53413778,19.75202308],[-98.53422657,19.75206228],[-98.53433205,19.75210718],[-98.53442754,19.75210406],[-98.53448977,19.75208423],[-98.53453558,19.75204811],[-98.53456357,19.75201038],[-98.53420642,19.75176618],[-98.53463285,19.75150268],[-98.53481934,19.75093871],[-98.53508345,19.7506978],[-98.53502871,19.75062902],[-98.53801748,19.74848465],[-98.5388224,19.74743157],[-98.53884609,19.74737932],[-98.53933871,19.74651871],[-98.5392326,19.74440763],[-98.53911674,19.74399312],[-98.53844963,19.74262128],[-98.53700078,19.74109269],[-98.53610122,19.73937974],[-98.53605645,19.73894715],[-98.53582998,19.73851551],[-98.53574582,19.73794686],[-98.53577628,19.73787229],[-98.53549143,19.73387946],[-98.53612298,19.73117345],[-98.53645318,19.72972562],[-98.53655032,19.72959075],[-98.53632757,19.7288658],[-98.53642998,19.7286338],[-98.53635186,19.72848532],[-98.53615743,19.72656157],[-98.53559652,19.72562485],[-98.53505971,19.72472685],[-98.53460202,19.72367362],[-98.53496325,19.72284452],[-98.53505837,19.72231723],[-98.53459335,19.72121898],[-98.53409115,19.72046448],[-98.53391495,19.71908557],[-98.53427349,19.71684166],[-98.534642308,19.715308729],[-98.534749878,19.714861624],[-98.53499572,19.7138398],[-98.535072248,19.713715235],[-98.53508712,19.71369103],[-98.53510748,19.71348169],[-98.535137925,19.713460383],[-98.53514043,19.71345863],[-98.535265079,19.713481917],[-98.53543082,19.71351288],[-98.53549174,19.71351786],[-98.53561323,19.71353871],[-98.535661011,19.713549605],[-98.53566415,19.71355032],[-98.53610138,19.71364545],[-98.53705474,19.713833],[-98.53747085,19.71400411],[-98.53852522,19.71447528],[-98.53951502,19.71489438],[-98.54161928,19.71578326],[-98.54227263,19.71591152],[-98.54308617,19.71630994],[-98.5437952,19.71666603],[-98.54486932,19.71720034],[-98.54786652,19.71864685],[-98.54879362,19.71911234],[-98.54981912,19.71960555],[-98.5510042,19.72018043],[-98.55237952,19.72084171],[-98.55251352,19.72088009],[-98.55317015,19.71915394],[-98.55352758,19.71815552],[-98.55378389,19.71740725],[-98.55438043,19.71567291],[-98.55464957,19.71541568],[-98.55475026,19.71509442],[-98.55502491,19.71420891],[-98.55519782,19.71364628],[-98.55536914,19.71310523],[-98.55563275,19.71224391],[-98.55583577,19.71157811],[-98.55604243,19.71093728],[-98.55620455,19.71040663],[-98.555886,19.71028458],[-98.55579925,19.71026711],[-98.55572869,19.71025518],[-98.55561794,19.71024192],[-98.55551391,19.71023434],[-98.55528165,19.7100464],[-98.5550062,19.70984157],[-98.55483974,19.70974491],[-98.55461726,19.70960057],[-98.55443934,19.70952428],[-98.55435895,19.70951065],[-98.55429352,19.70952725],[-98.55418818,19.70953571],[-98.55409662,19.70952822],[-98.55402866,19.70949591],[-98.55400671,19.70945558],[-98.5539484,19.70936222],[-98.55414646,19.70836805],[-98.55406972,19.70830968],[-98.55396969,19.70827803],[-98.55390374,19.70826146],[-98.55380622,19.70815462],[-98.5534296,19.70728992],[-98.55328194,19.70706691],[-98.55280392,19.70611723],[-98.55263268,19.70591615],[-98.55263429,19.70585228],[-98.5527004,19.70575522],[-98.55289078,19.70558975],[-98.55359388,19.70499368],[-98.55372388,19.70488283],[-98.55362182,19.70480391],[-98.55303694,19.70435332],[-98.55266125,19.70399329],[-98.55241862,19.70371297],[-98.55227777,19.70357863],[-98.5521728,19.70334532],[-98.55193665,19.70270774],[-98.55157737,19.70215377],[-98.55178937,19.70166528],[-98.55220157,19.70062518],[-98.55254423,19.70037758],[-98.55254658,19.69985512],[-98.55284042,19.69936368],[-98.55282389,19.6984138],[-98.55277314,19.69764115],[-98.553158,19.69690703],[-98.55348355,19.69634228],[-98.55401297,19.69586902],[-98.55436732,19.69550657],[-98.55485585,19.69519795],[-98.5604488,19.69245698],[-98.56058209,19.6923848],[-98.56060802,19.69248528],[-98.56091032,19.69347526],[-98.56108282,19.69413518],[-98.56127755,19.69478222],[-98.56154622,19.69500991],[-98.56223177,19.69750134],[-98.56284808,19.69748728],[-98.56286131,19.69749874],[-98.56267278,19.69889815],[-98.56252502,19.69987663],[-98.56237434,19.70107666],[-98.56239611,19.70107966],[-98.56288589,19.70117991],[-98.56328997,19.70136377],[-98.56424643,19.70166815],[-98.56425674,19.70168532],[-98.56409091,19.70303865],[-98.56411094,19.70304003],[-98.56459377,19.70319102],[-98.56489389,19.70328862],[-98.56515745,19.7033748],[-98.56516363,19.70342522],[-98.56451878,19.70546663],[-98.56452771,19.70551498],[-98.56465166,19.70603505],[-98.56761138,19.70695749],[-98.56849922,19.70573731],[-98.56841178,19.70651231],[-98.56817678,19.7083766],[-98.56805046,19.70920697],[-98.56803968,19.70937111],[-98.56792794,19.71018874],[-98.56762905,19.71228366],[-98.56735349,19.71414117],[-98.56722495,19.71506442],[-98.56746102,19.71591495],[-98.56749506,19.71595503],[-98.5689852,19.71656332],[-98.56985157,19.71693174],[-98.56958792,19.71881123],[-98.56926728,19.72103357],[-98.56971203,19.72123494],[-98.5706672,19.72165965],[-98.57178183,19.7220696],[-98.57290442,19.72257711],[-98.57349362,19.72277458],[-98.5746652,19.72320109],[-98.5755672,19.72354789],[-98.57627042,19.72380895],[-98.576746,19.72400245],[-98.57717854,19.72418262],[-98.57757902,19.72435091],[-98.5781266,19.72457795],[-98.578987,19.72488454],[-98.57958577,19.72514529],[-98.58085954,19.72566117],[-98.58275434,19.72641991],[-98.58423846,19.72697045],[-98.58582995,19.72761769],[-98.586586829,19.7278863],[-98.587009969,19.728036467],[-98.587143798,19.72808396],[-98.58729906,19.72813906],[-98.58664751,19.72720717],[-98.58621337,19.72654666],[-98.58590968,19.72601012],[-98.58469365,19.72435857],[-98.58412922,19.72353289],[-98.58422422,19.72333329],[-98.5842294,19.72210682],[-98.58678195,19.72216817],[-98.58850914,19.72101631],[-98.59011409,19.72036577],[-98.5905954,19.72013886],[-98.59154728,19.71967845],[-98.59330954,19.71863382],[-98.59474997,19.71773026],[-98.5958846,19.71711455],[-98.59686806,19.71662926],[-98.59850135,19.71633728],[-98.599504,19.71621586],[-98.60085558,19.71597155],[-98.60159674,19.71584955],[-98.60214934,19.715733],[-98.60287526,19.71688534],[-98.60434515,19.7194034],[-98.60506825,19.72039214],[-98.60651822,19.72278714],[-98.60796874,19.72494812],[-98.60810171,19.72507503],[-98.60795525,19.72537908],[-98.6076796,19.7256654],[-98.60711858,19.72697415],[-98.60631317,19.72885303],[-98.60605552,19.72945406],[-98.60574698,19.73017378],[-98.60489408,19.73216337],[-98.60456143,19.73293931],[-98.60321306,19.73264688],[-98.60305211,19.73436794],[-98.603061352,19.734391406],[-98.603066276,19.734403909],[-98.60318483,19.73470491],[-98.603278156,19.734810454],[-98.603310626,19.734847173],[-98.603311279,19.734847912],[-98.6037694,19.735366],[-98.60387458,19.73596722],[-98.60363149,19.73894877],[-98.6035838,19.74026295],[-98.60357554,19.74036534],[-98.60317888,19.74464212],[-98.60314094,19.74511592],[-98.60292689,19.74778808],[-98.60279238,19.7477326],[-98.60267737,19.74946151],[-98.60248585,19.75153529],[-98.6017318,19.75169963],[-98.60161912,19.752576393],[-98.601608277,19.752660759],[-98.60158675,19.75282826],[-98.601770862,19.752789158],[-98.60195834,19.75274934],[-98.602149454,19.752708752],[-98.602387432,19.752658211],[-98.602397049,19.752656168],[-98.60240073,19.752655388],[-98.60240084,19.752655365],[-98.602400846,19.752656255],[-98.602404636,19.753131271],[-98.60240559,19.753250824],[-98.602408337,19.753595255],[-98.60240883,19.75365705],[-98.60238754,19.75423988],[-98.602343406,19.754618764],[-98.602339288,19.754654128],[-98.602338195,19.754663505],[-98.60230229,19.75497175],[-98.602101216,19.75608522],[-98.60208938,19.75615077],[-98.60190229,19.75673105],[-98.60170634,19.75730915],[-98.60114614,19.75827189],[-98.60058592,19.75923465],[-98.600201138,19.759895905],[-98.60002571,19.76019738],[-98.59946548,19.76116014],[-98.59927658,19.76138582],[-98.59941646,19.76148882],[-98.59883903,19.76247349],[-98.59826158,19.76345817],[-98.59768414,19.76444283],[-98.59710668,19.76542749],[-98.59690843,19.7657442],[-98.59689403,19.76576722],[-98.59686666,19.76583975],[-98.59674546,19.76597348],[-98.59612234,19.7670038],[-98.595929657,19.767328089],[-98.59561646,19.7678552],[-98.59511058,19.7687066],[-98.595027203,19.768846699],[-98.595010299,19.768875103],[-98.59434223,19.76999766],[-98.5938758,19.77077443],[-98.59338331,19.7716102],[-98.59293788,19.7723576],[-98.59248072,19.77312049],[-98.59197205,19.77396674],[-98.59149851,19.77476035],[-98.59102495,19.77555398],[-98.590780253,19.775975558],[-98.59045429,19.77653714],[-98.58988363,19.77752029],[-98.58931295,19.77850345],[-98.58881703,19.77944638],[-98.588753789,19.779614879],[-98.58842528,19.78049014],[-98.5882376,19.78148392],[-98.588081861,19.782308562],[-98.58804992,19.78247769],[-98.58786223,19.78347148],[-98.58767455,19.78446526],[-98.587588817,19.784488215],[-98.58758663,19.7844888],[-98.587585017,19.784488129],[-98.58750103,19.78445317],[-98.58732268,19.78426975],[-98.5872278,19.78415498],[-98.58714786,19.78402128],[-98.58705934,19.78382475],[-98.58693815,19.78356265],[-98.58685335,19.783364],[-98.58672131,19.78307312],[-98.586621483,19.782847861],[-98.586621453,19.782847794],[-98.586605859,19.782812598],[-98.58659652,19.78279152],[-98.586522461,19.782628473],[-98.5864666,19.78250549],[-98.586338579,19.782219141],[-98.586312843,19.782161381],[-98.58621838,19.78194937],[-98.58613125,19.78176218],[-98.586097491,19.781688705],[-98.58605943,19.781605851],[-98.58594309,19.78134169],[-98.585914611,19.78127892],[-98.585893541,19.78123248],[-98.585875697,19.781193152],[-98.585809309,19.78104683],[-98.585634923,19.780659569],[-98.5855834,19.78054515],[-98.585432169,19.780201551],[-98.585374208,19.780071327],[-98.585364056,19.780048514],[-98.585359605,19.780038519],[-98.58527026,19.779837781],[-98.58517781,19.779634239],[-98.585149834,19.779572645],[-98.585134162,19.779538141],[-98.585131951,19.779533274],[-98.58507494,19.77940775],[-98.585052316,19.779337752],[-98.58503555,19.77928588],[-98.584938019,19.77905128],[-98.584853386,19.778866628],[-98.58484925,19.778857601],[-98.58481234,19.778722521],[-98.58477068,19.77853666],[-98.584766783,19.778518113],[-98.58474918,19.77843434],[-98.58472692,19.7783998],[-98.5846851,19.778356918],[-98.58468211,19.778353851],[-98.58462055,19.77830618],[-98.584538289,19.778283874],[-98.58453672,19.77828345],[-98.58453449,19.778283789],[-98.58451552,19.77828668],[-98.58445298,19.778366681],[-98.584389861,19.778509177],[-98.584073885,19.779222522],[-98.584000843,19.779387414],[-98.583975089,19.779445555],[-98.58388126,19.779657382],[-98.583666079,19.780116],[-98.583557627,19.780347133],[-98.583520379,19.780426521],[-98.58347031,19.78053323],[-98.58319226,19.781140911],[-98.583153249,19.78122546],[-98.583038618,19.78148635],[-98.58299673,19.781581677],[-98.582931883,19.781729254],[-98.58248483,19.78274666],[-98.582394417,19.78289628],[-98.58199455,19.783312201],[-98.581909702,19.783414377],[-98.581814109,19.783529492],[-98.581603599,19.783779061],[-98.58131709,19.784100521],[-98.58110977,19.78435483],[-98.58081865,19.78479331],[-98.58028623,19.78565854],[-98.57972654,19.78653911],[-98.57898218,19.78764109],[-98.57886906,19.787804268],[-98.57886618,19.78780842],[-98.57854925,19.78848943],[-98.57881886,19.79381862],[-98.57891183,19.79422728],[-98.57890891,19.79533872],[-98.578923,19.79564708],[-98.57957175,19.79826249],[-98.57977949,19.79884445],[-98.5813242,19.80330642],[-98.58135546,19.80339712],[-98.58340283,19.80925348],[-98.58376898,19.8101782],[-98.58408263,19.81066322],[-98.58439942,19.8112312],[-98.58450883,19.81162325],[-98.58461832,19.81202208],[-98.58474942,19.81252417],[-98.5848382,19.81298049],[-98.58493626,19.81340449],[-98.58512294,19.81418083],[-98.58526538,19.81476843],[-98.58544203,19.8155226],[-98.58565665,19.81647888],[-98.58586194,19.81737034],[-98.58607945,19.81822306],[-98.5863438,19.8193692],[-98.58666226,19.82031111],[-98.58694705,19.82087318],[-98.58748,19.82190185],[-98.5878874,19.82251825],[-98.58821309,19.82293568],[-98.58833877,19.8231128],[-98.58708978,19.8231872],[-98.58502769,19.82335117],[-98.58216138,19.8235492],[-98.57839355,19.82381908],[-98.57543177,19.82406565],[-98.57547383,19.82325842],[-98.57520442,19.82349863],[-98.57458998,19.82431694],[-98.57390966,19.82494083],[-98.57349168,19.82542529],[-98.57242795,19.82778603],[-98.57176705,19.82817949],[-98.57172603,19.82820526],[-98.57131717,19.82774628],[-98.57051002,19.82685026],[-98.56998309,19.82908611],[-98.56979305,19.82906448],[-98.56952917,19.82902989],[-98.56933012,19.82903589],[-98.56909894,19.82914832],[-98.56888531,19.82927103],[-98.56755214,19.83049095],[-98.56700088,19.83115125],[-98.56647529,19.83155168],[-98.56567389,19.83235314],[-98.56449731,19.83334272],[-98.56277098,19.83442546],[-98.56142674,19.83500262],[-98.56096108,19.83544078],[-98.56074918,19.83571982],[-98.56047385,19.83603863],[-98.56024091,19.83629766],[-98.56019742,19.83675683],[-98.56019637,19.83713623],[-98.55998469,19.83733538],[-98.55903322,19.83785223],[-98.55911738,19.83795228],[-98.55922246,19.83813225],[-98.55945414,19.83833251],[-98.55968588,19.8385128],[-98.55998145,19.83851352],[-98.5602558,19.83855414],[-98.56048726,19.83883428],[-98.5604524,19.83921329],[-98.56111123,19.84151814],[-98.56131583,19.84309875],[-98.56135469,19.84416543],[-98.56110178,19.84495486],[-98.56080698,19.84578369],[-98.56059565,19.84665225],[-98.56009428,19.84712786],[-98.55950771,19.84767946],[-98.55950272,19.84773642],[-98.56032902,19.84778609],[-98.55952846,19.84859971],[-98.56023115,19.84896965],[-98.56133465,19.84975463],[-98.56070255,19.85049574],[-98.56040642,19.85122498],[-98.55995626,19.85198082],[-98.55884677,19.85216575],[-98.55840063,19.85229483],[-98.55777429,19.85282817],[-98.55674605,19.8539118],[-98.5561234,19.85387126],[-98.55470208,19.85385374],[-98.55421462,19.85406543],[-98.553678,19.85410386],[-98.55327577,19.85391245],[-98.55269745,19.85348412],[-98.55212997,19.85332937],[-98.55099086,19.85368298],[-98.55082362,19.85250335],[-98.54604214,19.85202369],[-98.54615168,19.85299589],[-98.54603768,19.85296068],[-98.5458366,19.85291674],[-98.5455838,19.85294408],[-98.54519785,19.85315449],[-98.54503043,19.85319002],[-98.54489188,19.85325994],[-98.54464198,19.85326548],[-98.54434497,19.85325309],[-98.54401637,19.85331305],[-98.54367563,19.85332718],[-98.54342049,19.85330451],[-98.54329175,19.85322286],[-98.54325982,19.853076],[-98.54322149,19.85294585],[-98.54317752,19.85280431],[-98.54305149,19.85261595],[-98.54284155,19.85245377],[-98.54263977,19.85243792],[-98.54240105,19.85247183],[-98.5422168,19.85246763],[-98.54207588,19.85239695],[-98.54184317,19.85219491],[-98.54156828,19.8520144],[-98.54116206,19.85185335],[-98.54043258,19.85162648],[-98.54036466,19.85157188],[-98.54010945,19.85109491],[-98.53996155,19.85106969],[-98.53987937,19.85099409],[-98.53923242,19.85029203],[-98.53892022,19.85018602],[-98.5389026,19.85014266],[-98.53834383,19.84999251],[-98.53676478,19.84939082],[-98.53667455,19.84940271],[-98.53648954,19.84943009],[-98.53639894,19.84936745],[-98.53609245,19.84912997],[-98.53599397,19.84905329],[-98.53574157,19.84896183],[-98.53566365,19.84876946],[-98.53544466,19.84866265],[-98.53532302,19.84848426],[-98.53504217,19.84837558],[-98.53483205,19.84843855],[-98.53484814,19.84848385],[-98.53527215,19.84900431],[-98.53403722,19.84890022],[-98.53382028,19.84807912],[-98.53386811,19.84801049],[-98.53237448,19.8478958],[-98.53215195,19.84732211],[-98.53182555,19.84748042],[-98.53149252,19.84777177],[-98.53004069,19.84714351],[-98.52946965,19.84660083],[-98.52894226,19.84618314],[-98.52863174,19.84609043],[-98.528267,19.84602371],[-98.52778051,19.84598955],[-98.52715505,19.84593858],[-98.52658171,19.84588777],[-98.52617446,19.84588668],[-98.52615169,19.84573788],[-98.52540997,19.84532929],[-98.52578962,19.84594308],[-98.52442505,19.84673897],[-98.52086477,19.8458446],[-98.52082185,19.84583295],[-98.51969882,19.84546748],[-98.51820731,19.84491112],[-98.51760885,19.84488288],[-98.51667129,19.84457966],[-98.51504837,19.84432394],[-98.51463545,19.84485655],[-98.5102138,19.85238743],[-98.50039235,19.86856943],[-98.48625229,19.874743771],[-98.48582057,19.874403661],[-98.48439143,19.873269981],[-98.48343749,19.872514861],[-98.48263543,19.871871571],[-98.48107418,19.872158861],[-98.47916754,19.872663421],[-98.47871185,19.872821511],[-98.47827331,19.872883981],[-98.47790238,19.872898851],[-98.47763265,19.872898051],[-98.47732946,19.872817451],[-98.47714443,19.872689381],[-98.47697632,19.87254542],[-98.47674062,19.872449081],[-98.47648785,19.872416451],[-98.47621811,19.872415651],[-98.47589791,19.872382831],[-98.47567871,19.872398121],[-98.47549289,19.872509171],[-98.47532378,19.872668091],[-98.47515478,19.872795121],[-98.47491882,19.872778481],[-98.47450632,19.872602511],[-98.47391655,19.872521061],[-98.47346195,19.872344371],[-98.47292291,19.87221523],[-98.47231638,19.872101851],[-98.47174337,19.872052321],[-98.47135552,19.872083061],[-98.47081595,19.872113341],[-98.470647,19.872224431],[-98.47039343,19.872430921],[-98.4701396,19.872717111],[-98.46990285,19.872939581],[-98.46964966,19.873034491],[-98.46934626,19.873017651],[-98.46900546,19.872997571],[-98.46888926,19.872967261],[-98.46837415,19.872738251],[-98.46789354,19.872476851],[-98.46717197,19.872279711],[-98.46638303,19.871659921],[-98.46572434,19.871393651],[-98.46529635,19.871088321],[-98.46211646,19.872132451],[-98.46137343,19.872354661],[-98.46082095,19.871145201],[-98.46087849,19.870678351],[-98.46091265,19.869914221],[-98.46101485,19.869031201],[-98.45895274,19.868699431],[-98.45817746,19.868873571],[-98.45603855,19.869577261],[-98.45582826,19.870587521],[-98.45541343,19.87217728],[-98.45527223,19.872524201],[-98.4550544,19.872720151],[-98.45433074,19.873725541],[-98.45368315,19.874429321],[-98.45305266,19.875139031],[-98.45331237,19.875471121],[-98.45379469,19.876748061],[-98.45452828,19.878489661],[-98.4553124,19.880441821],[-98.45495006,19.880643321],[-98.45504258,19.880770771],[-98.45520375,19.88090931],[-98.45546357,19.881107151],[-98.45561974,19.881297941],[-98.45575435,19.881629521],[-98.45593,19.881822861],[-98.456111749,19.881995831],[-98.45626745,19.882168721],[-98.45642291,19.882415491],[-98.45644828,19.882612621],[-98.45657777,19.882834691],[-98.456707,19.883130651],[-98.45704463,19.883427251],[-98.45748662,19.883674891],[-98.45769442,19.883847941],[-98.45800617,19.884095201],[-98.45808338,19.884366371],[-98.45802058,19.884975251],[-98.45792894,19.885759861],[-98.45777885,19.886379601],[-98.45775266,19.886530891],[-98.45849174,19.888335861],[-98.4572544,19.889043581],[-98.45448872,19.886902541],[-98.45349202,19.887582771],[-98.45305674,19.887871261],[-98.45061469,19.887095091],[-98.45035849,19.888643751],[-98.44941342,19.888273891],[-98.44932405,19.887793051],[-98.44830325,19.885159371],[-98.4473344,19.882770741],[-98.44710502,19.882195511],[-98.44705735,19.882143661],[-98.44692966,19.882107721],[-98.44683974,19.882022121],[-98.44674992,19.881908111],[-98.44673529,19.881787201],[-98.44672085,19.881616541],[-98.44660091,19.881516651],[-98.44645826,19.881459321],[-98.44631538,19.881465981],[-98.44620142,19.881529621],[-98.44611854,19.881579121],[-98.44605062,19.881657111],[-98.44596029,19.881685261],[-98.4458626,19.881670741],[-98.44575757,19.881606431],[-98.44569769,19.881528051],[-98.44558545,19.881376001],[-98.44520952,19.881374821],[-98.44501417,19.881338661],[-98.4449242,19.881267291],[-98.44487202,19.881139171],[-98.44481998,19.880968381],[-98.44476068,19.880726491],[-98.44467118,19.880520051],[-98.44455915,19.880306431],[-98.44445462,19.880099941],[-98.44435695,19.880078311],[-98.4442042,19.880115621],[-98.44403006,19.880057981],[-98.44388038,19.879931321],[-98.44369872,19.879728921],[-98.44340318,19.879331091],[-98.4434452,19.87924105],[-98.44349563,19.879137221],[-98.44339417,19.879063351],[-98.44316192,19.878828031],[-98.44264423,19.878340821],[-98.44240491,19.878162821],[-98.44223257,19.877998771],[-98.44198408,19.877836031],[-98.44179751,19.877713031],[-98.44160577,19.877626981],[-98.44143125,19.877540171],[-98.44091703,19.877425801],[-98.4396762,19.877513921],[-98.43957834,19.877573381],[-98.43952529,19.877658581],[-98.43944154,19.877752651],[-98.43933695,19.877865451],[-98.4391876,19.878002231],[-98.43896945,19.878037081],[-98.43869825,19.878192631],[-98.43850994,19.878291571],[-98.43847952,19.878391001],[-98.43849392,19.878568771],[-98.43847829,19.878739341],[-98.43848526,19.878895751],[-98.43839197,19.879357661],[-98.43827322,19.879624651],[-98.43803828,19.879897971],[-98.43789466,19.880069051],[-98.43761097,19.880335511],[-98.43758623,19.880669631],[-98.43758535,19.880914711],[-98.4377254,19.881293911],[-98.43788909,19.881606061],[-98.43809995,19.881985771],[-98.43830974,19.882632551],[-98.43830794,19.883144981],[-98.43809454,19.883523061],[-98.4378252,19.88381045],[-98.43759946,19.884183291],[-98.43736071,19.884478781],[-98.43731194,19.884946511],[-98.43754495,19.885685631],[-98.43801795,19.886474431],[-98.43799322,19.886808551],[-98.43796863,19.887098111],[-98.43773268,19.887186481],[-98.43742534,19.887475151],[-98.43700072,19.887607491],[-98.43643532,19.887573171],[-98.43624682,19.887572571],[-98.4360814,19.887705721],[-98.43589234,19.887861081],[-98.43584466,19.888016891],[-98.43584363,19.888306521],[-98.43586642,19.888529401],[-98.43574805,19.88868498],[-98.43546563,19.888648461],[-98.43548155,19.888470711],[-98.43445763,19.888945421],[-98.43438589,19.889126941],[-98.4339972,19.890139651],[-98.43429754,19.890158971],[-98.43416368,19.890261821],[-98.43402126,19.890551001],[-98.43387909,19.890773351],[-98.43350135,19.89097268],[-98.43319431,19.891172221],[-98.43281682,19.891304691],[-98.43243955,19.891370321],[-98.43222709,19.891481051],[-98.43187315,19.891613601],[-98.43140092,19.891879451],[-98.43135529,19.891887511],[-98.43132315,19.892179821],[-98.43036022,19.892248541],[-98.43032169,19.892385001],[-98.43044315,19.892608631],[-98.43053086,19.89281788],[-98.43075063,19.893194711],[-98.43119049,19.893864781],[-98.43204317,19.894625231],[-98.43320732,19.89479571],[-98.43513812,19.895019281],[-98.43704674,19.895573691],[-98.43724223,19.895848231],[-98.4373142,19.896935151],[-98.43768,19.897717721],[-98.43795546,19.898613181],[-98.43809322,19.899063181],[-98.43837175,19.899969951],[-98.439691812,19.902290026],[-98.43969186,19.902290111],[-98.43843257,19.902329221],[-98.43734849,19.902509851],[-98.43702585,19.903083541],[-98.43655625,19.904127141],[-98.4361352,19.904827461],[-98.43587997,19.905345661],[-98.43476385,19.906178091],[-98.43386617,19.906968651],[-98.43266726,19.907212631],[-98.4310258,19.906683621],[-98.43061906,19.906158281],[-98.42992057,19.905499251],[-98.42933594,19.90504902],[-98.42770357,19.905831081],[-98.42744817,19.905952251],[-98.42644526,19.907046921],[-98.42595851,19.907571721],[-98.42566568,19.908120911],[-98.4250446,19.909284511],[-98.42453505,19.910168421],[-98.42425368,19.910621571],[-98.42395831,19.911107461],[-98.42370622,19.911522321],[-98.42274829,19.913773771],[-98.42250057,19.914658521],[-98.4223922,19.915112251],[-98.422471819,19.916002581],[-98.42216089,19.916313351],[-98.42108023,19.916541741],[-98.42036812,19.916655371],[-98.41963694,19.917201951],[-98.41928952,19.917492231],[-98.41848608,19.918384201],[-98.41739725,19.918931851],[-98.41610643,19.919192821],[-98.41516177,19.919502851],[-98.41373829,19.920108111],[-98.41299466,19.920182051],[-98.41239757,19.920315891],[-98.41152648,19.920236571]]]]},"properties":{"municipality":"Tepeapulco","official_key":"13061","CVE_ENT":"13","CVE_MUN":"061","geometry_kind":"municipality","source":"INEGI Gaia — Servicio vectorial del Marco Geoestadístico"}},"features":[{"type":"Feature","geometry":{"type":"MultiPolygon","crs":{"type":"name","properties":{"name":"EPSG:6365"}},"coordinates":[[[[-98.548554497,19.776172333],[-98.548957804,19.775677789],[-98.549011936,19.775612595],[-98.549148475,19.775772804],[-98.549312094,19.775905015],[-98.549634484,19.776181585],[-98.549939672,19.776436805],[-98.550276244,19.776703533],[-98.550544514,19.776915934],[-98.550847245,19.777108489],[-98.551224496,19.77737998],[-98.551270718,19.777479621],[-98.551406269,19.776654183],[-98.551448065,19.776399671],[-98.551480692,19.776218677],[-98.551562291,19.775826708],[-98.551603845,19.775458415],[-98.551621908,19.77538087],[-98.551642537,19.775266293],[-98.55165733,19.775178292],[-98.551666754,19.775078755],[-98.5516726,19.7749982],[-98.551692924,19.774888425],[-98.5517424,19.774544662],[-98.55179318,19.774230855],[-98.551858399,19.774261769],[-98.553024245,19.775119139],[-98.554068923,19.775987401],[-98.555113614,19.776855663],[-98.5553456,19.776679538],[-98.555593122,19.776587877],[-98.555409007,19.776194881],[-98.555004972,19.775791856],[-98.554822681,19.775527154],[-98.554140306,19.775016186],[-98.554559801,19.774532241],[-98.554231936,19.77426139],[-98.554288937,19.774180632],[-98.554474312,19.773994783],[-98.554998357,19.773513812],[-98.555188315,19.773350748],[-98.55531839,19.773319761],[-98.555616875,19.773317202],[-98.555711716,19.773402541],[-98.556021123,19.773569878],[-98.557596353,19.77443204],[-98.558104773,19.774718029],[-98.558781052,19.7750672],[-98.558832215,19.775057708],[-98.558909377,19.774834431],[-98.558973815,19.774599077],[-98.559004091,19.77441027],[-98.559064554,19.774068538],[-98.559124541,19.773899763],[-98.559171537,19.773807546],[-98.5592699,19.773614554],[-98.559432369,19.773286923],[-98.559624977,19.772824377],[-98.559795985,19.772485985],[-98.559958692,19.772072108],[-98.560103626,19.77180302],[-98.560104923,19.771800612],[-98.560133923,19.771746769],[-98.560185579,19.7715889],[-98.56033497,19.771654901],[-98.560561831,19.771789246],[-98.5610986,19.772074385],[-98.561704185,19.772382262],[-98.562072147,19.772573935],[-98.562160664,19.772620209],[-98.562403523,19.772776877],[-98.562717435,19.772974942],[-98.563011323,19.773226215],[-98.563087523,19.773306662],[-98.562938864,19.773476051],[-98.562903389,19.773516477],[-98.563304154,19.774051185],[-98.563875508,19.774807692],[-98.56396,19.774919585],[-98.563202768,19.775092455],[-98.561846137,19.775480216],[-98.561024261,19.775712508],[-98.559917711,19.776022847],[-98.559626761,19.776104444],[-98.55927223,19.776184278],[-98.559073877,19.776228924],[-98.558360984,19.776391324],[-98.557775291,19.776550109],[-98.557759829,19.776585026],[-98.557695361,19.776730609],[-98.557692722,19.776736569],[-98.557699161,19.776730695],[-98.557772722,19.776663586],[-98.557930525,19.776626018],[-98.557930662,19.776625985],[-98.557934325,19.776626104],[-98.55811394,19.776631926],[-98.558117645,19.776632047],[-98.558117738,19.776632013],[-98.558240984,19.776587077],[-98.558335785,19.776510646],[-98.558478585,19.776469201],[-98.558745753,19.776465169],[-98.558876753,19.776462736],[-98.558879821,19.776462679],[-98.558880553,19.776462823],[-98.559021814,19.776490523],[-98.559139184,19.776501247],[-98.559295645,19.776554138],[-98.559564276,19.776580415],[-98.559795353,19.776638386],[-98.560014076,19.77673797],[-98.560276585,19.776780323],[-98.560461137,19.776812477],[-98.560640517,19.776876647],[-98.560786291,19.77689817],[-98.560981276,19.776955416],[-98.561082814,19.776975924],[-98.561213169,19.777075415],[-98.561284014,19.777129755],[-98.561406754,19.777156923],[-98.561624735,19.777242041],[-98.561836631,19.777297568],[-98.562014553,19.777309615],[-98.5622382,19.777368124],[-98.562307662,19.777526293],[-98.562339768,19.777534492],[-98.562420291,19.777553324],[-98.5624474,19.777580555],[-98.562559908,19.777757662],[-98.562694476,19.777962693],[-98.562747928,19.778068829],[-98.562747968,19.778068908],[-98.562751728,19.778068915],[-98.562769924,19.778068947],[-98.562773676,19.778068954],[-98.562773724,19.778069033],[-98.563267999,19.778902708],[-98.563570201,19.779015731],[-98.56357203,19.779016416],[-98.563573999,19.779015817],[-98.563891015,19.778919509],[-98.564386137,19.778780324],[-98.564831814,19.778657232],[-98.56487464,19.778651402],[-98.564878046,19.778650938],[-98.56487844,19.778651488],[-98.565028061,19.778860201],[-98.565298274,19.779245436],[-98.565299553,19.779247262],[-98.565187691,19.779338001],[-98.565482997,19.77975235],[-98.565484262,19.779754123],[-98.565486797,19.779752436],[-98.565745403,19.77958023],[-98.565747767,19.779578656],[-98.565749201,19.779580316],[-98.566067246,19.779948246],[-98.566139692,19.780003786],[-98.565544445,19.78067677],[-98.567186307,19.782403832],[-98.567447229,19.782818932],[-98.567449335,19.782822283],[-98.566544631,19.783558247],[-98.566182815,19.783608185],[-98.565991638,19.78363485],[-98.565763891,19.783718063],[-98.565499697,19.783844709],[-98.565345757,19.78393799],[-98.564930837,19.784189413],[-98.564351248,19.78461488],[-98.563380056,19.785020154],[-98.562441052,19.785374951],[-98.562134907,19.785481886],[-98.561557231,19.785704271],[-98.560794061,19.786005401],[-98.560378968,19.786158523],[-98.56026309,19.786203665],[-98.560092908,19.786269962],[-98.559735385,19.786406324],[-98.55977443,19.786454462],[-98.56062289,19.787105424],[-98.560785845,19.787230446],[-98.561249209,19.787578474],[-98.5612674,19.787592138],[-98.561282765,19.787603689],[-98.56132563,19.787637093],[-98.561594257,19.787846442],[-98.561643654,19.787886724],[-98.56169305,19.787927004],[-98.561848137,19.788056878],[-98.562003226,19.788186751],[-98.562246722,19.788395185],[-98.561527154,19.788992909],[-98.560730291,19.789648016],[-98.560681768,19.789678631],[-98.560806073,19.789808782],[-98.561240118,19.790347026],[-98.561659014,19.790777077],[-98.561791308,19.790910723],[-98.561784684,19.791100977],[-98.561775985,19.791308509],[-98.561770399,19.791345693],[-98.562064491,19.79151357],[-98.562761892,19.791905308],[-98.563526446,19.792380785],[-98.564325631,19.792870678],[-98.564419267,19.792940805],[-98.5642949,19.792990269],[-98.564170523,19.793039738],[-98.563876999,19.793207908],[-98.562985754,19.793823123],[-98.562677523,19.794034554],[-98.562160431,19.794362524],[-98.561193261,19.794921631],[-98.560989262,19.795028169],[-98.560468046,19.795301193],[-98.559999646,19.795576708],[-98.559495185,19.795872077],[-98.559181862,19.796028446],[-98.558719631,19.796301492],[-98.55840922,19.796520719],[-98.558154708,19.7966212],[-98.557900077,19.796786223],[-98.557682569,19.796875862],[-98.557380262,19.796876485],[-98.557363592,19.7969836],[-98.557409477,19.797368776],[-98.557553977,19.798790613],[-98.556330185,19.798426569],[-98.555128231,19.7997762],[-98.553719062,19.798615912],[-98.553554158,19.798780627],[-98.553464292,19.798828154],[-98.553336877,19.798935708],[-98.553177585,19.799082092],[-98.553139631,19.798826892],[-98.553109561,19.7985193],[-98.553067723,19.798060215],[-98.553040838,19.797732523],[-98.552955923,19.797520785],[-98.552831985,19.797444754],[-98.552581954,19.797519401],[-98.55236143,19.797647892],[-98.5522352,19.797796478],[-98.552196338,19.797948586],[-98.552139292,19.79805497],[-98.552048268,19.7981143],[-98.551936323,19.798153723],[-98.551789491,19.798173216],[-98.551596277,19.798156339],[-98.551477876,19.798141985],[-98.551402454,19.798143494],[-98.551348553,19.798151862],[-98.551292307,19.798180747],[-98.551117446,19.798193978],[-98.551052691,19.798232923],[-98.55096283,19.798253109],[-98.550865809,19.79826986],[-98.550799211,19.798262246],[-98.550728177,19.798254124],[-98.550611476,19.798238539],[-98.550460723,19.798207539],[-98.550335876,19.798205462],[-98.550211954,19.798206847],[-98.550031584,19.798279717],[-98.549884214,19.798316755],[-98.549653277,19.7983504],[-98.549556194,19.798389265],[-98.54948245,19.798428186],[-98.54939443,19.798439862],[-98.549251722,19.798422586],[-98.549123385,19.798398477],[-98.549048245,19.798363323],[-98.548899368,19.798293231],[-98.5487368,19.798151016],[-98.548877814,19.798126369],[-98.549027576,19.798126738],[-98.549049722,19.798080923],[-98.548979523,19.797984832],[-98.548852138,19.797859416],[-98.548764262,19.797788277],[-98.548680907,19.797667139],[-98.548562245,19.797575078],[-98.548399414,19.797524632],[-98.548283754,19.797481324],[-98.548284054,19.797372878],[-98.548310691,19.797297893],[-98.548275707,19.797210232],[-98.548200922,19.797176678],[-98.54799396,19.797159478],[-98.547861885,19.79712995],[-98.54776963,19.797050478],[-98.54773486,19.796883578],[-98.547713499,19.796649985],[-98.547581846,19.796482846],[-98.5474414,19.796299001],[-98.547342,19.796116847],[-98.547229299,19.795966678],[-98.547100291,19.795580873],[-98.547019446,19.795411493],[-98.546874507,19.79526517],[-98.546791949,19.79513481],[-98.546751499,19.795063585],[-98.546713461,19.794907062],[-98.54669343,19.794786985],[-98.546642291,19.794572309],[-98.546578508,19.794429923],[-98.546544876,19.794318415],[-98.546531107,19.794214323],[-98.546549599,19.794077223],[-98.546552846,19.793891632],[-98.546539889,19.793755055],[-98.546494384,19.793626615],[-98.546473291,19.793536139],[-98.546397615,19.793547862],[-98.546352292,19.793511185],[-98.546277323,19.793513478],[-98.546064262,19.79353037],[-98.545810654,19.793542878],[-98.545738677,19.793542693],[-98.545738984,19.793428277],[-98.545746291,19.793136637],[-98.545815763,19.792545989],[-98.545852718,19.792080607],[-98.545853047,19.792076478],[-98.545853209,19.792072287],[-98.545872352,19.791580048],[-98.545910062,19.791085789],[-98.545972477,19.790587539],[-98.545989508,19.790055846],[-98.546007661,19.789686831],[-98.546028754,19.789483146],[-98.5460644,19.788968646],[-98.5460764,19.788803677],[-98.546092726,19.788555221],[-98.546092867,19.788553086],[-98.546093028,19.788550642],[-98.544584648,19.789242957],[-98.544309278,19.78872621],[-98.54359688,19.789036189],[-98.542651654,19.789427762],[-98.542172245,19.789633708],[-98.541796323,19.78980304],[-98.541427153,19.789954063],[-98.5411072,19.79008887],[-98.54084683,19.790193509],[-98.540771034,19.790223157],[-98.540665507,19.790269363],[-98.540251491,19.790463555],[-98.540086018,19.79054115],[-98.539248645,19.790931754],[-98.538842103,19.791096377],[-98.537980086,19.791500958],[-98.537081984,19.7919084],[-98.536982905,19.791703956],[-98.536481759,19.790669859],[-98.535923879,19.789459429],[-98.53568808,19.788950881],[-98.535616683,19.788671716],[-98.535292816,19.788032811],[-98.535230759,19.787910388],[-98.535061032,19.787575557],[-98.534779149,19.787046131],[-98.534539159,19.78645107],[-98.534298863,19.785827941],[-98.53425505,19.785714327],[-98.533876172,19.785351381],[-98.533813297,19.785374582],[-98.533457621,19.785505822],[-98.533377028,19.785382636],[-98.53335231,19.785342471],[-98.533252799,19.785180777],[-98.532980748,19.784738723],[-98.533168529,19.78471427],[-98.533956633,19.78461164],[-98.534983122,19.784419262],[-98.53598816,19.784254631],[-98.536993184,19.784090001],[-98.537646631,19.783982779],[-98.539097268,19.783724187],[-98.540705891,19.783462639],[-98.541789262,19.783292247],[-98.542872628,19.783121856],[-98.543668015,19.783024246],[-98.543756277,19.783028308],[-98.54357208,19.782936598],[-98.543364997,19.782776763],[-98.543181518,19.782608798],[-98.542976693,19.782300795],[-98.54279308,19.78195949],[-98.54255676,19.781561229],[-98.542250863,19.781013595],[-98.543275358,19.780238843],[-98.543657862,19.780469806],[-98.543777776,19.780542212],[-98.543948545,19.780407419],[-98.544762647,19.780899083],[-98.544952477,19.781013539],[-98.545135571,19.78116218],[-98.545182533,19.781078222],[-98.545218507,19.780943538],[-98.5452818,19.780759847],[-98.545308662,19.780653831],[-98.545327426,19.780601009],[-98.545342014,19.780506124],[-98.545300676,19.780436862],[-98.545237877,19.7803662],[-98.545209031,19.780308585],[-98.545207568,19.780199062],[-98.545195277,19.780143424],[-98.545145431,19.780150046],[-98.545086699,19.780153263],[-98.545017384,19.780122754],[-98.544996138,19.780085632],[-98.544994537,19.78002497],[-98.544993907,19.779982001],[-98.545025922,19.779933462],[-98.545049107,19.779874831],[-98.545040399,19.779824492],[-98.544989168,19.779780769],[-98.544872661,19.77977507],[-98.544782005,19.779769639],[-98.544691461,19.779727785],[-98.544598325,19.779628696],[-98.544502431,19.779534785],[-98.544491976,19.779347446],[-98.544496314,19.779071846],[-98.544759637,19.778944612],[-98.545335323,19.778658863],[-98.545854338,19.778348554],[-98.546547922,19.777518047],[-98.546647138,19.777403032],[-98.547334367,19.776649701],[-98.548092249,19.775837319],[-98.548229673,19.775814065],[-98.548365888,19.775816861],[-98.548554497,19.776172333]]]]},"properties":{"locality":"Tepeapulco","municipality":null,"official_key":"130610001","CVE_ENT":"13","CVE_MUN":"061","CVE_LOC":"0001","ambito":"URBANO","geometry_kind":"locality","source":"INEGI Gaia — Servicio vectorial del Marco Geoestadístico"}},{"type":"Feature","geometry":{"type":"MultiPolygon","crs":{"type":"name","properties":{"name":"EPSG:6365"}},"coordinates":[[[[-98.574174092,19.7842678],[-98.573089492,19.784146738],[-98.573439985,19.784444169],[-98.5731876,19.784679169],[-98.5733184,19.784793585],[-98.572565277,19.785572338],[-98.572157234,19.785236705],[-98.572156338,19.785235969],[-98.572153434,19.785236619],[-98.571472046,19.785389215],[-98.57146583,19.785343517],[-98.571315691,19.784514079],[-98.571261769,19.784547585],[-98.569986321,19.784374262],[-98.570059698,19.785131672],[-98.570099,19.785537354],[-98.570143462,19.786229323],[-98.570159815,19.786488738],[-98.570148108,19.786636877],[-98.570168462,19.786662723],[-98.570169415,19.786944708],[-98.569713017,19.787322936],[-98.569666769,19.787361262],[-98.569010399,19.787310138],[-98.568942799,19.786499955],[-98.568914297,19.786158211],[-98.568831,19.785112478],[-98.568822253,19.785002671],[-98.568747707,19.784066739],[-98.568686277,19.783295738],[-98.568664384,19.783021],[-98.568581092,19.781975278],[-98.568550522,19.781921507],[-98.5685174,19.7818632],[-98.568276522,19.782059139],[-98.567861491,19.782396769],[-98.56753043,19.782666093],[-98.567449335,19.782822283],[-98.567447229,19.782818932],[-98.567186307,19.782403832],[-98.565544445,19.78067677],[-98.566139692,19.780003786],[-98.566067246,19.779948246],[-98.565749201,19.779580316],[-98.565747767,19.779578656],[-98.565745403,19.77958023],[-98.565486797,19.779752436],[-98.565484262,19.779754123],[-98.565482997,19.77975235],[-98.565187691,19.779338001],[-98.565299553,19.779247262],[-98.565298274,19.779245436],[-98.565028061,19.778860201],[-98.56487844,19.778651488],[-98.564878046,19.778650938],[-98.56487464,19.778651402],[-98.564831814,19.778657232],[-98.564386137,19.778780324],[-98.563891015,19.778919509],[-98.563573999,19.779015817],[-98.56357203,19.779016416],[-98.563570201,19.779015731],[-98.563267999,19.778902708],[-98.562773724,19.778069033],[-98.562773676,19.778068954],[-98.562769924,19.778068947],[-98.562751728,19.778068915],[-98.562747968,19.778068908],[-98.562747928,19.778068829],[-98.562694476,19.777962693],[-98.562559908,19.777757662],[-98.5624474,19.777580555],[-98.562420291,19.777553324],[-98.562339768,19.777534492],[-98.562307662,19.777526293],[-98.5622382,19.777368124],[-98.562014553,19.777309615],[-98.561836631,19.777297568],[-98.561624735,19.777242041],[-98.561406754,19.777156923],[-98.561284014,19.777129755],[-98.561213169,19.777075415],[-98.561082814,19.776975924],[-98.560981276,19.776955416],[-98.560786291,19.77689817],[-98.560640517,19.776876647],[-98.560461137,19.776812477],[-98.560276585,19.776780323],[-98.560014076,19.77673797],[-98.559795353,19.776638386],[-98.559564276,19.776580415],[-98.559295645,19.776554138],[-98.559139184,19.776501247],[-98.559021814,19.776490523],[-98.558880553,19.776462823],[-98.558879821,19.776462679],[-98.558876753,19.776462736],[-98.558745753,19.776465169],[-98.558478585,19.776469201],[-98.558335785,19.776510646],[-98.558240984,19.776587077],[-98.558117738,19.776632013],[-98.558117645,19.776632047],[-98.55811394,19.776631926],[-98.557934325,19.776626104],[-98.557930662,19.776625985],[-98.557930525,19.776626018],[-98.557772722,19.776663586],[-98.557699161,19.776730695],[-98.557692722,19.776736569],[-98.557695361,19.776730609],[-98.557759829,19.776585026],[-98.557775291,19.776550109],[-98.558360984,19.776391324],[-98.559073877,19.776228924],[-98.55927223,19.776184278],[-98.559626761,19.776104444],[-98.559917711,19.776022847],[-98.561024261,19.775712508],[-98.561846137,19.775480216],[-98.563202768,19.775092455],[-98.56396,19.774919585],[-98.563875508,19.774807692],[-98.563304154,19.774051185],[-98.562903389,19.773516477],[-98.562938864,19.773476051],[-98.563087523,19.773306662],[-98.563348306,19.772927417],[-98.563559277,19.772693846],[-98.563930108,19.772296462],[-98.564151046,19.772061831],[-98.564334671,19.771870104],[-98.5642732,19.771827815],[-98.564890092,19.770948969],[-98.565600477,19.769923354],[-98.566138969,19.769157308],[-98.566683646,19.768397138],[-98.567309185,19.767466492],[-98.567374169,19.767487646],[-98.56736079,19.767456729],[-98.56722243,19.767137],[-98.56719316,19.767132119],[-98.566076615,19.766945893],[-98.565041645,19.766753293],[-98.565039054,19.76673452],[-98.564994876,19.766414477],[-98.564938137,19.766011785],[-98.564898246,19.765782954],[-98.564751762,19.76462357],[-98.564905553,19.764584954],[-98.565040655,19.764579739],[-98.565175624,19.764621767],[-98.565266661,19.764616432],[-98.565366584,19.764591647],[-98.565489814,19.764636431],[-98.565610916,19.764647786],[-98.565834168,19.764623308],[-98.566011733,19.764562523],[-98.565833769,19.764282491],[-98.565509182,19.763771735],[-98.565358262,19.763506151],[-98.565089669,19.763033474],[-98.564696937,19.762316385],[-98.564515199,19.761870277],[-98.564509095,19.761855229],[-98.564398999,19.761583846],[-98.564396939,19.761578828],[-98.564340047,19.76144034],[-98.564098337,19.762061709],[-98.563813738,19.762782954],[-98.5636944,19.762831754],[-98.563401118,19.762845417],[-98.560500729,19.761041624],[-98.560659306,19.760737214],[-98.560770788,19.760595109],[-98.56092309,19.760180755],[-98.56097883,19.759698245],[-98.560954994,19.759695648],[-98.56067472,19.759665117],[-98.560434153,19.759651078],[-98.56027137,19.75903121],[-98.560159758,19.758392802],[-98.56008577,19.757984564],[-98.559958137,19.757934779],[-98.559804132,19.756917513],[-98.560311514,19.756700484],[-98.561845026,19.75652907],[-98.562269272,19.756627629],[-98.562837901,19.757031521],[-98.563022046,19.757149016],[-98.563470902,19.757435411],[-98.563492359,19.757940273],[-98.564558308,19.758057538],[-98.564649172,19.757262743],[-98.564725431,19.756595692],[-98.564853469,19.755330399],[-98.564923768,19.754635538],[-98.565011262,19.754146338],[-98.565120215,19.753787324],[-98.565178545,19.753669168],[-98.565338123,19.753345923],[-98.565644891,19.753008109],[-98.565849572,19.752833234],[-98.56620682,19.752528013],[-98.566602733,19.752322424],[-98.566754621,19.752243552],[-98.566993738,19.752168693],[-98.567058104,19.752155906],[-98.567068014,19.752153938],[-98.567584446,19.752051354],[-98.567896631,19.752050493],[-98.5682088,19.752049632],[-98.568877052,19.752118664],[-98.569633861,19.752205692],[-98.570586323,19.752289462],[-98.570791651,19.752312232],[-98.57101888,19.752337429],[-98.571431092,19.752383138],[-98.572385108,19.752456754],[-98.57243018,19.752460232],[-98.573339137,19.752530369],[-98.573683845,19.75257077],[-98.57402161,19.75260786],[-98.574447554,19.752660292],[-98.57482452,19.752692848],[-98.575568415,19.752757093],[-98.575917646,19.752822446],[-98.576280507,19.752864709],[-98.576663691,19.752892663],[-98.577470062,19.752981169],[-98.577836077,19.753014509],[-98.578277319,19.7530768],[-98.579126676,19.753142217],[-98.579588507,19.753177785],[-98.579889753,19.753206356],[-98.580911323,19.753303242],[-98.580961184,19.75330797],[-98.582059026,19.753417343],[-98.582286138,19.753439969],[-98.582483607,19.753459639],[-98.583322662,19.753543216],[-98.583611123,19.753571954],[-98.583786092,19.753590138],[-98.584120108,19.753624862],[-98.584593245,19.753674047],[-98.585575353,19.753776123],[-98.585786908,19.753798124],[-98.586557491,19.753878232],[-98.587501968,19.753962492],[-98.587564385,19.753968063],[-98.587760738,19.753985585],[-98.588571271,19.754057909],[-98.588713229,19.754108631],[-98.588992938,19.754121862],[-98.590673462,19.754272769],[-98.591476544,19.754333048],[-98.591641923,19.754376169],[-98.591672354,19.754093],[-98.591690738,19.753928062],[-98.591706908,19.753783031],[-98.591746831,19.753382631],[-98.5917896,19.753028738],[-98.592305452,19.752946137],[-98.592619097,19.752883876],[-98.592998292,19.752795123],[-98.593194723,19.752625615],[-98.593325754,19.752483769],[-98.593421508,19.752085338],[-98.593456884,19.751896448],[-98.593457954,19.751890738],[-98.593519385,19.7520212],[-98.593736615,19.752445123],[-98.594020923,19.752976908],[-98.594423862,19.753698323],[-98.594623615,19.754089538],[-98.595653138,19.753889846],[-98.596682646,19.753690138],[-98.597712169,19.753490431],[-98.598741692,19.753290708],[-98.5997712,19.753090985],[-98.600800692,19.752891262],[-98.60158675,19.75282826],[-98.601770862,19.752789158],[-98.60195834,19.75274934],[-98.602149454,19.752708752],[-98.602387432,19.752658211],[-98.602397049,19.752656168],[-98.60240073,19.752655388],[-98.60240084,19.752655365],[-98.602400846,19.752656255],[-98.602404636,19.753131271],[-98.60240559,19.753250824],[-98.602408337,19.753595255],[-98.60240883,19.75365705],[-98.60238754,19.75423988],[-98.602343407,19.754618764],[-98.602339288,19.754654128],[-98.602338195,19.754663505],[-98.60230229,19.75497175],[-98.602101216,19.75608522],[-98.60208938,19.75615077],[-98.60190229,19.75673105],[-98.60170634,19.75730915],[-98.60114614,19.75827189],[-98.60058592,19.75923465],[-98.600201138,19.759895905],[-98.60002571,19.76019738],[-98.59946548,19.76116014],[-98.59927658,19.76138582],[-98.59941646,19.76148882],[-98.59883903,19.76247349],[-98.59826158,19.76345817],[-98.59768414,19.76444283],[-98.59710668,19.76542749],[-98.59690843,19.7657442],[-98.59689403,19.76576722],[-98.59686666,19.76583975],[-98.59674546,19.76597348],[-98.59612234,19.7670038],[-98.595929657,19.767328089],[-98.59561646,19.7678552],[-98.59511058,19.7687066],[-98.595027203,19.768846699],[-98.595010299,19.768875103],[-98.59434223,19.76999766],[-98.5938758,19.77077443],[-98.59338331,19.7716102],[-98.59293788,19.7723576],[-98.59248072,19.77312049],[-98.59197205,19.77396674],[-98.59149851,19.77476035],[-98.59102495,19.77555398],[-98.590780253,19.775975558],[-98.59045429,19.77653714],[-98.58988363,19.77752029],[-98.58931295,19.77850345],[-98.58881703,19.77944638],[-98.588753789,19.779614879],[-98.58842528,19.78049014],[-98.5882376,19.78148392],[-98.588081861,19.782308562],[-98.58804992,19.78247769],[-98.588023796,19.782616013],[-98.58786223,19.78347148],[-98.58767455,19.78446526],[-98.587588817,19.784488215],[-98.58758663,19.7844888],[-98.587585017,19.784488129],[-98.587578092,19.784485246],[-98.58750103,19.78445317],[-98.58732268,19.78426975],[-98.5872278,19.78415498],[-98.58714786,19.78402128],[-98.58705934,19.78382475],[-98.58693815,19.78356265],[-98.58685335,19.783364],[-98.58672131,19.78307312],[-98.586721236,19.783072954],[-98.586621482,19.782847862],[-98.586621453,19.782847794],[-98.586605859,19.782812598],[-98.58659652,19.78279152],[-98.586522461,19.782628473],[-98.5864666,19.78250549],[-98.586338579,19.782219141],[-98.586312843,19.782161381],[-98.58621838,19.78194937],[-98.58613125,19.78176218],[-98.586097491,19.781688705],[-98.58605943,19.781605851],[-98.58594309,19.78134169],[-98.585914611,19.78127892],[-98.585893541,19.78123248],[-98.585875697,19.781193152],[-98.585809309,19.78104683],[-98.585634923,19.780659569],[-98.5855834,19.78054515],[-98.585432169,19.780201551],[-98.585374208,19.780071327],[-98.585364056,19.780048514],[-98.585359605,19.780038519],[-98.58527026,19.779837781],[-98.58517781,19.779634239],[-98.585149834,19.779572645],[-98.585134162,19.779538141],[-98.585131951,19.779533274],[-98.58507494,19.77940775],[-98.585052316,19.779337752],[-98.58503555,19.77928588],[-98.584938019,19.77905128],[-98.584853386,19.778866628],[-98.58484925,19.778857601],[-98.58481234,19.778722521],[-98.58477068,19.77853666],[-98.584766783,19.778518113],[-98.58474918,19.77843434],[-98.58472692,19.7783998],[-98.5846851,19.778356918],[-98.58468211,19.778353851],[-98.58462055,19.77830618],[-98.584538289,19.778283874],[-98.58453672,19.77828345],[-98.58453449,19.778283789],[-98.58451552,19.77828668],[-98.58445298,19.778366681],[-98.584389861,19.778509177],[-98.584073885,19.779222522],[-98.584000843,19.779387414],[-98.583975089,19.779445555],[-98.58388126,19.779657382],[-98.583666079,19.780116],[-98.583557627,19.780347133],[-98.583520379,19.780426521],[-98.58347031,19.78053323],[-98.58319226,19.781140911],[-98.583153249,19.78122546],[-98.583038618,19.78148635],[-98.58299673,19.781581677],[-98.582931883,19.781729254],[-98.58248483,19.78274666],[-98.582394417,19.78289628],[-98.58199455,19.783312201],[-98.581909702,19.783414377],[-98.581814109,19.783529492],[-98.581603599,19.783779061],[-98.58131709,19.784100521],[-98.58110977,19.78435483],[-98.58081865,19.78479331],[-98.58028623,19.78565854],[-98.57972654,19.78653911],[-98.57898218,19.78764109],[-98.57886906,19.787804268],[-98.57886618,19.78780842],[-98.578513816,19.786185614],[-98.578291862,19.785163385],[-98.578195508,19.784702646],[-98.577216569,19.784598046],[-98.576237615,19.784493462],[-98.575258692,19.784388862],[-98.575254924,19.784388443],[-98.574174092,19.7842678]]]]},"properties":{"locality":"Fray Bernardino de Sahagún (Ciudad Sahagún)","municipality":null,"official_key":"130610002","CVE_ENT":"13","CVE_MUN":"061","CVE_LOC":"0002","ambito":"URBANO","geometry_kind":"locality","source":"INEGI Gaia — Servicio vectorial del Marco Geoestadístico"}},{"type":"Feature","geometry":{"type":"MultiPolygon","crs":{"type":"name","properties":{"name":"EPSG:6365"}},"coordinates":[[[[-98.525991538,19.806437353],[-98.525644349,19.807186739],[-98.52536883,19.807107197],[-98.524893113,19.806815073],[-98.524754496,19.807027354],[-98.524374053,19.806853381],[-98.524490942,19.806737375],[-98.524574869,19.80662259],[-98.523853743,19.806340605],[-98.524108747,19.805922021],[-98.524185288,19.805917137],[-98.524253061,19.805899553],[-98.524275239,19.805854211],[-98.524203409,19.805740122],[-98.524079038,19.805727377],[-98.523854376,19.805593671],[-98.523441961,19.805861209],[-98.522748338,19.805604878],[-98.5229922,19.804952201],[-98.522118553,19.804652523],[-98.521785184,19.804570386],[-98.521637154,19.804546955],[-98.521660571,19.80479755],[-98.521568647,19.805184669],[-98.521535228,19.805245937],[-98.521544825,19.805717496],[-98.521457865,19.805987171],[-98.520659294,19.805985382],[-98.520654658,19.806622046],[-98.520173545,19.806682507],[-98.519882869,19.806520896],[-98.519178344,19.806636584],[-98.518928008,19.80651778],[-98.518924434,19.806106246],[-98.518763618,19.805949082],[-98.518613474,19.805926018],[-98.518420383,19.805864017],[-98.517637192,19.805785067],[-98.517489686,19.805693501],[-98.517160382,19.805570481],[-98.51717946,19.805203621],[-98.517056383,19.805200154],[-98.516825625,19.805101053],[-98.516682407,19.804877249],[-98.516651842,19.804767002],[-98.516763097,19.804778395],[-98.516684545,19.804136803],[-98.517434795,19.804040301],[-98.517207636,19.803216929],[-98.517951555,19.803140785],[-98.518444929,19.802933455],[-98.519032769,19.802664909],[-98.518842667,19.802362137],[-98.518987857,19.802279489],[-98.519219323,19.80222557],[-98.519354877,19.802195123],[-98.519534862,19.802213446],[-98.519641199,19.802199138],[-98.519703062,19.802157155],[-98.519923322,19.801996062],[-98.520121682,19.801860253],[-98.519846484,19.800717112],[-98.520861881,19.800402478],[-98.521190305,19.8003055],[-98.521201906,19.800888212],[-98.521210207,19.801218183],[-98.521251598,19.801414038],[-98.521317492,19.80157457],[-98.521644966,19.802175013],[-98.521840079,19.802163051],[-98.522420146,19.802138982],[-98.523010943,19.802155291],[-98.523252956,19.802178479],[-98.523432499,19.802208436],[-98.523704855,19.802281041],[-98.523827009,19.802323364],[-98.523933698,19.802364946],[-98.524193811,19.802509721],[-98.5245183,19.802654496],[-98.52473629,19.802703478],[-98.524881233,19.802707539],[-98.525041791,19.80269376],[-98.525225657,19.802634919],[-98.525409522,19.802586172],[-98.526666711,19.802107524],[-98.527520872,19.801775891],[-98.528622939,19.801346615],[-98.528904249,19.802012586],[-98.52901626,19.802380509],[-98.528993518,19.80247031],[-98.528915847,19.802503544],[-98.528814149,19.802509447],[-98.527722818,19.802219473],[-98.527859716,19.802371093],[-98.527980519,19.80264889],[-98.528031369,19.802797509],[-98.528227278,19.803543867],[-98.528558139,19.804912723],[-98.527387831,19.805036917],[-98.52725865,19.804109777],[-98.52606719,19.803763257],[-98.525958507,19.803758549],[-98.525506502,19.803652898],[-98.52489204,19.804960988],[-98.524843288,19.805073789],[-98.524998384,19.805216872],[-98.525110566,19.805359955],[-98.525151594,19.805447765],[-98.525190738,19.805562817],[-98.52520465,19.805671793],[-98.525134072,19.805867832],[-98.525991538,19.806437353]]]]},"properties":{"locality":"Los Cides","municipality":null,"official_key":"130610003","CVE_ENT":"13","CVE_MUN":"061","CVE_LOC":"0003","ambito":"RURAL","geometry_kind":"locality","source":"INEGI Gaia — Servicio vectorial del Marco Geoestadístico"}},{"type":"Feature","geometry":{"type":"MultiPolygon","crs":{"type":"name","properties":{"name":"EPSG:6365"}},"coordinates":[[[[-98.474858967,19.830278473],[-98.474183049,19.830379399],[-98.473668065,19.830439955],[-98.473657338,19.830581251],[-98.473281829,19.830692269],[-98.472906318,19.830187639],[-98.472745387,19.82992523],[-98.472037284,19.830450048],[-98.471779791,19.830187638],[-98.472520081,19.82954171],[-98.472702471,19.829420596],[-98.472466437,19.828976518],[-98.47225186,19.828370954],[-98.472101656,19.8280278],[-98.47253081,19.827805758],[-98.473560779,19.827210283],[-98.473947016,19.829087536],[-98.474386899,19.828946239],[-98.474515645,19.829299485],[-98.474730222,19.829652728],[-98.474858967,19.830278473]]]]},"properties":{"locality":"Los Coyotes","municipality":null,"official_key":"130610004","CVE_ENT":"13","CVE_MUN":"061","CVE_LOC":"0004","ambito":"RURAL","geometry_kind":"locality","source":"INEGI Gaia — Servicio vectorial del Marco Geoestadístico"}},{"type":"Feature","geometry":{"type":"MultiPolygon","crs":{"type":"name","properties":{"name":"EPSG:6365"}},"coordinates":[[[[-98.43142962,19.87163571],[-98.430566112,19.87146848],[-98.430397298,19.871515666],[-98.430272932,19.871526129],[-98.430113699,19.871458396],[-98.430036632,19.871330497],[-98.430019246,19.871191098],[-98.429395808,19.871068679],[-98.42929979,19.87099759],[-98.428894497,19.871223441],[-98.428022988,19.871670775],[-98.427767811,19.87145012],[-98.427485234,19.871081529],[-98.427293832,19.87060605],[-98.427275867,19.870040772],[-98.426335059,19.870445139],[-98.425812677,19.870607346],[-98.425390182,19.870608874],[-98.424974347,19.870692653],[-98.424925883,19.87062814],[-98.425107905,19.870458751],[-98.425186669,19.870359014],[-98.426499247,19.869860719],[-98.427043013,19.869651156],[-98.427469809,19.869424246],[-98.427048339,19.868878825],[-98.427315438,19.868545311],[-98.427394354,19.868326981],[-98.427285519,19.867866486],[-98.427577338,19.867819677],[-98.427653785,19.867613263],[-98.427737937,19.867385108],[-98.427803646,19.867246692],[-98.427827292,19.867136816],[-98.427871191,19.866827592],[-98.428009148,19.866591841],[-98.42827878,19.866422853],[-98.428580599,19.866299271],[-98.428939093,19.866320529],[-98.429678464,19.865680866],[-98.430018649,19.865911992],[-98.430194768,19.865930269],[-98.430471904,19.865896189],[-98.430618479,19.866019746],[-98.430857984,19.866236589],[-98.431058045,19.866322159],[-98.431125573,19.866014006],[-98.430992408,19.865851765],[-98.430940657,19.865456652],[-98.430916326,19.865089366],[-98.431403903,19.865084458],[-98.431562172,19.865469042],[-98.431698097,19.865667883],[-98.432044359,19.866019676],[-98.432321505,19.86626249],[-98.432571561,19.86646007],[-98.432858987,19.866689509],[-98.43254177,19.866814333],[-98.432623995,19.866835969],[-98.432733576,19.866874709],[-98.432849224,19.866947598],[-98.432908565,19.86701065],[-98.433017108,19.867181676],[-98.433098129,19.867298207],[-98.433266528,19.8674517],[-98.433494067,19.867638367],[-98.433673602,19.867815713],[-98.433890845,19.868048181],[-98.434025823,19.868226966],[-98.434284757,19.867964187],[-98.434632204,19.867605551],[-98.434914039,19.867140534],[-98.435606454,19.867618092],[-98.435328312,19.868033379],[-98.434723087,19.868621709],[-98.434155415,19.869260488],[-98.434034456,19.869435222],[-98.433727603,19.869849659],[-98.433554099,19.870119689],[-98.433348541,19.870393942],[-98.43244837,19.870302503],[-98.432295733,19.870322085],[-98.432121991,19.870328929],[-98.431935327,19.870301366],[-98.431891523,19.870434263],[-98.431780019,19.870601532],[-98.431651961,19.870828339],[-98.431577547,19.870893705],[-98.43154979,19.871113244],[-98.43149299,19.871181883],[-98.431404002,19.871210161],[-98.431344046,19.87122131],[-98.431433254,19.871404669],[-98.4315241,19.871579051],[-98.43142962,19.87163571]]]]},"properties":{"locality":"Francisco Sarabia (Corralillos)","municipality":null,"official_key":"130610005","CVE_ENT":"13","CVE_MUN":"061","CVE_LOC":"0005","ambito":"RURAL","geometry_kind":"locality","source":"INEGI Gaia — Servicio vectorial del Marco Geoestadístico"}},{"type":"Feature","geometry":{"type":"MultiPolygon","crs":{"type":"name","properties":{"name":"EPSG:6365"}},"coordinates":[[[[-98.595501154,19.733216539],[-98.594407246,19.732276357],[-98.593991764,19.73192497],[-98.593686262,19.731658232],[-98.593402048,19.731464965],[-98.593284457,19.731430519],[-98.593177594,19.731416272],[-98.593021061,19.731410279],[-98.592923535,19.731510323],[-98.592445122,19.731853877],[-98.592066985,19.732115554],[-98.591883062,19.732255632],[-98.590638169,19.733203692],[-98.589814984,19.731984092],[-98.58978463,19.731939138],[-98.589074554,19.730850739],[-98.588710337,19.730292492],[-98.589051746,19.729954881],[-98.589281459,19.72972043],[-98.589688197,19.729334496],[-98.590310632,19.729716637],[-98.590348264,19.729675431],[-98.590632659,19.729659471],[-98.591106675,19.729833131],[-98.591633363,19.730192632],[-98.591826968,19.730289067],[-98.593152466,19.731238861],[-98.59339355,19.73102982],[-98.593642836,19.731122229],[-98.593885497,19.731193681],[-98.594779305,19.731534898],[-98.595274488,19.731763575],[-98.59563556,19.731901363],[-98.596101802,19.732304551],[-98.596270549,19.732051696],[-98.5970723,19.732339131],[-98.597258686,19.7324068],[-98.597440391,19.732672907],[-98.597503251,19.732871979],[-98.597555384,19.733025608],[-98.597682617,19.732941916],[-98.59792326,19.732844526],[-98.598215243,19.732810979],[-98.59839342,19.732832076],[-98.598539411,19.732873371],[-98.598657704,19.733134759],[-98.598749038,19.7333008],[-98.598842982,19.733434314],[-98.599147448,19.733657601],[-98.599234294,19.733491251],[-98.599364054,19.733329949],[-98.600016846,19.733582698],[-98.600068823,19.733512285],[-98.600268835,19.73350121],[-98.600953564,19.733869328],[-98.60168537,19.734245686],[-98.60103322,19.735176],[-98.600438848,19.736035894],[-98.600309062,19.736223663],[-98.60016078,19.73644063],[-98.599818215,19.736941938],[-98.600023877,19.737115046],[-98.59966517,19.73762682],[-98.599359399,19.738063081],[-98.599091277,19.73844294],[-98.598797291,19.738847678],[-98.597979708,19.738163708],[-98.597679785,19.738587154],[-98.597006948,19.738009996],[-98.59656876,19.737626323],[-98.595411297,19.736635002],[-98.595137046,19.736390001],[-98.594741062,19.736040754],[-98.594013814,19.735399293],[-98.594311768,19.734965663],[-98.594540291,19.734633047],[-98.594788156,19.734261779],[-98.595119584,19.733780938],[-98.595501154,19.733216539]]]]},"properties":{"locality":"Irolo","municipality":null,"official_key":"130610007","CVE_ENT":"13","CVE_MUN":"061","CVE_LOC":"0007","ambito":"RURAL","geometry_kind":"locality","source":"INEGI Gaia — Servicio vectorial del Marco Geoestadístico"}},{"type":"Feature","geometry":{"type":"MultiPolygon","crs":{"type":"name","properties":{"name":"EPSG:6365"}},"coordinates":[[[[-98.456121924,19.849955153],[-98.456094569,19.85047054],[-98.455602021,19.850415812],[-98.455107092,19.850422951],[-98.454747795,19.850215938],[-98.454741362,19.850308752],[-98.45372105,19.85005748],[-98.453843575,19.849756667],[-98.453539018,19.849694999],[-98.453229689,19.849620642],[-98.453027565,19.849572769],[-98.45300364,19.849567103],[-98.452768669,19.849483822],[-98.452498004,19.849445155],[-98.452593723,19.849836577],[-98.452457606,19.849757416],[-98.45207459,19.84962974],[-98.451627199,19.849418811],[-98.451329288,19.849229517],[-98.45176354,19.848500728],[-98.451618437,19.848384994],[-98.451637594,19.848264763],[-98.45165187,19.84814103],[-98.452184552,19.847492659],[-98.452413975,19.847765496],[-98.452592468,19.84799048],[-98.452934163,19.848331832],[-98.452885267,19.848401278],[-98.452969866,19.848408983],[-98.453109421,19.8484969],[-98.453227518,19.84855454],[-98.453372437,19.848632365],[-98.45348517,19.848669824],[-98.45354705,19.848678123],[-98.453661139,19.848732729],[-98.453775229,19.848762108],[-98.454100447,19.848785538],[-98.454127187,19.848734882],[-98.454298509,19.848801508],[-98.454460312,19.848901444],[-98.454553451,19.849077409],[-98.454756926,19.849060732],[-98.454985366,19.848846315],[-98.45506206,19.848742479],[-98.454820361,19.848621266],[-98.455300058,19.847429642],[-98.455489385,19.847034165],[-98.456059999,19.847396923],[-98.456505956,19.847688422],[-98.456660812,19.847408821],[-98.457348956,19.848161504],[-98.457235434,19.848478736],[-98.457459728,19.848849098],[-98.457048161,19.849136332],[-98.456632318,19.848884396],[-98.456469888,19.848898672],[-98.456448291,19.848752283],[-98.456367684,19.848545344],[-98.456249385,19.848434209],[-98.456071798,19.849508693],[-98.456189739,19.849683895],[-98.456068387,19.849773124],[-98.456207584,19.849819525],[-98.456121924,19.849955153]]]]},"properties":{"locality":"Jagüey Prieto","municipality":null,"official_key":"130610008","CVE_ENT":"13","CVE_MUN":"061","CVE_LOC":"0008","ambito":"RURAL","geometry_kind":"locality","source":"INEGI Gaia — Servicio vectorial del Marco Geoestadístico"}},{"type":"Feature","geometry":{"type":"MultiPolygon","crs":{"type":"name","properties":{"name":"EPSG:6365"}},"coordinates":[[[[-98.38232748,19.90385035],[-98.381922496,19.902967153],[-98.381683317,19.90239674],[-98.38155542,19.902154198],[-98.381450294,19.902231019],[-98.38142082,19.90216411],[-98.38050014,19.90008391],[-98.38048168,19.900043431],[-98.380575016,19.899956679],[-98.38092158,19.89963452],[-98.381202259,19.89936712],[-98.38137963,19.89919597],[-98.381906889,19.898701291],[-98.382763549,19.897876521],[-98.38357952,19.897103921],[-98.384775911,19.89595003],[-98.38525828,19.895506251],[-98.385890522,19.894885985],[-98.38732281,19.893482655],[-98.388342636,19.892508299],[-98.390469865,19.890490406],[-98.390919537,19.890076104],[-98.391493404,19.889546536],[-98.391958657,19.889097246],[-98.392419024,19.888653717],[-98.392633315,19.888389891],[-98.392796071,19.888204],[-98.392886453,19.888119939],[-98.392978816,19.888302118],[-98.393014705,19.888682261],[-98.393021135,19.889001638],[-98.394458033,19.889564743],[-98.394847789,19.889861941],[-98.395579384,19.89039455],[-98.396517927,19.891096431],[-98.398434106,19.892422847],[-98.400880641,19.894076641],[-98.40089485,19.897157328],[-98.400903587,19.897725915],[-98.401043732,19.897856235],[-98.401364185,19.898072109],[-98.401431433,19.898179538],[-98.401445292,19.898353698],[-98.401465907,19.898362243],[-98.401492734,19.898293696],[-98.401560033,19.89818387],[-98.401658257,19.898177185],[-98.401720524,19.898224458],[-98.401761333,19.898347394],[-98.401914334,19.898461891],[-98.402229244,19.898651455],[-98.402480893,19.89880238],[-98.402664909,19.898974591],[-98.40279615,19.899075501],[-98.403070959,19.89916185],[-98.403225514,19.89930018],[-98.403309664,19.899455826],[-98.403476964,19.89970983],[-98.403554338,19.899808897],[-98.403674626,19.89986761],[-98.403871565,19.899856323],[-98.404070222,19.899875525],[-98.404172521,19.899923394],[-98.404267345,19.900023665],[-98.404344713,19.900264495],[-98.404436099,19.900443713],[-98.404570556,19.900650915],[-98.404786568,19.900817759],[-98.404849386,19.903900362],[-98.408706932,19.903862048],[-98.408753206,19.90620527],[-98.406157302,19.906271277],[-98.4051076,19.906250182],[-98.405157957,19.906374619],[-98.405114439,19.90645366],[-98.40485726,19.906587621],[-98.404726149,19.906678748],[-98.404712629,19.906949775],[-98.404657982,19.907058541],[-98.40428618,19.906722613],[-98.403553127,19.906288496],[-98.401012264,19.906303286],[-98.401042897,19.908495721],[-98.404845701,19.908494009],[-98.404845979,19.908606681],[-98.40482692,19.908907111],[-98.40481831,19.909506091],[-98.4047986,19.909831001],[-98.404806435,19.909967665],[-98.404706933,19.909984404],[-98.404527812,19.909925074],[-98.404391319,19.909961805],[-98.40424706,19.909930323],[-98.404056526,19.909858362],[-98.403917052,19.909863404],[-98.403632737,19.909863404],[-98.403316236,19.909853317],[-98.403031922,19.909888623],[-98.402785159,19.909989499],[-98.402516942,19.910037551],[-98.40231846,19.910152365],[-98.401945634,19.910618318],[-98.400965289,19.909966112],[-98.399724094,19.909233983],[-98.399033762,19.908797304],[-98.39836673,19.908185543],[-98.398226334,19.908041067],[-98.398215144,19.908306765],[-98.398171998,19.908454746],[-98.398171882,19.908579174],[-98.398112816,19.908732177],[-98.398136927,19.909015474],[-98.39808461,19.909268087],[-98.398112095,19.909535619],[-98.398179482,19.909719823],[-98.398239998,19.909842189],[-98.398259527,19.909999203],[-98.398204918,19.910234067],[-98.398064961,19.910543162],[-98.39797889,19.910687621],[-98.39791976,19.910815331],[-98.39789556,19.910949801],[-98.39784591,19.911001903],[-98.397783533,19.911053172],[-98.397779166,19.911088896],[-98.397852085,19.911147107],[-98.398108486,19.911261956],[-98.398161583,19.911349644],[-98.398161311,19.911474187],[-98.398048523,19.911556633],[-98.397922389,19.911633161],[-98.397816409,19.911777345],[-98.397645401,19.911829261],[-98.39767255,19.912092274],[-98.397562742,19.912349873],[-98.39740055,19.912554327],[-98.397383828,19.912747342],[-98.397370101,19.912919504],[-98.397309595,19.913020716],[-98.397070129,19.913162109],[-98.39678774,19.913267922],[-98.396632173,19.913383927],[-98.396541186,19.91345878],[-98.396503427,19.913489844],[-98.396158999,19.91346169],[-98.39514794,19.913367051],[-98.394042419,19.91328757],[-98.391152289,19.913071521],[-98.389826229,19.912961],[-98.38884962,19.91285762],[-98.387951119,19.912768421],[-98.38718098,19.91268745],[-98.38615363,19.91261743],[-98.38595251,19.912119451],[-98.38579894,19.91176877],[-98.385661348,19.911436941],[-98.385550889,19.91117054],[-98.385328659,19.91063782],[-98.38507889,19.910104311],[-98.384937689,19.90974645],[-98.384888619,19.909647804],[-98.384797169,19.90946471],[-98.384642649,19.909183801],[-98.38430902,19.908473451],[-98.38401091,19.90777788],[-98.38347412,19.906495261],[-98.382727149,19.90484989],[-98.38232748,19.90385035]]]]},"properties":{"locality":"Palo Hueco","municipality":null,"official_key":"130610009","CVE_ENT":"13","CVE_MUN":"061","CVE_LOC":"0009","ambito":"RURAL","geometry_kind":"locality","source":"INEGI Gaia — Servicio vectorial del Marco Geoestadístico"}},{"type":"Feature","geometry":{"type":"MultiPolygon","crs":{"type":"name","properties":{"name":"EPSG:6365"}},"coordinates":[[[[-98.476140212,19.808149966],[-98.476254508,19.808395344],[-98.476312479,19.808385851],[-98.47641205,19.808393684],[-98.476847828,19.808182359],[-98.477066021,19.808028812],[-98.47726637,19.808127999],[-98.476714887,19.808752848],[-98.476599974,19.80865554],[-98.476482379,19.80865917],[-98.476488499,19.808772281],[-98.476520428,19.808870564],[-98.476541627,19.808983987],[-98.476645979,19.809269739],[-98.476636197,19.809608949],[-98.476597712,19.809775622],[-98.476596779,19.809947341],[-98.476573472,19.810062783],[-98.476582349,19.810127757],[-98.476254509,19.81073689],[-98.476188167,19.810741267],[-98.476132466,19.810739484],[-98.475862188,19.810606479],[-98.475704521,19.810527456],[-98.474945374,19.811122478],[-98.474770947,19.810478478],[-98.47464557,19.810092194],[-98.474525558,19.809751332],[-98.473825129,19.809963289],[-98.473245757,19.810134785],[-98.472995342,19.809620365],[-98.472928174,19.809523425],[-98.472571328,19.809633412],[-98.472200958,19.809742351],[-98.471684494,19.809913863],[-98.471302272,19.809970332],[-98.47119254,19.809820397],[-98.471140949,19.809697443],[-98.470951108,19.808688083],[-98.472275997,19.808800616],[-98.472307976,19.808631386],[-98.472348001,19.808578237],[-98.47258362,19.808694005],[-98.472728751,19.808817926],[-98.472881927,19.808858574],[-98.473102857,19.808845811],[-98.473277357,19.808916458],[-98.47390515,19.80868176],[-98.47411401,19.808769811],[-98.474170508,19.808825824],[-98.474331444,19.808747797],[-98.474245617,19.808530977],[-98.474512855,19.808340991],[-98.474568335,19.808180248],[-98.474763878,19.80812445],[-98.475156064,19.807926381],[-98.475915635,19.807429631],[-98.475957646,19.807981527],[-98.476055637,19.808049343],[-98.476140212,19.808149966]]]]},"properties":{"locality":"San Jerónimo","municipality":null,"official_key":"130610010","CVE_ENT":"13","CVE_MUN":"061","CVE_LOC":"0010","ambito":"RURAL","geometry_kind":"locality","source":"INEGI Gaia — Servicio vectorial del Marco Geoestadístico"}},{"type":"Feature","geometry":{"type":"MultiPolygon","crs":{"type":"name","properties":{"name":"EPSG:6365"}},"coordinates":[[[[-98.41608976,19.869611367],[-98.415821539,19.868834425],[-98.418053136,19.868259283],[-98.418670045,19.868102885],[-98.419147479,19.867981802],[-98.419759022,19.869722358],[-98.419946775,19.870267225],[-98.418938265,19.869792989],[-98.418959722,19.869681998],[-98.418439375,19.869545781],[-98.417248474,19.869505421],[-98.417157278,19.869424699],[-98.416765676,19.869475149],[-98.41608976,19.869611367]]],[[[-98.398673526,19.871834077],[-98.398776989,19.87206088],[-98.398585407,19.872363356],[-98.398674316,19.872605072],[-98.399710437,19.872533554],[-98.400457667,19.872657903],[-98.400761228,19.872679574],[-98.4015722,19.872505986],[-98.403342385,19.872058554],[-98.404708074,19.871698567],[-98.40516401,19.873118844],[-98.406703556,19.872132671],[-98.407207728,19.872894696],[-98.407336309,19.872774086],[-98.407582742,19.872603496],[-98.407925402,19.872393484],[-98.408085011,19.871781751],[-98.408554435,19.871617731],[-98.408338895,19.871148061],[-98.408210231,19.8708213],[-98.408573468,19.87073025],[-98.409737478,19.870425328],[-98.410939662,19.87011302],[-98.412165727,19.86972317],[-98.412319224,19.870363652],[-98.410720968,19.870679287],[-98.408845506,19.871040456],[-98.408492498,19.871115096],[-98.408718324,19.871656916],[-98.409045814,19.871852151],[-98.409327577,19.872045623],[-98.409559653,19.872409742],[-98.409761522,19.872768376],[-98.409894642,19.872942649],[-98.410052397,19.873060053],[-98.410190285,19.87309353],[-98.410302143,19.873064865],[-98.410438538,19.872984948],[-98.410957348,19.87354534],[-98.411645905,19.872972937],[-98.411877531,19.8727725],[-98.412299117,19.872546158],[-98.412522548,19.87234602],[-98.412853268,19.872125702],[-98.412931473,19.872298269],[-98.41331592,19.872163062],[-98.413733104,19.872030576],[-98.413999039,19.872022993],[-98.414072998,19.87217055],[-98.414083156,19.872279645],[-98.414109693,19.872460315],[-98.414090774,19.872666685],[-98.413513957,19.873014314],[-98.413231064,19.873211325],[-98.413355573,19.873613794],[-98.413594491,19.874356949],[-98.413454715,19.874423435],[-98.412934215,19.874441543],[-98.412875056,19.87432344],[-98.412666422,19.8743199],[-98.412822566,19.874740132],[-98.412749059,19.875215415],[-98.412096499,19.875090164],[-98.410923593,19.874349433],[-98.411082504,19.874062966],[-98.410517217,19.873852173],[-98.410181178,19.87373615],[-98.410019587,19.87357244],[-98.409710573,19.873157846],[-98.40958699,19.872978363],[-98.40920859,19.87269462],[-98.408967679,19.872516118],[-98.408803648,19.872470528],[-98.40881727,19.872828162],[-98.408895264,19.873427954],[-98.408472078,19.873461134],[-98.407877231,19.873433772],[-98.407575354,19.875044233],[-98.407433534,19.875973316],[-98.407301177,19.876075312],[-98.407151307,19.876090389],[-98.406928165,19.875968039],[-98.406645215,19.875661416],[-98.406562813,19.875522247],[-98.406316184,19.875755408],[-98.406221879,19.875866338],[-98.405895628,19.876465922],[-98.405687568,19.876867338],[-98.405453815,19.877294615],[-98.405209385,19.877550646],[-98.40473885,19.877704659],[-98.404525139,19.877717807],[-98.404445539,19.877413131],[-98.404492652,19.87726607],[-98.404593602,19.87708105],[-98.40461061,19.876865607],[-98.404629529,19.87656226],[-98.404655907,19.876010232],[-98.404679954,19.875442631],[-98.404685842,19.874954171],[-98.404627061,19.874652093],[-98.404910738,19.874565066],[-98.404894006,19.874503263],[-98.405088308,19.874447212],[-98.405040619,19.874232525],[-98.404665702,19.874325578],[-98.404491077,19.873847615],[-98.404500209,19.873690016],[-98.404337678,19.873421426],[-98.404081712,19.873324706],[-98.403752812,19.873230594],[-98.403384615,19.873152538],[-98.402688023,19.873003162],[-98.402188935,19.872952198],[-98.401505755,19.872878421],[-98.400804751,19.872832605],[-98.400519663,19.872827748],[-98.400044523,19.872969102],[-98.399540842,19.873111646],[-98.399079788,19.873283817],[-98.398251129,19.87361206],[-98.398109114,19.873657786],[-98.397459218,19.874095198],[-98.397000159,19.874707406],[-98.396579623,19.875332155],[-98.395854899,19.876353538],[-98.395631538,19.876719579],[-98.395546681,19.876968181],[-98.395509616,19.877243827],[-98.395378432,19.877159679],[-98.395296746,19.876875453],[-98.395333076,19.876560956],[-98.395379883,19.876344607],[-98.395741717,19.875619306],[-98.39604107,19.874998376],[-98.396465999,19.874300543],[-98.396850632,19.87357108],[-98.396622118,19.87331285],[-98.397549107,19.872564314],[-98.398673526,19.871834077]]]]},"properties":{"locality":"San Miguel Allende","municipality":null,"official_key":"130610011","CVE_ENT":"13","CVE_MUN":"061","CVE_LOC":"0011","ambito":"RURAL","geometry_kind":"locality","source":"INEGI Gaia — Servicio vectorial del Marco Geoestadístico"}},{"type":"Feature","geometry":{"type":"MultiPolygon","crs":{"type":"name","properties":{"name":"EPSG:6365"}},"coordinates":[[[[-98.542532046,19.728291789],[-98.543241937,19.727907477],[-98.542823319,19.726977964],[-98.54316391,19.726715289],[-98.543552783,19.727154504],[-98.543804814,19.727558277],[-98.544153115,19.727936212],[-98.544527849,19.72815683],[-98.544826712,19.728517274],[-98.544480295,19.728874592],[-98.543894753,19.729346847],[-98.543276323,19.729607665],[-98.543397712,19.729747551],[-98.54350475,19.729950606],[-98.543633246,19.730295047],[-98.54297829,19.730590067],[-98.542602281,19.729890338],[-98.541880519,19.728464923],[-98.542098994,19.728413704],[-98.542326249,19.728388093],[-98.542532046,19.728291789]]]]},"properties":{"locality":"San Salvador (El Calvario)","municipality":null,"official_key":"130610012","CVE_ENT":"13","CVE_MUN":"061","CVE_LOC":"0012","ambito":"RURAL","geometry_kind":"locality","source":"INEGI Gaia — Servicio vectorial del Marco Geoestadístico"}},{"type":"Feature","geometry":{"type":"MultiPolygon","crs":{"type":"name","properties":{"name":"EPSG:6365"}},"coordinates":[[[[-98.557163598,19.737025352],[-98.557339679,19.735636771],[-98.5574082,19.735045601],[-98.557570349,19.733188661],[-98.558035059,19.733462751],[-98.558786479,19.73409897],[-98.5587828,19.73413875],[-98.558767429,19.73427211],[-98.558795859,19.734320051],[-98.55917078,19.7346546],[-98.559205539,19.73481042],[-98.55937062,19.734968171],[-98.5597294,19.73525071],[-98.559887529,19.73549845],[-98.560395678,19.736383677],[-98.560816638,19.737329843],[-98.560797715,19.737417631],[-98.560877885,19.737461928],[-98.56090948,19.7376919],[-98.560543517,19.738020562],[-98.560262202,19.738273946],[-98.561255251,19.739245241],[-98.56198785,19.73923702],[-98.562753779,19.73996755],[-98.562599338,19.740118984],[-98.562581125,19.740527947],[-98.562514633,19.74103789],[-98.562284593,19.741265467],[-98.562142395,19.741671967],[-98.561899251,19.741880937],[-98.561820231,19.741799069],[-98.56151905,19.74201751],[-98.561056455,19.742387578],[-98.560724953,19.74206028],[-98.560409544,19.741950092],[-98.559982575,19.742446695],[-98.559333045,19.742945422],[-98.559219958,19.743055368],[-98.558430595,19.742278561],[-98.557893361,19.741627978],[-98.557268381,19.740862682],[-98.556729232,19.740299351],[-98.556777461,19.740126977],[-98.556882726,19.739253925],[-98.556939709,19.738648475],[-98.55702149,19.738013183],[-98.557163598,19.737025352]]]]},"properties":{"locality":"San Bartolomé Tepetates","municipality":null,"official_key":"130610014","CVE_ENT":"13","CVE_MUN":"061","CVE_LOC":"0014","ambito":"RURAL","geometry_kind":"locality","source":"INEGI Gaia — Servicio vectorial del Marco Geoestadístico"}},{"type":"Feature","geometry":{"type":"MultiPolygon","crs":{"type":"name","properties":{"name":"EPSG:6365"}},"coordinates":[[[[-98.50398783,19.78754046],[-98.504018549,19.78749966],[-98.50441918,19.78770155],[-98.504645249,19.78780542],[-98.50491928,19.787926151],[-98.505112089,19.787943831],[-98.50519211,19.788022401],[-98.505232029,19.788208401],[-98.505322019,19.788413111],[-98.5054576,19.788516321],[-98.505615629,19.788740831],[-98.50581694,19.78893972],[-98.50593822,19.789069831],[-98.50626043,19.789223151],[-98.50659842,19.78942672],[-98.506554279,19.789522771],[-98.50654735,19.78953068],[-98.506471979,19.789673521],[-98.50643474,19.78977962],[-98.50641109,19.78996605],[-98.5064108,19.79005985],[-98.50641222,19.790113181],[-98.507398811,19.790458729],[-98.507130657,19.791823483],[-98.506192238,19.791525529],[-98.506188519,19.791683171],[-98.50614591,19.791942381],[-98.50612362,19.792065891],[-98.505628629,19.79198903],[-98.50537197,19.791925681],[-98.50513955,19.79188042],[-98.50474955,19.79176885],[-98.504630719,19.791732133],[-98.50460534,19.791724291],[-98.50478206,19.79153405],[-98.504885381,19.791441267],[-98.50498298,19.791353621],[-98.505078967,19.791220156],[-98.505089479,19.79120554],[-98.505096236,19.791196146],[-98.505040937,19.791078084],[-98.50503517,19.791071574],[-98.504959321,19.790985934],[-98.504914147,19.790882406],[-98.504903797,19.790858682],[-98.504888738,19.790779596],[-98.504884409,19.79070051],[-98.50489351,19.790563201],[-98.504513,19.790307281],[-98.503986579,19.79003732],[-98.50349855,19.78974652],[-98.502933379,19.78941334],[-98.503047679,19.789247651],[-98.503074049,19.78920255],[-98.503104909,19.789092081],[-98.50319909,19.788923911],[-98.503400539,19.788533781],[-98.50353668,19.788323051],[-98.50367694,19.788093741],[-98.50374535,19.78796403],[-98.50391842,19.78768906],[-98.50398783,19.78754046]]]]},"properties":{"locality":"Texcatzongo","municipality":null,"official_key":"130610015","CVE_ENT":"13","CVE_MUN":"061","CVE_LOC":"0015","ambito":"RURAL","geometry_kind":"locality","source":"INEGI Gaia — Servicio vectorial del Marco Geoestadístico"}},{"type":"Feature","geometry":{"type":"MultiPolygon","crs":{"type":"name","properties":{"name":"EPSG:6365"}},"coordinates":[[[[-98.434023662,19.83189132],[-98.434499446,19.831711422],[-98.434157752,19.831225566],[-98.433766052,19.830657672],[-98.433434929,19.830204282],[-98.434207458,19.829687346],[-98.434467682,19.83011155],[-98.435225938,19.829778656],[-98.435797871,19.829301831],[-98.436623149,19.828596536],[-98.436904664,19.828377146],[-98.437672818,19.829083965],[-98.437423713,19.829358966],[-98.437958278,19.829997389],[-98.437441308,19.830354033],[-98.436961775,19.830685059],[-98.438044766,19.83167717],[-98.438257251,19.831550753],[-98.438993814,19.832438765],[-98.437504145,19.833119877],[-98.435480501,19.834102817],[-98.434995922,19.833566187],[-98.434747156,19.83324234],[-98.433357259,19.831742318],[-98.433835169,19.831592235],[-98.433980377,19.831847749],[-98.434023662,19.83189132]]],[[[-98.42988763,19.83429883],[-98.429704319,19.83414429],[-98.429594569,19.833999981],[-98.42943092,19.833829581],[-98.42933849,19.833746511],[-98.42923611,19.83365418],[-98.429170419,19.833539381],[-98.42912078,19.833412981],[-98.42912689,19.83329],[-98.42914697,19.8332026],[-98.429180579,19.83322102],[-98.429310879,19.833292401],[-98.430062579,19.83359109],[-98.43070649,19.833548971],[-98.43121751,19.833421621],[-98.432342709,19.83331649],[-98.43238229,19.833312801],[-98.43313145,19.83316063],[-98.433578849,19.83314877],[-98.43366775,19.83316977],[-98.433746879,19.833203051],[-98.43388448,19.83329117],[-98.434370179,19.833741451],[-98.434489179,19.8337906],[-98.43440891,19.833817741],[-98.432672569,19.834345541],[-98.43254929,19.83436926],[-98.43248854,19.83434098],[-98.43013769,19.83511437],[-98.430092649,19.83512835],[-98.430089549,19.83453837],[-98.4300584,19.83446617],[-98.42988763,19.83429883]]]]},"properties":{"locality":"Tultengo","municipality":null,"official_key":"130610016","CVE_ENT":"13","CVE_MUN":"061","CVE_LOC":"0016","ambito":"RURAL","geometry_kind":"locality","source":"INEGI Gaia — Servicio vectorial del Marco Geoestadístico"}},{"type":"Feature","geometry":{"type":"MultiPolygon","crs":{"type":"name","properties":{"name":"EPSG:6365"}},"coordinates":[[[[-98.407746403,19.826428491],[-98.407714168,19.826348647],[-98.407694307,19.826310263],[-98.407638096,19.826273802],[-98.407431509,19.826137661],[-98.407298677,19.826044477],[-98.407114691,19.825966723],[-98.406790461,19.825830969],[-98.40666983,19.825784171],[-98.406613999,19.825762523],[-98.4062066,19.825630001],[-98.405779769,19.825379585],[-98.406165585,19.825064416],[-98.406559384,19.824792447],[-98.406747538,19.824691323],[-98.407114523,19.824470154],[-98.40731603,19.824337109],[-98.4074152,19.824337186],[-98.407582199,19.824276738],[-98.407752137,19.824223585],[-98.407893046,19.824128769],[-98.407982446,19.824102615],[-98.408409015,19.824076692],[-98.408571354,19.824075323],[-98.408631707,19.824121293],[-98.408660661,19.824161354],[-98.408786385,19.824376169],[-98.408862861,19.82447077],[-98.409050462,19.824721969],[-98.409320753,19.824593478],[-98.40942883,19.824566801],[-98.409493081,19.824525724],[-98.40961003,19.824450908],[-98.409793415,19.824367709],[-98.409875732,19.824323903],[-98.410080342,19.824397834],[-98.410291819,19.824565916],[-98.410339339,19.824614829],[-98.410242633,19.824757094],[-98.410113642,19.824928873],[-98.409839933,19.825110646],[-98.409499231,19.825211625],[-98.410289111,19.825741529],[-98.410767855,19.825231861],[-98.410842876,19.825173754],[-98.4108662,19.825205386],[-98.410956045,19.825271815],[-98.411137508,19.825357431],[-98.411266261,19.825392723],[-98.411491323,19.825419832],[-98.411615168,19.825532508],[-98.411600277,19.82559217],[-98.411357661,19.825962539],[-98.411281538,19.826050692],[-98.411076515,19.826244646],[-98.410896076,19.826470832],[-98.410738354,19.826694892],[-98.4105428,19.826956032],[-98.41038308,19.827183263],[-98.410205585,19.827063401],[-98.410031753,19.826948816],[-98.409931862,19.826883355],[-98.4098204,19.826821692],[-98.409528123,19.82658777],[-98.409439091,19.826532246],[-98.409331368,19.826449908],[-98.409221707,19.826566631],[-98.409069968,19.826871862],[-98.408989907,19.827126323],[-98.408891892,19.827317401],[-98.408872214,19.827518],[-98.408838307,19.827563477],[-98.408696061,19.827498446],[-98.408531599,19.827395015],[-98.408368815,19.8272612],[-98.408191292,19.827075938],[-98.408076969,19.826898708],[-98.407975215,19.826728508],[-98.407909723,19.826630586],[-98.407801174,19.826494354],[-98.407746403,19.826428491]]]]},"properties":{"locality":"Vista Hermosa","municipality":null,"official_key":"130610017","CVE_ENT":"13","CVE_MUN":"061","CVE_LOC":"0017","ambito":"RURAL","geometry_kind":"locality","source":"INEGI Gaia — Servicio vectorial del Marco Geoestadístico"}},{"type":"Feature","geometry":{"type":"MultiPolygon","crs":{"type":"name","properties":{"name":"EPSG:6365"}},"coordinates":[[[[-98.459118764,19.835608245],[-98.458901504,19.835688983],[-98.458818357,19.835547691],[-98.45841066,19.835789906],[-98.457512121,19.836380304],[-98.457443725,19.836201166],[-98.457683112,19.835561567],[-98.457829627,19.835494076],[-98.457514804,19.834909353],[-98.457265357,19.834546027],[-98.457498709,19.834412303],[-98.457085649,19.834185226],[-98.456849616,19.833948054],[-98.456227343,19.833022072],[-98.456543844,19.832998103],[-98.456964949,19.833364585],[-98.457282792,19.833653796],[-98.457343141,19.833847129],[-98.457187342,19.834084788],[-98.457503613,19.834115555],[-98.457664086,19.83432847],[-98.457942113,19.83427996],[-98.458069014,19.834182938],[-98.458430107,19.834241207],[-98.458626578,19.834317372],[-98.458815674,19.834399057],[-98.458947103,19.834602797],[-98.459038299,19.83472769],[-98.459145587,19.83482609],[-98.459311212,19.834861728],[-98.459331999,19.835311153],[-98.459148268,19.835291599],[-98.459102671,19.835454337],[-98.459118764,19.835608245]]]]},"properties":{"locality":"La Estación Ocho","municipality":null,"official_key":"130610020","CVE_ENT":"13","CVE_MUN":"061","CVE_LOC":"0020","ambito":"RURAL","geometry_kind":"locality","source":"INEGI Gaia — Servicio vectorial del Marco Geoestadístico"}},{"type":"Feature","geometry":{"type":"MultiPolygon","crs":{"type":"name","properties":{"name":"EPSG:6365"}},"coordinates":[[[[-98.507073219,19.772463667],[-98.506805007,19.771974892],[-98.506445009,19.772185058],[-98.506068913,19.772135245],[-98.505727688,19.772477925],[-98.505315675,19.772174738],[-98.504760984,19.772220024],[-98.504292121,19.772250165],[-98.504138065,19.772193446],[-98.504047626,19.772185279],[-98.503927305,19.77222158],[-98.503767901,19.772277592],[-98.50310348,19.77232579],[-98.503077423,19.771995377],[-98.501227383,19.772162259],[-98.501239479,19.771950821],[-98.501443859,19.7717486],[-98.501501162,19.771615388],[-98.501510804,19.771309509],[-98.500882481,19.771276056],[-98.500853418,19.770880907],[-98.501107704,19.77051622],[-98.501615876,19.770361095],[-98.501619794,19.770102482],[-98.501649085,19.769847762],[-98.50169676,19.7696022],[-98.501819539,19.769558569],[-98.501716408,19.769496547],[-98.501788996,19.769180509],[-98.501975386,19.768662737],[-98.503030777,19.768571602],[-98.503111136,19.768456748],[-98.503190234,19.768385125],[-98.503312248,19.76831855],[-98.503846665,19.768282737],[-98.503828547,19.768196443],[-98.50296619,19.768261124],[-98.50298194,19.767511751],[-98.50298378,19.76724358],[-98.502988999,19.767057741],[-98.50301246,19.766222121],[-98.5030206,19.76593169],[-98.503012391,19.765390223],[-98.502997634,19.764786275],[-98.503290089,19.764683878],[-98.50322313,19.764546141],[-98.50309518,19.764307661],[-98.503046783,19.764163489],[-98.503045011,19.763957771],[-98.503044999,19.763956445],[-98.502789225,19.763470556],[-98.502847123,19.763397376],[-98.503582584,19.763082796],[-98.503589225,19.763079955],[-98.503677235,19.763236026],[-98.503958363,19.763230544],[-98.504471248,19.763293447],[-98.50500349,19.763368767],[-98.505131506,19.763719828],[-98.50526489,19.763969918],[-98.505236531,19.76411079],[-98.505248556,19.764459894],[-98.50535004,19.764610783],[-98.50582167,19.76523622],[-98.506171238,19.766067123],[-98.505402364,19.766293256],[-98.505192914,19.766352801],[-98.505508027,19.767086299],[-98.505512126,19.767569774],[-98.505407064,19.76802939],[-98.504954148,19.768096333],[-98.505003634,19.768207691],[-98.505299882,19.768147407],[-98.50542031,19.768491281],[-98.50548105,19.76864338],[-98.50660722,19.76867126],[-98.506635236,19.7686734],[-98.506713758,19.768556805],[-98.506858905,19.768468765],[-98.507056401,19.768478284],[-98.507239619,19.768483042],[-98.507410941,19.768525873],[-98.507529913,19.768594878],[-98.507774998,19.768578221],[-98.507759542,19.768899388],[-98.50792111,19.768905039],[-98.507946179,19.769021657],[-98.508074049,19.769168311],[-98.508229179,19.769279501],[-98.50881078,19.769534563],[-98.508785179,19.769794102],[-98.508582552,19.769813848],[-98.508571584,19.77044903],[-98.508388715,19.770613833],[-98.50773306,19.77069142],[-98.507721966,19.771137664],[-98.507496298,19.771248204],[-98.507297358,19.771350945],[-98.507157427,19.771486498],[-98.507762694,19.771459763],[-98.50770472,19.771601486],[-98.50773154,19.771844369],[-98.507808297,19.77200788],[-98.507787392,19.772097607],[-98.507782303,19.77216771],[-98.507809264,19.772250721],[-98.507294418,19.772889026],[-98.507073219,19.772463667]]]]},"properties":{"locality":"20 de Noviembre [Colonia]","municipality":null,"official_key":"130610029","CVE_ENT":"13","CVE_MUN":"061","CVE_LOC":"0029","ambito":"RURAL","geometry_kind":"locality","source":"INEGI Gaia — Servicio vectorial del Marco Geoestadístico"}},{"type":"Feature","geometry":{"type":"MultiPolygon","crs":{"type":"name","properties":{"name":"EPSG:6365"}},"coordinates":[[[[-98.396137088,19.880727945],[-98.396403637,19.880870501],[-98.397102021,19.881356097],[-98.396957072,19.882860493],[-98.396951832,19.883221668],[-98.397507109,19.883412343],[-98.397444109,19.88362623],[-98.39688153,19.883523822],[-98.39686578,19.883326324],[-98.396206129,19.883295677],[-98.395919218,19.883315666],[-98.395229976,19.883111168],[-98.394366384,19.882887207],[-98.393884726,19.882951092],[-98.393853676,19.88274761],[-98.394007249,19.882685947],[-98.393894947,19.882614855],[-98.395297955,19.880986357],[-98.39545276,19.880608699],[-98.395518184,19.880221289],[-98.395502617,19.879225468],[-98.39546801,19.878127226],[-98.395686742,19.878329778],[-98.39578538,19.878703471],[-98.39587225,19.879369571],[-98.395916202,19.879783429],[-98.396047053,19.880340416],[-98.396137088,19.880727945]]]]},"properties":{"locality":"La Rinconada","municipality":null,"official_key":"130610037","CVE_ENT":"13","CVE_MUN":"061","CVE_LOC":"0037","ambito":"RURAL","geometry_kind":"locality","source":"INEGI Gaia — Servicio vectorial del Marco Geoestadístico"}},{"type":"Feature","geometry":{"type":"MultiPolygon","crs":{"type":"name","properties":{"name":"EPSG:6365"}},"coordinates":[[[[-98.580331481,19.730140572],[-98.583625233,19.726888668],[-98.584547912,19.727302734],[-98.585309659,19.728635816],[-98.586811697,19.729615423],[-98.58729546,19.728967996],[-98.5880332,19.729254554],[-98.588710337,19.730292492],[-98.589074554,19.730850739],[-98.58978463,19.731939138],[-98.589814984,19.731984092],[-98.590638169,19.733203692],[-98.587444699,19.735391955],[-98.581334627,19.737038026],[-98.577820933,19.738078172],[-98.572445785,19.734715343],[-98.574022925,19.733119743],[-98.581908619,19.73279658],[-98.580331481,19.730140572]]],[[[-98.588713229,19.754108631],[-98.588894762,19.752599502],[-98.58900963,19.751644551],[-98.589477813,19.747752221],[-98.589193499,19.746853508],[-98.589188135,19.746666695],[-98.589236414,19.746489982],[-98.589464402,19.746436967],[-98.589692389,19.746484933],[-98.590137637,19.746752528],[-98.590620433,19.746328416],[-98.594042931,19.745805846],[-98.59441844,19.746464736],[-98.597722923,19.745803319],[-98.601939355,19.73893654],[-98.603269731,19.740188739],[-98.60217539,19.751538875],[-98.601681863,19.751680241],[-98.60158675,19.75282826],[-98.600800692,19.752891262],[-98.5997712,19.753090985],[-98.598741692,19.753290708],[-98.597712169,19.753490431],[-98.596682646,19.753690138],[-98.595653138,19.753889846],[-98.594623615,19.754089538],[-98.594423862,19.753698323],[-98.594020923,19.752976908],[-98.593736615,19.752445123],[-98.593519385,19.7520212],[-98.593457954,19.751890738],[-98.593456884,19.751896448],[-98.593421508,19.752085338],[-98.593325754,19.752483769],[-98.593194723,19.752625615],[-98.592998292,19.752795123],[-98.592619097,19.752883876],[-98.592305452,19.752946137],[-98.5917896,19.753028738],[-98.591746831,19.753382631],[-98.591706908,19.753783031],[-98.591690738,19.753928062],[-98.591672354,19.754093],[-98.591641923,19.754376169],[-98.591476544,19.754333048],[-98.590673462,19.754272769],[-98.588992938,19.754121862],[-98.588713229,19.754108631]]]]},"properties":{"locality":"Hidalgo [Zona Industrial]","municipality":null,"official_key":"130610066","CVE_ENT":"13","CVE_MUN":"061","CVE_LOC":"0066","ambito":"RURAL","geometry_kind":"locality","source":"INEGI Gaia — Servicio vectorial del Marco Geoestadístico"}},{"type":"Feature","geometry":{"type":"MultiPolygon","crs":{"type":"name","properties":{"name":"EPSG:6365"}},"coordinates":[[[[-98.551406269,19.776654183],[-98.551270718,19.777479621],[-98.551224496,19.77737998],[-98.550847245,19.777108489],[-98.550544514,19.776915934],[-98.550276244,19.776703533],[-98.549939672,19.776436805],[-98.549634484,19.776181585],[-98.549312094,19.775905015],[-98.549148475,19.775772804],[-98.549011936,19.775612595],[-98.548957804,19.775677789],[-98.548612433,19.775391646],[-98.54828051,19.775118735],[-98.5479278,19.774850556],[-98.547388677,19.7744404],[-98.548582259,19.773597367],[-98.548744532,19.77372483],[-98.548850481,19.773589794],[-98.549172345,19.774042862],[-98.549408379,19.774465639],[-98.549512985,19.774738235],[-98.549526561,19.775020509],[-98.549292884,19.775295388],[-98.550243404,19.776070453],[-98.550428963,19.775920536],[-98.550656276,19.7759497],[-98.550865807,19.776080404],[-98.5509375,19.776200774],[-98.551311438,19.776542712],[-98.551357444,19.776596789],[-98.551406269,19.776654183]]]]},"properties":{"locality":"San José de Jesús","municipality":null,"official_key":"130610073","CVE_ENT":"13","CVE_MUN":"061","CVE_LOC":"0073","ambito":"RURAL","geometry_kind":"locality","source":"INEGI Gaia — Servicio vectorial del Marco Geoestadístico"}},{"type":"Feature","geometry":{"type":"MultiPolygon","crs":{"type":"name","properties":{"name":"EPSG:6365"}},"coordinates":[[[[-98.532166647,19.788970748],[-98.53181934,19.7890019],[-98.531242396,19.789055403],[-98.530433974,19.789077753],[-98.53170471,19.78812917],[-98.532065235,19.787853645],[-98.532391287,19.787614496],[-98.532499544,19.787425394],[-98.532607455,19.787382796],[-98.532715368,19.787289723],[-98.533080999,19.787113046],[-98.533216844,19.787071132],[-98.533679918,19.786857595],[-98.533037377,19.785738401],[-98.533075521,19.784916317],[-98.533443131,19.785527269],[-98.533875117,19.78538106],[-98.534234829,19.785744847],[-98.534345845,19.786025323],[-98.534513715,19.786449443],[-98.534763098,19.787035269],[-98.535053346,19.787582177],[-98.535337053,19.788149477],[-98.535599144,19.788665177],[-98.535490306,19.788778409],[-98.53536056,19.788904176],[-98.532169521,19.790765433],[-98.531768836,19.790147582],[-98.531619054,19.789589451],[-98.532166647,19.788970748]]]]},"properties":{"locality":"Los Reyes","municipality":null,"official_key":"130610078","CVE_ENT":"13","CVE_MUN":"061","CVE_LOC":"0078","ambito":"RURAL","geometry_kind":"locality","source":"INEGI Gaia — Servicio vectorial del Marco Geoestadístico"}},{"type":"Feature","geometry":{"type":"MultiPolygon","crs":{"type":"name","properties":{"name":"EPSG:6365"}},"coordinates":[[[[-98.561739147,19.769203726],[-98.561184116,19.770009767],[-98.560917806,19.770402247],[-98.56059913,19.770830934],[-98.560025427,19.770562397],[-98.559388272,19.770264156],[-98.559797468,19.769687278],[-98.5596449,19.769406866],[-98.559428188,19.769478821],[-98.55791329,19.768571415],[-98.558048497,19.768351849],[-98.558447659,19.768387259],[-98.558688081,19.768427789],[-98.558986538,19.76858962],[-98.559786853,19.769128568],[-98.560238479,19.768526611],[-98.56056136,19.768661699],[-98.560841325,19.768811933],[-98.560894278,19.768739795],[-98.561301283,19.768960457],[-98.561739147,19.769203726]]]]},"properties":{"locality":"Las Cabañas [Colonia]","municipality":null,"official_key":"130610103","CVE_ENT":"13","CVE_MUN":"061","CVE_LOC":"0103","ambito":"RURAL","geometry_kind":"locality","source":"INEGI Gaia — Servicio vectorial del Marco Geoestadístico"}},{"type":"Feature","geometry":{"type":"Polygon","coordinates":[[[-98.5544956,19.7811302],[-98.553798,19.7805599],[-98.5546845,19.7801838],[-98.554947,19.7800528],[-98.5557376,19.7796636],[-98.556217,19.779437],[-98.5566094,19.7792154],[-98.5567887,19.7791836],[-98.5568667,19.7788215],[-98.5570715,19.7784262],[-98.5572256,19.7781823],[-98.5572773,19.7780479],[-98.5573385,19.7778875],[-98.5573895,19.7776744],[-98.5574381,19.7775052],[-98.5575094,19.7771998],[-98.5575581,19.7770807],[-98.5576927,19.7767366],[-98.5577727,19.7766636],[-98.5579307,19.776626],[-98.5581177,19.776632],[-98.558241,19.7765871],[-98.5583358,19.7765106],[-98.5584786,19.7764692],[-98.5587457,19.7764652],[-98.5588798,19.7764627],[-98.5590218,19.7764905],[-98.5591392,19.7765013],[-98.5592956,19.7765541],[-98.5595643,19.7765804],[-98.5597953,19.7766384],[-98.5600141,19.776738],[-98.5602766,19.7767803],[-98.5604611,19.7768125],[-98.5606405,19.7768766],[-98.5607863,19.7768982],[-98.5609813,19.7769554],[-98.5610828,19.7769759],[-98.5612132,19.7770754],[-98.561284,19.7771298],[-98.5614068,19.7771569],[-98.5616526,19.7771959],[-98.5617729,19.777214],[-98.5620145,19.7773096],[-98.5622382,19.7773681],[-98.5623077,19.7775263],[-98.5623398,19.7775345],[-98.5624203,19.7775533],[-98.5624474,19.7775805],[-98.5625599,19.7777577],[-98.5626945,19.7779627],[-98.562748,19.7780689],[-98.5627737,19.778069],[-98.563268,19.7789027],[-98.563572,19.7790164],[-98.563891,19.7789195],[-98.5643861,19.7787803],[-98.5648318,19.7786572],[-98.564878,19.7786509],[-98.5650281,19.7788602],[-98.5652996,19.7792473],[-98.5651877,19.779338],[-98.5654843,19.7797541],[-98.5647897,19.7802493],[-98.5638476,19.7807552],[-98.5637116,19.7808301],[-98.5631562,19.7811048],[-98.5624881,19.7814269],[-98.561914,19.7817466],[-98.5616457,19.7819102],[-98.561083,19.7822564],[-98.5601135,19.7827896],[-98.5596304,19.7829959],[-98.5592029,19.7834871],[-98.5589604,19.7836584],[-98.5587298,19.7838814],[-98.5584808,19.7841242],[-98.5581379,19.7844392],[-98.5574805,19.7850932],[-98.5571875,19.7853866],[-98.5570741,19.785479],[-98.5570314,19.7855179],[-98.5565111,19.7850867],[-98.556554,19.785059],[-98.5563324,19.7845635],[-98.5561115,19.7840525],[-98.5558714,19.784033],[-98.5559515,19.783803],[-98.5562515,19.7834664],[-98.5562082,19.7834366],[-98.5566988,19.7829516],[-98.556721,19.7829237],[-98.5561655,19.7825134],[-98.5557168,19.7821432],[-98.5556301,19.7820717],[-98.5553948,19.7818743],[-98.5550815,19.7816092],[-98.5549191,19.7814764],[-98.5544956,19.7811302]]]},"properties":{"locality":"EL CALVARIO","official_key":"1306100010001","CVE_ENT":"13","CVE_MUN":"061","CVE_LOC":"0001","CVE_ASEN":"0001","settlement_type":"COLONIA","source":"INEGI DCAH 2025"}},{"type":"Feature","geometry":{"type":"Polygon","coordinates":[[[-98.5544749,19.7811549],[-98.5544956,19.7811302],[-98.5549191,19.7814764],[-98.5550815,19.7816092],[-98.5553948,19.7818743],[-98.5556301,19.7820717],[-98.5557168,19.7821432],[-98.5561655,19.7825134],[-98.556721,19.7829237],[-98.5566988,19.7829516],[-98.5562082,19.7834366],[-98.5562515,19.7834664],[-98.5559515,19.783803],[-98.5558714,19.784033],[-98.5561115,19.7840525],[-98.5563324,19.7845635],[-98.556554,19.785059],[-98.5565111,19.7850867],[-98.5570314,19.7855179],[-98.5569408,19.7856221],[-98.5567607,19.7858036],[-98.5564377,19.7861288],[-98.5555933,19.786966],[-98.5552538,19.7873325],[-98.5551745,19.7873455],[-98.5547562,19.7877758],[-98.5542465,19.7882746],[-98.5541414,19.7883645],[-98.5531878,19.7877542],[-98.5528921,19.7875745],[-98.5527773,19.7875138],[-98.5523946,19.7872751],[-98.5517675,19.7868666],[-98.550902,19.7863236],[-98.5500758,19.7858048],[-98.5501195,19.7857873],[-98.5510901,19.7848311],[-98.5511396,19.7848004],[-98.5519673,19.7838692],[-98.5520098,19.7838208],[-98.5526353,19.7831158],[-98.5526844,19.7830552],[-98.5532514,19.7825127],[-98.5533134,19.7824508],[-98.5534147,19.7823368],[-98.5535748,19.7821567],[-98.5538549,19.7818372],[-98.5538721,19.7818084],[-98.5544749,19.7811549]]]},"properties":{"locality":"CENTRO","official_key":"1306100010002","CVE_ENT":"13","CVE_MUN":"061","CVE_LOC":"0001","CVE_ASEN":"0002","settlement_type":"COLONIA","source":"INEGI DCAH 2025"}},{"type":"Feature","geometry":{"type":"Polygon","coordinates":[[[-98.5551282,19.7997762],[-98.5537191,19.7986159],[-98.5535542,19.7987806],[-98.5534643,19.7988281],[-98.5533369,19.7989357],[-98.5531776,19.7990821],[-98.5531396,19.7988269],[-98.5531096,19.7985193],[-98.5530677,19.7980602],[-98.5530408,19.7977325],[-98.5529559,19.7975208],[-98.5531096,19.7975335],[-98.5533068,19.7975272],[-98.5535035,19.7974791],[-98.5536596,19.7974118],[-98.5539425,19.7972702],[-98.5539919,19.7972292],[-98.5542957,19.7969523],[-98.554455,19.7968211],[-98.5546053,19.7967185],[-98.5547119,19.7967036],[-98.5548443,19.7967386],[-98.554993,19.7968062],[-98.5550811,19.796853],[-98.5551436,19.796863],[-98.5553086,19.7968537],[-98.5555168,19.7967587],[-98.5558834,19.7966866],[-98.5561865,19.7966717],[-98.5564,19.7966937],[-98.5565237,19.7967283],[-98.5565888,19.7967709],[-98.5567025,19.7968167],[-98.5567454,19.7968296],[-98.5568973,19.7968532],[-98.5570714,19.7968609],[-98.5573803,19.7968765],[-98.5573636,19.7969836],[-98.5574095,19.7973688],[-98.557554,19.7987906],[-98.5563302,19.7984266],[-98.5551282,19.7997762]]]},"properties":{"locality":"CONSTITUCIÓN DE 1917","official_key":"1306100010003","CVE_ENT":"13","CVE_MUN":"061","CVE_LOC":"0001","CVE_ASEN":"0003","settlement_type":"COLONIA","source":"INEGI DCAH 2025"}},{"type":"Feature","geometry":{"type":"Polygon","coordinates":[[[-98.545853,19.7920765],[-98.5461756,19.7918989],[-98.5466081,19.7916367],[-98.5469313,19.7914448],[-98.546922,19.7913014],[-98.5469428,19.7911676],[-98.5470605,19.7908311],[-98.5471152,19.7906836],[-98.5471835,19.7904792],[-98.5472439,19.7902423],[-98.5472804,19.7901475],[-98.5473324,19.7900479],[-98.5473268,19.7899175],[-98.5473349,19.7898554],[-98.5473608,19.7897803],[-98.5474103,19.7897292],[-98.5475091,19.7895469],[-98.5475424,19.7894398],[-98.5475839,19.789332],[-98.5476713,19.789258],[-98.547566,19.7888724],[-98.5474355,19.7885985],[-98.5473258,19.788425],[-98.5469896,19.7876903],[-98.5469525,19.7876092],[-98.5466323,19.7876993],[-98.5465257,19.7877284],[-98.5461869,19.7877692],[-98.5462532,19.7872159],[-98.5462939,19.7865561],[-98.5463104,19.7862903],[-98.5463164,19.7861921],[-98.5461114,19.78567],[-98.545911,19.7852952],[-98.5458791,19.7852354],[-98.5458492,19.7851826],[-98.5456394,19.7849203],[-98.5452078,19.7844757],[-98.5451892,19.7844424],[-98.5447392,19.7846262],[-98.5443231,19.7847966],[-98.5438576,19.784789],[-98.5433382,19.7847862],[-98.5431797,19.7847916],[-98.5420535,19.784803],[-98.5418998,19.7848123],[-98.5415754,19.7847911],[-98.5411574,19.7847581],[-98.5405045,19.7846994],[-98.5401127,19.7846605],[-98.5397671,19.7846466],[-98.5396555,19.7846507],[-98.5391951,19.7846455],[-98.5388378,19.784644],[-98.5381849,19.7847088],[-98.5379982,19.7839254],[-98.5390973,19.7837242],[-98.5407059,19.7834626],[-98.5417893,19.7832923],[-98.5428726,19.7831219],[-98.543668,19.7830243],[-98.5437563,19.7830283],[-98.5438186,19.7830317],[-98.5446761,19.7830743],[-98.5450872,19.783156],[-98.5451424,19.7831703],[-98.5452878,19.7831849],[-98.5462438,19.7834842],[-98.5466927,19.7837055],[-98.5473721,19.7841147],[-98.5479268,19.7844653],[-98.5481824,19.7846372],[-98.5487124,19.7849607],[-98.549064,19.7851545],[-98.5495083,19.7854796],[-98.5497172,19.7855993],[-98.5500758,19.7858048],[-98.550902,19.7863236],[-98.5517675,19.7868666],[-98.5523946,19.7872751],[-98.5523694,19.787322],[-98.5521527,19.7876623],[-98.5518047,19.7882052],[-98.5516429,19.7884714],[-98.5515195,19.7886755],[-98.5514677,19.7888667],[-98.5514387,19.7890364],[-98.5513837,19.7893273],[-98.5513118,19.7894685],[-98.5512829,19.7895897],[-98.5512483,19.7897324],[-98.5510354,19.7897967],[-98.5509106,19.7898344],[-98.5506282,19.7899388],[-98.5505921,19.7899456],[-98.5499851,19.7901295],[-98.5498833,19.7901771],[-98.5496219,19.7903488],[-98.5492701,19.7905874],[-98.5488033,19.7909103],[-98.5486945,19.7909866],[-98.5482412,19.7913923],[-98.5481754,19.7914035],[-98.5472722,19.7918548],[-98.5472322,19.7918617],[-98.546541,19.7921916],[-98.5460274,19.7924494],[-98.5458158,19.792546],[-98.5458527,19.7920806],[-98.545853,19.7920765]]]},"properties":{"locality":"COLONIA DEL TRABAJO","official_key":"1306100010004","CVE_ENT":"13","CVE_MUN":"061","CVE_LOC":"0001","CVE_ASEN":"0004","settlement_type":"COLONIA","source":"INEGI DCAH 2025"}},{"type":"Feature","geometry":{"type":"Polygon","coordinates":[[[-98.5458791,19.7852354],[-98.545911,19.7852952],[-98.5461114,19.78567],[-98.5463164,19.7861921],[-98.5463104,19.7862903],[-98.5462939,19.7865561],[-98.5462532,19.7872159],[-98.5461869,19.7877692],[-98.5461522,19.7878995],[-98.5460513,19.7879089],[-98.5458659,19.7879748],[-98.5457656,19.7880073],[-98.5456821,19.7880516],[-98.5456018,19.7880677],[-98.5455088,19.7881154],[-98.5453626,19.7881834],[-98.5452898,19.7882039],[-98.5452284,19.7882529],[-98.5451493,19.7882727],[-98.545076,19.7883184],[-98.5448552,19.7884057],[-98.5447933,19.7883318],[-98.5442582,19.7878475],[-98.5442042,19.7878175],[-98.5441645,19.7877859],[-98.544121,19.7877427],[-98.5440457,19.7876757],[-98.5439109,19.7876342],[-98.5438235,19.7875612],[-98.5437435,19.7874424],[-98.5437003,19.7873838],[-98.543605,19.7873049],[-98.5434892,19.7872351],[-98.5433912,19.7871829],[-98.5432761,19.7870882],[-98.5431847,19.7869926],[-98.543118,19.7869263],[-98.5428645,19.7867305],[-98.5424462,19.7864143],[-98.5425374,19.7863892],[-98.5426861,19.7863488],[-98.5429452,19.7862774],[-98.5430683,19.7862417],[-98.5432172,19.7862056],[-98.5433272,19.7861716],[-98.5434322,19.7861417],[-98.5435672,19.7861082],[-98.5436641,19.7860703],[-98.5437141,19.7860681],[-98.5438128,19.7860329],[-98.5439071,19.7859862],[-98.5439812,19.7859592],[-98.5441247,19.7858981],[-98.5442183,19.785857],[-98.5443927,19.7857877],[-98.5446055,19.7857368],[-98.5447754,19.7856912],[-98.5449145,19.7856602],[-98.54514,19.7856019],[-98.5453078,19.7855557],[-98.5454392,19.7855153],[-98.5455086,19.7854776],[-98.5455981,19.78543],[-98.5457063,19.7853623],[-98.5458333,19.7852817],[-98.5458791,19.7852354]]]},"properties":{"locality":"AMPLIACIÓN DEL TRABAJO","official_key":"1306100010005","CVE_ENT":"13","CVE_MUN":"061","CVE_LOC":"0001","CVE_ASEN":"0005","settlement_type":"COLONIA","source":"INEGI DCAH 2025"}},{"type":"Feature","geometry":{"type":"Polygon","coordinates":[[[-98.5525596,19.7784295],[-98.5523308,19.7782572],[-98.5517714,19.7778358],[-98.5514644,19.7776111],[-98.5513061,19.7775132],[-98.551425,19.7767608],[-98.5514495,19.7765589],[-98.5514807,19.7762187],[-98.5515623,19.7758267],[-98.5516038,19.7754584],[-98.5516219,19.7753809],[-98.5516425,19.7752663],[-98.5516573,19.7751783],[-98.5516668,19.7750788],[-98.5516726,19.7749982],[-98.5516929,19.7748884],[-98.5517424,19.7745447],[-98.5517932,19.7742309],[-98.5518584,19.7742618],[-98.5530242,19.7751191],[-98.5540689,19.7759874],[-98.5551136,19.7768557],[-98.5553456,19.7766795],[-98.5555931,19.7765879],[-98.5557171,19.776579],[-98.5560727,19.7766559],[-98.5564922,19.7766905],[-98.5568698,19.7766834],[-98.5571507,19.7767023],[-98.5576927,19.7767366],[-98.5575581,19.7770807],[-98.5575094,19.7771998],[-98.5574381,19.7775052],[-98.5573895,19.7776744],[-98.5573385,19.7778875],[-98.5572773,19.7780479],[-98.5572256,19.7781823],[-98.5570715,19.7784262],[-98.5568667,19.7788215],[-98.5567887,19.7791836],[-98.5566094,19.7792154],[-98.556217,19.779437],[-98.5557376,19.7796636],[-98.554947,19.7800528],[-98.5546845,19.7801838],[-98.5546599,19.7801309],[-98.5545576,19.7800574],[-98.554462,19.7799788],[-98.5542893,19.779836],[-98.5541069,19.7796809],[-98.5539278,19.7795304],[-98.5532476,19.7789648],[-98.5526112,19.7784751],[-98.5525596,19.7784295]]]},"properties":{"locality":"LOS FRAILES I","official_key":"1306100010006","CVE_ENT":"13","CVE_MUN":"061","CVE_LOC":"0001","CVE_ASEN":"0006","settlement_type":"COLONIA","source":"INEGI DCAH 2025"}},{"type":"Feature","geometry":{"type":"Polygon","coordinates":[[[-98.5529559,19.7975208],[-98.552832,19.7974448],[-98.5528581,19.7967802],[-98.5528692,19.7962805],[-98.5528719,19.7962512],[-98.5529282,19.795657],[-98.552926,19.7955554],[-98.5529464,19.7954241],[-98.5529566,19.7950716],[-98.5529643,19.7948291],[-98.5529722,19.7946877],[-98.5529898,19.7944885],[-98.5530049,19.7942686],[-98.5530274,19.7939805],[-98.5530572,19.7938055],[-98.5530884,19.7934839],[-98.5531277,19.7930927],[-98.5531707,19.7926372],[-98.5531987,19.7925824],[-98.553328,19.791965],[-98.5533819,19.7915884],[-98.5534463,19.7911047],[-98.553467,19.7909587],[-98.5534857,19.7909116],[-98.5535322,19.7907946],[-98.5535104,19.790758],[-98.5533437,19.7899626],[-98.553253,19.7895775],[-98.5532308,19.7895648],[-98.5531131,19.7894876],[-98.55326,19.7893163],[-98.5533203,19.7892555],[-98.5539173,19.7885985],[-98.5539686,19.788541],[-98.5541414,19.7883645],[-98.5546552,19.7886005],[-98.5548888,19.7888341],[-98.5549611,19.7888907],[-98.5550588,19.7890132],[-98.555237,19.7892419],[-98.5552575,19.7892699],[-98.5553897,19.7894881],[-98.5553946,19.7895256],[-98.5557018,19.7900602],[-98.5558021,19.790259],[-98.555929,19.7904808],[-98.5566223,19.7916705],[-98.5569385,19.7922067],[-98.5569725,19.7922525],[-98.5572618,19.7927142],[-98.5572817,19.7927541],[-98.558057,19.794072],[-98.5584718,19.7947864],[-98.5585864,19.7949864],[-98.5586902,19.7951602],[-98.559107,19.7958962],[-98.5591819,19.7960284],[-98.5587196,19.7963015],[-98.5584092,19.7965207],[-98.5581547,19.7966212],[-98.5579001,19.7967862],[-98.5576826,19.7968759],[-98.5573803,19.7968765],[-98.5570714,19.7968609],[-98.5568973,19.7968532],[-98.5567454,19.7968296],[-98.5567025,19.7968167],[-98.5565888,19.7967709],[-98.5565237,19.7967283],[-98.5564,19.7966937],[-98.5561865,19.7966717],[-98.5558834,19.7966866],[-98.5555168,19.7967587],[-98.5553086,19.7968537],[-98.5551436,19.796863],[-98.5550811,19.796853],[-98.554993,19.7968062],[-98.5548443,19.7967386],[-98.5547119,19.7967036],[-98.5546053,19.7967185],[-98.554455,19.7968211],[-98.5542957,19.7969523],[-98.5539919,19.7972292],[-98.5539425,19.7972702],[-98.5536596,19.7974118],[-98.5535035,19.7974791],[-98.5533068,19.7975272],[-98.5531096,19.7975335],[-98.5529559,19.7975208]]]},"properties":{"locality":"FRANCISCO I. MADERO","official_key":"1306100010007","CVE_ENT":"13","CVE_MUN":"061","CVE_LOC":"0001","CVE_ASEN":"0007","settlement_type":"COLONIA","source":"INEGI DCAH 2025"}},{"type":"Feature","geometry":{"type":"Polygon","coordinates":[[[-98.5490483,19.7983633],[-98.5488994,19.7982932],[-98.5487368,19.798151],[-98.5488778,19.7981264],[-98.5490276,19.7981267],[-98.5490497,19.7980809],[-98.5489795,19.7979848],[-98.5488521,19.7978594],[-98.5487643,19.7977883],[-98.5486809,19.7976671],[-98.5485622,19.7975751],[-98.5483994,19.7975246],[-98.5482837,19.7974813],[-98.5482841,19.7973729],[-98.5483107,19.7972979],[-98.5482757,19.7972102],[-98.5482009,19.7971767],[-98.547994,19.7971595],[-98.5478619,19.7971299],[-98.5477696,19.7970505],[-98.5477349,19.7968836],[-98.5477135,19.79665],[-98.5475818,19.7964828],[-98.5474414,19.796299],[-98.547342,19.7961168],[-98.5473895,19.7961094],[-98.5475468,19.7960241],[-98.5478088,19.7958606],[-98.5480735,19.795684],[-98.5482902,19.7955413],[-98.5483827,19.7954665],[-98.5487889,19.7951385],[-98.5489643,19.7949808],[-98.5491392,19.7948103],[-98.5493373,19.7946093],[-98.5494561,19.7943572],[-98.5498863,19.794772],[-98.5506739,19.7955162],[-98.5513418,19.7961393],[-98.5513971,19.7961041],[-98.5517789,19.7958405],[-98.5521953,19.7955704],[-98.5526552,19.7952655],[-98.5529218,19.7950862],[-98.5529566,19.7950716],[-98.5529464,19.7954241],[-98.552926,19.7955554],[-98.5529282,19.795657],[-98.5528719,19.7962512],[-98.5528692,19.7962805],[-98.5528581,19.7967802],[-98.552832,19.7974448],[-98.552582,19.7975194],[-98.5523614,19.7976479],[-98.5522352,19.7977965],[-98.5521963,19.7979486],[-98.5521393,19.798055],[-98.5520483,19.7981143],[-98.5519363,19.7981537],[-98.5517895,19.7981732],[-98.5515963,19.7981563],[-98.5514779,19.798142],[-98.5514025,19.7981435],[-98.5513486,19.7981519],[-98.5512923,19.7981807],[-98.5511174,19.798194],[-98.5510527,19.7982329],[-98.5509628,19.7982531],[-98.5508658,19.7982699],[-98.5507282,19.7982541],[-98.5506115,19.7982385],[-98.5504607,19.7982075],[-98.5503359,19.7982055],[-98.5502119,19.7982068],[-98.5500316,19.7982797],[-98.5498842,19.7983168],[-98.5496533,19.7983504],[-98.5495562,19.7983893],[-98.5494825,19.7984282],[-98.5493944,19.7984399],[-98.5492517,19.7984226],[-98.5491234,19.7983985],[-98.5490483,19.7983633]]]},"properties":{"locality":"PIEDRAS NEGRAS","official_key":"1306100010009","CVE_ENT":"13","CVE_MUN":"061","CVE_LOC":"0001","CVE_ASEN":"0009","settlement_type":"COLONIA","source":"INEGI DCAH 2025"}},{"type":"Feature","geometry":{"type":"Polygon","coordinates":[[[-98.5479881,19.7925861],[-98.5479541,19.7925222],[-98.547859,19.7925243],[-98.5478075,19.7924509],[-98.547734,19.7923706],[-98.5476172,19.792241],[-98.5474255,19.7920107],[-98.5472722,19.7918548],[-98.5481754,19.7914035],[-98.5482412,19.7913923],[-98.5486945,19.7909866],[-98.5488033,19.7909103],[-98.5492701,19.7905874],[-98.5496219,19.7903488],[-98.5498833,19.7901771],[-98.5499851,19.7901295],[-98.5505921,19.7899456],[-98.5506282,19.7899388],[-98.5509106,19.7898344],[-98.5510354,19.7897967],[-98.5512483,19.7897324],[-98.5512829,19.7895897],[-98.5513118,19.7894685],[-98.5513837,19.7893273],[-98.5514387,19.7890364],[-98.5514677,19.7888667],[-98.5515195,19.7886755],[-98.5516429,19.7884714],[-98.5518047,19.7882052],[-98.5521527,19.7876623],[-98.5523694,19.787322],[-98.5523946,19.7872751],[-98.5527773,19.7875138],[-98.5528921,19.7875745],[-98.5531878,19.7877542],[-98.5541414,19.7883645],[-98.5539686,19.788541],[-98.5539173,19.7885985],[-98.5533203,19.7892555],[-98.55326,19.7893163],[-98.5531131,19.7894876],[-98.5532308,19.7895648],[-98.553253,19.7895775],[-98.5533437,19.7899626],[-98.5535104,19.790758],[-98.5535322,19.7907946],[-98.5534857,19.7909116],[-98.553467,19.7909587],[-98.5534463,19.7911047],[-98.5533819,19.7915884],[-98.553328,19.791965],[-98.5531987,19.7925824],[-98.5531707,19.7926372],[-98.5531277,19.7930927],[-98.5530884,19.7934839],[-98.5530572,19.7938055],[-98.5530274,19.7939805],[-98.5530049,19.7942686],[-98.5529898,19.7944885],[-98.5529722,19.7946877],[-98.5529643,19.7948291],[-98.5529566,19.7950716],[-98.5529218,19.7950862],[-98.5526552,19.7952655],[-98.5521953,19.7955704],[-98.5517789,19.7958405],[-98.5513971,19.7961041],[-98.5513418,19.7961393],[-98.5506739,19.7955162],[-98.5498863,19.794772],[-98.5494561,19.7943572],[-98.5497222,19.7941955],[-98.5496672,19.794125],[-98.5496175,19.7940715],[-98.549548,19.7940016],[-98.5494852,19.7939324],[-98.5492124,19.7936782],[-98.5490776,19.7935607],[-98.5489582,19.7934598],[-98.5487935,19.7932998],[-98.5486742,19.7931758],[-98.5486096,19.7931555],[-98.5484479,19.7929891],[-98.5482414,19.7927965],[-98.5480933,19.7926826],[-98.5479881,19.7925861]]]},"properties":{"locality":"PINO SUÁREZ","official_key":"1306100010010","CVE_ENT":"13","CVE_MUN":"061","CVE_LOC":"0001","CVE_ASEN":"0010","settlement_type":"COLONIA","source":"INEGI DCAH 2025"}},{"type":"Feature","geometry":{"type":"Polygon","coordinates":[[[-98.5464944,19.7936266],[-98.5464733,19.7935361],[-98.5463976,19.7935479],[-98.5463523,19.7935112],[-98.5462773,19.7935135],[-98.5460643,19.7935304],[-98.5458107,19.7935429],[-98.5457387,19.7935427],[-98.545739,19.7934283],[-98.5457463,19.7931366],[-98.5458158,19.792546],[-98.5460274,19.7924494],[-98.546541,19.7921916],[-98.5472322,19.7918617],[-98.5472722,19.7918548],[-98.5474255,19.7920107],[-98.5476172,19.792241],[-98.547734,19.7923706],[-98.5478075,19.7924509],[-98.547859,19.7925243],[-98.5479541,19.7925222],[-98.5479881,19.7925861],[-98.5480933,19.7926826],[-98.5482414,19.7927965],[-98.5484479,19.7929891],[-98.5486096,19.7931555],[-98.5486742,19.7931758],[-98.5487935,19.7932998],[-98.5489582,19.7934598],[-98.5490776,19.7935607],[-98.5492124,19.7936782],[-98.5494852,19.7939324],[-98.549548,19.7940016],[-98.5496175,19.7940715],[-98.5496672,19.794125],[-98.5497222,19.7941955],[-98.5494561,19.7943572],[-98.5493373,19.7946093],[-98.5491392,19.7948103],[-98.5489643,19.7949808],[-98.5487889,19.7951385],[-98.5483827,19.7954665],[-98.5482902,19.7955413],[-98.5480735,19.795684],[-98.5478088,19.7958606],[-98.5475468,19.7960241],[-98.5473895,19.7961094],[-98.547342,19.7961168],[-98.5472293,19.7959667],[-98.5471003,19.7955809],[-98.5470194,19.7954115],[-98.5468745,19.7952652],[-98.5467919,19.7951348],[-98.5467515,19.7950636],[-98.5467135,19.7949071],[-98.5466934,19.794787],[-98.5466423,19.7945723],[-98.5465785,19.7944299],[-98.5465449,19.7943184],[-98.5465311,19.7942143],[-98.5465496,19.7940772],[-98.5465528,19.7938916],[-98.5465399,19.7937551],[-98.5464944,19.7936266]]]},"properties":{"locality":"PINO SUÁREZ","official_key":"1306100010011","CVE_ENT":"13","CVE_MUN":"061","CVE_LOC":"0001","CVE_ASEN":"0011","settlement_type":"AMPLIACIÓN","source":"INEGI DCAH 2025"}},{"type":"Feature","geometry":{"type":"Polygon","coordinates":[[[-98.5523316,19.7785675],[-98.5525596,19.7784295],[-98.5526112,19.7784751],[-98.5532476,19.7789648],[-98.5539278,19.7795304],[-98.5541069,19.7796809],[-98.5542893,19.779836],[-98.554462,19.7799788],[-98.5545576,19.7800574],[-98.5546599,19.7801309],[-98.5546845,19.7801838],[-98.553798,19.7805599],[-98.5544956,19.7811302],[-98.5544749,19.7811549],[-98.5538721,19.7818084],[-98.5538549,19.7818372],[-98.5535748,19.7821567],[-98.5534147,19.7823368],[-98.5533134,19.7824508],[-98.5532514,19.7825127],[-98.5526844,19.7830552],[-98.5526353,19.7831158],[-98.5520098,19.7838208],[-98.5519673,19.7838692],[-98.5511396,19.7848004],[-98.5510901,19.7848311],[-98.5501195,19.7857873],[-98.5500758,19.7858048],[-98.5497172,19.7855993],[-98.5495083,19.7854796],[-98.549064,19.7851545],[-98.5487124,19.7849607],[-98.5481824,19.7846372],[-98.5479268,19.7844653],[-98.5473721,19.7841147],[-98.5466927,19.7837055],[-98.5462438,19.7834842],[-98.5452878,19.7831849],[-98.5453888,19.7830779],[-98.5456225,19.7828185],[-98.5457701,19.7825733],[-98.5459492,19.7824176],[-98.5463381,19.7821953],[-98.5466094,19.7820281],[-98.5466549,19.7820026],[-98.5478926,19.7812366],[-98.5480469,19.7811387],[-98.5482683,19.7810025],[-98.5485366,19.7808446],[-98.548567,19.7808389],[-98.5486824,19.7807674],[-98.5489716,19.780591],[-98.5492651,19.7804165],[-98.5494331,19.7803069],[-98.5495246,19.7802472],[-98.5495995,19.7802036],[-98.5498592,19.7800523],[-98.5500918,19.7799355],[-98.5501305,19.7798993],[-98.5503495,19.7797688],[-98.5506099,19.779606],[-98.5508531,19.7794232],[-98.5510183,19.7793213],[-98.5512165,19.7792295],[-98.551389,19.7791157],[-98.5516626,19.7789508],[-98.5518356,19.7788595],[-98.5520603,19.7787215],[-98.5523316,19.7785675]]]},"properties":{"locality":"PLAZA VIEJA","official_key":"1306100010012","CVE_ENT":"13","CVE_MUN":"061","CVE_LOC":"0001","CVE_ASEN":"0012","settlement_type":"COLONIA","source":"INEGI DCAH 2025"}},{"type":"Feature","geometry":{"type":"Polygon","coordinates":[[[-98.5437563,19.7830283],[-98.5435721,19.7829366],[-98.543365,19.7827768],[-98.5431815,19.7826088],[-98.5429767,19.7823008],[-98.5427931,19.7819595],[-98.5425568,19.7815612],[-98.5422509,19.7810136],[-98.5432754,19.7802388],[-98.5436579,19.7804698],[-98.5437778,19.7805422],[-98.5439485,19.7804074],[-98.5447626,19.7808991],[-98.5449525,19.7810135],[-98.5451356,19.7811622],[-98.5451825,19.7810782],[-98.5452185,19.7809435],[-98.5452818,19.7807598],[-98.5453087,19.7806538],[-98.5453274,19.780601],[-98.545342,19.7805061],[-98.5453007,19.7804369],[-98.5452379,19.7803662],[-98.545209,19.7803086],[-98.5452076,19.7801991],[-98.5451953,19.7801434],[-98.5451454,19.78015],[-98.5450867,19.7801533],[-98.5450174,19.7801228],[-98.5449961,19.7800856],[-98.5449945,19.780025],[-98.5449939,19.779982],[-98.5450259,19.7799335],[-98.5450491,19.7798748],[-98.5450404,19.7798245],[-98.5449892,19.7797808],[-98.5448727,19.7797751],[-98.544782,19.7797696],[-98.5446915,19.7797278],[-98.5445983,19.7796287],[-98.5445024,19.7795348],[-98.544492,19.7793474],[-98.5444963,19.7790718],[-98.5447596,19.7789446],[-98.5453353,19.7786589],[-98.5458543,19.7783486],[-98.5465479,19.777518],[-98.5466471,19.777403],[-98.5473352,19.776649],[-98.5480275,19.7758329],[-98.5481797,19.775774],[-98.5483497,19.7757744],[-98.548448,19.7757916],[-98.5486174,19.7759953],[-98.5477764,19.7769976],[-98.5478564,19.7770608],[-98.5482,19.7773227],[-98.5484914,19.77754],[-98.5485484,19.7775585],[-98.54888,19.7777913],[-98.5491763,19.7780475],[-98.5503442,19.7766702],[-98.5504573,19.7767757],[-98.5506124,19.776897],[-98.5510148,19.777237],[-98.5511623,19.7773769],[-98.5513061,19.7775132],[-98.5514644,19.7776111],[-98.5517714,19.7778358],[-98.5523308,19.7782572],[-98.5525596,19.7784295],[-98.5523316,19.7785675],[-98.5520603,19.7787215],[-98.5518356,19.7788595],[-98.5516626,19.7789508],[-98.551389,19.7791157],[-98.5512165,19.7792295],[-98.5510183,19.7793213],[-98.5508531,19.7794232],[-98.5506099,19.779606],[-98.5503495,19.7797688],[-98.5501305,19.7798993],[-98.5500918,19.7799355],[-98.5498592,19.7800523],[-98.5495995,19.7802036],[-98.5495246,19.7802472],[-98.5494331,19.7803069],[-98.5492651,19.7804165],[-98.5489716,19.780591],[-98.5486824,19.7807674],[-98.548567,19.7808389],[-98.5485366,19.7808446],[-98.5482683,19.7810025],[-98.5480469,19.7811387],[-98.5478926,19.7812366],[-98.5466549,19.7820026],[-98.5466094,19.7820281],[-98.5463381,19.7821953],[-98.5459492,19.7824176],[-98.5457701,19.7825733],[-98.5456225,19.7828185],[-98.5453888,19.7830779],[-98.5452878,19.7831849],[-98.5451424,19.7831703],[-98.5450872,19.783156],[-98.5446761,19.7830743],[-98.5438186,19.7830317],[-98.5437563,19.7830283]]]},"properties":{"locality":"PLAZA VIEJA","official_key":"1306100010013","CVE_ENT":"13","CVE_MUN":"061","CVE_LOC":"0001","CVE_ASEN":"0013","settlement_type":"AMPLIACIÓN","source":"INEGI DCAH 2025"}},{"type":"Feature","geometry":{"type":"Polygon","coordinates":[[[-98.54888,19.7777913],[-98.5485484,19.7775585],[-98.5484914,19.77754],[-98.5482,19.7773227],[-98.5478564,19.7770608],[-98.5477764,19.7769976],[-98.5486174,19.7759953],[-98.5489563,19.7756559],[-98.5489936,19.775682],[-98.54934,19.7759246],[-98.5496737,19.7761788],[-98.5499801,19.7764257],[-98.5503442,19.7766702],[-98.5491763,19.7780475],[-98.54888,19.7777913]]]},"properties":{"locality":"SALES Y MINERALES","official_key":"1306100010014","CVE_ENT":"13","CVE_MUN":"061","CVE_LOC":"0001","CVE_ASEN":"0014","settlement_type":"COLONIA","source":"INEGI DCAH 2025"}},{"type":"Feature","geometry":{"type":"Polygon","coordinates":[[[-98.5466323,19.7876993],[-98.5469525,19.7876092],[-98.5469896,19.7876903],[-98.5473258,19.788425],[-98.5474355,19.7885985],[-98.547566,19.7888724],[-98.5476713,19.789258],[-98.5475839,19.789332],[-98.5475424,19.7894398],[-98.5475091,19.7895469],[-98.5474103,19.7897292],[-98.5473608,19.7897803],[-98.5473349,19.7898554],[-98.5473268,19.7899175],[-98.5473324,19.7900479],[-98.5472804,19.7901475],[-98.5472439,19.7902423],[-98.5471835,19.7904792],[-98.5471152,19.7906836],[-98.5470605,19.7908311],[-98.5469428,19.7911676],[-98.546922,19.7913014],[-98.5469313,19.7914448],[-98.5466081,19.7916367],[-98.5461756,19.7918989],[-98.545853,19.7920765],[-98.5458532,19.7920723],[-98.5458724,19.79158],[-98.5459101,19.7910858],[-98.5459725,19.7905875],[-98.5459895,19.7900558],[-98.5460077,19.7896868],[-98.5460288,19.7894831],[-98.5460644,19.7889686],[-98.5460763,19.7888045],[-98.5460764,19.7888037],[-98.5460927,19.7885552],[-98.5460929,19.7885531],[-98.546093,19.7885506],[-98.5460987,19.7884864],[-98.5461522,19.7878995],[-98.5461869,19.7877692],[-98.5465257,19.7877284],[-98.5466323,19.7876993]]]},"properties":{"locality":"14 DE FEBRERO","official_key":"1306100010015","CVE_ENT":"13","CVE_MUN":"061","CVE_LOC":"0001","CVE_ASEN":"0015","settlement_type":"COLONIA","source":"INEGI DCAH 2025"}},{"type":"Feature","geometry":{"type":"Polygon","coordinates":[[[-98.5572618,19.7927142],[-98.5569725,19.7922525],[-98.5569385,19.7922067],[-98.5566223,19.7916705],[-98.555929,19.7904808],[-98.5558021,19.790259],[-98.5557018,19.7900602],[-98.5553946,19.7895256],[-98.5553897,19.7894881],[-98.5552575,19.7892699],[-98.555237,19.7892419],[-98.5550588,19.7890132],[-98.5549611,19.7888907],[-98.5548888,19.7888341],[-98.5546552,19.7886005],[-98.5541414,19.7883645],[-98.5542465,19.7882746],[-98.5547562,19.7877758],[-98.5551745,19.7873455],[-98.5552538,19.7873325],[-98.5555933,19.786966],[-98.5564377,19.7861288],[-98.5567607,19.7858036],[-98.5569408,19.7856221],[-98.5570314,19.7855179],[-98.5570741,19.785479],[-98.5571972,19.7855669],[-98.5575486,19.7858646],[-98.5578781,19.786138],[-98.5579639,19.7862139],[-98.5582035,19.7864362],[-98.5584976,19.7866916],[-98.5587654,19.7869322],[-98.5590376,19.786766],[-98.5592117,19.7866671],[-98.5594175,19.7865346],[-98.5596192,19.7864398],[-98.5597354,19.7864063],[-98.5597744,19.7864545],[-98.5607858,19.7872304],[-98.5612492,19.7875785],[-98.5612674,19.7875921],[-98.5612828,19.7876037],[-98.5613256,19.7876371],[-98.5615943,19.7878464],[-98.5616931,19.787927],[-98.5620032,19.7881868],[-98.5622467,19.7883952],[-98.5615271,19.7889929],[-98.5607303,19.789648],[-98.5606818,19.7896786],[-98.559906,19.7902236],[-98.5593721,19.7907199],[-98.558928,19.7911336],[-98.558706,19.7913215],[-98.5580195,19.791808],[-98.5580586,19.7918989],[-98.5585124,19.792342],[-98.5583573,19.7923704],[-98.558067,19.7924161],[-98.5577626,19.7924309],[-98.5576997,19.7923987],[-98.5576457,19.7924699],[-98.5573667,19.7926382],[-98.5572618,19.7927142]]]},"properties":{"locality":"18 DE MARZO","official_key":"1306100010016","CVE_ENT":"13","CVE_MUN":"061","CVE_LOC":"0001","CVE_ASEN":"0016","settlement_type":"COLONIA","source":"INEGI DCAH 2025"}},{"type":"Feature","geometry":{"type":"Polygon","coordinates":[[[-98.5571507,19.7767023],[-98.5568698,19.7766834],[-98.5564922,19.7766905],[-98.5560727,19.7766559],[-98.5557171,19.776579],[-98.5555931,19.7765879],[-98.5555675,19.7764971],[-98.5555066,19.7763542],[-98.5554251,19.776152],[-98.555376,19.7761113],[-98.5552222,19.7759711],[-98.5550368,19.7757932],[-98.5549545,19.7756787],[-98.5548886,19.7755624],[-98.5548514,19.7755034],[-98.5548304,19.7754786],[-98.5547435,19.7754149],[-98.554319,19.7751165],[-98.5540706,19.7749304],[-98.5540428,19.7749022],[-98.554021,19.7747583],[-98.5540231,19.7746459],[-98.5540824,19.7745474],[-98.5542427,19.7742412],[-98.5542889,19.7741806],[-98.5544743,19.7739948],[-98.5549984,19.7735138],[-98.5552312,19.7732902],[-98.5553288,19.7732043],[-98.5553949,19.7730784],[-98.5554176,19.7731835],[-98.5555713,19.7733147],[-98.5556554,19.7733672],[-98.5560211,19.7735699],[-98.5575964,19.774432],[-98.5582899,19.7748038],[-98.5587811,19.7750672],[-98.5588322,19.7750577],[-98.5589094,19.7748344],[-98.5589738,19.7745991],[-98.5590041,19.7744103],[-98.5590646,19.7740685],[-98.5591245,19.7738998],[-98.5592699,19.7736146],[-98.5594324,19.7732869],[-98.559625,19.7728244],[-98.559796,19.772486],[-98.5599587,19.7720721],[-98.5601339,19.7717468],[-98.5601856,19.7715889],[-98.560335,19.7716549],[-98.5605618,19.7717892],[-98.5610986,19.7720744],[-98.5617042,19.7723823],[-98.5620721,19.7725739],[-98.5621607,19.7726202],[-98.5624035,19.7727769],[-98.5627174,19.7729749],[-98.5630113,19.7732262],[-98.5630875,19.7733067],[-98.5629389,19.7734761],[-98.5629034,19.7735165],[-98.5627703,19.7736468],[-98.5626065,19.7738463],[-98.5624509,19.7740015],[-98.5622997,19.7741789],[-98.5621611,19.7743414],[-98.5619749,19.7745627],[-98.561875,19.7746814],[-98.5614887,19.7751088],[-98.5612727,19.7753954],[-98.5611839,19.7755631],[-98.5610243,19.7757125],[-98.5596268,19.7761045],[-98.5592722,19.7761843],[-98.5590739,19.7762289],[-98.558361,19.7763913],[-98.5577753,19.7765501],[-98.5577598,19.776585],[-98.5576927,19.7767366],[-98.5571507,19.7767023]]]},"properties":{"locality":"LOS FRAILES II","official_key":"1306100010021","CVE_ENT":"13","CVE_MUN":"061","CVE_LOC":"0001","CVE_ASEN":"0021","settlement_type":"COLONIA","source":"INEGI DCAH 2025"}},{"type":"Feature","geometry":{"type":"Polygon","coordinates":[[[-98.5340456,19.7855535],[-98.5338751,19.7853811],[-98.533838,19.7853936],[-98.533734,19.7853135],[-98.5334358,19.7851817],[-98.5331551,19.7846908],[-98.5339781,19.7845839],[-98.5349831,19.7844193],[-98.5359882,19.7842546],[-98.5369932,19.78409],[-98.5379982,19.7839254],[-98.5381849,19.7847088],[-98.5388378,19.784644],[-98.5391951,19.7846455],[-98.5396555,19.7846507],[-98.5397671,19.7846466],[-98.5401127,19.7846605],[-98.5405045,19.7846994],[-98.5411574,19.7847581],[-98.5415754,19.7847911],[-98.5418998,19.7848123],[-98.5420535,19.784803],[-98.5431797,19.7847916],[-98.5433382,19.7847862],[-98.5438576,19.784789],[-98.5443231,19.7847966],[-98.5447392,19.7846262],[-98.5451892,19.7844424],[-98.5452078,19.7844757],[-98.5456394,19.7849203],[-98.5458492,19.7851826],[-98.5458791,19.7852354],[-98.5458333,19.7852817],[-98.5457063,19.7853623],[-98.5455981,19.78543],[-98.5455086,19.7854776],[-98.5454392,19.7855153],[-98.5453078,19.7855557],[-98.54514,19.7856019],[-98.5449145,19.7856602],[-98.5447754,19.7856912],[-98.5446055,19.7857368],[-98.5443927,19.7857877],[-98.5442183,19.785857],[-98.5441247,19.7858981],[-98.5439812,19.7859592],[-98.5439071,19.7859862],[-98.5438128,19.7860329],[-98.5437141,19.7860681],[-98.5436641,19.7860703],[-98.5435672,19.7861082],[-98.5434322,19.7861417],[-98.5433272,19.7861716],[-98.5432172,19.7862056],[-98.5430683,19.7862417],[-98.5429452,19.7862774],[-98.5426861,19.7863488],[-98.5425374,19.7863892],[-98.5424462,19.7864143],[-98.5428645,19.7867305],[-98.543118,19.7869263],[-98.5431847,19.7869926],[-98.5432761,19.7870882],[-98.5433912,19.7871829],[-98.5434892,19.7872351],[-98.543605,19.7873049],[-98.5437003,19.7873838],[-98.5437435,19.7874424],[-98.5438235,19.7875612],[-98.5439109,19.7876342],[-98.5440457,19.7876757],[-98.544121,19.7877427],[-98.5441645,19.7877859],[-98.5442042,19.7878175],[-98.5442582,19.7878475],[-98.5447933,19.7883318],[-98.5448552,19.7884057],[-98.5445204,19.7885696],[-98.5443371,19.788677],[-98.5443093,19.7887262],[-98.5435969,19.7890362],[-98.5426517,19.7894278],[-98.5421722,19.7896337],[-98.5417963,19.789803],[-98.5414272,19.7899541],[-98.5411072,19.7900889],[-98.5408468,19.7901935],[-98.540771,19.7902232],[-98.5406655,19.7902694],[-98.5402515,19.7904635],[-98.5400868,19.7905404],[-98.5392487,19.7909317],[-98.5388935,19.7910868],[-98.5379801,19.791501],[-98.537082,19.7919084],[-98.5370585,19.7918723],[-98.536518,19.7906684],[-98.5359775,19.7894645],[-98.5357529,19.7890248],[-98.5357176,19.7889332],[-98.5357008,19.7888551],[-98.5356596,19.7886995],[-98.5357683,19.7886652],[-98.5356805,19.788524],[-98.5355271,19.788223],[-98.5355129,19.7881475],[-98.535023,19.7872618],[-98.5350232,19.7872001],[-98.534853,19.7868776],[-98.5342282,19.7856941],[-98.5340456,19.7855535]]]},"properties":{"locality":"LOS REYES","official_key":"1306100010022","CVE_ENT":"13","CVE_MUN":"061","CVE_LOC":"0001","CVE_ASEN":"0022","settlement_type":"COLONIA","source":"INEGI DCAH 2025"}},{"type":"Feature","geometry":{"type":"Polygon","coordinates":[[[-98.5629034,19.7735165],[-98.5633042,19.7740512],[-98.5638755,19.7748077],[-98.56396,19.7749196],[-98.5632028,19.7750925],[-98.5618461,19.7754802],[-98.5610243,19.7757125],[-98.5611839,19.7755631],[-98.5612727,19.7753954],[-98.5614887,19.7751088],[-98.561875,19.7746814],[-98.5619749,19.7745627],[-98.5621611,19.7743414],[-98.5622997,19.7741789],[-98.5624509,19.7740015],[-98.5626065,19.7738463],[-98.5627703,19.7736468],[-98.5629034,19.7735165]]]},"properties":{"locality":"SANTA BÁRBARA","official_key":"1306100010023","CVE_ENT":"13","CVE_MUN":"061","CVE_LOC":"0001","CVE_ASEN":"0023","settlement_type":"COLONIA","source":"INEGI DCAH 2025"}},{"type":"Feature","geometry":{"type":"Polygon","coordinates":[[[-98.5570741,19.785479],[-98.5571875,19.7853866],[-98.5574805,19.7850932],[-98.5581379,19.7844392],[-98.5584808,19.7841242],[-98.5587298,19.7838814],[-98.5589604,19.7836584],[-98.5592029,19.7834871],[-98.5596304,19.7829959],[-98.5601135,19.7827896],[-98.561083,19.7822564],[-98.5616457,19.7819102],[-98.561914,19.7817466],[-98.5624881,19.7814269],[-98.5631562,19.7811048],[-98.5637116,19.7808301],[-98.5638476,19.7807552],[-98.5647897,19.7802493],[-98.5654843,19.7797541],[-98.5657478,19.7795787],[-98.5660672,19.7799482],[-98.5661397,19.7800038],[-98.5655444,19.7806768],[-98.5671863,19.7824038],[-98.5674493,19.7828223],[-98.5665446,19.7835582],[-98.5661828,19.7836082],[-98.5659916,19.7836349],[-98.5657639,19.7837181],[-98.565489,19.7837942],[-98.5655346,19.7836972],[-98.5655637,19.7835616],[-98.5655689,19.7834048],[-98.5656293,19.7831292],[-98.5656296,19.7830389],[-98.5656235,19.7829346],[-98.565482,19.7825783],[-98.5654187,19.7824085],[-98.5653726,19.7821996],[-98.5653474,19.7821232],[-98.5646117,19.7815147],[-98.5643913,19.7816431],[-98.5641845,19.7817347],[-98.5639875,19.7818337],[-98.56381,19.7819512],[-98.5634726,19.7821337],[-98.5631898,19.7822822],[-98.5628908,19.7824327],[-98.5626645,19.7825664],[-98.5624501,19.7826561],[-98.5622999,19.7827312],[-98.5620912,19.782836],[-98.5618299,19.7829606],[-98.561666,19.783087],[-98.5614439,19.7832338],[-98.5612429,19.7833807],[-98.5610712,19.7835295],[-98.5608974,19.7836746],[-98.5607042,19.783838],[-98.5608883,19.7840498],[-98.5609754,19.7841321],[-98.5610889,19.784243],[-98.5611961,19.784364],[-98.5612994,19.7844767],[-98.5614129,19.7846172],[-98.5615202,19.784682],[-98.5617134,19.7847674],[-98.5619028,19.7848647],[-98.562005,19.7849516],[-98.5621248,19.7850727],[-98.5622319,19.7851735],[-98.5623251,19.7852335],[-98.5624942,19.7853367],[-98.5624411,19.785375],[-98.5621349,19.7854819],[-98.5615572,19.7857043],[-98.5607941,19.7860054],[-98.560379,19.7861585],[-98.5600929,19.78627],[-98.5597354,19.7864063],[-98.5596192,19.7864398],[-98.5594175,19.7865346],[-98.5592117,19.7866671],[-98.5590376,19.786766],[-98.5587654,19.7869322],[-98.5584976,19.7866916],[-98.5582035,19.7864362],[-98.5579639,19.7862139],[-98.5578781,19.786138],[-98.5575486,19.7858646],[-98.5571972,19.7855669],[-98.5570741,19.785479]]]},"properties":{"locality":"LA CANDELARIA","official_key":"1306100010024","CVE_ENT":"13","CVE_MUN":"061","CVE_LOC":"0001","CVE_ASEN":"0024","settlement_type":"COLONIA","source":"INEGI DCAH 2025"}},{"type":"Feature","geometry":{"type":"Polygon","coordinates":[[[-98.5764518,19.7780631],[-98.5761185,19.7780509],[-98.5756039,19.778053],[-98.5751462,19.7780285],[-98.57461,19.778035],[-98.5724812,19.7779666],[-98.5723389,19.777665],[-98.572178,19.7773886],[-98.5724312,19.7772895],[-98.5727224,19.7771729],[-98.5729878,19.7770802],[-98.5732929,19.7770496],[-98.573636,19.7770166],[-98.5739607,19.7770218],[-98.574276,19.7770257],[-98.5745805,19.7770286],[-98.5749295,19.7770275],[-98.575225,19.7770333],[-98.5755736,19.7770395],[-98.5758544,19.7770445],[-98.5762319,19.7770508],[-98.5765407,19.7770429],[-98.5768812,19.7770533],[-98.577198,19.7770573],[-98.5775216,19.7770581],[-98.5778485,19.7770663],[-98.5781609,19.7770703],[-98.5784833,19.7770774],[-98.5786222,19.7770783],[-98.5788047,19.7770793],[-98.5791293,19.7770886],[-98.5793929,19.7770945],[-98.5796974,19.7770985],[-98.5799796,19.777101],[-98.5801938,19.7771178],[-98.5803311,19.7772186],[-98.5803919,19.77735],[-98.5803766,19.7774454],[-98.5803448,19.77757],[-98.5803919,19.7776904],[-98.5804409,19.7778051],[-98.5805221,19.7778784],[-98.580474,19.7779002],[-98.5806073,19.7780117],[-98.5803027,19.7781162],[-98.5800485,19.7781806],[-98.5798031,19.778221],[-98.5796291,19.778224],[-98.5793367,19.778235],[-98.5789454,19.7782284],[-98.5788405,19.7782247],[-98.5778328,19.7781773],[-98.5776538,19.7781678],[-98.5775238,19.7781541],[-98.5772404,19.778133],[-98.5768555,19.7780928],[-98.5764518,19.7780631]]]},"properties":{"locality":"ABECEDARIO","official_key":"1306100020001","CVE_ENT":"13","CVE_MUN":"061","CVE_LOC":"0002","CVE_ASEN":"0001","settlement_type":"COLONIA","source":"INEGI DCAH 2025"}},{"type":"Feature","geometry":{"type":"Polygon","coordinates":[[[-98.5777934,19.7669285],[-98.5775715,19.7662109],[-98.5774959,19.7659618],[-98.5772729,19.7652275],[-98.5776524,19.76526],[-98.5780073,19.7652804],[-98.5782657,19.7653084],[-98.5784449,19.7653321],[-98.5789743,19.7653954],[-98.5791913,19.7654169],[-98.5794131,19.765445],[-98.579906,19.7654876],[-98.5801484,19.7655178],[-98.5802429,19.7655435],[-98.5803958,19.7655607],[-98.5808862,19.7656041],[-98.5811616,19.7656266],[-98.5813651,19.7656606],[-98.5818771,19.7657242],[-98.5823544,19.7657823],[-98.5829456,19.7658491],[-98.5828738,19.7664564],[-98.5840886,19.7662888],[-98.5835068,19.7673339],[-98.5832478,19.7678037],[-98.5830288,19.7681876],[-98.5827803,19.7686235],[-98.5825536,19.7690008],[-98.5824663,19.7691489],[-98.582125,19.7693254],[-98.5816428,19.7695583],[-98.5815039,19.7696347],[-98.5816974,19.7697381],[-98.5817176,19.7697489],[-98.581694,19.7697703],[-98.581534,19.769812],[-98.5809088,19.7699621],[-98.5804807,19.7700845],[-98.5795592,19.7703498],[-98.5792855,19.7704155],[-98.5788094,19.7705427],[-98.5782562,19.7687529],[-98.578113,19.7683081],[-98.5777732,19.7672014],[-98.5777776,19.7670792],[-98.5777787,19.76701],[-98.5777934,19.7669285]]]},"properties":{"locality":"BENITO JUÁREZ","official_key":"1306100020002","CVE_ENT":"13","CVE_MUN":"061","CVE_LOC":"0002","CVE_ASEN":"0002","settlement_type":"FRACCIONAMIENTO","source":"INEGI DCAH 2025"}},{"type":"Feature","geometry":{"type":"Polygon","coordinates":[[[-98.57918,19.7605033],[-98.579021,19.7604832],[-98.5788075,19.7604523],[-98.5786544,19.7604388],[-98.5784202,19.7604068],[-98.5780463,19.7603663],[-98.5776697,19.7603291],[-98.5773953,19.7602985],[-98.5774333,19.7600174],[-98.5774988,19.7595664],[-98.5775189,19.759431],[-98.5775504,19.759281],[-98.5781062,19.7593267],[-98.5785983,19.7593564],[-98.5791367,19.7593163],[-98.5796055,19.7592576],[-98.580109,19.7591662],[-98.5804313,19.7590694],[-98.5807871,19.7591067],[-98.5805607,19.7606821],[-98.5803763,19.7606621],[-98.580192,19.7606422],[-98.5795653,19.760549],[-98.5793726,19.7605262],[-98.57918,19.7605033]]]},"properties":{"locality":"COLONIA DEL BOSQUE","official_key":"1306100020003","CVE_ENT":"13","CVE_MUN":"061","CVE_LOC":"0002","CVE_ASEN":"0003","settlement_type":"COLONIA","source":"INEGI DCAH 2025"}},{"type":"Feature","geometry":{"type":"Polygon","coordinates":[[[-98.5729878,19.7770802],[-98.5726212,19.7758313],[-98.5728645,19.7757874],[-98.5732185,19.7757147],[-98.5735296,19.7756536],[-98.5738292,19.7755961],[-98.574153,19.7755444],[-98.5744348,19.7754853],[-98.5747423,19.7754312],[-98.5750758,19.7753668],[-98.5753633,19.7753131],[-98.5756588,19.7752623],[-98.5759449,19.7752019],[-98.5762636,19.7751372],[-98.5765741,19.7750583],[-98.576888,19.7749701],[-98.5771806,19.7748903],[-98.577496,19.7747946],[-98.5777507,19.7747486],[-98.5780854,19.7746719],[-98.5781269,19.7746641],[-98.5784071,19.7747226],[-98.5787137,19.774669],[-98.5790362,19.7745952],[-98.579318,19.7745252],[-98.5796342,19.7744607],[-98.5799969,19.7743832],[-98.5803498,19.7755714],[-98.5802979,19.7756567],[-98.5802177,19.7757887],[-98.5800965,19.7759882],[-98.5800812,19.7760134],[-98.5799926,19.7761461],[-98.5799007,19.7762835],[-98.5798749,19.7763221],[-98.5796653,19.7766837],[-98.579439,19.7770147],[-98.5793929,19.7770945],[-98.5791293,19.7770886],[-98.5788047,19.7770793],[-98.5786222,19.7770783],[-98.5784833,19.7770774],[-98.5781609,19.7770703],[-98.5778485,19.7770663],[-98.5775216,19.7770581],[-98.577198,19.7770573],[-98.5768812,19.7770533],[-98.5765407,19.7770429],[-98.5762319,19.7770508],[-98.5758544,19.7770445],[-98.5755736,19.7770395],[-98.575225,19.7770333],[-98.5749295,19.7770275],[-98.5745805,19.7770286],[-98.574276,19.7770257],[-98.5739607,19.7770218],[-98.573636,19.7770166],[-98.5732929,19.7770496],[-98.5729878,19.7770802]]]},"properties":{"locality":"CARROS","official_key":"1306100020004","CVE_ENT":"13","CVE_MUN":"061","CVE_LOC":"0002","CVE_ASEN":"0004","settlement_type":"FRACCIONAMIENTO","source":"INEGI DCAH 2025"}},{"type":"Feature","geometry":{"type":"Polygon","coordinates":[[[-98.5801938,19.7771178],[-98.5799796,19.777101],[-98.5796974,19.7770985],[-98.5793929,19.7770945],[-98.579439,19.7770147],[-98.5796653,19.7766837],[-98.5798749,19.7763221],[-98.5799007,19.7762835],[-98.5799926,19.7761461],[-98.5800812,19.7760134],[-98.5800965,19.7759882],[-98.5802177,19.7757887],[-98.5802979,19.7756567],[-98.5803498,19.7755714],[-98.5799969,19.7743832],[-98.5798026,19.7737349],[-98.5796754,19.7733719],[-98.5795714,19.7730516],[-98.579459,19.7726812],[-98.5793922,19.7724462],[-98.5792346,19.771951],[-98.5791004,19.771555],[-98.5789789,19.7711294],[-98.5794809,19.7709664],[-98.580659,19.7706247],[-98.5815465,19.7703846],[-98.5818179,19.7703139],[-98.5839044,19.7697789],[-98.5844227,19.7696292],[-98.5846091,19.7695623],[-98.5853273,19.7693943],[-98.5855983,19.7693244],[-98.5857812,19.7693024],[-98.5860149,19.7692934],[-98.5862687,19.7693164],[-98.5861456,19.7695822],[-98.5857901,19.7701762],[-98.5855616,19.7705719],[-98.5851286,19.7713074],[-98.5846852,19.7720549],[-98.5838541,19.7734761],[-98.5832949,19.7744546],[-98.5827995,19.7752851],[-98.5823041,19.7761156],[-98.5820851,19.7765175],[-98.58177,19.7771155],[-98.5815127,19.7774238],[-98.5812497,19.7776437],[-98.581115,19.77773],[-98.5810236,19.7777879],[-98.5808,19.7779295],[-98.5806073,19.7780117],[-98.580474,19.7779002],[-98.5805221,19.7778784],[-98.5804409,19.7778051],[-98.5803919,19.7776904],[-98.5803448,19.77757],[-98.5803766,19.7774454],[-98.5803919,19.77735],[-98.5803311,19.7772186],[-98.5801938,19.7771178]]]},"properties":{"locality":"CENTRO","official_key":"1306100020005","CVE_ENT":"13","CVE_MUN":"061","CVE_LOC":"0002","CVE_ASEN":"0005","settlement_type":"COLONIA","source":"INEGI DCAH 2025"}},{"type":"Feature","geometry":{"type":"Polygon","coordinates":[[[-98.564411,19.7746977],[-98.56396,19.7749196],[-98.5638755,19.7748077],[-98.5633042,19.7740512],[-98.5629034,19.7735165],[-98.5629389,19.7734761],[-98.5630875,19.7733067],[-98.5633483,19.7729274],[-98.5635593,19.7726938],[-98.5639301,19.7722965],[-98.564151,19.7720618],[-98.5643347,19.7718701],[-98.5642732,19.7718278],[-98.5648901,19.770949],[-98.565169,19.7711073],[-98.5652113,19.7711313],[-98.5652421,19.7711488],[-98.5655737,19.771342],[-98.5655877,19.7713497],[-98.5656084,19.7713611],[-98.5659717,19.771569],[-98.5659857,19.7715785],[-98.5660115,19.7715959],[-98.5663566,19.7717869],[-98.566382,19.7718027],[-98.5667383,19.7720239],[-98.5668686,19.7719056],[-98.5666938,19.7735893],[-98.5670414,19.773827],[-98.5669884,19.7740018],[-98.5666763,19.7740857],[-98.5666435,19.7740937],[-98.5661155,19.7742434],[-98.565526,19.7743784],[-98.5648519,19.7745598],[-98.564411,19.7746977]]]},"properties":{"locality":"EL CHAMIZAL","official_key":"1306100020006","CVE_ENT":"13","CVE_MUN":"061","CVE_LOC":"0002","CVE_ASEN":"0006","settlement_type":"COLONIA","source":"INEGI DCAH 2025"}},{"type":"Feature","geometry":{"type":"Polygon","coordinates":[[[-98.5710713,19.7707586],[-98.5713555,19.7706793],[-98.5716366,19.770606],[-98.5718937,19.7705235],[-98.5721834,19.7704337],[-98.5724174,19.7703731],[-98.5727342,19.7702723],[-98.5729683,19.7702022],[-98.5732707,19.7701177],[-98.5733269,19.7701027],[-98.5735322,19.7700477],[-98.573819,19.7699705],[-98.574083,19.7699005],[-98.5743751,19.7698161],[-98.5746192,19.7697531],[-98.5749162,19.7696687],[-98.5752002,19.769594],[-98.5754727,19.7695117],[-98.575735,19.7694381],[-98.5760181,19.7693529],[-98.5762782,19.7692919],[-98.5765671,19.769203],[-98.5768335,19.7691307],[-98.5770895,19.7690501],[-98.5773771,19.7689809],[-98.5776571,19.7688933],[-98.5779098,19.7688314],[-98.5782562,19.7687529],[-98.5788094,19.7705427],[-98.5784823,19.770613],[-98.5781869,19.7706863],[-98.5779213,19.7707612],[-98.5776486,19.770841],[-98.5773901,19.7709091],[-98.5770968,19.7709828],[-98.5768247,19.7710506],[-98.5765576,19.7711297],[-98.5762855,19.7711975],[-98.576001,19.7712767],[-98.5757749,19.7713465],[-98.5757201,19.7713554],[-98.5754531,19.7714221],[-98.5751657,19.7715091],[-98.574896,19.7715807],[-98.5746234,19.7716572],[-98.574354,19.7717357],[-98.5740716,19.7718105],[-98.5737823,19.771894],[-98.5735405,19.7719603],[-98.5732679,19.7720333],[-98.5729834,19.7721224],[-98.5727107,19.7721989],[-98.5724335,19.772273],[-98.57215,19.7723593],[-98.5718764,19.7724333],[-98.5716128,19.7725092],[-98.5711992,19.7712076],[-98.5710713,19.7707586]]]},"properties":{"locality":"DINA","official_key":"1306100020007","CVE_ENT":"13","CVE_MUN":"061","CVE_LOC":"0002","CVE_ASEN":"0007","settlement_type":"FRACCIONAMIENTO","source":"INEGI DCAH 2025"}},{"type":"Feature","geometry":{"type":"Polygon","coordinates":[[[-98.5673742,19.7674877],[-98.5674266,19.7674534],[-98.5675703,19.7672594],[-98.5678417,19.7668969],[-98.5680875,19.7665614],[-98.5684994,19.7660117],[-98.5689056,19.7654619],[-98.5693579,19.7648523],[-98.5695048,19.7646535],[-98.5694764,19.7648355],[-98.56944,19.7650882],[-98.56944,19.7652855],[-98.5694907,19.7655685],[-98.5696293,19.7660367],[-98.5697813,19.7665214],[-98.5698901,19.7668768],[-98.5700136,19.7672796],[-98.5701474,19.7677135],[-98.570361,19.7684117],[-98.570469,19.768793],[-98.5699163,19.768946],[-98.5694061,19.769091],[-98.5690624,19.7691934],[-98.5688109,19.7692653],[-98.568572,19.7693457],[-98.5685078,19.7693789],[-98.5683304,19.7689634],[-98.5681209,19.768447],[-98.5679863,19.7681188],[-98.5678891,19.7680025],[-98.5676879,19.767802],[-98.5673742,19.7674877]]]},"properties":{"locality":"DIKONA","official_key":"1306100020008","CVE_ENT":"13","CVE_MUN":"061","CVE_LOC":"0002","CVE_ASEN":"0008","settlement_type":"FRACCIONAMIENTO","source":"INEGI DCAH 2025"}},{"type":"Feature","geometry":{"type":"Polygon","coordinates":[[[-98.5694764,19.7648355],[-98.5695021,19.7648476],[-98.5695575,19.7649125],[-98.5696301,19.7649633],[-98.5697443,19.7650227],[-98.5698233,19.7650754],[-98.5700326,19.7651791],[-98.5701288,19.7651854],[-98.5702497,19.7651716],[-98.5705042,19.7651701],[-98.5706742,19.7651866],[-98.5708194,19.7651851],[-98.570984,19.7652158],[-98.5710716,19.7652423],[-98.5712865,19.7652226],[-98.5715134,19.7651544],[-98.5716054,19.7651344],[-98.571708,19.7651427],[-98.5718715,19.7651877],[-98.5720789,19.7652004],[-98.5722372,19.7651562],[-98.5722993,19.7651402],[-98.5724062,19.7651384],[-98.5725381,19.7651733],[-98.5725979,19.7651997],[-98.572692,19.7652121],[-98.5727754,19.7652123],[-98.5728417,19.7652003],[-98.5729508,19.7651904],[-98.5730534,19.7652048],[-98.5731145,19.7652236],[-98.5739226,19.7656285],[-98.5739804,19.7656226],[-98.5742857,19.765508],[-98.574337,19.765498],[-98.5743798,19.7655042],[-98.5746295,19.7656807],[-98.5746829,19.7657173],[-98.5747469,19.7657417],[-98.574853,19.7657336],[-98.5752661,19.7655971],[-98.5753667,19.7655791],[-98.5754407,19.7655941],[-98.5763839,19.7662163],[-98.5766514,19.7657385],[-98.5774959,19.7659618],[-98.5775715,19.7662109],[-98.5777934,19.7669285],[-98.5777787,19.76701],[-98.5777776,19.7670792],[-98.5777732,19.7672014],[-98.5770814,19.766992],[-98.5768834,19.7669229],[-98.5766932,19.7668688],[-98.5763361,19.7667669],[-98.575785,19.7665771],[-98.5757221,19.7666029],[-98.5750655,19.7668837],[-98.573721,19.7674403],[-98.5730295,19.7677256],[-98.5718466,19.7682381],[-98.5714464,19.7684],[-98.5713718,19.7684293],[-98.570469,19.768793],[-98.570361,19.7684117],[-98.5701474,19.7677135],[-98.5700136,19.7672796],[-98.5698901,19.7668768],[-98.5697813,19.7665214],[-98.5696293,19.7660367],[-98.5694907,19.7655685],[-98.56944,19.7652855],[-98.56944,19.7650882],[-98.5694764,19.7648355]]]},"properties":{"locality":"LAS HACIENDAS","official_key":"1306100020009","CVE_ENT":"13","CVE_MUN":"061","CVE_LOC":"0002","CVE_ASEN":"0009","settlement_type":"FRACCIONAMIENTO","source":"INEGI DCAH 2025"}},{"type":"Feature","geometry":{"type":"Polygon","coordinates":[[[-98.5757221,19.7666029],[-98.575785,19.7665771],[-98.5763361,19.7667669],[-98.5766932,19.7668688],[-98.5768834,19.7669229],[-98.5770814,19.766992],[-98.5777732,19.7672014],[-98.578113,19.7683081],[-98.5782562,19.7687529],[-98.5779098,19.7688314],[-98.5776571,19.7688933],[-98.5773771,19.7689809],[-98.5770895,19.7690501],[-98.5768335,19.7691307],[-98.5765671,19.769203],[-98.5762782,19.7692919],[-98.5760181,19.7693529],[-98.575735,19.7694381],[-98.5754727,19.7695117],[-98.5752002,19.769594],[-98.5749162,19.7696687],[-98.5746192,19.7697531],[-98.5743751,19.7698161],[-98.574083,19.7699005],[-98.573819,19.7699705],[-98.5735322,19.7700477],[-98.5733269,19.7701027],[-98.5732707,19.7701177],[-98.5729683,19.7702022],[-98.5727342,19.7702723],[-98.5724174,19.7703731],[-98.5721834,19.7704337],[-98.5718937,19.7705235],[-98.5716366,19.770606],[-98.5713555,19.7706793],[-98.5710713,19.7707586],[-98.570925,19.7702608],[-98.5707822,19.769812],[-98.5705795,19.7691735],[-98.570469,19.768793],[-98.5713718,19.7684293],[-98.5714464,19.7684],[-98.5718466,19.7682381],[-98.5730295,19.7677256],[-98.573721,19.7674403],[-98.5750655,19.7668837],[-98.5757221,19.7666029]]]},"properties":{"locality":"IMSS","official_key":"1306100020010","CVE_ENT":"13","CVE_MUN":"061","CVE_LOC":"0002","CVE_ASEN":"0010","settlement_type":"FRACCIONAMIENTO","source":"INEGI DCAH 2025"}},{"type":"Feature","geometry":{"type":"Polygon","coordinates":[[[-98.5772729,19.7652275],[-98.5771571,19.7648252],[-98.5770691,19.7645269],[-98.5769122,19.7640726],[-98.5769402,19.7638532],[-98.5770299,19.763147],[-98.5771685,19.7621875],[-98.5771749,19.7620482],[-98.5771839,19.7619547],[-98.5771917,19.7618913],[-98.5772649,19.7612982],[-98.5773407,19.7608016],[-98.5773953,19.7602985],[-98.5776697,19.7603291],[-98.5780463,19.7603663],[-98.5784202,19.7604068],[-98.5786544,19.7604388],[-98.5788075,19.7604523],[-98.579021,19.7604832],[-98.578934,19.7612898],[-98.5788898,19.7616066],[-98.5788085,19.7625214],[-98.5790475,19.7625452],[-98.5790807,19.762556],[-98.5790154,19.7631687],[-98.5791295,19.7631889],[-98.5795126,19.7632283],[-98.5799148,19.7632721],[-98.5802673,19.7633117],[-98.5805617,19.7633366],[-98.5812735,19.7630409],[-98.5811879,19.7637272],[-98.5811643,19.7639703],[-98.5814104,19.7642398],[-98.5817704,19.7646056],[-98.581901,19.7647448],[-98.5819593,19.7648346],[-98.5819853,19.7649301],[-98.581993,19.7650522],[-98.5819847,19.7651122],[-98.5819695,19.7651602],[-98.5819475,19.7651975],[-98.5819368,19.7652063],[-98.5818465,19.7652785],[-98.5818144,19.765302],[-98.5817188,19.7653238],[-98.5816011,19.76531],[-98.5812319,19.7652688],[-98.5811451,19.7652626],[-98.5811224,19.7654276],[-98.5811869,19.7654377],[-98.5811616,19.7656266],[-98.5808862,19.7656041],[-98.5803958,19.7655607],[-98.5802429,19.7655435],[-98.5801484,19.7655178],[-98.579906,19.7654876],[-98.5794131,19.765445],[-98.5791913,19.7654169],[-98.5789743,19.7653954],[-98.5784449,19.7653321],[-98.5782657,19.7653084],[-98.5780073,19.7652804],[-98.5776524,19.76526],[-98.5772729,19.7652275]]]},"properties":{"locality":"INDEPENDENCIA","official_key":"1306100020011","CVE_ENT":"13","CVE_MUN":"061","CVE_LOC":"0002","CVE_ASEN":"0011","settlement_type":"FRACCIONAMIENTO","source":"INEGI DCAH 2025"}},{"type":"Feature","geometry":{"type":"Polygon","coordinates":[[[-98.5711666,19.7833415],[-98.5711266,19.7825485],[-98.5715902,19.7825747],[-98.571825,19.7825993],[-98.5719536,19.7826127],[-98.572344,19.7826565],[-98.5727084,19.7826959],[-98.5731432,19.7827495],[-98.5735218,19.7827948],[-98.5736419,19.7827927],[-98.5738901,19.7828215],[-98.5742596,19.782863],[-98.5745146,19.7828916],[-98.5746168,19.7829182],[-98.5749962,19.7829517],[-98.575411,19.7829989],[-98.5758023,19.7830422],[-98.576189,19.7830859],[-98.5765649,19.7831273],[-98.5767432,19.7831435],[-98.5769261,19.7831666],[-98.5772977,19.7832355],[-98.5778047,19.7832905],[-98.5779901,19.7840763],[-98.57813,19.784456],[-98.5781955,19.7847026],[-98.5772166,19.784598],[-98.5762376,19.7844935],[-98.5752587,19.7843889],[-98.5741741,19.7842678],[-98.5730895,19.7841467],[-98.5725452,19.7840934],[-98.571219,19.7839648],[-98.5711831,19.7837614],[-98.5711815,19.7837185],[-98.5711666,19.7833415]]]},"properties":{"locality":"JOSÉ MARÍA MORELOS","official_key":"1306100020012","CVE_ENT":"13","CVE_MUN":"061","CVE_LOC":"0002","CVE_ASEN":"0012","settlement_type":"COLONIA","source":"INEGI DCAH 2025"}},{"type":"Feature","geometry":{"type":"Polygon","coordinates":[[[-98.5651202,19.7537873],[-98.5651202,19.7537874],[-98.5650113,19.7541463],[-98.5649588,19.7543545],[-98.5649064,19.7546742],[-98.564782,19.7560293],[-98.5647254,19.7565957],[-98.5645583,19.7580575],[-98.5645483,19.7583076],[-98.5645006,19.7587477],[-98.5643679,19.7595213],[-98.5642656,19.7601144],[-98.5642796,19.7602315],[-98.564267,19.7609829],[-98.5643009,19.7611814],[-98.56434,19.7614403],[-98.5640983,19.7620617],[-98.5638137,19.762783],[-98.5636944,19.7628317],[-98.5636454,19.7627963],[-98.5634969,19.7627108],[-98.5632283,19.7625442],[-98.563145,19.7625009],[-98.5630351,19.7624971],[-98.5623783,19.7615869],[-98.5617215,19.7606766],[-98.5610647,19.7597664],[-98.5611216,19.759112],[-98.5607338,19.7590668],[-98.5607426,19.7589848],[-98.5608378,19.7580962],[-98.5609061,19.7580029],[-98.5608694,19.75665],[-98.5608472,19.7558324],[-98.5608467,19.7555172],[-98.5608382,19.75521],[-98.5607999,19.7543832],[-98.5607833,19.7539626],[-98.5606199,19.7523159],[-98.5616224,19.7519657],[-98.5626249,19.7516154],[-98.5636275,19.7512652],[-98.56463,19.7509149],[-98.5649408,19.7525263],[-98.5651202,19.7537873]]]},"properties":{"locality":"LOMAS DEL PEDREGAL","official_key":"1306100020013","CVE_ENT":"13","CVE_MUN":"061","CVE_LOC":"0002","CVE_ASEN":"0013","settlement_type":"COLONIA","source":"INEGI DCAH 2025"}},{"type":"Feature","geometry":{"type":"Polygon","coordinates":[[[-98.5702556,19.7810479],[-98.5702959,19.7806012],[-98.5703611,19.7801593],[-98.5704051,19.7797942],[-98.5704909,19.7789797],[-98.570602,19.7778649],[-98.5710201,19.7778788],[-98.5712953,19.7779146],[-98.5721656,19.7779631],[-98.5723165,19.7779661],[-98.5724941,19.7784128],[-98.5727098,19.7789329],[-98.5728896,19.7789307],[-98.5732652,19.7789637],[-98.5741612,19.7790752],[-98.5750493,19.7791895],[-98.5759556,19.7792952],[-98.5768935,19.7794144],[-98.5777524,19.7795352],[-98.5786601,19.7796598],[-98.5789924,19.7797079],[-98.5795472,19.779769],[-98.5804305,19.779895],[-98.5813327,19.7800086],[-98.5814348,19.780024],[-98.5815141,19.77998],[-98.581563,19.7799913],[-98.581689,19.7800122],[-98.5817955,19.7800331],[-98.5820379,19.7800766],[-98.5822823,19.7801176],[-98.5823616,19.7801342],[-98.5826402,19.7801812],[-98.582832,19.7802066],[-98.5831696,19.7802623],[-98.5833733,19.7802912],[-98.5834313,19.7803197],[-98.5834703,19.7803266],[-98.5835192,19.7803372],[-98.5835576,19.7803471],[-98.5835204,19.7804265],[-98.5834703,19.7805332],[-98.5831923,19.7811409],[-98.5831532,19.7812255],[-98.5830386,19.7814864],[-98.5824848,19.7827467],[-98.5823932,19.7826388],[-98.5820107,19.7825826],[-98.5818049,19.7825566],[-98.5816438,19.7825303],[-98.5809723,19.7824423],[-98.5801093,19.7823368],[-98.5791819,19.7822144],[-98.5782879,19.782091],[-98.5775021,19.7819979],[-98.5764699,19.7818556],[-98.5755946,19.7817375],[-98.5747016,19.7816192],[-98.5738121,19.7815062],[-98.5729222,19.7814152],[-98.5720178,19.7812808],[-98.5711163,19.7811558],[-98.5702556,19.7810479]]]},"properties":{"locality":"MIGUEL HIDALGO","official_key":"1306100020014","CVE_ENT":"13","CVE_MUN":"061","CVE_LOC":"0002","CVE_ASEN":"0014","settlement_type":"COLONIA","source":"INEGI DCAH 2025"}},{"type":"Feature","geometry":{"type":"Polygon","coordinates":[[[-98.5823443,19.761753],[-98.582613,19.7617799],[-98.5830235,19.7618202],[-98.5831133,19.7618323],[-98.5831366,19.7616606],[-98.5831439,19.7616068],[-98.5831803,19.761285],[-98.5832091,19.7609622],[-98.5836736,19.7609714],[-98.5846084,19.7610507],[-98.5847337,19.7611045],[-98.5853715,19.7611616],[-98.5850128,19.7613948],[-98.5849897,19.7616765],[-98.5849375,19.7622161],[-98.5848705,19.7628337],[-98.5848276,19.762944],[-98.5847684,19.7629832],[-98.5846516,19.7630286],[-98.5845175,19.7630499],[-98.584006,19.7629905],[-98.5833426,19.7629144],[-98.5829829,19.7628668],[-98.5818759,19.7627264],[-98.5819284,19.7622841],[-98.581963,19.7619196],[-98.5820729,19.7619309],[-98.5820723,19.7619371],[-98.5820622,19.7620397],[-98.5823048,19.7620699],[-98.5823059,19.7620121],[-98.5823106,19.7619633],[-98.582331,19.761752],[-98.5823443,19.761753]]]},"properties":{"locality":"MINEROS","official_key":"1306100020015","CVE_ENT":"13","CVE_MUN":"061","CVE_LOC":"0002","CVE_ASEN":"0015","settlement_type":"FRACCIONAMIENTO","source":"INEGI DCAH 2025"}},{"type":"Feature","geometry":{"type":"Polygon","coordinates":[[[-98.5723165,19.7779661],[-98.5724812,19.7779666],[-98.57461,19.778035],[-98.5751462,19.7780285],[-98.5756039,19.778053],[-98.5761185,19.7780509],[-98.5764518,19.7780631],[-98.5768555,19.7780928],[-98.5772404,19.778133],[-98.5775238,19.7781541],[-98.5776538,19.7781678],[-98.5778328,19.7781773],[-98.5788405,19.7782247],[-98.5789454,19.7782284],[-98.5793367,19.778235],[-98.5796291,19.778224],[-98.5798031,19.778221],[-98.579822,19.7782528],[-98.5800073,19.7782717],[-98.5803019,19.7782896],[-98.5805187,19.7782966],[-98.5807357,19.7783054],[-98.5811297,19.7783106],[-98.5813006,19.778312],[-98.5817126,19.7783167],[-98.5818202,19.7783212],[-98.5824939,19.7783449],[-98.5826705,19.778359],[-98.5830437,19.7783756],[-98.5832604,19.7783792],[-98.5835804,19.7783737],[-98.5838559,19.7783586],[-98.584167,19.7782987],[-98.5843267,19.7782508],[-98.5844538,19.7782749],[-98.5845155,19.7782867],[-98.584453,19.7783667],[-98.5843899,19.7785092],[-98.5838813,19.7796574],[-98.5836661,19.780116],[-98.5835576,19.7803471],[-98.5835192,19.7803372],[-98.5834703,19.7803266],[-98.5834313,19.7803197],[-98.5833733,19.7802912],[-98.5831696,19.7802623],[-98.582832,19.7802066],[-98.5826402,19.7801812],[-98.5823616,19.7801342],[-98.5822823,19.7801176],[-98.5820379,19.7800766],[-98.5817955,19.7800331],[-98.581689,19.7800122],[-98.581563,19.7799913],[-98.5815141,19.77998],[-98.5814348,19.780024],[-98.5813327,19.7800086],[-98.5804305,19.779895],[-98.5795472,19.779769],[-98.5789924,19.7797079],[-98.5786601,19.7796598],[-98.5777524,19.7795352],[-98.5768935,19.7794144],[-98.5759556,19.7792952],[-98.5750493,19.7791895],[-98.5741612,19.7790752],[-98.5732652,19.7789637],[-98.5728896,19.7789307],[-98.5727098,19.7789329],[-98.5724941,19.7784128],[-98.5723165,19.7779661]]]},"properties":{"locality":"PALMILLAS","official_key":"1306100020016","CVE_ENT":"13","CVE_MUN":"061","CVE_LOC":"0002","CVE_ASEN":"0016","settlement_type":"COLONIA","source":"INEGI DCAH 2025"}},{"type":"Feature","geometry":{"type":"Polygon","coordinates":[[[-98.568831,19.7851125],[-98.5687477,19.7840667],[-98.5686863,19.7832957],[-98.5686644,19.783021],[-98.5685811,19.7819753],[-98.5685505,19.7819215],[-98.5685174,19.7818632],[-98.5685017,19.7818408],[-98.5680608,19.7812139],[-98.5675881,19.7805408],[-98.5670622,19.7797876],[-98.5670089,19.7797216],[-98.566492,19.778993],[-98.5667218,19.7788352],[-98.5669616,19.7786902],[-98.5670487,19.7786305],[-98.5671353,19.7785793],[-98.5673643,19.7783974],[-98.5676573,19.7781924],[-98.56802,19.7780185],[-98.5681365,19.7779851],[-98.568794,19.7778351],[-98.5690032,19.7778095],[-98.569941,19.7778428],[-98.570602,19.7778649],[-98.5704909,19.7789797],[-98.5704051,19.7797942],[-98.5703611,19.7801593],[-98.5702959,19.7806012],[-98.5702556,19.7810479],[-98.5701208,19.7820943],[-98.5711015,19.7822087],[-98.5711266,19.7825485],[-98.5711666,19.7833415],[-98.5711815,19.7837185],[-98.5711831,19.7837614],[-98.571219,19.7839648],[-98.5725452,19.7840934],[-98.5730895,19.7841467],[-98.57344,19.7844442],[-98.5731876,19.7846792],[-98.5733184,19.7847936],[-98.5725653,19.7855723],[-98.5721563,19.785236],[-98.5714721,19.7853892],[-98.5714658,19.7853435],[-98.5713157,19.7845141],[-98.5712618,19.7845476],[-98.5699863,19.7843743],[-98.570099,19.7855373],[-98.5701435,19.7862293],[-98.5701598,19.7864887],[-98.5701481,19.7866369],[-98.5701685,19.7866627],[-98.5701694,19.7869447],[-98.5696668,19.7873613],[-98.5690104,19.7873101],[-98.5689428,19.7864999],[-98.5689143,19.7861582],[-98.568831,19.7851125]]]},"properties":{"locality":"EL PEDREGAL","official_key":"1306100020018","CVE_ENT":"13","CVE_MUN":"061","CVE_LOC":"0002","CVE_ASEN":"0018","settlement_type":"COLONIA","source":"INEGI DCAH 2025"}},{"type":"Feature","geometry":{"type":"Polygon","coordinates":[[[-98.5590218,19.7764905],[-98.5588798,19.7764627],[-98.5587457,19.7764652],[-98.5584786,19.7764692],[-98.5583358,19.7765106],[-98.558241,19.7765871],[-98.5581177,19.776632],[-98.5579307,19.776626],[-98.5577727,19.7766636],[-98.5576927,19.7767366],[-98.5577598,19.776585],[-98.5577753,19.7765501],[-98.558361,19.7763913],[-98.5590739,19.7762289],[-98.5592722,19.7761843],[-98.5596268,19.7761045],[-98.5610243,19.7757125],[-98.5618461,19.7754802],[-98.5632028,19.7750925],[-98.56396,19.7749196],[-98.564411,19.7746977],[-98.5648519,19.7745598],[-98.565526,19.7743784],[-98.5661155,19.7742434],[-98.5666435,19.7740937],[-98.5665747,19.7745351],[-98.566504,19.7748706],[-98.5664452,19.775422],[-98.5663985,19.7756568],[-98.5663857,19.7757243],[-98.5663564,19.7758636],[-98.5662375,19.7764882],[-98.5662306,19.7765235],[-98.566152,19.77726],[-98.5660862,19.7778755],[-98.5660384,19.7778473],[-98.5655447,19.7778493],[-98.5654771,19.7778491],[-98.5649273,19.777848],[-98.5643484,19.7778469],[-98.5648769,19.7785617],[-98.564878,19.7786509],[-98.5648318,19.7786572],[-98.5643861,19.7787803],[-98.563891,19.7789195],[-98.563572,19.7790164],[-98.563268,19.7789027],[-98.5627737,19.778069],[-98.562748,19.7780689],[-98.5626945,19.7779627],[-98.5625599,19.7777577],[-98.5624474,19.7775805],[-98.5624203,19.7775533],[-98.5623398,19.7775345],[-98.5623077,19.7775263],[-98.5622382,19.7773681],[-98.5620145,19.7773096],[-98.5617729,19.777214],[-98.5616526,19.7771959],[-98.5614068,19.7771569],[-98.561284,19.7771298],[-98.5612132,19.7770754],[-98.5610828,19.7769759],[-98.5609813,19.7769554],[-98.5607863,19.7768982],[-98.5606405,19.7768766],[-98.5604611,19.7768125],[-98.5602766,19.7767803],[-98.5600141,19.776738],[-98.5597953,19.7766384],[-98.5595643,19.7765804],[-98.5592956,19.7765541],[-98.5591392,19.7765013],[-98.5590218,19.7764905]]]},"properties":{"locality":"PLAN DE AYALA","official_key":"1306100020019","CVE_ENT":"13","CVE_MUN":"061","CVE_LOC":"0002","CVE_ASEN":"0019","settlement_type":"COLONIA","source":"INEGI DCAH 2025"}},{"type":"Feature","geometry":{"type":"Polygon","coordinates":[[[-98.5711787,19.7640652],[-98.570601,19.7650061],[-98.5705042,19.7651701],[-98.5702497,19.7651716],[-98.5701288,19.7651854],[-98.5700326,19.7651791],[-98.5698233,19.7650754],[-98.5697443,19.7650227],[-98.5696301,19.7649633],[-98.5695575,19.7649125],[-98.5695021,19.7648476],[-98.5694764,19.7648355],[-98.5695048,19.7646535],[-98.569561,19.7645516],[-98.5695979,19.7644846],[-98.5700397,19.7637435],[-98.5701496,19.763559],[-98.5704547,19.7637199],[-98.5707548,19.7638658],[-98.5711787,19.7640652]]]},"properties":{"locality":"PLAN DE GUADALUPE","official_key":"1306100020020","CVE_ENT":"13","CVE_MUN":"061","CVE_LOC":"0002","CVE_ASEN":"0020","settlement_type":"FRACCIONAMIENTO","source":"INEGI DCAH 2025"}},{"type":"Feature","geometry":{"type":"Polygon","coordinates":[[[-98.5778175,19.7575993],[-98.5778725,19.7569378],[-98.5777007,19.7569108],[-98.5777967,19.7562294],[-98.5779365,19.7551279],[-98.5802254,19.7553936],[-98.5800483,19.7570139],[-98.5789564,19.7577311],[-98.5778175,19.7575993]]]},"properties":{"locality":"REAL DEL BOSQUE","official_key":"1306100020021","CVE_ENT":"13","CVE_MUN":"061","CVE_LOC":"0002","CVE_ASEN":"0021","settlement_type":"FRACCIONAMIENTO","source":"INEGI DCAH 2025"}},{"type":"Feature","geometry":{"type":"Polygon","coordinates":[[[-98.5671765,19.7780824],[-98.5671246,19.7778869],[-98.5666635,19.7778824],[-98.5663696,19.777883],[-98.5660862,19.7778755],[-98.566152,19.77726],[-98.5662306,19.7765235],[-98.5662375,19.7764882],[-98.5663564,19.7758636],[-98.5663857,19.7757243],[-98.5663985,19.7756568],[-98.5664452,19.775422],[-98.566504,19.7748706],[-98.5665747,19.7745351],[-98.5666435,19.7740937],[-98.5666763,19.7740857],[-98.5669884,19.7740018],[-98.5670414,19.773827],[-98.5666938,19.7735893],[-98.5668686,19.7719056],[-98.5669584,19.7709026],[-98.5669976,19.7705844],[-98.5672135,19.768529],[-98.5672489,19.7682271],[-98.5673024,19.7678766],[-98.5673742,19.7674877],[-98.5676879,19.767802],[-98.5678891,19.7680025],[-98.5679863,19.7681188],[-98.5681209,19.768447],[-98.5683304,19.7689634],[-98.5685078,19.7693789],[-98.5686789,19.7697632],[-98.5697246,19.7719887],[-98.5701682,19.7729142],[-98.5704069,19.7734948],[-98.5708861,19.7746111],[-98.571289,19.7754703],[-98.571459,19.7758905],[-98.571759,19.7765502],[-98.572178,19.7773886],[-98.5723389,19.777665],[-98.5724812,19.7779666],[-98.5723165,19.7779661],[-98.5721656,19.7779631],[-98.5712953,19.7779146],[-98.5710201,19.7778788],[-98.570602,19.7778649],[-98.569941,19.7778428],[-98.5690032,19.7778095],[-98.568794,19.7778351],[-98.5681365,19.7779851],[-98.56802,19.7780185],[-98.5676573,19.7781924],[-98.5673643,19.7783974],[-98.5671765,19.7780824]]]},"properties":{"locality":"ROJO GÓMEZ","official_key":"1306100020022","CVE_ENT":"13","CVE_MUN":"061","CVE_LOC":"0002","CVE_ASEN":"0022","settlement_type":"COLONIA","source":"INEGI DCAH 2025"}},{"type":"Feature","geometry":{"type":"Polygon","coordinates":[[[-98.578645,19.7712273],[-98.5789789,19.7711294],[-98.5791004,19.771555],[-98.5792346,19.771951],[-98.5793922,19.7724462],[-98.579459,19.7726812],[-98.5795714,19.7730516],[-98.5796754,19.7733719],[-98.5793293,19.7734542],[-98.5790299,19.7735316],[-98.5787423,19.773603],[-98.5784535,19.7736686],[-98.5781594,19.7737568],[-98.5778249,19.7738169],[-98.5775543,19.773891],[-98.577255,19.7739742],[-98.5769574,19.7740595],[-98.5766337,19.7741506],[-98.576339,19.7742266],[-98.5760427,19.7743106],[-98.5759963,19.7741628],[-98.575921,19.7739228],[-98.5756222,19.7730178],[-98.5756195,19.7729475],[-98.5753641,19.7721015],[-98.5756681,19.7720184],[-98.5759604,19.7719331],[-98.5762586,19.7718654],[-98.576556,19.7717882],[-98.5768652,19.7717067],[-98.5771641,19.7716259],[-98.5774551,19.7715421],[-98.577751,19.7714681],[-98.5780561,19.7713856],[-98.5783557,19.7713087],[-98.578645,19.7712273]]]},"properties":{"locality":"SALVADOR ALLENDE","official_key":"1306100020023","CVE_ENT":"13","CVE_MUN":"061","CVE_LOC":"0002","CVE_ASEN":"0023","settlement_type":"FRACCIONAMIENTO","source":"INEGI DCAH 2025"}},{"type":"Feature","geometry":{"type":"Polygon","coordinates":[[[-98.5718087,19.7731253],[-98.5721106,19.7730498],[-98.5724,19.7729663],[-98.572699,19.7728761],[-98.5729876,19.7727955],[-98.5732817,19.7727112],[-98.5735907,19.7726188],[-98.5738858,19.7725321],[-98.5741829,19.7724436],[-98.5744624,19.7723683],[-98.5747805,19.77227],[-98.5750503,19.7721958],[-98.5753641,19.7721015],[-98.5756195,19.7729475],[-98.5756222,19.7730178],[-98.575921,19.7739228],[-98.5759963,19.7741628],[-98.5757069,19.7742371],[-98.575401,19.7743229],[-98.5751077,19.7744154],[-98.5748239,19.7744953],[-98.5745288,19.7745704],[-98.5742158,19.7746478],[-98.5739095,19.7747311],[-98.5737329,19.774782],[-98.5736302,19.7748115],[-98.5733239,19.7749037],[-98.5730347,19.7749922],[-98.5727425,19.775075],[-98.5724208,19.7751596],[-98.5723272,19.774849],[-98.5723073,19.7747717],[-98.5718087,19.7731253]]]},"properties":{"locality":"SIDENA","official_key":"1306100020024","CVE_ENT":"13","CVE_MUN":"061","CVE_LOC":"0002","CVE_ASEN":"0024","settlement_type":"FRACCIONAMIENTO","source":"INEGI DCAH 2025"}},{"type":"Feature","geometry":{"type":"Polygon","coordinates":[[[-98.5699163,19.768946],[-98.570469,19.768793],[-98.5705795,19.7691735],[-98.5707822,19.769812],[-98.570925,19.7702608],[-98.5710713,19.7707586],[-98.5711992,19.7712076],[-98.5716128,19.7725092],[-98.5718087,19.7731253],[-98.5723073,19.7747717],[-98.5723272,19.774849],[-98.5724208,19.7751596],[-98.5726212,19.7758313],[-98.5729878,19.7770802],[-98.5727224,19.7771729],[-98.5724312,19.7772895],[-98.572178,19.7773886],[-98.571759,19.7765502],[-98.571459,19.7758905],[-98.571289,19.7754703],[-98.5708861,19.7746111],[-98.5704069,19.7734948],[-98.5701682,19.7729142],[-98.5697246,19.7719887],[-98.5686789,19.7697632],[-98.5685078,19.7693789],[-98.568572,19.7693457],[-98.5688109,19.7692653],[-98.5690624,19.7691934],[-98.5694061,19.769091],[-98.5699163,19.768946]]]},"properties":{"locality":"TADEO DE NIZA","official_key":"1306100020025","CVE_ENT":"13","CVE_MUN":"061","CVE_LOC":"0002","CVE_ASEN":"0025","settlement_type":"FRACCIONAMIENTO","source":"INEGI DCAH 2025"}},{"type":"Feature","geometry":{"type":"Polygon","coordinates":[[[-98.578934,19.7612898],[-98.579021,19.7604832],[-98.57918,19.7605033],[-98.5793726,19.7605262],[-98.5795653,19.760549],[-98.580192,19.7606422],[-98.5803763,19.7606621],[-98.5805607,19.7606821],[-98.5807871,19.7591067],[-98.5809558,19.7579086],[-98.5820262,19.7580222],[-98.5821357,19.7571562],[-98.582154,19.7570285],[-98.5825817,19.7566977],[-98.5826275,19.7562812],[-98.5829862,19.7563209],[-98.5834566,19.7563711],[-98.5833106,19.7572856],[-98.5831904,19.7580381],[-98.5831438,19.7584341],[-98.5831156,19.7585245],[-98.5831154,19.7585265],[-98.5831006,19.7586582],[-98.5829982,19.7594604],[-98.5829848,19.7595747],[-98.5829841,19.7595799],[-98.5829259,19.7599745],[-98.5828841,19.7602548],[-98.5828825,19.7602668],[-98.5827891,19.7609288],[-98.5827869,19.7609444],[-98.5824558,19.7609042],[-98.5824534,19.7609039],[-98.5823859,19.7608957],[-98.5820341,19.7608537],[-98.5815378,19.7608218],[-98.5814162,19.7618565],[-98.5813751,19.7622624],[-98.581334,19.7626683],[-98.5812735,19.7630409],[-98.5805617,19.7633366],[-98.5802673,19.7633117],[-98.5799148,19.7632721],[-98.5795126,19.7632283],[-98.5791295,19.7631889],[-98.5790154,19.7631687],[-98.5790807,19.762556],[-98.5790475,19.7625452],[-98.5788085,19.7625214],[-98.5788898,19.7616066],[-98.578934,19.7612898]]]},"properties":{"locality":"TEPEAPULCO","official_key":"1306100020026","CVE_ENT":"13","CVE_MUN":"061","CVE_LOC":"0002","CVE_ASEN":"0026","settlement_type":"FRACCIONAMIENTO","source":"INEGI DCAH 2025"}},{"type":"Feature","geometry":{"type":"Polygon","coordinates":[[[-98.5845359,19.758219],[-98.583539,19.758085],[-98.5831904,19.7580381],[-98.5833106,19.7572856],[-98.5834566,19.7563711],[-98.5835819,19.7553133],[-98.5836451,19.75478],[-98.5837861,19.7535901],[-98.5841201,19.7536249],[-98.5845932,19.753674],[-98.5855754,19.7537761],[-98.5857869,19.7537981],[-98.5865575,19.7538782],[-98.587502,19.7539625],[-98.5875644,19.7539681],[-98.5877607,19.7539856],[-98.5885713,19.7540579],[-98.5887132,19.7541086],[-98.5880558,19.7586288],[-98.5871323,19.7585235],[-98.5870851,19.7585181],[-98.5862384,19.7584314],[-98.5845359,19.758219]]]},"properties":{"locality":"TESATLA","official_key":"1306100020027","CVE_ENT":"13","CVE_MUN":"061","CVE_LOC":"0002","CVE_ASEN":"0027","settlement_type":"COLONIA","source":"INEGI DCAH 2025"}},{"type":"Feature","geometry":{"type":"Polygon","coordinates":[[[-98.5654843,19.7797541],[-98.5651877,19.779338],[-98.5652996,19.7792473],[-98.5650281,19.7788602],[-98.564878,19.7786509],[-98.5648769,19.7785617],[-98.5643484,19.7778469],[-98.5649273,19.777848],[-98.5654771,19.7778491],[-98.5655447,19.7778493],[-98.5660384,19.7778473],[-98.5660862,19.7778755],[-98.5663696,19.777883],[-98.5666635,19.7778824],[-98.5671246,19.7778869],[-98.5671765,19.7780824],[-98.5673643,19.7783974],[-98.5671353,19.7785793],[-98.5670487,19.7786305],[-98.5669616,19.7786902],[-98.5667218,19.7788352],[-98.566492,19.778993],[-98.5670089,19.7797216],[-98.5670622,19.7797876],[-98.5675881,19.7805408],[-98.5680608,19.7812139],[-98.5685017,19.7818408],[-98.5685174,19.7818632],[-98.5682765,19.7820591],[-98.5678615,19.7823968],[-98.5675304,19.7826661],[-98.5674493,19.7828223],[-98.5671863,19.7824038],[-98.5655444,19.7806768],[-98.5661397,19.7800038],[-98.5660672,19.7799482],[-98.5657478,19.7795787],[-98.5654843,19.7797541]]]},"properties":{"locality":"UNIDAD CAMPESINA","official_key":"1306100020028","CVE_ENT":"13","CVE_MUN":"061","CVE_LOC":"0002","CVE_ASEN":"0028","settlement_type":"COLONIA","source":"INEGI DCAH 2025"}},{"type":"Feature","geometry":{"type":"Polygon","coordinates":[[[-98.5823944,19.7828963],[-98.5819946,19.7833122],[-98.5818141,19.7835295],[-98.5816036,19.7837791],[-98.5813171,19.7841005],[-98.5811098,19.7843548],[-98.5808186,19.7847933],[-98.5802862,19.7856585],[-98.5797265,19.7865391],[-98.5789822,19.7876411],[-98.5788662,19.7878084],[-98.5782919,19.7851634],[-98.5781955,19.7847026],[-98.57813,19.784456],[-98.5779901,19.7840763],[-98.5778047,19.7832905],[-98.5772977,19.7832355],[-98.5769261,19.7831666],[-98.5767432,19.7831435],[-98.5765649,19.7831273],[-98.576189,19.7830859],[-98.5758023,19.7830422],[-98.575411,19.7829989],[-98.5749962,19.7829517],[-98.5746168,19.7829182],[-98.5745146,19.7828916],[-98.5742596,19.782863],[-98.5738901,19.7828215],[-98.5736419,19.7827927],[-98.5735218,19.7827948],[-98.5731432,19.7827495],[-98.5727084,19.7826959],[-98.572344,19.7826565],[-98.5719536,19.7826127],[-98.571825,19.7825993],[-98.5715902,19.7825747],[-98.5711266,19.7825485],[-98.5711015,19.7822087],[-98.5701208,19.7820943],[-98.5702556,19.7810479],[-98.5711163,19.7811558],[-98.5720178,19.7812808],[-98.5729222,19.7814152],[-98.5738121,19.7815062],[-98.5747016,19.7816192],[-98.5755946,19.7817375],[-98.5764699,19.7818556],[-98.5775021,19.7819979],[-98.5782879,19.782091],[-98.5791819,19.7822144],[-98.5801093,19.7823368],[-98.5809723,19.7824423],[-98.5816438,19.7825303],[-98.5818049,19.7825566],[-98.5820107,19.7825826],[-98.5823932,19.7826388],[-98.5824848,19.7827467],[-98.5823944,19.7828963]]]},"properties":{"locality":"VICENTE GUERRERO","official_key":"1306100020029","CVE_ENT":"13","CVE_MUN":"061","CVE_LOC":"0002","CVE_ASEN":"0029","settlement_type":"COLONIA","source":"INEGI DCAH 2025"}},{"type":"Feature","geometry":{"type":"Polygon","coordinates":[[[-98.5706133,19.7553186],[-98.570711,19.7547515],[-98.5707917,19.7523122],[-98.5714311,19.7523831],[-98.5723851,19.7524568],[-98.5733391,19.7525304],[-98.5736838,19.7525708],[-98.5740216,19.7526079],[-98.5744476,19.7526603],[-98.5755684,19.7527571],[-98.5759176,19.7528224],[-98.5756921,19.7544277],[-98.575646,19.7547935],[-98.5754902,19.7559163],[-98.5753993,19.7565713],[-98.575364,19.7568129],[-98.5753025,19.7572335],[-98.5752562,19.7575503],[-98.5752221,19.7578083],[-98.5752201,19.7578476],[-98.5750894,19.7587496],[-98.5750239,19.7592314],[-98.5749628,19.7596686],[-98.5749294,19.7599602],[-98.5742769,19.7598624],[-98.5741891,19.7598493],[-98.5739111,19.759802],[-98.5738584,19.7597931],[-98.5737362,19.7597807],[-98.5736194,19.7597689],[-98.573469,19.7597538],[-98.5732479,19.7597271],[-98.5730967,19.7597089],[-98.5728902,19.7596889],[-98.5727151,19.7596719],[-98.5723429,19.7596238],[-98.5719572,19.7595857],[-98.5715828,19.7595488],[-98.5711978,19.759511],[-98.5708249,19.7594753],[-98.5704385,19.7594456],[-98.5702558,19.7594266],[-98.5704348,19.75857],[-98.5702432,19.7583763],[-98.5702063,19.7581533],[-98.5704375,19.7570046],[-98.5704639,19.7567395],[-98.5704821,19.7563951],[-98.5705203,19.7560122],[-98.5705577,19.7556592],[-98.5706133,19.7553186]]]},"properties":{"locality":"VALLE DE GUADALUPE","official_key":"1306100020030","CVE_ENT":"13","CVE_MUN":"061","CVE_LOC":"0002","CVE_ASEN":"0030","settlement_type":"COLONIA","source":"INEGI DCAH 2025"}},{"type":"Feature","geometry":{"type":"Polygon","coordinates":[[[-98.5846084,19.7610507],[-98.5836736,19.7609714],[-98.5832091,19.7609622],[-98.5831463,19.7609596],[-98.5827869,19.7609444],[-98.5827891,19.7609288],[-98.5828825,19.7602668],[-98.5828841,19.7602548],[-98.5829259,19.7599745],[-98.5829841,19.7595799],[-98.5829848,19.7595747],[-98.5829982,19.7594604],[-98.5831006,19.7586582],[-98.5831154,19.7585265],[-98.5831156,19.7585245],[-98.5831438,19.7584341],[-98.5831904,19.7580381],[-98.583539,19.758085],[-98.5845359,19.758219],[-98.5862384,19.7584314],[-98.5870851,19.7585181],[-98.5871323,19.7585235],[-98.5880558,19.7586288],[-98.5878715,19.760216],[-98.5876964,19.761463],[-98.5867359,19.7613369],[-98.5853715,19.7611616],[-98.5847337,19.7611045],[-98.5846084,19.7610507]]]},"properties":{"locality":"VILLAS DE SAHAGÚN","official_key":"1306100020031","CVE_ENT":"13","CVE_MUN":"061","CVE_LOC":"0002","CVE_ASEN":"0031","settlement_type":"FRACCIONAMIENTO","source":"INEGI DCAH 2025"}},{"type":"Feature","geometry":{"type":"Polygon","coordinates":[[[-98.5725596,19.7619324],[-98.5728554,19.7599246],[-98.5704107,19.7596798],[-98.5704385,19.7594456],[-98.5708249,19.7594753],[-98.5711978,19.759511],[-98.5715828,19.7595488],[-98.5719572,19.7595857],[-98.5723429,19.7596238],[-98.5727151,19.7596719],[-98.5728902,19.7596889],[-98.5730967,19.7597089],[-98.5732479,19.7597271],[-98.573469,19.7597538],[-98.5736194,19.7597689],[-98.5737362,19.7597807],[-98.5738584,19.7597931],[-98.5739111,19.759802],[-98.5741891,19.7598493],[-98.5742769,19.7598624],[-98.5749294,19.7599602],[-98.5749628,19.7596686],[-98.5750239,19.7592314],[-98.5750894,19.7587496],[-98.5752201,19.7578476],[-98.5752221,19.7578083],[-98.5752562,19.7575503],[-98.5753025,19.7572335],[-98.575364,19.7568129],[-98.5753993,19.7565713],[-98.5754902,19.7559163],[-98.575646,19.7547935],[-98.5756921,19.7544277],[-98.5759176,19.7528224],[-98.5762805,19.7528647],[-98.5766637,19.7528927],[-98.5774701,19.7529812],[-98.5778361,19.7530145],[-98.5782158,19.7530476],[-98.5779897,19.754778],[-98.5779365,19.7551279],[-98.5777967,19.7562294],[-98.5777007,19.7569108],[-98.5778725,19.7569378],[-98.5778175,19.7575993],[-98.5777868,19.7579674],[-98.5777221,19.7582298],[-98.5776257,19.7587468],[-98.5775779,19.7591505],[-98.5775504,19.759281],[-98.5775189,19.759431],[-98.5774988,19.7595664],[-98.5774333,19.7600174],[-98.5773953,19.7602985],[-98.5773407,19.7608016],[-98.5772649,19.7612982],[-98.5771917,19.7618913],[-98.5771839,19.7619547],[-98.5771749,19.7620482],[-98.5748047,19.7615277],[-98.5741997,19.7613948],[-98.5740029,19.7621641],[-98.5737557,19.7621244],[-98.5733872,19.7620652],[-98.5731493,19.762027],[-98.5728984,19.7619868],[-98.5725596,19.7619324]]]},"properties":{"locality":"21 DE JULIO","official_key":"1306100020032","CVE_ENT":"13","CVE_MUN":"061","CVE_LOC":"0002","CVE_ASEN":"0032","settlement_type":"FRACCIONAMIENTO","source":"INEGI DCAH 2025"}},{"type":"Feature","geometry":{"type":"Polygon","coordinates":[[[-98.5650871,19.7591737],[-98.5649214,19.7592233],[-98.5647903,19.7586416],[-98.5647824,19.7586067],[-98.5647808,19.7585968],[-98.5647114,19.7581584],[-98.5645583,19.7580575],[-98.5647254,19.7565957],[-98.564782,19.7560293],[-98.5654638,19.7560604],[-98.5662298,19.7561281],[-98.5669842,19.756322],[-98.5669084,19.7566753],[-98.5667861,19.757008],[-98.5667167,19.7571239],[-98.5666892,19.757248],[-98.5666822,19.7573668],[-98.566686,19.7575357],[-98.5666795,19.757755],[-98.5666621,19.7579519],[-98.5666164,19.7582209],[-98.5665673,19.7585117],[-98.5664796,19.7591189],[-98.5663339,19.75905],[-98.5658998,19.7590094],[-98.5658466,19.7590044],[-98.5655745,19.7590439],[-98.5654651,19.7590606],[-98.5650871,19.7591737]]]},"properties":{"locality":"GRANJAS","official_key":"1306100020033","CVE_ENT":"13","CVE_MUN":"061","CVE_LOC":"0002","CVE_ASEN":"0033","settlement_type":"FRACCIONAMIENTO","source":"INEGI DCAH 2025"}},{"type":"Feature","geometry":{"type":"Polygon","coordinates":[[[-98.5742857,19.765508],[-98.5739804,19.7656226],[-98.5739226,19.7656285],[-98.5731145,19.7652236],[-98.5730534,19.7652048],[-98.5729508,19.7651904],[-98.5728417,19.7652003],[-98.5727754,19.7652123],[-98.572692,19.7652121],[-98.5725979,19.7651997],[-98.5725381,19.7651733],[-98.5724062,19.7651384],[-98.5722993,19.7651402],[-98.5722372,19.7651562],[-98.5720789,19.7652004],[-98.5718715,19.7651877],[-98.571708,19.7651427],[-98.5716054,19.7651344],[-98.5715134,19.7651544],[-98.5712865,19.7652226],[-98.5710716,19.7652423],[-98.570984,19.7652158],[-98.5708194,19.7651851],[-98.5706742,19.7651866],[-98.5705042,19.7651701],[-98.570601,19.7650061],[-98.5711787,19.7640652],[-98.5713458,19.7641446],[-98.5728357,19.7648521],[-98.5728238,19.7649248],[-98.5729515,19.7649731],[-98.5731518,19.7650196],[-98.573302,19.7650631],[-98.5743658,19.7653708],[-98.5743798,19.7655042],[-98.574337,19.765498],[-98.5742857,19.765508]]]},"properties":{"locality":"EXHACIENDA GUADALUPE","official_key":"1306100020035","CVE_ENT":"13","CVE_MUN":"061","CVE_LOC":"0002","CVE_ASEN":"0035","settlement_type":"FRACCIONAMIENTO","source":"INEGI DCAH 2025"}},{"type":"Feature","geometry":{"type":"Polygon","coordinates":[[[-98.5645091,19.7618552],[-98.5666376,19.7614041],[-98.5666783,19.7613955],[-98.5668173,19.7613631],[-98.5668485,19.7613567],[-98.5668783,19.7613508],[-98.5670232,19.7613181],[-98.5670431,19.7613124],[-98.5670701,19.7613048],[-98.5675212,19.7612142],[-98.5674487,19.7608575],[-98.567418,19.7607062],[-98.5674002,19.760616],[-98.56719,19.7597037],[-98.5671893,19.7597011],[-98.5671561,19.7595804],[-98.5669765,19.7591962],[-98.5693687,19.7594033],[-98.5700697,19.7594602],[-98.5700769,19.7594609],[-98.5700792,19.7594203],[-98.5700799,19.7594083],[-98.5702558,19.7594266],[-98.5704385,19.7594456],[-98.5704107,19.7596798],[-98.5728554,19.7599246],[-98.5725596,19.7619324],[-98.571184,19.7618032],[-98.5711772,19.7618147],[-98.5707313,19.7625704],[-98.5701496,19.763559],[-98.5700397,19.7637435],[-98.5695979,19.7644846],[-98.569561,19.7645516],[-98.5695048,19.7646535],[-98.5693579,19.7648523],[-98.5689056,19.7654619],[-98.5684994,19.7660117],[-98.5680875,19.7665614],[-98.5678417,19.7668969],[-98.5675703,19.7672594],[-98.5674266,19.7674534],[-98.5673742,19.7674877],[-98.5673608,19.7674567],[-98.5672224,19.767137],[-98.5671932,19.7671321],[-98.5660766,19.7669459],[-98.5650416,19.7667533],[-98.565039,19.7667345],[-98.5649949,19.7664145],[-98.5649381,19.7660118],[-98.5648982,19.765783],[-98.5647518,19.7646236],[-98.5649055,19.764585],[-98.5650406,19.7645797],[-98.5651756,19.7646218],[-98.5652667,19.7646164],[-98.5653666,19.7645916],[-98.5654898,19.7646364],[-98.5656109,19.7646478],[-98.5658342,19.7646233],[-98.5660117,19.7645625],[-98.5655092,19.7637717],[-98.5650897,19.7630335],[-98.5646969,19.7623164],[-98.5645152,19.7618703],[-98.5645091,19.7618552]]]},"properties":{"locality":"GRANJAS DE GUADALUPE","official_key":"1306100020036","CVE_ENT":"13","CVE_MUN":"061","CVE_LOC":"0002","CVE_ASEN":"0036","settlement_type":"COLONIA","source":"INEGI DCAH 2025"}},{"type":"Feature","geometry":{"type":"Polygon","coordinates":[[[-98.56434,19.7614403],[-98.5643009,19.7611814],[-98.564267,19.7609829],[-98.5642796,19.7602315],[-98.5642656,19.7601144],[-98.5643679,19.7595213],[-98.5645006,19.7587477],[-98.5645483,19.7583076],[-98.5645583,19.7580575],[-98.5647114,19.7581584],[-98.5647808,19.7585968],[-98.5647824,19.7586067],[-98.5647903,19.7586416],[-98.5649214,19.7592233],[-98.5650871,19.7591737],[-98.5654651,19.7590606],[-98.5655745,19.7590439],[-98.5658466,19.7590044],[-98.5658998,19.7590094],[-98.5663339,19.75905],[-98.5664796,19.7591189],[-98.5669765,19.7591962],[-98.5671561,19.7595804],[-98.5671893,19.7597011],[-98.56719,19.7597037],[-98.5674002,19.760616],[-98.567418,19.7607062],[-98.5674487,19.7608575],[-98.5675212,19.7612142],[-98.5670701,19.7613048],[-98.5670431,19.7613124],[-98.5670232,19.7613181],[-98.5668783,19.7613508],[-98.5668485,19.7613567],[-98.5668173,19.7613631],[-98.5666783,19.7613955],[-98.5666376,19.7614041],[-98.5645091,19.7618552],[-98.564399,19.7615838],[-98.5643969,19.7615788],[-98.56434,19.7614403]]]},"properties":{"locality":"GUADALUPE","official_key":"1306100020037","CVE_ENT":"13","CVE_MUN":"061","CVE_LOC":"0002","CVE_ASEN":"0037","settlement_type":"FRACCIONAMIENTO","source":"INEGI DCAH 2025"}},{"type":"Feature","geometry":{"type":"Polygon","coordinates":[[[-98.5827869,19.7609444],[-98.5831463,19.7609596],[-98.5832091,19.7609622],[-98.5831803,19.761285],[-98.5831439,19.7616068],[-98.5831366,19.7616606],[-98.5831133,19.7618323],[-98.5830235,19.7618202],[-98.582613,19.7617799],[-98.5823443,19.761753],[-98.582331,19.761752],[-98.5823474,19.7615818],[-98.5823799,19.7613369],[-98.5824102,19.7610171],[-98.5824558,19.7609042],[-98.5827869,19.7609444]]]},"properties":{"locality":"PRIVADAS DE SINDICATO MINERO","official_key":"1306100020042","CVE_ENT":"13","CVE_MUN":"061","CVE_LOC":"0002","CVE_ASEN":"0042","settlement_type":"FRACCIONAMIENTO","source":"INEGI DCAH 2025"}},{"type":"Feature","geometry":{"type":"Polygon","coordinates":[[[-98.5824558,19.7609042],[-98.5824102,19.7610171],[-98.5823799,19.7613369],[-98.5823474,19.7615818],[-98.582331,19.761752],[-98.5823106,19.7619633],[-98.5823059,19.7620121],[-98.5823048,19.7620699],[-98.5820622,19.7620397],[-98.5820723,19.7619371],[-98.5820729,19.7619309],[-98.581963,19.7619196],[-98.5819284,19.7622841],[-98.5818759,19.7627264],[-98.5815963,19.7626964],[-98.581334,19.7626683],[-98.5813751,19.7622624],[-98.5814162,19.7618565],[-98.5815378,19.7608218],[-98.5820341,19.7608537],[-98.5823859,19.7608957],[-98.5824534,19.7609039],[-98.5824558,19.7609042]]]},"properties":{"locality":"UNIDAD MINERA NAPOLEÓN","official_key":"1306100020043","CVE_ENT":"13","CVE_MUN":"061","CVE_LOC":"0002","CVE_ASEN":"0043","settlement_type":"FRACCIONAMIENTO","source":"INEGI DCAH 2025"}},{"type":"Feature","geometry":{"type":"Polygon","coordinates":[[[-98.5669765,19.7591962],[-98.5664796,19.7591189],[-98.5665673,19.7585117],[-98.5666164,19.7582209],[-98.5666621,19.7579519],[-98.5666795,19.757755],[-98.566686,19.7575357],[-98.5666822,19.7573668],[-98.5666892,19.757248],[-98.5667167,19.7571239],[-98.5667861,19.757008],[-98.5669084,19.7566753],[-98.5669842,19.756322],[-98.5670241,19.7561099],[-98.5670561,19.7559648],[-98.56712,19.7556266],[-98.5671589,19.755398],[-98.5671793,19.7552779],[-98.5672668,19.754869],[-98.5673448,19.7544742],[-98.5674934,19.753821],[-98.5670037,19.7537564],[-98.5673242,19.752103],[-98.5675844,19.7520514],[-98.5678966,19.7520505],[-98.5682088,19.7520496],[-98.5688771,19.7521187],[-98.5691072,19.7521451],[-98.5696339,19.7522057],[-98.5705863,19.7522895],[-98.5707917,19.7523122],[-98.570711,19.7547515],[-98.5706133,19.7553186],[-98.5705577,19.7556592],[-98.5705203,19.7560122],[-98.5704821,19.7563951],[-98.5704639,19.7567395],[-98.5704375,19.7570046],[-98.5702063,19.7581533],[-98.5702432,19.7583763],[-98.5704348,19.75857],[-98.5702558,19.7594266],[-98.5700799,19.7594083],[-98.5700792,19.7594203],[-98.5700769,19.7594609],[-98.5700697,19.7594602],[-98.5693687,19.7594033],[-98.5669765,19.7591962]]]},"properties":{"locality":"UNTA BICENTENARIO","official_key":"1306100020045","CVE_ENT":"13","CVE_MUN":"061","CVE_LOC":"0002","CVE_ASEN":"0045","settlement_type":"FRACCIONAMIENTO","source":"INEGI DCAH 2025"}},{"type":"Feature","geometry":{"type":"Polygon","coordinates":[[[-98.5866215,19.7828479],[-98.5866215,19.7828478],[-98.5866059,19.7828126],[-98.5865965,19.7827915],[-98.5865225,19.7826285],[-98.5864666,19.7825055],[-98.5863386,19.7822191],[-98.5863128,19.7821614],[-98.5862184,19.7819494],[-98.5861312,19.7817622],[-98.5860975,19.7816887],[-98.5860594,19.7816059],[-98.5859431,19.7813417],[-98.5859146,19.7812789],[-98.5858935,19.7812325],[-98.5858757,19.7811932],[-98.5858093,19.7810468],[-98.5856349,19.7806596],[-98.5855834,19.7805452],[-98.5854322,19.7802016],[-98.5853742,19.7800713],[-98.5853641,19.7800485],[-98.5853596,19.7800385],[-98.5852703,19.7798378],[-98.5851778,19.7796342],[-98.5851498,19.7795726],[-98.5851342,19.7795381],[-98.585132,19.7795333],[-98.5850749,19.7794077],[-98.5850523,19.7793378],[-98.5850355,19.7792859],[-98.584938,19.7790513],[-98.5848534,19.7788666],[-98.5848492,19.7788576],[-98.5848123,19.7787225],[-98.5847707,19.7785367],[-98.5847668,19.7785181],[-98.5847492,19.7784343],[-98.5847269,19.7783998],[-98.5846851,19.7783569],[-98.5846821,19.7783539],[-98.5846206,19.7783062],[-98.5845383,19.7782839],[-98.5845367,19.7782834],[-98.5845345,19.7782838],[-98.5845155,19.7782867],[-98.5844538,19.7782749],[-98.5843267,19.7782508],[-98.584167,19.7782987],[-98.5838559,19.7783586],[-98.5835804,19.7783737],[-98.5832604,19.7783792],[-98.5830437,19.7783756],[-98.5826705,19.778359],[-98.5824939,19.7783449],[-98.5818202,19.7783212],[-98.5817126,19.7783167],[-98.5813006,19.778312],[-98.5811297,19.7783106],[-98.5807357,19.7783054],[-98.5805187,19.7782966],[-98.5803019,19.7782896],[-98.5800073,19.7782717],[-98.579822,19.7782528],[-98.5798031,19.778221],[-98.5800485,19.7781806],[-98.5803027,19.7781162],[-98.5806073,19.7780117],[-98.5808,19.7779295],[-98.5810236,19.7777879],[-98.581115,19.77773],[-98.5812497,19.7776437],[-98.5815127,19.7774238],[-98.58177,19.7771155],[-98.5820851,19.7765175],[-98.5823041,19.7761156],[-98.5827995,19.7752851],[-98.5832949,19.7744546],[-98.5838541,19.7734761],[-98.5846852,19.7720549],[-98.5851286,19.7713074],[-98.5855616,19.7705719],[-98.5857901,19.7701762],[-98.5861456,19.7695822],[-98.5862687,19.7693164],[-98.5866962,19.768445],[-98.586725,19.7683785],[-98.5867628,19.76828],[-98.5868126,19.7680789],[-98.5869141,19.7675724],[-98.5871693,19.765592],[-98.5874595,19.7634269],[-98.5875247,19.7628865],[-98.5876964,19.761463],[-98.5878715,19.760216],[-98.5880558,19.7586288],[-98.5887132,19.7541086],[-98.5889929,19.7541219],[-98.5906735,19.7542728],[-98.5914765,19.754333],[-98.5916419,19.7543762],[-98.5920426,19.7544122],[-98.5922856,19.7545008],[-98.5924713,19.754524],[-98.5926753,19.7544797],[-98.5946236,19.7540895],[-98.5956531,19.7538898],[-98.5966826,19.7536901],[-98.5977122,19.7534904],[-98.5987417,19.7532907],[-98.5997712,19.753091],[-98.6008007,19.7528913],[-98.6015868,19.7528283],[-98.6017709,19.7527892],[-98.6019583,19.7527493],[-98.6021495,19.7527088],[-98.6023874,19.7526582],[-98.602397,19.7526562],[-98.6024007,19.7526554],[-98.6024008,19.7526554],[-98.6024008,19.7526563],[-98.6024046,19.7531313],[-98.6024056,19.7532508],[-98.6024083,19.7535953],[-98.6024088,19.7536571],[-98.6023875,19.7542399],[-98.6023434,19.7546188],[-98.6023393,19.7546541],[-98.6023382,19.7546635],[-98.6023023,19.7549718],[-98.6021012,19.7560852],[-98.6020894,19.7561508],[-98.6019023,19.756731],[-98.6017063,19.7573092],[-98.6011461,19.7582719],[-98.6005859,19.7592347],[-98.6002011,19.7598959],[-98.6000257,19.7601974],[-98.5994655,19.7611601],[-98.5992766,19.7613858],[-98.5994165,19.7614888],[-98.598839,19.7624735],[-98.5982616,19.7634582],[-98.5976841,19.7644428],[-98.5971067,19.7654275],[-98.5969084,19.7657442],[-98.596894,19.7657672],[-98.5968667,19.7658398],[-98.5967455,19.7659735],[-98.5961223,19.7670038],[-98.5959297,19.7673281],[-98.5956165,19.7678552],[-98.5951106,19.7687066],[-98.5950272,19.7688467],[-98.5950103,19.7688751],[-98.5943422,19.7699977],[-98.5938758,19.7707744],[-98.5933833,19.7716102],[-98.5929379,19.7723576],[-98.5924807,19.7731205],[-98.591972,19.7739667],[-98.5914985,19.7747604],[-98.591025,19.775554],[-98.5907803,19.7759756],[-98.5904543,19.7765371],[-98.5898836,19.7775203],[-98.5893129,19.7785035],[-98.588817,19.7794464],[-98.5887538,19.7796149],[-98.5884253,19.7804901],[-98.5882376,19.7814839],[-98.5880819,19.7823086],[-98.5880499,19.7824777],[-98.5878622,19.7834715],[-98.5876745,19.7844653],[-98.5875888,19.7844882],[-98.5875866,19.7844888],[-98.587585,19.7844881],[-98.587501,19.7844532],[-98.5873227,19.7842698],[-98.5872278,19.784155],[-98.5871479,19.7840213],[-98.5870593,19.7838248],[-98.5869381,19.7835627],[-98.5868533,19.783364],[-98.5867213,19.7830731],[-98.5866215,19.7828479]]]},"properties":{"locality":"SAHAGÚN","official_key":"1306100020046","CVE_ENT":"13","CVE_MUN":"061","CVE_LOC":"0002","CVE_ASEN":"0046","settlement_type":"PARQUE INDUSTRIAL","source":"INEGI DCAH 2025"}},{"type":"Feature","geometry":{"type":"Polygon","coordinates":[[[-98.5916419,19.7543762],[-98.5916724,19.754093],[-98.5916907,19.7539281],[-98.5917069,19.753783],[-98.5917468,19.7533826],[-98.5917896,19.7530287],[-98.5923055,19.7529461],[-98.5926191,19.7528839],[-98.5929983,19.7527951],[-98.5931947,19.7526256],[-98.5933258,19.7524838],[-98.5934215,19.7520853],[-98.5934569,19.7518964],[-98.593458,19.7518907],[-98.5935194,19.7520212],[-98.5937366,19.7524451],[-98.5940209,19.7529769],[-98.5944239,19.7536983],[-98.5946236,19.7540895],[-98.5926753,19.7544797],[-98.5924713,19.754524],[-98.5922856,19.7545008],[-98.5920426,19.7544122],[-98.5916419,19.7543762]]]},"properties":{"locality":"RESIDENCIAL DINA","official_key":"1306100020047","CVE_ENT":"13","CVE_MUN":"061","CVE_LOC":"0002","CVE_ASEN":"0047","settlement_type":"FRACCIONAMIENTO","source":"INEGI DCAH 2025"}},{"type":"Feature","geometry":{"type":"Polygon","coordinates":[[[-98.564782,19.7560293],[-98.5649064,19.7546742],[-98.5649588,19.7543545],[-98.5650113,19.7541463],[-98.5651202,19.7537874],[-98.5651202,19.7537873],[-98.5653381,19.7533459],[-98.5656449,19.7530081],[-98.5658496,19.7528332],[-98.5662068,19.752528],[-98.5666027,19.7523224],[-98.5667546,19.7522436],[-98.5669937,19.7521687],[-98.5670581,19.7521559],[-98.567068,19.7521539],[-98.5673242,19.752103],[-98.5670037,19.7537564],[-98.5674934,19.753821],[-98.5673448,19.7544742],[-98.5672668,19.754869],[-98.5671793,19.7552779],[-98.5671589,19.755398],[-98.56712,19.7556266],[-98.5670561,19.7559648],[-98.5670241,19.7561099],[-98.5669842,19.756322],[-98.5662298,19.7561281],[-98.5654638,19.7560604],[-98.564782,19.7560293]]]},"properties":{"locality":"JARDINES DEL PEDREGAL","official_key":"1306100020048","CVE_ENT":"13","CVE_MUN":"061","CVE_LOC":"0002","CVE_ASEN":"0048","settlement_type":"COLONIA","source":"INEGI DCAH 2025"}},{"type":"Feature","geometry":{"type":"Polygon","coordinates":[[[-98.5259915,19.8064374],[-98.5256443,19.8071867],[-98.5253688,19.8071072],[-98.5248931,19.8068151],[-98.5247545,19.8070274],[-98.5243741,19.8068534],[-98.5244909,19.8067374],[-98.5245749,19.8066226],[-98.5238537,19.8063406],[-98.5241087,19.805922],[-98.5241853,19.8059171],[-98.5242531,19.8058996],[-98.5242752,19.8058542],[-98.5242034,19.8057401],[-98.524079,19.8057274],[-98.5238544,19.8055937],[-98.523442,19.8058612],[-98.5227483,19.8056049],[-98.5229922,19.8049522],[-98.5221186,19.8046525],[-98.5217852,19.8045704],[-98.5216372,19.804547],[-98.5216606,19.8047975],[-98.5215686,19.8051847],[-98.5215352,19.8052459],[-98.5215448,19.8057175],[-98.5214579,19.8059872],[-98.5206593,19.8059854],[-98.5206547,19.806622],[-98.5201735,19.8066825],[-98.5198829,19.8065209],[-98.5191783,19.8066366],[-98.518928,19.8065178],[-98.5189244,19.8061062],[-98.5187636,19.8059491],[-98.5186135,19.805926],[-98.5184204,19.805864],[-98.5176372,19.8057851],[-98.5174897,19.8056935],[-98.5171604,19.8055705],[-98.5171795,19.8052036],[-98.5170564,19.8052002],[-98.5168256,19.8051011],[-98.5166824,19.8048772],[-98.5166518,19.804767],[-98.5167631,19.8047784],[-98.5166845,19.8041368],[-98.5174348,19.8040403],[-98.5172076,19.8032169],[-98.5179516,19.8031408],[-98.5184449,19.8029335],[-98.5190328,19.8026649],[-98.5188427,19.8023621],[-98.5189879,19.8022795],[-98.5192193,19.8022256],[-98.5193549,19.8021951],[-98.5195349,19.8022134],[-98.5196412,19.8021991],[-98.5197031,19.8021572],[-98.5199233,19.8019961],[-98.5201217,19.8018603],[-98.5198465,19.8007171],[-98.5208619,19.8004025],[-98.5211903,19.8003055],[-98.5212019,19.8008882],[-98.5212102,19.8012182],[-98.5212516,19.801414],[-98.5213175,19.8015746],[-98.521645,19.802175],[-98.5218401,19.8021631],[-98.5224201,19.802139],[-98.5230109,19.8021553],[-98.523253,19.8021785],[-98.5234325,19.8022084],[-98.5237049,19.802281],[-98.523827,19.8023234],[-98.5239337,19.8023649],[-98.5241938,19.8025097],[-98.5245183,19.8026545],[-98.5247363,19.8027035],[-98.5248812,19.8027075],[-98.5250418,19.8026938],[-98.5252257,19.8026349],[-98.5254095,19.8025862],[-98.5266667,19.8021075],[-98.5275209,19.8017759],[-98.5286229,19.8013466],[-98.5289042,19.8020126],[-98.5290163,19.8023805],[-98.5289935,19.8024703],[-98.5289158,19.8025035],[-98.5288141,19.8025094],[-98.5277228,19.8022195],[-98.5278597,19.8023711],[-98.5279805,19.8026489],[-98.5280314,19.8027975],[-98.5282273,19.8035439],[-98.5271295,19.8036268],[-98.5270583,19.8031654],[-98.5267545,19.8030256],[-98.5263021,19.8034402],[-98.5262798,19.8035667],[-98.5262258,19.8036502],[-98.5261665,19.8037222],[-98.5260672,19.8037633],[-98.5259585,19.8037585],[-98.5255065,19.8036529],[-98.524892,19.804961],[-98.5248433,19.8050738],[-98.5249984,19.8052169],[-98.5251106,19.80536],[-98.5251516,19.8054478],[-98.5251907,19.8055628],[-98.5252046,19.8056718],[-98.5251341,19.8058678],[-98.5259915,19.8064374]]]},"properties":{"locality":"LOS CIDES","official_key":"1306100030001","CVE_ENT":"13","CVE_MUN":"061","CVE_LOC":"0003","CVE_ASEN":"0001","settlement_type":"PUEBLO","source":"INEGI DCAH 2025"}},{"type":"Feature","geometry":{"type":"Polygon","coordinates":[[[-98.474859,19.8302785],[-98.474183,19.8303794],[-98.4736681,19.83044],[-98.4736573,19.8305813],[-98.4732818,19.8306923],[-98.4729063,19.8301876],[-98.4727454,19.8299252],[-98.4720373,19.83045],[-98.4717798,19.8301876],[-98.4725201,19.8295417],[-98.4727025,19.8294206],[-98.4724664,19.8289765],[-98.4722519,19.828371],[-98.4721017,19.8280278],[-98.4725308,19.8278058],[-98.4735608,19.8272103],[-98.473947,19.8290875],[-98.4743869,19.8289462],[-98.4745156,19.8292995],[-98.4747302,19.8296527],[-98.474859,19.8302785]]]},"properties":{"locality":"LOS COYOTES","official_key":"1306100040001","CVE_ENT":"13","CVE_MUN":"061","CVE_LOC":"0004","CVE_ASEN":"0001","settlement_type":"RANCHERÍA","source":"INEGI DCAH 2025"}},{"type":"Feature","geometry":{"type":"Polygon","coordinates":[[[-98.4314296,19.8716357],[-98.4305661,19.8714685],[-98.4303973,19.8715157],[-98.4302729,19.8715261],[-98.4301137,19.8714584],[-98.4300366,19.8713305],[-98.4300192,19.8711911],[-98.4293958,19.8710687],[-98.4292998,19.8709976],[-98.4288945,19.8712234],[-98.428023,19.8716708],[-98.4277678,19.8714501],[-98.4274852,19.8710815],[-98.4272938,19.870606],[-98.4272759,19.8700408],[-98.4263351,19.8704451],[-98.4258127,19.8706073],[-98.4253902,19.8706089],[-98.4249743,19.8706927],[-98.4249259,19.8706281],[-98.4251079,19.8704588],[-98.4251867,19.870359],[-98.4264992,19.8698607],[-98.427043,19.8696512],[-98.4274698,19.8694242],[-98.4270483,19.8688788],[-98.4273154,19.8685453],[-98.4273944,19.868327],[-98.4272855,19.8678665],[-98.4275773,19.8678197],[-98.4276538,19.8676133],[-98.4277379,19.8673851],[-98.4278036,19.8672467],[-98.4278273,19.8671368],[-98.4278712,19.8668276],[-98.4280091,19.8665918],[-98.4282788,19.8664229],[-98.4285806,19.8662993],[-98.4289391,19.8663205],[-98.4296785,19.8656809],[-98.4300186,19.865912],[-98.4301948,19.8659303],[-98.4304719,19.8658962],[-98.4306185,19.8660197],[-98.430858,19.8662366],[-98.431058,19.8663222],[-98.4311256,19.866014],[-98.4309924,19.8658518],[-98.4309407,19.8654567],[-98.4309163,19.8650894],[-98.4314039,19.8650845],[-98.4315622,19.865469],[-98.4316981,19.8656679],[-98.4320444,19.8660197],[-98.4323215,19.8662625],[-98.4325716,19.8664601],[-98.432859,19.8666895],[-98.4325418,19.8668143],[-98.432624,19.866836],[-98.4327336,19.8668747],[-98.4328492,19.8669476],[-98.4329086,19.8670107],[-98.4330171,19.8671817],[-98.4330981,19.8672982],[-98.4332665,19.8674517],[-98.4334941,19.8676384],[-98.4336736,19.8678157],[-98.4338908,19.8680482],[-98.4340258,19.868227],[-98.4342848,19.8679642],[-98.4346322,19.8676056],[-98.434914,19.8671405],[-98.4356065,19.8676181],[-98.4353283,19.8680334],[-98.4347231,19.8686217],[-98.4341554,19.8692605],[-98.4340345,19.8694352],[-98.4337276,19.8698497],[-98.4335541,19.8701197],[-98.4333485,19.8703939],[-98.4324484,19.8703025],[-98.4322957,19.8703221],[-98.432122,19.8703289],[-98.4319353,19.8703014],[-98.4318915,19.8704343],[-98.43178,19.8706015],[-98.431652,19.8708283],[-98.4315775,19.8708937],[-98.4315498,19.8711132],[-98.431493,19.8711819],[-98.431404,19.8712102],[-98.431344,19.8712213],[-98.4314333,19.8714047],[-98.4315241,19.8715791],[-98.4314296,19.8716357]]]},"properties":{"locality":"FRANCISCO SARABIA","official_key":"1306100050001","CVE_ENT":"13","CVE_MUN":"061","CVE_LOC":"0005","CVE_ASEN":"0001","settlement_type":"RANCHERÍA","source":"INEGI DCAH 2025"}},{"type":"Feature","geometry":{"type":"Polygon","coordinates":[[[-98.5955012,19.7332165],[-98.5944072,19.7322764],[-98.5939918,19.731925],[-98.5936863,19.7316582],[-98.593402,19.731465],[-98.5932845,19.7314305],[-98.5931776,19.7314163],[-98.5930211,19.7314103],[-98.5929235,19.7315103],[-98.5924451,19.7318539],[-98.592067,19.7321156],[-98.5918831,19.7322556],[-98.5906382,19.7332037],[-98.589815,19.7319841],[-98.5897846,19.7319391],[-98.5890746,19.7308507],[-98.5887103,19.7302925],[-98.5890517,19.7299549],[-98.5892815,19.7297204],[-98.5896882,19.7293345],[-98.5903106,19.7297166],[-98.5903483,19.7296754],[-98.5906327,19.7296595],[-98.5911067,19.7298331],[-98.5916334,19.7301926],[-98.591827,19.7302891],[-98.5931525,19.7312389],[-98.5933935,19.7310298],[-98.5936428,19.7311222],[-98.5938855,19.7311937],[-98.5947793,19.7315349],[-98.5952745,19.7317636],[-98.5956356,19.7319014],[-98.5961018,19.7323046],[-98.5962705,19.7320517],[-98.5970723,19.7323391],[-98.5972587,19.7324068],[-98.5974404,19.7326729],[-98.5975033,19.732872],[-98.5975554,19.7330256],[-98.5976826,19.7329419],[-98.5979233,19.7328445],[-98.5982152,19.732811],[-98.5983934,19.7328321],[-98.5985394,19.7328734],[-98.5986577,19.7331348],[-98.598749,19.7333008],[-98.598843,19.7334343],[-98.5991474,19.7336576],[-98.5992343,19.7334913],[-98.5993641,19.7333299],[-98.6000168,19.7335827],[-98.6000688,19.7335123],[-98.6002688,19.7335012],[-98.6009536,19.7338693],[-98.6016854,19.7342457],[-98.6010332,19.735176],[-98.6004388,19.7360359],[-98.6003091,19.7362237],[-98.6001608,19.7364406],[-98.5998182,19.7369419],[-98.6000239,19.737115],[-98.5996652,19.7376268],[-98.5993594,19.7380631],[-98.5990913,19.7384429],[-98.5987973,19.7388477],[-98.5979797,19.7381637],[-98.5976798,19.7385872],[-98.5970069,19.73801],[-98.5965688,19.7376263],[-98.5954113,19.736635],[-98.595137,19.73639],[-98.5947411,19.7360408],[-98.5940138,19.7353993],[-98.5943118,19.7349657],[-98.5945403,19.734633],[-98.5947882,19.7342618],[-98.5951196,19.7337809],[-98.5955012,19.7332165]]]},"properties":{"locality":"IROLO","official_key":"1306100070001","CVE_ENT":"13","CVE_MUN":"061","CVE_LOC":"0007","CVE_ASEN":"0001","settlement_type":"COLONIA","source":"INEGI DCAH 2025"}},{"type":"Feature","geometry":{"type":"Polygon","coordinates":[[[-98.4561219,19.8499552],[-98.4560946,19.8504705],[-98.455602,19.8504158],[-98.4551071,19.850423],[-98.4547478,19.8502159],[-98.4547414,19.8503088],[-98.4537211,19.8500575],[-98.4538436,19.8497567],[-98.453539,19.849695],[-98.4532297,19.8496206],[-98.4530276,19.8495728],[-98.4530036,19.8495671],[-98.4527687,19.8494838],[-98.452498,19.8494452],[-98.4525937,19.8498366],[-98.4524576,19.8497574],[-98.4520746,19.8496297],[-98.4516272,19.8494188],[-98.4513293,19.8492295],[-98.4517635,19.8485007],[-98.4516184,19.848385],[-98.4516376,19.8482648],[-98.4516519,19.848141],[-98.4521846,19.8474927],[-98.452414,19.8477655],[-98.4525925,19.8479905],[-98.4529342,19.8483318],[-98.4528853,19.8484013],[-98.4529699,19.848409],[-98.4531094,19.8484969],[-98.4532275,19.8485545],[-98.4533724,19.8486324],[-98.4534852,19.8486698],[-98.4535471,19.8486781],[-98.4536611,19.8487327],[-98.4537752,19.8487621],[-98.4541004,19.8487855],[-98.4541272,19.8487349],[-98.4542985,19.8488015],[-98.4544603,19.8489014],[-98.4545535,19.8490774],[-98.4547569,19.8490607],[-98.4549854,19.8488463],[-98.4550621,19.8487425],[-98.4548204,19.8486213],[-98.4553001,19.8474296],[-98.4554894,19.8470342],[-98.45606,19.8473969],[-98.456506,19.8476884],[-98.4566608,19.8474088],[-98.457349,19.8481615],[-98.4572354,19.8484787],[-98.4574597,19.8488491],[-98.4570482,19.8491363],[-98.4566323,19.8488844],[-98.4564699,19.8488987],[-98.4564483,19.8487523],[-98.4563677,19.8485453],[-98.4562494,19.8484342],[-98.4560718,19.8495087],[-98.4561897,19.8496839],[-98.4560684,19.8497731],[-98.4562076,19.8498195],[-98.4561219,19.8499552]]]},"properties":{"locality":"JAGÜEY PRIETO","official_key":"1306100080001","CVE_ENT":"13","CVE_MUN":"061","CVE_LOC":"0008","CVE_ASEN":"0001","settlement_type":"RANCHERÍA","source":"INEGI DCAH 2025"}},{"type":"Feature","geometry":{"type":"Polygon","coordinates":[[[-98.3823275,19.9038504],[-98.3819225,19.9029672],[-98.3816833,19.9023967],[-98.3815554,19.9021542],[-98.3814503,19.902231],[-98.3814208,19.9021641],[-98.3805001,19.9000839],[-98.3804817,19.9000434],[-98.380575,19.8999567],[-98.3809216,19.8996345],[-98.3812023,19.8993671],[-98.3813796,19.899196],[-98.3819069,19.8987013],[-98.3827635,19.8978765],[-98.3835795,19.8971039],[-98.3847759,19.89595],[-98.3852583,19.8955063],[-98.3858905,19.894886],[-98.3873228,19.8934827],[-98.3883426,19.8925083],[-98.3904699,19.8904904],[-98.3909195,19.8900761],[-98.3914934,19.8895465],[-98.3919587,19.8890972],[-98.392419,19.8886537],[-98.3926333,19.8883899],[-98.3927961,19.888204],[-98.3928865,19.8881199],[-98.3929788,19.8883021],[-98.3930147,19.8886823],[-98.3930211,19.8890016],[-98.394458,19.8895647],[-98.3948478,19.8898619],[-98.3955794,19.8903945],[-98.3965179,19.8910964],[-98.3984341,19.8924228],[-98.4008806,19.8940766],[-98.4008948,19.8971573],[-98.4009036,19.8977259],[-98.4010437,19.8978562],[-98.4013642,19.8980721],[-98.4014314,19.8981795],[-98.4014453,19.8983537],[-98.4014659,19.8983622],[-98.4014927,19.8982937],[-98.40156,19.8981839],[-98.4016583,19.8981772],[-98.4017205,19.8982245],[-98.4017613,19.8983474],[-98.4019143,19.8984619],[-98.4022292,19.8986515],[-98.4024809,19.8988024],[-98.4026649,19.8989746],[-98.4027961,19.8990755],[-98.403071,19.8991618],[-98.4032255,19.8993002],[-98.4033097,19.8994558],[-98.403477,19.8997098],[-98.4035543,19.8998089],[-98.4036746,19.8998676],[-98.4038716,19.8998563],[-98.4040702,19.8998755],[-98.4041725,19.8999234],[-98.4042673,19.9000237],[-98.4043447,19.9002645],[-98.4044361,19.9004437],[-98.4045706,19.9006509],[-98.4047866,19.9008178],[-98.4048494,19.9039004],[-98.4087069,19.903862],[-98.4087532,19.9062053],[-98.4061573,19.9062713],[-98.4051076,19.9062502],[-98.405158,19.9063746],[-98.4051144,19.9064537],[-98.4048573,19.9065876],[-98.4047261,19.9066787],[-98.4047126,19.9069498],[-98.404658,19.9070585],[-98.4042862,19.9067226],[-98.4035531,19.9062885],[-98.4010123,19.9063033],[-98.4010429,19.9084957],[-98.4048457,19.908494],[-98.404846,19.9086067],[-98.4048269,19.9089071],[-98.4048183,19.9095061],[-98.4047986,19.909831],[-98.4048064,19.9099677],[-98.4047069,19.9099844],[-98.4045278,19.9099251],[-98.4043913,19.9099618],[-98.4042471,19.9099303],[-98.4040565,19.9098584],[-98.4039171,19.9098634],[-98.4036327,19.9098634],[-98.4033162,19.9098533],[-98.4030319,19.9098886],[-98.4027852,19.9099895],[-98.4025169,19.9100376],[-98.4023185,19.9101524],[-98.4019456,19.9106183],[-98.4009653,19.9099661],[-98.3997241,19.909234],[-98.3990338,19.9087973],[-98.3983667,19.9081855],[-98.3982263,19.9080411],[-98.3982151,19.9083068],[-98.398172,19.9084547],[-98.3981719,19.9085792],[-98.3981128,19.9087322],[-98.3981369,19.9090155],[-98.3980846,19.9092681],[-98.3981121,19.9095356],[-98.3981795,19.9097198],[-98.39824,19.9098422],[-98.3982595,19.9099992],[-98.3982049,19.9102341],[-98.398065,19.9105432],[-98.3979789,19.9106876],[-98.3979198,19.9108153],[-98.3978956,19.9109498],[-98.3978459,19.9110019],[-98.3977835,19.9110532],[-98.3977792,19.9110889],[-98.3978521,19.9111471],[-98.3981085,19.911262],[-98.3981616,19.9113496],[-98.3981613,19.9114742],[-98.3980485,19.9115566],[-98.3979224,19.9116332],[-98.3978164,19.9117773],[-98.3976454,19.9118293],[-98.3976726,19.9120923],[-98.3975627,19.9123499],[-98.3974006,19.9125543],[-98.3973838,19.9127473],[-98.3973701,19.9129195],[-98.3973096,19.9130207],[-98.3970701,19.9131621],[-98.3967877,19.9132679],[-98.3966322,19.9133839],[-98.3965412,19.9134588],[-98.3965034,19.9134898],[-98.396159,19.9134617],[-98.3951479,19.9133671],[-98.3940424,19.9132876],[-98.3911523,19.9130715],[-98.3898262,19.912961],[-98.3888496,19.9128576],[-98.3879511,19.9127684],[-98.387181,19.9126874],[-98.3861536,19.9126174],[-98.3859525,19.9121195],[-98.3857989,19.9117688],[-98.3856613,19.9114369],[-98.3855509,19.9111705],[-98.3853287,19.9106378],[-98.3850789,19.9101043],[-98.3849377,19.9097464],[-98.3848886,19.9096478],[-98.3847972,19.9094647],[-98.3846426,19.9091838],[-98.384309,19.9084735],[-98.3840109,19.9077779],[-98.3834741,19.9064953],[-98.3827271,19.9048499],[-98.3823275,19.9038504]]]},"properties":{"locality":"PALO HUECO","official_key":"1306100090001","CVE_ENT":"13","CVE_MUN":"061","CVE_LOC":"0009","CVE_ASEN":"0001","settlement_type":"RANCHERÍA","source":"INEGI DCAH 2025"}},{"type":"Feature","geometry":{"type":"Polygon","coordinates":[[[-98.4761402,19.80815],[-98.4762545,19.8083953],[-98.4763125,19.8083859],[-98.476412,19.8083937],[-98.4768478,19.8081824],[-98.477066,19.8080288],[-98.4772664,19.808128],[-98.4767149,19.8087528],[-98.4766,19.8086555],[-98.4764824,19.8086592],[-98.4764885,19.8087723],[-98.4765204,19.8088706],[-98.4765416,19.808984],[-98.476646,19.8092697],[-98.4766362,19.8096089],[-98.4765977,19.8097756],[-98.4765968,19.8099473],[-98.4765735,19.8100628],[-98.4765823,19.8101278],[-98.4762545,19.8107369],[-98.4761882,19.8107413],[-98.4761325,19.8107395],[-98.4758622,19.8106065],[-98.4757045,19.8105275],[-98.4749454,19.8111225],[-98.4747709,19.8104785],[-98.4746456,19.8100922],[-98.4745256,19.8097513],[-98.4738251,19.8099633],[-98.4732458,19.8101348],[-98.4729953,19.8096204],[-98.4729282,19.8095234],[-98.4725713,19.8096334],[-98.472201,19.8097424],[-98.4716845,19.8099139],[-98.4713023,19.8099703],[-98.4711925,19.8098204],[-98.4711409,19.8096974],[-98.4709511,19.8086881],[-98.472276,19.8088006],[-98.472308,19.8086314],[-98.472348,19.8085782],[-98.4725836,19.808694],[-98.4727288,19.8088179],[-98.4728819,19.8088586],[-98.4731029,19.8088458],[-98.4732774,19.8089165],[-98.4739052,19.8086818],[-98.474114,19.8087698],[-98.4741705,19.8088258],[-98.4743314,19.8087478],[-98.4742456,19.808531],[-98.4745129,19.808341],[-98.4745683,19.8081802],[-98.4747639,19.8081244],[-98.4751561,19.8079264],[-98.4759156,19.8074296],[-98.4759576,19.8079815],[-98.4760556,19.8080493],[-98.4761402,19.80815]]]},"properties":{"locality":"SAN JERÓNIMO","official_key":"1306100100001","CVE_ENT":"13","CVE_MUN":"061","CVE_LOC":"0010","CVE_ASEN":"0001","settlement_type":"RANCHERÍA","source":"INEGI DCAH 2025"}},{"type":"Feature","geometry":{"type":"MultiPolygon","coordinates":[[[[-98.4172485,19.8695054],[-98.4171573,19.8694247],[-98.4167657,19.8694751],[-98.4160898,19.8696114],[-98.4158215,19.8688344],[-98.4180531,19.8682593],[-98.41867,19.8681029],[-98.4191475,19.8679818],[-98.419759,19.8697224],[-98.4199468,19.8702672],[-98.4189383,19.869793],[-98.4189597,19.869682],[-98.4184394,19.8695458],[-98.4172485,19.8695054]]],[[[-98.4046559,19.8760102],[-98.40468,19.8754426],[-98.4046858,19.8749542],[-98.4046271,19.8746521],[-98.4049107,19.8745651],[-98.404894,19.8745033],[-98.4050883,19.8744472],[-98.4050406,19.8742325],[-98.4046657,19.8743256],[-98.4044911,19.8738476],[-98.4045002,19.87369],[-98.4043377,19.8734214],[-98.4040817,19.8733247],[-98.4037528,19.8732306],[-98.4033846,19.8731525],[-98.402688,19.8730032],[-98.4021889,19.8729522],[-98.4015058,19.8728784],[-98.4008048,19.8728326],[-98.4005197,19.8728277],[-98.4000445,19.8729691],[-98.3995408,19.8731116],[-98.3990798,19.8732838],[-98.3982511,19.8736121],[-98.3981091,19.8736578],[-98.3974592,19.8740952],[-98.3970002,19.8747074],[-98.3965796,19.8753322],[-98.3958549,19.8763535],[-98.3956315,19.8767196],[-98.3955467,19.8769682],[-98.3955096,19.8772438],[-98.3953784,19.8771597],[-98.3952967,19.8768755],[-98.3953331,19.876561],[-98.3953799,19.8763446],[-98.3957417,19.8756193],[-98.3960411,19.8749984],[-98.396466,19.8743005],[-98.3968506,19.8735711],[-98.3966221,19.8733128],[-98.3975491,19.8725643],[-98.3986735,19.8718341],[-98.398777,19.8720609],[-98.3985854,19.8723634],[-98.3986743,19.8726051],[-98.3997104,19.8725336],[-98.4004577,19.8726579],[-98.4007612,19.8726796],[-98.4015722,19.872506],[-98.4033424,19.8720586],[-98.4047081,19.8716986],[-98.405164,19.8731188],[-98.4067036,19.8721327],[-98.4072077,19.8728947],[-98.4073363,19.8727741],[-98.4075827,19.8726035],[-98.4079254,19.8723935],[-98.408085,19.8717818],[-98.4085544,19.8716177],[-98.4083389,19.8711481],[-98.4082102,19.8708213],[-98.4085735,19.8707303],[-98.4097375,19.8704253],[-98.4109397,19.870113],[-98.4121657,19.8697232],[-98.4123192,19.8703637],[-98.410721,19.8706793],[-98.4088455,19.8710405],[-98.4084925,19.8711151],[-98.4087183,19.8716569],[-98.4090458,19.8718522],[-98.4093276,19.8720456],[-98.4095597,19.8724097],[-98.4097615,19.8727684],[-98.4098946,19.8729426],[-98.4100524,19.8730601],[-98.4101903,19.8730935],[-98.4103021,19.8730649],[-98.4104385,19.8729849],[-98.4109573,19.8735453],[-98.4116459,19.8729729],[-98.4118775,19.8727725],[-98.4122991,19.8725462],[-98.4125225,19.872346],[-98.4128533,19.8721257],[-98.4129315,19.8722983],[-98.4133159,19.8721631],[-98.4137331,19.8720306],[-98.413999,19.872023],[-98.414073,19.8721705],[-98.4140832,19.8722796],[-98.4141097,19.8724603],[-98.4140908,19.8726667],[-98.413514,19.8730143],[-98.4132311,19.8732113],[-98.4133556,19.8736138],[-98.4135945,19.8743569],[-98.4134547,19.8744234],[-98.4129342,19.8744415],[-98.4128751,19.8743234],[-98.4126664,19.8743199],[-98.4128226,19.8747401],[-98.4127491,19.8752154],[-98.4120965,19.8750902],[-98.4109236,19.8743494],[-98.4110825,19.874063],[-98.4105172,19.8738522],[-98.4101812,19.8737362],[-98.4100196,19.8735724],[-98.4097106,19.8731578],[-98.409587,19.8729784],[-98.4092086,19.8726946],[-98.4089677,19.8725161],[-98.4088036,19.8724705],[-98.4088173,19.8728282],[-98.4088953,19.873428],[-98.4084721,19.8734611],[-98.4078772,19.8734338],[-98.4075754,19.8750442],[-98.4074335,19.8759733],[-98.4073012,19.8760753],[-98.4071513,19.8760904],[-98.4069282,19.875968],[-98.4066452,19.8756614],[-98.4065628,19.8755222],[-98.4063162,19.8757554],[-98.4062219,19.8758663],[-98.4058956,19.8764659],[-98.4056876,19.8768673],[-98.4054538,19.8772946],[-98.4052094,19.8775506],[-98.4047389,19.8777047],[-98.4045251,19.8777178],[-98.4044455,19.8774131],[-98.4044927,19.8772661],[-98.4045936,19.877081],[-98.4046106,19.8768656],[-98.4046295,19.8765623],[-98.4046559,19.8760102]]]]},"properties":{"locality":"SAN MIGUEL ALLENDE","official_key":"1306100110001","CVE_ENT":"13","CVE_MUN":"061","CVE_LOC":"0011","CVE_ASEN":"0001","settlement_type":"RANCHERÍA","source":"INEGI DCAH 2025"}},{"type":"Feature","geometry":{"type":"Polygon","coordinates":[[[-98.542532,19.7282918],[-98.5432419,19.7279075],[-98.5428233,19.726978],[-98.5431639,19.7267153],[-98.5435528,19.7271545],[-98.5438048,19.7275583],[-98.5441531,19.7279362],[-98.5445278,19.7281568],[-98.5448267,19.7285173],[-98.5444803,19.7288746],[-98.5438948,19.7293468],[-98.5432763,19.7296077],[-98.5433977,19.7297476],[-98.5435048,19.7299506],[-98.5436332,19.730295],[-98.5429783,19.7305901],[-98.5426023,19.7298903],[-98.5418805,19.7284649],[-98.542099,19.7284137],[-98.5423262,19.7283881],[-98.542532,19.7282918]]]},"properties":{"locality":"SAN SALVADOR (EL CALVARIO)","official_key":"1306100120001","CVE_ENT":"13","CVE_MUN":"061","CVE_LOC":"0012","CVE_ASEN":"0001","settlement_type":"RANCHERÍA","source":"INEGI DCAH 2025"}},{"type":"Feature","geometry":{"type":"Polygon","coordinates":[[[-98.5571636,19.7370254],[-98.5573397,19.7356368],[-98.5574082,19.7350456],[-98.5575703,19.7331887],[-98.5580351,19.7334628],[-98.5587865,19.734099],[-98.5587828,19.7341387],[-98.5587674,19.7342721],[-98.5587959,19.7343201],[-98.5591708,19.7346546],[-98.5592055,19.7348104],[-98.5593706,19.7349682],[-98.5597294,19.7352507],[-98.5598875,19.7354984],[-98.5603957,19.7363837],[-98.5608166,19.7373298],[-98.5607977,19.7374176],[-98.5608779,19.7374619],[-98.5609095,19.7376919],[-98.5605435,19.7380206],[-98.5602622,19.7382739],[-98.5612553,19.7392452],[-98.5619878,19.739237],[-98.5627538,19.7399675],[-98.5625993,19.740119],[-98.5625811,19.7405279],[-98.5625146,19.7410379],[-98.5622846,19.7412655],[-98.5621424,19.741672],[-98.5618993,19.7418809],[-98.5618202,19.7417991],[-98.5615191,19.7420175],[-98.5610565,19.7423876],[-98.560725,19.7420603],[-98.5604095,19.7419501],[-98.5599826,19.7424467],[-98.559333,19.7429454],[-98.55922,19.7430554],[-98.5584306,19.7422786],[-98.5578934,19.741628],[-98.5572684,19.7408627],[-98.5567292,19.7402994],[-98.5567775,19.740127],[-98.5568827,19.7392539],[-98.5569397,19.7386485],[-98.5570215,19.7380132],[-98.5571636,19.7370254]]]},"properties":{"locality":"SAN BARTOLOMÉ TEPETATES","official_key":"1306100140001","CVE_ENT":"13","CVE_MUN":"061","CVE_LOC":"0014","CVE_ASEN":"0001","settlement_type":"PUEBLO","source":"INEGI DCAH 2025"}},{"type":"Feature","geometry":{"type":"Polygon","coordinates":[[[-98.5039878,19.7875405],[-98.5040185,19.7874997],[-98.5044192,19.7877016],[-98.5046452,19.7878054],[-98.5049193,19.7879262],[-98.5051121,19.7879438],[-98.5051921,19.7880224],[-98.505232,19.7882084],[-98.505322,19.7884131],[-98.5054576,19.7885163],[-98.5056156,19.7887408],[-98.5058169,19.7889397],[-98.5059382,19.7890698],[-98.5062604,19.7892232],[-98.5065984,19.7894267],[-98.5065543,19.7895228],[-98.5065473,19.7895307],[-98.506472,19.7896735],[-98.5064347,19.7897796],[-98.5064111,19.789966],[-98.5064108,19.7900598],[-98.5064122,19.7901132],[-98.5073988,19.7904587],[-98.5071307,19.7918235],[-98.5061922,19.7915255],[-98.5061885,19.7916832],[-98.5061459,19.7919424],[-98.5061236,19.7920659],[-98.5056286,19.791989],[-98.505372,19.7919257],[-98.5051395,19.7918804],[-98.5047496,19.7917689],[-98.5046307,19.7917321],[-98.5046053,19.7917243],[-98.5047821,19.791534],[-98.5048854,19.7914413],[-98.504983,19.7913536],[-98.505079,19.7912202],[-98.5050895,19.7912055],[-98.5050962,19.7911961],[-98.5050409,19.7910781],[-98.5050352,19.7910716],[-98.5049593,19.7909859],[-98.5049141,19.7908824],[-98.5049038,19.7908587],[-98.5048887,19.7907796],[-98.5048844,19.7907005],[-98.5048935,19.7905632],[-98.504513,19.7903073],[-98.5039866,19.7900373],[-98.5034986,19.7897465],[-98.5029334,19.7894133],[-98.5030477,19.7892477],[-98.503074,19.7892025],[-98.5031049,19.7890921],[-98.5031991,19.7889239],[-98.5034005,19.7885338],[-98.5035367,19.7883231],[-98.5036769,19.7880937],[-98.5037454,19.787964],[-98.5039184,19.7876891],[-98.5039878,19.7875405]]]},"properties":{"locality":"TEXCATZONGO","official_key":"1306100150001","CVE_ENT":"13","CVE_MUN":"061","CVE_LOC":"0015","CVE_ASEN":"0001","settlement_type":"RANCHERÍA","source":"INEGI DCAH 2025"}},{"type":"Feature","geometry":{"type":"MultiPolygon","coordinates":[[[[-98.4347472,19.8332423],[-98.4333573,19.8317423],[-98.4338352,19.8315922],[-98.4339804,19.8318477],[-98.4340237,19.8318913],[-98.4344994,19.8317114],[-98.4341578,19.8312256],[-98.4337661,19.8306577],[-98.4334349,19.8302043],[-98.4342075,19.8296873],[-98.4344677,19.8301116],[-98.4352259,19.8297787],[-98.4357979,19.8293018],[-98.4366231,19.8285965],[-98.4369047,19.8283771],[-98.4376728,19.829084],[-98.4374237,19.829359],[-98.4379583,19.8299974],[-98.4374413,19.830354],[-98.4369618,19.8306851],[-98.4380448,19.8316772],[-98.4382573,19.8315508],[-98.4389938,19.8324388],[-98.4375041,19.8331199],[-98.4354805,19.8341028],[-98.4349959,19.8335662],[-98.4347472,19.8332423]]],[[[-98.4298876,19.8342988],[-98.4297043,19.8341443],[-98.4295946,19.834],[-98.4294309,19.8338296],[-98.4293385,19.8337465],[-98.4292361,19.8336542],[-98.4291704,19.8335394],[-98.4291208,19.833413],[-98.4291269,19.83329],[-98.429147,19.8332026],[-98.4291806,19.833221],[-98.4293109,19.8332924],[-98.4300626,19.8335911],[-98.4307065,19.833549],[-98.4312175,19.8334216],[-98.4323427,19.8333165],[-98.4323823,19.8333128],[-98.4331314,19.8331606],[-98.4335788,19.8331488],[-98.4336678,19.8331698],[-98.4337469,19.8332031],[-98.4338845,19.8332912],[-98.4343702,19.8337415],[-98.4344892,19.8337906],[-98.4344089,19.8338177],[-98.4326726,19.8343455],[-98.4325493,19.8343693],[-98.4324885,19.834341],[-98.4301377,19.8351144],[-98.4300926,19.8351284],[-98.4300895,19.8345384],[-98.4300584,19.8344662],[-98.4298876,19.8342988]]]]},"properties":{"locality":"TULTENGO","official_key":"1306100160001","CVE_ENT":"13","CVE_MUN":"061","CVE_LOC":"0016","CVE_ASEN":"0001","settlement_type":"RANCHERÍA","source":"INEGI DCAH 2025"}},{"type":"Feature","geometry":{"type":"Polygon","coordinates":[[[-98.4077464,19.8264285],[-98.4077142,19.8263486],[-98.4076943,19.8263103],[-98.4076381,19.8262738],[-98.4074315,19.8261377],[-98.4072987,19.8260445],[-98.4071147,19.8259667],[-98.4067905,19.825831],[-98.4066698,19.8257842],[-98.406614,19.8257625],[-98.4062066,19.82563],[-98.4057798,19.8253796],[-98.4061656,19.8250644],[-98.4065594,19.8247924],[-98.4067475,19.8246913],[-98.4071145,19.8244702],[-98.407316,19.8243371],[-98.4074152,19.8243372],[-98.4075822,19.8242767],[-98.4077521,19.8242236],[-98.407893,19.8241288],[-98.4079824,19.8241026],[-98.408409,19.8240767],[-98.4085714,19.8240753],[-98.4086317,19.8241213],[-98.4086607,19.8241614],[-98.4087864,19.8243762],[-98.4088629,19.8244708],[-98.4090505,19.824722],[-98.4093208,19.8245935],[-98.4094288,19.8245668],[-98.4094931,19.8245257],[-98.40961,19.8244509],[-98.4097934,19.8243677],[-98.4098757,19.8243239],[-98.4100803,19.8243978],[-98.4102918,19.8245659],[-98.4103393,19.8246148],[-98.4102426,19.8247571],[-98.4101136,19.8249289],[-98.4098399,19.8251106],[-98.4094992,19.8252116],[-98.4102891,19.8257415],[-98.4107679,19.8252319],[-98.4108429,19.8251738],[-98.4108662,19.8252054],[-98.410956,19.8252718],[-98.4111375,19.8253574],[-98.4112663,19.8253927],[-98.4114913,19.8254198],[-98.4116152,19.8255325],[-98.4116003,19.8255922],[-98.4113577,19.8259625],[-98.4112815,19.8260507],[-98.4110765,19.8262446],[-98.4108961,19.8264708],[-98.4107384,19.8266949],[-98.4105428,19.826956],[-98.4103831,19.8271833],[-98.4102056,19.8270634],[-98.4100318,19.8269488],[-98.4099319,19.8268834],[-98.4098204,19.8268217],[-98.4095281,19.8265878],[-98.4094391,19.8265322],[-98.4093314,19.8264499],[-98.4092217,19.8265666],[-98.40907,19.8268719],[-98.4089899,19.8271263],[-98.4088919,19.8273174],[-98.4088722,19.827518],[-98.4088383,19.8275635],[-98.4086961,19.8274984],[-98.4085316,19.827395],[-98.4083688,19.8272612],[-98.4081913,19.8270759],[-98.408077,19.8268987],[-98.4079752,19.8267285],[-98.4079097,19.8266306],[-98.4078012,19.8264944],[-98.4077464,19.8264285]]]},"properties":{"locality":"VISTA HERMOSA","official_key":"1306100170001","CVE_ENT":"13","CVE_MUN":"061","CVE_LOC":"0017","CVE_ASEN":"0001","settlement_type":"RANCHERÍA","source":"INEGI DCAH 2025"}},{"type":"Feature","geometry":{"type":"Polygon","coordinates":[[[-98.5070732,19.7724637],[-98.506805,19.7719749],[-98.506445,19.7721851],[-98.5060689,19.7721352],[-98.5057277,19.7724779],[-98.5053157,19.7721747],[-98.504761,19.77222],[-98.5042921,19.7722502],[-98.5041381,19.7721934],[-98.5040476,19.7721853],[-98.5039273,19.7722216],[-98.5037679,19.7722776],[-98.5031035,19.7723258],[-98.5030774,19.7719954],[-98.5012274,19.7721623],[-98.5012395,19.7719508],[-98.5014439,19.7717486],[-98.5015012,19.7716154],[-98.5015108,19.7713095],[-98.5008825,19.7712761],[-98.5008534,19.7708809],[-98.5011077,19.7705162],[-98.5016159,19.7703611],[-98.5016198,19.7701025],[-98.5016491,19.7698478],[-98.5016968,19.7696022],[-98.5018195,19.7695586],[-98.5017164,19.7694965],[-98.501789,19.7691805],[-98.5019754,19.7686627],[-98.5030308,19.7685716],[-98.5031111,19.7684567],[-98.5031902,19.7683851],[-98.5033122,19.7683186],[-98.5038467,19.7682827],[-98.5038285,19.7681964],[-98.5029662,19.7682611],[-98.5029819,19.7675118],[-98.5029838,19.7672436],[-98.502989,19.7670577],[-98.5030125,19.7662221],[-98.5030206,19.7659317],[-98.5030124,19.7653902],[-98.5029976,19.7647863],[-98.5032901,19.7646839],[-98.5032231,19.7645461],[-98.5030952,19.7643077],[-98.5030468,19.7641635],[-98.503045,19.7639578],[-98.503045,19.7639564],[-98.5027892,19.7634706],[-98.5028471,19.7633974],[-98.5035826,19.7630828],[-98.5035892,19.76308],[-98.5036772,19.763236],[-98.5039584,19.7632305],[-98.5044712,19.7632934],[-98.5050035,19.7633688],[-98.5051315,19.7637198],[-98.5052649,19.7639699],[-98.5052365,19.7641108],[-98.5052486,19.7644599],[-98.50535,19.7646108],[-98.5058217,19.7652362],[-98.5061712,19.7660671],[-98.5054024,19.7662933],[-98.5051929,19.7663528],[-98.505508,19.7670863],[-98.5055121,19.7675698],[-98.5054071,19.7680294],[-98.5049541,19.7680963],[-98.5050036,19.7682077],[-98.5052999,19.7681474],[-98.5054203,19.7684913],[-98.505481,19.7686434],[-98.5066072,19.7686713],[-98.5066352,19.7686734],[-98.5067138,19.7685568],[-98.5068589,19.7684688],[-98.5070564,19.7684783],[-98.5072396,19.768483],[-98.5074109,19.7685259],[-98.5075299,19.7685949],[-98.507775,19.7685782],[-98.5077595,19.7688994],[-98.5079211,19.768905],[-98.5079462,19.7690217],[-98.508074,19.7691683],[-98.5082292,19.7692795],[-98.5088108,19.7695346],[-98.5087852,19.7697941],[-98.5085826,19.7698138],[-98.5085716,19.770449],[-98.5083887,19.7706138],[-98.5077331,19.7706914],[-98.507722,19.7711377],[-98.5074963,19.7712482],[-98.5072974,19.7713509],[-98.5071574,19.7714865],[-98.5077627,19.7714598],[-98.5077047,19.7716015],[-98.5077315,19.7718444],[-98.5078083,19.7720079],[-98.5077874,19.7720976],[-98.5077823,19.7721677],[-98.5078093,19.7722507],[-98.5072944,19.772889],[-98.5070732,19.7724637]]]},"properties":{"locality":"20 DE NOVIEMBRE","official_key":"1306100290001","CVE_ENT":"13","CVE_MUN":"061","CVE_LOC":"0029","CVE_ASEN":"0001","settlement_type":"COLONIA","source":"INEGI DCAH 2025"}},{"type":"Feature","geometry":{"type":"Polygon","coordinates":[[[-98.3961371,19.8807279],[-98.3964036,19.8808705],[-98.397102,19.8813561],[-98.3969571,19.8828605],[-98.3969518,19.8832217],[-98.3975071,19.8834123],[-98.3974441,19.8836262],[-98.3968815,19.8835238],[-98.3968658,19.8833263],[-98.3962061,19.8832957],[-98.3959192,19.8833157],[-98.39523,19.8831112],[-98.3943664,19.8828872],[-98.3938847,19.8829511],[-98.3938537,19.8827476],[-98.3940072,19.8826859],[-98.3938949,19.8826149],[-98.395298,19.8809864],[-98.3954528,19.8806087],[-98.3955182,19.8802213],[-98.3955026,19.8792255],[-98.395468,19.8781272],[-98.3956867,19.8783298],[-98.3957854,19.8787035],[-98.3958722,19.8793696],[-98.3959162,19.8797834],[-98.3960471,19.8803404],[-98.3961371,19.8807279]]]},"properties":{"locality":"LA RINCONADA","official_key":"1306100370001","CVE_ENT":"13","CVE_MUN":"061","CVE_LOC":"0037","CVE_ASEN":"0001","settlement_type":"RANCHERÍA","source":"INEGI DCAH 2025"}},{"type":"Feature","geometry":{"type":"MultiPolygon","coordinates":[[[[-98.5803315,19.7301406],[-98.5836252,19.7268887],[-98.5845479,19.7273027],[-98.5853097,19.7286358],[-98.5868117,19.7296154],[-98.5872955,19.728968],[-98.5880332,19.7292546],[-98.5887103,19.7302925],[-98.5890746,19.7308507],[-98.5897846,19.7319391],[-98.589815,19.7319841],[-98.5906382,19.7332037],[-98.5874447,19.735392],[-98.5813346,19.737038],[-98.5778209,19.7380782],[-98.5724458,19.7347153],[-98.5740229,19.7331197],[-98.5819086,19.7327966],[-98.5803315,19.7301406]]],[[[-98.5888948,19.7525995],[-98.5890096,19.7516446],[-98.5894778,19.7477522],[-98.5891935,19.7468535],[-98.5891881,19.7466667],[-98.5892364,19.74649],[-98.5894644,19.746437],[-98.5896924,19.7464849],[-98.5901376,19.7467525],[-98.5906204,19.7463284],[-98.5940429,19.7458058],[-98.5944184,19.7464647],[-98.5977229,19.7458033],[-98.6019394,19.7389365],[-98.6032697,19.7401887],[-98.6021754,19.7515389],[-98.6016819,19.7516802],[-98.6015868,19.7528283],[-98.6008007,19.7528913],[-98.5997712,19.753091],[-98.5987417,19.7532907],[-98.5977122,19.7534904],[-98.5966826,19.7536901],[-98.5956531,19.7538898],[-98.5946236,19.7540895],[-98.5944239,19.7536983],[-98.5940209,19.7529769],[-98.5937366,19.7524451],[-98.5935194,19.7520212],[-98.593458,19.7518907],[-98.5934569,19.7518964],[-98.5934215,19.7520853],[-98.5933258,19.7524838],[-98.5931947,19.7526256],[-98.5929983,19.7527951],[-98.5926191,19.7528839],[-98.5923055,19.7529461],[-98.5917896,19.7530287],[-98.5917468,19.7533826],[-98.5917069,19.753783],[-98.5916907,19.7539281],[-98.5916724,19.754093],[-98.5916419,19.7543762],[-98.5914765,19.754333],[-98.5906735,19.7542728],[-98.5889929,19.7541219],[-98.5887132,19.7541086],[-98.5888948,19.7525995]]]]},"properties":{"locality":"HIDALGO","official_key":"1306100660001","CVE_ENT":"13","CVE_MUN":"061","CVE_LOC":"0066","CVE_ASEN":"0001","settlement_type":"ZONA INDUSTRIAL","source":"INEGI DCAH 2025"}},{"type":"Feature","geometry":{"type":"Polygon","coordinates":[[[-98.5503442,19.7766702],[-98.5499801,19.7764257],[-98.5496737,19.7761788],[-98.54934,19.7759246],[-98.5489936,19.775682],[-98.5489563,19.7756559],[-98.5486124,19.7753916],[-98.5482805,19.7751187],[-98.5479278,19.7748506],[-98.5473887,19.7744404],[-98.5485823,19.7735974],[-98.5487445,19.7737248],[-98.5488505,19.7735898],[-98.5491723,19.7740429],[-98.5494084,19.7744656],[-98.549513,19.7747382],[-98.5495266,19.7750205],[-98.5493177,19.7752994],[-98.5502434,19.7760705],[-98.5504801,19.775866],[-98.5506854,19.7759062],[-98.550833,19.7760171],[-98.5509889,19.7761929],[-98.5513328,19.7765042],[-98.5514495,19.7765589],[-98.551425,19.7767608],[-98.5513061,19.7775132],[-98.5511623,19.7773769],[-98.5510148,19.777237],[-98.5506124,19.776897],[-98.5504573,19.7767757],[-98.5503442,19.7766702]]]},"properties":{"locality":"SAN JOSÉ DE JESÚS","official_key":"1306100730001","CVE_ENT":"13","CVE_MUN":"061","CVE_LOC":"0073","CVE_ASEN":"0001","settlement_type":"COLONIA","source":"INEGI DCAH 2025"}},{"type":"Feature","geometry":{"type":"Polygon","coordinates":[[[-98.5316191,19.7895895],[-98.5321666,19.7889707],[-98.5318193,19.7890019],[-98.5312424,19.7890554],[-98.530434,19.7890778],[-98.5317047,19.7881292],[-98.5320652,19.7878536],[-98.5323913,19.7876145],[-98.5324995,19.7874254],[-98.5326075,19.7873828],[-98.5327154,19.7872897],[-98.533081,19.787113],[-98.5332168,19.7870711],[-98.5336799,19.7868576],[-98.5330374,19.7857384],[-98.5330755,19.7849163],[-98.5334431,19.7855273],[-98.533838,19.7853936],[-98.5338751,19.7853811],[-98.5340456,19.7855535],[-98.5342348,19.7857448],[-98.5343458,19.7860253],[-98.5345137,19.7864494],[-98.5347631,19.7870353],[-98.5350533,19.7875822],[-98.5353371,19.7881495],[-98.5355991,19.7886652],[-98.5354903,19.7887784],[-98.5353606,19.7889042],[-98.5321695,19.7907654],[-98.5317688,19.7901476],[-98.5316191,19.7895895]]]},"properties":{"locality":"LOS REYES","official_key":"1306100780001","CVE_ENT":"13","CVE_MUN":"061","CVE_LOC":"0078","CVE_ASEN":"0001","settlement_type":"COLONIA","source":"INEGI DCAH 2025"}},{"type":"Feature","geometry":{"type":"Polygon","coordinates":[[[-98.5617391,19.7692037],[-98.5611841,19.7700098],[-98.5609178,19.7704022],[-98.5605991,19.7708309],[-98.5600254,19.7705624],[-98.5593883,19.7702642],[-98.5597975,19.7696873],[-98.5596449,19.7694069],[-98.5594282,19.7694788],[-98.5579133,19.7685714],[-98.5580485,19.7683518],[-98.5584477,19.7683873],[-98.5586881,19.7684278],[-98.5589865,19.7685896],[-98.5597869,19.7691286],[-98.5602385,19.7685266],[-98.5605614,19.7686617],[-98.5608413,19.7688119],[-98.5608943,19.7687398],[-98.5613013,19.7689605],[-98.5617391,19.7692037]]]},"properties":{"locality":"LAS CABAÑAS","official_key":"1306101030001","CVE_ENT":"13","CVE_MUN":"061","CVE_LOC":"0103","CVE_ASEN":"0001","settlement_type":"COLONIA","source":"INEGI DCAH 2025"}}]}