{"type":"FeatureCollection","name":"inegi-hidalgo-062","metadata":{"state":"Hidalgo","CVE_ENT":"13","CVE_MUN":"062","municipality":"Tepehuacán de Guerrero","sources":["INEGI Gaia — Servicio vectorial del Marco Geoestadístico","INEGI DCAH 2025"],"source_urls":["https://gaia.inegi.org.mx/wscatgeo/v2/geo/mgem/13","https://gaia.inegi.org.mx/wscatgeo/v2/geo/localidades/pol/13/062","https://www.inegi.org.mx/contenidos/productos/prod_serv/contenidos/espanol/bvinegi/productos/geografia/delimitaciones/794551163078/13_hidalgo.zip"],"geometry_policy":"Solo se publican polígonos de INEGI; no se generan puntos ni geometrías sintéticas.","locality_polygon_count":39,"settlement_polygon_count":10},"municipality":{"type":"Feature","geometry":{"type":"MultiPolygon","crs":{"type":"name","properties":{"name":"EPSG:6365"}},"coordinates":[[[[-98.8067348,21.1933038],[-98.80534888,21.19325206],[-98.80531271,21.19324518],[-98.80480498,21.193203021],[-98.80465298,21.19323148],[-98.80298528,21.1932172],[-98.8016788,21.193011485],[-98.801188,21.192934201],[-98.80058285,21.19271702],[-98.80001229,21.19251225],[-98.79951322,21.192306061],[-98.79854031,21.19203103],[-98.79771855,21.191629141],[-98.79735715,21.19132032],[-98.797335483,21.19129413],[-98.79689743,21.19076466],[-98.79666794,21.19020928],[-98.79685732,21.18975588],[-98.79719523,21.189017401],[-98.79752992,21.188414421],[-98.79836965,21.187442141],[-98.79879751,21.18683142],[-98.79908994,21.186266261],[-98.79911525,21.18563743],[-98.7992156,21.18489397],[-98.79880477,21.18437325],[-98.79871523,21.18425975],[-98.79832122,21.183765861],[-98.79797068,21.18334342],[-98.79723648,21.183301981],[-98.79676855,21.18336486],[-98.79597551,21.184250521],[-98.795261,21.18481072],[-98.79478354,21.18550818],[-98.79402003,21.18595652],[-98.79311589,21.186605661],[-98.79296445,21.18672251],[-98.79134778,21.18795317],[-98.79084917,21.18804345],[-98.79007168,21.188011881],[-98.78941445,21.18762665],[-98.78906146,21.187443021],[-98.78842206,21.18723762],[-98.788276448,21.187160212],[-98.78772618,21.186867681],[-98.78710157,21.186651021],[-98.78599555,21.186369481],[-98.785401429,21.186306831],[-98.78510763,21.18627585],[-98.78395669,21.18612017],[-98.7832002,21.18611922],[-98.78237785,21.18617983],[-98.78223606,21.186228001],[-98.78146169,21.186225581],[-98.78080934,21.18598182],[-98.78079108,21.18576357],[-98.7809776,21.185565081],[-98.78118789,21.18541812],[-98.78136263,21.18513722],[-98.7813254,21.1848034],[-98.78109926,21.18453223],[-98.78069986,21.18441646],[-98.78052317,21.18429563],[-98.780195,21.18397525],[-98.78008609,21.183628251],[-98.77979138,21.183252681],[-98.77946431,21.182651951],[-98.77919795,21.182398521],[-98.77876545,21.18226549],[-98.7783718,21.182251721],[-98.77803454,21.18236972],[-98.77776072,21.182469291],[-98.77747709,21.18251726],[-98.77725798,21.182500861],[-98.77702605,21.1824522],[-98.77674246,21.182383171],[-98.77664585,21.18218617],[-98.77657711,21.18200949],[-98.77655966,21.18184177],[-98.7765106,21.181370311],[-98.77650098,21.18127788],[-98.77647602,21.18103785],[-98.77650242,21.18089871],[-98.77643835,21.180535171],[-98.77650409,21.17978823],[-98.77660186,21.179212881],[-98.77653803,21.178697891],[-98.77636088,21.17836448],[-98.77633902,21.17799854],[-98.77630828,21.177717001],[-98.77615331,21.177522601],[-98.77606523,21.17736357],[-98.77603403,21.177065741],[-98.77584889,21.17675085],[-98.77565191,21.17626017],[-98.77565615,21.175859001],[-98.77559917,21.175556861],[-98.77539006,21.175333881],[-98.77535885,21.175072401],[-98.77537495,21.17484703],[-98.77537614,21.174574421],[-98.77546557,21.17441578],[-98.77569568,21.17419494],[-98.77602349,21.173915951],[-98.77633514,21.17364165],[-98.77612945,21.17329123],[-98.7759908,21.17323694],[-98.77574889,21.173142251],[-98.77556485,21.17316665],[-98.77532423,21.17319288],[-98.77519902,21.17320695],[-98.77511165,21.17322462],[-98.77495398,21.17322826],[-98.77475669,21.17321017],[-98.77455274,21.173189951],[-98.77435742,21.173044051],[-98.77431282,21.17297232],[-98.77416648,21.172879621],[-98.77417326,21.17285672],[-98.77413232,21.17282597],[-98.77396935,21.172677651],[-98.77387798,21.17251048],[-98.77349052,21.172137821],[-98.77341382,21.17206403],[-98.77315775,21.172014221],[-98.77292138,21.171968771],[-98.77264143,21.17212065],[-98.77238774,21.172256911],[-98.77213443,21.172376981],[-98.77185695,21.1726058],[-98.77150095,21.172836181],[-98.77127714,21.17332825],[-98.77110906,21.173854721],[-98.77093234,21.17399954],[-98.77080172,21.17402875],[-98.77039828,21.174119061],[-98.77014694,21.17380711],[-98.76999971,21.173918771],[-98.76892768,21.174342681],[-98.76871249,21.17440834],[-98.76850851,21.17439049],[-98.76834814,21.17454332],[-98.76780018,21.17450802],[-98.76722111,21.17417718],[-98.76685118,21.17441626],[-98.76650048,21.17380142],[-98.76624437,21.17391052],[-98.76596731,21.1739378],[-98.76595274,21.17409262],[-98.76578931,21.17421092],[-98.76566598,21.17415305],[-98.76547942,21.17417828],[-98.76519651,21.17434728],[-98.76513698,21.17431975],[-98.76521418,21.17419237],[-98.76519048,21.17416694],[-98.76512872,21.17386046],[-98.76481249,21.17340835],[-98.76481549,21.17338369],[-98.76463895,21.17317815],[-98.76447114,21.17302517],[-98.76425002,21.17267094],[-98.76392203,21.17233132],[-98.76344111,21.17175409],[-98.76302986,21.17140806],[-98.76263592,21.17017331],[-98.76219508,21.16898103],[-98.76261177,21.1689056],[-98.7659044,21.16711251],[-98.76610206,21.16685423],[-98.76622612,21.16675294],[-98.76626354,21.16668597],[-98.76639997,21.16526782],[-98.76590168,21.1649698],[-98.76589486,21.16482005],[-98.7657938,21.16473706],[-98.76584309,21.16505697],[-98.76470354,21.16432523],[-98.76361032,21.16398634],[-98.76345289,21.16382602],[-98.76296668,21.16383766],[-98.76190229,21.1638608],[-98.76080611,21.16379472],[-98.76067126,21.16379454],[-98.75977685,21.16291683],[-98.75877658,21.1619938],[-98.75766052,21.16120612],[-98.75667891,21.16067163],[-98.75507842,21.15991917],[-98.75329414,21.1592864],[-98.75120855,21.15860972],[-98.75021205,21.15832577],[-98.74874651,21.15798558],[-98.74740854,21.15746858],[-98.74590742,21.15660798],[-98.74506075,21.15604651],[-98.74400966,21.15508182],[-98.74202562,21.15249483],[-98.74149798,21.14988802],[-98.74125391,21.14621928],[-98.74114266,21.14371629],[-98.7410212,21.14155665],[-98.74076562,21.13898117],[-98.74076365,21.13736111],[-98.74047922,21.13665489],[-98.74038023,21.13596615],[-98.74038171,21.13512106],[-98.74013126,21.13449955],[-98.73991706,21.13403715],[-98.739673,21.13377369],[-98.73931345,21.13362514],[-98.73890157,21.1335694],[-98.73834034,21.13347525],[-98.73769151,21.13337923],[-98.7368918,21.13320618],[-98.73631977,21.13304135],[-98.73587915,21.13262108],[-98.73577894,21.13217178],[-98.7356462,21.13170208],[-98.73565066,21.13093032],[-98.73598249,21.13035672],[-98.73645089,21.12982535],[-98.73695225,21.12954443],[-98.73751988,21.12954532],[-98.73821092,21.12992942],[-98.73861626,21.13027418],[-98.73902055,21.13061183],[-98.73975394,21.13130154],[-98.74025403,21.13174051],[-98.74058751,21.13199142],[-98.74125515,21.13208634],[-98.74186134,21.13226371],[-98.7424182,21.13229692],[-98.74304177,21.13239557],[-98.74352502,21.13249668],[-98.74406038,21.13271514],[-98.74510717,21.13284829],[-98.74602535,21.13111734],[-98.74608986,21.13073532],[-98.74589991,21.13005889],[-98.74556691,21.12952629],[-98.74523403,21.12893109],[-98.74466534,21.12738889],[-98.74423063,21.12653905],[-98.74376243,21.12565771],[-98.74339349,21.12523132],[-98.74367726,21.12449728],[-98.74413386,21.1242744],[-98.74470449,21.124118],[-98.74540878,21.12427632],[-98.74611325,21.12434028],[-98.74679637,21.12433942],[-98.74757854,21.1242028],[-98.74851226,21.12376291],[-98.74930997,21.12335523],[-98.74965072,21.12286006],[-98.74950118,21.12193931],[-98.74954032,21.12092889],[-98.74940257,21.12013349],[-98.74927168,21.11955335],[-98.74906603,21.11906515],[-98.7486558,21.11858748],[-98.74818665,21.11823815],[-98.74734515,21.11816351],[-98.746742767,21.11817747],[-98.74585755,21.11819798],[-98.7448788,21.11826991],[-98.74417718,21.118308211],[-98.74413371,21.118310584],[-98.74373811,21.11833218],[-98.742666,21.11834491],[-98.742440703,21.118327474],[-98.742383553,21.118323051],[-98.74203171,21.11829582],[-98.74131688,21.11808102],[-98.74004529,21.11771209],[-98.73957196,21.11709309],[-98.739571897,21.117092906],[-98.739552853,21.117038829],[-98.73934497,21.11644851],[-98.7392198,21.11569295],[-98.739226116,21.115607505],[-98.739247095,21.115323711],[-98.73932092,21.114325],[-98.739369423,21.114162144],[-98.73956138,21.11351762],[-98.74009254,21.11284551],[-98.74129703,21.11194515],[-98.74249706,21.11161494],[-98.74333308,21.11147345],[-98.74428058,21.11118572],[-98.74533292,21.11070442],[-98.74624595,21.10984778],[-98.74677331,21.10941295],[-98.74735475,21.10868109],[-98.74782183,21.10809646],[-98.74845518,21.10748895],[-98.74909548,21.10689255],[-98.74938075,21.10667469],[-98.74993831,21.10619406],[-98.75080608,21.10593397],[-98.75145695,21.10570258],[-98.75223905,21.10567446],[-98.75306269,21.10545754],[-98.75349262,21.10522325],[-98.75376163,21.10488803],[-98.75383402,21.10440154],[-98.75381685,21.10396523],[-98.75363871,21.10346158],[-98.75329497,21.10250354],[-98.75326011,21.10182905],[-98.75333325,21.10110412],[-98.75340772,21.10011898],[-98.75366928,21.09944109],[-98.75413326,21.09883132],[-98.75446666,21.09845197],[-98.75534854,21.0982476],[-98.75586423,21.0982072],[-98.75643195,21.09828088],[-98.75684742,21.09831023],[-98.75717135,21.09850195],[-98.75745175,21.09868249],[-98.75779372,21.09885015],[-98.75812614,21.09906768],[-98.75850228,21.09909534],[-98.75906654,21.09909614],[-98.75978252,21.09868217],[-98.76036788,21.09806365],[-98.76067375,21.09744472],[-98.76082683,21.09703997],[-98.76070057,21.09656337],[-98.75989638,21.095315],[-98.75929086,21.09424238],[-98.75897105,21.09320366],[-98.75868652,21.09243294],[-98.75837049,21.09143626],[-98.75819329,21.09013295],[-98.75797051,21.08929195],[-98.75792503,21.08856203],[-98.75784778,21.08777394],[-98.75776269,21.08674072],[-98.75811038,21.0854422],[-98.75860334,21.08463931],[-98.75903477,21.08432328],[-98.75953909,21.0841804],[-98.76098666,21.08390602],[-98.76190763,21.08404109],[-98.76253366,21.08427105],[-98.76306348,21.08465786],[-98.76324905,21.08526851],[-98.76379642,21.08620409],[-98.76451586,21.08700762],[-98.76576971,21.08763738],[-98.76681655,21.08753678],[-98.76752868,21.08726477],[-98.7680944,21.08651563],[-98.76845472,21.086115],[-98.76895785,21.08539803],[-98.76926317,21.08476942],[-98.76956466,21.08429949],[-98.77006429,21.08413994],[-98.77080077,21.08417522],[-98.77107852,21.08435257],[-98.77150875,21.0845658],[-98.772743,21.08603414],[-98.77404991,21.08763515],[-98.7749432,21.08900972],[-98.77533675,21.08979634],[-98.77564345,21.0907274],[-98.77632643,21.09111682],[-98.77755834,21.09141662],[-98.77828015,21.09158923],[-98.77913672,21.09179815],[-98.77983952,21.09180811],[-98.78039846,21.0914474],[-98.78143031,21.0902922],[-98.78279895,21.08924583],[-98.78355122,21.08833422],[-98.78354211,21.08797278],[-98.78261923,21.08703191],[-98.78123525,21.08541278],[-98.78001492,21.08380289],[-98.77866975,21.08201212],[-98.77784318,21.08108943],[-98.77778751,21.08097415],[-98.77771346,21.08084892],[-98.77792937,21.08046129],[-98.77832266,21.07973603],[-98.77854792,21.07903477],[-98.77873846,21.07833278],[-98.77879294,21.07750843],[-98.77889778,21.07701685],[-98.7789628,21.07623618],[-98.77892732,21.0749228],[-98.77879723,21.0744676],[-98.77896762,21.07412362],[-98.77925166,21.07386892],[-98.77986009,21.07361022],[-98.78070528,21.07349769],[-98.78140277,21.07361754],[-98.78201552,21.07385623],[-98.78263026,21.07384148],[-98.78284049,21.07383643],[-98.78332428,21.07351992],[-98.78368131,21.07308062],[-98.78374771,21.07248683],[-98.78356398,21.07199338],[-98.78323755,21.0716306],[-98.78270297,21.07132331],[-98.78166509,21.07083317],[-98.78110768,21.07065142],[-98.78058928,21.07040048],[-98.78035497,21.06995843],[-98.78037349,21.06951431],[-98.78060866,21.06925995],[-98.78068108,21.06902157],[-98.77961006,21.06734162],[-98.77600271,21.06750668],[-98.77319302,21.06732734],[-98.77141526,21.06609566],[-98.77057415,21.06486522],[-98.77057631,21.06346031],[-98.76954817,21.062054],[-98.76861237,21.06152588],[-98.76720949,21.06020686],[-98.76656531,21.05954906],[-98.76632397,21.05924809],[-98.76535294,21.05897186],[-98.75928694,21.06012897],[-98.75757375,21.06000908],[-98.75640789,21.06075734],[-98.75615254,21.05988086],[-98.75609312,21.05896698],[-98.75618572,21.05819611],[-98.75649095,21.05773965],[-98.75703945,21.05748343],[-98.75713158,21.05699811],[-98.75694972,21.05648383],[-98.75679826,21.05599815],[-98.75655072,21.05540346],[-98.75618388,21.05503534],[-98.755768,21.05469012],[-98.7556954,21.05413863],[-98.75567263,21.05308177],[-98.75552655,21.05253017],[-98.75528228,21.05211628],[-98.75511148,21.05170249],[-98.75529688,21.05073789],[-98.7561234,21.05077138],[-98.75650371,21.04986748],[-98.75743495,21.04902897],[-98.75795292,21.04818986],[-98.75812643,21.04738255],[-98.75848098,21.04592274],[-98.759036,21.04511206],[-98.75917568,21.04433326],[-98.75931551,21.04345708],[-98.75955843,21.04303546],[-98.75948985,21.04264586],[-98.75944451,21.04250322],[-98.75898558,21.04105935],[-98.75867477,21.04054737],[-98.75875386,21.03981669],[-98.75898888,21.03901317],[-98.75891197,21.03839191],[-98.7586404,21.03769728],[-98.75840762,21.03711232],[-98.75848683,21.03630858],[-98.758683,21.03543192],[-98.75718025,21.03346372],[-98.75627365,21.03208077],[-98.7558048,21.03131577],[-98.75533552,21.03081535],[-98.75470908,21.03060868],[-98.75337746,21.02908662],[-98.7529824,21.02817675],[-98.75302837,21.02701952],[-98.75298602,21.02598617],[-98.75285458,21.02553134],[-98.75219332,21.02573703],[-98.75170894,21.025571],[-98.75153378,21.02490943],[-98.75171174,21.0238764],[-98.75181712,21.02078023],[-98.75157763,21.01941918],[-98.75121657,21.01847374],[-98.75073383,21.01801946],[-98.75017008,21.01782965],[-98.74960675,21.01737526],[-98.74949317,21.01562028],[-98.74980449,21.01494174],[-98.74995614,21.01374246],[-98.74991466,21.01308588],[-98.74979305,21.01289705],[-98.74965126,21.01277125],[-98.74779766,21.01232458],[-98.74643103,21.01187466],[-98.74623338,21.01188412],[-98.74578862,21.01212165],[-98.74520854,21.01207614],[-98.74478078,21.01214262],[-98.74430869,21.01203298],[-98.74361335,21.01200754],[-98.74314358,21.01177474],[-98.74244826,21.01133402],[-98.74218852,21.01120458],[-98.74193908,21.01125595],[-98.74165888,21.01111857],[-98.7411194,21.01094508],[-98.74013977,21.01047192],[-98.74011157,21.01059815],[-98.73951652,21.01064542],[-98.73924377,21.01068031],[-98.73914346,21.01072826],[-98.73900203,21.01074905],[-98.73926755,21.00986815],[-98.73927705,21.00955969],[-98.73922928,21.00949625],[-98.73921725,21.00937157],[-98.73933177,21.009035],[-98.73925054,21.00882306],[-98.73922986,21.00855508],[-98.73931575,21.00846071],[-98.73947108,21.00831475],[-98.73953995,21.00819392],[-98.73953195,21.00787258],[-98.73940845,21.00769142],[-98.7392462,21.00748668],[-98.73908614,21.00730489],[-98.73915503,21.00711352],[-98.73923011,21.0070022],[-98.73931118,21.00694412],[-98.73941738,21.00686637],[-98.73947492,21.00681477],[-98.73949722,21.00674672],[-98.73952512,21.00664071],[-98.73946448,21.0064106],[-98.73943145,21.00623862],[-98.73937562,21.00600811],[-98.7393244,21.00581471],[-98.73925771,21.00559758],[-98.73921877,21.00544691],[-98.73928652,21.00523788],[-98.73938703,21.00509023],[-98.73947238,21.00487702],[-98.73955963,21.00468157],[-98.73963269,21.00453462],[-98.73965917,21.00443029],[-98.73968246,21.0043908],[-98.73973626,21.00433412],[-98.73984174,21.00425048],[-98.74000471,21.00412263],[-98.74007672,21.00393882],[-98.73995665,21.00382209],[-98.73981152,21.00367878],[-98.73981314,21.00355955],[-98.73982885,21.00336371],[-98.73983246,21.00314715],[-98.73985377,21.00300572],[-98.73988538,21.00274971],[-98.73981074,21.00265609],[-98.73924751,21.00221512],[-98.73875102,21.00197105],[-98.73832688,21.00180183],[-98.73820797,21.00160862],[-98.73819295,21.00145175],[-98.73827946,21.00122328],[-98.73847672,21.00108006],[-98.73867569,21.00097374],[-98.73891902,21.00087012],[-98.73909505,21.0007342],[-98.73925957,21.00063743],[-98.73942358,21.00053522],[-98.7396526,21.00044338],[-98.73994188,21.00033575],[-98.74010302,21.00026671],[-98.7401762,21.00014095],[-98.74033548,21.00001657],[-98.74031472,20.99969892],[-98.74034572,20.99953846],[-98.74045028,20.99933671],[-98.74059822,20.9992198],[-98.74139642,20.99902302],[-98.74145597,20.99894225],[-98.741545,20.99870191],[-98.74254254,20.99785617],[-98.74349008,20.99746012],[-98.74357794,20.99741391],[-98.74364615,20.99773691],[-98.74405742,20.99764269],[-98.74444703,20.99773686],[-98.74527554,20.99763409],[-98.74489532,20.99671238],[-98.74611222,20.99598874],[-98.74846371,20.99601866],[-98.75012671,20.99505977],[-98.75099946,20.99443917],[-98.75186742,20.99346646],[-98.75305985,20.99255655],[-98.75430128,20.99163671],[-98.75528312,20.99034298],[-98.75576318,20.98989854],[-98.75574712,20.98972311],[-98.75537491,20.98947195],[-98.75530782,20.9895016],[-98.75439006,20.98903863],[-98.75446182,20.98862629],[-98.75455922,20.98792075],[-98.75444918,20.98768943],[-98.75524558,20.98759171],[-98.75524837,20.98738348],[-98.75517895,20.9871884],[-98.75511305,20.98714377],[-98.75483142,20.98721077],[-98.75464685,20.98719755],[-98.75415235,20.98726668],[-98.75423945,20.98702863],[-98.75410994,20.98695715],[-98.75402618,20.98686274],[-98.75395495,20.98664428],[-98.75359488,20.98619766],[-98.75339595,20.98626274],[-98.75299272,20.98559725],[-98.75314625,20.98526823],[-98.7530948,20.98483246],[-98.75276166,20.98450686],[-98.75263532,20.9835958],[-98.75247678,20.983435],[-98.75157177,20.98278588],[-98.75151748,20.98262123],[-98.75190838,20.98253623],[-98.75196954,20.98225858],[-98.75189206,20.98182362],[-98.75188078,20.98179457],[-98.75155045,20.98080125],[-98.75097789,20.98066094],[-98.75057946,20.97971572],[-98.75016145,20.97884372],[-98.75045974,20.97777705],[-98.75051125,20.97652442],[-98.75183772,20.97434554],[-98.75242189,20.97369946],[-98.75279065,20.97331125],[-98.75287055,20.97316362],[-98.75416742,20.97189062],[-98.75645511,20.97117908],[-98.75678025,20.97102095],[-98.75717102,20.97077086],[-98.75709815,20.97049543],[-98.75651215,20.97015045],[-98.75533908,20.97014875],[-98.75409211,20.97049112],[-98.75277206,20.97069569],[-98.75144943,20.96845683],[-98.75131585,20.9669966],[-98.75122637,20.96639882],[-98.75135283,20.965382271],[-98.751360107,20.965323776],[-98.75145549,20.96455702],[-98.751584994,20.963992244],[-98.75171368,20.96343103],[-98.751861524,20.961932686],[-98.75191152,20.96142598],[-98.75162646,20.959357],[-98.75122415,20.95833003],[-98.75042237,20.95601837],[-98.74908151,20.95458898],[-98.74862894,20.95400746],[-98.748185,20.95367088],[-98.74739328,20.95302295],[-98.74740411,20.95299563],[-98.74763078,20.95281172],[-98.74791752,20.95262618],[-98.74811166,20.95279378],[-98.748359,20.95299635],[-98.74861997,20.95313155],[-98.74893169,20.95315511],[-98.74910685,20.95311374],[-98.74926965,20.95306355],[-98.7495502,20.95303748],[-98.74988457,20.9530446],[-98.75021351,20.95299394],[-98.75051668,20.95301974],[-98.75075428,20.95307606],[-98.75100398,20.95319672],[-98.75119694,20.95340591],[-98.751491,20.95366849],[-98.75167497,20.9539672],[-98.75186418,20.95404812],[-98.75204843,20.95405205],[-98.75215265,20.95397735],[-98.75221094,20.9538248],[-98.75227048,20.953621],[-98.75230411,20.95335897],[-98.75242691,20.95307962],[-98.75261088,20.95271488],[-98.75273075,20.95253868],[-98.75285549,20.95230194],[-98.75315645,20.95184982],[-98.7533812,20.95155455],[-98.75351111,20.95124449],[-98.75366726,20.95097331],[-98.75385226,20.95082528],[-98.75426497,20.95063295],[-98.75458045,20.95052475],[-98.75489274,20.95040691],[-98.75526923,20.95023189],[-98.75554731,20.95012289],[-98.75572166,20.95008511],[-98.75596175,20.95014128],[-98.75616285,20.95033102],[-98.75629194,20.9504774],[-98.75642489,20.95060472],[-98.75656048,20.95062355],[-98.75668746,20.95057518],[-98.75682997,20.95044734],[-98.75693152,20.95032502],[-98.75699022,20.95014751],[-98.75690555,20.94984674],[-98.75686858,20.94954591],[-98.75692542,20.94930452],[-98.75706495,20.94901702],[-98.75711389,20.94885888],[-98.75720431,20.94871783],[-98.75739655,20.94860286],[-98.75759574,20.94856397],[-98.75781,20.94850045],[-98.75795997,20.94840629],[-98.75802755,20.94839052],[-98.75845325,20.94821609],[-98.75863875,20.94812255],[-98.75887449,20.94797274],[-98.7592556,20.9476196],[-98.75975906,20.94739795],[-98.75996788,20.94735078],[-98.76029134,20.94736338],[-98.76058398,20.94738678],[-98.76093048,20.94745722],[-98.76122478,20.94741186],[-98.76165685,20.94722608],[-98.76190154,20.94733652],[-98.76232485,20.94776982],[-98.76281182,20.94809551],[-98.76311962,20.94825112],[-98.76334092,20.94819274],[-98.76350058,20.94790369],[-98.76352106,20.94756009],[-98.7634494,20.94723748],[-98.76309194,20.94684271],[-98.76292246,20.94652375],[-98.76283442,20.94612051],[-98.76296175,20.94590532],[-98.76316695,20.94575486],[-98.76348066,20.94566403],[-98.76392663,20.94566202],[-98.76422972,20.94562242],[-98.76462368,20.94575117],[-98.76519469,20.94588369],[-98.7656218,20.94590422],[-98.76591582,20.94587031],[-98.76615638,20.94559702],[-98.768569079,20.947074201],[-98.767838449,20.947672051],[-98.767312449,20.948800601],[-98.766323079,20.950420771],[-98.765096029,20.951828461],[-98.764199539,20.952611751],[-98.763720479,20.953619801],[-98.764016969,20.954853051],[-98.764313119,20.95631046],[-98.764370519,20.957767541],[-98.764366749,20.960177181],[-98.763529089,20.961464911],[-98.762511569,20.963256721],[-98.761555479,20.963927851],[-98.760897219,20.964991651],[-98.76125059,20.965936144],[-98.761253829,20.965944801],[-98.761363826,20.966022492],[-98.762446309,20.966787051],[-98.763937149,20.967685721],[-98.765368968,20.968196409],[-98.765369449,20.968196581],[-98.765565425,20.96819538],[-98.765570219,20.968195351],[-98.768143549,20.968461341],[-98.769846621,20.968568426],[-98.769849889,20.968568631],[-98.771934639,20.968521689],[-98.771937219,20.968521631],[-98.773745819,20.96861338],[-98.776635279,20.968743481],[-98.778258903,20.968809286],[-98.778263709,20.968809481],[-98.780664569,20.968718461],[-98.783351199,20.968536491],[-98.784944346,20.96840338],[-98.784945889,20.968403251],[-98.786191821,20.968470985],[-98.786196169,20.968471221],[-98.787587049,20.968401771],[-98.787606519,20.968379891],[-98.788696219,20.968176801],[-98.789628708,20.968024337],[-98.789630879,20.968023981],[-98.790299909,20.968101661],[-98.790673694,20.968716705],[-98.790675259,20.968719281],[-98.791489579,20.968307121],[-98.792150986,20.967639798],[-98.792153739,20.967637021],[-98.792829029,20.968177831],[-98.793350995,20.968471323],[-98.793356149,20.968474221],[-98.793465479,20.968229221],[-98.79392465,20.967726472],[-98.793926879,20.967724031],[-98.794723909,20.968217461],[-98.795726145,20.968543377],[-98.795729139,20.968544351],[-98.796444615,20.9683673],[-98.796446429,20.968366851],[-98.797900909,20.968552291],[-98.799070339,20.968732541],[-98.799543105,20.968757722],[-98.799547779,20.968757971],[-98.800184799,20.968715201],[-98.801397739,20.968606351],[-98.802190089,20.968558741],[-98.802828682,20.968533424],[-98.802833569,20.96853323],[-98.803557919,20.968691201],[-98.804396139,20.968909051],[-98.805227879,20.969074251],[-98.806072579,20.969113001],[-98.807064029,20.969187001],[-98.807748689,20.969374451],[-98.808567779,20.969608571],[-98.808884049,20.969978151],[-98.809137049,20.970703921],[-98.809244149,20.971244951],[-98.809854569,20.97157002],[-98.810392429,20.971733711],[-98.811293178,20.971783965],[-98.811298289,20.971784251],[-98.812412102,20.971651982],[-98.812413369,20.971651831],[-98.813362999,20.971704481],[-98.813893949,20.971843231],[-98.814284619,20.972052171],[-98.814835249,20.972123921],[-98.815911089,20.972428281],[-98.816002469,20.972472572],[-98.816012793,20.972477575],[-98.816014894,20.972478594],[-98.816558309,20.972741981],[-98.816876235,20.973026673],[-98.816902511,20.973050202],[-98.817007725,20.973144418],[-98.817038451,20.973171932],[-98.81704626,20.973178925],[-98.817047361,20.973179911],[-98.817071364,20.973201405],[-98.817190919,20.973308461],[-98.817228945,20.973324489],[-98.817252176,20.973334281],[-98.817264964,20.973339671],[-98.817289124,20.973349855],[-98.817314484,20.973360543],[-98.817338171,20.973370528],[-98.817720029,20.97353148],[-98.817757857,20.973547424],[-98.817808801,20.973568897],[-98.817813199,20.973570751],[-98.817848426,20.973540296],[-98.817851281,20.973537828],[-98.818025149,20.973387511],[-98.818079884,20.973352158],[-98.818102398,20.973337617],[-98.818103431,20.973336949],[-98.818202596,20.973272899],[-98.818215355,20.973264659],[-98.818217487,20.973263281],[-98.818351349,20.973176821],[-98.818497819,20.973082221],[-98.818982225,20.972620683],[-98.819020027,20.972584664],[-98.819443509,20.972181171],[-98.81951983,20.97209539],[-98.81956944,20.972039631],[-98.819689728,20.971904433],[-98.819700192,20.971892672],[-98.819769679,20.971814571],[-98.81985011,20.971767498],[-98.819863488,20.971759669],[-98.819940716,20.97171447],[-98.820160819,20.97158565],[-98.820327198,20.971118335],[-98.820344152,20.971070714],[-98.820346549,20.971063981],[-98.820356369,20.971025461],[-98.820360344,20.97100987],[-98.820365517,20.970989574],[-98.820369482,20.97097402],[-98.82039745,20.97086431],[-98.820399436,20.970856518],[-98.820400144,20.97085374],[-98.820403612,20.970840134],[-98.820405772,20.970831657],[-98.820406444,20.970829023],[-98.820407736,20.970823958],[-98.820409884,20.970815525],[-98.820410558,20.970812881],[-98.820419149,20.970779181],[-98.820477349,20.970440121],[-98.820506643,20.970070056],[-98.820507203,20.97006298],[-98.820507315,20.970061551],[-98.820521369,20.969884001],[-98.820473429,20.969799771],[-98.820305079,20.969503951],[-98.819911619,20.969151231],[-98.819478909,20.968825741],[-98.818267112,20.968107832],[-98.818244048,20.968094168],[-98.818239196,20.968091294],[-98.818216049,20.968077581],[-98.818324788,20.967907982],[-98.818329058,20.967901324],[-98.818460667,20.967696055],[-98.818479482,20.967666711],[-98.818720549,20.96729072],[-98.819392649,20.966714021],[-98.820326449,20.96640808],[-98.821502726,20.966242491],[-98.821505779,20.966242061],[-98.822176719,20.966355261],[-98.823015419,20.966468651],[-98.824010866,20.966798984],[-98.824012119,20.966799401],[-98.825069987,20.966741114],[-98.825076219,20.966740771],[-98.825362819,20.96761857],[-98.825768569,20.967664601],[-98.826253933,20.96769595],[-98.826258289,20.967696231],[-98.826678079,20.967665521],[-98.827067909,20.96762529],[-98.828318214,20.96758612],[-98.828323919,20.967585941],[-98.82913667,20.96795623],[-98.829137659,20.967956681],[-98.829797816,20.967917777],[-98.829803859,20.967917421],[-98.830401449,20.968766231],[-98.831055459,20.969174481],[-98.831529339,20.969381601],[-98.832037119,20.969556971],[-98.832565799,20.969784081],[-98.833214949,20.970231631],[-98.833863939,20.970841691],[-98.834588199,20.971412721],[-98.834602019,20.971439381],[-98.835086479,20.972396181],[-98.836182889,20.97340195],[-98.837535219,20.974627451],[-98.838285113,20.9760428],[-98.838286539,20.976045491],[-98.839866459,20.97523082],[-98.841382369,20.974809181],[-98.841810109,20.974682141],[-98.841979879,20.974441021],[-98.841941319,20.974157541],[-98.842187859,20.97393614],[-98.842564819,20.97345028],[-98.842658059,20.972999631],[-98.842763249,20.972626801],[-98.842826509,20.972278971],[-98.842767949,20.971838111],[-98.842811735,20.971687887],[-98.842812909,20.97168386],[-98.843245719,20.972029021],[-98.843978979,20.972206421],[-98.844414987,20.972278554],[-98.844415999,20.972278721],[-98.844982279,20.972275001],[-98.845572647,20.972239084],[-98.845577619,20.972238781],[-98.846077019,20.972392031],[-98.846477539,20.972548481],[-98.847048131,20.972560249],[-98.847054519,20.972560381],[-98.84741877,20.97241471],[-98.847419819,20.972414291],[-98.847904036,20.972464262],[-98.847909739,20.972464851],[-98.848286089,20.97221386],[-98.848530619,20.972073351],[-98.848939149,20.971920081],[-98.849243044,20.97168628],[-98.849246229,20.971683831],[-98.849483019,20.971874691],[-98.849727605,20.971943491],[-98.849731229,20.971944511],[-98.84998994,20.971861472],[-98.849991659,20.971860921],[-98.850392356,20.971919586],[-98.850396689,20.971920221],[-98.850744769,20.971835121],[-98.851069371,20.971782109],[-98.851075419,20.971781121],[-98.851386979,20.972807291],[-98.851527829,20.972910291],[-98.851924679,20.973283571],[-98.852229873,20.97345584],[-98.852284543,20.973486698],[-98.852352285,20.973524935],[-98.852429474,20.973568506],[-98.852437349,20.973572951],[-98.853001579,20.973597511],[-98.853514459,20.973694261],[-98.854162089,20.974105891],[-98.854937449,20.974513741],[-98.855382825,20.974722935],[-98.855386309,20.974724571],[-98.855914249,20.974451111],[-98.855915303,20.974450232],[-98.855951571,20.974420001],[-98.856101177,20.974295299],[-98.856270909,20.974153821],[-98.856373741,20.974027912],[-98.856719259,20.973604851],[-98.857291849,20.973441851],[-98.858188179,20.973068911],[-98.858885249,20.972882651],[-98.859383259,20.972602801],[-98.85996729,20.97209955],[-98.86058046,20.97220335],[-98.86114606,20.97274978],[-98.86204395,20.97356969],[-98.86215914,20.97429497],[-98.86196546,20.97494748],[-98.86126986,20.9755452],[-98.86071248,20.97591617],[-98.86017305,20.976253],[-98.85943408,20.97643038],[-98.85878088,20.97657603],[-98.858192,20.97678005],[-98.85745106,20.97700745],[-98.85691258,20.97723555],[-98.85647146,20.97742657],[-98.85599438,20.97795226],[-98.85578534,20.97848692],[-98.8555486,20.97890417],[-98.85526517,20.97910818],[-98.85493606,20.9793732],[-98.85473617,20.97973312],[-98.85480323,20.97991403],[-98.8549418,20.97996989],[-98.85514965,20.98007226],[-98.85531243,20.98018195],[-98.85560695,20.98024872],[-98.85636794,20.98043843],[-98.85679231,20.98052706],[-98.85730195,20.98069552],[-98.85775978,20.98076752],[-98.85825575,20.98087535],[-98.85901875,20.98105502],[-98.85951448,20.98141348],[-98.85976228,20.98166432],[-98.86004809,20.98207632],[-98.86025775,20.98230923],[-98.86052435,20.98286445],[-98.86072923,20.98344002],[-98.860793,20.98373834],[-98.8607972,20.98423249],[-98.86100998,20.98477105],[-98.86113392,20.98494251],[-98.86135575,20.98510175],[-98.86168858,20.98535211],[-98.8622172,20.98557802],[-98.86272248,20.98594202],[-98.86318712,20.98624346],[-98.86342589,20.98677222],[-98.86369858,20.98732103],[-98.86397088,20.98794894],[-98.86424337,20.98837189],[-98.86478905,20.98842355],[-98.86532088,20.98846134],[-98.86603011,20.98869248],[-98.86649389,20.98879532],[-98.86691288,20.98890797],[-98.86733231,20.98877058],[-98.86804525,20.98865311],[-98.87011354,20.98868462],[-98.8704912,20.98871215],[-98.87147895,20.98879469],[-98.87240852,20.98893169],[-98.8730186,20.98898668],[-98.87389168,20.98959022],[-98.87470062,20.99035042],[-98.87538614,20.99131958],[-98.87614669,20.99223814],[-98.87657769,20.99311892],[-98.87699405,20.99362191],[-98.87718166,20.99431131],[-98.87719526,20.99514145],[-98.87672835,20.99634932],[-98.87679643,20.99637837],[-98.8770156,20.99624462],[-98.87713895,20.99600752],[-98.87764709,20.99569535],[-98.87815608,20.99534632],[-98.87853423,20.99513288],[-98.87941648,20.99496506],[-98.87953557,20.9949122],[-98.87970672,20.99473138],[-98.8800328,20.99464588],[-98.88035654,20.99466171],[-98.8807744,20.99485457],[-98.88105737,20.99493408],[-98.88124325,20.99496552],[-98.88130685,20.99476408],[-98.88143872,20.99458245],[-98.88176525,20.99447852],[-98.88249809,20.99440111],[-98.88282354,20.99434323],[-98.8832032,20.99448923],[-98.88353249,20.99468948],[-98.88368678,20.99481245],[-98.88384343,20.99483408],[-98.88406003,20.99481085],[-98.88417314,20.99459197],[-98.88426362,20.99450165],[-98.88443051,20.99450506],[-98.88463645,20.99451848],[-98.88474805,20.99436408],[-98.88485303,20.99407131],[-98.88497723,20.99379735],[-98.88523502,20.99369203],[-98.88557177,20.99356988],[-98.88599142,20.99341402],[-98.88684595,20.99346968],[-98.88733652,20.9934032],[-98.88783328,20.99306914],[-98.88873208,20.99297274],[-98.88958749,20.99299017],[-98.89048717,20.99285552],[-98.89150992,20.99268514],[-98.89200755,20.99231285],[-98.89226165,20.99189737],[-98.89216592,20.99074817],[-98.892069296,20.990208867],[-98.89202151,20.98994215],[-98.893747041,20.989135723],[-98.89721537,20.98751471],[-98.89759985,20.98813406],[-98.89809378,20.98952735],[-98.89867517,20.99159732],[-98.89884203,20.99285626],[-98.89944954,20.99424658],[-98.90167278,20.99719577],[-98.90197515,20.9970744],[-98.90249394,20.99618334],[-98.90296971,20.99500863],[-98.90357485,20.9941176],[-98.9046544,20.99292966],[-98.90533037,20.99249778],[-98.90582177,20.99252688],[-98.90637434,20.99293063],[-98.90677345,20.99321902],[-98.9078124,20.99332894],[-98.90838955,20.99336206],[-98.90880932,20.99332946],[-98.90910675,20.99318192],[-98.9094392,20.99296877],[-98.90977168,20.99268997],[-98.91013903,20.99259171],[-98.91043631,20.99267391],[-98.91064609,20.99283812],[-98.910931654,20.992901668],[-98.91107255,20.99293302],[-98.91299788,20.99299629],[-98.91518892,20.99281052],[-98.915224654,20.992795819],[-98.915427736,20.992712269],[-98.915518979,20.992674731],[-98.915605164,20.992639272],[-98.91661028,20.99222575],[-98.91661946,20.99225518],[-98.91817755,20.9909432],[-98.918301391,20.990728945],[-98.91904145,20.98944857],[-98.91924115,20.98845198],[-98.92787338,20.98521662],[-98.92989669,20.98992126],[-98.93122389,20.99034145],[-98.93176709,20.99070466],[-98.93215537,20.99120092],[-98.93255926,20.99156586],[-98.93291645,20.99213506],[-98.93332025,20.99273346],[-98.93363383,20.99344777],[-98.93403792,20.99473452],[-98.93434502,20.99626314],[-98.93442554,20.99741957],[-98.93418895,20.99814949],[-98.93364723,20.99881675],[-98.93354398,20.99935977],[-98.93299983,21.0004526],[-98.9325762,21.00119837],[-98.93234637,21.00186377],[-98.93195252,21.00270428],[-98.93149086,21.00351714],[-98.93123015,21.00424986],[-98.93094569,21.00516023],[-98.93103695,21.00615745],[-98.93107252,21.00669528],[-98.93270822,21.00771688],[-98.93329603,21.00904478],[-98.93422943,21.00999957],[-98.93460752,21.01115405],[-98.93484352,21.01209365],[-98.93578135,21.012585],[-98.93706785,21.01248691],[-98.93867688,21.01248749],[-98.94028583,21.01275445],[-98.94134395,21.01305754],[-98.94199663,21.01302297],[-98.94226074,21.01341662],[-98.9421364,21.014062],[-98.94189258,21.01460311],[-98.94146526,21.01530105],[-98.94093918,21.01605071],[-98.94057563,21.01668888],[-98.94032922,21.01746665],[-98.93992283,21.01817809],[-98.93931231,21.01910792],[-98.93868854,21.01978472],[-98.93822795,21.02080702],[-98.93818058,21.02116482],[-98.93813549,21.02142398],[-98.93852423,21.02142605],[-98.93931334,21.02140826],[-98.94094295,21.02126985],[-98.942755,21.02113826],[-98.94408403,21.02051543],[-98.94501035,21.0200058],[-98.94587628,21.01943948],[-98.94697118,21.02797066],[-98.94766391,21.02850395],[-98.949319,21.02906466],[-98.950647,21.02934515],[-98.95164783,21.02945386],[-98.95202308,21.02974311],[-98.95268705,21.02996014],[-98.95331257,21.03006874],[-98.95414015,21.03028582],[-98.95542957,21.03086445],[-98.95684411,21.03149729],[-98.95797463,21.03188612],[-98.95781103,21.03215451],[-98.95753657,21.03276548],[-98.95722769,21.03385885],[-98.95730298,21.03485622],[-98.95745091,21.03586645],[-98.95779215,21.03639263],[-98.95830411,21.03694172],[-98.95886489,21.03730783],[-98.95954765,21.03751386],[-98.9602548,21.03767415],[-98.96105945,21.03801745],[-98.96232738,21.03861245],[-98.96337588,21.03911589],[-98.96366838,21.03964205],[-98.96379509,21.04031034],[-98.96395111,21.04070083],[-98.96403771,21.04120518],[-98.96407228,21.04166071],[-98.96395075,21.04216502],[-98.96379455,21.04253917],[-98.96318725,21.04348263],[-98.96289226,21.04395437],[-98.96256265,21.04418206],[-98.96214878,21.04433089],[-98.96166046,21.04456109],[-98.961621145,21.04468213],[-98.96150775,21.04503125],[-98.95941977,21.04484346],[-98.95897709,21.04461746],[-98.95878435,21.04441637],[-98.95843766,21.0439756],[-98.95825554,21.04354206],[-98.95827942,21.04308351],[-98.95829431,21.04252331],[-98.95807603,21.04205318],[-98.95748897,21.04191751],[-98.95681228,21.04194654],[-98.95651391,21.0419604],[-98.95585945,21.04191506],[-98.95545343,21.04173882],[-98.95511755,21.04139211],[-98.95484218,21.04141006],[-98.95455135,21.04153445],[-98.95399232,21.04178806],[-98.95291003,21.0426132],[-98.952175262,21.04331976],[-98.952123387,21.043369643],[-98.95165618,21.04381891],[-98.951302013,21.044078272],[-98.951099053,21.044226901],[-98.95105537,21.04425889],[-98.950900701,21.044297459],[-98.950445754,21.044410905],[-98.9498808,21.04455178],[-98.94824522,21.04537354],[-98.94766763,21.04565265],[-98.94705154,21.04595145],[-98.94673383,21.04621338],[-98.94626197,21.04688186],[-98.94577057,21.04836354],[-98.94526417,21.04957374],[-98.94505974,21.05153203],[-98.94510943,21.0548756],[-98.94534786,21.05730728],[-98.94531469,21.05807662],[-98.94521808,21.05907049],[-98.94460128,21.06113945],[-98.94420597,21.06291931],[-98.94403869,21.06367102],[-98.94394562,21.06465309],[-98.94377378,21.06548411],[-98.94288712,21.066717],[-98.94178814,21.06738206],[-98.94122952,21.06815892],[-98.94040134,21.06897185],[-98.93990051,21.06963126],[-98.93987694,21.06979672],[-98.93969418,21.069799],[-98.93907903,21.07072345],[-98.93889965,21.07103838],[-98.93777506,21.07164345],[-98.93749905,21.07181415],[-98.93748132,21.07194492],[-98.93689891,21.07374652],[-98.93701752,21.07538728],[-98.93707509,21.07570949],[-98.93689135,21.07578905],[-98.93611725,21.075992],[-98.93506486,21.07628523],[-98.93368802,21.07632411],[-98.93293542,21.07598472],[-98.93253905,21.07595945],[-98.93191292,21.07618228],[-98.93111597,21.07672035],[-98.93037817,21.07740974],[-98.92905585,21.07868815],[-98.92847225,21.0795148],[-98.92802843,21.08035434],[-98.92751751,21.08120992],[-98.92726088,21.08213069],[-98.92700412,21.08329169],[-98.92700365,21.08473546],[-98.92712394,21.08512748],[-98.92744845,21.0855862],[-98.92771006,21.08614357],[-98.92802502,21.08652618],[-98.92841943,21.08735218],[-98.92850548,21.08759729],[-98.92797603,21.08983288],[-98.92786382,21.08996369],[-98.92706585,21.09013811],[-98.92633738,21.09077705],[-98.92597592,21.09115577],[-98.92533528,21.09191486],[-98.9244278,21.09263645],[-98.92264962,21.09378626],[-98.92159712,21.09431702],[-98.92097634,21.09479737],[-98.92049045,21.09527777],[-98.92005837,21.09601118],[-98.91973426,21.09664345],[-98.91937842,21.09725288],[-98.91877554,21.09794414],[-98.9179204,21.09849709],[-98.91716166,21.09855075],[-98.91637598,21.09824332],[-98.91475689,21.09728432],[-98.91411838,21.09688475],[-98.91339465,21.09664483],[-98.91282789,21.09652252],[-98.91203466,21.09665457],[-98.91135898,21.09692405],[-98.91073618,21.09739374],[-98.91020015,21.09786914],[-98.90987535,21.09829342],[-98.90950758,21.09858757],[-98.90813123,21.09982963],[-98.90765805,21.10039683],[-98.90693171,21.10093668],[-98.90628769,21.10115334],[-98.90535895,21.10103608],[-98.90474588,21.10083391],[-98.90425871,21.10057098],[-98.90371309,21.10020008],[-98.90326778,21.09971462],[-98.90298197,21.09913946],[-98.90265528,21.09856428],[-98.90208346,21.09768229],[-98.90167515,21.09687706],[-98.90129105,21.09613134],[-98.90117342,21.09568954],[-98.90110386,21.09522842],[-98.90061268,21.09504503],[-98.90001792,21.09497305],[-98.89889228,21.09513031],[-98.89818486,21.09532568],[-98.89769151,21.09547545],[-98.89734626,21.09566817],[-98.89681065,21.09587752],[-98.89640831,21.096003],[-98.89590652,21.096073928],[-98.89587849,21.09607789],[-98.895528352,21.096093931],[-98.89526117,21.09610617],[-98.895205145,21.096116115],[-98.89516834,21.09612265],[-98.895136709,21.096128265],[-98.89439825,21.09625937],[-98.89332926,21.09639442],[-98.892557697,21.096602218],[-98.89235302,21.09665734],[-98.892077503,21.096772151],[-98.892042344,21.096786801],[-98.892037021,21.09678902],[-98.892007032,21.096801515],[-98.89190294,21.09684489],[-98.8915574,21.09704686],[-98.891115827,21.097347698],[-98.89104531,21.09739574],[-98.890974543,21.097488498],[-98.89059126,21.09799088],[-98.890389631,21.098443727],[-98.89036409,21.09850109],[-98.89036365,21.09909651],[-98.89049934,21.09964949],[-98.890552376,21.10001608],[-98.89063472,21.10058525],[-98.890731876,21.100927768],[-98.89075715,21.101016867],[-98.89081571,21.10122332],[-98.89072443,21.1019888],[-98.890724154,21.101995674],[-98.890706532,21.102433566],[-98.89067822,21.10313709],[-98.89051917,21.104158941],[-98.890443233,21.104646816],[-98.89043848,21.10467735],[-98.89008806,21.10559445],[-98.88970271,21.10607354],[-98.88911962,21.10628954],[-98.88837728,21.1066218],[-98.88760252,21.10716578],[-98.88689231,21.10767955],[-98.8858594,21.10825358],[-98.88477886,21.10909785],[-98.88406706,21.10959222],[-98.88353891,21.11004366],[-98.88303375,21.11040906],[-98.88197795,21.11060195],[-98.88080757,21.11060114],[-98.87991748,21.11020392],[-98.87870969,21.10942791],[-98.87767945,21.10858009],[-98.87689998,21.10774523],[-98.87602214,21.10650542],[-98.87523646,21.10548066],[-98.8738486,21.10423678],[-98.87330849,21.10366992],[-98.87270097,21.10343695],[-98.87215665,21.10348574],[-98.87162135,21.1036046],[-98.87130612,21.10387778],[-98.87124103,21.10426463],[-98.87149525,21.10447352],[-98.8720038,21.10474223],[-98.87228962,21.10518965],[-98.87248006,21.10560718],[-98.87257495,21.10620354],[-98.8729554,21.10754543],[-98.87330431,21.10858917],[-98.87395865,21.10999186],[-98.874311,21.11055445],[-98.87469866,21.11108398],[-98.87494534,21.11144803],[-98.87522725,21.11187826],[-98.87554452,21.11220926],[-98.87614389,21.11273895],[-98.87650094,21.11325591],[-98.87714851,21.11372865],[-98.87765831,21.11419857],[-98.87822025,21.11468217],[-98.87840795,21.11501254],[-98.87883209,21.11580269],[-98.879076,21.11649043],[-98.87920629,21.11749383],[-98.87905955,21.11787128],[-98.87892138,21.11828657],[-98.87876332,21.1187762],[-98.87820708,21.11903991],[-98.87733949,21.11903255],[-98.87550417,21.1191194],[-98.87467365,21.11902145],[-98.87401622,21.11885874],[-98.87345465,21.11871428],[-98.87280511,21.11863072],[-98.87237111,21.11904742],[-98.87165494,21.11935369],[-98.87114543,21.11971003],[-98.87096477,21.12011895],[-98.87084226,21.12057928],[-98.87062334,21.12105618],[-98.870311,21.12125683],[-98.86983031,21.12197042],[-98.86954843,21.12259262],[-98.86940948,21.12317651],[-98.86975506,21.12376077],[-98.87028405,21.12467038],[-98.87105265,21.12550769],[-98.87163338,21.12603272],[-98.87247148,21.12660578],[-98.87384452,21.12736209],[-98.87497509,21.12816462],[-98.87584802,21.12848048],[-98.87701348,21.12868008],[-98.87774837,21.12874951],[-98.87850771,21.12886488],[-98.8792366,21.12891678],[-98.88026938,21.12908108],[-98.88085752,21.12923045],[-98.88137349,21.12950991],[-98.88174071,21.12983168],[-98.88209838,21.13028472],[-98.88235228,21.13095735],[-98.88247888,21.13157777],[-98.88260597,21.13191795],[-98.88253246,21.13226426],[-98.88242269,21.13276328],[-98.88219343,21.1332394],[-98.88185249,21.1337548],[-98.88112975,21.13435814],[-98.88025072,21.13508943],[-98.87977162,21.1354086],[-98.87931871,21.13562834],[-98.87885298,21.13594363],[-98.87836737,21.13637542],[-98.87722609,21.13744352],[-98.87698315,21.13780725],[-98.87688585,21.13812558],[-98.87647283,21.13876211],[-98.87591443,21.13914834],[-98.87564725,21.13948929],[-98.87522234,21.1398724],[-98.87497022,21.14032865],[-98.87467569,21.14067125],[-98.87387291,21.14109089],[-98.873442,21.14129245],[-98.87301106,21.14151923],[-98.87241855,21.14179635],[-98.87182617,21.14194731],[-98.87101845,21.1420224],[-98.87026471,21.14197135],[-98.86945712,21.14189503],[-98.86875749,21.14151598],[-98.86846183,21.14098585],[-98.86822003,21.14043051],[-98.86789794,21.13934522],[-98.8677852,21.1387924],[-98.86765558,21.13832362],[-98.86753558,21.13786055],[-98.86732049,21.13734948],[-98.86707835,21.13707092],[-98.86666171,21.13697226],[-98.86620765,21.13704975],[-98.86582315,21.1371818],[-98.86535922,21.13740685],[-98.864978762,21.137399047],[-98.86421997,21.13738348],[-98.86316015,21.13757025],[-98.86235945,21.13777532],[-98.86164875,21.13785195],[-98.86007071,21.13772206],[-98.85831766,21.13758668],[-98.858071148,21.137553101],[-98.85717665,21.13743125],[-98.856604212,21.137284516],[-98.856202571,21.13718156],[-98.856188688,21.137178002],[-98.856179481,21.137175641],[-98.85615443,21.13716922],[-98.854967865,21.136733477],[-98.854952311,21.136727765],[-98.854896958,21.136707438],[-98.854887223,21.136703863],[-98.85487126,21.136698],[-98.85339375,21.13611515],[-98.85158998,21.13523012],[-98.85033258,21.13452845],[-98.849787344,21.134306669],[-98.84978415,21.13430537],[-98.84930962,21.13392992],[-98.84877529,21.13363994],[-98.84805652,21.13336928],[-98.84763826,21.13325102],[-98.84704406,21.13319522],[-98.84692052,21.133207117],[-98.84641891,21.13325542],[-98.84533378,21.13331343],[-98.84432591,21.13340226],[-98.84355791,21.13356914],[-98.84298698,21.13375495],[-98.84269692,21.13386911],[-98.84239614,21.13394298],[-98.84155148,21.13408877],[-98.84084372,21.13433802],[-98.840656957,21.134417676],[-98.8405758,21.13445229],[-98.84021943,21.1349862],[-98.840236187,21.135171754],[-98.84029151,21.13578438],[-98.84033763,21.13664995],[-98.840436601,21.137130177],[-98.84049303,21.13740398],[-98.84077263,21.13844848],[-98.84129865,21.13989757],[-98.84217774,21.14225917],[-98.84240971,21.14346182],[-98.842515735,21.143872686],[-98.84261105,21.14424205],[-98.84286625,21.14521302],[-98.8432468,21.14641651],[-98.84374466,21.1474998],[-98.84392528,21.14863137],[-98.84394806,21.14995989],[-98.84405286,21.15154952],[-98.844063688,21.152569919],[-98.844067546,21.152933485],[-98.84407955,21.15406471],[-98.84403785,21.15485011],[-98.84377145,21.1555012],[-98.84348491,21.15586491],[-98.84280508,21.15654185],[-98.84245908,21.15712282],[-98.8422686,21.15747335],[-98.84210932,21.15782918],[-98.84192635,21.15809737],[-98.84152683,21.15881072],[-98.841514695,21.158831675],[-98.84104268,21.15964675],[-98.840960063,21.159869889],[-98.8406778,21.16063225],[-98.84040649,21.16088966],[-98.84010968,21.16140791],[-98.83977943,21.16187888],[-98.83860338,21.16223872],[-98.83727168,21.16250014],[-98.83581382,21.16263832],[-98.835260781,21.162489726],[-98.83467909,21.16233343],[-98.83404878,21.16200446],[-98.83366371,21.16170855],[-98.833484637,21.161315835],[-98.83334914,21.16101868],[-98.832400312,21.160219733],[-98.83233403,21.16016392],[-98.83138885,21.15944058],[-98.83050912,21.15953949],[-98.82907278,21.16010045],[-98.82831645,21.16027531],[-98.82781825,21.16039755],[-98.82731925,21.16055288],[-98.82629574,21.16077958],[-98.82536178,21.16099438],[-98.82453714,21.16124814],[-98.82417625,21.161263151],[-98.82388092,21.161309001],[-98.82353642,21.16132403],[-98.82328322,21.16121445],[-98.82308034,21.16119689],[-98.82300705,21.16119054],[-98.82273092,21.161143091],[-98.82237962,21.160977781],[-98.82233638,21.16094728],[-98.82184537,21.16074008],[-98.82145092,21.16058548],[-98.82118808,21.16040015],[-98.82059515,21.1603538],[-98.82031051,21.16057777],[-98.82016355,21.160693381],[-98.81992138,21.160887971],[-98.81955277,21.16118417],[-98.81875148,21.16142892],[-98.81827052,21.16167065],[-98.81747052,21.16166062],[-98.81677982,21.16175238],[-98.81594794,21.162224721],[-98.81516728,21.162469881],[-98.81445914,21.16270686],[-98.81378405,21.1628574],[-98.81269429,21.163067061],[-98.81160568,21.16322832],[-98.81062845,21.16319508],[-98.8096418,21.16325565],[-98.80812631,21.163417741],[-98.80605065,21.163559381],[-98.80493226,21.16377398],[-98.80374805,21.164019321],[-98.80269546,21.164203141],[-98.801675919,21.164263631],[-98.80078783,21.16438594],[-98.7998324,21.164717081],[-98.79932511,21.16480375],[-98.79907512,21.16484646],[-98.79850811,21.164795861],[-98.79794182,21.164650321],[-98.79771108,21.16459102],[-98.79703906,21.16422731],[-98.79684217,21.163918681],[-98.79663108,21.16343002],[-98.79671163,21.16317837],[-98.79664669,21.162561511],[-98.79668037,21.161975601],[-98.79651678,21.16135862],[-98.79609017,21.16071048],[-98.79563028,21.16033986],[-98.79480842,21.16015383],[-98.79395335,21.16018363],[-98.79341594,21.16056109],[-98.79307789,21.16087352],[-98.79273534,21.16110732],[-98.79235323,21.1620108],[-98.79196375,21.1629706],[-98.79153718,21.16343223],[-98.79130583,21.16360166],[-98.79074517,21.16415146],[-98.79031968,21.164706221],[-98.79009471,21.16499955],[-98.78960352,21.165667],[-98.78879543,21.16638558],[-98.7885644,21.16697125],[-98.78859602,21.16786563],[-98.78896271,21.16834202],[-98.78937618,21.16862328],[-98.78976988,21.16915292],[-98.79033575,21.170047281],[-98.79068834,21.1712808],[-98.79078742,21.17279857],[-98.79085065,21.173599971],[-98.79097926,21.17476408],[-98.79079803,21.175864081],[-98.79027551,21.17652772],[-98.79001154,21.177144181],[-98.78994477,21.177853401],[-98.78987808,21.17850094],[-98.79010762,21.17899466],[-98.79069888,21.17951966],[-98.79119205,21.17964362],[-98.79198112,21.179829631],[-98.79260611,21.17976871],[-98.79323117,21.17964612],[-98.79388912,21.17952357],[-98.79438302,21.179123261],[-98.79487686,21.17875378],[-98.79550225,21.17838446],[-98.79589743,21.178014881],[-98.79671994,21.17779998],[-98.79718043,21.177769711],[-98.79783815,21.17780132],[-98.79859423,21.178079781],[-98.79921829,21.178697311],[-98.79971088,21.179253],[-98.80020306,21.18011708],[-98.80066232,21.18101195],[-98.8016474,21.182215851],[-98.802463278,21.183161263],[-98.80248951,21.18319166],[-98.80312522,21.18391372],[-98.80371631,21.18462371],[-98.804199294,21.185077702],[-98.80440615,21.185272141],[-98.80486594,21.18579694],[-98.805001224,21.185947222],[-98.80558848,21.186599581],[-98.80608105,21.187216941],[-98.80654085,21.18774172],[-98.80686911,21.18823552],[-98.80749317,21.18891471],[-98.80808438,21.189563],[-98.80837957,21.19021095],[-98.80865683,21.19067354],[-98.80882735,21.19176155],[-98.80860472,21.19244362],[-98.8081432,21.19324491],[-98.8075242,21.193326],[-98.8067348,21.1933038]]]]},"properties":{"municipality":"Tepehuacán de Guerrero","official_key":"13062","CVE_ENT":"13","CVE_MUN":"062","geometry_kind":"municipality","source":"INEGI Gaia — Servicio vectorial del Marco Geoestadístico"}},"features":[{"type":"Feature","geometry":{"type":"MultiPolygon","crs":{"type":"name","properties":{"name":"EPSG:6365"}},"coordinates":[[[[-98.839395337,21.014909711],[-98.839018543,21.014620987],[-98.838801251,21.014400391],[-98.838554472,21.014128762],[-98.838344004,21.013944324],[-98.838222257,21.013768748],[-98.838014741,21.01359175],[-98.837410912,21.013743145],[-98.836947607,21.01323349],[-98.836951419,21.013137536],[-98.836306891,21.012490299],[-98.835439323,21.012846893],[-98.835372928,21.011102333],[-98.835907211,21.01043595],[-98.8363303,21.009861603],[-98.836647256,21.010084266],[-98.836879427,21.010514934],[-98.836966781,21.010497534],[-98.837118058,21.01037101],[-98.837799966,21.010514796],[-98.837931226,21.010805641],[-98.838151734,21.010997488],[-98.839025165,21.011403702],[-98.840237688,21.01172084],[-98.840345407,21.01174876],[-98.840360026,21.011752547],[-98.841178657,21.011964563],[-98.842099422,21.012203034],[-98.842105835,21.012204695],[-98.842119643,21.012208271],[-98.84333918,21.012552486],[-98.844369842,21.012818641],[-98.844236667,21.013438812],[-98.844233534,21.013453394],[-98.844238441,21.013454029],[-98.844238545,21.013454042],[-98.844238649,21.013454055],[-98.84459135,21.013499579],[-98.844854366,21.013561826],[-98.845243181,21.01367958],[-98.845448812,21.01378838],[-98.845672473,21.013901055],[-98.845825073,21.01393661],[-98.845912481,21.013946013],[-98.846073765,21.013963363],[-98.846323303,21.013954103],[-98.846700611,21.013893471],[-98.846955334,21.013826703],[-98.846922571,21.013823868],[-98.84657255,21.01379358],[-98.846662274,21.013614707],[-98.846685196,21.013569009],[-98.847050134,21.013382056],[-98.847361372,21.013414323],[-98.847361962,21.013414384],[-98.847440426,21.013422518],[-98.847515119,21.013344825],[-98.84783598,21.013438117],[-98.848021812,21.013492148],[-98.847995104,21.013650072],[-98.84821852,21.013773532],[-98.848076283,21.013973844],[-98.84800782,21.014153349],[-98.847378909,21.015208423],[-98.846776596,21.015010749],[-98.846523181,21.014854533],[-98.846186242,21.014729225],[-98.845673934,21.014657425],[-98.845565494,21.01469496],[-98.844672365,21.015004102],[-98.844649585,21.015024293],[-98.844035304,21.015568749],[-98.843617673,21.015979949],[-98.843430736,21.016264209],[-98.843379828,21.016472055],[-98.84329392,21.016450282],[-98.842141005,21.016158055],[-98.841784905,21.01605801],[-98.840776867,21.015774807],[-98.840717931,21.01575825],[-98.840478643,21.015493981],[-98.840009496,21.015217754],[-98.839838812,21.015132145],[-98.839395337,21.014909711]]]]},"properties":{"locality":"Tepehuacán de Guerrero","municipality":null,"official_key":"130620001","CVE_ENT":"13","CVE_MUN":"062","CVE_LOC":"0001","ambito":"URBANO","geometry_kind":"locality","source":"INEGI Gaia — Servicio vectorial del Marco Geoestadístico"}},{"type":"Feature","geometry":{"type":"MultiPolygon","crs":{"type":"name","properties":{"name":"EPSG:6365"}},"coordinates":[[[[-98.772497315,20.970906311],[-98.772204802,20.970786654],[-98.771877404,20.970676377],[-98.77170305,20.970636963],[-98.771586369,20.970652319],[-98.771418724,20.970770363],[-98.771371365,20.9708871],[-98.771318817,20.971048548],[-98.771254198,20.971104369],[-98.771178507,20.971121993],[-98.771061571,20.97110739],[-98.77087081,20.971085932],[-98.770628638,20.971053594],[-98.770386467,20.971061329],[-98.770330853,20.97106402],[-98.770154563,20.970818792],[-98.770129451,20.970710059],[-98.770131162,20.970606334],[-98.770137558,20.970355346],[-98.770137147,20.970220593],[-98.770109914,20.970138435],[-98.770043321,20.970102992],[-98.769936497,20.970107622],[-98.769794803,20.970112252],[-98.769678361,20.97009453],[-98.769604045,20.970118229],[-98.769564205,20.970172655],[-98.769540458,20.970237101],[-98.769451574,20.970224328],[-98.769459355,20.970137725],[-98.769524937,20.970035568],[-98.769617341,20.969940922],[-98.769729504,20.969885616],[-98.769838982,20.969852849],[-98.770009661,20.969792325],[-98.770152537,20.969726378],[-98.770267924,20.969693406],[-98.770432726,20.969733647],[-98.770742578,20.970009334],[-98.770871113,20.970064151],[-98.771025758,20.970103405],[-98.771146791,20.97006982],[-98.771358486,20.969928118],[-98.771497759,20.969916653],[-98.771626596,20.96994217],[-98.771760798,20.969995238],[-98.771893325,20.970042282],[-98.772155236,20.96995252],[-98.772338495,20.969895116],[-98.7724547,20.969907838],[-98.772539424,20.969944148],[-98.772602689,20.970015519],[-98.772641815,20.970109431],[-98.77264931,20.970230272],[-98.772640709,20.97030102],[-98.772642739,20.97036451],[-98.77267159,20.970430502],[-98.772731501,20.970537486],[-98.772826477,20.97071349],[-98.77289943,20.970944557],[-98.772946428,20.971192087],[-98.772959696,20.971387422],[-98.772991046,20.971474539],[-98.773047575,20.971494791],[-98.773136291,20.971515042],[-98.773401826,20.971555694],[-98.773680771,20.971591338],[-98.773782687,20.971597504],[-98.773649184,20.97165494],[-98.773467404,20.97167731],[-98.77318964,20.971688019],[-98.772996445,20.971651061],[-98.772918585,20.971614104],[-98.77282722,20.971523764],[-98.772782673,20.971435452],[-98.772745674,20.971319582],[-98.772708677,20.971156125],[-98.77267072,20.971047091],[-98.772602817,20.97096792],[-98.772497315,20.970906311]]],[[[-98.777053262,20.976043524],[-98.776937092,20.976018508],[-98.776690091,20.976014186],[-98.776523615,20.975936262],[-98.77650523,20.975846585],[-98.776479492,20.975774339],[-98.776290769,20.975613092],[-98.77612183,20.975543308],[-98.775974615,20.975539032],[-98.775872585,20.975511047],[-98.775746169,20.975455647],[-98.775582077,20.975322693],[-98.775421691,20.975228062],[-98.775207077,20.975089386],[-98.775099015,20.975036909],[-98.775050308,20.974959955],[-98.774940083,20.974864513],[-98.774805068,20.97468361],[-98.77498468,20.974533265],[-98.775153565,20.974202599],[-98.775420547,20.974028974],[-98.775108792,20.973937153],[-98.774888696,20.97390418],[-98.7746686,20.973931316],[-98.774363107,20.974032139],[-98.774226277,20.973927385],[-98.774068646,20.973828232],[-98.773927461,20.973774063],[-98.773770121,20.973769172],[-98.773870969,20.972256987],[-98.773678184,20.972272246],[-98.773572185,20.972255755],[-98.773501999,20.972228815],[-98.773459599,20.972174292],[-98.773455322,20.972139308],[-98.773462322,20.972092154],[-98.773720708,20.971753277],[-98.773873368,20.971699724],[-98.774431399,20.971537139],[-98.774720793,20.971516457],[-98.775177758,20.971515411],[-98.77540253,20.971520462],[-98.776169169,20.971276201],[-98.776594092,20.971120985],[-98.776937185,20.971063293],[-98.777136768,20.971030585],[-98.777354722,20.971034924],[-98.777611431,20.971093955],[-98.778045831,20.971287477],[-98.778398015,20.971474586],[-98.778637046,20.97163597],[-98.778823138,20.971734955],[-98.779000214,20.971819124],[-98.779187707,20.971880123],[-98.779633462,20.971940385],[-98.779659661,20.971951938],[-98.779802231,20.972033401],[-98.779914231,20.972162692],[-98.780005937,20.972331539],[-98.780005661,20.972552447],[-98.779886522,20.973209631],[-98.779777877,20.973731109],[-98.779714723,20.974260385],[-98.779626769,20.974606077],[-98.779582231,20.974822154],[-98.779565707,20.975019692],[-98.779508261,20.975430832],[-98.779525691,20.975534431],[-98.779687831,20.975945215],[-98.779743246,20.976071647],[-98.779793661,20.976277093],[-98.779865385,20.976453355],[-98.779870399,20.976924246],[-98.779789723,20.977241585],[-98.779463938,20.977482632],[-98.779113661,20.977553016],[-98.778813537,20.977422646],[-98.778663569,20.977286739],[-98.778458954,20.977126555],[-98.778179585,20.976909846],[-98.777139768,20.976103463],[-98.777053262,20.976043524]]]]},"properties":{"locality":"Acoxcatlán","municipality":null,"official_key":"130620002","CVE_ENT":"13","CVE_MUN":"062","CVE_LOC":"0002","ambito":"RURAL","geometry_kind":"locality","source":"INEGI Gaia — Servicio vectorial del Marco Geoestadístico"}},{"type":"Feature","geometry":{"type":"MultiPolygon","crs":{"type":"name","properties":{"name":"EPSG:6365"}},"coordinates":[[[[-98.777422356,21.129910054],[-98.777019275,21.129366767],[-98.776558749,21.12873945],[-98.776216579,21.12827951],[-98.775946719,21.127876521],[-98.775750399,21.12761612],[-98.77543926,21.12717054],[-98.77513902,21.12671578],[-98.774985889,21.12649435],[-98.77477448,21.126078581],[-98.77466649,21.125895081],[-98.77458305,21.125706051],[-98.77452172,21.12547923],[-98.77448083,21.125318461],[-98.77444914,21.12508462],[-98.774431249,21.124817821],[-98.774423709,21.124608571],[-98.774451479,21.12433174],[-98.77452617,21.124114181],[-98.77462215,21.12381506],[-98.774784449,21.123510951],[-98.774915659,21.123260511],[-98.775022539,21.123140171],[-98.77526702,21.122860051],[-98.775546519,21.122557921],[-98.77573148,21.122373231],[-98.7757738,21.12228523],[-98.77583045,21.12221657],[-98.775523629,21.121612621],[-98.775280489,21.12087026],[-98.77512303,21.120468801],[-98.775325279,21.120340511],[-98.775477679,21.12030729],[-98.775400889,21.119871771],[-98.776321629,21.119775351],[-98.776372109,21.11976826],[-98.77676898,21.12000228],[-98.777012249,21.1201844],[-98.77714488,21.12022517],[-98.777416369,21.12034242],[-98.777419349,21.120343091],[-98.77753514,21.120369421],[-98.777761679,21.12045029],[-98.777901369,21.12072474],[-98.778077549,21.1210656],[-98.778181709,21.121270121],[-98.77852065,21.12184403],[-98.778665942,21.121924947],[-98.77879865,21.122120478],[-98.778988686,21.12242616],[-98.77935144,21.123007144],[-98.779644459,21.123420494],[-98.779840915,21.123788808],[-98.780170771,21.124021081],[-98.781304599,21.124797321],[-98.781578472,21.124981489],[-98.781759141,21.125255053],[-98.781644928,21.125441819],[-98.781464441,21.125615266],[-98.781234723,21.125722004],[-98.781165937,21.125898796],[-98.781103669,21.126056557],[-98.781043827,21.126224899],[-98.780959818,21.126320081],[-98.780896302,21.12636139],[-98.780835344,21.126400817],[-98.780766485,21.126454656],[-98.780659107,21.126461183],[-98.780628432,21.126536711],[-98.780646122,21.126675019],[-98.780756816,21.12687695],[-98.780796479,21.126940736],[-98.780818798,21.127005322],[-98.780818185,21.127123874],[-98.78069631,21.127199707],[-98.780854839,21.127238144],[-98.781111128,21.127339928],[-98.781282188,21.127515913],[-98.78134596,21.127621846],[-98.780947873,21.127708822],[-98.780565556,21.127288824],[-98.780344335,21.127098946],[-98.780016989,21.127387704],[-98.779558109,21.127742351],[-98.77905368,21.12819869],[-98.779056429,21.128247911],[-98.77905846,21.128287981],[-98.779272377,21.128814507],[-98.779280918,21.128999319],[-98.77922819,21.129418844],[-98.779183052,21.129489754],[-98.778677685,21.129713473],[-98.778621472,21.129717754],[-98.77862427,21.129990986],[-98.77865163,21.130029764],[-98.778618643,21.130600189],[-98.7786802,21.130874142],[-98.778807474,21.131075542],[-98.778619386,21.131259406],[-98.777762088,21.1304713],[-98.777439192,21.130686792],[-98.777275731,21.130774525],[-98.77715511,21.130795874],[-98.77699824,21.130796542],[-98.776687792,21.1307631],[-98.776542303,21.130760931],[-98.776606078,21.13054915],[-98.776735195,21.130320668],[-98.777422356,21.129910054]]]]},"properties":{"locality":"Acoyotla","municipality":null,"official_key":"130620003","CVE_ENT":"13","CVE_MUN":"062","CVE_LOC":"0003","ambito":"RURAL","geometry_kind":"locality","source":"INEGI Gaia — Servicio vectorial del Marco Geoestadístico"}},{"type":"Feature","geometry":{"type":"MultiPolygon","crs":{"type":"name","properties":{"name":"EPSG:6365"}},"coordinates":[[[[-98.796629554,21.036832766],[-98.795917009,21.036983176],[-98.795853558,21.036960851],[-98.795792334,21.036923001],[-98.795712083,21.036797433],[-98.795696204,21.036686886],[-98.795380409,21.036418784],[-98.795287768,21.036456723],[-98.795118108,21.036200737],[-98.795137595,21.036007277],[-98.795170494,21.03584386],[-98.795161837,21.035796949],[-98.795129041,21.035730011],[-98.795095306,21.035592265],[-98.795263309,21.035486602],[-98.795374912,21.035512923],[-98.795470422,21.035559274],[-98.795541917,21.035561195],[-98.795646814,21.035542532],[-98.795715846,21.035513253],[-98.795795607,21.035463948],[-98.79585857,21.035401638],[-98.795933319,21.035307042],[-98.79598661,21.035224237],[-98.796024701,21.035122759],[-98.796081722,21.034969842],[-98.796152134,21.034854765],[-98.796239009,21.034695303],[-98.796287533,21.034611072],[-98.796297208,21.034545551],[-98.796292549,21.034481057],[-98.796269119,21.03434168],[-98.796267339,21.034242711],[-98.796312465,21.034122299],[-98.796384855,21.034034119],[-98.796524486,21.033939454],[-98.796683428,21.033878485],[-98.796895399,21.033851672],[-98.797048845,21.033865708],[-98.79716956,21.033882923],[-98.797290033,21.033901123],[-98.797404523,21.033922246],[-98.797505546,21.033905768],[-98.797857089,21.033745111],[-98.798290048,21.033401505],[-98.798556134,21.033751612],[-98.798570423,21.033999375],[-98.798735542,21.033851053],[-98.798816213,21.033792715],[-98.798913979,21.03376835],[-98.798998616,21.033785931],[-98.799083251,21.033818533],[-98.799128431,21.033893493],[-98.799110253,21.034006202],[-98.798995944,21.034673307],[-98.799405603,21.035431744],[-98.798820034,21.035698037],[-98.798376623,21.035811618],[-98.79845528,21.036024027],[-98.79815508,21.036145781],[-98.79801018,21.036255221],[-98.797839879,21.036320491],[-98.797611019,21.036440481],[-98.797508549,21.036577171],[-98.79729063,21.03664062],[-98.797127158,21.036700738],[-98.796836886,21.036787248],[-98.796629554,21.036832766]]]]},"properties":{"locality":"Acuimantla","municipality":null,"official_key":"130620004","CVE_ENT":"13","CVE_MUN":"062","CVE_LOC":"0004","ambito":"RURAL","geometry_kind":"locality","source":"INEGI Gaia — Servicio vectorial del Marco Geoestadístico"}},{"type":"Feature","geometry":{"type":"MultiPolygon","crs":{"type":"name","properties":{"name":"EPSG:6365"}},"coordinates":[[[[-98.907392866,21.031005548],[-98.907379347,21.030926039],[-98.907322463,21.030730399],[-98.9072736,21.030630965],[-98.907051939,21.030371962],[-98.906748591,21.030106501],[-98.906317213,21.029848052],[-98.905975889,21.029658833],[-98.90591434,21.029573371],[-98.905908326,21.029501216],[-98.906168279,21.028538846],[-98.90621543,21.028378929],[-98.90631751,21.028294201],[-98.906498315,21.028523992],[-98.906678244,21.028884885],[-98.906816327,21.029161847],[-98.907075192,21.029582476],[-98.907393014,21.029997096],[-98.907830411,21.030327697],[-98.907907966,21.03051415],[-98.907949182,21.030723879],[-98.907942161,21.030918225],[-98.90797952,21.031295951],[-98.907907766,21.031525002],[-98.90787213,21.031740379],[-98.907884787,21.031968739],[-98.907931999,21.032140171],[-98.908045047,21.032228899],[-98.90816012,21.032452128],[-98.908222985,21.033052814],[-98.90831091,21.033233235],[-98.908640617,21.033693976],[-98.908689181,21.033784279],[-98.908744124,21.033930897],[-98.908785629,21.034061396],[-98.908885131,21.034272304],[-98.909018299,21.034420506],[-98.909221776,21.034513943],[-98.909333888,21.034576719],[-98.909378414,21.03464245],[-98.90942645,21.034755793],[-98.909458091,21.034914906],[-98.909544538,21.035026144],[-98.909631548,21.035112904],[-98.909744156,21.035154079],[-98.909991195,21.035154756],[-98.910173683,21.035159887],[-98.910276613,21.035154767],[-98.910401941,21.03510976],[-98.910574406,21.035016725],[-98.910762982,21.03495715],[-98.910914053,21.034927071],[-98.910996547,21.034943146],[-98.911041834,21.034975756],[-98.91108613,21.035051566],[-98.911108358,21.035152861],[-98.911120953,21.03527269],[-98.911117121,21.035439728],[-98.911111556,21.035615376],[-98.91111122,21.035763756],[-98.911118568,21.035978562],[-98.911120687,21.036220635],[-98.911144349,21.036326282],[-98.911186418,21.036432299],[-98.91124719,21.036525731],[-98.911254477,21.036609436],[-98.911255529,21.036697338],[-98.91124761,21.036774973],[-98.91123062,21.036846662],[-98.911213068,21.036942831],[-98.911214253,21.037024972],[-98.911253914,21.037102129],[-98.911303308,21.037156432],[-98.911392415,21.037218741],[-98.911480597,21.03732137],[-98.911522204,21.037447549],[-98.911530793,21.037541364],[-98.911533163,21.037705648],[-98.911542654,21.037960836],[-98.911663524,21.038110226],[-98.91175639,21.038276338],[-98.911781799,21.038439646],[-98.911767661,21.038587748],[-98.911734837,21.038680728],[-98.911662577,21.038820451],[-98.911605985,21.038946084],[-98.911547298,21.039096166],[-98.911442101,21.039266919],[-98.911326516,21.039355342],[-98.91112677,21.039471182],[-98.91110567,21.039483417],[-98.911092715,21.03971366],[-98.911065346,21.039903274],[-98.911030063,21.040036541],[-98.910970199,21.040304733],[-98.910967867,21.040473243],[-98.910880987,21.040495035],[-98.910801683,21.040495832],[-98.910714112,21.040455644],[-98.910649385,21.040718924],[-98.910597015,21.040831663],[-98.910457215,21.041181631],[-98.9103038,21.041300847],[-98.910093354,21.041343555],[-98.909642414,21.041314247],[-98.909536369,21.041341724],[-98.909418689,21.041427329],[-98.90934148,21.041521169],[-98.909280436,21.041573237],[-98.908978502,21.041757295],[-98.90882507,21.04168936],[-98.908733851,21.041585227],[-98.908614527,21.041502135],[-98.908326169,21.041362317],[-98.908701716,21.041113481],[-98.908825783,21.041006184],[-98.908579991,21.041017537],[-98.908414849,21.041036284],[-98.908139036,21.041107537],[-98.908045224,21.041094113],[-98.907964799,21.040987797],[-98.90790122,21.041278353],[-98.908047693,21.041460408],[-98.908194796,21.041737111],[-98.908190059,21.042077012],[-98.908249558,21.042493126],[-98.908017662,21.04276792],[-98.907968293,21.042846157],[-98.907983941,21.042899779],[-98.908057184,21.04298482],[-98.908038814,21.043183259],[-98.907885749,21.043299735],[-98.907751441,21.043334473],[-98.907600148,21.04330692],[-98.907477922,21.043216565],[-98.907468186,21.043039166],[-98.907641194,21.04243329],[-98.907452651,21.042050919],[-98.907373589,21.042013301],[-98.907097229,21.041935672],[-98.907040123,21.041916508],[-98.906968348,21.04184002],[-98.906913793,21.041709856],[-98.906861674,21.041612756],[-98.906738857,21.041419652],[-98.906184441,21.040882102],[-98.905994874,21.040672728],[-98.905935858,21.040569727],[-98.905925353,21.040492679],[-98.905943215,21.04042773],[-98.906011174,21.040319617],[-98.90612492,21.040177854],[-98.906173679,21.040103928],[-98.906216567,21.040018357],[-98.906224688,21.039932082],[-98.906177855,21.039833169],[-98.906107011,21.039710718],[-98.906083336,21.039583461],[-98.906050407,21.039413757],[-98.90601514,21.039345812],[-98.905969779,21.039271899],[-98.905953315,21.039187048],[-98.906051141,21.039025755],[-98.906100781,21.038913428],[-98.906121305,21.038821642],[-98.906107416,21.038713791],[-98.906066278,21.038634202],[-98.905977969,21.03855942],[-98.905882912,21.038477209],[-98.90585488,21.03842514],[-98.905855881,21.038530055],[-98.905865195,21.038658942],[-98.905560209,21.038664289],[-98.905376503,21.038645199],[-98.90514361,21.038540596],[-98.905058996,21.038483176],[-98.904991625,21.038387687],[-98.904849072,21.038269546],[-98.904689672,21.038172193],[-98.904537122,21.038018386],[-98.90442503,21.037922738],[-98.90428323,21.037858016],[-98.904205985,21.037795369],[-98.904234261,21.037683047],[-98.904349031,21.0376554],[-98.904661968,21.037707738],[-98.904965462,21.037763323],[-98.905112448,21.037760088],[-98.905504694,21.037696963],[-98.905923599,21.037542175],[-98.906125092,21.037588516],[-98.906649253,21.03757224],[-98.906914834,21.037500783],[-98.907156949,21.03747111],[-98.907359304,21.037469294],[-98.907192347,21.037255578],[-98.907090176,21.037227578],[-98.90700948,21.037200012],[-98.906885969,21.037165816],[-98.906479262,21.036888969],[-98.906276898,21.036692471],[-98.90611782,21.03641289],[-98.906105137,21.035927255],[-98.905907426,21.035850017],[-98.905990422,21.035637606],[-98.90672247,21.035866636],[-98.906779258,21.03567767],[-98.906801247,21.035530733],[-98.906805316,21.035353615],[-98.90678597,21.035269595],[-98.906759559,21.035194626],[-98.906683933,21.034924173],[-98.906650241,21.034832249],[-98.906499122,21.034730744],[-98.906381434,21.034639943],[-98.906358451,21.034619845],[-98.906263407,21.034526679],[-98.906139563,21.034351292],[-98.90607192,21.033956144],[-98.906046134,21.033631474],[-98.906052624,21.033571578],[-98.906130229,21.03308813],[-98.906186354,21.032760318],[-98.906180561,21.032678564],[-98.906034114,21.03226261],[-98.905939421,21.031931743],[-98.906085991,21.031785845],[-98.906406956,21.031729919],[-98.90659884,21.031726601],[-98.906726377,21.03174119],[-98.907058544,21.03186557],[-98.907024612,21.031672796],[-98.907042761,21.031550708],[-98.907163767,21.031404291],[-98.907164109,21.03140395],[-98.907197716,21.031370438],[-98.907325409,21.031201511],[-98.907363368,21.031146577],[-98.907389686,21.031072916],[-98.907392866,21.031005548]]]]},"properties":{"locality":"San Juan Ahuehueco","municipality":null,"official_key":"130620005","CVE_ENT":"13","CVE_MUN":"062","CVE_LOC":"0005","ambito":"RURAL","geometry_kind":"locality","source":"INEGI Gaia — Servicio vectorial del Marco Geoestadístico"}},{"type":"Feature","geometry":{"type":"MultiPolygon","crs":{"type":"name","properties":{"name":"EPSG:6365"}},"coordinates":[[[[-98.894626539,21.074427476],[-98.894671509,21.074094831],[-98.89469857,21.07391229],[-98.89470775,21.07376425],[-98.89469985,21.07359086],[-98.89467275,21.073482661],[-98.89448183,21.07309752],[-98.89439868,21.072902401],[-98.894405599,21.072734541],[-98.89446423,21.072594541],[-98.894628679,21.07230197],[-98.89470552,21.07208631],[-98.8947382,21.07188306],[-98.89470946,21.07169685],[-98.89466809,21.07154794],[-98.89458946,21.071425061],[-98.894484539,21.071345771],[-98.894332369,21.071260491],[-98.893793139,21.07093635],[-98.89309352,21.070667311],[-98.892986909,21.070624181],[-98.892952799,21.070589681],[-98.892931199,21.070501891],[-98.893009779,21.070457242],[-98.893217322,21.070433342],[-98.893460604,21.070380282],[-98.893599721,21.070366478],[-98.893831956,21.070116245],[-98.894083185,21.06976277],[-98.894201289,21.06955648],[-98.89427483,21.069468351],[-98.89448062,21.069311831],[-98.89460998,21.06917557],[-98.89466718,21.069064941],[-98.894688889,21.06883403],[-98.89469386,21.0687764],[-98.894778889,21.068642321],[-98.894899649,21.06845292],[-98.894994889,21.06824037],[-98.895066459,21.06804298],[-98.895245629,21.067805381],[-98.89532237,21.067689091],[-98.895363539,21.06761203],[-98.895427339,21.067592631],[-98.895520059,21.067590061],[-98.89561034,21.067625821],[-98.895660429,21.06766992],[-98.895672339,21.06775257],[-98.895623059,21.0679402],[-98.895545749,21.068084921],[-98.89546535,21.068175251],[-98.895449629,21.06829254],[-98.89543969,21.06844226],[-98.8954068,21.06852614],[-98.895366969,21.068619311],[-98.89533385,21.068725141],[-98.895333769,21.068838721],[-98.895355169,21.069025081],[-98.89533914,21.069162001],[-98.8952304,21.06934134],[-98.89502863,21.06962934],[-98.89496012,21.06975175],[-98.894949629,21.069809741],[-98.894976199,21.069852831],[-98.895046489,21.069883291],[-98.895281139,21.06988054],[-98.89560865,21.069872051],[-98.89584385,21.0698722],[-98.89606406,21.06989198],[-98.89616783,21.06990069],[-98.896393029,21.069921221],[-98.89668863,21.06992294],[-98.89679228,21.06994082],[-98.89687425,21.069975221],[-98.896963549,21.07003298],[-98.897065999,21.070081081],[-98.897168139,21.07011051],[-98.89725265,21.07013969],[-98.89740795,21.070255781],[-98.897500229,21.070362351],[-98.89759068,21.07048263],[-98.897688349,21.0706434],[-98.89777672,21.070805031],[-98.89782197,21.070955111],[-98.897821859,21.071107951],[-98.897784169,21.07121646],[-98.89775634,21.071280981],[-98.89771032,21.07133806],[-98.897759757,21.07146968],[-98.897792889,21.071605304],[-98.89781866,21.071704732],[-98.897783068,21.07177576],[-98.897716568,21.071818865],[-98.89763086,21.071820648],[-98.897548859,21.07179766],[-98.897420363,21.071791673],[-98.897233064,21.071788471],[-98.897042721,21.07184623],[-98.896941367,21.071903062],[-98.896861261,21.071972871],[-98.896788662,21.072049421],[-98.896750931,21.07212597],[-98.896761939,21.07220903],[-98.89676418,21.072275481],[-98.89674809,21.072401911],[-98.896693079,21.072457231],[-98.89663023,21.07246914],[-98.89659835,21.072469981],[-98.896500909,21.072468221],[-98.896458089,21.07247586],[-98.89643343,21.072515421],[-98.896427919,21.072578581],[-98.89643426,21.07263494],[-98.89644878,21.072692151],[-98.896444229,21.072751401],[-98.89640866,21.072819681],[-98.89637129,21.072879421],[-98.89623197,21.07304358],[-98.896286169,21.073340781],[-98.896336229,21.07347545],[-98.89635643,21.07359058],[-98.89633777,21.073774691],[-98.896284199,21.07385237],[-98.896168569,21.073937381],[-98.895989059,21.0740376],[-98.895428442,21.074270092],[-98.895274484,21.074363219],[-98.895237737,21.074464844],[-98.895294466,21.074665826],[-98.895301372,21.074781332],[-98.895248499,21.074919175],[-98.894967252,21.075040656],[-98.894874908,21.075106402],[-98.894807279,21.075159296],[-98.89475469,21.075255822],[-98.894723029,21.075336621],[-98.894618688,21.075296933],[-98.894577244,21.075204507],[-98.894620897,21.075050672],[-98.894626629,21.074928706],[-98.894608221,21.074694113],[-98.89462746,21.074498091],[-98.894626539,21.074427476]]]]},"properties":{"locality":"Amola de Ocampo","municipality":null,"official_key":"130620006","CVE_ENT":"13","CVE_MUN":"062","CVE_LOC":"0006","ambito":"RURAL","geometry_kind":"locality","source":"INEGI Gaia — Servicio vectorial del Marco Geoestadístico"}},{"type":"Feature","geometry":{"type":"MultiPolygon","crs":{"type":"name","properties":{"name":"EPSG:6365"}},"coordinates":[[[[-98.757879553,21.018373369],[-98.757741385,21.018236047],[-98.757633845,21.018119801],[-98.7575532,21.0180228],[-98.757515338,21.017957986],[-98.757501815,21.017875386],[-98.757490876,21.017823308],[-98.757481753,21.017782385],[-98.757475824,21.017665131],[-98.757519825,21.017581618],[-98.757623917,21.017549797],[-98.757783823,21.017451102],[-98.757948067,21.017469035],[-98.758083437,21.017519925],[-98.758202714,21.017567057],[-98.758209338,21.017531565],[-98.75798907,21.017079134],[-98.757809534,21.016838714],[-98.757643194,21.016665646],[-98.757637907,21.016572478],[-98.757631308,21.0165126],[-98.757631092,21.016509769],[-98.757616169,21.016310215],[-98.757672723,21.016144046],[-98.757769122,21.016076292],[-98.757886184,21.016038169],[-98.757967634,21.016027378],[-98.758014105,21.015944952],[-98.758035026,21.015865615],[-98.758062945,21.015821753],[-98.758063677,21.015741635],[-98.758070934,21.015666161],[-98.758033859,21.015586706],[-98.757991654,21.015559658],[-98.757866462,21.015438324],[-98.757781768,21.015334462],[-98.757706092,21.015228178],[-98.757612695,21.015174032],[-98.757593593,21.015086594],[-98.757413881,21.014742302],[-98.757325137,21.01467892],[-98.757255171,21.014598011],[-98.757210064,21.014355842],[-98.757261849,21.01425549],[-98.757370308,21.014163432],[-98.757522845,21.014068063],[-98.757649461,21.013951492],[-98.757712985,21.013866447],[-98.757730307,21.013798755],[-98.757725938,21.013720185],[-98.757673091,21.013622154],[-98.757627999,21.013556308],[-98.757586,21.013442463],[-98.757593938,21.013356215],[-98.757620538,21.013289],[-98.757667415,21.013220355],[-98.757758137,21.013036277],[-98.75786523,21.012898463],[-98.757912938,21.012868893],[-98.7579722,21.012861846],[-98.757980185,21.0128164],[-98.758025337,21.012592908],[-98.758237722,21.012770093],[-98.75836823,21.012974046],[-98.758536062,21.013204677],[-98.758782785,21.013581047],[-98.758838214,21.013669723],[-98.758882985,21.013768323],[-98.759022445,21.014061109],[-98.75921583,21.014459185],[-98.759333184,21.014848078],[-98.759360923,21.015021369],[-98.75936963,21.01530457],[-98.759366723,21.015475893],[-98.759366215,21.015483246],[-98.759357385,21.015609124],[-98.759322431,21.015767215],[-98.759206677,21.016019416],[-98.759171831,21.016116969],[-98.759164768,21.016197063],[-98.759132785,21.016254831],[-98.759010264,21.016446441],[-98.758959612,21.016597555],[-98.758953953,21.016739155],[-98.759036185,21.016928138],[-98.759086812,21.017146657],[-98.759105931,21.017373457],[-98.759115737,21.01739989],[-98.759246244,21.017488918],[-98.759321554,21.017589142],[-98.759434259,21.017644554],[-98.759514779,21.017678688],[-98.759628825,21.017799198],[-98.759718034,21.017795608],[-98.759793486,21.017736226],[-98.759862056,21.017740336],[-98.759889635,21.017791215],[-98.759953046,21.017755313],[-98.760049984,21.01779327],[-98.760160059,21.017801443],[-98.760254969,21.018042595],[-98.760273436,21.01809221],[-98.760362981,21.018139322],[-98.760524944,21.018171409],[-98.760582823,21.018277892],[-98.760518133,21.018317141],[-98.760420074,21.018311104],[-98.760282236,21.01829019],[-98.760142239,21.018219643],[-98.760091685,21.018167469],[-98.760025507,21.018179565],[-98.759924019,21.018171216],[-98.759845112,21.018197713],[-98.75979426,21.018252899],[-98.759743996,21.01833367],[-98.759724229,21.018424132],[-98.759757509,21.018443616],[-98.759824317,21.018429301],[-98.759901852,21.018389949],[-98.759969453,21.018364638],[-98.760038123,21.01831568],[-98.760104645,21.018335016],[-98.76017626,21.018371774],[-98.760196913,21.018383492],[-98.760273893,21.018455301],[-98.760294816,21.018483582],[-98.760404249,21.018612012],[-98.760471037,21.018642426],[-98.76055794,21.018644048],[-98.760644576,21.01870738],[-98.760721717,21.018772504],[-98.760785447,21.018856404],[-98.76079934,21.018891955],[-98.76084542,21.019027654],[-98.760900889,21.0190945],[-98.760818225,21.019122538],[-98.760749825,21.019123198],[-98.76065997,21.019133874],[-98.760582186,21.019154235],[-98.760473556,21.019169422],[-98.760363585,21.019175847],[-98.760283788,21.01914801],[-98.760229809,21.019053973],[-98.76010827,21.019035121],[-98.760005507,21.01900375],[-98.759942473,21.019001316],[-98.75978221,21.01900135],[-98.759681961,21.018984469],[-98.759628484,21.01896789],[-98.75952262,21.01894583],[-98.759441525,21.018939807],[-98.759336605,21.018952444],[-98.759264027,21.018948748],[-98.759154649,21.018949403],[-98.759043634,21.018937214],[-98.758964805,21.018920015],[-98.758893051,21.018914452],[-98.758811579,21.018890387],[-98.758754748,21.018913408],[-98.758716946,21.018942445],[-98.758645071,21.018943192],[-98.758579901,21.018948947],[-98.75852512,21.018936449],[-98.758472918,21.01890266],[-98.758444136,21.018839446],[-98.758442176,21.018769973],[-98.758363907,21.018640331],[-98.758347329,21.018499422],[-98.758147414,21.01850557],[-98.758116246,21.018505538],[-98.758053922,21.018472447],[-98.757969785,21.01842997],[-98.757879553,21.018373369]]]]},"properties":{"locality":"Aquilastec","municipality":null,"official_key":"130620007","CVE_ENT":"13","CVE_MUN":"062","CVE_LOC":"0007","ambito":"RURAL","geometry_kind":"locality","source":"INEGI Gaia — Servicio vectorial del Marco Geoestadístico"}},{"type":"Feature","geometry":{"type":"MultiPolygon","crs":{"type":"name","properties":{"name":"EPSG:6365"}},"coordinates":[[[[-98.85134125,20.975768831],[-98.851771035,20.975942298],[-98.851793946,20.975924523],[-98.851762734,20.97590371],[-98.851747874,20.975883236],[-98.851748996,20.975835238],[-98.85176338,20.97578177],[-98.851781666,20.975757664],[-98.851835709,20.97568642],[-98.852016049,20.975421061],[-98.85201446,20.97512009],[-98.852231489,20.975274151],[-98.852252706,20.975091942],[-98.852271186,20.975064284],[-98.85232898,20.975035989],[-98.852406555,20.975036775],[-98.85247347,20.97508315],[-98.852524241,20.975140311],[-98.852545667,20.975157235],[-98.852681412,20.975225795],[-98.852729841,20.975238709],[-98.852768063,20.975237186],[-98.85289349,20.975230167],[-98.85301625,20.975227896],[-98.853127646,20.975256657],[-98.853179951,20.975272966],[-98.853219521,20.975336859],[-98.853282473,20.975423185],[-98.853366746,20.975515576],[-98.853417235,20.975570292],[-98.853565709,20.975616663],[-98.853648944,20.975676077],[-98.853693715,20.975731601],[-98.85370614,20.975806881],[-98.853672949,20.97588062],[-98.853659123,20.975888931],[-98.85361765,20.975913861],[-98.85354449,20.975941621],[-98.853463769,20.975952551],[-98.85337065,20.97594275],[-98.85329648,20.975917981],[-98.853246451,20.975891804],[-98.853150393,20.975827497],[-98.853089627,20.975759281],[-98.853040246,20.975732604],[-98.85295382,20.975711614],[-98.852836562,20.975697192],[-98.852741852,20.975702443],[-98.852661969,20.975729609],[-98.852632965,20.975767427],[-98.852635945,20.975858727],[-98.852669641,20.97594826],[-98.852706094,20.976138691],[-98.852744877,20.976338776],[-98.852793,20.976658451],[-98.852798769,20.97678783],[-98.85279602,20.97690554],[-98.85274046,20.97697489],[-98.85265674,20.97703232],[-98.8526378,20.97704943],[-98.852486489,20.97710463],[-98.852351219,20.977142941],[-98.85227315,20.97716435],[-98.852062323,20.977204506],[-98.851789306,20.9772332],[-98.851644331,20.977248385],[-98.851549985,20.977259886],[-98.851399459,20.977225088],[-98.851319477,20.977190784],[-98.851273977,20.977168717],[-98.851188493,20.977107409],[-98.851135488,20.977069532],[-98.850989719,20.97704977],[-98.850883872,20.977028379],[-98.85079896,20.976986291],[-98.850676826,20.976874284],[-98.85051866,20.976728882],[-98.850441386,20.976710001],[-98.850368549,20.976721151],[-98.850326151,20.976740277],[-98.850288638,20.976770236],[-98.850250182,20.976840513],[-98.850237536,20.976943976],[-98.850201687,20.977077694],[-98.850161468,20.977194534],[-98.850147395,20.977227858],[-98.850129559,20.977275971],[-98.850105053,20.977361902],[-98.850057791,20.977458889],[-98.850008845,20.977540474],[-98.849969895,20.97763187],[-98.849953806,20.977716108],[-98.849953005,20.977829365],[-98.849942358,20.977934791],[-98.849884696,20.978039246],[-98.849802414,20.978147035],[-98.849771684,20.97823668],[-98.849753663,20.978410843],[-98.849321043,20.978396553],[-98.84917819,20.9783834],[-98.849155893,20.978463715],[-98.849125787,20.978504871],[-98.849071386,20.978535442],[-98.849040521,20.978543448],[-98.848969768,20.978518746],[-98.848958058,20.978494107],[-98.848950375,20.97842912],[-98.848866058,20.97842714],[-98.848805407,20.978397076],[-98.848713194,20.978339229],[-98.848747844,20.978235019],[-98.84877758,20.978166004],[-98.84877977,20.978072409],[-98.848650015,20.977827227],[-98.848450485,20.977614219],[-98.848452254,20.977429378],[-98.848474099,20.97715131],[-98.848510911,20.976998404],[-98.848540786,20.976923389],[-98.848602097,20.976870632],[-98.848760476,20.976821078],[-98.848782206,20.976814919],[-98.848870605,20.976692033],[-98.848934651,20.976545316],[-98.848978581,20.976337241],[-98.8489786,20.976337103],[-98.848978538,20.976336957],[-98.848963815,20.976241922],[-98.84898666,20.976183329],[-98.849037404,20.976112345],[-98.849156244,20.976015396],[-98.849186282,20.975977119],[-98.849236571,20.975860027],[-98.849277728,20.975739865],[-98.849298299,20.975712918],[-98.849333037,20.975670416],[-98.849353919,20.975658026],[-98.849384169,20.975648422],[-98.849427028,20.975652187],[-98.849484915,20.975669228],[-98.849571898,20.975688311],[-98.84962906,20.975670762],[-98.849724062,20.975609336],[-98.849822702,20.975523494],[-98.849913238,20.975456212],[-98.849962869,20.975432746],[-98.85002483,20.975412799],[-98.850069096,20.975432921],[-98.850206725,20.975407008],[-98.850242193,20.975377006],[-98.850328205,20.975284601],[-98.850478573,20.975456711],[-98.850577737,20.975545193],[-98.85066964,20.975616238],[-98.850696181,20.97563998],[-98.850812591,20.975734435],[-98.850836615,20.97575654],[-98.850873982,20.97573282],[-98.851123889,20.97573271],[-98.85134125,20.975768831]]]]},"properties":{"locality":"San Miguel Ayotempa","municipality":null,"official_key":"130620008","CVE_ENT":"13","CVE_MUN":"062","CVE_LOC":"0008","ambito":"RURAL","geometry_kind":"locality","source":"INEGI Gaia — Servicio vectorial del Marco Geoestadístico"}},{"type":"Feature","geometry":{"type":"MultiPolygon","crs":{"type":"name","properties":{"name":"EPSG:6365"}},"coordinates":[[[[-98.835363987,21.156800322],[-98.835892247,21.156113783],[-98.836246158,21.156240443],[-98.836894066,21.155294792],[-98.836754767,21.155270333],[-98.836827167,21.154426892],[-98.837317246,21.154468823],[-98.837383217,21.153640693],[-98.838032696,21.153684784],[-98.838080847,21.152977443],[-98.838082907,21.152947072],[-98.838108477,21.152726642],[-98.838129828,21.152637072],[-98.838175536,21.152546623],[-98.838431692,21.151843741],[-98.83851958,21.151387411],[-98.83851314,21.151269023],[-98.838648717,21.15105334],[-98.838680598,21.150874691],[-98.838691022,21.150706045],[-98.840081868,21.150042842],[-98.840173527,21.150441242],[-98.840274306,21.150795363],[-98.840390567,21.151174153],[-98.840400203,21.151238987],[-98.840448756,21.151565693],[-98.840445827,21.151865323],[-98.840419367,21.152169463],[-98.840367307,21.152416762],[-98.840262756,21.152579583],[-98.840183897,21.152676463],[-98.840123296,21.152738123],[-98.840123246,21.152804983],[-98.840116827,21.152939933],[-98.840110586,21.153031903],[-98.840122566,21.153156753],[-98.840171797,21.153341993],[-98.840228646,21.153532123],[-98.840236996,21.153668582],[-98.840207326,21.153788504],[-98.840103596,21.153953923],[-98.839971027,21.154887222],[-98.840439586,21.154958392],[-98.840322506,21.155705902],[-98.839851527,21.155649902],[-98.839323626,21.155592073],[-98.839262486,21.156360532],[-98.83876537,21.156420604],[-98.838701497,21.156488963],[-98.838621766,21.156554222],[-98.838220247,21.156815123],[-98.837932726,21.156975862],[-98.837564136,21.157132873],[-98.837446537,21.157183192],[-98.837370527,21.157207793],[-98.837293448,21.157223102],[-98.837214097,21.157229273],[-98.837087306,21.157224493],[-98.836998676,21.157224763],[-98.836938897,21.157224962],[-98.836777427,21.157224563],[-98.836583356,21.157224382],[-98.836356677,21.157229593],[-98.836245466,21.157242622],[-98.836148477,21.157274473],[-98.836043996,21.157312663],[-98.835946167,21.157352534],[-98.835363987,21.156800322]]]]},"properties":{"locality":"Cahuazaz de Morelos (Rancho Alegre)","municipality":null,"official_key":"130620009","CVE_ENT":"13","CVE_MUN":"062","CVE_LOC":"0009","ambito":"RURAL","geometry_kind":"locality","source":"INEGI Gaia — Servicio vectorial del Marco Geoestadístico"}},{"type":"Feature","geometry":{"type":"MultiPolygon","crs":{"type":"name","properties":{"name":"EPSG:6365"}},"coordinates":[[[[-98.825790724,21.121206142],[-98.825749922,21.121121853],[-98.825536359,21.121015232],[-98.825432751,21.121018222],[-98.825283905,21.121027437],[-98.8251088,21.121018107],[-98.824951513,21.120855814],[-98.824762037,21.120971246],[-98.82455035,21.120808298],[-98.824346712,21.120610321],[-98.824280334,21.120488946],[-98.824338373,21.12039581],[-98.824204544,21.120216139],[-98.823986083,21.120321462],[-98.823965368,21.120091393],[-98.823751162,21.11972115],[-98.823898868,21.119706169],[-98.823956628,21.119668653],[-98.823985508,21.119597353],[-98.824068033,21.119516043],[-98.82413208,21.119485023],[-98.824276756,21.119497036],[-98.824501898,21.119564093],[-98.82455433,21.11933343],[-98.824594095,21.118866551],[-98.824455357,21.118749866],[-98.824323893,21.118670058],[-98.82418327,21.118544886],[-98.823997299,21.118377336],[-98.823827662,21.118166674],[-98.823705173,21.118020388],[-98.823324744,21.117571933],[-98.82347249,21.117595411],[-98.823700701,21.117688946],[-98.82398273,21.117861484],[-98.824203067,21.117993988],[-98.824355822,21.118086869],[-98.824380887,21.117944463],[-98.824467091,21.117902038],[-98.824658695,21.11787921],[-98.824783688,21.117899887],[-98.82486551,21.11791658],[-98.824940182,21.117893753],[-98.824892395,21.11783338],[-98.824903616,21.117737979],[-98.82495288,21.117642253],[-98.825024567,21.117587478],[-98.825099615,21.117499278],[-98.82513767,21.11724887],[-98.825186453,21.11709104],[-98.825236678,21.116956284],[-98.825293836,21.116850376],[-98.825697,21.116897097],[-98.825800589,21.116860431],[-98.825959486,21.116772084],[-98.826035879,21.116815575],[-98.826124295,21.116907562],[-98.826265284,21.11698318],[-98.82642542,21.11699407],[-98.826603005,21.117158079],[-98.82655528,21.11745073],[-98.826547035,21.117610119],[-98.826640912,21.117634552],[-98.826885948,21.117527073],[-98.827391812,21.11762694],[-98.827505748,21.117669924],[-98.827578453,21.117732646],[-98.827600196,21.117805377],[-98.82753752,21.118190631],[-98.82750958,21.11833474],[-98.827418603,21.118663492],[-98.827398462,21.118724997],[-98.827346444,21.118840534],[-98.827031249,21.119081787],[-98.826897193,21.11926858],[-98.826942486,21.119494494],[-98.827052154,21.120000635],[-98.827137255,21.120094915],[-98.827505571,21.120066929],[-98.827722184,21.120029665],[-98.828037763,21.120015552],[-98.828190345,21.120027555],[-98.828642127,21.12016399],[-98.828574438,21.120388625],[-98.828535268,21.120522355],[-98.828504007,21.120600606],[-98.82855217,21.120624392],[-98.828613367,21.120658329],[-98.828688932,21.120733231],[-98.828732051,21.120793266],[-98.828721004,21.120847989],[-98.828646249,21.120972579],[-98.82846897,21.121094227],[-98.828628819,21.121287851],[-98.828865155,21.121477706],[-98.828584419,21.121458351],[-98.82837732,21.12140969],[-98.828249289,21.12134808],[-98.828135079,21.12127775],[-98.8279992,21.12124714],[-98.82786053,21.121185187],[-98.827742123,21.121352541],[-98.827627179,21.121483589],[-98.827403705,21.121667882],[-98.827279611,21.121696929],[-98.827153683,21.121703903],[-98.826998001,21.121662472],[-98.826945642,21.121659272],[-98.826886665,21.121756117],[-98.826859579,21.121826578],[-98.826856765,21.121895584],[-98.826819082,21.121947076],[-98.826762128,21.122048295],[-98.826666596,21.122115165],[-98.826597371,21.122142347],[-98.826530445,21.122134131],[-98.826482294,21.122110901],[-98.826419391,21.122061402],[-98.826351729,21.121991616],[-98.826307169,21.121926699],[-98.826252702,21.121794159],[-98.826217011,21.121704156],[-98.826204756,21.12164807],[-98.826171043,21.121581977],[-98.825945337,21.121355114],[-98.825855961,21.121294388],[-98.825790724,21.121206142]]]]},"properties":{"locality":"Cuatolol","municipality":null,"official_key":"130620010","CVE_ENT":"13","CVE_MUN":"062","CVE_LOC":"0010","ambito":"RURAL","geometry_kind":"locality","source":"INEGI Gaia — Servicio vectorial del Marco Geoestadístico"}},{"type":"Feature","geometry":{"type":"MultiPolygon","crs":{"type":"name","properties":{"name":"EPSG:6365"}},"coordinates":[[[[-98.88792295,21.017928581],[-98.887802979,21.01795963],[-98.88779997,21.01796042],[-98.887661089,21.01798166],[-98.887528749,21.017967171],[-98.88715383,21.017945631],[-98.88710782,21.018452081],[-98.887065289,21.018773181],[-98.887055799,21.018880581],[-98.887039549,21.01896491],[-98.88699406,21.01902422],[-98.88692989,21.019059261],[-98.88682412,21.01905042],[-98.886760513,21.019019347],[-98.88645325,21.019233774],[-98.882690857,21.016376713],[-98.882617449,21.016267889],[-98.882563076,21.015487527],[-98.88250355,21.015288921],[-98.882463537,21.015174666],[-98.882481098,21.015061296],[-98.882676615,21.014830645],[-98.88287944,21.014666388],[-98.88321682,21.01452297],[-98.883278149,21.014561551],[-98.883463819,21.01445743],[-98.88359452,21.014436831],[-98.88374592,21.014435031],[-98.883837819,21.014457771],[-98.88387889,21.01443214],[-98.88400525,21.014387801],[-98.884126019,21.014387851],[-98.884201649,21.01441323],[-98.88430392,21.014494481],[-98.884393109,21.014582631],[-98.884472509,21.014604581],[-98.88455386,21.014597251],[-98.88472883,21.014464911],[-98.88483545,21.014425581],[-98.884891889,21.01440766],[-98.884938979,21.01438597],[-98.88509194,21.014375291],[-98.88527751,21.0143964],[-98.88542163,21.01439915],[-98.88558818,21.014392541],[-98.88581983,21.014357061],[-98.88599508,21.01438046],[-98.88610298,21.0144012],[-98.886213829,21.01442549],[-98.886364919,21.01444614],[-98.88684091,21.01447528],[-98.887188719,21.01450705],[-98.887194149,21.01450754],[-98.887299289,21.014504461],[-98.887379059,21.014518681],[-98.88743718,21.01454731],[-98.88749497,21.014593661],[-98.887544079,21.01466574],[-98.887609119,21.01457271],[-98.88765963,21.014469651],[-98.887685579,21.01436172],[-98.887683049,21.014243801],[-98.88762535,21.014061351],[-98.887589549,21.013843581],[-98.887624489,21.013690031],[-98.88782754,21.01372957],[-98.88815012,21.013768151],[-98.888333969,21.013756491],[-98.888602979,21.01372085],[-98.888838019,21.013699921],[-98.88877582,21.013931771],[-98.88877037,21.01399255],[-98.88879785,21.014084581],[-98.88889963,21.01417857],[-98.88899986,21.01424737],[-98.88934654,21.014424541],[-98.889550399,21.01453786],[-98.889640889,21.01464565],[-98.889681,21.014744091],[-98.88970592,21.01487905],[-98.88971012,21.014947],[-98.889660079,21.01525055],[-98.8896972,21.015313031],[-98.889755249,21.01536312],[-98.88984855,21.01538066],[-98.88999554,21.015371571],[-98.890222079,21.01537171],[-98.89046335,21.015421081],[-98.890610489,21.01550297],[-98.890698549,21.01560769],[-98.890698459,21.015726061],[-98.89067814,21.01588702],[-98.89066935,21.01609038],[-98.89067875,21.016188141],[-98.890715649,21.01624145],[-98.890823919,21.016318481],[-98.89097542,21.016392861],[-98.89112329,21.01645902],[-98.8912652,21.016528081],[-98.89140166,21.016631971],[-98.891500549,21.01674628],[-98.891543,21.01688051],[-98.891542889,21.017028661],[-98.89160966,21.0174864],[-98.891609539,21.017660201],[-98.891591089,21.017709821],[-98.89154874,21.017759461],[-98.89149851,21.017785371],[-98.89144451,21.017797621],[-98.89139223,21.017799201],[-98.891125519,21.017813091],[-98.89092237,21.017818631],[-98.890695179,21.017799771],[-98.89043357,21.017761691],[-98.890134619,21.01774183],[-98.889847459,21.01776335],[-98.889689549,21.017827891],[-98.88957232,21.01794063],[-98.889530749,21.01804297],[-98.88951511,21.01813898],[-98.889525649,21.018297631],[-98.88953562,21.01857086],[-98.88955686,21.018758221],[-98.88959515,21.018952461],[-98.88959928,21.019064281],[-98.88959683,21.019145001],[-98.889536149,21.019242711],[-98.889424779,21.01932528],[-98.889305449,21.01936469],[-98.88918178,21.019362371],[-98.88906154,21.01930922],[-98.88896842,21.01921958],[-98.888917319,21.019116281],[-98.88866217,21.018567281],[-98.8886056,21.018385311],[-98.888475279,21.01820029],[-98.888435629,21.0180558],[-98.88823909,21.01796148],[-98.888100399,21.01793317],[-98.88792295,21.017928581]]]]},"properties":{"locality":"Cuazáhuatl","municipality":null,"official_key":"130620011","CVE_ENT":"13","CVE_MUN":"062","CVE_LOC":"0011","ambito":"RURAL","geometry_kind":"locality","source":"INEGI Gaia — Servicio vectorial del Marco Geoestadístico"}},{"type":"Feature","geometry":{"type":"MultiPolygon","crs":{"type":"name","properties":{"name":"EPSG:6365"}},"coordinates":[[[[-98.844894526,21.119972088],[-98.844814805,21.119972146],[-98.844668654,21.119998142],[-98.844537429,21.120062691],[-98.84435952,21.120191651],[-98.844335892,21.120272859],[-98.844347419,21.120445567],[-98.844326762,21.120613272],[-98.844255088,21.1207672],[-98.844061882,21.121001912],[-98.843815501,21.121172499],[-98.8438567,21.121235074],[-98.843685908,21.121350537],[-98.843490632,21.121368573],[-98.843258514,21.121343138],[-98.843028797,21.121247112],[-98.842827027,21.121096699],[-98.842672699,21.120886173],[-98.84256071,21.120723705],[-98.842394939,21.120776541],[-98.84217272,21.12082474],[-98.841954509,21.120829421],[-98.84161471,21.120795321],[-98.84135437,21.120721861],[-98.84121308,21.120637401],[-98.841157599,21.120529451],[-98.841146429,21.120434321],[-98.84113591,21.12031349],[-98.841106419,21.12023338],[-98.84102937,21.12012815],[-98.840927909,21.119944321],[-98.84089222,21.11984002],[-98.84080428,21.11968469],[-98.840758979,21.11959594],[-98.84074212,21.11955378],[-98.840707849,21.119555891],[-98.840630699,21.119559954],[-98.840574764,21.119381675],[-98.840477895,21.119382023],[-98.840265693,21.119387376],[-98.840120509,21.119379067],[-98.839891646,21.119302594],[-98.839722459,21.119235391],[-98.839627879,21.119191099],[-98.839556434,21.119157382],[-98.83958452,21.11909432],[-98.839545089,21.119084581],[-98.83952172,21.11907308],[-98.839503089,21.11905315],[-98.839495879,21.119003091],[-98.83949511,21.118817651],[-98.839492219,21.11856265],[-98.83951331,21.11847091],[-98.839568659,21.11841052],[-98.839658619,21.11836908],[-98.83977905,21.11836692],[-98.83995475,21.11841118],[-98.84020278,21.11848343],[-98.84029552,21.118518981],[-98.84041152,21.118526681],[-98.840664549,21.11849714],[-98.84091811,21.118476141],[-98.841023169,21.11845723],[-98.841091879,21.11842029],[-98.841174889,21.11836497],[-98.84126112,21.11829528],[-98.84120422,21.118130821],[-98.841173857,21.117992977],[-98.841173009,21.117745319],[-98.841169479,21.117630272],[-98.841216177,21.117474421],[-98.841282845,21.117408631],[-98.84143189,21.117342661],[-98.841642,21.117298571],[-98.841982289,21.117298891],[-98.84219211,21.11732786],[-98.843409429,21.11746925],[-98.84344012,21.117478861],[-98.8434792,21.11750506],[-98.843491049,21.11753934],[-98.84347828,21.118718141],[-98.843479766,21.118745251],[-98.843478569,21.118779868],[-98.843673359,21.119194982],[-98.843966649,21.119138819],[-98.844245188,21.119095167],[-98.844374863,21.119310634],[-98.844658765,21.119200833],[-98.844629778,21.119136359],[-98.844847305,21.119014617],[-98.845064832,21.119173105],[-98.845209536,21.119207973],[-98.845259558,21.119347767],[-98.844944128,21.119448154],[-98.844695082,21.119502252],[-98.844773336,21.119541384],[-98.844840067,21.119611518],[-98.84483773,21.119706046],[-98.844895931,21.119864064],[-98.844938308,21.119909576],[-98.844991416,21.119956338],[-98.844894526,21.119972088]]]]},"properties":{"locality":"Chahuatitla","municipality":null,"official_key":"130620012","CVE_ENT":"13","CVE_MUN":"062","CVE_LOC":"0012","ambito":"RURAL","geometry_kind":"locality","source":"INEGI Gaia — Servicio vectorial del Marco Geoestadístico"}},{"type":"Feature","geometry":{"type":"MultiPolygon","crs":{"type":"name","properties":{"name":"EPSG:6365"}},"coordinates":[[[[-98.869026777,21.009963078],[-98.869177521,21.009660621],[-98.869139168,21.009525926],[-98.869201399,21.009220339],[-98.869282805,21.009054398],[-98.869355696,21.00898207],[-98.869428587,21.00890223],[-98.869575706,21.008814537],[-98.869685277,21.00877442],[-98.869828373,21.008920843],[-98.869912463,21.008729238],[-98.869891546,21.008416762],[-98.869771115,21.008390728],[-98.869544605,21.008270043],[-98.869493038,21.008204692],[-98.869459211,21.008111923],[-98.869359148,21.008022973],[-98.869178618,21.007906477],[-98.8689662,21.007586781],[-98.869091742,21.007332186],[-98.86890026,21.00735383],[-98.868665863,21.007620859],[-98.868499768,21.007807078],[-98.868082578,21.007928493],[-98.86726244,21.007909073],[-98.867061584,21.007709066],[-98.867052351,21.007338637],[-98.867326683,21.006978146],[-98.867396709,21.006731106],[-98.867284344,21.006383907],[-98.8670167,21.006090141],[-98.86701785,21.005883211],[-98.867138171,21.005699712],[-98.867378812,21.005563077],[-98.867388028,21.005399984],[-98.867256253,21.005274113],[-98.867164364,21.005052423],[-98.867441928,21.004919529],[-98.867718105,21.00498427],[-98.86780912,21.00528402],[-98.867958963,21.005502917],[-98.868205006,21.005620201],[-98.868428866,21.005554297],[-98.869134084,21.004460962],[-98.869251694,21.004582956],[-98.869245516,21.005002216],[-98.869284671,21.005339548],[-98.869329191,21.005381414],[-98.869482602,21.005500198],[-98.869556889,21.005608339],[-98.869566802,21.005726498],[-98.869551761,21.005800057],[-98.869465354,21.00593215],[-98.869448685,21.005994133],[-98.869469399,21.00607254],[-98.869543758,21.006196017],[-98.869582506,21.006280215],[-98.869630497,21.006345948],[-98.869656742,21.006412313],[-98.869658268,21.00648119],[-98.86938872,21.006674523],[-98.869282789,21.00677521],[-98.869163462,21.007011637],[-98.869227479,21.007099496],[-98.869282388,21.007162983],[-98.869348025,21.007221462],[-98.86945058,21.007271984],[-98.869719431,21.007320002],[-98.869811534,21.007359044],[-98.869904545,21.007397813],[-98.870377387,21.007545449],[-98.870098488,21.008388846],[-98.870031307,21.008448859],[-98.870095777,21.008507323],[-98.8704288,21.008649158],[-98.870471151,21.008690878],[-98.870488023,21.008722581],[-98.870569267,21.00867416],[-98.870807033,21.008643689],[-98.870925437,21.008649525],[-98.870895303,21.008748405],[-98.870848718,21.008952461],[-98.870773793,21.009209105],[-98.870737002,21.009240402],[-98.870672046,21.00924165],[-98.8706057,21.009294208],[-98.87050279,21.009378078],[-98.870540695,21.009552087],[-98.870595719,21.009585866],[-98.870735232,21.009712286],[-98.870811753,21.009838686],[-98.870851281,21.009963839],[-98.8708613,21.010083981],[-98.870928285,21.010102674],[-98.871160656,21.010227105],[-98.871199226,21.010290434],[-98.87124754,21.010272793],[-98.871349481,21.010304036],[-98.871497013,21.010442346],[-98.871429966,21.010783471],[-98.871387087,21.010887268],[-98.871424675,21.011291529],[-98.871564298,21.011671661],[-98.871528789,21.012108557],[-98.8717615,21.01226502],[-98.871862144,21.012377639],[-98.871827398,21.012803184],[-98.871929568,21.012983241],[-98.872026619,21.013012851],[-98.872030679,21.01303102],[-98.871987794,21.013095797],[-98.87188212,21.01303443],[-98.871702679,21.01301731],[-98.871445779,21.012944491],[-98.871329749,21.01286974],[-98.871257285,21.012784004],[-98.871190798,21.012777601],[-98.870899346,21.012774314],[-98.870855449,21.01273848],[-98.870794015,21.012563317],[-98.870227916,21.012552325],[-98.870415517,21.012038058],[-98.870374978,21.012003556],[-98.870312981,21.011986583],[-98.870233703,21.011975591],[-98.870110916,21.011915009],[-98.869945212,21.011924538],[-98.869724045,21.011721426],[-98.869848886,21.011510805],[-98.870107106,21.011297828],[-98.870334118,21.011217631],[-98.870429702,21.011172485],[-98.870304105,21.010983506],[-98.870345272,21.010810864],[-98.870095013,21.010766047],[-98.869701785,21.010658882],[-98.869659925,21.010613063],[-98.869644358,21.010525052],[-98.869567103,21.010124056],[-98.86928567,21.010057209],[-98.868929333,21.010246516],[-98.868734329,21.010254556],[-98.868878541,21.010144496],[-98.869026777,21.009963078]]]]},"properties":{"locality":"Chilijapa","municipality":null,"official_key":"130620013","CVE_ENT":"13","CVE_MUN":"062","CVE_LOC":"0013","ambito":"RURAL","geometry_kind":"locality","source":"INEGI Gaia — Servicio vectorial del Marco Geoestadístico"}},{"type":"Feature","geometry":{"type":"MultiPolygon","crs":{"type":"name","properties":{"name":"EPSG:6365"}},"coordinates":[[[[-98.914414606,20.999478466],[-98.914401563,20.999487408],[-98.914339393,20.999524967],[-98.914320663,20.999538995],[-98.914210356,20.999621763],[-98.914163019,20.99965761],[-98.914075453,20.999713461],[-98.914014708,20.999742246],[-98.913968266,20.999760516],[-98.913918261,20.999772326],[-98.913902712,20.999775998],[-98.913864515,20.999769224],[-98.913834123,20.999756605],[-98.913829939,20.999751228],[-98.913789078,20.999698706],[-98.913759599,20.999628],[-98.91371569,20.999513387],[-98.913487345,20.999391601],[-98.913420976,20.999342239],[-98.913389476,20.999299825],[-98.913378287,20.999249967],[-98.913373237,20.999227466],[-98.91337357,20.99916162],[-98.913379913,20.999095176],[-98.91341488,20.999001362],[-98.913486374,20.99891637],[-98.913596097,20.998859042],[-98.913733933,20.998828981],[-98.913830016,20.998820119],[-98.914045145,20.998748834],[-98.914219409,20.998675523],[-98.914249539,20.998662858],[-98.914309824,20.998637518],[-98.914317513,20.998634286],[-98.914423558,20.998581205],[-98.914549677,20.998445185],[-98.914556289,20.998438896],[-98.914567692,20.998428051],[-98.914652342,20.998583427],[-98.914675864,20.998672741],[-98.914664019,20.998743332],[-98.914614458,20.998841973],[-98.914557986,20.998929458],[-98.91458305,20.998947571],[-98.91470442,20.999015231],[-98.91476031,20.999084061],[-98.914772019,20.999089801],[-98.91478578,20.99909652],[-98.914851139,20.99913437],[-98.914932602,20.999196423],[-98.914987209,20.999256223],[-98.915068956,20.999341366],[-98.915191251,20.999356865],[-98.915216896,20.999442398],[-98.915253416,20.999522369],[-98.915277338,20.999538459],[-98.915311839,20.999539156],[-98.915388931,20.999531885],[-98.915631018,20.9994763],[-98.915728738,20.999533171],[-98.91578058,20.999558229],[-98.915965836,20.999674818],[-98.916035773,20.999747061],[-98.916164599,20.999927339],[-98.916167482,20.999933774],[-98.916310547,21.000253226],[-98.91637966,21.000361467],[-98.916410881,21.000465214],[-98.916439268,21.000565431],[-98.916453256,21.000624539],[-98.916123682,21.00070925],[-98.915984013,21.000723237],[-98.915832051,21.000675621],[-98.915758403,21.000653724],[-98.915710711,21.000670769],[-98.915597382,21.000706896],[-98.915502407,21.000707507],[-98.915319677,21.000703816],[-98.915221559,21.000689829],[-98.91514177,21.000657003],[-98.915062668,21.000594179],[-98.915029349,21.000541884],[-98.915023222,21.000474531],[-98.915025601,21.000192145],[-98.914930363,21.000171163],[-98.91480289,21.000097789],[-98.914765829,21.00005403],[-98.914739917,21.000123328],[-98.914651406,21.000415427],[-98.914568808,21.000717249],[-98.914557969,21.000743921],[-98.914471548,21.000855504],[-98.914264434,21.000671691],[-98.91439369,21.000442603],[-98.914484819,21.000147916],[-98.914539877,21.000032579],[-98.914645841,20.999983098],[-98.914752229,20.999911133],[-98.914755858,20.999752739],[-98.91473294,20.999686311],[-98.914689108,20.999558539],[-98.914594805,20.999462744],[-98.914551887,20.999465728],[-98.914414606,20.999478466]]]]},"properties":{"locality":"Choquintla (San Nicolás Choquintla)","municipality":null,"official_key":"130620014","CVE_ENT":"13","CVE_MUN":"062","CVE_LOC":"0014","ambito":"RURAL","geometry_kind":"locality","source":"INEGI Gaia — Servicio vectorial del Marco Geoestadístico"}},{"type":"Feature","geometry":{"type":"MultiPolygon","crs":{"type":"name","properties":{"name":"EPSG:6365"}},"coordinates":[[[[-98.949821864,21.043824609],[-98.949773138,21.043740078],[-98.949681593,21.04364893],[-98.949470665,21.043476161],[-98.9494878,21.043442408],[-98.949533228,21.043424106],[-98.949652894,21.043380395],[-98.949737443,21.043351349],[-98.949882662,21.043308628],[-98.949970594,21.043265724],[-98.950080946,21.043181489],[-98.950197,21.043116575],[-98.950273469,21.043058774],[-98.950306,21.042821017],[-98.950364785,21.042484117],[-98.950399595,21.04230233],[-98.950473306,21.042119398],[-98.950682801,21.04174565],[-98.950705211,21.041772509],[-98.950716961,21.041818364],[-98.950706519,21.041940611],[-98.950673178,21.042057599],[-98.950668718,21.042141547],[-98.950676942,21.042201015],[-98.950679707,21.042221003],[-98.950696895,21.04225256],[-98.950752323,21.042289682],[-98.950798283,21.04218015],[-98.950902988,21.042074192],[-98.95111539,21.041955976],[-98.951286349,21.04192751],[-98.951363314,21.042076177],[-98.951455895,21.042279716],[-98.9517373,21.042423634],[-98.951801445,21.042460103],[-98.9518355,21.042479465],[-98.951868607,21.042498288],[-98.95192376,21.042604116],[-98.951931647,21.04261925],[-98.951932336,21.042620574],[-98.951944024,21.0428273],[-98.951930137,21.04294981],[-98.951928749,21.04297106],[-98.951911234,21.043107033],[-98.951907648,21.043134874],[-98.95176305,21.043195377],[-98.95144548,21.04321401],[-98.951368231,21.04321439],[-98.95127587,21.043226953],[-98.950991287,21.04337014],[-98.950816959,21.043476946],[-98.950805754,21.043544117],[-98.950815055,21.043585121],[-98.950844537,21.043638533],[-98.950946418,21.043770226],[-98.950968286,21.043788183],[-98.951039323,21.043846514],[-98.951121512,21.043831347],[-98.951210827,21.043840333],[-98.951375692,21.043788399],[-98.951400551,21.043820108],[-98.951450643,21.043913896],[-98.951469252,21.043948738],[-98.951469866,21.043954654],[-98.951469933,21.043955302],[-98.951494441,21.044191751],[-98.951492818,21.044229535],[-98.951416595,21.044240863],[-98.951104738,21.04426705],[-98.951100913,21.044311754],[-98.950928396,21.044340498],[-98.950827762,21.044446885],[-98.950775067,21.044514985],[-98.950622146,21.044671844],[-98.950385468,21.044754999],[-98.950303223,21.044659714],[-98.950244346,21.04461676],[-98.95022075,21.04457451],[-98.950196762,21.044481829],[-98.950194476,21.044473564],[-98.950194333,21.044473044],[-98.950162721,21.044358694],[-98.950144932,21.044127835],[-98.950121531,21.044076944],[-98.950097508,21.044072423],[-98.949962124,21.044024635],[-98.949907372,21.043979025],[-98.949862562,21.043924827],[-98.949821864,21.043824609]]]]},"properties":{"locality":"El Naranjal","municipality":null,"official_key":"130620015","CVE_ENT":"13","CVE_MUN":"062","CVE_LOC":"0015","ambito":"RURAL","geometry_kind":"locality","source":"INEGI Gaia — Servicio vectorial del Marco Geoestadístico"}},{"type":"Feature","geometry":{"type":"MultiPolygon","crs":{"type":"name","properties":{"name":"EPSG:6365"}},"coordinates":[[[[-98.751986133,20.965673771],[-98.751933219,20.96447106],[-98.752180715,20.96414998],[-98.752273841,20.963579957],[-98.75248148,20.96351391],[-98.752394709,20.96340626],[-98.752331049,20.963291061],[-98.752337909,20.96315478],[-98.752369739,20.963087221],[-98.752468879,20.962921251],[-98.75254265,20.962796481],[-98.752583979,20.96270638],[-98.7526222,20.96258002],[-98.752646279,20.962445721],[-98.75264837,20.96242812],[-98.752662919,20.962407741],[-98.752679779,20.962393401],[-98.752693579,20.96238803],[-98.75270912,20.96238966],[-98.752732629,20.96240146],[-98.75279665,20.962451181],[-98.753016051,20.962520699],[-98.753471487,20.962520087],[-98.753958635,20.962475383],[-98.754901278,20.962383192],[-98.756181879,20.962140721],[-98.756412859,20.962096371],[-98.756523576,20.962052301],[-98.756701287,20.962019574],[-98.756917882,20.962000853],[-98.757118488,20.962001688],[-98.757274715,20.962109288],[-98.757381864,20.962286878],[-98.757376885,20.962555141],[-98.757899588,20.962373748],[-98.758207234,20.962699394],[-98.758385293,20.963195319],[-98.75841315,20.96378141],[-98.75860498,20.964264905],[-98.758909924,20.964170503],[-98.759080758,20.964551984],[-98.757881277,20.96486728],[-98.757136849,20.96501698],[-98.756770726,20.965096799],[-98.756318456,20.965192298],[-98.755887744,20.965258557],[-98.755066551,20.965398037],[-98.754124111,20.965482188],[-98.75389443,20.965578266],[-98.753062879,20.965650211],[-98.752506566,20.965809898],[-98.751986133,20.965673771]]]]},"properties":{"locality":"Guadalupe (Otongo) [Colonia]","municipality":null,"official_key":"130620016","CVE_ENT":"13","CVE_MUN":"062","CVE_LOC":"0016","ambito":"RURAL","geometry_kind":"locality","source":"INEGI Gaia — Servicio vectorial del Marco Geoestadístico"}},{"type":"Feature","geometry":{"type":"MultiPolygon","crs":{"type":"name","properties":{"name":"EPSG:6365"}},"coordinates":[[[[-98.914583539,21.085922199],[-98.915358847,21.086420488],[-98.915991242,21.086809836],[-98.916077409,21.086976505],[-98.916096419,21.087013277],[-98.916061433,21.087077345],[-98.916070862,21.087123695],[-98.916018099,21.087282548],[-98.915864825,21.087406236],[-98.915584131,21.087530232],[-98.915082713,21.087773673],[-98.914928927,21.087852688],[-98.91483102,21.088105715],[-98.914618249,21.088280065],[-98.914500665,21.088366708],[-98.914496453,21.088369811],[-98.914406027,21.08842305],[-98.91425046,21.088501392],[-98.914024193,21.088461137],[-98.913917127,21.088354342],[-98.913921499,21.088271757],[-98.913922046,21.088181004],[-98.913922224,21.088164819],[-98.91392345,21.08805281],[-98.91384305,21.088144831],[-98.91359479,21.088099102],[-98.91351211,21.08826328],[-98.91341349,21.08847452],[-98.913387799,21.088532201],[-98.913373659,21.088561321],[-98.91334792,21.088582711],[-98.91333482,21.08858975],[-98.91327309,21.088774281],[-98.91318322,21.089086121],[-98.913149689,21.089220511],[-98.913091049,21.0893676],[-98.91300245,21.089591621],[-98.912965519,21.089695291],[-98.912950479,21.08979895],[-98.91292312,21.08988946],[-98.91286408,21.089940481],[-98.91279862,21.089961021],[-98.912722999,21.089957861],[-98.9126614,21.089935121],[-98.91261806,21.08989688],[-98.912578599,21.08983835],[-98.91257617,21.089787831],[-98.912592829,21.089738891],[-98.91261695,21.08970185],[-98.912639449,21.08964392],[-98.912660139,21.089545461],[-98.912718749,21.08930274],[-98.912789629,21.088935061],[-98.91281171,21.08883934],[-98.91282942,21.08873865],[-98.912835829,21.088637511],[-98.9128276,21.088525541],[-98.912837419,21.088437081],[-98.91282843,21.08835666],[-98.912801969,21.088300091],[-98.912756549,21.08823914],[-98.91268566,21.088200911],[-98.912562029,21.088139121],[-98.912422719,21.088093051],[-98.912260479,21.08807038],[-98.91220694,21.088063881],[-98.912161939,21.088048781],[-98.91216197,21.088002681],[-98.912193349,21.087968771],[-98.91224508,21.08793983],[-98.91240851,21.08786335],[-98.91262205,21.087809451],[-98.912817941,21.087763444],[-98.912868309,21.087745879],[-98.912777971,21.087436004],[-98.912732081,21.087439376],[-98.912677668,21.087402259],[-98.912661881,21.087354397],[-98.912655728,21.087288],[-98.912798978,21.087271239],[-98.912861733,21.087274874],[-98.912868545,21.08731247],[-98.912949901,21.087312673],[-98.91298285,21.087281644],[-98.913011857,21.087221721],[-98.913032166,21.087206283],[-98.913174037,21.087084331],[-98.913169298,21.086900545],[-98.913165932,21.086768413],[-98.913314553,21.086740878],[-98.913591899,21.086692648],[-98.913596599,21.086691829],[-98.913597122,21.086690501],[-98.913612901,21.086650379],[-98.91368741,21.086614426],[-98.913768219,21.086618167],[-98.913908228,21.086624649],[-98.913913227,21.086607462],[-98.913946194,21.086508719],[-98.913993993,21.086365615],[-98.914062844,21.086241664],[-98.914155387,21.086021665],[-98.914236961,21.08581153],[-98.914284907,21.085728938],[-98.914412194,21.085600405],[-98.914531976,21.085464517],[-98.914605264,21.08534786],[-98.914647138,21.085262264],[-98.914768493,21.085262235],[-98.91475754,21.085423342],[-98.914723749,21.085558085],[-98.914621857,21.085687881],[-98.91453312,21.085875781],[-98.914551749,21.08590017],[-98.914583539,21.085922199]]]]},"properties":{"locality":"La Palma","municipality":null,"official_key":"130620017","CVE_ENT":"13","CVE_MUN":"062","CVE_LOC":"0017","ambito":"RURAL","geometry_kind":"locality","source":"INEGI Gaia — Servicio vectorial del Marco Geoestadístico"}},{"type":"Feature","geometry":{"type":"MultiPolygon","crs":{"type":"name","properties":{"name":"EPSG:6365"}},"coordinates":[[[[-98.78161322,21.170883781],[-98.781857577,21.170735514],[-98.78200392,21.17064322],[-98.78208031,21.170514231],[-98.782180859,21.17030088],[-98.78227483,21.17000298],[-98.78227929,21.16998883],[-98.782398089,21.169658261],[-98.78253997,21.169397001],[-98.782461779,21.16934243],[-98.78234918,21.16928345],[-98.78225622,21.16926246],[-98.782216972,21.169255444],[-98.782177818,21.169227972],[-98.782156498,21.169172074],[-98.782172559,21.169141974],[-98.78223015,21.169077491],[-98.782372419,21.168875691],[-98.78247126,21.16865932],[-98.782590779,21.168475181],[-98.78269269,21.168317581],[-98.782705909,21.168303705],[-98.782810014,21.168356626],[-98.782904684,21.16838023],[-98.78298476,21.16837183],[-98.783050654,21.168314144],[-98.78312136,21.168247914],[-98.783178042,21.168190033],[-98.783240211,21.168159644],[-98.783416679,21.168102844],[-98.783546676,21.168062355],[-98.78363053,21.168088613],[-98.783749854,21.168173249],[-98.783825089,21.168303063],[-98.78387419,21.168433767],[-98.783945852,21.168520282],[-98.784081976,21.168543909],[-98.784028849,21.168771521],[-98.784013059,21.1690602],[-98.78396726,21.1692348],[-98.78399274,21.16938651],[-98.784012843,21.169475925],[-98.784013097,21.169477055],[-98.78399614,21.169529957],[-98.783976261,21.169558355],[-98.783943673,21.169582883],[-98.783908842,21.169594157],[-98.783852623,21.169592654],[-98.783804675,21.169574356],[-98.783779053,21.16955006],[-98.783764029,21.169571321],[-98.783702209,21.169658808],[-98.783638353,21.169759762],[-98.783337121,21.170237533],[-98.783273791,21.170423505],[-98.783178639,21.170762493],[-98.783123014,21.17097328],[-98.783579249,21.171024171],[-98.78398603,21.17106705],[-98.78440315,21.17109429],[-98.784677459,21.171140711],[-98.78478283,21.17117448],[-98.78483191,21.17123837],[-98.78484992,21.17131517],[-98.78479632,21.17139388],[-98.78470826,21.17143498],[-98.78442983,21.171570881],[-98.784277879,21.17164746],[-98.784159169,21.171765711],[-98.784082829,21.17193831],[-98.784036241,21.172051835],[-98.783948538,21.172138216],[-98.783875421,21.172198152],[-98.783711199,21.172292261],[-98.78364554,21.17235442],[-98.78363384,21.172453283],[-98.783774169,21.172669261],[-98.783743909,21.172691311],[-98.78367177,21.17274765],[-98.783579489,21.172783771],[-98.78346952,21.172795941],[-98.78330798,21.17277602],[-98.783211219,21.17275097],[-98.783170619,21.172746521],[-98.78312883,21.17274757],[-98.783040569,21.172761741],[-98.783008919,21.172770111],[-98.782931819,21.17279909],[-98.782880859,21.172825021],[-98.78283754,21.17284671],[-98.782753349,21.172860231],[-98.782620199,21.172823051],[-98.78254926,21.1728028],[-98.782463999,21.172756091],[-98.782385428,21.172687735],[-98.782190179,21.172797771],[-98.781968516,21.172765417],[-98.781856825,21.172765578],[-98.781482725,21.172947317],[-98.78138822,21.172869137],[-98.781339762,21.172789704],[-98.781316876,21.172744986],[-98.78128326,21.17275029],[-98.781243919,21.17279943],[-98.781191739,21.172843481],[-98.781125519,21.172876481],[-98.781042859,21.172880921],[-98.780993429,21.17292642],[-98.78095552,21.172978251],[-98.780886969,21.173051771],[-98.780785939,21.173084021],[-98.78076875,21.17308615],[-98.780664619,21.173073721],[-98.780562399,21.17306888],[-98.78050068,21.173067051],[-98.780419349,21.17309366],[-98.78033822,21.173079311],[-98.780264309,21.17302943],[-98.780163489,21.17297797],[-98.780103219,21.172958941],[-98.780039979,21.172979551],[-98.77998768,21.17299277],[-98.77991782,21.17300051],[-98.77978792,21.1729988],[-98.77969908,21.17298737],[-98.779632689,21.172959221],[-98.779578019,21.172924051],[-98.779511179,21.17288625],[-98.779402619,21.172903651],[-98.77935351,21.172868231],[-98.779298946,21.172818587],[-98.779415091,21.172655379],[-98.77979141,21.172279571],[-98.779678491,21.172235483],[-98.779603124,21.172218909],[-98.779499594,21.172161066],[-98.779418325,21.172127141],[-98.779294139,21.172068205],[-98.779285381,21.172026223],[-98.779306126,21.172000498],[-98.779367387,21.171997994],[-98.77945145,21.17201425],[-98.77967903,21.172014541],[-98.779834709,21.172006421],[-98.77997122,21.17199592],[-98.77999637,21.17188215],[-98.78001425,21.17181511],[-98.780014419,21.17170749],[-98.780005179,21.171528001],[-98.780029369,21.17143812],[-98.780042419,21.171392821],[-98.780046479,21.17137052],[-98.780008849,21.171322981],[-98.7799066,21.17126603],[-98.7799056,21.171242911],[-98.77988838,21.170962831],[-98.78025065,21.17068445],[-98.780359279,21.170744951],[-98.78054226,21.170850291],[-98.78051918,21.17097374],[-98.780507689,21.17102477],[-98.781026259,21.17106538],[-98.781203979,21.171065621],[-98.781273969,21.17109006],[-98.781324601,21.171108003],[-98.781392783,21.171017817],[-98.78161322,21.170883781]]]]},"properties":{"locality":"Petlapixca","municipality":null,"official_key":"130620018","CVE_ENT":"13","CVE_MUN":"062","CVE_LOC":"0018","ambito":"RURAL","geometry_kind":"locality","source":"INEGI Gaia — Servicio vectorial del Marco Geoestadístico"}},{"type":"Feature","geometry":{"type":"MultiPolygon","crs":{"type":"name","properties":{"name":"EPSG:6365"}},"coordinates":[[[[-98.7425562,21.117926831],[-98.742523369,21.117904351],[-98.74219565,21.117792031],[-98.74216508,21.117781861],[-98.742144749,21.117775091],[-98.741778999,21.1176238],[-98.74172577,21.11760209],[-98.7416876,21.11758294],[-98.741660179,21.117569201],[-98.741496969,21.11746878],[-98.741456889,21.117441621],[-98.74147654,21.117740651],[-98.741477249,21.11779669],[-98.740851919,21.11764078],[-98.74069208,21.117539291],[-98.74051254,21.117351351],[-98.7402026,21.117125891],[-98.74014992,21.11705703],[-98.740124539,21.117023851],[-98.740007109,21.11660272],[-98.73991811,21.11631071],[-98.739910629,21.116290751],[-98.739894719,21.116248261],[-98.73982155,21.11587615],[-98.739821119,21.11538842],[-98.73987169,21.11537849],[-98.74029234,21.115309091],[-98.740329509,21.11530651],[-98.74036949,21.11530371],[-98.740822769,21.115227951],[-98.740859889,21.11522482],[-98.74090717,21.11522082],[-98.741380289,21.115145421],[-98.741406179,21.11530486],[-98.741445139,21.11559743],[-98.741450879,21.115628981],[-98.741456619,21.11566048],[-98.741849756,21.116412627],[-98.741981375,21.116537996],[-98.74232106,21.116302075],[-98.742462248,21.116207304],[-98.742544552,21.116223071],[-98.742578577,21.116273867],[-98.74268686,21.116290389],[-98.742740495,21.116322722],[-98.742696114,21.116410343],[-98.74262401,21.116508553],[-98.74262203,21.116560215],[-98.742714439,21.11656371],[-98.742825386,21.116620966],[-98.742861269,21.11671053],[-98.74281939,21.116805217],[-98.742795799,21.116873708],[-98.742832421,21.11701046],[-98.742883617,21.117134944],[-98.74295002,21.117334297],[-98.74289683,21.11742308],[-98.74302735,21.11741182],[-98.74321846,21.11742208],[-98.74344669,21.117497351],[-98.743465749,21.117503651],[-98.744207769,21.11775486],[-98.74422185,21.117773021],[-98.74426708,21.1178352],[-98.744282179,21.117872821],[-98.74428195,21.11799445],[-98.744226939,21.118039341],[-98.74412777,21.11806109],[-98.74392825,21.118055461],[-98.74380578,21.118033971],[-98.743751549,21.11801009],[-98.743688859,21.118050261],[-98.74358449,21.118109681],[-98.743468249,21.118136491],[-98.74325703,21.11813798],[-98.742972419,21.118122971],[-98.74284615,21.118096151],[-98.74280415,21.11807868],[-98.74265131,21.11799552],[-98.7425562,21.117926831]]]]},"properties":{"locality":"Pueblo Nuevo","municipality":null,"official_key":"130620019","CVE_ENT":"13","CVE_MUN":"062","CVE_LOC":"0019","ambito":"RURAL","geometry_kind":"locality","source":"INEGI Gaia — Servicio vectorial del Marco Geoestadístico"}},{"type":"Feature","geometry":{"type":"MultiPolygon","crs":{"type":"name","properties":{"name":"EPSG:6365"}},"coordinates":[[[[-98.868289528,21.074256607],[-98.868257655,21.074197726],[-98.86825289,21.074188923],[-98.868251083,21.074175648],[-98.868249149,21.074161441],[-98.86823816,21.074080699],[-98.868223395,21.073972213],[-98.868215575,21.073813577],[-98.868207252,21.073676539],[-98.868161326,21.073506317],[-98.868044452,21.073251799],[-98.867960257,21.073077188],[-98.86790033,21.07284905],[-98.867852947,21.072679697],[-98.868020397,21.072739557],[-98.868165015,21.072795132],[-98.868318698,21.072602475],[-98.868373093,21.072534285],[-98.868438906,21.072564448],[-98.868499771,21.072587306],[-98.868556082,21.072586058],[-98.868627901,21.072577926],[-98.868676931,21.072559722],[-98.868725961,21.072541518],[-98.86878494,21.072535523],[-98.868833579,21.072534118],[-98.868876235,21.07245591],[-98.86892641,21.072322473],[-98.868956071,21.072241912],[-98.868953628,21.072012242],[-98.869024106,21.071875112],[-98.869241734,21.071795283],[-98.869378897,21.071764259],[-98.869500109,21.071813912],[-98.869558287,21.071843542],[-98.869655869,21.071830221],[-98.869756134,21.071765591],[-98.869845672,21.071678435],[-98.869989238,21.071600119],[-98.870169756,21.071621191],[-98.87028456,21.071684811],[-98.870275541,21.071579488],[-98.870248906,21.071422958],[-98.870203493,21.071258918],[-98.87013932,21.07116665],[-98.86997032,21.07106942],[-98.86972098,21.07099591],[-98.869646629,21.070901021],[-98.869611449,21.070773481],[-98.86966148,21.070638541],[-98.86992017,21.070422651],[-98.87015215,21.07027034],[-98.87019908,21.07013792],[-98.870293879,21.06987992],[-98.87037278,21.06960463],[-98.870481399,21.06948722],[-98.870601043,21.069161707],[-98.870899322,21.069260861],[-98.871048044,21.069741136],[-98.871195603,21.069996281],[-98.871332679,21.070152162],[-98.871380076,21.070864475],[-98.871429927,21.071333721],[-98.871510565,21.071716556],[-98.871650667,21.072292702],[-98.871715033,21.072413956],[-98.871806912,21.072587042],[-98.872023627,21.073068855],[-98.872095778,21.073229264],[-98.872029738,21.073594089],[-98.871940511,21.073718323],[-98.871895402,21.073870473],[-98.871841124,21.074004428],[-98.871874029,21.074377281],[-98.871981289,21.074715641],[-98.871949919,21.075102187],[-98.871912447,21.075338534],[-98.87184178,21.07537574],[-98.871624109,21.07533834],[-98.871383,21.075267911],[-98.8710148,21.07509862],[-98.87085658,21.07497755],[-98.870725679,21.074909651],[-98.87046731,21.07487415],[-98.870464954,21.075120515],[-98.870513673,21.075714462],[-98.870523991,21.075859499],[-98.87055752,21.076205291],[-98.87055953,21.076502074],[-98.870432797,21.076638678],[-98.870040526,21.076706036],[-98.870016051,21.076502578],[-98.869956876,21.076271329],[-98.869995014,21.076100645],[-98.869958788,21.075962025],[-98.869810143,21.075973386],[-98.869676951,21.075980263],[-98.86960791,21.075978848],[-98.86955477,21.075953747],[-98.869534883,21.075891706],[-98.86951582,21.075743403],[-98.869491199,21.075570015],[-98.86946575,21.075051486],[-98.86942295,21.075021796],[-98.869345691,21.074933771],[-98.869228579,21.074799306],[-98.869143538,21.074715924],[-98.869065497,21.074661499],[-98.868926908,21.074761665],[-98.868819384,21.074796423],[-98.868711858,21.074806154],[-98.868631156,21.074777089],[-98.868590685,21.074745521],[-98.868478771,21.074732586],[-98.86834771,21.074686073],[-98.868195195,21.07460452],[-98.868203978,21.074475204],[-98.868289528,21.074256607]]]]},"properties":{"locality":"La Reforma","municipality":null,"official_key":"130620020","CVE_ENT":"13","CVE_MUN":"062","CVE_LOC":"0020","ambito":"RURAL","geometry_kind":"locality","source":"INEGI Gaia — Servicio vectorial del Marco Geoestadístico"}},{"type":"Feature","geometry":{"type":"MultiPolygon","crs":{"type":"name","properties":{"name":"EPSG:6365"}},"coordinates":[[[[-98.89920662,21.09382834],[-98.89919629,21.09383888],[-98.89918485,21.09384548],[-98.89917428,21.09381054],[-98.89918885,21.09374134],[-98.89921697,21.09370283],[-98.8992804,21.09368762],[-98.89932948,21.09369889],[-98.89936415,21.09370218],[-98.89942235,21.09370074],[-98.89945878,21.09369332],[-98.89949626,21.09366418],[-98.89949812,21.09365682],[-98.8995288,21.09366323],[-98.89960482,21.09368734],[-98.89964492,21.09370212],[-98.89965166,21.09370217],[-98.8996796,21.09372962],[-98.89969285,21.09374377],[-98.89970863,21.09378897],[-98.89969312,21.09383185],[-98.89963902,21.09384872],[-98.89959449,21.09385318],[-98.89951722,21.09385762],[-98.89938992,21.09383271],[-98.89920662,21.09382834]]]]},"properties":{"locality":"San Antonio","municipality":null,"official_key":"130620021","CVE_ENT":"13","CVE_MUN":"062","CVE_LOC":"0021","ambito":"RURAL","geometry_kind":"locality","source":"INEGI Gaia — Servicio vectorial del Marco Geoestadístico"}},{"type":"Feature","geometry":{"type":"MultiPolygon","crs":{"type":"name","properties":{"name":"EPSG:6365"}},"coordinates":[[[[-98.818013962,21.010875405],[-98.816769417,21.011055686],[-98.816710408,21.010900445],[-98.816715773,21.010830336],[-98.816903528,21.010524863],[-98.817134198,21.010329561],[-98.817354139,21.01021939],[-98.81757408,21.010234414],[-98.817697461,21.010279483],[-98.817874487,21.010459763],[-98.818013962,21.010875405]]],[[[-98.813126372,21.013450428],[-98.814397668,21.012682059],[-98.814588539,21.012547431],[-98.814951399,21.01228397],[-98.81523747,21.012055744],[-98.814882613,21.011469012],[-98.815804485,21.010942373],[-98.816301764,21.010975769],[-98.816473832,21.011201216],[-98.816036065,21.011504694],[-98.816146031,21.011950102],[-98.815732893,21.012502401],[-98.815796449,21.0126224],[-98.815771739,21.01265305],[-98.81564166,21.01283043],[-98.815455379,21.01299826],[-98.815189149,21.013176941],[-98.814914391,21.013327471],[-98.814776146,21.013163404],[-98.813296798,21.013960807],[-98.813126372,21.013450428]]]]},"properties":{"locality":"San Simón","municipality":null,"official_key":"130620022","CVE_ENT":"13","CVE_MUN":"062","CVE_LOC":"0022","ambito":"RURAL","geometry_kind":"locality","source":"INEGI Gaia — Servicio vectorial del Marco Geoestadístico"}},{"type":"Feature","geometry":{"type":"MultiPolygon","crs":{"type":"name","properties":{"name":"EPSG:6365"}},"coordinates":[[[[-98.800009842,21.001145695],[-98.799735106,21.001230523],[-98.799565551,21.001257913],[-98.799445379,21.001229704],[-98.79932092,21.001245648],[-98.799191096,21.00131668],[-98.798891743,21.001205174],[-98.798697472,21.000716577],[-98.79862199,21.000169038],[-98.798680617,20.999691611],[-98.798908554,20.99935916],[-98.799018376,20.999141143],[-98.799019297,20.99893874],[-98.799012013,20.998685756],[-98.798951083,20.99847284],[-98.79879851,20.998344181],[-98.798867915,20.99807145],[-98.798864543,20.997591593],[-98.798930905,20.997111735],[-98.799054289,20.996935891],[-98.79914858,20.996800261],[-98.799402859,20.99654325],[-98.79902918,20.996220691],[-98.798540179,20.99587014],[-98.7984747,20.995709702],[-98.798582259,20.995447918],[-98.79875853,20.995350287],[-98.798827339,20.995343421],[-98.799209776,20.995244218],[-98.799499371,20.995128427],[-98.799730295,20.995195415],[-98.799881005,20.995359439],[-98.799603066,20.99559734],[-98.79993327,20.995917315],[-98.800078518,20.995845801],[-98.800178165,20.995826876],[-98.800302451,20.995849833],[-98.800476314,20.996085503],[-98.800526796,20.996115833],[-98.800788693,20.996171486],[-98.801041008,20.996334556],[-98.801084112,20.996379933],[-98.801119355,20.996433122],[-98.801122788,20.996516966],[-98.800766615,20.99700089],[-98.80110083,20.997041269],[-98.801357261,20.997116708],[-98.801530835,20.997227083],[-98.801761711,20.997454468],[-98.801381044,20.997586698],[-98.801360658,20.997948046],[-98.800910412,20.998130096],[-98.800460166,20.998362225],[-98.79990836,20.998811461],[-98.799770345,20.999038837],[-98.799708891,20.999263213],[-98.799816654,20.999666893],[-98.799544021,20.999718022],[-98.799528543,21.000122452],[-98.799614988,21.000351594],[-98.799873711,21.000569492],[-98.800026376,21.000985254],[-98.800009842,21.001145695]]]]},"properties":{"locality":"Tamala","municipality":null,"official_key":"130620023","CVE_ENT":"13","CVE_MUN":"062","CVE_LOC":"0023","ambito":"RURAL","geometry_kind":"locality","source":"INEGI Gaia — Servicio vectorial del Marco Geoestadístico"}},{"type":"Feature","geometry":{"type":"MultiPolygon","crs":{"type":"name","properties":{"name":"EPSG:6365"}},"coordinates":[[[[-98.931423173,21.055529379],[-98.931432612,21.055564145],[-98.931430166,21.055626525],[-98.931379158,21.055664878],[-98.931283203,21.055677598],[-98.931196289,21.05567823],[-98.93110566,21.05572746],[-98.931010109,21.05579446],[-98.930702279,21.056021308],[-98.93064346,21.056132978],[-98.930640286,21.056226707],[-98.930667429,21.05635858],[-98.931005998,21.05619884],[-98.931235168,21.056180158],[-98.931364508,21.056186566],[-98.931614671,21.056249604],[-98.931792613,21.056406385],[-98.931949079,21.056662674],[-98.931931276,21.056821887],[-98.931828061,21.057104922],[-98.931942328,21.056958191],[-98.932179978,21.056821473],[-98.932687464,21.05666318],[-98.93259847,21.057158586],[-98.932647406,21.057479242],[-98.932855336,21.057651899],[-98.932995825,21.057467905],[-98.93316932,21.057516815],[-98.933261332,21.057596148],[-98.933228359,21.057844552],[-98.93323213,21.058086347],[-98.933201909,21.05828789],[-98.93309195,21.05871243],[-98.932988629,21.05912762],[-98.932921578,21.059413388],[-98.932786836,21.059391623],[-98.932587144,21.059302309],[-98.932370228,21.059260824],[-98.932202524,21.059225167],[-98.932024473,21.059229541],[-98.931882847,21.059215698],[-98.931853872,21.059296971],[-98.93159232,21.05927308],[-98.930942661,21.059365226],[-98.930730832,21.059294016],[-98.930548957,21.059323834],[-98.930355761,21.059208499],[-98.930293535,21.059240607],[-98.929852633,21.059189168],[-98.929670669,21.059121829],[-98.929552849,21.058999968],[-98.929476124,21.059038122],[-98.929507007,21.059564259],[-98.929371314,21.059608462],[-98.929034773,21.059604365],[-98.929082892,21.059317198],[-98.929049716,21.058685878],[-98.928891454,21.058616709],[-98.928751971,21.058572639],[-98.928574037,21.05853764],[-98.928539794,21.058284158],[-98.92854377,21.058152281],[-98.928450999,21.057671031],[-98.928383999,21.05736155],[-98.928341819,21.057163251],[-98.928361289,21.05706305],[-98.928445579,21.057005351],[-98.92868777,21.05693683],[-98.928776489,21.05691685],[-98.92878911,21.056869031],[-98.928822859,21.056800941],[-98.928880909,21.056732981],[-98.928965909,21.056655031],[-98.92905826,21.056589681],[-98.929132749,21.056512151],[-98.929186909,21.05641985],[-98.92923998,21.05628731],[-98.929381339,21.05611617],[-98.929523719,21.05578063],[-98.92961649,21.055494061],[-98.929654519,21.055325031],[-98.92974065,21.05518165],[-98.92983275,21.05502637],[-98.92989652,21.054847291],[-98.92993362,21.05458735],[-98.929989879,21.05417558],[-98.930012552,21.054056176],[-98.930025579,21.053987571],[-98.930062259,21.05387526],[-98.930102079,21.053803771],[-98.930113182,21.053784019],[-98.9301111,21.053735655],[-98.930046816,21.053638318],[-98.929970843,21.053492725],[-98.929939577,21.053405657],[-98.929941399,21.053325781],[-98.92995774,21.053188401],[-98.929964219,21.05305903],[-98.929977249,21.05292523],[-98.930034249,21.052738851],[-98.930067889,21.052976151],[-98.930066225,21.053020516],[-98.93006268,21.053115031],[-98.930050979,21.05325237],[-98.930057539,21.053326481],[-98.930091132,21.05343862],[-98.93018879,21.053530625],[-98.930479242,21.05374896],[-98.93049361,21.053771363],[-98.930523703,21.053818285],[-98.930506228,21.053911577],[-98.930428379,21.053960435],[-98.930334779,21.054026987],[-98.930290951,21.054098139],[-98.930288077,21.054224139],[-98.930357015,21.054902639],[-98.930391671,21.05506541],[-98.930422029,21.05512285],[-98.9305778,21.055204541],[-98.93075509,21.055278981],[-98.930763501,21.055281942],[-98.930816168,21.055300487],[-98.930870725,21.055315696],[-98.931193482,21.05540567],[-98.93133749,21.055484198],[-98.931415827,21.055525506],[-98.931423173,21.055529379]]]]},"properties":{"locality":"Tenango","municipality":null,"official_key":"130620024","CVE_ENT":"13","CVE_MUN":"062","CVE_LOC":"0024","ambito":"RURAL","geometry_kind":"locality","source":"INEGI Gaia — Servicio vectorial del Marco Geoestadístico"}},{"type":"Feature","geometry":{"type":"MultiPolygon","crs":{"type":"name","properties":{"name":"EPSG:6365"}},"coordinates":[[[[-98.852662163,21.093396925],[-98.852828462,21.09321174],[-98.85287674,21.093146677],[-98.852855283,21.09305158],[-98.852802505,21.092960133],[-98.852742631,21.092856387],[-98.852696331,21.09282497],[-98.852683623,21.092816347],[-98.852678613,21.092814984],[-98.852426131,21.092746275],[-98.852368757,21.092729146],[-98.852292019,21.092706236],[-98.852279475,21.092700731],[-98.852200824,21.092666196],[-98.852165801,21.092596178],[-98.852163274,21.092591122],[-98.852168638,21.092531061],[-98.852216917,21.092476006],[-98.852318841,21.092400931],[-98.852474409,21.09228081],[-98.852549511,21.092170701],[-98.852548746,21.09215927],[-98.852544147,21.09209062],[-98.852506596,21.091935464],[-98.852504456,21.091897532],[-98.852501231,21.091840369],[-98.852528053,21.091800329],[-98.852582687,21.091767892],[-98.852587062,21.091765294],[-98.852601977,21.091764599],[-98.852694351,21.091760289],[-98.85280164,21.091690217],[-98.852887408,21.091621628],[-98.852951843,21.091570098],[-98.852990266,21.091532361],[-98.85300151,21.091521319],[-98.853053767,21.091469996],[-98.853213747,21.091274183],[-98.853317035,21.091100315],[-98.853636846,21.090555814],[-98.853713614,21.090336484],[-98.853867924,21.08970078],[-98.853869159,21.0896957],[-98.853843869,21.089214251],[-98.853842043,21.089177346],[-98.853823561,21.088803538],[-98.853736388,21.088542645],[-98.85370579,21.087869222],[-98.853698168,21.087701467],[-98.853797074,21.087320916],[-98.853932358,21.087235751],[-98.853933809,21.087235492],[-98.853964824,21.087229946],[-98.854198484,21.087188161],[-98.854401284,21.087434648],[-98.854373938,21.087733072],[-98.854464609,21.088041504],[-98.855746705,21.088334305],[-98.85575062,21.088336008],[-98.855833367,21.088371985],[-98.85614099,21.088505731],[-98.85613649,21.088508338],[-98.855964384,21.088608026],[-98.855956593,21.08861254],[-98.855956567,21.088612555],[-98.855946831,21.088618194],[-98.855941194,21.08862146],[-98.855941165,21.088621476],[-98.855900358,21.088667506],[-98.855819417,21.088758809],[-98.85581443,21.088764434],[-98.855751077,21.08891336],[-98.855745699,21.088926006],[-98.85571023,21.088980197],[-98.85564696,21.089076865],[-98.85564694,21.089076931],[-98.855646103,21.08907964],[-98.85562242,21.089156381],[-98.855619047,21.089167309],[-98.855508533,21.089317638],[-98.855444579,21.08931151],[-98.855404995,21.089307715],[-98.855403072,21.089313105],[-98.855367574,21.089412666],[-98.855355839,21.08944558],[-98.855353227,21.089452908],[-98.855107401,21.089490468],[-98.855065526,21.089574931],[-98.855043498,21.089619361],[-98.85503492,21.089640161],[-98.854990088,21.089748872],[-98.855065305,21.089823638],[-98.854979532,21.089881042],[-98.854938178,21.089873203],[-98.854845158,21.089841443],[-98.854728035,21.089832587],[-98.854551266,21.089936242],[-98.854524675,21.089966279],[-98.854484341,21.09001184],[-98.854422886,21.090123431],[-98.854384614,21.090228296],[-98.854378655,21.090278861],[-98.854381562,21.090468351],[-98.854345792,21.090575669],[-98.85450928,21.090915203],[-98.854524882,21.091013972],[-98.854706008,21.091189715],[-98.854829389,21.09126479],[-98.854900935,21.091226645],[-98.854904491,21.091224749],[-98.854980568,21.091265038],[-98.855102973,21.091329856],[-98.855103133,21.091329719],[-98.855156619,21.09128481],[-98.855195507,21.091271146],[-98.855363148,21.091212238],[-98.855525565,21.091189837],[-98.855664458,21.091170679],[-98.855671602,21.091169693],[-98.855753651,21.091216729],[-98.855767086,21.091214238],[-98.85639848,21.091097121],[-98.856972681,21.091177973],[-98.857031482,21.091547575],[-98.857041831,21.091805518],[-98.85696979,21.09202055],[-98.856898837,21.092139407],[-98.856824163,21.092297961],[-98.856822232,21.092302064],[-98.85687314,21.092321773],[-98.856885283,21.092326474],[-98.856866918,21.09238369],[-98.856835681,21.092481011],[-98.856610376,21.092566097],[-98.856436082,21.092517312],[-98.856347071,21.092492397],[-98.856342155,21.092491022],[-98.856288792,21.092507619],[-98.856181222,21.092541072],[-98.856175902,21.0925371],[-98.856108965,21.092487139],[-98.856100756,21.092481011],[-98.855286462,21.092714395],[-98.855280126,21.09271621],[-98.855279999,21.092716246],[-98.855639415,21.092891421],[-98.855816381,21.093436776],[-98.855816442,21.093436965],[-98.855643824,21.093536267],[-98.855241243,21.093767859],[-98.855146534,21.09382234],[-98.854786909,21.094029219],[-98.854781108,21.094032555],[-98.854437787,21.094087609],[-98.854158836,21.094202723],[-98.854067899,21.09419941],[-98.853726593,21.09418697],[-98.853430617,21.094341611],[-98.853151666,21.094479246],[-98.853085951,21.09448175],[-98.852967937,21.094558074],[-98.85281093,21.094673548],[-98.852372485,21.094996006],[-98.851581233,21.094884645],[-98.851196337,21.094969103],[-98.850880507,21.094390722],[-98.85073332,21.094186614],[-98.85077238,21.0940245],[-98.851247887,21.093928428],[-98.851319341,21.093920433],[-98.851462381,21.093856017],[-98.851483814,21.093846365],[-98.851579319,21.093677734],[-98.851646519,21.093559082],[-98.851926354,21.093570596],[-98.851980057,21.093594337],[-98.852211111,21.09369647],[-98.85247441,21.093702228],[-98.852576334,21.093637163],[-98.852662163,21.093396925]]]]},"properties":{"locality":"Texcapa","municipality":null,"official_key":"130620025","CVE_ENT":"13","CVE_MUN":"062","CVE_LOC":"0025","ambito":"URBANO","geometry_kind":"locality","source":"INEGI Gaia — Servicio vectorial del Marco Geoestadístico"}},{"type":"Feature","geometry":{"type":"MultiPolygon","crs":{"type":"name","properties":{"name":"EPSG:6365"}},"coordinates":[[[[-98.751338973,21.148737264],[-98.751374224,21.149592364],[-98.751383141,21.150260123],[-98.751345829,21.150358491],[-98.75115208,21.150527151],[-98.750948358,21.150821391],[-98.750717814,21.151085613],[-98.750487339,21.15139445],[-98.75043263,21.15143471],[-98.750401769,21.15145066],[-98.750298519,21.15150406],[-98.75009291,21.15158532],[-98.749891535,21.151706267],[-98.749655251,21.151852702],[-98.749705449,21.151637251],[-98.749884214,21.151072448],[-98.75007653,21.15084362],[-98.750330412,21.150306094],[-98.750420978,21.15003746],[-98.750480019,21.14991335],[-98.750596369,21.149844971],[-98.750733449,21.149776881],[-98.750864309,21.14964522],[-98.75092197,21.149558681],[-98.750958909,21.149453281],[-98.75094538,21.149289111],[-98.7509572,21.149125806],[-98.750967166,21.148994132],[-98.751070437,21.148844605],[-98.751338973,21.148737264]]]]},"properties":{"locality":"Texopich","municipality":null,"official_key":"130620026","CVE_ENT":"13","CVE_MUN":"062","CVE_LOC":"0026","ambito":"RURAL","geometry_kind":"locality","source":"INEGI Gaia — Servicio vectorial del Marco Geoestadístico"}},{"type":"Feature","geometry":{"type":"MultiPolygon","crs":{"type":"name","properties":{"name":"EPSG:6365"}},"coordinates":[[[[-98.847186382,21.04989494],[-98.847208547,21.049931415],[-98.847207648,21.049969814],[-98.847160561,21.050014464],[-98.84697509,21.050088537],[-98.846844416,21.050150816],[-98.84666927,21.050230591],[-98.846609975,21.050279681],[-98.846586051,21.050291634],[-98.846542372,21.050307849],[-98.846429713,21.050312726],[-98.84634029,21.050308479],[-98.846237857,21.050313567],[-98.846163323,21.050328837],[-98.846090726,21.050370558],[-98.84598245,21.05040674],[-98.845906315,21.050381157],[-98.845842058,21.05033661],[-98.845618288,21.050556496],[-98.845454467,21.050670768],[-98.845072769,21.051023056],[-98.844644429,21.051400792],[-98.844628134,21.051441274],[-98.844456665,21.051663439],[-98.844439276,21.05164147],[-98.844156263,21.051275453],[-98.844115245,21.051279407],[-98.843927993,21.051301951],[-98.843787381,21.051299045],[-98.843740514,21.051285621],[-98.843543467,21.051229175],[-98.843103314,21.051128836],[-98.842858162,21.051111764],[-98.842594495,21.051120721],[-98.84258999,21.051122502],[-98.842496388,21.051159512],[-98.842420783,21.051220379],[-98.842336551,21.051321887],[-98.842254988,21.051418647],[-98.842233097,21.051467462],[-98.842165432,21.051618343],[-98.842122395,21.051728054],[-98.842075723,21.051863955],[-98.842033129,21.051935108],[-98.841965249,21.051993733],[-98.841864753,21.052025272],[-98.841650874,21.052060439],[-98.841541888,21.052047842],[-98.841402232,21.052006105],[-98.841347225,21.051952142],[-98.841260109,21.051849493],[-98.84124112,21.05178667],[-98.841243475,21.051686318],[-98.841243542,21.051683471],[-98.841244389,21.051680615],[-98.84127965,21.05156176],[-98.841342797,21.051463818],[-98.841481286,21.051249019],[-98.841492005,21.051232393],[-98.841551835,21.051093438],[-98.841603528,21.050896056],[-98.841618531,21.050744208],[-98.841433568,21.050800527],[-98.841426912,21.050730265],[-98.841440091,21.050610624],[-98.841437236,21.050405268],[-98.841393803,21.050130641],[-98.841353245,21.049619721],[-98.84138436,21.049388494],[-98.841419769,21.049187531],[-98.841510475,21.048960826],[-98.8416525,21.048814179],[-98.841841883,21.048751772],[-98.842157989,21.048826401],[-98.842729406,21.049022124],[-98.842921975,21.049001604],[-98.843162017,21.048807354],[-98.843654821,21.04843908],[-98.843909382,21.048259702],[-98.844147302,21.048357287],[-98.844260794,21.048431346],[-98.844376783,21.048529787],[-98.844507697,21.048673558],[-98.844694024,21.048908516],[-98.844738751,21.048953457],[-98.844894752,21.049074739],[-98.845032013,21.049160614],[-98.845063337,21.049174809],[-98.845259477,21.049337392],[-98.845486431,21.049582124],[-98.845565349,21.049650174],[-98.84562217,21.049681362],[-98.845679762,21.049679549],[-98.845773071,21.049654464],[-98.845927022,21.049639314],[-98.846061312,21.049639085],[-98.846287083,21.04969177],[-98.846614415,21.049776563],[-98.846869299,21.049814841],[-98.84706659,21.04985493],[-98.847116078,21.049868589],[-98.847130193,21.049872485],[-98.847186382,21.04989494]]]]},"properties":{"locality":"Teyahuala","municipality":null,"official_key":"130620027","CVE_ENT":"13","CVE_MUN":"062","CVE_LOC":"0027","ambito":"RURAL","geometry_kind":"locality","source":"INEGI Gaia — Servicio vectorial del Marco Geoestadístico"}},{"type":"Feature","geometry":{"type":"MultiPolygon","crs":{"type":"name","properties":{"name":"EPSG:6365"}},"coordinates":[[[[-98.789853246,21.092968138],[-98.7901164,21.092889415],[-98.79020783,21.09289277],[-98.790285662,21.092895631],[-98.790393631,21.092900231],[-98.7904446,21.092874892],[-98.790532877,21.092776754],[-98.790567246,21.092699108],[-98.790611846,21.092595708],[-98.790697831,21.092493585],[-98.790857785,21.092325277],[-98.790899923,21.092286631],[-98.791398662,21.091802231],[-98.791768523,21.0914272],[-98.791989015,21.091251769],[-98.792041554,21.091214277],[-98.792151754,21.091171662],[-98.792189138,21.0911544],[-98.792212092,21.091271569],[-98.792110769,21.091441846],[-98.7920858,21.091525492],[-98.792035615,21.091610062],[-98.791997908,21.091656077],[-98.791784738,21.091879969],[-98.791672215,21.092014246],[-98.791612538,21.092166492],[-98.791598631,21.092310015],[-98.791593031,21.092485785],[-98.791547154,21.092576508],[-98.791449569,21.092674985],[-98.791370846,21.092753831],[-98.791316646,21.0928518],[-98.791273077,21.092955277],[-98.791264969,21.092990123],[-98.791260092,21.093018323],[-98.791236508,21.093196692],[-98.791244554,21.093392031],[-98.7912682,21.093495862],[-98.7913008,21.093742154],[-98.791313738,21.093790338],[-98.791326723,21.093834569],[-98.791369031,21.094066262],[-98.79137398,21.09408969],[-98.791379646,21.094116523],[-98.791442523,21.094337538],[-98.791468338,21.094390369],[-98.791605123,21.094582831],[-98.791658292,21.094695954],[-98.791664985,21.094802262],[-98.791635185,21.094885708],[-98.791560477,21.094974077],[-98.791448246,21.095021077],[-98.7912808,21.095018015],[-98.791170538,21.094957246],[-98.790983338,21.094824738],[-98.790797646,21.09466],[-98.79077998,21.09463289],[-98.790760431,21.094602877],[-98.790692077,21.094502908],[-98.790592369,21.094325108],[-98.790461262,21.094084323],[-98.790393415,21.093949415],[-98.790335908,21.093896292],[-98.790262323,21.093858646],[-98.790199615,21.093791585],[-98.790186077,21.093732015],[-98.790094877,21.093493031],[-98.790022538,21.093300215],[-98.79002185,21.09326446],[-98.790021508,21.0932472],[-98.789880354,21.093110877],[-98.789808985,21.092974985],[-98.789853246,21.092968138]]]]},"properties":{"locality":"Xiliapa","municipality":null,"official_key":"130620028","CVE_ENT":"13","CVE_MUN":"062","CVE_LOC":"0028","ambito":"RURAL","geometry_kind":"locality","source":"INEGI Gaia — Servicio vectorial del Marco Geoestadístico"}},{"type":"Feature","geometry":{"type":"MultiPolygon","crs":{"type":"name","properties":{"name":"EPSG:6365"}},"coordinates":[[[[-98.805558461,21.07125017],[-98.805390967,21.071120699],[-98.805086143,21.070917877],[-98.804756706,21.070701333],[-98.804500792,21.070648124],[-98.804104614,21.070676583],[-98.803853276,21.070634962],[-98.803845877,21.070508432],[-98.804026277,21.070399523],[-98.804216507,21.070316955],[-98.804443184,21.070242109],[-98.804649046,21.070203231],[-98.804874912,21.070168243],[-98.805027886,21.070205346],[-98.8051183,21.070239652],[-98.805219292,21.070312553],[-98.805344535,21.070372563],[-98.805396141,21.070407763],[-98.805488414,21.070407858],[-98.805540689,21.070390268],[-98.805564088,21.070252474],[-98.805614487,21.070166568],[-98.805661415,21.070115809],[-98.805665428,21.070055037],[-98.805770013,21.069973541],[-98.80591481,21.069940699],[-98.805968369,21.069875015],[-98.806029646,21.069778201],[-98.806087123,21.069714663],[-98.806137262,21.069667863],[-98.806205861,21.069611892],[-98.806323492,21.069537215],[-98.806451877,21.069474493],[-98.806563777,21.069420409],[-98.806600608,21.069323779],[-98.806650509,21.06918128],[-98.806807911,21.069155267],[-98.806926067,21.069154671],[-98.807104515,21.069136595],[-98.807270469,21.069108637],[-98.807425958,21.069092493],[-98.807697151,21.068979707],[-98.808032717,21.068901961],[-98.808306883,21.068896642],[-98.808428935,21.069007252],[-98.808519464,21.069060052],[-98.80864218,21.069142888],[-98.808728426,21.069284508],[-98.808783065,21.069369316],[-98.808832594,21.069503801],[-98.808970696,21.069726244],[-98.809076101,21.069853823],[-98.809196061,21.070022686],[-98.809347646,21.070138709],[-98.809573707,21.070280478],[-98.809670554,21.070331554],[-98.809710307,21.070347108],[-98.8097922,21.070378524],[-98.809854185,21.070436755],[-98.809890985,21.070530001],[-98.810105015,21.070517907],[-98.810159061,21.070514908],[-98.810306537,21.070487431],[-98.810445476,21.070445334],[-98.810634269,21.070339172],[-98.81067622,21.070634613],[-98.810493885,21.071028597],[-98.810377335,21.071096639],[-98.810260785,21.071214738],[-98.810136692,21.071328123],[-98.809936615,21.071399185],[-98.809837923,21.071480924],[-98.809688553,21.071552046],[-98.809456384,21.071611478],[-98.809166045,21.071780123],[-98.809036291,21.071914646],[-98.808903845,21.071967292],[-98.808688107,21.072130677],[-98.808677076,21.072225001],[-98.808565462,21.072260123],[-98.808453785,21.072350923],[-98.808536276,21.072447585],[-98.8087072,21.072573293],[-98.808799431,21.072666323],[-98.808665708,21.072599231],[-98.808623354,21.072580954],[-98.808573814,21.072568154],[-98.808535122,21.072568108],[-98.808487631,21.072578738],[-98.808405307,21.072610631],[-98.808238831,21.072699001],[-98.807849154,21.072958647],[-98.807581018,21.073169781],[-98.807480954,21.0731738],[-98.807429199,21.073172954],[-98.807380754,21.073158015],[-98.807242369,21.0730994],[-98.807040091,21.073009293],[-98.806897262,21.072955524],[-98.806879048,21.073021782],[-98.806996232,21.073129327],[-98.806861284,21.073467133],[-98.806409518,21.073586999],[-98.80609967,21.073636101],[-98.805860977,21.07364222],[-98.805699574,21.073682598],[-98.805475228,21.073619513],[-98.805349173,21.073561233],[-98.805059997,21.073431607],[-98.804754727,21.073322005],[-98.80460258,21.073258223],[-98.80449335,21.073124363],[-98.804633016,21.072928104],[-98.804858514,21.072721832],[-98.805127121,21.072564578],[-98.805331736,21.072410254],[-98.805451293,21.072211729],[-98.805529471,21.071914792],[-98.805632184,21.071731386],[-98.805720677,21.07166837],[-98.805914601,21.071532673],[-98.80604045,21.071466829],[-98.805786044,21.07139354],[-98.805558461,21.07125017]]]]},"properties":{"locality":"Xilitla","municipality":null,"official_key":"130620029","CVE_ENT":"13","CVE_MUN":"062","CVE_LOC":"0029","ambito":"RURAL","geometry_kind":"locality","source":"INEGI Gaia — Servicio vectorial del Marco Geoestadístico"}},{"type":"Feature","geometry":{"type":"MultiPolygon","crs":{"type":"name","properties":{"name":"EPSG:6365"}},"coordinates":[[[[-98.79864314,21.15450803],[-98.798603624,21.154798978],[-98.798437447,21.154645611],[-98.798198068,21.15460109],[-98.797636852,21.154296021],[-98.797712311,21.154222157],[-98.797868239,21.15426336],[-98.797759155,21.153919288],[-98.797870013,21.153550198],[-98.797649738,21.153006456],[-98.797542367,21.152876774],[-98.797139953,21.152682053],[-98.797051356,21.152489832],[-98.796941301,21.152197553],[-98.797542873,21.152274639],[-98.797650916,21.152256669],[-98.797775809,21.152285767],[-98.797912942,21.152248907],[-98.798310588,21.152285252],[-98.798601628,21.152407973],[-98.798745138,21.152130782],[-98.798782376,21.152085139],[-98.799068275,21.15203428],[-98.799859175,21.152242532],[-98.799999815,21.152275365],[-98.800100018,21.152259184],[-98.80017426,21.152153535],[-98.800312875,21.152087911],[-98.800572292,21.152035536],[-98.800747597,21.152018886],[-98.800829026,21.1519447],[-98.800932872,21.151956427],[-98.801017186,21.152004893],[-98.801099984,21.152076815],[-98.801153248,21.152238707],[-98.801177385,21.15243024],[-98.801131356,21.15272577],[-98.801053713,21.152921262],[-98.801006088,21.153055024],[-98.80095878,21.153194121],[-98.800959689,21.153259061],[-98.8009996,21.153439831],[-98.801047379,21.153724821],[-98.801034419,21.15394326],[-98.801014826,21.154306792],[-98.800961168,21.15461868],[-98.800964772,21.15494223],[-98.801015669,21.155169451],[-98.80100537,21.155275801],[-98.800941061,21.155314149],[-98.80090422,21.155318459],[-98.800851919,21.155311311],[-98.800764619,21.15529403],[-98.80073234,21.155266181],[-98.800680889,21.15520312],[-98.800391485,21.155427053],[-98.800345872,21.155227347],[-98.800186534,21.155450689],[-98.800048655,21.155694042],[-98.799885546,21.155730488],[-98.799556141,21.155676882],[-98.799639796,21.155958468],[-98.799512318,21.155904802],[-98.799323402,21.15570468],[-98.799311298,21.155510945],[-98.79893972,21.155173891],[-98.79895828,21.15516112],[-98.798976109,21.15512988],[-98.79898842,21.15507311],[-98.79898405,21.155017351],[-98.798932086,21.15491522],[-98.798796997,21.154699527],[-98.79864314,21.15450803]]]]},"properties":{"locality":"Zacualtipanito","municipality":null,"official_key":"130620030","CVE_ENT":"13","CVE_MUN":"062","CVE_LOC":"0030","ambito":"RURAL","geometry_kind":"locality","source":"INEGI Gaia — Servicio vectorial del Marco Geoestadístico"}},{"type":"Feature","geometry":{"type":"MultiPolygon","crs":{"type":"name","properties":{"name":"EPSG:6365"}},"coordinates":[[[[-98.856846726,21.13455683],[-98.857130004,21.134382686],[-98.857354272,21.134283595],[-98.857535626,21.134274569],[-98.85786407,21.134338536],[-98.85807035,21.134416434],[-98.8580446,21.134150921],[-98.858040419,21.13411771],[-98.85804223,21.13406277],[-98.85804068,21.13404375],[-98.858030999,21.13402948],[-98.857978349,21.13394257],[-98.85795832,21.133842891],[-98.857947169,21.133732221],[-98.85796609,21.13366742],[-98.85803082,21.133590381],[-98.858145919,21.13351423],[-98.85826362,21.13346972],[-98.85841803,21.13344658],[-98.858606,21.13344926],[-98.858873769,21.133445911],[-98.859170399,21.133563461],[-98.859208493,21.133507083],[-98.85924104,21.13342851],[-98.859266809,21.133311378],[-98.859256371,21.133210311],[-98.859221958,21.133149573],[-98.859184594,21.133105581],[-98.859080045,21.133089025],[-98.859029499,21.133061573],[-98.859026344,21.132977465],[-98.859073791,21.132918408],[-98.859092214,21.132896695],[-98.859355768,21.132789733],[-98.859375883,21.132694553],[-98.859418094,21.132551244],[-98.859504919,21.132458263],[-98.85969125,21.132413165],[-98.859818572,21.132433117],[-98.859933955,21.132486867],[-98.860043972,21.132520603],[-98.860312238,21.13246687],[-98.860449073,21.132473182],[-98.860593997,21.132420757],[-98.860733462,21.132884399],[-98.861008083,21.132135391],[-98.861122352,21.131950841],[-98.861245169,21.131787677],[-98.861386837,21.131639307],[-98.861519316,21.131555583],[-98.86161099,21.131499572],[-98.86164057,21.131730565],[-98.861758974,21.131701163],[-98.861900699,21.131714878],[-98.862107236,21.131747934],[-98.86221409,21.131775341],[-98.862369904,21.131843373],[-98.862621337,21.131998181],[-98.86270192,21.132243447],[-98.86249074,21.13231714],[-98.862215189,21.132470894],[-98.862334637,21.132688332],[-98.86250916,21.13294308],[-98.86217156,21.133072296],[-98.862011348,21.1331506],[-98.861819666,21.133247162],[-98.861736709,21.133320198],[-98.861699545,21.133486284],[-98.861625214,21.133678358],[-98.861498012,21.133862357],[-98.861329437,21.13393014],[-98.861078119,21.133905592],[-98.860790057,21.133856492],[-98.860664547,21.133898395],[-98.860434983,21.133962188],[-98.860244079,21.134029731],[-98.859997259,21.134144814],[-98.859848062,21.134231796],[-98.859781727,21.134332486],[-98.859749657,21.134472901],[-98.859714598,21.13460425],[-98.859730772,21.13473365],[-98.859875836,21.134967181],[-98.860234578,21.135570311],[-98.860468192,21.136119629],[-98.860179115,21.136125611],[-98.860134957,21.136598405],[-98.860042219,21.13691183],[-98.859774148,21.137583405],[-98.859755867,21.137629205],[-98.857928691,21.137533255],[-98.857923429,21.137532979],[-98.857894662,21.137531468],[-98.857409578,21.137505991],[-98.856201105,21.137183964],[-98.856201297,21.137183648],[-98.85620257,21.13718156],[-98.856202783,21.137181209],[-98.856252423,21.13709979],[-98.856388605,21.136876423],[-98.856572174,21.1364348],[-98.856708239,21.136014276],[-98.856960418,21.135621609],[-98.85638066,21.135448109],[-98.856390989,21.135074469],[-98.856529663,21.134937618],[-98.856624623,21.134773996],[-98.856846726,21.13455683]]]]},"properties":{"locality":"Ixtlapalaco","municipality":null,"official_key":"130620034","CVE_ENT":"13","CVE_MUN":"062","CVE_LOC":"0034","ambito":"RURAL","geometry_kind":"locality","source":"INEGI Gaia — Servicio vectorial del Marco Geoestadístico"}},{"type":"Feature","geometry":{"type":"MultiPolygon","crs":{"type":"name","properties":{"name":"EPSG:6365"}},"coordinates":[[[[-98.940226037,21.069104981],[-98.940177082,21.069031784],[-98.939710508,21.069040183],[-98.939471351,21.06911318],[-98.939433663,21.069105506],[-98.939478857,21.069194144],[-98.939507956,21.069285284],[-98.939438752,21.069341169],[-98.939351847,21.069363481],[-98.939271646,21.069352004],[-98.939202441,21.06932279],[-98.939160138,21.069217847],[-98.939125881,21.06916171],[-98.939077024,21.069138887],[-98.938936973,21.069055993],[-98.93887908,21.068926353],[-98.938549541,21.068869328],[-98.938296727,21.06878769],[-98.938136564,21.068746813],[-98.937782367,21.068867689],[-98.937584347,21.068962688],[-98.937283589,21.068887159],[-98.93715468,21.068777971],[-98.937103879,21.06865023],[-98.937051784,21.068551368],[-98.936945169,21.068467602],[-98.936778426,21.068493517],[-98.93651519,21.068684481],[-98.936150403,21.068660077],[-98.936048673,21.068571043],[-98.935902613,21.068431974],[-98.935773237,21.068201379],[-98.936496534,21.067565113],[-98.936539813,21.067493899],[-98.936545541,21.067297538],[-98.936590649,21.067128651],[-98.936634417,21.067058628],[-98.936906842,21.067157553],[-98.937092676,21.067225163],[-98.937107808,21.067197645],[-98.937250346,21.067167626],[-98.937370531,21.067108858],[-98.937685175,21.067065109],[-98.937751047,21.067265396],[-98.937912135,21.067423132],[-98.937665403,21.067550942],[-98.937568874,21.067606168],[-98.937807061,21.067647684],[-98.937868868,21.067758795],[-98.93790072,21.067947156],[-98.938072098,21.068098494],[-98.938264933,21.068198522],[-98.938466652,21.068236876],[-98.938679101,21.068280238],[-98.938857357,21.068410396],[-98.939024885,21.068500511],[-98.939231193,21.068575614],[-98.939352127,21.06871355],[-98.94007245,21.068826769],[-98.940362599,21.068768809],[-98.940395121,21.068762313],[-98.940522589,21.068852064],[-98.940523045,21.068852386],[-98.940524438,21.068853366],[-98.940537971,21.068862895],[-98.940632406,21.069199808],[-98.940785894,21.069268225],[-98.940954867,21.0694311],[-98.940378199,21.06948451],[-98.940262167,21.069403948],[-98.940244312,21.069223309],[-98.940238873,21.069188089],[-98.940238574,21.069186155],[-98.940238462,21.069185432],[-98.940226037,21.069104981]]]]},"properties":{"locality":"Soyuco","municipality":null,"official_key":"130620061","CVE_ENT":"13","CVE_MUN":"062","CVE_LOC":"0061","ambito":"RURAL","geometry_kind":"locality","source":"INEGI Gaia — Servicio vectorial del Marco Geoestadístico"}},{"type":"Feature","geometry":{"type":"MultiPolygon","crs":{"type":"name","properties":{"name":"EPSG:6365"}},"coordinates":[[[[-98.9130832,21.04366914],[-98.91306843,21.04356449],[-98.91300774,21.04331388],[-98.91298011,21.04318003],[-98.91296755,21.04310345],[-98.91361409,21.04303003],[-98.91361535,21.04298832],[-98.91372689,21.04269646],[-98.91386732,21.04244286],[-98.91394768,21.04237837],[-98.91405428,21.04237317],[-98.91434338,21.0424294],[-98.91461834,21.04250923],[-98.91475234,21.04259631],[-98.91483715,21.04268857],[-98.9148454,21.04263328],[-98.914837,21.04258255],[-98.91481797,21.04253489],[-98.91477597,21.04248014],[-98.91474991,21.04244343],[-98.91471531,21.04237034],[-98.91474046,21.04229014],[-98.91480652,21.04219048],[-98.91489897,21.04209003],[-98.91498603,21.04204928],[-98.91509735,21.04204237],[-98.91517692,21.04204242],[-98.91525295,21.0420168],[-98.91532346,21.04194775],[-98.91539502,21.041852],[-98.91547328,21.04173542],[-98.91560025,21.04162126],[-98.91569178,21.04156602],[-98.9157714,21.04153062],[-98.91584194,21.04149952],[-98.91589758,21.04149354],[-98.91600332,21.04148457],[-98.91607206,21.04145845],[-98.91613488,21.04142108],[-98.91616865,21.04138682],[-98.91619363,21.0413252],[-98.91620495,21.0412996],[-98.91626908,21.04115468],[-98.91635878,21.04094472],[-98.91643694,21.04073662],[-98.916458,21.04068183],[-98.916461,21.04060623],[-98.9164462,21.04054971],[-98.91641923,21.04048272],[-98.91637978,21.0404368],[-98.9165134,21.0404098],[-98.91666583,21.04041278],[-98.91694362,21.04046852],[-98.91711411,21.04051746],[-98.91718437,21.04054694],[-98.91732332,21.04057525],[-98.91731197,21.04059991],[-98.91729146,21.04066629],[-98.91731342,21.04073848],[-98.91736349,21.04082077],[-98.91740352,21.04093043],[-98.917407,21.04099631],[-98.91739297,21.04107828],[-98.9173236,21.04118655],[-98.91725975,21.04128223],[-98.91716551,21.04140422],[-98.91706423,21.04148058],[-98.91699278,21.04150963],[-98.9169268,21.04152425],[-98.91688757,21.04152743],[-98.91678598,21.04159122],[-98.91676255,21.04160594],[-98.91672003,21.04163629],[-98.91667972,21.04166566],[-98.91663357,21.04172809],[-98.91659666,21.04177322],[-98.91655003,21.04179878],[-98.91649757,21.04180878],[-98.91646268,21.04180877],[-98.91642875,21.04180498],[-98.91635963,21.04180495],[-98.916304,21.04181854],[-98.91625866,21.0418364],[-98.91617409,21.04189642],[-98.91608909,21.04196109],[-98.91600322,21.04202446],[-98.9159358,21.04209732],[-98.91585735,21.04218242],[-98.91581265,21.04223015],[-98.91577246,21.04227491],[-98.91572974,21.04230715],[-98.91567583,21.04232922],[-98.91562731,21.04234774],[-98.91557592,21.04237662],[-98.91554671,21.04240865],[-98.9155392,21.04243466],[-98.91554071,21.04245968],[-98.91555412,21.04248878],[-98.91559335,21.04254055],[-98.91581965,21.04287551],[-98.91585592,21.04297062],[-98.91593868,21.04326937],[-98.91595626,21.04346854],[-98.91592946,21.04368532],[-98.91585374,21.04385629],[-98.91573642,21.0440458],[-98.91567852,21.04411697],[-98.91562309,21.04415351],[-98.91556702,21.04415892],[-98.91550257,21.04416683],[-98.91541431,21.04417385],[-98.91536083,21.04418637],[-98.9153246,21.04420985],[-98.91530897,21.04422788],[-98.91529728,21.04426614],[-98.91528595,21.04431308],[-98.91527729,21.04438252],[-98.91525466,21.04444605],[-98.91522154,21.04448949],[-98.91516609,21.04450818],[-98.91510531,21.04450815],[-98.91504023,21.04450094],[-98.91500958,21.04448417],[-98.91498495,21.04445265],[-98.91497014,21.04441335],[-98.91496149,21.04436746],[-98.91487469,21.04433657],[-98.914788,21.0442978],[-98.91468974,21.04425169],[-98.91418603,21.04392343],[-98.91393171,21.04371883],[-98.91391414,21.04374495],[-98.91389026,21.04382526],[-98.91387366,21.04405043],[-98.91388542,21.04423048],[-98.91389078,21.04452082],[-98.91387957,21.04460478],[-98.91384822,21.04464625],[-98.91378645,21.04467652],[-98.91370075,21.04466172],[-98.91362152,21.04459602],[-98.9135976,21.04454243],[-98.91357925,21.04440762],[-98.91355874,21.04433923],[-98.91350743,21.04428768],[-98.91337652,21.04416354],[-98.91321611,21.04397095],[-98.91317891,21.04391632],[-98.91312551,21.04381778],[-98.9130832,21.04366914]]]]},"properties":{"locality":"Ahuatetla","municipality":null,"official_key":"130620076","CVE_ENT":"13","CVE_MUN":"062","CVE_LOC":"0076","ambito":"RURAL","geometry_kind":"locality","source":"INEGI Gaia — Servicio vectorial del Marco Geoestadístico"}},{"type":"Feature","geometry":{"type":"MultiPolygon","crs":{"type":"name","properties":{"name":"EPSG:6365"}},"coordinates":[[[[-98.811107522,21.130733052],[-98.811363394,21.130652353],[-98.811299016,21.130490464],[-98.811309741,21.13025852],[-98.811417019,21.130114874],[-98.81151684,21.129972402],[-98.811670304,21.129609766],[-98.81182275,21.129356536],[-98.812146856,21.129193374],[-98.812230897,21.129009644],[-98.81240077,21.128785883],[-98.812552812,21.128776769],[-98.8126856,21.128917092],[-98.812933019,21.12894617],[-98.813179355,21.129255585],[-98.813231747,21.129402465],[-98.813408632,21.129761584],[-98.813507261,21.129927468],[-98.813574985,21.130027385],[-98.81369188,21.130209349],[-98.813712217,21.130341275],[-98.813640095,21.130436979],[-98.813557462,21.1304495],[-98.813518564,21.13077398],[-98.81388191,21.130944261],[-98.814132709,21.131118971],[-98.814315339,21.13126432],[-98.814410205,21.131430864],[-98.814361206,21.13148874],[-98.814220188,21.131514881],[-98.813337561,21.131483624],[-98.812978974,21.132202856],[-98.812833691,21.132510987],[-98.812455361,21.132380762],[-98.812316116,21.132307039],[-98.812038744,21.131840383],[-98.812061309,21.131673114],[-98.810919228,21.131228102],[-98.810986553,21.130845476],[-98.811107522,21.130733052]]]]},"properties":{"locality":"Amatitla","municipality":null,"official_key":"130620094","CVE_ENT":"13","CVE_MUN":"062","CVE_LOC":"0094","ambito":"RURAL","geometry_kind":"locality","source":"INEGI Gaia — Servicio vectorial del Marco Geoestadístico"}},{"type":"Feature","geometry":{"type":"MultiPolygon","crs":{"type":"name","properties":{"name":"EPSG:6365"}},"coordinates":[[[[-98.845799919,21.05481851],[-98.8457496,21.054562751],[-98.84574329,21.054462031],[-98.845996649,21.05482702],[-98.84605148,21.0549014],[-98.84611525,21.05494411],[-98.846213249,21.054976661],[-98.84622371,21.05495888],[-98.84623778,21.054947771],[-98.846254919,21.054942721],[-98.84632678,21.05494786],[-98.846381049,21.05495352],[-98.8464416,21.05495705],[-98.84651289,21.05494978],[-98.84655437,21.05494126],[-98.846589489,21.05492335],[-98.84664052,21.054892521],[-98.846691379,21.054873721],[-98.84674726,21.05486892],[-98.846798229,21.05488],[-98.84685414,21.05491283],[-98.847313249,21.055226371],[-98.847549219,21.055367321],[-98.84777223,21.05549652],[-98.84806635,21.055615021],[-98.848392479,21.055756231],[-98.848590079,21.05583445],[-98.848678249,21.05589655],[-98.84875077,21.05598412],[-98.848807629,21.056029911],[-98.84886489,21.056060751],[-98.848933029,21.05608782],[-98.849000429,21.05610638],[-98.849092659,21.05612952],[-98.84914232,21.056149181],[-98.84917538,21.056186741],[-98.849187,21.05623089],[-98.84918146,21.05627817],[-98.849157259,21.05631232],[-98.8491174,21.05636454],[-98.849091279,21.05640643],[-98.84908306,21.05642883],[-98.84902837,21.056571021],[-98.849010719,21.056705],[-98.84899552,21.05690758],[-98.849024149,21.05711042],[-98.84904165,21.05720945],[-98.84914463,21.05741437],[-98.849206619,21.057612631],[-98.849239849,21.057778541],[-98.84924071,21.058219781],[-98.84922282,21.0584004],[-98.849218738,21.058467318],[-98.849152958,21.058859483],[-98.849071315,21.059043899],[-98.84895197,21.059161111],[-98.848881489,21.05927466],[-98.84884238,21.059304831],[-98.84878963,21.05932412],[-98.84872662,21.059321971],[-98.84865888,21.05929731],[-98.848590819,21.059235371],[-98.8485496,21.05914242],[-98.848537569,21.05901111],[-98.848514619,21.05888128],[-98.848479349,21.05875385],[-98.848431619,21.05864066],[-98.84837094,21.05850258],[-98.848290219,21.05837315],[-98.84822298,21.05825822],[-98.84816922,21.058122491],[-98.848126679,21.05801848],[-98.848076599,21.05795086],[-98.84793372,21.057816661],[-98.84784297,21.057683231],[-98.84781125,21.05753902],[-98.84770235,21.057532181],[-98.847619199,21.057519861],[-98.84748686,21.05749551],[-98.84731457,21.05742065],[-98.84709914,21.05733389],[-98.84688614,21.057237261],[-98.846760259,21.057164221],[-98.8465364,21.05701211],[-98.846246519,21.056801091],[-98.84595514,21.05664355],[-98.845694049,21.056516091],[-98.845465429,21.05643131],[-98.8455474,21.05620194],[-98.84556752,21.055891551],[-98.845688909,21.05545923],[-98.845775289,21.055169951],[-98.84578206,21.055001891],[-98.845799919,21.05481851]]]]},"properties":{"locality":"Coyutla","municipality":null,"official_key":"130620101","CVE_ENT":"13","CVE_MUN":"062","CVE_LOC":"0101","ambito":"RURAL","geometry_kind":"locality","source":"INEGI Gaia — Servicio vectorial del Marco Geoestadístico"}},{"type":"Feature","geometry":{"type":"MultiPolygon","crs":{"type":"name","properties":{"name":"EPSG:6365"}},"coordinates":[[[[-98.92243365,21.027241613],[-98.922750807,21.02694266],[-98.923043823,21.026806444],[-98.923209687,21.026730382],[-98.923354094,21.026721918],[-98.923451129,21.026734496],[-98.923632459,21.026764415],[-98.92377569,21.026773031],[-98.923949034,21.026764371],[-98.924005951,21.026763285],[-98.92419836,21.026585924],[-98.924335723,21.026376051],[-98.924324401,21.026198258],[-98.92427246,21.02609515],[-98.924244999,21.026049511],[-98.924225349,21.02599628],[-98.92421935,21.0259512],[-98.92422709,21.02590305],[-98.924215157,21.025858147],[-98.924298044,21.025834617],[-98.924487624,21.025836387],[-98.924679408,21.025748629],[-98.924851643,21.025550397],[-98.924991744,21.025562964],[-98.925112318,21.0255689],[-98.925258545,21.025648135],[-98.925437633,21.025601596],[-98.925571127,21.025580091],[-98.925800558,21.02552957],[-98.925883758,21.025468635],[-98.925937454,21.025400188],[-98.926001932,21.025253278],[-98.926128203,21.025142224],[-98.926353717,21.025088754],[-98.926520843,21.02501007],[-98.92661983,21.025013916],[-98.926665173,21.025062828],[-98.926702213,21.025145628],[-98.926710898,21.025274037],[-98.926673987,21.025392431],[-98.926580749,21.025475773],[-98.926394274,21.025564846],[-98.926213161,21.025693976],[-98.926065389,21.025849977],[-98.926008563,21.025996738],[-98.926068263,21.026280018],[-98.925847862,21.026670868],[-98.925820334,21.026895729],[-98.925669431,21.027007449],[-98.925604508,21.027109752],[-98.925605706,21.027336498],[-98.925571798,21.027452891],[-98.925425237,21.027529224],[-98.924957181,21.027497167],[-98.924453843,21.027244532],[-98.923994404,21.027325854],[-98.923648448,21.027331971],[-98.92341929,21.027188129],[-98.923183036,21.027323318],[-98.922914009,21.027489094],[-98.922581059,21.02754997],[-98.922304256,21.027866425],[-98.92216989,21.02798931],[-98.92191786,21.028257571],[-98.92155435,21.02852014],[-98.921371646,21.028764716],[-98.920848566,21.029048471],[-98.920382395,21.029146864],[-98.920344412,21.029110891],[-98.920367122,21.029027694],[-98.920415602,21.028819161],[-98.92046475,21.028662131],[-98.920589167,21.028430091],[-98.920687227,21.028256069],[-98.920765396,21.02810796],[-98.920865089,21.027975753],[-98.921015755,21.027850058],[-98.9212373,21.027730279],[-98.921462092,21.02767072],[-98.921722152,21.027591512],[-98.921920942,21.027561737],[-98.92209842,21.02751808],[-98.922192419,21.02743823],[-98.922344587,21.027301261],[-98.92243365,21.027241613]]]]},"properties":{"locality":"El Durazno","municipality":null,"official_key":"130620102","CVE_ENT":"13","CVE_MUN":"062","CVE_LOC":"0102","ambito":"RURAL","geometry_kind":"locality","source":"INEGI Gaia — Servicio vectorial del Marco Geoestadístico"}},{"type":"Feature","geometry":{"type":"MultiPolygon","crs":{"type":"name","properties":{"name":"EPSG:6365"}},"coordinates":[[[[-98.890348139,21.08708254],[-98.88998969,21.08687706],[-98.889917029,21.086974351],[-98.889585079,21.08763191],[-98.88954546,21.087553381],[-98.889421079,21.08733595],[-98.889254849,21.087123921],[-98.888975399,21.08689134],[-98.888841279,21.086769881],[-98.88866943,21.086701021],[-98.88853754,21.08669026],[-98.88837423,21.086714571],[-98.88825222,21.08673083],[-98.888124119,21.08671849],[-98.888034109,21.08666858],[-98.887926229,21.08661903],[-98.887803779,21.08660642],[-98.88766271,21.08664102],[-98.88754909,21.086677581],[-98.887355,21.08673068],[-98.887266019,21.08678898],[-98.887211149,21.086856751],[-98.887183509,21.08693217],[-98.88715205,21.087010651],[-98.887072939,21.087082121],[-98.886977909,21.087115141],[-98.886876219,21.08711508],[-98.886759619,21.087077721],[-98.88667546,21.08688011],[-98.886626319,21.08662112],[-98.88647989,21.086006061],[-98.886397619,21.08544775],[-98.88638588,21.085296],[-98.886432568,21.08503888],[-98.887065979,21.08479711],[-98.88711791,21.084992141],[-98.8871468,21.085027],[-98.887194149,21.085061351],[-98.887260419,21.085078091],[-98.88732905,21.085071521],[-98.887395489,21.08503543],[-98.887445859,21.084968081],[-98.88751298,21.084907751],[-98.887585179,21.08487023],[-98.88764205,21.084848781],[-98.887679229,21.08484557],[-98.88771815,21.084846661],[-98.887736769,21.08485432],[-98.88774683,21.08486531],[-98.887754049,21.08488323],[-98.887765089,21.08492686],[-98.88776742,21.08498928],[-98.8877674,21.085019851],[-98.88778129,21.08504],[-98.887823629,21.085049551],[-98.887889319,21.08505158],[-98.88802346,21.085043711],[-98.888075829,21.085015711],[-98.888100979,21.08498491],[-98.8881304,21.084942581],[-98.88818034,21.084881821],[-98.88824303,21.084852491],[-98.88831443,21.08485731],[-98.88837294,21.084873541],[-98.88847088,21.08490309],[-98.88875317,21.084581321],[-98.888908429,21.084678451],[-98.88903834,21.084766551],[-98.88910492,21.08481471],[-98.88922562,21.08484065],[-98.88927692,21.08487446],[-98.889314029,21.084919521],[-98.889353379,21.08499075],[-98.889531629,21.085277],[-98.889548179,21.08533738],[-98.88955006,21.0854298],[-98.88952071,21.08549154],[-98.889501612,21.085549527],[-98.889499547,21.085629119],[-98.889506088,21.08568877],[-98.889552469,21.085776067],[-98.889693953,21.085826576],[-98.889863319,21.085669351],[-98.89000649,21.08552532],[-98.89006258,21.085489021],[-98.890135689,21.085462],[-98.890209569,21.085465491],[-98.89030229,21.08551565],[-98.89036314,21.085577341],[-98.890401879,21.08562774],[-98.89055862,21.085795681],[-98.890587379,21.08586102],[-98.89058263,21.0859082],[-98.89102402,21.08618205],[-98.890348139,21.08708254]]]]},"properties":{"locality":"San Andrés","municipality":null,"official_key":"130620107","CVE_ENT":"13","CVE_MUN":"062","CVE_LOC":"0107","ambito":"RURAL","geometry_kind":"locality","source":"INEGI Gaia — Servicio vectorial del Marco Geoestadístico"}},{"type":"Feature","geometry":{"type":"MultiPolygon","crs":{"type":"name","properties":{"name":"EPSG:6365"}},"coordinates":[[[[-98.86994214,21.06699202],[-98.870115923,21.06618765],[-98.870231972,21.065706968],[-98.870330542,21.065341296],[-98.870735066,21.064959117],[-98.871028398,21.064938882],[-98.871261406,21.064795426],[-98.871472957,21.065092491],[-98.87153128,21.06492572],[-98.87153135,21.06482032],[-98.8714882,21.064680031],[-98.871503619,21.064539861],[-98.871503689,21.064453681],[-98.871557029,21.064296571],[-98.87157268,21.06421463],[-98.87157323,21.06356425],[-98.87163163,21.063593231],[-98.87185437,21.063684291],[-98.871987739,21.06376978],[-98.872085,21.063812111],[-98.872317399,21.063925661],[-98.87251088,21.064121881],[-98.872662449,21.064249251],[-98.87274488,21.064321351],[-98.872941349,21.06438665],[-98.87305897,21.064483601],[-98.87312946,21.06454535],[-98.873181819,21.06465332],[-98.873218149,21.064850601],[-98.873257399,21.06498726],[-98.873256739,21.06575917],[-98.873196,21.06592257],[-98.873145649,21.066097521],[-98.873089199,21.06613906],[-98.87306929,21.066277801],[-98.87302226,21.06639478],[-98.872970399,21.06659777],[-98.872938289,21.06669869],[-98.87288374,21.066814781],[-98.872831859,21.066974481],[-98.87280169,21.0671158],[-98.872790289,21.067263601],[-98.872821249,21.067405091],[-98.87290378,21.067511621],[-98.87296672,21.06763554],[-98.87298728,21.06776929],[-98.8729872,21.067861431],[-98.87292688,21.06802591],[-98.872901649,21.06808232],[-98.872770029,21.06800985],[-98.872626979,21.06799458],[-98.87248394,21.067964061],[-98.872317999,21.06794498],[-98.872131079,21.06792211],[-98.87198038,21.067906851],[-98.87187358,21.067891581],[-98.87171146,21.067842],[-98.8715398,21.06780766],[-98.87135288,21.06778095],[-98.871146879,21.067739],[-98.871032449,21.0680518],[-98.870944689,21.06832545],[-98.87091991,21.068402751],[-98.87080165,21.068696491],[-98.87066991,21.068727981],[-98.87038252,21.06873632],[-98.87009075,21.06853069],[-98.86972138,21.068389181],[-98.86965312,21.06821368],[-98.869703709,21.067738691],[-98.86994214,21.06699202]]]]},"properties":{"locality":"Acatlajapa","municipality":null,"official_key":"130620116","CVE_ENT":"13","CVE_MUN":"062","CVE_LOC":"0116","ambito":"RURAL","geometry_kind":"locality","source":"INEGI Gaia — Servicio vectorial del Marco Geoestadístico"}},{"type":"Feature","geometry":{"type":"MultiPolygon","crs":{"type":"name","properties":{"name":"EPSG:6365"}},"coordinates":[[[[-98.924138659,21.06748722],[-98.924069367,21.06810813],[-98.923788183,21.068178672],[-98.923725136,21.068128871],[-98.923666382,21.067999628],[-98.923641723,21.067861291],[-98.923635968,21.067690686],[-98.923717623,21.067378164],[-98.924138659,21.06748722]]],[[[-98.923116564,21.069054952],[-98.923273812,21.069098592],[-98.923366687,21.069077156],[-98.923407151,21.069036483],[-98.923415235,21.068995831],[-98.923390334,21.068490483],[-98.923437983,21.06829393],[-98.923683982,21.068306742],[-98.923742475,21.068520955],[-98.923826935,21.068773758],[-98.923856433,21.069114608],[-98.923761389,21.069528828],[-98.923532235,21.070043163],[-98.922773664,21.069999337],[-98.9225949,21.06993937],[-98.922639572,21.069789993],[-98.922775437,21.069535495],[-98.922950292,21.069052687],[-98.923116564,21.069054952]]]]},"properties":{"locality":"Villa de Ocampo","municipality":null,"official_key":"130620132","CVE_ENT":"13","CVE_MUN":"062","CVE_LOC":"0132","ambito":"RURAL","geometry_kind":"locality","source":"INEGI Gaia — Servicio vectorial del Marco Geoestadístico"}},{"type":"Feature","geometry":{"type":"Polygon","coordinates":[[[-98.8418799,21.0136537],[-98.8417766,21.0129121],[-98.8413536,21.0129141],[-98.841762,21.0126662],[-98.8419549,21.0124435],[-98.8421043,21.012208],[-98.8421058,21.0122047],[-98.8421196,21.0122083],[-98.8433392,21.0125525],[-98.8443698,21.0128186],[-98.8442335,21.0134534],[-98.8442189,21.0134356],[-98.8440327,21.0134149],[-98.8437485,21.0133896],[-98.8437077,21.0134262],[-98.8436979,21.0136114],[-98.8436782,21.013865],[-98.8436651,21.0139368],[-98.8436167,21.0141435],[-98.8435575,21.0143787],[-98.8434089,21.0144998],[-98.8431472,21.0146457],[-98.842824,21.0147986],[-98.8424834,21.0149285],[-98.8421882,21.0150304],[-98.8421166,21.0147036],[-98.842097,21.0146155],[-98.842051,21.0143816],[-98.8420229,21.0143187],[-98.8419896,21.0140695],[-98.8418799,21.0136537]]]},"properties":{"locality":"CENTRO","official_key":"1306200010001","CVE_ENT":"13","CVE_MUN":"062","CVE_LOC":"0001","CVE_ASEN":"0001","settlement_type":"BARRIO","source":"INEGI DCAH 2025"}},{"type":"Feature","geometry":{"type":"Polygon","coordinates":[[[-98.8411787,21.0119646],[-98.8420994,21.012203],[-98.8421058,21.0122047],[-98.8421043,21.012208],[-98.8419549,21.0124435],[-98.841762,21.0126662],[-98.8413536,21.0129141],[-98.8417766,21.0129121],[-98.8418799,21.0136537],[-98.8419896,21.0140695],[-98.8420229,21.0143187],[-98.842051,21.0143816],[-98.842097,21.0146155],[-98.8421166,21.0147036],[-98.8421882,21.0150304],[-98.8419898,21.0150947],[-98.8417849,21.016058],[-98.8407769,21.0157748],[-98.8407179,21.0157583],[-98.8404786,21.015494],[-98.8400095,21.0152178],[-98.8398388,21.0151321],[-98.840469,21.0140632],[-98.8403562,21.0138377],[-98.8401479,21.0134012],[-98.8399834,21.0129476],[-98.8399756,21.0128982],[-98.8399804,21.0128551],[-98.8400098,21.0128041],[-98.8400647,21.0127512],[-98.8401336,21.012701],[-98.8402188,21.0126497],[-98.8400167,21.0125912],[-98.8400858,21.0125151],[-98.8401941,21.0123959],[-98.8402093,21.0121592],[-98.8399485,21.0118862],[-98.8396527,21.0115678],[-98.8402377,21.0117208],[-98.8403454,21.0117488],[-98.84036,21.0117525],[-98.8411787,21.0119646]]]},"properties":{"locality":"SAN MIGUEL","official_key":"1306200010002","CVE_ENT":"13","CVE_MUN":"062","CVE_LOC":"0001","CVE_ASEN":"0002","settlement_type":"BARRIO","source":"INEGI DCAH 2025"}},{"type":"Feature","geometry":{"type":"Polygon","coordinates":[[[-98.8402188,21.0126497],[-98.8401336,21.012701],[-98.8400647,21.0127512],[-98.8400098,21.0128041],[-98.8399804,21.0128551],[-98.8399756,21.0128982],[-98.8399834,21.0129476],[-98.8401479,21.0134012],[-98.8403562,21.0138377],[-98.840469,21.0140632],[-98.8398388,21.0151321],[-98.8393953,21.0149097],[-98.8390185,21.014621],[-98.8388013,21.0144004],[-98.8385545,21.0141288],[-98.838344,21.0139443],[-98.8382223,21.0137687],[-98.8380147,21.0135917],[-98.837883,21.0133225],[-98.8377585,21.0130678],[-98.8376933,21.012908],[-98.8369514,21.0131375],[-98.8363069,21.0124903],[-98.8354393,21.0128469],[-98.8353729,21.0111023],[-98.8359072,21.0104359],[-98.8363303,21.0098616],[-98.8366473,21.0100843],[-98.8368794,21.0105149],[-98.8369668,21.0104975],[-98.8371181,21.010371],[-98.8378,21.0105148],[-98.8379312,21.0108056],[-98.8381517,21.0109975],[-98.8390252,21.0114037],[-98.8396527,21.0115678],[-98.8399485,21.0118862],[-98.8402093,21.0121592],[-98.8401941,21.0123959],[-98.8400858,21.0125151],[-98.8400167,21.0125912],[-98.8402188,21.0126497]]]},"properties":{"locality":"SAN SIMÓN","official_key":"1306200010003","CVE_ENT":"13","CVE_MUN":"062","CVE_LOC":"0001","CVE_ASEN":"0003","settlement_type":"BARRIO","source":"INEGI DCAH 2025"}},{"type":"Feature","geometry":{"type":"Polygon","coordinates":[[[-98.842824,21.0147986],[-98.8431472,21.0146457],[-98.8434089,21.0144998],[-98.8435575,21.0143787],[-98.8436167,21.0141435],[-98.8436651,21.0139368],[-98.8436782,21.013865],[-98.8436979,21.0136114],[-98.8437077,21.0134262],[-98.8437485,21.0133896],[-98.8440327,21.0134149],[-98.8442189,21.0134356],[-98.8442335,21.0134534],[-98.8442384,21.013454],[-98.8442386,21.0134541],[-98.8445914,21.0134996],[-98.8448544,21.0135618],[-98.8452432,21.0136796],[-98.8454488,21.0137884],[-98.8456725,21.0139011],[-98.8458251,21.0139366],[-98.8460738,21.0139634],[-98.8463233,21.0139541],[-98.8467006,21.0138935],[-98.8469553,21.0138267],[-98.8469226,21.0138239],[-98.8465726,21.0137936],[-98.8466852,21.013569],[-98.8470501,21.0133821],[-98.8473614,21.0134143],[-98.8473625,21.0134144],[-98.8474404,21.0134225],[-98.8475151,21.0133448],[-98.847836,21.0134381],[-98.8480218,21.0134922],[-98.8479951,21.0136501],[-98.8482185,21.0137735],[-98.8480766,21.0139734],[-98.848076,21.0139743],[-98.8479488,21.0141534],[-98.8475393,21.0140149],[-98.8473589,21.0139539],[-98.8467766,21.0150108],[-98.8465232,21.0148545],[-98.8461862,21.0147292],[-98.8456739,21.0146574],[-98.8446724,21.0150041],[-98.8440353,21.0155687],[-98.8436177,21.01598],[-98.8434307,21.0162642],[-98.8433798,21.0164721],[-98.8432939,21.0164503],[-98.842141,21.0161581],[-98.8417849,21.016058],[-98.8419898,21.0150947],[-98.8421882,21.0150304],[-98.8424834,21.0149285],[-98.842824,21.0147986]]]},"properties":{"locality":"SANTA CRUZ","official_key":"1306200010004","CVE_ENT":"13","CVE_MUN":"062","CVE_LOC":"0001","CVE_ASEN":"0004","settlement_type":"BARRIO","source":"INEGI DCAH 2025"}},{"type":"Feature","geometry":{"type":"Polygon","coordinates":[[[-98.8544646,21.0880415],[-98.8544471,21.0881028],[-98.8546137,21.0883984],[-98.8546025,21.0884832],[-98.8544933,21.0886463],[-98.8544162,21.0890311],[-98.8544377,21.0891227],[-98.854422,21.0894861],[-98.8544004,21.0895336],[-98.8541735,21.0898267],[-98.8540659,21.0899422],[-98.8539834,21.0900773],[-98.8539445,21.090211],[-98.8537868,21.0904684],[-98.853684,21.090533],[-98.8535707,21.0905539],[-98.8536385,21.090459],[-98.8538034,21.0899349],[-98.853868,21.0897295],[-98.8538692,21.0897257],[-98.8538685,21.0897134],[-98.8538439,21.0892143],[-98.8538236,21.0888035],[-98.8537364,21.0885426],[-98.8537058,21.0878692],[-98.8536982,21.0877015],[-98.8537971,21.0873209],[-98.8539324,21.0872358],[-98.8539338,21.0872355],[-98.8539648,21.0872299],[-98.8541985,21.0871882],[-98.8544013,21.0874346],[-98.854385,21.087732],[-98.8543847,21.0877381],[-98.8544646,21.0880415]]]},"properties":{"locality":"GUADALUPANO","official_key":"1306200250001","CVE_ENT":"13","CVE_MUN":"062","CVE_LOC":"0025","CVE_ASEN":"0001","settlement_type":"BARRIO","source":"INEGI DCAH 2025"}},{"type":"Feature","geometry":{"type":"Polygon","coordinates":[[[-98.85528,21.0927162],[-98.8556394,21.0928914],[-98.8558164,21.093437],[-98.8556438,21.0935363],[-98.8552412,21.0937679],[-98.8551465,21.0938223],[-98.8547869,21.0940292],[-98.8544388,21.0932772],[-98.85436,21.0932036],[-98.8542197,21.0931287],[-98.8540294,21.0928978],[-98.8538714,21.092756],[-98.8537625,21.0926582],[-98.8536737,21.0925298],[-98.8538658,21.0923392],[-98.8539898,21.0922337],[-98.8540134,21.0922287],[-98.854144,21.0922009],[-98.8543551,21.0922022],[-98.8545436,21.0922426],[-98.854677,21.0922509],[-98.8548196,21.0923048],[-98.8549186,21.0923129],[-98.8549841,21.0922986],[-98.8550065,21.0922691],[-98.8550337,21.0922],[-98.8550573,21.0920648],[-98.8550856,21.0920029],[-98.8551522,21.0919707],[-98.8551492,21.0921002],[-98.8551563,21.0921911],[-98.8551819,21.0923259],[-98.8552041,21.0924428],[-98.8551053,21.0925344],[-98.8551081,21.0926108],[-98.8551494,21.0926837],[-98.85528,21.0927162]]]},"properties":{"locality":"SAGRADO CORAZÓN","official_key":"1306200250002","CVE_ENT":"13","CVE_MUN":"062","CVE_LOC":"0025","CVE_ASEN":"0002","settlement_type":"BARRIO","source":"INEGI DCAH 2025"}},{"type":"Feature","geometry":{"type":"Polygon","coordinates":[[[-98.8539834,21.0900773],[-98.8540659,21.0899422],[-98.8541735,21.0898267],[-98.8544004,21.0895336],[-98.854422,21.0894861],[-98.8544377,21.0891227],[-98.8544162,21.0890311],[-98.8544933,21.0886463],[-98.8546025,21.0884832],[-98.8546137,21.0883984],[-98.8544471,21.0881028],[-98.8544646,21.0880415],[-98.8557467,21.0883343],[-98.8557506,21.088336],[-98.8558334,21.088372],[-98.856141,21.0885057],[-98.8561365,21.0885083],[-98.8559644,21.088608],[-98.8559468,21.0886182],[-98.8559412,21.0886215],[-98.8559004,21.0886675],[-98.8558194,21.0887588],[-98.8558144,21.0887644],[-98.8557511,21.0889134],[-98.8557457,21.088926],[-98.8557102,21.0889802],[-98.855647,21.0890769],[-98.8556469,21.0890769],[-98.8556461,21.0890796],[-98.8556224,21.0891564],[-98.855619,21.0891673],[-98.8555085,21.0893176],[-98.8554446,21.0893115],[-98.855405,21.0893077],[-98.8554031,21.0893131],[-98.8553676,21.0894127],[-98.8553558,21.0894456],[-98.8553532,21.0894529],[-98.8551074,21.0894905],[-98.8550655,21.0895749],[-98.8550435,21.0896194],[-98.8550349,21.0896402],[-98.8549901,21.0897489],[-98.8550653,21.0898236],[-98.8549795,21.089881],[-98.8549382,21.0898732],[-98.8548669,21.0898597],[-98.8547248,21.089864],[-98.8545892,21.0899697],[-98.8545679,21.0899863],[-98.8545641,21.0899846],[-98.8545055,21.0899574],[-98.8544429,21.0899807],[-98.85441,21.089993],[-98.8543407,21.0901209],[-98.8543376,21.0901347],[-98.8543176,21.0902229],[-98.8543115,21.0902499],[-98.8543118,21.0902536],[-98.8543126,21.0902642],[-98.8542249,21.0902528],[-98.8541209,21.0901876],[-98.8540652,21.0901054],[-98.8539834,21.0900773]]]},"properties":{"locality":"SALUD","official_key":"1306200250003","CVE_ENT":"13","CVE_MUN":"062","CVE_LOC":"0025","CVE_ASEN":"0003","settlement_type":"BARRIO","source":"INEGI DCAH 2025"}},{"type":"Feature","geometry":{"type":"Polygon","coordinates":[[[-98.8524744,21.0937022],[-98.8525897,21.0937362],[-98.852865,21.0937815],[-98.8530028,21.0937987],[-98.8530821,21.0938508],[-98.8531538,21.0939027],[-98.8532348,21.094052],[-98.8532576,21.0941226],[-98.8530913,21.0944029],[-98.8529679,21.0945581],[-98.8528109,21.0946735],[-98.8523725,21.094996],[-98.8515812,21.0948846],[-98.8511963,21.0949691],[-98.8508805,21.0943907],[-98.8507333,21.0941866],[-98.8507724,21.0940245],[-98.8512479,21.0939284],[-98.8513193,21.0939204],[-98.8514624,21.093856],[-98.8514838,21.0938464],[-98.8515793,21.0936777],[-98.8516465,21.0935591],[-98.8519264,21.0935706],[-98.8519801,21.0935943],[-98.8522111,21.0936965],[-98.8524744,21.0937022]]]},"properties":{"locality":"SAN ANTONIO","official_key":"1306200250004","CVE_ENT":"13","CVE_MUN":"062","CVE_LOC":"0025","CVE_ASEN":"0004","settlement_type":"BARRIO","source":"INEGI DCAH 2025"}},{"type":"Feature","geometry":{"type":"Polygon","coordinates":[[[-98.8539834,21.0900773],[-98.8540652,21.0901054],[-98.8541209,21.0901876],[-98.8542249,21.0902528],[-98.8543126,21.0902642],[-98.8543359,21.0905591],[-98.8544535,21.090821],[-98.8545022,21.0909295],[-98.8545053,21.0909793],[-98.8545075,21.0910145],[-98.8545374,21.0910409],[-98.854706,21.0911897],[-98.8548294,21.0912648],[-98.8549009,21.0912266],[-98.8549045,21.0912247],[-98.8549806,21.091265],[-98.855103,21.0913299],[-98.8551031,21.0913297],[-98.8551566,21.0912848],[-98.8551955,21.0912711],[-98.8553631,21.0912122],[-98.8555256,21.0911898],[-98.8556645,21.0911707],[-98.8556716,21.0911697],[-98.855751,21.0912067],[-98.8558862,21.0912698],[-98.856251,21.0915],[-98.8564845,21.0916635],[-98.856487,21.0916652],[-98.8565782,21.0918654],[-98.8566073,21.0919231],[-98.8566211,21.0919505],[-98.8566574,21.092212],[-98.8566587,21.0922208],[-98.8567954,21.0922845],[-98.8568732,21.0923208],[-98.8568728,21.0923252],[-98.8568571,21.092481],[-98.8566104,21.0925661],[-98.8564361,21.0925173],[-98.8563471,21.0924924],[-98.8563422,21.092491],[-98.8562888,21.0925076],[-98.8561812,21.0925411],[-98.8561759,21.0925371],[-98.856109,21.0924871],[-98.8561008,21.092481],[-98.8552865,21.0927144],[-98.8552801,21.0927162],[-98.85528,21.0927162],[-98.8551494,21.0926837],[-98.8551081,21.0926108],[-98.8551053,21.0925344],[-98.8552041,21.0924428],[-98.8551819,21.0923259],[-98.8551563,21.0921911],[-98.8551492,21.0921002],[-98.8551522,21.0919707],[-98.8550856,21.0920029],[-98.8550573,21.0920648],[-98.8550337,21.0922],[-98.8550065,21.0922691],[-98.8549841,21.0922986],[-98.8549186,21.0923129],[-98.8548196,21.0923048],[-98.854677,21.0922509],[-98.8545436,21.0922426],[-98.8543551,21.0922022],[-98.854144,21.0922009],[-98.8540134,21.0922287],[-98.8539898,21.0922337],[-98.8538658,21.0923392],[-98.8536737,21.0925298],[-98.8536363,21.0924755],[-98.8535348,21.0922177],[-98.8534749,21.0921552],[-98.8533641,21.0921349],[-98.8531199,21.0920723],[-98.8529648,21.0919754],[-98.8529442,21.0919454],[-98.8529248,21.0918994],[-98.8529146,21.0918231],[-98.8529825,21.0917093],[-98.8530607,21.0916497],[-98.8531682,21.0914826],[-98.8532209,21.0913648],[-98.8531664,21.0912498],[-98.8532254,21.0911547],[-98.8532308,21.0911096],[-98.8533059,21.0909745],[-98.8533595,21.0908243],[-98.8534132,21.0907643],[-98.8534757,21.0906841],[-98.853499,21.0906542],[-98.8535247,21.0906182],[-98.8535707,21.0905539],[-98.853684,21.090533],[-98.8537868,21.0904684],[-98.8539445,21.090211],[-98.8539834,21.0900773]]]},"properties":{"locality":"SAN JOSÉ","official_key":"1306200250005","CVE_ENT":"13","CVE_MUN":"062","CVE_LOC":"0025","CVE_ASEN":"0005","settlement_type":"BARRIO","source":"INEGI DCAH 2025"}},{"type":"Feature","geometry":{"type":"Polygon","coordinates":[[[-98.8531664,21.0912498],[-98.8532209,21.0913648],[-98.8531682,21.0914826],[-98.8530607,21.0916497],[-98.8529825,21.0917093],[-98.8529146,21.0918231],[-98.8529248,21.0918994],[-98.8529442,21.0919454],[-98.8529648,21.0919754],[-98.8531199,21.0920723],[-98.8533641,21.0921349],[-98.8534749,21.0921552],[-98.8535348,21.0922177],[-98.8536363,21.0924755],[-98.8536737,21.0925298],[-98.8537625,21.0926582],[-98.8538714,21.092756],[-98.8540294,21.0928978],[-98.8542197,21.0931287],[-98.85436,21.0932036],[-98.8544388,21.0932772],[-98.8547869,21.0940292],[-98.8547811,21.0940326],[-98.8544378,21.0940876],[-98.8541588,21.0942027],[-98.8534722,21.0941777],[-98.8532576,21.0941226],[-98.8532348,21.094052],[-98.8531538,21.0939027],[-98.8530821,21.0938508],[-98.8530028,21.0937987],[-98.852865,21.0937815],[-98.8525897,21.0937362],[-98.8524744,21.0937022],[-98.8525763,21.0936372],[-98.8526622,21.0933969],[-98.8528285,21.0932117],[-98.8528767,21.0931467],[-98.8528553,21.0930516],[-98.8528025,21.0929601],[-98.8527426,21.0928564],[-98.8526963,21.092825],[-98.8526836,21.0928163],[-98.8526786,21.092815],[-98.8524261,21.0927463],[-98.8523688,21.0927291],[-98.852292,21.0927062],[-98.8522795,21.0927007],[-98.8522008,21.0926662],[-98.8521658,21.0925962],[-98.8521633,21.0925911],[-98.8521686,21.0925311],[-98.8522169,21.092476],[-98.8523188,21.0924009],[-98.8524744,21.0922808],[-98.8525495,21.0921707],[-98.8525487,21.0921593],[-98.8525441,21.0920906],[-98.8525066,21.0919355],[-98.8525045,21.0918975],[-98.8525012,21.0918404],[-98.8525281,21.0918003],[-98.8525827,21.0917679],[-98.8525871,21.0917653],[-98.852602,21.0917646],[-98.8526944,21.0917603],[-98.8528016,21.0916902],[-98.8528874,21.0916216],[-98.8529518,21.0915701],[-98.8529903,21.0915324],[-98.8530015,21.0915213],[-98.8530538,21.09147],[-98.8531664,21.0912498]]]},"properties":{"locality":"SAN PEDRO","official_key":"1306200250006","CVE_ENT":"13","CVE_MUN":"062","CVE_LOC":"0025","CVE_ASEN":"0006","settlement_type":"BARRIO","source":"INEGI DCAH 2025"}}]}