{"type":"FeatureCollection","name":"inegi-hidalgo-063","metadata":{"state":"Hidalgo","CVE_ENT":"13","CVE_MUN":"063","municipality":"Tepeji del Río de Ocampo","sources":["INEGI Gaia — Servicio vectorial del Marco Geoestadístico","INEGI DCAH 2025"],"source_urls":["https://gaia.inegi.org.mx/wscatgeo/v2/geo/mgem/13","https://gaia.inegi.org.mx/wscatgeo/v2/geo/localidades/pol/13/063","https://www.inegi.org.mx/contenidos/productos/prod_serv/contenidos/espanol/bvinegi/productos/geografia/delimitaciones/794551163078/13_hidalgo.zip"],"geometry_policy":"Solo se publican polígonos de INEGI; no se generan puntos ni geometrías sintéticas.","locality_polygon_count":32,"settlement_polygon_count":47},"municipality":{"type":"Feature","geometry":{"type":"MultiPolygon","crs":{"type":"name","properties":{"name":"EPSG:6365"}},"coordinates":[[[[-99.430462309,20.016260631],[-99.43032012,20.016254581],[-99.430197089,20.016238771],[-99.430104679,20.016223181],[-99.430006649,20.016209261],[-99.429878459,20.016201721],[-99.42971943,20.016178021],[-99.429600949,20.016167251],[-99.42935117,20.016122091],[-99.429029889,20.016083661],[-99.42860614,20.015977221],[-99.428207449,20.015953081],[-99.42786929,20.015972551],[-99.427622909,20.015996321],[-99.42739898,20.016009891],[-99.427183539,20.016024091],[-99.42696731,20.016014491],[-99.426846369,20.015738491],[-99.42671551,20.015669741],[-99.426299029,20.015543141],[-99.426119709,20.015543571],[-99.42578742,20.015349521],[-99.42564517,20.015205831],[-99.424779679,20.015168921],[-99.424029169,20.014892941],[-99.423219829,20.014603181],[-99.4224994,20.014577141],[-99.4222938,20.014660951],[-99.42035428,20.014085551],[-99.41777145,20.013388651],[-99.41752989,20.013161571],[-99.41727958,20.012869481],[-99.417106889,20.012650371],[-99.41692551,20.012390631],[-99.416898879,20.012081751],[-99.41686382,20.011837941],[-99.416794749,20.011756781],[-99.41663122,20.011740921],[-99.416373019,20.011725261],[-99.416115229,20.011864081],[-99.41600395,20.012083861],[-99.41584126,20.012393181],[-99.415677829,20.012417951],[-99.41549734,20.012499691],[-99.415368749,20.012686981],[-99.415179819,20.012833771],[-99.41508557,20.012988461],[-99.41495602,20.012809891],[-99.41493755,20.012330261],[-99.414842149,20.012045941],[-99.414832749,20.011745141],[-99.414995619,20.011500851],[-99.41508972,20.011289251],[-99.415183859,20.011093911],[-99.41522651,20.010947461],[-99.415272429,20.010827031],[-99.41520971,20.010442321],[-99.415122479,20.010127651],[-99.41494882,20.009801521],[-99.41478718,20.009358741],[-99.414749249,20.009008951],[-99.41458783,20.008647821],[-99.414500999,20.008484741],[-99.414293969,20.008411351],[-99.41416242,20.008287681],[-99.41411737,20.008100781],[-99.413968659,20.007879551],[-99.41373363,20.00768185],[-99.41356043,20.007530651],[-99.413337919,20.007402881],[-99.41255106,20.007705311],[-99.411956369,20.007442051],[-99.410517419,20.006844221],[-99.41000051,20.006741351],[-99.40994543,20.006778081],[-99.40898062,20.006470541],[-99.40861249,20.006362851],[-99.408141539,20.006201741],[-99.407114539,20.005892171],[-99.40542498,20.005158401],[-99.40505626,20.004872891],[-99.40480303,20.004684221],[-99.40459955,20.004691911],[-99.403639909,20.004321371],[-99.40291417,20.004207781],[-99.40262472,20.004095721],[-99.402213969,20.003920021],[-99.401919029,20.003907171],[-99.401704019,20.003907661],[-99.40147926,20.003926631],[-99.4011258,20.003883461],[-99.40104908,20.003872201],[-99.400602169,20.003897881],[-99.40022091,20.003925771],[-99.39985875,20.003971621],[-99.39962983,20.004017081],[-99.39947748,20.00399951],[-99.399218819,20.003915681],[-99.39900886,20.003852341],[-99.398834799,20.00378843],[-99.398657769,20.00374755],[-99.398433859,20.003703601],[-99.398223179,20.003632281],[-99.398100919,20.003604341],[-99.39793452,20.003576141],[-99.39771526,20.003583771],[-99.39750268,20.003530721],[-99.39717862,20.003572851],[-99.396959829,20.003672661],[-99.39682649,20.003762121],[-99.39669077,20.003904781],[-99.395992199,20.004116421],[-99.394821999,20.004133061],[-99.393482749,20.003491981],[-99.392986779,20.003727551],[-99.392207319,20.00406425],[-99.391215289,20.004501891],[-99.390293689,20.004738401],[-99.389336629,20.004974981],[-99.387720179,20.005106321],[-99.386890059,20.005281801],[-99.38781411,20.006050221],[-99.38834762,20.006651981],[-99.388915919,20.006985721],[-99.38944902,20.007420001],[-99.389824549,20.00826894],[-99.3901908,20.008945861],[-99.389737049,20.009161201],[-99.389454029,20.009463291],[-99.389064689,20.009799121],[-99.38878306,20.010670661],[-99.38832022,20.010428921],[-99.387610029,20.009634821],[-99.38686348,20.008933021],[-99.386649199,20.008330541],[-99.386446719,20.008256481],[-99.38592432,20.008257621],[-99.38568188,20.008113681],[-99.38546477,20.007909491],[-99.38529866,20.007717251],[-99.385145089,20.00744069],[-99.3849538,20.00736886],[-99.38469875,20.00728515],[-99.384634579,20.007092681],[-99.38445574,20.00690045],[-99.384293949,20.006836981],[-99.384120979,20.006905511],[-99.383984119,20.006987601],[-99.383890289,20.006960541],[-99.38383926,20.006742541],[-99.38385331,20.006585751],[-99.383730429,20.006483781],[-99.38356435,20.00641598],[-99.383404939,20.006332341],[-99.38316469,20.006289631],[-99.38307865,20.006176371],[-99.38299812,20.005982081],[-99.382860479,20.005804091],[-99.38267728,20.005707251],[-99.382414089,20.005637581],[-99.382150909,20.005562521],[-99.381910149,20.005314541],[-99.38173754,20.004968051],[-99.38132952,20.00482165],[-99.381029619,20.00476565],[-99.380513769,20.004653461],[-99.380237799,20.004574751],[-99.37991412,20.004598111],[-99.3796866,20.004723221],[-99.379494969,20.004814261],[-99.3791352,20.004792371],[-99.37840962,20.004798091],[-99.378198599,20.004758691],[-99.377966599,20.00475918],[-99.37769254,20.004819551],[-99.377450079,20.004859921],[-99.37726005,20.004770661],[-99.37697463,20.004492261],[-99.376657749,20.004283681],[-99.37631983,20.004095081],[-99.3759716,20.004006141],[-99.375518019,20.003957281],[-99.375142549,20.004011381],[-99.37482965,20.004059371],[-99.374554059,20.00401262],[-99.374378599,20.003942021],[-99.374303059,20.003764711],[-99.37417709,20.003445551],[-99.374138769,20.003126221],[-99.373997649,20.003055951],[-99.37386054,20.003121091],[-99.37364114,20.003212341],[-99.373407849,20.003238771],[-99.37322928,20.003187281],[-99.37311911,20.003031881],[-99.373022749,20.002915351],[-99.37284418,20.002863851],[-99.37270649,20.002682571],[-99.37225249,20.002242571],[-99.37175795,20.002075001],[-99.371022429,20.00194254],[-99.370951649,20.00210711],[-99.370894049,20.002153942],[-99.370819939,20.002183281],[-99.370756169,20.002226232],[-99.370711,20.00229638],[-99.37069262,20.00236452],[-99.370707399,20.002518251],[-99.370694259,20.002590381],[-99.3706284,20.002625551],[-99.37051305,20.002641351],[-99.370407909,20.00262017],[-99.37035727,20.002596393],[-99.37030477,20.002571742],[-99.370215139,20.00248186],[-99.37014072,20.00237888],[-99.370064059,20.002200002],[-99.369987539,20.00208145],[-99.369925619,20.002034881],[-99.369864251,20.002031381],[-99.369859679,20.002031121],[-99.36974125,20.002051062],[-99.36963223,20.002136922],[-99.36957263,20.002201261],[-99.36948617,20.00223648],[-99.369419832,20.002239119],[-99.36938315,20.00224058],[-99.369295392,20.002205856],[-99.36928823,20.002203021],[-99.36918838,20.002136771],[-99.36912066,20.002017831],[-99.369053049,20.001937662],[-99.36875094,20.001751781],[-99.368676373,20.001734585],[-99.36855555,20.001706721],[-99.368485148,20.001698332],[-99.368399459,20.001688122],[-99.368278341,20.001612414],[-99.36815703,20.00153658],[-99.368088369,20.00146063],[-99.368066088,20.001391351],[-99.368043739,20.001321861],[-99.36803715,20.00117954],[-99.36797849,20.001073121],[-99.367906459,20.00095202],[-99.36782154,20.00080477],[-99.36773112,20.000684511],[-99.36749652,20.000391711],[-99.36736275,20.00023649],[-99.367216569,20.000172111],[-99.36710212,20.00015975],[-99.367125579,20.00004354],[-99.366901449,20.000044001],[-99.366351319,20.000003001],[-99.365905289,19.999975831],[-99.365711719,19.999835771],[-99.36557738,19.999597261],[-99.36542857,19.999527341],[-99.365160889,19.999485751],[-99.364744649,19.999486601],[-99.36422429,19.999459581],[-99.363986149,19.999333661],[-99.36376286,19.999193661],[-99.363495219,19.999166121],[-99.363282859,19.999297691],[-99.36305897,19.999399001],[-99.362897539,19.999364691],[-99.362727689,19.999286291],[-99.362575879,19.999177661],[-99.362482599,19.999062051],[-99.362422879,19.998908001],[-99.36239517,19.998836551],[-99.362483629,19.998542379],[-99.36252623,19.998388421],[-99.362609064,19.998103741],[-99.362617879,19.998065646],[-99.362753169,19.997609891],[-99.362872849,19.997196621],[-99.363020199,19.996683721],[-99.363160485,19.99621886],[-99.36308508,19.996204631],[-99.363000138,19.996188603],[-99.36298089,19.996184971],[-99.36241069,19.996076582],[-99.362099939,19.996017511],[-99.36160757,19.995927111],[-99.36113992,19.995840631],[-99.360763999,19.995770281],[-99.360378619,19.995699781],[-99.360125169,19.995654521],[-99.35989635,19.995611341],[-99.358970379,19.995439711],[-99.358513969,19.995358141],[-99.35848246,19.995343151],[-99.358050979,19.995133311],[-99.3573296,19.994791091],[-99.35675318,19.994520311],[-99.3554954,19.993910451],[-99.354476859,19.993411261],[-99.353564379,19.992988571],[-99.35368371,19.992857491],[-99.355566949,19.991105421],[-99.355646179,19.990980061],[-99.355817849,19.990704281],[-99.355989229,19.990303311],[-99.35622689,19.989914711],[-99.356740569,19.989858461],[-99.357029709,19.989683821],[-99.357358419,19.989558821],[-99.35743028,19.989502681],[-99.357769769,19.989378521],[-99.35810925,19.989242031],[-99.358317749,19.98898234],[-99.35868311,19.988734661],[-99.35893068,19.988413171],[-99.358969079,19.988055051],[-99.359203569,19.987733551],[-99.359918569,19.988442661],[-99.36004337,19.988452231],[-99.36040758,19.988569381],[-99.360699279,19.98880457],[-99.361011599,19.988970941],[-99.36136575,19.989235461],[-99.36162611,19.989401941],[-99.3619176,19.989548691],[-99.362167139,19.989538371],[-99.362364319,19.989370951],[-99.36261322,19.989075721],[-99.362730679,19.988821431],[-99.362886629,19.988398261],[-99.36308871,19.987519081],[-99.362842149,19.987052341],[-99.36380198,19.986643741],[-99.364817749,19.986185321],[-99.36536034,19.986906141],[-99.365942629,19.987660651],[-99.367671749,19.985542951],[-99.365889059,19.97883294],[-99.36570737,19.978176121],[-99.365706875,19.978174386],[-99.365530464,19.977555967],[-99.365513923,19.977497982],[-99.365373106,19.977004336],[-99.365371349,19.976998177],[-99.36521258,19.976441621],[-99.365161029,19.976511921],[-99.365160475,19.976512675],[-99.365141125,19.976539073],[-99.36510968,19.976581971],[-99.365011981,19.976656114],[-99.364969739,19.976688171],[-99.364756169,19.976774491],[-99.36452398,19.976810351],[-99.364430971,19.976802304],[-99.364425071,19.976801793],[-99.36439615,19.976799291],[-99.364354986,19.976795736],[-99.364349238,19.97679524],[-99.36428417,19.976789621],[-99.364110073,19.976724268],[-99.36406315,19.976706654],[-99.364059199,19.976705171],[-99.364047019,19.976699251],[-99.364018884,19.976685544],[-99.363908519,19.976631781],[-99.364086179,19.97647675],[-99.363859019,19.976616291],[-99.363856474,19.976605675],[-99.363850091,19.976579057],[-99.36384184,19.976544644],[-99.363836592,19.976522758],[-99.36383485,19.976515491],[-99.363817232,19.976498865],[-99.363491313,19.976191319],[-99.36348895,19.97618909],[-99.363680919,19.97590025],[-99.36388009,19.975600571],[-99.363944249,19.975450031],[-99.363952279,19.975432491],[-99.36407445,19.975148081],[-99.36403842,19.974894881],[-99.364048369,19.974653451],[-99.36406277,19.974472691],[-99.364104799,19.974381051],[-99.364138179,19.974221151],[-99.3641518,19.973945051],[-99.36406365,19.973223081],[-99.36349963,19.972470141],[-99.363370849,19.972539141],[-99.363316399,19.972568851],[-99.363277199,19.972501031],[-99.363258768,19.972468374],[-99.363241396,19.972437594],[-99.363240839,19.972436607],[-99.363240478,19.97243597],[-99.363222181,19.972403562],[-99.363086927,19.972164011],[-99.363031059,19.97206506],[-99.363026374,19.971942537],[-99.363025006,19.971906766],[-99.36300716,19.971439982],[-99.363003986,19.97135697],[-99.36300398,19.9713568],[-99.363003157,19.971335203],[-99.362999629,19.97124258],[-99.362991814,19.971248791],[-99.362687089,19.971490971],[-99.3621468,19.97170505],[-99.362013449,19.97199937],[-99.3616838,19.971792201],[-99.361484719,19.971458911],[-99.36144598,19.97106],[-99.3610448,19.970599201],[-99.36102871,19.9703926],[-99.360890139,19.970088141],[-99.360802859,19.97018278],[-99.360602709,19.97009757],[-99.36050243,19.96996791],[-99.36042334,19.96969269],[-99.36043425,19.969564851],[-99.360334369,19.969242981],[-99.360006019,19.96911082],[-99.35989105,19.968583171],[-99.359673109,19.967833911],[-99.35955425,19.96706397],[-99.359472919,19.96689592],[-99.35914865,19.966674551],[-99.35908145,19.96638694],[-99.35905532,19.96625002],[-99.35885438,19.966043341],[-99.35835112,19.965985481],[-99.358422909,19.96575105],[-99.35814568,19.96558009],[-99.358093059,19.965142111],[-99.35806503,19.96506394],[-99.35800032,19.96502268],[-99.357367049,19.96485948],[-99.35736952,19.9647398],[-99.35726432,19.96460431],[-99.356806459,19.964438631],[-99.356610979,19.964478061],[-99.35625014,19.964113171],[-99.356519079,19.96388274],[-99.35614498,19.963816171],[-99.355738419,19.963459951],[-99.355236369,19.963244421],[-99.354654309,19.96249445],[-99.354280999,19.962177151],[-99.35353,19.96141909],[-99.35352708,19.960960381],[-99.353595399,19.96008072],[-99.353761739,19.959080111],[-99.353783879,19.957951091],[-99.353628019,19.957026911],[-99.35352949,19.956438221],[-99.35345328,19.95578269],[-99.353344939,19.955096971],[-99.35317449,19.95388629],[-99.35277269,19.953280541],[-99.352711259,19.952952661],[-99.35257245,19.9527246],[-99.352226619,19.952339481],[-99.35181554,19.95187197],[-99.34823966,19.94898178],[-99.34708533,19.948076727],[-99.347085306,19.948076708],[-99.34674703,19.94781148],[-99.346173563,19.947289186],[-99.346116519,19.94723723],[-99.345267652,19.946448491],[-99.345261119,19.94644242],[-99.345219434,19.946408837],[-99.344044714,19.945462417],[-99.343785889,19.945253891],[-99.343657709,19.945162304],[-99.34300617,19.944696771],[-99.342927422,19.944648522],[-99.342412429,19.944332981],[-99.342402869,19.944336535],[-99.34223969,19.9443972],[-99.34179748,19.944415541],[-99.341239369,19.944430091],[-99.340922289,19.9444552],[-99.340876876,19.94445752],[-99.340805238,19.944461181],[-99.340540799,19.944474691],[-99.340415687,19.944481263],[-99.340204649,19.94449235],[-99.33989549,19.944497621],[-99.339853253,19.944501943],[-99.339643797,19.944523378],[-99.339591007,19.94452878],[-99.339555829,19.94453238],[-99.339522683,19.944408118],[-99.339521889,19.944405141],[-99.339514067,19.944375814],[-99.339510267,19.944361568],[-99.339507663,19.944351807],[-99.339504545,19.944340114],[-99.33947532,19.944230551],[-99.338994292,19.944016309],[-99.338814715,19.943936327],[-99.33877651,19.943919311],[-99.338751571,19.943922725],[-99.338519067,19.943954553],[-99.338390519,19.943972151],[-99.338371158,19.943964132],[-99.33829674,19.94393331],[-99.33789983,19.94376892],[-99.337842777,19.943700351],[-99.337731912,19.943567106],[-99.337730878,19.943565862],[-99.33772075,19.943553691],[-99.337718471,19.943560034],[-99.33766266,19.943715357],[-99.337576499,19.943955147],[-99.33748292,19.94421558],[-99.337232958,19.944355826],[-99.33711715,19.944420801],[-99.33691557,19.944481691],[-99.336789489,19.944504171],[-99.336612919,19.9433404],[-99.33487849,19.943870521],[-99.33508442,19.94466729],[-99.335055319,19.944700581],[-99.33436995,19.94474398],[-99.33367391,19.944833371],[-99.33298589,19.944925751],[-99.33231654,19.945074091],[-99.332242079,19.945086821],[-99.331839106,19.94519395],[-99.331616109,19.945253231],[-99.33154677,19.94526371],[-99.330906489,19.94541288],[-99.330769459,19.945510481],[-99.330602029,19.94549912],[-99.330072449,19.945667751],[-99.329511509,19.94579123],[-99.328838319,19.945929601],[-99.32823746,19.946070021],[-99.32801585,19.94605612],[-99.32736702,19.946217861],[-99.32724046,19.94567345],[-99.327148769,19.94530258],[-99.326739739,19.945024521],[-99.32640472,19.944951461],[-99.326031219,19.9449566],[-99.32547788,19.945086021],[-99.32434289,19.94553949],[-99.32408771,19.94566018],[-99.323781659,19.945912481],[-99.323325029,19.94628312],[-99.32337237,19.946577521],[-99.323497679,19.94690125],[-99.32373195,19.947180581],[-99.324744199,19.94757692],[-99.324918879,19.94765082],[-99.32503251,19.94774957],[-99.32507628,19.94781546],[-99.32523348,19.94788114],[-99.325474339,19.947853851],[-99.326031019,19.947777651],[-99.326481879,19.94782694],[-99.32668117,19.94802705],[-99.32711963,19.94848982],[-99.32718092,19.948524321],[-99.32728838,19.9484864],[-99.327617419,19.948554401],[-99.32768692,19.94837352],[-99.327858829,19.94824052],[-99.32821289,19.948435121],[-99.329816219,19.9495326],[-99.330321419,19.94991366],[-99.33023897,19.950252491],[-99.33023332,19.950334741],[-99.33056894,19.950403491],[-99.33072648,19.95051468],[-99.330975599,19.95055138],[-99.331223059,19.950660221],[-99.33135609,19.95072411],[-99.33161895,19.951058081],[-99.33182892,19.951169171],[-99.3320914,19.95131734],[-99.332378249,19.95134291],[-99.33374025,19.951610981],[-99.334750339,19.952153661],[-99.33593109,19.9524156],[-99.33774569,19.953270311],[-99.338747179,19.954252621],[-99.339332419,19.955029],[-99.339470569,19.95669815],[-99.339547429,19.95766086],[-99.339439509,19.958516451],[-99.339286459,19.958541386],[-99.339162349,19.958561605],[-99.336158743,19.959050907],[-99.336057861,19.95906734],[-99.335673919,19.959129881],[-99.33226503,19.95967692],[-99.332129279,19.959846317],[-99.332044723,19.959951829],[-99.331902649,19.960129115],[-99.33151878,19.960608121],[-99.331518771,19.960608491],[-99.331515951,19.960721072],[-99.33151186,19.96088443],[-99.33061649,19.962125521],[-99.32953572,19.96363915],[-99.329110119,19.964259511],[-99.3287376,19.96475065],[-99.328635801,19.964884862],[-99.32840668,19.96518694],[-99.32754609,19.965798371],[-99.327571919,19.96532288],[-99.327397949,19.965351847],[-99.32698126,19.965421226],[-99.32626038,19.96554125],[-99.325519549,19.96571412],[-99.32493066,19.96584368],[-99.32456703,19.965930281],[-99.32402308,19.966217141],[-99.323509259,19.966461061],[-99.32265915,19.96681985],[-99.321762549,19.967174771],[-99.321105119,19.96747274],[-99.32004431,19.9679834],[-99.31946158,19.968252951],[-99.319045879,19.96860886],[-99.318680919,19.968994511],[-99.318222319,19.969301051],[-99.317825749,19.96942017],[-99.317345509,19.969470371],[-99.31687537,19.969352801],[-99.31645395,19.96905886],[-99.31705874,19.96845157],[-99.317467539,19.96798357],[-99.317721119,19.967622651],[-99.317918279,19.967301881],[-99.31798831,19.96699468],[-99.318001579,19.96656743],[-99.317888079,19.96632732],[-99.31777422,19.96591366],[-99.317717059,19.96559335],[-99.31770223,19.965246261],[-99.317871179,19.964952251],[-99.31810238,19.964672481],[-99.3186044,19.96306508],[-99.31861186,19.96301506],[-99.31858145,19.962929381],[-99.318520779,19.962843751],[-99.318497889,19.962736631],[-99.31852802,19.962679431],[-99.31869218,19.96255932],[-99.31881769,19.962489261],[-99.319061539,19.96247486],[-99.31928326,19.96248145],[-99.319335059,19.962509281],[-99.319357289,19.96253718],[-99.319298369,19.962642051],[-99.319268999,19.96273288],[-99.319261749,19.962809721],[-99.319298859,19.962886461],[-99.31938766,19.962942171],[-99.31945435,19.96303285],[-99.31952088,19.963039711],[-99.319587249,19.962962771],[-99.319683419,19.963011481],[-99.319735289,19.96308123],[-99.31991302,19.96325549],[-99.31992812,19.963416091],[-99.319921,19.963548801],[-99.319965459,19.96361157],[-99.320083799,19.963653261],[-99.32021151,19.963613981],[-99.3203116,19.96353262],[-99.32038282,19.96334302],[-99.32043972,19.96315345],[-99.32046778,19.9628692],[-99.320424689,19.962801621],[-99.320243829,19.96265229],[-99.320138219,19.962575831],[-99.320105519,19.96246089],[-99.32017034,19.96241478],[-99.320275629,19.96233028],[-99.320429659,19.962284001],[-99.320535219,19.9623298],[-99.32076249,19.962390721],[-99.32092477,19.962405751],[-99.32116009,19.962436],[-99.32121686,19.962435891],[-99.321398339,19.96242723],[-99.321430289,19.962408281],[-99.32150223,19.96237791],[-99.32158618,19.96236265],[-99.321654249,19.96238898],[-99.32172632,19.96243042],[-99.32177438,19.962468121],[-99.32181445,19.96249829],[-99.321862449,19.9624982],[-99.321910369,19.96246788],[-99.32194229,19.962426251],[-99.321950179,19.96237332],[-99.321966109,19.96233549],[-99.322018019,19.962297621],[-99.322077939,19.96226349],[-99.32213392,19.96225583],[-99.32220192,19.962259481],[-99.322249889,19.96224806],[-99.32228689,19.962148351],[-99.32231,19.96207508],[-99.32237192,19.962038341],[-99.32241829,19.96197234],[-99.32240265,19.961899121],[-99.322348259,19.961840631],[-99.32223197,19.96181888],[-99.32216214,19.961782381],[-99.322053549,19.96174595],[-99.32192192,19.961804781],[-99.32178805,19.96179003],[-99.321736969,19.961761981],[-99.321668879,19.961733981],[-99.321575249,19.961697981],[-99.321498719,19.96171018],[-99.321426509,19.961746481],[-99.321358509,19.961762681],[-99.32121818,19.961766941],[-99.321137379,19.961767091],[-99.32103535,19.961775311],[-99.32098437,19.961799511],[-99.32094194,19.961847821],[-99.320907919,19.96184788],[-99.320818549,19.96181589],[-99.320741859,19.96174369],[-99.320677879,19.96163934],[-99.32064363,19.96153089],[-99.32064758,19.961382221],[-99.320638089,19.961261001],[-99.32058557,19.9612066],[-99.320491079,19.961132481],[-99.320438509,19.96105828],[-99.320396419,19.96098405],[-99.32037003,19.96089494],[-99.320338459,19.960835571],[-99.320285859,19.96074155],[-99.320233259,19.960652491],[-99.32015966,19.9605486],[-99.32004935,19.960424971],[-99.319980969,19.960311171],[-99.3198916,19.960177601],[-99.319744399,19.95995992],[-99.31954254,19.959713461],[-99.319411459,19.959590081],[-99.31934363,19.9595092],[-99.319319696,19.959488167],[-99.31927585,19.959449631],[-99.319257125,19.959446873],[-99.319190109,19.959437],[-99.319099849,19.959420111],[-99.319054659,19.95938609],[-99.31898232,19.95930095],[-99.318887349,19.959186031],[-99.31878797,19.959113741],[-99.318670319,19.959026121],[-99.318674199,19.95897732],[-99.318693949,19.95892849],[-99.318765349,19.95888332],[-99.318820799,19.958804421],[-99.31886432,19.95872175],[-99.318923629,19.958582781],[-99.318958372,19.958476246],[-99.31895915,19.95847386],[-99.318954999,19.95838005],[-99.318935967,19.95830518],[-99.31893497,19.958301261],[-99.31889106,19.95819249],[-99.318925219,19.95808251],[-99.319055399,19.95775497],[-99.31924183,19.957725521],[-99.319359779,19.957613631],[-99.31937254,19.957427461],[-99.31937217,19.957426802],[-99.319360348,19.957405795],[-99.319253939,19.957216721],[-99.319082779,19.956993661],[-99.318950277,19.956935023],[-99.31885934,19.95689478],[-99.318602947,19.956895248],[-99.31859671,19.95689526],[-99.3183736,19.95695771],[-99.318211668,19.957067446],[-99.318098199,19.95714434],[-99.318086314,19.957130837],[-99.31799258,19.957024341],[-99.31773443,19.957289421],[-99.317579249,19.957250941],[-99.31716092,19.957051061],[-99.31703168,19.95660732],[-99.316880026,19.956397069],[-99.316858979,19.956367891],[-99.31678248,19.95638574],[-99.316793569,19.95634308],[-99.316913986,19.956203407],[-99.317252689,19.95581054],[-99.316973045,19.955351793],[-99.31691191,19.955251503],[-99.3086348,19.941671595],[-99.308559023,19.941547256],[-99.308444026,19.941358564],[-99.308420428,19.941319843],[-99.308398974,19.941284641],[-99.30830732,19.941134251],[-99.308334569,19.94059631],[-99.308018949,19.9405894],[-99.308067353,19.939956076],[-99.308073123,19.939880588],[-99.308078139,19.939814963],[-99.30808051,19.939783941],[-99.308066675,19.939777992],[-99.308015985,19.939756198],[-99.307962079,19.939733021],[-99.307930043,19.939710439],[-99.307818175,19.939631582],[-99.307746219,19.939580861],[-99.30751522,19.93945415],[-99.307348807,19.939327468],[-99.307198873,19.939213332],[-99.30716163,19.939184981],[-99.307116818,19.939138254],[-99.307013957,19.939031002],[-99.307006149,19.93902286],[-99.306994795,19.939008137],[-99.306699339,19.938625001],[-99.30647243,19.93828398],[-99.306296619,19.937942721],[-99.306121009,19.937678872],[-99.306110059,19.937662421],[-99.306108526,19.937626039],[-99.30607822,19.936906691],[-99.306048324,19.936643961],[-99.306017347,19.936371729],[-99.306010859,19.93631471],[-99.30604385,19.93588195],[-99.306043154,19.935673122],[-99.30604275,19.935551721],[-99.306091835,19.935173752],[-99.30609472,19.935151541],[-99.306190037,19.934883808],[-99.30619012,19.934883574],[-99.306196999,19.93486425],[-99.306197307,19.934863061],[-99.30622236,19.93476618],[-99.306334567,19.934332285],[-99.30634225,19.934302571],[-99.306721232,19.933372263],[-99.306736003,19.933336004],[-99.306749782,19.933302181],[-99.306777959,19.933233013],[-99.306783351,19.933219777],[-99.30687111,19.93300435],[-99.306102029,19.931877621],[-99.305847899,19.93167722],[-99.305785336,19.931627884],[-99.30555218,19.93144402],[-99.305174089,19.93123935],[-99.30479626,19.9310692],[-99.304524686,19.930422975],[-99.304511859,19.93039245],[-99.304419939,19.930080201],[-99.304291564,19.930243881],[-99.304230569,19.930321651],[-99.30394814,19.930619321],[-99.30343662,19.930942321],[-99.30286728,19.931256721],[-99.302360079,19.931561201],[-99.301790629,19.931836421],[-99.300106339,19.9326474],[-99.299791969,19.932820851],[-99.29936054,19.933008341],[-99.2991046,19.93311252],[-99.2988906,19.93318531],[-99.29817015,19.933536751],[-99.297719879,19.93375522],[-99.29727952,19.93392634],[-99.29692917,19.93402158],[-99.29649872,19.93413589],[-99.296254649,19.93413426],[-99.29592709,19.934116941],[-99.29558066,19.93411157],[-99.295322479,19.93414771],[-99.295190259,19.93417769],[-99.29490677,19.9341484],[-99.294554059,19.93415494],[-99.29427694,19.934161351],[-99.29394945,19.93417975],[-99.293647109,19.934174311],[-99.29340157,19.93423423],[-99.292998629,19.934324201],[-99.292734319,19.934455601],[-99.29274459,19.934535363],[-99.292748489,19.93456565],[-99.292782649,19.93457726],[-99.292803753,19.934589921],[-99.293952179,19.935278851],[-99.296194629,19.936617261],[-99.296241079,19.936640581],[-99.29660055,19.93685534],[-99.29672631,19.93692749],[-99.298119089,19.937719541],[-99.29884232,19.93813165],[-99.29942965,19.938462691],[-99.300052429,19.93881046],[-99.29295348,19.94018335],[-99.289398459,19.940870771],[-99.289363449,19.940877539],[-99.289246759,19.940900095],[-99.289207241,19.940907735],[-99.289073592,19.940933569],[-99.289020199,19.940943891],[-99.288878539,19.940971291],[-99.288745763,19.940996964],[-99.288611419,19.94102294],[-99.288428782,19.941060371],[-99.28839995,19.94106628],[-99.28837654,19.94107108],[-99.288376564,19.941071373],[-99.28840062,19.941363801],[-99.288225799,19.941432351],[-99.288219763,19.941444265],[-99.288181419,19.94151994],[-99.28821943,19.94152198],[-99.28847502,19.94161946],[-99.2887104,19.94184757],[-99.28879514,19.942070521],[-99.28878352,19.942309581],[-99.28867091,19.942655781],[-99.28859435,19.942998921],[-99.288483999,19.94326774],[-99.28844849,19.943387221],[-99.288427379,19.943563771],[-99.288454728,19.943669235],[-99.288485,19.943785971],[-99.288554319,19.943951121],[-99.28860478,19.944081251],[-99.28874994,19.944565342],[-99.288806119,19.944705781],[-99.289067709,19.945011851],[-99.28920778,19.94512228],[-99.289330459,19.94518055],[-99.28953714,19.945237771],[-99.289657449,19.94529942],[-99.28975875,19.94538694],[-99.289873779,19.94556606],[-99.28996802,19.945682832],[-99.290061599,19.94577888],[-99.29016039,19.945839035],[-99.29016288,19.945840551],[-99.29014985,19.94587429],[-99.290072569,19.94591265],[-99.289875309,19.946069251],[-99.28975445,19.946186021],[-99.28947638,19.946412461],[-99.289363939,19.94649522],[-99.289201149,19.94663489],[-99.289070429,19.94673743],[-99.2888392,19.94689795],[-99.288502059,19.94711034],[-99.288374229,19.94717392],[-99.288218579,19.94731134],[-99.287998349,19.947555081],[-99.28786891,19.94765191],[-99.28783828,19.94771692],[-99.287855759,19.947751751],[-99.288255402,19.948548135],[-99.288498349,19.94903226],[-99.288530549,19.949096077],[-99.288558089,19.949150659],[-99.2885991,19.949231941],[-99.288611249,19.949256021],[-99.288830969,19.94936892],[-99.28899828,19.949445231],[-99.28916732,19.94955185],[-99.28923903,19.949684751],[-99.289400019,19.95000195],[-99.289427453,19.950070499],[-99.289441249,19.950104971],[-99.289439491,19.950113836],[-99.289430684,19.950158251],[-99.289429539,19.950164021],[-99.28935025,19.95020243],[-99.289185381,19.950195288],[-99.289103615,19.950191746],[-99.28907971,19.95019071],[-99.289091123,19.950213449],[-99.28946678,19.95096189],[-99.289502872,19.951033793],[-99.289502936,19.951033922],[-99.289536661,19.951101109],[-99.289771219,19.9515684],[-99.29021745,19.952429801],[-99.290263846,19.952466226],[-99.2902732,19.95247357],[-99.290307429,19.95252191],[-99.290330319,19.952593551],[-99.29036235,19.95274654],[-99.290272563,19.952786966],[-99.29026809,19.95278898],[-99.2901624,19.95280855],[-99.290116743,19.952822507],[-99.289173549,19.953110831],[-99.28822889,19.953401911],[-99.28818797,19.95341452],[-99.288186375,19.953415012],[-99.287650719,19.95358006],[-99.28732092,19.953551597],[-99.28726554,19.953546817],[-99.287258629,19.953546221],[-99.286928309,19.95351771],[-99.286741599,19.953504431],[-99.286527889,19.95349085],[-99.286110289,19.953464311],[-99.28603465,19.953457798],[-99.286003549,19.95345512],[-99.28595478,19.953450923],[-99.28521095,19.95338692],[-99.28462123,19.953323847],[-99.28455162,19.9533164],[-99.284315689,19.953516891],[-99.284241949,19.953579551],[-99.284231408,19.953590019],[-99.284175489,19.95364555],[-99.28355668,19.95426003],[-99.282662459,19.9551042],[-99.282640084,19.955062259],[-99.282637481,19.955057381],[-99.28227995,19.954387246],[-99.281245769,19.9524488],[-99.28025092,19.95306622],[-99.27940388,19.954103651],[-99.2785608,19.954736321],[-99.27853254,19.954908521],[-99.278408459,19.95500835],[-99.27778742,19.955393031],[-99.27794918,19.95560043],[-99.27717049,19.95593194],[-99.277134979,19.95584425],[-99.276852279,19.95633989],[-99.27671785,19.956353661],[-99.276534249,19.95640637],[-99.27584554,19.95671451],[-99.275783379,19.957143571],[-99.275751489,19.95753426],[-99.275715969,19.95799998],[-99.27571769,19.958018021],[-99.275433569,19.957985061],[-99.275150659,19.95789132],[-99.274837259,19.95803694],[-99.27473617,19.958873031],[-99.274683779,19.95923095],[-99.27226457,19.96057749],[-99.272633149,19.960995511],[-99.269912769,19.964983181],[-99.266231079,19.962586491],[-99.263110779,19.96138498],[-99.262585289,19.96132335],[-99.25927894,19.960698451],[-99.256027999,19.95645894],[-99.25490446,19.95661491],[-99.25519134,19.95515703],[-99.255339549,19.954138081],[-99.25466937,19.954225021],[-99.254477429,19.953495951],[-99.254331909,19.95351448],[-99.25421482,19.95268349],[-99.25422638,19.95252931],[-99.25432878,19.95243334],[-99.253987149,19.95161312],[-99.25359306,19.95089586],[-99.253083089,19.949346601],[-99.25106695,19.94582658],[-99.2513344,19.94405709],[-99.252409169,19.936931601],[-99.25230943,19.93660509],[-99.25228562,19.936564311],[-99.251747979,19.934527921],[-99.251236429,19.93267729],[-99.251287029,19.93266977],[-99.252687709,19.93261552],[-99.2529048,19.9325382],[-99.25362218,19.93239298],[-99.253567799,19.931859321],[-99.254690089,19.93155958],[-99.255357659,19.931384201],[-99.256005599,19.931213],[-99.256035279,19.93131646],[-99.25692758,19.931046881],[-99.25659295,19.930190231],[-99.25695425,19.929651401],[-99.25814711,19.928395061],[-99.25796897,19.928169911],[-99.26024469,19.924308891],[-99.259749709,19.92413091],[-99.25903749,19.92391477],[-99.25973166,19.923081771],[-99.25940492,19.922894541],[-99.25938057,19.92279751],[-99.25969272,19.92261546],[-99.2599992,19.92257638],[-99.26022237,19.921889981],[-99.26044866,19.92120026],[-99.260837689,19.92103654],[-99.261124449,19.92121898],[-99.261334319,19.92158071],[-99.261578769,19.92166283],[-99.262783279,19.92169772],[-99.263176079,19.92174478],[-99.263615619,19.92190195],[-99.26423692,19.922123001],[-99.264346339,19.922393801],[-99.265063249,19.922359461],[-99.2656756,19.922379111],[-99.26576752,19.92197563],[-99.26641208,19.92133851],[-99.26729518,19.92165823],[-99.268659709,19.92191637],[-99.26931931,19.92200705],[-99.2693032,19.92188842],[-99.27090026,19.920847911],[-99.271355779,19.92132935],[-99.27164908,19.921251881],[-99.271741619,19.921292461],[-99.272147259,19.921662951],[-99.272791659,19.921096581],[-99.27323637,19.92122831],[-99.27340789,19.920571821],[-99.27352575,19.92020315],[-99.273716349,19.919976371],[-99.27409562,19.919142741],[-99.27416038,19.918843921],[-99.273658019,19.91882802],[-99.27334828,19.918523421],[-99.27278542,19.91810729],[-99.27261225,19.917695601],[-99.272988829,19.917135951],[-99.27303558,19.91668102],[-99.272868799,19.916341121],[-99.272604879,19.916417351],[-99.272126679,19.916616461],[-99.27151486,19.9166658],[-99.27105455,19.916420281],[-99.270785489,19.916279171],[-99.27075065,19.9156924],[-99.271072969,19.91515611],[-99.27137478,19.914755621],[-99.271903449,19.9147462],[-99.272104259,19.914199651],[-99.272084889,19.91336895],[-99.272119489,19.91277515],[-99.272234799,19.912458771],[-99.27187729,19.91125294],[-99.27162123,19.91052849],[-99.27111066,19.909887851],[-99.27082898,19.909161661],[-99.27052263,19.90884848],[-99.2705012,19.908801661],[-99.27033298,19.908634341],[-99.269502229,19.90832152],[-99.269240769,19.90843278],[-99.268855019,19.9082994],[-99.268187449,19.907700451],[-99.268162259,19.90767998],[-99.267937509,19.90746145],[-99.267719289,19.906936801],[-99.26773651,19.90669866],[-99.267789289,19.90648042],[-99.26918125,19.906382981],[-99.269300819,19.906254571],[-99.26935126,19.90549832],[-99.269471909,19.90537985],[-99.269229659,19.904738051],[-99.26926006,19.904688111],[-99.26868555,19.904546171],[-99.268052509,19.90461138],[-99.26776391,19.904768291],[-99.26748865,19.905030911],[-99.26708786,19.905031451],[-99.26687497,19.90465209],[-99.26707365,19.904063141],[-99.267090879,19.90368743],[-99.26700974,19.90355935],[-99.266873629,19.90353457],[-99.266390949,19.90352312],[-99.26591618,19.903802341],[-99.265204139,19.902715171],[-99.264550169,19.902871521],[-99.26408335,19.902712491],[-99.263956139,19.90230169],[-99.26386137,19.901902081],[-99.26358234,19.901692481],[-99.26326445,19.90132509],[-99.2631664,19.90098286],[-99.263083939,19.90046215],[-99.263078119,19.90022634],[-99.263100969,19.89950809],[-99.262888969,19.89907454],[-99.26295637,19.898390971],[-99.26314465,19.89788515],[-99.26298249,19.897653251],[-99.26263514,19.897755681],[-99.262569709,19.898055861],[-99.26247797,19.89816042],[-99.262376029,19.898205541],[-99.262185619,19.898212251],[-99.26204269,19.898161051],[-99.26196772,19.898058321],[-99.26191311,19.89793629],[-99.261844829,19.897775721],[-99.26182685,19.89766023],[-99.261798629,19.89764437],[-99.26154488,19.896929321],[-99.26128817,19.896687801],[-99.26041671,19.89674885],[-99.26002449,19.89574882],[-99.260024349,19.89566577],[-99.259865289,19.8949246],[-99.259752629,19.8946134],[-99.25959762,19.894130051],[-99.25943658,19.893456051],[-99.259289049,19.892969651],[-99.25914038,19.8924762],[-99.2589332,19.892131201],[-99.258680749,19.891829801],[-99.2579616,19.89117183],[-99.25759488,19.890868151],[-99.25629275,19.889828111],[-99.255626599,19.88936357],[-99.25515703,19.8890472],[-99.25470706,19.888716951],[-99.254260999,19.88852682],[-99.25383832,19.88834789],[-99.253524749,19.888291],[-99.253241749,19.888254151],[-99.25281829,19.888189941],[-99.252707939,19.88821583],[-99.25267454,19.88841694],[-99.25246714,19.88894597],[-99.252301089,19.88929551],[-99.25219969,19.88964609],[-99.252071539,19.89002632],[-99.251689279,19.89083858],[-99.25161985,19.89101223],[-99.251582859,19.891174181],[-99.25116611,19.89237792],[-99.25108002,19.89255083],[-99.25078585,19.89306492],[-99.25011272,19.893535831],[-99.24977165,19.893790261],[-99.249668339,19.893840481],[-99.24922355,19.89411752],[-99.24841123,19.894594821],[-99.24758971,19.895089911],[-99.2475466,19.895141481],[-99.24674409,19.895565801],[-99.24659834,19.894961],[-99.245622549,19.895044451],[-99.245394049,19.894182351],[-99.245118829,19.89297352],[-99.244176419,19.893203921],[-99.24396798,19.892261511],[-99.24388942,19.892017121],[-99.243682909,19.89189508],[-99.243188449,19.891614081],[-99.24308155,19.891433121],[-99.24236368,19.89100874],[-99.241849579,19.890540831],[-99.24158778,19.890181],[-99.24152922,19.890099351],[-99.241402584,19.889830983],[-99.24086338,19.88868829],[-99.240794715,19.888644472],[-99.2406974,19.88858237],[-99.239654149,19.88806178],[-99.23956832,19.88801895],[-99.239423883,19.887138004],[-99.23940174,19.88700295],[-99.239374242,19.886939517],[-99.23917992,19.88649123],[-99.23905911,19.88603742],[-99.23878048,19.885058951],[-99.23867932,19.88447492],[-99.238672248,19.884434092],[-99.238669932,19.88442073],[-99.238540859,19.883675491],[-99.238267369,19.882665001],[-99.238258848,19.882633491],[-99.2380542,19.88187731],[-99.237848999,19.88124008],[-99.237623339,19.88026385],[-99.237421659,19.879364752],[-99.237327139,19.879011631],[-99.237185909,19.878483941],[-99.237104829,19.878103631],[-99.23685672,19.877235382],[-99.236711429,19.876601231],[-99.23648103,19.875698254],[-99.236361542,19.875217112],[-99.236213199,19.874619782],[-99.235992599,19.87377014],[-99.23594754,19.8734942],[-99.236372399,19.875083141],[-99.241430339,19.875262111],[-99.245669309,19.869529091],[-99.247960819,19.859785451],[-99.25287994,19.860641661],[-99.252880579,19.860635839],[-99.25290594,19.860404851],[-99.252906519,19.860404133],[-99.253099659,19.86016465],[-99.253353399,19.86009371],[-99.253741319,19.859909691],[-99.253845539,19.859711951],[-99.254024319,19.859471781],[-99.25417345,19.859344541],[-99.254427179,19.85928772],[-99.2546956,19.859084551],[-99.263421019,19.859064511],[-99.26650758,19.859057311],[-99.26651531,19.85907437],[-99.26668048,19.859143461],[-99.26688243,19.85928183],[-99.267157719,19.859402751],[-99.267487949,19.8594716],[-99.268203479,19.859643861],[-99.26895549,19.85971206],[-99.269468719,19.859555281],[-99.27009163,19.859172981],[-99.270970859,19.858564951],[-99.27151988,19.85753614],[-99.27188508,19.856669111],[-99.27238368,19.85587866],[-99.27261205,19.8554452],[-99.272954689,19.85484914],[-99.2732972,19.854171861],[-99.273525289,19.853575981],[-99.273897119,19.853304711],[-99.274412199,19.853060291],[-99.274943909,19.853109781],[-99.275383419,19.852901201],[-99.2760252,19.85148686],[-99.276267339,19.850607291],[-99.276267771,19.850604084],[-99.276412369,19.849531221],[-99.276413139,19.849528147],[-99.276780879,19.848060461],[-99.276861449,19.84775472],[-99.27710135,19.84789537],[-99.27767115,19.845608261],[-99.27817425,19.84341277],[-99.27842071,19.842738221],[-99.278420143,19.842737124],[-99.278307581,19.842519273],[-99.278159109,19.842231921],[-99.278160969,19.842227597],[-99.278161871,19.842225499],[-99.27825731,19.8420036],[-99.278391949,19.841690551],[-99.27871892,19.840409401],[-99.28030034,19.841723291],[-99.28134245,19.84258908],[-99.28161403,19.842609081],[-99.28253366,19.84198115],[-99.28267431,19.84188474],[-99.2829044,19.841727],[-99.28363565,19.841723151],[-99.283781319,19.841455111],[-99.28421894,19.841201231],[-99.284301484,19.840847143],[-99.284306291,19.840826519],[-99.28431555,19.840786801],[-99.284482945,19.840752942],[-99.284508934,19.840747685],[-99.28475531,19.840697851],[-99.285118369,19.8406244],[-99.285846709,19.83963355],[-99.286321419,19.83715829],[-99.2873858,19.836964321],[-99.29694378,19.83522225],[-99.298163419,19.833460571],[-99.29926326,19.83187186],[-99.301145649,19.82915266],[-99.30057748,19.828907261],[-99.300569919,19.828823881],[-99.30029275,19.828508311],[-99.300313749,19.828449651],[-99.300873949,19.82728634],[-99.30096465,19.827219801],[-99.30197631,19.82780077],[-99.302467549,19.8270438],[-99.303130219,19.826660981],[-99.303416279,19.825910511],[-99.303892819,19.82526062],[-99.30474932,19.823239711],[-99.305378709,19.823366171],[-99.30555037,19.823370291],[-99.30581691,19.823282371],[-99.3060918,19.82303589],[-99.3062458,19.822742551],[-99.30612738,19.82236575],[-99.30608812,19.821956181],[-99.306180539,19.82143082],[-99.30600402,19.821139021],[-99.30590268,19.820594321],[-99.306973829,19.82051189],[-99.307744,19.819997941],[-99.30855729,19.81929966],[-99.308335399,19.818737951],[-99.308006769,19.818754001],[-99.30797758,19.818454121],[-99.308788419,19.818211851],[-99.308563549,19.81742395],[-99.30988818,19.81605815],[-99.31020802,19.815173051],[-99.310442429,19.814702201],[-99.311401459,19.81422292],[-99.311650459,19.814197751],[-99.31192295,19.814162491],[-99.31167538,19.813445771],[-99.31165885,19.81340434],[-99.311415369,19.813526141],[-99.31120606,19.813694971],[-99.311072999,19.813876291],[-99.31093594,19.813962911],[-99.31068,19.81410865],[-99.310602,19.81416622],[-99.310221199,19.814361651],[-99.310123489,19.81432634],[-99.31011077,19.81398243],[-99.308951799,19.814193251],[-99.30893797,19.814478321],[-99.30860934,19.81446071],[-99.308647029,19.81393985],[-99.30838872,19.81368451],[-99.308435229,19.812808911],[-99.30815034,19.812735001],[-99.308049119,19.813651511],[-99.30796869,19.814479711],[-99.30771874,19.814544451],[-99.30771451,19.814520621],[-99.30779843,19.81278957],[-99.30732911,19.813036141],[-99.30721363,19.8130702],[-99.307161969,19.813034371],[-99.307027999,19.813027111],[-99.306945479,19.81302565],[-99.30690518,19.812976121],[-99.30693406,19.81291915],[-99.306992629,19.812913291],[-99.307176319,19.81286128],[-99.307338229,19.812801951],[-99.3074792,19.81269389],[-99.30759852,19.81257163],[-99.307760569,19.8125054],[-99.30793723,19.81243943],[-99.308054779,19.81240697],[-99.308179769,19.812367721],[-99.30829097,19.812286781],[-99.308473969,19.81226929],[-99.308614249,19.812195771],[-99.30871897,19.81207325],[-99.30878758,19.81192934],[-99.30892895,19.81180055],[-99.309135679,19.81157509],[-99.30919191,19.81141314],[-99.309300289,19.81129391],[-99.309390339,19.81120777],[-99.30941042,19.81108695],[-99.309398649,19.81101154],[-99.30941306,19.81095331],[-99.309458379,19.810801801],[-99.309554579,19.81069795],[-99.309644349,19.810567631],[-99.309626509,19.81041229],[-99.309717949,19.810378281],[-99.309864289,19.81028623],[-99.310027939,19.810162951],[-99.310181199,19.810002691],[-99.31034002,19.80984254],[-99.3105156,19.809677421],[-99.31075397,19.809451261],[-99.310982599,19.809288851],[-99.311131149,19.809200031],[-99.311188829,19.809202881],[-99.31125045,19.809200321],[-99.311365579,19.809057491],[-99.311466149,19.80881075],[-99.311462119,19.808780941],[-99.31135442,19.808621771],[-99.31135525,19.8085802],[-99.3113604,19.80851342],[-99.31135195,19.808457221],[-99.31130822,19.808445601],[-99.311235399,19.8084682],[-99.311201719,19.80837637],[-99.311185709,19.808310571],[-99.311113519,19.808239681],[-99.311090739,19.808296601],[-99.310969519,19.807915691],[-99.31098062,19.807873261],[-99.31099054,19.80780814],[-99.31105652,19.807744001],[-99.311088179,19.80767111],[-99.31109931,19.80754478],[-99.31113535,19.80746788],[-99.311107179,19.80736535],[-99.31116577,19.80723986],[-99.31112497,19.807120781],[-99.311233779,19.80696032],[-99.31129558,19.80673374],[-99.31138751,19.80652938],[-99.311523479,19.80641614],[-99.311719489,19.806358181],[-99.31191011,19.806379651],[-99.31196762,19.806369821],[-99.312067379,19.806154751],[-99.31221683,19.805729741],[-99.312398259,19.805586921],[-99.312459399,19.80545402],[-99.31267425,19.805228171],[-99.31255366,19.804841201],[-99.312198059,19.80459032],[-99.31216442,19.804543081],[-99.31218337,19.804436621],[-99.31198538,19.80410897],[-99.31139086,19.803626051],[-99.311040259,19.803118521],[-99.31075077,19.802761321],[-99.310455819,19.80255325],[-99.310124379,19.802355971],[-99.309693079,19.802117951],[-99.309252279,19.80169418],[-99.308860649,19.801420711],[-99.30884965,19.80129617],[-99.308934709,19.801173911],[-99.309020169,19.801148251],[-99.30917686,19.80087365],[-99.309156819,19.800678571],[-99.30899178,19.80043392],[-99.30895278,19.800440351],[-99.30866317,19.800442381],[-99.30843548,19.80038415],[-99.30797108,19.799945631],[-99.307824909,19.799302951],[-99.307056489,19.79871443],[-99.30660052,19.79769371],[-99.313861319,19.79634528],[-99.314101349,19.796694911],[-99.31496582,19.7961888],[-99.31559406,19.79555872],[-99.31636023,19.79636468],[-99.316380479,19.796381971],[-99.31665371,19.795989581],[-99.31686985,19.79567063],[-99.31720289,19.795826861],[-99.317852219,19.796111341],[-99.31840702,19.796345171],[-99.31879302,19.796392141],[-99.319038859,19.79636728],[-99.319156569,19.796348081],[-99.319354919,19.79628505],[-99.31988169,19.79605831],[-99.32051498,19.795833141],[-99.32158351,19.795750941],[-99.32164838,19.79574938],[-99.322301139,19.795005981],[-99.323148909,19.79528028],[-99.32258291,19.79423658],[-99.322600579,19.794233051],[-99.323142879,19.79390515],[-99.322966549,19.793613481],[-99.323586709,19.79317315],[-99.32388131,19.792888251],[-99.324180909,19.793534721],[-99.324479819,19.793183481],[-99.325581739,19.793095491],[-99.326364049,19.79321411],[-99.326913,19.793656141],[-99.32726492,19.793864751],[-99.32835212,19.79495612],[-99.32840102,19.79498474],[-99.328373459,19.795538601],[-99.3289902,19.795828171],[-99.32971282,19.79618106],[-99.330793819,19.796681031],[-99.33134558,19.79670174],[-99.33217275,19.796887941],[-99.332939689,19.796918251],[-99.33326389,19.797063921],[-99.3336822,19.79718291],[-99.33446698,19.797270111],[-99.334558649,19.797425381],[-99.334922149,19.79750857],[-99.33524105,19.797565401],[-99.33551025,19.797673741],[-99.33566449,19.797864651],[-99.3357982,19.798064881],[-99.335850089,19.79827809],[-99.335896849,19.798491231],[-99.335706629,19.798574741],[-99.335527909,19.79859091],[-99.335395259,19.798598261],[-99.33521426,19.79873015],[-99.335109019,19.7988972],[-99.33519071,19.799149551],[-99.33521222,19.799352631],[-99.335304859,19.799640571],[-99.335449919,19.79970366],[-99.335745889,19.799681521],[-99.33599872,19.799655261],[-99.336095509,19.79968085],[-99.336172689,19.799727941],[-99.336214379,19.79981065],[-99.3362244,19.800001341],[-99.33623462,19.80017905],[-99.336179619,19.8003284],[-99.33609754,19.8004062],[-99.33575938,19.800387281],[-99.33562598,19.800423851],[-99.335568079,19.800516751],[-99.335604649,19.800788971],[-99.33572869,19.801018981],[-99.33589362,19.80126494],[-99.33626609,19.801483751],[-99.336756879,19.801648311],[-99.337140919,19.801659371],[-99.33749934,19.80157474],[-99.33781255,19.801545771],[-99.337916829,19.801590911],[-99.338052169,19.801688541],[-99.338222029,19.80189075],[-99.338338689,19.80200542],[-99.338511689,19.802047431],[-99.33865391,19.80202825],[-99.338760399,19.801960801],[-99.338844259,19.80188438],[-99.338813279,19.801589481],[-99.338812629,19.80134723],[-99.338844979,19.8011062],[-99.33902223,19.800974491],[-99.33922208,19.800697051],[-99.339329449,19.800407541],[-99.339346689,19.800050121],[-99.33938175,19.79960758],[-99.339435119,19.799318181],[-99.339434,19.798790621],[-99.33970322,19.798432721],[-99.339738519,19.798109321],[-99.339737849,19.797785981],[-99.339808999,19.79739443],[-99.339864369,19.796998481],[-99.33993563,19.796657981],[-99.33988106,19.7963858],[-99.339808059,19.795909431],[-99.340023279,19.795551631],[-99.34005269,19.795424601],[-99.340142109,19.795038541],[-99.340309379,19.79431625],[-99.340994379,19.794502421],[-99.34117315,19.79463046],[-99.34129978,19.794936551],[-99.3414442,19.79514049],[-99.34157091,19.795480621],[-99.34175802,19.795830601],[-99.342448999,19.795992681],[-99.341762,19.79429258],[-99.342608019,19.794101981],[-99.342901519,19.79500772],[-99.342682449,19.795698311],[-99.342769339,19.796052491],[-99.34274786,19.79613177],[-99.342857849,19.796116371],[-99.345011029,19.795511311],[-99.344974628,19.795271291],[-99.34496706,19.795221451],[-99.3449554,19.79514458],[-99.344982648,19.79493708],[-99.34502983,19.794577627],[-99.34506086,19.794341231],[-99.34537355,19.793954001],[-99.34555886,19.79348334],[-99.34573515,19.793128251],[-99.345719608,19.793066752],[-99.345659174,19.792827606],[-99.345648799,19.792786551],[-99.34550021,19.792774937],[-99.344978354,19.792734151],[-99.344968119,19.79273335],[-99.344741274,19.792691942],[-99.34467558,19.792679951],[-99.344634419,19.792672431],[-99.34463205,19.792655064],[-99.344625299,19.792605893],[-99.344574449,19.79223554],[-99.34448149,19.791749421],[-99.344322109,19.79150154],[-99.34428526,19.791444231],[-99.344318889,19.791208891],[-99.34434023,19.790918141],[-99.344419909,19.79044555],[-99.34443711,19.79034349],[-99.344574218,19.789855151],[-99.344575689,19.789849921],[-99.344573227,19.789839551],[-99.344573215,19.789839496],[-99.34444314,19.78929148],[-99.344618779,19.78890157],[-99.345110369,19.788585201],[-99.34544326,19.788292061],[-99.34584814,19.788168371],[-99.34596998,19.78813115],[-99.346054955,19.787983428],[-99.34612355,19.78786418],[-99.346118354,19.787809925],[-99.34611298,19.787753805],[-99.34610055,19.78762398],[-99.34581471,19.787436461],[-99.3444362,19.78715749],[-99.344160249,19.787308781],[-99.34380929,19.787166311],[-99.343949969,19.7868378],[-99.34443834,19.786460691],[-99.344988179,19.786054],[-99.34556109,19.785324891],[-99.345619003,19.785259817],[-99.345619038,19.785259778],[-99.345913914,19.784928378],[-99.345944199,19.78489434],[-99.34599882,19.784682921],[-99.345779509,19.784449291],[-99.345551339,19.78424935],[-99.344875149,19.783892981],[-99.344494002,19.78368514],[-99.344406122,19.783637219],[-99.344000979,19.783416291],[-99.343299083,19.782962151],[-99.343264849,19.782940001],[-99.34304212,19.782784781],[-99.34295911,19.782693171],[-99.342669849,19.78237388],[-99.342968849,19.782265421],[-99.343233398,19.78231522],[-99.343420469,19.782350441],[-99.3434706,19.78235988],[-99.343732599,19.782235691],[-99.34375425,19.782217932],[-99.343940344,19.782065289],[-99.344032679,19.78198955],[-99.34385731,19.781440251],[-99.34378055,19.781044491],[-99.34366568,19.780762253],[-99.343653029,19.780731172],[-99.343639919,19.780698971],[-99.34348031,19.78050214],[-99.34395215,19.780254261],[-99.344112768,19.78015582],[-99.344221534,19.780089147],[-99.34451728,19.77990785],[-99.344550788,19.779555899],[-99.344554619,19.77951565],[-99.34456045,19.779454521],[-99.34537811,19.779298461],[-99.346049599,19.779350281],[-99.346998139,19.778980021],[-99.347649349,19.778442771],[-99.34854922,19.77793083],[-99.34928031,19.777666151],[-99.35027706,19.777365001],[-99.350763089,19.776767221],[-99.350825029,19.776731681],[-99.350962475,19.776652811],[-99.351359939,19.77642474],[-99.35153057,19.775801481],[-99.35238648,19.77586487],[-99.352424979,19.775867721],[-99.35244078,19.776232801],[-99.352528952,19.776590149],[-99.3527742,19.777584081],[-99.354977619,19.77801862],[-99.35510625,19.779321911],[-99.35580978,19.780101221],[-99.356912532,19.781086149],[-99.35705932,19.781217251],[-99.35779095,19.78156826],[-99.35803218,19.781447522],[-99.35825266,19.78133717],[-99.358714419,19.781129111],[-99.359149969,19.78118463],[-99.359205232,19.781199846],[-99.35944454,19.78126574],[-99.359736519,19.78128817],[-99.359793837,19.7812535],[-99.36000377,19.78112652],[-99.360612259,19.7812634],[-99.361091309,19.78115095],[-99.361638029,19.781248951],[-99.362897279,19.780476251],[-99.365138879,19.780535291],[-99.366090679,19.78043343],[-99.36744165,19.780092921],[-99.36816258,19.78065792],[-99.368856629,19.781016031],[-99.369624249,19.781515981],[-99.37061022,19.781844551],[-99.37116762,19.781455911],[-99.37159932,19.780910881],[-99.372079199,19.78006538],[-99.372473879,19.77972611],[-99.37256391,19.778953831],[-99.372697599,19.778790891],[-99.37296006,19.77865651],[-99.373310019,19.778508151],[-99.373675339,19.77832346],[-99.373805629,19.778155891],[-99.373898459,19.77795234],[-99.37386237,19.777801491],[-99.373774999,19.777761661],[-99.373535879,19.777687521],[-99.37324009,19.77767189],[-99.37301109,19.777728921],[-99.372778949,19.777487781],[-99.37282429,19.777184251],[-99.372983969,19.776907381],[-99.373332979,19.776677291],[-99.373661349,19.77652818],[-99.37386757,19.776378661],[-99.37393958,19.77615846],[-99.373918139,19.775924891],[-99.37421848,19.775776321],[-99.37444491,19.775558951],[-99.374822889,19.775411651],[-99.375336279,19.77525672],[-99.37574006,19.775298291],[-99.37621137,19.77544577],[-99.37648083,19.775593651],[-99.376884309,19.77550797],[-99.377197679,19.775252801],[-99.377398769,19.774934251],[-99.377599549,19.774488431],[-99.378165289,19.77422748],[-99.378590629,19.773908451],[-99.37899382,19.773695511],[-99.37919495,19.77339815],[-99.37946335,19.773100661],[-99.37979885,19.77271818],[-99.380336079,19.77229286],[-99.38234251,19.771255351],[-99.38244518,19.771204061],[-99.38265726,19.771732771],[-99.383031909,19.771415511],[-99.383711719,19.772799291],[-99.3836046,19.772905781],[-99.38464592,19.7750798],[-99.38422332,19.77563772],[-99.38429889,19.775902151],[-99.385770379,19.77707025],[-99.386639379,19.77612782],[-99.386769399,19.775894831],[-99.38782566,19.77733863],[-99.38788358,19.77791318],[-99.387798949,19.77793185],[-99.387254379,19.77790085],[-99.386506,19.77803118],[-99.386180519,19.778194801],[-99.38522722,19.778546661],[-99.384900019,19.778737291],[-99.38486838,19.778818401],[-99.384624599,19.77897514],[-99.384425369,19.779118311],[-99.38434746,19.77927069],[-99.384493459,19.779474311],[-99.38481654,19.779562661],[-99.38517917,19.779545284],[-99.38554225,19.77950423],[-99.38579083,19.779567661],[-99.38591657,19.779687261],[-99.385721119,19.77994497],[-99.3853388,19.78027449],[-99.384948919,19.78040972],[-99.384497309,19.780508381],[-99.38377165,19.78056682],[-99.38327075,19.780629111],[-99.382968109,19.78077766],[-99.382922859,19.781179031],[-99.38297352,19.781574921],[-99.382916346,19.782015421],[-99.382760109,19.782177461],[-99.38242335,19.782316651],[-99.38206018,19.78238285],[-99.381647379,19.78249429],[-99.38147068,19.78263625],[-99.381259489,19.783120181],[-99.381175449,19.783873341],[-99.38117186,19.784054401],[-99.381266979,19.784174681],[-99.38158448,19.784311891],[-99.38190275,19.784409681],[-99.38228251,19.784567821],[-99.382570349,19.784542321],[-99.38294654,19.784541521],[-99.38321097,19.784409201],[-99.383613133,19.78429003],[-99.383825979,19.784176311],[-99.384117799,19.78395102],[-99.384572029,19.783865401],[-99.384916619,19.78372423],[-99.385128849,19.783493061],[-99.38538614,19.78329465],[-99.38551723,19.783230581],[-99.385875229,19.78300652],[-99.387168169,19.78295894],[-99.3886828,19.783414031],[-99.38936074,19.783477601],[-99.389368232,19.783489668],[-99.389449629,19.783620776],[-99.389617939,19.78379549],[-99.389574649,19.783857681],[-99.389538449,19.783885421],[-99.389018509,19.784545651],[-99.389354429,19.78477803],[-99.389191519,19.784909691],[-99.38877952,19.78536626],[-99.389322724,19.785898306],[-99.38933548,19.785910801],[-99.389447475,19.785770405],[-99.389790479,19.78534042],[-99.38999729,19.785236851],[-99.390194704,19.785530666],[-99.390256083,19.785622018],[-99.390331019,19.785733547],[-99.389974999,19.78643771],[-99.390164049,19.78665783],[-99.3899346,19.787215121],[-99.389809119,19.787754451],[-99.389570769,19.78802469],[-99.38929258,19.788373621],[-99.389092659,19.788785691],[-99.388970819,19.789165921],[-99.38895425,19.78943475],[-99.389002459,19.78967486],[-99.389130249,19.789861491],[-99.389116879,19.790193141],[-99.38907265,19.79067028],[-99.388948779,19.79091377],[-99.38889703,19.791052291],[-99.38869249,19.79111515],[-99.388516139,19.79117186],[-99.38844236,19.791363053],[-99.38811992,19.791722601],[-99.38770398,19.791841491],[-99.387404854,19.79208197],[-99.3871068,19.792269341],[-99.386682919,19.792434631],[-99.38647808,19.792502291],[-99.386311219,19.792521891],[-99.38616766,19.79256448],[-99.385935119,19.792624721],[-99.38568578,19.79295837],[-99.38555338,19.79313917],[-99.385401739,19.79329143],[-99.385271509,19.793359581],[-99.38499705,19.79345338],[-99.38477889,19.793454313],[-99.384550479,19.793473881],[-99.384410889,19.793513681],[-99.38426662,19.79353938],[-99.3841662,19.793603371],[-99.38409434,19.793729051],[-99.383983149,19.79379802],[-99.383866949,19.79382555],[-99.383719719,19.793801891],[-99.383495539,19.793758051],[-99.383274459,19.79365495],[-99.383132249,19.793643251],[-99.38294506,19.793687521],[-99.382731169,19.793864051],[-99.382395399,19.79405775],[-99.38211528,19.794016621],[-99.381782889,19.79403506],[-99.381488569,19.794066261],[-99.38123217,19.794116225],[-99.38096911,19.794184221],[-99.380633109,19.794441291],[-99.38027698,19.794911621],[-99.38002034,19.794873021],[-99.37979317,19.79494602],[-99.37971825,19.79508577],[-99.379727709,19.79529965],[-99.379508219,19.795441231],[-99.379089229,19.79568314],[-99.37818523,19.796105091],[-99.377990199,19.796369751],[-99.37779878,19.796447861],[-99.377540429,19.796453401],[-99.377688836,19.796539605],[-99.38073397,19.798308371],[-99.382745149,19.79923565],[-99.38249117,19.799487911],[-99.382352509,19.799839251],[-99.38234823,19.80006111],[-99.38255362,19.800331141],[-99.383308539,19.80133208],[-99.383362659,19.801375371],[-99.384094819,19.801961181],[-99.384156059,19.802317891],[-99.38427782,19.80273157],[-99.38421863,19.80323129],[-99.384309489,19.803345291],[-99.384491049,19.803516171],[-99.38482997,19.803743881],[-99.384810769,19.803918021],[-99.384931679,19.803974851],[-99.385097769,19.80398877],[-99.38539962,19.803959571],[-99.385565919,19.804059121],[-99.385777679,19.804229951],[-99.386034549,19.804329321],[-99.38644243,19.804442631],[-99.386443349,19.804828021],[-99.38652023,19.805319141],[-99.38646165,19.806061511],[-99.386433,19.806703891],[-99.386495,19.80737463],[-99.38649652,19.80800268],[-99.386437169,19.808431031],[-99.386332659,19.808916571],[-99.386101879,19.809347861],[-99.386100402,19.809432561],[-99.386099849,19.80946431],[-99.386120549,19.80959683],[-99.386189339,19.80995029],[-99.386259489,19.810232281],[-99.3863322,19.8103822],[-99.386655349,19.810514381],[-99.386821909,19.81062183],[-99.38686988,19.81084838],[-99.38680255,19.81102335],[-99.38668825,19.811195821],[-99.386747619,19.81173634],[-99.38676457,19.812066911],[-99.38656791,19.812311231],[-99.38648906,19.812480521],[-99.386429319,19.812864891],[-99.38672211,19.813032021],[-99.386712579,19.813143681],[-99.38661465,19.81324674],[-99.38592643,19.813587881],[-99.385796289,19.813830221],[-99.385723289,19.81417131],[-99.38570922,19.81461458],[-99.385702179,19.814980081],[-99.38560466,19.815166091],[-99.38544954,19.815361061],[-99.38516028,19.81557995],[-99.385068,19.81569122],[-99.38502158,19.815836291],[-99.384995149,19.816001],[-99.38498374,19.816141201],[-99.38496711,19.816414431],[-99.384969519,19.81665834],[-99.38492475,19.816761051],[-99.38468237,19.81676137],[-99.3845482,19.81681752],[-99.384473819,19.816978251],[-99.384436919,19.817166541],[-99.384520449,19.817271461],[-99.384732949,19.8173426],[-99.38485951,19.817434751],[-99.384783249,19.81792749],[-99.384752426,19.818233344],[-99.384736509,19.8183716],[-99.384730919,19.818468831],[-99.38473675,19.818558221],[-99.38463754,19.818617231],[-99.38431123,19.81871514],[-99.38417558,19.81877583],[-99.38413494,19.81886582],[-99.384065969,19.819026151],[-99.384017549,19.81912191],[-99.383959199,19.819192891],[-99.383867703,19.819205689],[-99.38374729,19.81914605],[-99.38354203,19.818948221],[-99.383412089,19.81879134],[-99.38331518,19.81869252],[-99.38318283,19.81865783],[-99.383121259,19.818696351],[-99.383093779,19.818940481],[-99.383090109,19.81913111],[-99.383116619,19.81932745],[-99.383257659,19.81941405],[-99.383424279,19.819478381],[-99.383569909,19.819506541],[-99.383675999,19.81962111],[-99.383613259,19.819784031],[-99.38347828,19.82004823],[-99.383342049,19.820373856],[-99.38317615,19.820721081],[-99.382988579,19.820902321],[-99.38270177,19.820897371],[-99.38251351,19.8208326],[-99.38222686,19.820535541],[-99.38198726,19.820326401],[-99.38181266,19.820113261],[-99.381638199,19.820176881],[-99.381527749,19.82028769],[-99.38154066,19.820462171],[-99.381550739,19.82063425],[-99.38159497,19.82084094],[-99.38154392,19.82113365],[-99.38185057,19.825609121],[-99.38226097,19.827902048],[-99.3822706,19.82795585],[-99.381981219,19.828631456],[-99.381729349,19.82981197],[-99.381541139,19.830850861],[-99.381373939,19.831386431],[-99.381038749,19.83203512],[-99.380298799,19.833152381],[-99.37936972,19.834306431],[-99.378712709,19.835249314],[-99.37724286,19.836180511],[-99.37629317,19.836623581],[-99.37498911,19.83718563],[-99.37486335,19.837228001],[-99.37474503,19.83730854],[-99.374596376,19.837456741],[-99.374511569,19.837579091],[-99.374391549,19.837914381],[-99.37426531,19.83867611],[-99.37418028,19.83951178],[-99.374150169,19.839807721],[-99.37429331,19.84198468],[-99.374854259,19.843193401],[-99.375246316,19.843582851],[-99.375728429,19.84413391],[-99.37694994,19.84450929],[-99.376970858,19.844953164],[-99.376891539,19.845249381],[-99.376677097,19.845424038],[-99.376450264,19.845608787],[-99.375310949,19.846536711],[-99.374943278,19.846601276],[-99.37444628,19.84668855],[-99.374873746,19.847277616],[-99.375069484,19.847547349],[-99.375133779,19.84763595],[-99.375082486,19.847742302],[-99.373249909,19.851541851],[-99.373750679,19.85156383],[-99.375402249,19.852450461],[-99.376127479,19.852977741],[-99.377017459,19.85359797],[-99.37744658,19.854156971],[-99.378171539,19.854559821],[-99.378896399,19.854931551],[-99.37962157,19.85542771],[-99.38024795,19.855892951],[-99.380873509,19.85601605],[-99.381531683,19.85601463],[-99.382453279,19.85607488],[-99.38360523,19.856134621],[-99.38475765,19.85638098],[-99.38643705,19.85681283],[-99.388323029,19.857405451],[-99.388718689,19.857715651],[-99.389180489,19.858150121],[-99.38977385,19.8585532],[-99.39066362,19.859048951],[-99.39175175,19.859917541],[-99.39277686,19.85947705],[-99.395454394,19.858326469],[-99.395514253,19.858300746],[-99.40262092,19.855246571],[-99.412961268,19.851301432],[-99.413506119,19.851093531],[-99.414991769,19.850526631],[-99.417084581,19.852130819],[-99.420891146,19.855048467],[-99.420987569,19.85512237],[-99.42118411,19.85587097],[-99.42130462,19.856898651],[-99.421438259,19.857555551],[-99.42171617,19.85845823],[-99.421965798,19.85898102],[-99.422003979,19.859060981],[-99.422012143,19.859102905],[-99.422039569,19.859243741],[-99.422045366,19.859318959],[-99.42206358,19.859555341],[-99.422000049,19.85985438],[-99.421930219,19.860079981],[-99.42187868,19.86045145],[-99.421723879,19.861067451],[-99.421730949,19.861233851],[-99.421841909,19.86149029],[-99.4219096,19.86178203],[-99.422021429,19.861969751],[-99.4221582,19.86218726],[-99.42249448,19.86258146],[-99.422659659,19.86289614],[-99.422785579,19.863208631],[-99.422898199,19.863495431],[-99.422958379,19.863753001],[-99.42303578,19.864041421],[-99.423291249,19.864734291],[-99.423303369,19.865079281],[-99.423286179,19.865333621],[-99.42329163,19.86556731],[-99.423465879,19.86590938],[-99.42346646,19.86624603],[-99.42344206,19.866428861],[-99.423542286,19.866846401],[-99.423697659,19.867325691],[-99.42390249,19.867837521],[-99.4242358,19.868212171],[-99.424623119,19.868730141],[-99.425076509,19.86922057],[-99.425392519,19.869731091],[-99.426136859,19.87071325],[-99.426395449,19.872886541],[-99.4267814,19.874997023],[-99.427642139,19.874229651],[-99.427844339,19.874036081],[-99.42798143,19.87378814],[-99.428046279,19.873664771],[-99.428064585,19.873550321],[-99.42812015,19.873435781],[-99.428222419,19.873373921],[-99.428353449,19.87338752],[-99.42862274,19.87336651],[-99.42883271,19.873100201],[-99.428990249,19.872872111],[-99.429135659,19.87261542],[-99.42928831,19.872340481],[-99.429640709,19.87200277],[-99.429735829,19.87182994],[-99.42965051,19.871724371],[-99.429692949,19.87158865],[-99.429736689,19.87148885],[-99.42989422,19.87137406],[-99.429935829,19.871203021],[-99.429866519,19.87094048],[-99.4299486,19.87088023],[-99.430063015,19.870862068],[-99.430094,19.87085715],[-99.43022263,19.870821461],[-99.43041452,19.870879181],[-99.43060728,19.871859941],[-99.430604849,19.87315142],[-99.431290889,19.873725281],[-99.43197755,19.874405851],[-99.43203252,19.874460341],[-99.4326922,19.87525662],[-99.432797709,19.875383971],[-99.43401211,19.876169201],[-99.435622849,19.877239651],[-99.43707977,19.878921521],[-99.43958388,19.880421711],[-99.44151515,19.881941721],[-99.44407242,19.883589281],[-99.445208289,19.884321061],[-99.43775112,19.893933431],[-99.43603431,19.896146231],[-99.437188179,19.899687801],[-99.436948579,19.900473971],[-99.43626957,19.901388231],[-99.43588817,19.902469311],[-99.4359332,19.903129151],[-99.437418799,19.902755721],[-99.437732449,19.901719261],[-99.439044949,19.900933511],[-99.43943411,19.900794451],[-99.440134019,19.900593491],[-99.44067331,19.899916801],[-99.441182579,19.899202061],[-99.442418479,19.898601631],[-99.443561879,19.89840909],[-99.44401131,19.897649231],[-99.44559149,19.896831481],[-99.44648846,19.896766571],[-99.44765903,19.896750521],[-99.448770119,19.896674971],[-99.44984391,19.89572115],[-99.45023922,19.894835421],[-99.45080022,19.894612821],[-99.45225986,19.894141751],[-99.453806279,19.893798291],[-99.455750279,19.893575121],[-99.456546679,19.893479081],[-99.45721074,19.893441341],[-99.45797932,19.893251751],[-99.458871689,19.892968051],[-99.460111339,19.892659981],[-99.460551889,19.892571251],[-99.461021939,19.892588541],[-99.461492019,19.892624321],[-99.461981859,19.892715581],[-99.46256934,19.892714061],[-99.46309765,19.892564631],[-99.463880569,19.892596221],[-99.46384848,19.894041691],[-99.46388665,19.894711381],[-99.464125249,19.895060291],[-99.46427955,19.895102821],[-99.46463758,19.895353911],[-99.46520103,19.895419941],[-99.465398779,19.895615431],[-99.46537708,19.895967111],[-99.46605965,19.896131321],[-99.46653285,19.895909941],[-99.467349909,19.896194891],[-99.46780255,19.897108291],[-99.468478599,19.897323851],[-99.468764919,19.897327781],[-99.469595019,19.897684721],[-99.47017046,19.897861031],[-99.470855059,19.898605281],[-99.47155672,19.898886911],[-99.472141859,19.898140291],[-99.472533029,19.897965571],[-99.4732472,19.897725121],[-99.474358749,19.897904801],[-99.47563992,19.898278091],[-99.476026679,19.8983798],[-99.47655792,19.898344141],[-99.47743694,19.898274981],[-99.47774375,19.898635311],[-99.47797534,19.899393091],[-99.478129289,19.899753821],[-99.47817518,19.899882691],[-99.478322019,19.900295021],[-99.478553059,19.900872231],[-99.47874589,19.901449541],[-99.47913068,19.902315251],[-99.479399849,19.902856231],[-99.479592019,19.903216861],[-99.479900489,19.904118891],[-99.48036086,19.904695481],[-99.481011459,19.904982631],[-99.482579109,19.905195081],[-99.48398148,19.905176521],[-99.47505086,19.944105521],[-99.474992199,19.948388941],[-99.474973843,19.948574545],[-99.474973279,19.948580251],[-99.474971932,19.948586097],[-99.474964164,19.948619812],[-99.47496412,19.948620001],[-99.474954782,19.94866054],[-99.474953871,19.948664499],[-99.474022423,19.952708149],[-99.474020732,19.95271549],[-99.474014408,19.952742944],[-99.474005022,19.952783687],[-99.473996564,19.952820403],[-99.473972937,19.952922972],[-99.473622569,19.954443941],[-99.473648273,19.954446406],[-99.473681846,19.954449624],[-99.4737152,19.954452827],[-99.477237399,19.954790921],[-99.477246188,19.954835527],[-99.477279567,19.955004943],[-99.47732698,19.955245581],[-99.477341475,19.955296676],[-99.47742625,19.955595511],[-99.47701211,19.955597171],[-99.47684948,19.955712381],[-99.476878509,19.956544541],[-99.47713849,19.957860111],[-99.477289539,19.958172081],[-99.477614229,19.958789971],[-99.47789197,19.958997921],[-99.478014379,19.959366771],[-99.477943203,19.959819831],[-99.477831719,19.960267779],[-99.477764939,19.960566401],[-99.477562799,19.960865371],[-99.477134489,19.960994431],[-99.476615619,19.961017141],[-99.475984379,19.961189371],[-99.47549068,19.961283291],[-99.47502605,19.961384111],[-99.47442382,19.961409511],[-99.473994489,19.961450921],[-99.473728309,19.961630001],[-99.473346879,19.962352381],[-99.47325334,19.962796371],[-99.473012249,19.963243741],[-99.47237994,19.963214971],[-99.47064217,19.962904321],[-99.469284139,19.963560321],[-99.467639489,19.963378341],[-99.46672289,19.963400001],[-99.46613245,19.963497801],[-99.465664279,19.963614521],[-99.464992,19.963597031],[-99.46434028,19.963637231],[-99.463749979,19.963792771],[-99.463119969,19.964294911],[-99.46273417,19.964719401],[-99.4626476,19.964791381],[-99.462246459,19.965124921],[-99.461737649,19.965280245],[-99.461452799,19.965396481],[-99.461046279,19.965705521],[-99.46068017,19.965898971],[-99.46019178,19.966073491],[-99.45947977,19.966402571],[-99.458715319,19.966517691],[-99.458266999,19.966461091],[-99.457961229,19.966384891],[-99.457655119,19.966193181],[-99.457307999,19.965905321],[-99.457083199,19.965655661],[-99.4568302,19.965701651],[-99.454656489,19.964103521],[-99.453689029,19.964902031],[-99.45347798,19.964717141],[-99.453339429,19.96454882],[-99.4529662,19.964396081],[-99.45267394,19.964108661],[-99.452354549,19.963814911],[-99.45210994,19.963563261],[-99.45196911,19.963332371],[-99.451484709,19.963329371],[-99.451186029,19.963581401],[-99.45113426,19.964030851],[-99.450937049,19.964246451],[-99.450730309,19.96428352],[-99.450243599,19.964246891],[-99.45012414,19.964585661],[-99.450176379,19.964793661],[-99.45024511,19.964892771],[-99.45037622,19.965026771],[-99.451594909,19.966361461],[-99.45079702,19.966901751],[-99.451223448,19.968061666],[-99.45142888,19.96862045],[-99.451627296,19.969160143],[-99.452132218,19.970533512],[-99.45216593,19.970625209],[-99.452193219,19.970699431],[-99.452195464,19.970701541],[-99.452323934,19.970822322],[-99.452324199,19.970822571],[-99.45232564,19.970821797],[-99.45272583,19.970606771],[-99.45275607,19.9706531],[-99.452793191,19.970709968],[-99.452817406,19.970747065],[-99.453075059,19.971141781],[-99.453055849,19.971154261],[-99.453082419,19.971263831],[-99.45315243,19.971271061],[-99.45365597,19.972138151],[-99.453167549,19.97241715],[-99.45343074,19.972969491],[-99.453000272,19.973112018],[-99.452664912,19.973223053],[-99.45235742,19.973324861],[-99.45179626,19.974379971],[-99.451729539,19.974502061],[-99.451830293,19.974621662],[-99.451961489,19.974777401],[-99.451966855,19.974777795],[-99.452327519,19.974804281],[-99.45294951,19.975090571],[-99.453166981,19.975395292],[-99.453305602,19.975589527],[-99.453310179,19.975595941],[-99.453590689,19.975854081],[-99.45376917,19.975775751],[-99.454322553,19.975532873],[-99.45443058,19.975485461],[-99.4544316,19.975350401],[-99.45451478,19.975030941],[-99.454620547,19.975212035],[-99.45467982,19.975313521],[-99.45473182,19.975530321],[-99.454769139,19.976468261],[-99.454585479,19.976479451],[-99.45457734,19.977098581],[-99.454641169,19.977394221],[-99.45474138,19.977843661],[-99.454897997,19.978457561],[-99.454939366,19.978619716],[-99.454967089,19.978728431],[-99.4551446,19.979724481],[-99.454829494,19.97977065],[-99.454815979,19.979772621],[-99.454777397,19.979777085],[-99.454483519,19.97981109],[-99.45461968,19.980578601],[-99.454627859,19.980945861],[-99.45458422,19.981219801],[-99.454524092,19.981232344],[-99.45447793,19.981241973],[-99.45430066,19.981278952],[-99.454105658,19.981319646],[-99.454102702,19.981320263],[-99.45409974,19.981320881],[-99.454099148,19.981320914],[-99.454098555,19.981320947],[-99.45274677,19.981395001],[-99.452684455,19.981394326],[-99.452662649,19.981394091],[-99.45238831,19.981329251],[-99.45104595,19.981032821],[-99.45068949,19.980986691],[-99.450383119,19.981039121],[-99.450009951,19.981127351],[-99.449902907,19.981152659],[-99.44989757,19.981153921],[-99.44878038,19.981636581],[-99.448786212,19.981705765],[-99.448788939,19.981738118],[-99.448814429,19.982040751],[-99.448494855,19.981796169],[-99.448347551,19.981683419],[-99.448317779,19.981660631],[-99.44824802,19.981661801],[-99.448159959,19.981663272],[-99.447959369,19.981666621],[-99.448030946,19.981768381],[-99.448213571,19.982028012],[-99.44827345,19.982113141],[-99.44841312,19.9822972],[-99.4483308,19.982656061],[-99.448292761,19.982729492],[-99.44809818,19.983105121],[-99.447756671,19.983321107],[-99.447716139,19.983346741],[-99.447600371,19.983344586],[-99.44706642,19.983334651],[-99.447065661,19.983347775],[-99.44706278,19.983397629],[-99.447057399,19.983491171],[-99.447022736,19.983543017],[-99.44702103,19.983545571],[-99.446793083,19.983574934],[-99.44672254,19.983584021],[-99.446456999,19.983551691],[-99.446389712,19.98350797],[-99.44632706,19.983467261],[-99.446027,19.983530281],[-99.44601334,19.983533698],[-99.445965266,19.983545727],[-99.445901739,19.983561621],[-99.444664659,19.984753741],[-99.444612489,19.984882801],[-99.44447057,19.985059],[-99.44434869,19.985387721],[-99.444356187,19.985514167],[-99.444363738,19.98564151],[-99.444366564,19.98568916],[-99.444374842,19.985828744],[-99.444379857,19.985913319],[-99.444385578,19.986009819],[-99.444392799,19.986131651],[-99.444291369,19.986370711],[-99.44424591,19.986481631],[-99.444193421,19.986609488],[-99.444131549,19.986760201],[-99.44392597,19.987068551],[-99.443652089,19.987754831],[-99.443613999,19.988065351],[-99.44365266,19.988369481],[-99.44364437,19.98852972],[-99.44360585,19.988839321],[-99.444056489,19.989247801],[-99.44413097,19.989368981],[-99.444195859,19.989644571],[-99.444194339,19.990196771],[-99.444322139,19.990528381],[-99.44450854,19.990820821],[-99.44482745,19.990915351],[-99.445141029,19.990966521],[-99.445337169,19.991033621],[-99.445495569,19.991227891],[-99.44529775,19.991588851],[-99.4450566,19.991773861],[-99.44484174,19.992135091],[-99.44436235,19.992683321],[-99.444225154,19.992827221],[-99.4440984,19.992955431],[-99.44391048,19.993117541],[-99.44382611,19.993313171],[-99.44375997,19.993432851],[-99.443508739,19.993510921],[-99.44322832,19.993499851],[-99.442978909,19.993526171],[-99.442641679,19.993862521],[-99.44244998,19.994038851],[-99.44231297,19.994210421],[-99.442207719,19.994375971],[-99.44222011,19.994772201],[-99.44223845,19.994934111],[-99.442229919,19.995095031],[-99.44215582,19.995248201],[-99.441950879,19.995507481],[-99.441682599,19.995747151],[-99.441261479,19.995932311],[-99.44077388,19.996000461],[-99.440312539,19.996047941],[-99.43984186,19.996301511],[-99.439387849,19.996686981],[-99.439141379,19.997001231],[-99.43888517,19.997226621],[-99.438500909,19.997411171],[-99.438247429,19.997462021],[-99.437989279,19.997553171],[-99.437886089,19.997701621],[-99.43771362,19.998027431],[-99.43737171,19.998826951],[-99.43718575,19.999224521],[-99.43701268,19.999460261],[-99.43685518,19.999603801],[-99.43677672,19.99982428],[-99.43692752,20.000362321],[-99.436929659,20.000548281],[-99.436842,20.000727351],[-99.43685292,20.001299051],[-99.43694903,20.001773752],[-99.437125574,20.002179511],[-99.437283309,20.002571171],[-99.437371539,20.003047061],[-99.43790117,20.003897951],[-99.43813375,20.004182091],[-99.43841931,20.004465621],[-99.43848977,20.004810251],[-99.43841798,20.005295491],[-99.43837045,20.005664251],[-99.43837675,20.005984251],[-99.43868588,20.006287111],[-99.439108229,20.006563021],[-99.43916575,20.006692141],[-99.439191949,20.006914981],[-99.43898012,20.007244371],[-99.438893489,20.007467021],[-99.438854248,20.007544289],[-99.438775719,20.007698891],[-99.43867235,20.007978431],[-99.43870809,20.008339517],[-99.439357219,20.008953461],[-99.439686149,20.009182081],[-99.43975689,20.010904261],[-99.43975954,20.010926751],[-99.43970811,20.010924801],[-99.43965452,20.010944121],[-99.43953615,20.012142921],[-99.43946774,20.012537111],[-99.43962535,20.012963571],[-99.43995637,20.013258291],[-99.440721029,20.013207141],[-99.44074786,20.013353741],[-99.440739849,20.013412121],[-99.440639419,20.013567941],[-99.44016882,20.013687181],[-99.439664309,20.013820581],[-99.439262919,20.013978681],[-99.43920797,20.014148981],[-99.438955579,20.014198031],[-99.438589859,20.014218571],[-99.438438969,20.014238661],[-99.438085979,20.014398001],[-99.437942569,20.014483941],[-99.43774071,20.014689351],[-99.43745138,20.014772061],[-99.437084819,20.014809321],[-99.436699089,20.014945311],[-99.43625326,20.015068891],[-99.435955019,20.015130081],[-99.435760799,20.015189511],[-99.435509979,20.015370521],[-99.435337549,20.015544821],[-99.43512386,20.015714141],[-99.43504677,20.015416181],[-99.43473111,20.015204341],[-99.43441831,20.015134971],[-99.434026279,20.015053281],[-99.433750229,20.015005631],[-99.43321758,20.015153921],[-99.43283765,20.015233311],[-99.432673149,20.015288121],[-99.432546619,20.015375371],[-99.432469119,20.015435851],[-99.43246938,20.015534021],[-99.432324259,20.015661981],[-99.4321686,20.015731081],[-99.43186751,20.015810351],[-99.431722059,20.015820521],[-99.431555879,20.015840551],[-99.431395799,20.015860741],[-99.43129725,20.015874851],[-99.431171799,20.015978921],[-99.43109932,20.016067451],[-99.43093645,20.016296521],[-99.430813489,20.016319351],[-99.430462309,20.016260631]]]]},"properties":{"municipality":"Tepeji del Río de Ocampo","official_key":"13063","CVE_ENT":"13","CVE_MUN":"063","geometry_kind":"municipality","source":"INEGI Gaia — Servicio vectorial del Marco Geoestadístico"}},"features":[{"type":"Feature","geometry":{"type":"MultiPolygon","crs":{"type":"name","properties":{"name":"EPSG:6365"}},"coordinates":[[[[-99.338814715,19.943936327],[-99.33877651,19.943919311],[-99.338751571,19.943922725],[-99.338519067,19.943954553],[-99.338390519,19.943972151],[-99.338371158,19.943964132],[-99.33829674,19.94393331],[-99.33789983,19.94376892],[-99.337842777,19.943700351],[-99.337731912,19.943567106],[-99.337730878,19.943565862],[-99.33772075,19.943553691],[-99.337718471,19.943560034],[-99.337653162,19.943529356],[-99.337651931,19.943528778],[-99.337641481,19.943300594],[-99.337699091,19.943291465],[-99.337777452,19.943279047],[-99.337995748,19.943266211],[-99.338193014,19.94324512],[-99.338297871,19.943122256],[-99.338314464,19.942926951],[-99.338336919,19.942627114],[-99.338259078,19.942467391],[-99.33794748,19.942177964],[-99.337807081,19.941820991],[-99.337579927,19.94150038],[-99.337313372,19.941313009],[-99.337233213,19.941284241],[-99.337035397,19.941184813],[-99.336841349,19.940893545],[-99.336741771,19.940322942],[-99.336686921,19.939582814],[-99.336832261,19.93861149],[-99.336904654,19.938315906],[-99.337142707,19.938086493],[-99.336871754,19.937909802],[-99.336627368,19.937627294],[-99.336489476,19.937456263],[-99.336451569,19.937267309],[-99.336494538,19.936902077],[-99.33651677,19.936521859],[-99.336468825,19.936556434],[-99.336073923,19.936821231],[-99.335660326,19.937090553],[-99.335314332,19.937346914],[-99.334947296,19.937678865],[-99.334787442,19.937815142],[-99.334408647,19.93819154],[-99.334270968,19.938150908],[-99.334044508,19.937967139],[-99.333864045,19.937527785],[-99.33381602,19.937383343],[-99.333761794,19.937001935],[-99.333637036,19.936251305],[-99.333599717,19.936085129],[-99.333610027,19.935955977],[-99.333616544,19.935874329],[-99.333704667,19.935520851],[-99.333799595,19.935208274],[-99.333816531,19.935179601],[-99.333866068,19.935095738],[-99.333979715,19.934992187],[-99.334147301,19.934467392],[-99.334339565,19.934235686],[-99.334580724,19.933937629],[-99.335002472,19.93354688],[-99.335121,19.933453011],[-99.335289677,19.933388808],[-99.33540632,19.933390857],[-99.336377992,19.932995331],[-99.336471161,19.932901015],[-99.336612611,19.932673212],[-99.336684096,19.932391407],[-99.336780307,19.931625474],[-99.336738933,19.930890709],[-99.337019377,19.930288635],[-99.335101919,19.930060881],[-99.335088951,19.93005934],[-99.335092638,19.930030819],[-99.335124845,19.929781708],[-99.335134935,19.929756671],[-99.335316835,19.929305319],[-99.335545813,19.92901189],[-99.335612322,19.9287252],[-99.335719588,19.928429632],[-99.335801515,19.927874547],[-99.335679847,19.927615531],[-99.335665174,19.927584295],[-99.3356612,19.927408736],[-99.335659742,19.927344318],[-99.335605106,19.927026715],[-99.335602018,19.927004431],[-99.335585887,19.926888024],[-99.335578448,19.926834342],[-99.335436112,19.926332889],[-99.335422046,19.926015999],[-99.335295474,19.925745108],[-99.335129732,19.925491021],[-99.33511819,19.925473326],[-99.335135922,19.925317062],[-99.334858631,19.925279632],[-99.334695769,19.925191601],[-99.334357092,19.924792092],[-99.334321769,19.924723923],[-99.334296138,19.924640877],[-99.334293769,19.924605893],[-99.334242585,19.924481355],[-99.334230877,19.924415785],[-99.334225831,19.924283986],[-99.334679954,19.922861246],[-99.334866883,19.922709584],[-99.335175075,19.922558456],[-99.3351932,19.922457554],[-99.335183708,19.922299108],[-99.335076231,19.921933415],[-99.334971215,19.921338216],[-99.335040231,19.920812632],[-99.335082538,19.920135586],[-99.3350718,19.919514677],[-99.335027585,19.919378416],[-99.334970354,19.919122585],[-99.334925815,19.918829231],[-99.334906646,19.918617754],[-99.334937138,19.918208663],[-99.335036692,19.917792062],[-99.334947969,19.917362446],[-99.334777323,19.916964185],[-99.334337769,19.916748647],[-99.333735123,19.916536355],[-99.333128015,19.916275416],[-99.332672938,19.916133985],[-99.332381092,19.916057462],[-99.331890646,19.91609997],[-99.3313954,19.916246123],[-99.331028646,19.916344631],[-99.330730677,19.916336293],[-99.330620677,19.916226831],[-99.330591262,19.916136909],[-99.330585738,19.916016446],[-99.330618846,19.915828585],[-99.330643554,19.915638862],[-99.330689954,19.915324585],[-99.330716908,19.914961093],[-99.3307822,19.914676416],[-99.330857138,19.914405708],[-99.330941305,19.91410532],[-99.3313274,19.913845877],[-99.331797185,19.913518954],[-99.332097641,19.913242785],[-99.332382524,19.912990302],[-99.332558446,19.912733785],[-99.332680292,19.912505324],[-99.332885877,19.911690954],[-99.332493031,19.911297477],[-99.332024092,19.910899309],[-99.331876292,19.910721739],[-99.331800723,19.910573692],[-99.331788015,19.910496646],[-99.331790277,19.9104466],[-99.331673415,19.910426324],[-99.331409077,19.910443637],[-99.331490831,19.909386277],[-99.331572569,19.908328938],[-99.331625554,19.907304123],[-99.329909137,19.907342278],[-99.329107599,19.907382339],[-99.329091862,19.907345355],[-99.328678211,19.907454723],[-99.328370477,19.907727216],[-99.328135831,19.908004586],[-99.328062394,19.908091787],[-99.328010699,19.908153175],[-99.327879708,19.907062708],[-99.327748707,19.905972262],[-99.327617722,19.904881816],[-99.326751015,19.904346955],[-99.326534707,19.904379463],[-99.326067876,19.904601139],[-99.32501444,19.905095734],[-99.324762924,19.905367956],[-99.324625403,19.90547573],[-99.323488262,19.905963369],[-99.323473092,19.905970924],[-99.323129462,19.905812032],[-99.322893338,19.905704862],[-99.322482123,19.905528923],[-99.322392786,19.904628341],[-99.322711882,19.904439419],[-99.322692499,19.904400999],[-99.3232697,19.904050094],[-99.323294108,19.904034323],[-99.323264185,19.904017663],[-99.323240861,19.903969831],[-99.323234169,19.903806647],[-99.323224784,19.903378771],[-99.323217154,19.902959738],[-99.323215091,19.902205939],[-99.323212491,19.901891738],[-99.322917876,19.901884277],[-99.322920322,19.901584061],[-99.323214972,19.901574926],[-99.32314048,19.901500569],[-99.323314543,19.901450695],[-99.323372804,19.901434002],[-99.323631562,19.90135986],[-99.323931153,19.901278769],[-99.324221031,19.901153092],[-99.324864217,19.900943122],[-99.325189848,19.900834079],[-99.325196599,19.900831818],[-99.325172631,19.900747002],[-99.326050753,19.899834386],[-99.326928811,19.898921808],[-99.327055754,19.898932431],[-99.327119291,19.898934262],[-99.327275476,19.898938769],[-99.327600076,19.898949987],[-99.327714354,19.898929523],[-99.327798184,19.898868586],[-99.327907031,19.898817723],[-99.328008768,19.898773355],[-99.328148077,19.898719724],[-99.328298214,19.898645801],[-99.328476086,19.898533753],[-99.328688949,19.898304563],[-99.328974994,19.898004147],[-99.329163892,19.897814063],[-99.329244308,19.897669232],[-99.329397039,19.897526958],[-99.329666557,19.897316014],[-99.329819585,19.897263078],[-99.330284138,19.897106679],[-99.330572308,19.897054093],[-99.331078031,19.896908293],[-99.331248113,19.89682981],[-99.331233835,19.896702253],[-99.331048046,19.895567324],[-99.331547923,19.894313646],[-99.33204774,19.893060004],[-99.333373885,19.892682846],[-99.333401862,19.8916414],[-99.333429785,19.890599985],[-99.332888938,19.890604246],[-99.332882047,19.890404929],[-99.333147835,19.890281456],[-99.333041908,19.890256092],[-99.332899662,19.890258677],[-99.332656092,19.890140938],[-99.332336587,19.889929786],[-99.332670231,19.8899648],[-99.333000138,19.890083186],[-99.3332026,19.890069431],[-99.333459515,19.889840203],[-99.333515692,19.889807338],[-99.333644271,19.889732131],[-99.333544277,19.889660016],[-99.333216477,19.888925478],[-99.332760138,19.888090447],[-99.332454,19.888116462],[-99.3321904,19.888116062],[-99.332077062,19.888031],[-99.332046615,19.887595585],[-99.332043323,19.887059308],[-99.331778123,19.8858362],[-99.331219846,19.884940678],[-99.330785477,19.8844224],[-99.330882123,19.884222893],[-99.331153933,19.88394373],[-99.331198984,19.883820273],[-99.331402738,19.883794986],[-99.331622123,19.883885277],[-99.331956538,19.883868723],[-99.332362677,19.883758446],[-99.332680615,19.883745047],[-99.332883615,19.883685031],[-99.333123569,19.883598246],[-99.333666969,19.883524663],[-99.334071692,19.883438569],[-99.334407892,19.883439015],[-99.334865677,19.883315647],[-99.335010846,19.8836152],[-99.335231569,19.884130631],[-99.335559769,19.884414309],[-99.336709092,19.884854892],[-99.337254892,19.884902492],[-99.337738338,19.8849936],[-99.337895136,19.885052445],[-99.337884569,19.883856831],[-99.338157303,19.883464236],[-99.338233092,19.883463785],[-99.338481015,19.883482969],[-99.338646769,19.883424278],[-99.338818492,19.883355938],[-99.3390222,19.883289415],[-99.339173759,19.883166355],[-99.339514431,19.8830848],[-99.340555585,19.882416109],[-99.341128162,19.882432242],[-99.341833615,19.882219031],[-99.342701846,19.8819716],[-99.343307448,19.881706826],[-99.343472441,19.881697725],[-99.343599414,19.881722095],[-99.343781892,19.881757118],[-99.343840799,19.882309851],[-99.343642782,19.883623199],[-99.343636276,19.883670924],[-99.344053523,19.883847232],[-99.344973061,19.8842358],[-99.345479968,19.884450012],[-99.345892599,19.884624385],[-99.346018262,19.884678248],[-99.346093103,19.884704981],[-99.346161599,19.884729447],[-99.346297707,19.884848632],[-99.34689039,19.885402899],[-99.347345538,19.88582854],[-99.347916291,19.886358386],[-99.348419554,19.886643138],[-99.348320661,19.886814708],[-99.347688492,19.887825155],[-99.347499,19.888128046],[-99.347485138,19.888180878],[-99.347430873,19.888241253],[-99.347407259,19.8885241],[-99.347363469,19.888818376],[-99.347422558,19.888990706],[-99.347789539,19.889350938],[-99.348115208,19.889554529],[-99.348608352,19.88994695],[-99.34950452,19.890802173],[-99.350190968,19.891359882],[-99.35027154,19.89137485],[-99.35034125,19.89142932],[-99.3503684,19.89156843],[-99.350642572,19.891607648],[-99.350893592,19.891414139],[-99.351181699,19.891269253],[-99.351384537,19.8911244],[-99.351502584,19.891070154],[-99.351615784,19.891038709],[-99.351855692,19.891018323],[-99.352139554,19.89101297],[-99.352391661,19.891048109],[-99.352623107,19.891085909],[-99.352717661,19.891102969],[-99.352875462,19.891090124],[-99.353003045,19.891074208],[-99.353099199,19.891042647],[-99.353175399,19.891008015],[-99.353215184,19.890998524],[-99.353280231,19.891120277],[-99.353339292,19.891212463],[-99.3534944,19.891320723],[-99.353670723,19.89138137],[-99.353671663,19.891384215],[-99.353891015,19.892047263],[-99.353390985,19.892201648],[-99.353062399,19.892407001],[-99.352833984,19.892676462],[-99.352743861,19.892876386],[-99.352441235,19.892944132],[-99.352601508,19.893020048],[-99.353027022,19.893129863],[-99.353037062,19.893132453],[-99.353675214,19.893260693],[-99.35367285,19.89329862],[-99.3536433,19.893772701],[-99.353409923,19.893806046],[-99.353133154,19.893794847],[-99.353130342,19.893795289],[-99.35278466,19.893849765],[-99.352614699,19.893884079],[-99.352650908,19.893936185],[-99.352776308,19.893955646],[-99.352900062,19.893955893],[-99.353083169,19.893928385],[-99.353277031,19.893973985],[-99.353517923,19.894001215],[-99.353765338,19.894005538],[-99.353802923,19.89405417],[-99.353773262,19.894118908],[-99.353770232,19.894121208],[-99.353723846,19.894156416],[-99.353587185,19.894194323],[-99.353357664,19.894288557],[-99.353294936,19.894335535],[-99.353265492,19.894357585],[-99.353261522,19.894386525],[-99.3532584,19.894409277],[-99.353221338,19.894541031],[-99.353211492,19.894838309],[-99.353259292,19.895052631],[-99.353418277,19.895248263],[-99.353586785,19.895423908],[-99.3536874,19.895491878],[-99.353913492,19.895600877],[-99.354003154,19.895684493],[-99.354472692,19.896009077],[-99.354531277,19.896125231],[-99.354578495,19.896318355],[-99.354674169,19.896709692],[-99.354806662,19.896828078],[-99.354788508,19.896978878],[-99.354485636,19.896982706],[-99.354397299,19.897131923],[-99.353827292,19.898246738],[-99.354011985,19.899149155],[-99.354196677,19.900051555],[-99.354152538,19.900201754],[-99.354294431,19.900225955],[-99.354506569,19.900314817],[-99.354866985,19.900484523],[-99.355137137,19.900575939],[-99.355393929,19.900690619],[-99.356031385,19.900995847],[-99.356214326,19.901128193],[-99.356156672,19.901157896],[-99.356374415,19.901182509],[-99.356661615,19.901163832],[-99.356914461,19.901195939],[-99.357313722,19.901303232],[-99.357483322,19.901325124],[-99.357810815,19.901248078],[-99.358203691,19.901060616],[-99.35847089,19.900982381],[-99.358926307,19.900923663],[-99.359186573,19.900909029],[-99.359415015,19.900896187],[-99.359503981,19.90091321],[-99.35975142,19.90096056],[-99.359828738,19.900975355],[-99.360193231,19.900978709],[-99.360548892,19.901011463],[-99.359551111,19.901682323],[-99.359114291,19.901979555],[-99.358778825,19.902143668],[-99.358443358,19.90229265],[-99.358051755,19.902481801],[-99.358137184,19.902632186],[-99.358554446,19.903549586],[-99.35805283,19.903809646],[-99.358570545,19.904827096],[-99.357091891,19.905460217],[-99.355360308,19.905172154],[-99.355206513,19.905245598],[-99.353690291,19.905969631],[-99.353893018,19.906138879],[-99.355091407,19.907067915],[-99.355269907,19.906953669],[-99.355833429,19.907855189],[-99.356093499,19.908254677],[-99.356448838,19.90887558],[-99.356658695,19.909269253],[-99.356913826,19.90925425],[-99.356928738,19.909968011],[-99.356667975,19.90997687],[-99.356317652,19.909991386],[-99.356062022,19.909912901],[-99.35578937,19.909767738],[-99.355452345,19.909380473],[-99.355318021,19.909301822],[-99.355103021,19.909265571],[-99.354898324,19.909182983],[-99.354703508,19.909098507],[-99.354086599,19.909658369],[-99.354766065,19.910225849],[-99.355169733,19.910516425],[-99.356015659,19.910991742],[-99.357073576,19.911521124],[-99.358207989,19.912107963],[-99.358801961,19.912394649],[-99.359643506,19.912783515],[-99.360487801,19.913265975],[-99.360958508,19.913553386],[-99.361945004,19.914157772],[-99.361920838,19.914179001],[-99.361844673,19.914245909],[-99.361717368,19.91435774],[-99.361466446,19.914296385],[-99.36130003,19.914247723],[-99.360020276,19.914580863],[-99.359801737,19.914571217],[-99.359572463,19.914416265],[-99.359264706,19.914101738],[-99.359300271,19.914352099],[-99.35950691,19.914677695],[-99.359780711,19.914905222],[-99.359203127,19.915011766],[-99.35869535,19.915106272],[-99.357405246,19.915304397],[-99.356376528,19.915479306],[-99.35616855,19.915474422],[-99.355114803,19.915208449],[-99.35411175,19.914929097],[-99.35386289,19.91484862],[-99.353432012,19.915131396],[-99.353882584,19.915436877],[-99.354618908,19.915892831],[-99.355186415,19.916240847],[-99.355154391,19.916362936],[-99.355115615,19.916664708],[-99.355277276,19.916776246],[-99.355340523,19.91681414],[-99.355338499,19.917579426],[-99.355043194,19.917715309],[-99.354650168,19.918069493],[-99.354600721,19.918026749],[-99.354254465,19.918322913],[-99.354082476,19.918517215],[-99.353973759,19.918643805],[-99.354020922,19.918936679],[-99.354653384,19.919321308],[-99.354842261,19.919453986],[-99.355010862,19.919688909],[-99.355354276,19.919978169],[-99.355521215,19.920148524],[-99.355535615,19.920384846],[-99.355452737,19.920562231],[-99.355176185,19.921009216],[-99.355100814,19.921437509],[-99.355199717,19.922224004],[-99.354876537,19.922531015],[-99.35488423,19.92298897],[-99.35475283,19.923238938],[-99.35475343,19.923512417],[-99.354665892,19.923708769],[-99.354703922,19.923851354],[-99.354628861,19.924012063],[-99.354636507,19.924750954],[-99.354663985,19.9251936],[-99.354655692,19.925438417],[-99.354462399,19.925856416],[-99.354295107,19.926057215],[-99.354172415,19.926466709],[-99.354296661,19.9267588],[-99.354447547,19.926920635],[-99.354440117,19.927213355],[-99.354437754,19.927306509],[-99.354144737,19.927211433],[-99.353528014,19.926969785],[-99.352926231,19.926938292],[-99.352197646,19.926904585],[-99.352121206,19.926923711],[-99.352080646,19.927078154],[-99.352083415,19.927283139],[-99.352181185,19.927563215],[-99.352312354,19.927985154],[-99.352623954,19.928505293],[-99.352861169,19.929464615],[-99.352970692,19.93012957],[-99.352990262,19.930594185],[-99.352939954,19.930762601],[-99.352743596,19.931003388],[-99.352428169,19.931321231],[-99.352602148,19.931661491],[-99.352158708,19.931561785],[-99.351648215,19.931294868],[-99.351224985,19.931761509],[-99.350437123,19.931320754],[-99.349730155,19.930634881],[-99.349724062,19.93062897],[-99.349332061,19.930975724],[-99.349388341,19.931098074],[-99.349620299,19.931650093],[-99.349408914,19.931484425],[-99.349151077,19.931437448],[-99.348612298,19.931093269],[-99.34819303,19.930756309],[-99.347753954,19.930315631],[-99.347476015,19.930066092],[-99.347045352,19.929706531],[-99.346745649,19.929348044],[-99.346288966,19.928807962],[-99.34626842,19.928783663],[-99.346034892,19.928552538],[-99.345863446,19.9284026],[-99.345779631,19.928311186],[-99.345720753,19.928241186],[-99.345657246,19.928084155],[-99.345537774,19.927882602],[-99.345494385,19.9278094],[-99.345417384,19.927726492],[-99.345361243,19.92770411],[-99.3452412,19.927656247],[-99.345066061,19.927533231],[-99.344941168,19.927384757],[-99.344520574,19.927867727],[-99.344000242,19.928745776],[-99.343860707,19.928670386],[-99.343724541,19.928367219],[-99.343724475,19.928367073],[-99.343316031,19.928022493],[-99.342540778,19.927567089],[-99.342388899,19.927494379],[-99.342358169,19.92774457],[-99.342320414,19.928120432],[-99.342294307,19.928327986],[-99.342251631,19.928644738],[-99.342211291,19.928922832],[-99.342151922,19.92931711],[-99.342107062,19.929750124],[-99.342057491,19.930192062],[-99.342045554,19.930283416],[-99.342048554,19.93054174],[-99.342025354,19.930690062],[-99.341933784,19.930961908],[-99.342123385,19.93237311],[-99.342537062,19.932536523],[-99.343159707,19.932864079],[-99.342905108,19.933661755],[-99.342486152,19.934974294],[-99.342356299,19.935232682],[-99.34204224,19.935337524],[-99.340391223,19.935945845],[-99.340266082,19.936072903],[-99.340173207,19.936359133],[-99.340133531,19.936519639],[-99.339921214,19.937308489],[-99.339751131,19.937791436],[-99.339705272,19.937843484],[-99.33964012,19.937923452],[-99.339626543,19.937940115],[-99.339584721,19.937991449],[-99.339552694,19.938026966],[-99.339540262,19.938039454],[-99.339455229,19.93812488],[-99.339387556,19.938716096],[-99.33936943,19.93887445],[-99.339256819,19.938917792],[-99.339233541,19.938926753],[-99.339165492,19.939033506],[-99.339086175,19.939230189],[-99.339010839,19.939417005],[-99.338989225,19.939470743],[-99.338752158,19.940060151],[-99.338576033,19.940632782],[-99.338549258,19.940983946],[-99.338547933,19.941030496],[-99.338549103,19.941036308],[-99.338617279,19.941374748],[-99.338717524,19.941759201],[-99.338724379,19.941785495],[-99.338728789,19.941808808],[-99.338789636,19.942130651],[-99.338794711,19.942157486],[-99.338837579,19.94229977],[-99.338870579,19.942358052],[-99.338943349,19.942486578],[-99.338949628,19.94249767],[-99.338952814,19.942503294],[-99.339009253,19.942578664],[-99.339153044,19.942770681],[-99.339357413,19.942956579],[-99.339482908,19.94306542],[-99.339595897,19.944085067],[-99.339616504,19.944271033],[-99.33947532,19.944230551],[-99.338994292,19.944016309],[-99.338814715,19.943936327]]]]},"properties":{"locality":"Tepeji del Río de Ocampo","municipality":null,"official_key":"130630001","CVE_ENT":"13","CVE_MUN":"063","CVE_LOC":"0001","ambito":"URBANO","geometry_kind":"locality","source":"INEGI Gaia — Servicio vectorial del Marco Geoestadístico"}},{"type":"Feature","geometry":{"type":"MultiPolygon","crs":{"type":"name","properties":{"name":"EPSG:6365"}},"coordinates":[[[[-99.456174849,19.96267658],[-99.456053249,19.96265703],[-99.455861169,19.96268955],[-99.455765079,19.9626898],[-99.455660419,19.96261334],[-99.45550042,19.96260366],[-99.45539655,19.962603941],[-99.45534768,19.962489431],[-99.45516512,19.96243922],[-99.455073049,19.96238982],[-99.454991979,19.9622702],[-99.45479542,19.962157421],[-99.45453806,19.9620736],[-99.45437538,19.962052751],[-99.454269649,19.962037661],[-99.454184519,19.961949681],[-99.454110879,19.961756551],[-99.45400386,19.96154906],[-99.45391014,19.96134623],[-99.45383229,19.96116714],[-99.453671149,19.96093029],[-99.45350938,19.960765081],[-99.453324939,19.96059178],[-99.453105,19.960411801],[-99.452899749,19.96025888],[-99.452763879,19.960175341],[-99.45263903,19.96009914],[-99.45251437,19.96003786],[-99.45246251,19.96003354],[-99.45243057,19.960048721],[-99.45243498,19.960105031],[-99.452476149,19.960226151],[-99.452583979,19.9603556],[-99.45276591,19.96050885],[-99.45291237,19.96065243],[-99.453029429,19.960768521],[-99.453095419,19.960880031],[-99.453155749,19.960993251],[-99.45317158,19.961124651],[-99.453103519,19.96118006],[-99.45295869,19.96118728],[-99.45274718,19.961127321],[-99.452518139,19.961098681],[-99.452293549,19.961087461],[-99.452110659,19.961087941],[-99.452008879,19.96111649],[-99.451933919,19.961138831],[-99.451933999,19.96116474],[-99.451979019,19.96120703],[-99.45212391,19.96132048],[-99.45225889,19.96136066],[-99.45245025,19.96145355],[-99.45256997,19.96157266],[-99.452586489,19.961679881],[-99.45252042,19.96177406],[-99.45235465,19.96180855],[-99.452154969,19.9618098],[-99.45194928,19.96186074],[-99.451765199,19.96195554],[-99.45153808,19.962119221],[-99.45122525,19.962364351],[-99.451011229,19.96265052],[-99.450930019,19.962710521],[-99.45072383,19.962765631],[-99.450518459,19.962810951],[-99.450317679,19.96287718],[-99.450118459,19.962993681],[-99.44993715,19.96316588],[-99.44981788,19.96324743],[-99.44968574,19.963346061],[-99.44951292,19.963364631],[-99.44932203,19.96336512],[-99.44906938,19.963215741],[-99.44882551,19.96301305],[-99.44878788,19.962837781],[-99.44871372,19.962698601],[-99.44874091,19.962389291],[-99.44885775,19.96208968],[-99.44893745,19.961887281],[-99.44902765,19.96165531],[-99.44916318,19.96147503],[-99.44934568,19.96120254],[-99.449365119,19.96111566],[-99.44932243,19.961149981],[-99.44896612,19.961412281],[-99.448824489,19.961521571],[-99.44855412,19.961744141],[-99.44829978,19.961856461],[-99.448060199,19.96195777],[-99.44781445,19.96208294],[-99.447721349,19.96214928],[-99.447697479,19.962279141],[-99.44763586,19.96261698],[-99.447590219,19.96281794],[-99.44751958,19.9629186],[-99.447483629,19.963116951],[-99.447277079,19.963295291],[-99.44702103,19.96346905],[-99.44658892,19.963588461],[-99.446196779,19.963589451],[-99.445651579,19.963451431],[-99.44532169,19.963355621],[-99.444941769,19.963171941],[-99.44506232,19.96308605],[-99.44520877,19.962947001],[-99.4453492,19.962855401],[-99.44542708,19.96282657],[-99.44568915,19.962736911],[-99.4458978,19.96268134],[-99.44607095,19.96263882],[-99.44622362,19.962580681],[-99.446413739,19.962464721],[-99.44637942,19.962440111],[-99.446287079,19.962391891],[-99.44607622,19.96225171],[-99.445893859,19.96219229],[-99.44570155,19.962168581],[-99.44556051,19.962243661],[-99.44521155,19.962338371],[-99.44485672,19.96249943],[-99.444669769,19.9626028],[-99.44421449,19.962877691],[-99.444000489,19.962951661],[-99.44381832,19.96296937],[-99.44359903,19.962904281],[-99.44344349,19.962752941],[-99.443423859,19.96243286],[-99.44339163,19.962038021],[-99.443332169,19.961303181],[-99.443263429,19.960489551],[-99.443212909,19.959913491],[-99.443119179,19.958822921],[-99.443107479,19.95864363],[-99.44346775,19.958462661],[-99.44427532,19.95818632],[-99.44480514,19.958033401],[-99.445087919,19.95799358],[-99.44533337,19.957992971],[-99.445546739,19.957965541],[-99.44571152,19.95793805],[-99.44583614,19.95789614],[-99.44616092,19.957721651],[-99.44643977,19.957575851],[-99.44665865,19.957484721],[-99.446965369,19.95743851],[-99.44707309,19.957438231],[-99.44734072,19.957502351],[-99.447736599,19.95765312],[-99.448805279,19.95806235],[-99.449874021,19.958489479],[-99.449989896,19.958534805],[-99.450080872,19.959020387],[-99.450160078,19.959543891],[-99.45024339,19.95961271],[-99.450528031,19.959669675],[-99.451081218,19.959718055],[-99.451479771,19.959359661],[-99.451880755,19.95905767],[-99.452307918,19.958759301],[-99.452640556,19.958558642],[-99.452870984,19.95843299],[-99.453036029,19.958366141],[-99.45326323,19.958281681],[-99.453566199,19.95819505],[-99.453758459,19.958165181],[-99.45406554,19.9581684],[-99.45443355,19.9582472],[-99.45495991,19.9583548],[-99.455528599,19.958492551],[-99.455803889,19.958601311],[-99.45595866,19.95867503],[-99.456022879,19.958676111],[-99.456044199,19.95865269],[-99.455785649,19.958316781],[-99.455531539,19.958116251],[-99.455408649,19.95798155],[-99.455256249,19.95786523],[-99.455039519,19.95778397],[-99.45493065,19.957600021],[-99.45478889,19.957475711],[-99.45457852,19.957359],[-99.454328709,19.95731428],[-99.45410102,19.95731486],[-99.453784829,19.957233341],[-99.45351377,19.957047281],[-99.45316088,19.95689149],[-99.45293371,19.956678051],[-99.45269043,19.956350171],[-99.452605519,19.95616111],[-99.45254182,19.956021721],[-99.452510939,19.955906381],[-99.45246591,19.955813451],[-99.45238497,19.9557298],[-99.45233088,19.95572263],[-99.452224349,19.95569274],[-99.451867219,19.95559732],[-99.45149285,19.955509921],[-99.45119645,19.955370861],[-99.450835879,19.955148321],[-99.45059645,19.955017181],[-99.450397089,19.95495185],[-99.450689079,19.954699711],[-99.4508244,19.95462468],[-99.450963849,19.954613351],[-99.451088879,19.95463271],[-99.451230229,19.954652881],[-99.451362459,19.954738881],[-99.45167086,19.954835121],[-99.451888579,19.95485171],[-99.452088579,19.954803921],[-99.452180489,19.95465622],[-99.452207859,19.95447174],[-99.452131019,19.954106691],[-99.4520682,19.95380691],[-99.452013889,19.953603981],[-99.45194235,19.953380911],[-99.451904349,19.953143651],[-99.452062079,19.953113431],[-99.452190339,19.95305475],[-99.4525152,19.95288902],[-99.452845219,19.952804481],[-99.45302871,19.952772481],[-99.45322103,19.95278712],[-99.45345483,19.952779401],[-99.45368617,19.952749661],[-99.453990569,19.95272082],[-99.454187749,19.95260702],[-99.454361419,19.952448941],[-99.454529979,19.952174911],[-99.454717599,19.951996711],[-99.45493403,19.951842491],[-99.455193369,19.951809861],[-99.455389369,19.95185531],[-99.455621619,19.9518868],[-99.455797109,19.95196058],[-99.455929489,19.9520494],[-99.455990079,19.95213475],[-99.456004979,19.952231451],[-99.456050429,19.95226346],[-99.45615009,19.95226322],[-99.45634132,19.95227437],[-99.45648815,19.95236146],[-99.456517259,19.95251037],[-99.45652369,19.95276835],[-99.456502369,19.95309983],[-99.45647789,19.953374421],[-99.456489219,19.95350202],[-99.45658782,19.953625521],[-99.45671294,19.953703861],[-99.456974169,19.95377478],[-99.457156909,19.953827691],[-99.45739103,19.953884401],[-99.457639849,19.95394145],[-99.457832049,19.953985311],[-99.45803165,19.95400529],[-99.458318909,19.9540588],[-99.45857872,19.954106381],[-99.45881246,19.954105781],[-99.458874969,19.95409145],[-99.458946339,19.954054121],[-99.458991489,19.95397183],[-99.459019979,19.953862881],[-99.459099339,19.95367649],[-99.45923574,19.95351332],[-99.459374229,19.953292321],[-99.459570859,19.953076051],[-99.45979978,19.95291709],[-99.460013859,19.952735141],[-99.46021928,19.952581081],[-99.46035097,19.952351481],[-99.460563169,19.952105091],[-99.460929829,19.951817581],[-99.461029079,19.95169188],[-99.46112442,19.9515484],[-99.46113554,19.951432801],[-99.46113932,19.951254481],[-99.461119829,19.95104505],[-99.46117777,19.95090963],[-99.461247509,19.95081531],[-99.461414569,19.950735851],[-99.46155925,19.950658111],[-99.46176005,19.950550711],[-99.46191278,19.950452001],[-99.462006889,19.95037377],[-99.46207497,19.950296151],[-99.46217666,19.95024091],[-99.46251085,19.950079521],[-99.462734219,19.94996305],[-99.46296608,19.949856091],[-99.463197689,19.949682711],[-99.463451749,19.94950166],[-99.463617429,19.94933115],[-99.463867649,19.94902274],[-99.463997769,19.94891971],[-99.464158689,19.94888886],[-99.46433558,19.94888005],[-99.464404429,19.94885274],[-99.464439509,19.94875237],[-99.464518429,19.94850135],[-99.464521969,19.94820626],[-99.464583219,19.94802651],[-99.464621309,19.94787168],[-99.464742029,19.947687061],[-99.46488651,19.947613081],[-99.46506448,19.94757797],[-99.46520054,19.94759738],[-99.465444309,19.947663691],[-99.465571919,19.94765557],[-99.46564472,19.947445371],[-99.46568188,19.94729129],[-99.465701919,19.947109781],[-99.465776679,19.946967571],[-99.465817709,19.94683892],[-99.46582403,19.946664481],[-99.465916169,19.946505151],[-99.466021829,19.94646491],[-99.466104889,19.94647309],[-99.466342799,19.94648894],[-99.466464489,19.94649097],[-99.466586739,19.946463001],[-99.466696649,19.946387341],[-99.46683565,19.946312151],[-99.46692948,19.94636002],[-99.467011949,19.946339],[-99.467123059,19.946368621],[-99.46720294,19.946456151],[-99.467281879,19.946641861],[-99.46729355,19.94685394],[-99.467344829,19.947226371],[-99.46741189,19.94766609],[-99.467445419,19.94791795],[-99.46749825,19.94837972],[-99.46751306,19.948478461],[-99.467519689,19.948542341],[-99.46750288,19.94861643],[-99.46745038,19.94870226],[-99.46737858,19.94878346],[-99.467311889,19.94884683],[-99.4672548,19.94886358],[-99.467188599,19.948863771],[-99.467062819,19.94885495],[-99.466835799,19.94887938],[-99.466730629,19.94892112],[-99.46666105,19.948992721],[-99.46662462,19.949056711],[-99.46661623,19.949143661],[-99.46663331,19.9492336],[-99.46671238,19.9493132],[-99.466831919,19.949363651],[-99.46702129,19.949390291],[-99.46722668,19.949412461],[-99.46741746,19.949450821],[-99.467601749,19.949500551],[-99.467682449,19.94954445],[-99.46785358,19.94969115],[-99.46804583,19.949889171],[-99.46819558,19.95002315],[-99.46837812,19.950247601],[-99.4684748,19.950373691],[-99.46851115,19.950423351],[-99.46851129,19.95047122],[-99.468482949,19.95056705],[-99.46849992,19.950679231],[-99.46856355,19.9507872],[-99.468667849,19.95088725],[-99.468809909,19.950038781],[-99.468875719,19.949737711],[-99.46897846,19.94968638],[-99.46926418,19.94964568],[-99.46994651,19.94953454],[-99.47015882,19.949509911],[-99.470365229,19.9493712],[-99.470498999,19.949309631],[-99.47066235,19.94927937],[-99.47075691,19.94931017],[-99.47083025,19.94941929],[-99.47084357,19.949571661],[-99.470877979,19.949680031],[-99.47109248,19.949787891],[-99.47129475,19.949867721],[-99.47149165,19.94992235],[-99.47169457,19.949967751],[-99.471974749,19.949974231],[-99.472166919,19.94998229],[-99.472624049,19.949963751],[-99.47296757,19.94998131],[-99.47313378,19.949961151],[-99.47321251,19.94990751],[-99.473255219,19.949850831],[-99.47330271,19.94973528],[-99.47344063,19.94948109],[-99.473552109,19.949281001],[-99.47377445,19.94904825],[-99.47385485,19.94895785],[-99.47389848,19.94892888],[-99.47405148,19.94890675],[-99.47418418,19.948875781],[-99.474219119,19.948843031],[-99.474241449,19.9487828],[-99.47432155,19.948688661],[-99.474351479,19.948680581],[-99.474543909,19.94867137],[-99.474964162,19.948619814],[-99.474964119,19.948620001],[-99.474964112,19.948620034],[-99.47361747,19.954419367],[-99.473601549,19.95481265],[-99.473139369,19.956825351],[-99.473001909,19.957578081],[-99.472979,19.957609341],[-99.47194274,19.957626781],[-99.469901939,19.95765557],[-99.467699429,19.957701091],[-99.4676758,19.957761951],[-99.46762755,19.957816141],[-99.46755278,19.957867451],[-99.4672474,19.95793514],[-99.465779,19.958203221],[-99.46404409,19.95852797],[-99.46241002,19.958835061],[-99.46225532,19.958862581],[-99.46218928,19.95889235],[-99.462144859,19.95960312],[-99.46214228,19.95974152],[-99.4621168,19.959907551],[-99.462718649,19.959931151],[-99.46289329,19.960008511],[-99.46299374,19.960008251],[-99.462970769,19.96056203],[-99.46362254,19.96059292],[-99.46360815,19.959900061],[-99.46379989,19.959727771],[-99.463967379,19.95989758],[-99.466436519,19.960074681],[-99.46640366,19.96131958],[-99.46636157,19.96141062],[-99.46625563,19.96184135],[-99.46572488,19.96208112],[-99.465426719,19.962228031],[-99.46536829,19.96226842],[-99.465239571,19.962427281],[-99.46520037,19.962475661],[-99.46508415,19.96243942],[-99.46489391,19.962397151],[-99.46462723,19.96238048],[-99.464364739,19.962346971],[-99.46424331,19.962380091],[-99.46396791,19.96247629],[-99.4636392,19.962606691],[-99.463372909,19.9627812],[-99.463067889,19.962939421],[-99.462709229,19.96316663],[-99.46256046,19.96326382],[-99.462412479,19.96334297],[-99.46225378,19.96344351],[-99.46218998,19.96354748],[-99.462023509,19.963670491],[-99.461957049,19.963773151],[-99.46193995,19.963939121],[-99.4619402,19.96402134],[-99.46191843,19.9640836],[-99.461741,19.96431291],[-99.461663509,19.96439063],[-99.46161677,19.964416021],[-99.46148074,19.964453111],[-99.461347659,19.964471421],[-99.46122598,19.96448058],[-99.461078739,19.96448966],[-99.460925579,19.964507081],[-99.46077672,19.964548861],[-99.460668379,19.96461749],[-99.460519859,19.964685141],[-99.46037315,19.964698121],[-99.460192599,19.964729061],[-99.460031219,19.964741681],[-99.459828619,19.96477309],[-99.45967438,19.9647968],[-99.459513379,19.96484406],[-99.45931672,19.9649526],[-99.45910535,19.965056151],[-99.45898832,19.96513029],[-99.458832459,19.965192111],[-99.45871423,19.965254571],[-99.458627949,19.96527517],[-99.458563319,19.96527534],[-99.458494219,19.965242921],[-99.45841437,19.96511346],[-99.458386849,19.964978921],[-99.45836094,19.96479331],[-99.458279059,19.964592651],[-99.45821291,19.964480891],[-99.45819289,19.96439378],[-99.458164549,19.964330031],[-99.458081859,19.96425234],[-99.458034769,19.96417028],[-99.457975539,19.9640866],[-99.45782595,19.964013621],[-99.457625749,19.96394708],[-99.457484489,19.96386086],[-99.45744714,19.963776831],[-99.45740354,19.96363705],[-99.45730358,19.963525541],[-99.457215,19.963377051],[-99.45707448,19.96326225],[-99.45687188,19.963143351],[-99.45663571,19.963005511],[-99.456408249,19.96288963],[-99.456295349,19.9627898],[-99.456174849,19.96267658]]]]},"properties":{"locality":"El Banco (El Banco Vega de Madero)","municipality":null,"official_key":"130630002","CVE_ENT":"13","CVE_MUN":"063","CVE_LOC":"0002","ambito":"RURAL","geometry_kind":"locality","source":"INEGI Gaia — Servicio vectorial del Marco Geoestadístico"}},{"type":"Feature","geometry":{"type":"MultiPolygon","crs":{"type":"name","properties":{"name":"EPSG:6365"}},"coordinates":[[[[-99.314228353,19.840886308],[-99.314202446,19.841018693],[-99.314202554,19.841074693],[-99.314210722,19.841140632],[-99.314207122,19.841177708],[-99.314218554,19.841383031],[-99.314256768,19.841505755],[-99.314313461,19.841633416],[-99.314360108,19.841681985],[-99.314405477,19.841706231],[-99.314443737,19.841791078],[-99.314445199,19.841917339],[-99.314419831,19.842090277],[-99.314395491,19.8421772],[-99.314374769,19.842221263],[-99.314335523,19.842276078],[-99.314284185,19.842327138],[-99.314209537,19.842363185],[-99.313890399,19.842531016],[-99.313570768,19.842706939],[-99.313557553,19.842724738],[-99.3134532,19.842834292],[-99.313266799,19.843036063],[-99.312995077,19.843315215],[-99.312946631,19.843387492],[-99.312844307,19.843583278],[-99.312731477,19.843772109],[-99.312554076,19.84396297],[-99.31242003,19.844095832],[-99.312336492,19.844144155],[-99.312347876,19.844196],[-99.312411045,19.8443286],[-99.312480508,19.844498969],[-99.312547262,19.844527],[-99.312647646,19.844576585],[-99.312796722,19.844654277],[-99.312982862,19.844750939],[-99.313111076,19.8448202],[-99.313343354,19.844944354],[-99.313542553,19.845026862],[-99.313617785,19.845079293],[-99.313657122,19.845124954],[-99.313732861,19.845222831],[-99.313885645,19.845594923],[-99.314035414,19.845978554],[-99.314178385,19.846371001],[-99.314278014,19.846672062],[-99.31444978,19.847126514],[-99.314796271,19.84771461],[-99.315029584,19.848097873],[-99.315213448,19.848286456],[-99.315357942,19.848445613],[-99.315054679,19.849105449],[-99.314484624,19.848517044],[-99.313732891,19.848121926],[-99.313190729,19.847964732],[-99.313104793,19.84761069],[-99.312425727,19.847504698],[-99.311787809,19.847395033],[-99.311644737,19.847626955],[-99.311578415,19.847711231],[-99.311492753,19.847840985],[-99.311402031,19.847985323],[-99.311356907,19.848065323],[-99.311247691,19.848184492],[-99.311180322,19.848249415],[-99.311033138,19.848393062],[-99.310905323,19.848496092],[-99.310744999,19.8486318],[-99.310673446,19.848727092],[-99.310655154,19.848782263],[-99.310649138,19.848848047],[-99.310652338,19.848912847],[-99.310664769,19.848977893],[-99.310697785,19.849123892],[-99.310711261,19.849241155],[-99.310700153,19.849315646],[-99.3106666,19.849414369],[-99.310635923,19.849447047],[-99.310466399,19.849441138],[-99.310247646,19.849432478],[-99.31008043,19.849439247],[-99.309776922,19.849434601],[-99.309584138,19.849425892],[-99.309525338,19.849418232],[-99.309425477,19.849386078],[-99.309277276,19.849330001],[-99.309161723,19.849270185],[-99.309119614,19.849244554],[-99.309072322,19.8492274],[-99.308966185,19.849145231],[-99.308878799,19.849083277],[-99.308808523,19.84904637],[-99.308730614,19.848999738],[-99.308619815,19.848952046],[-99.308563722,19.848921493],[-99.308538676,19.848881324],[-99.308520215,19.848795586],[-99.308509984,19.848742615],[-99.308473584,19.848726278],[-99.308349614,19.848718646],[-99.308246614,19.848733909],[-99.308164599,19.848859785],[-99.308105461,19.848920815],[-99.308006291,19.848978046],[-99.307907108,19.848997124],[-99.307668677,19.848997124],[-99.307592384,19.848928447],[-99.307538984,19.8489132],[-99.307378768,19.848943708],[-99.307312015,19.848970415],[-99.307220462,19.849027632],[-99.307119369,19.849065785],[-99.307060246,19.849119185],[-99.307025908,19.849138262],[-99.306911461,19.849187846],[-99.3068142,19.849233631],[-99.306774137,19.849237447],[-99.306718831,19.849241263],[-99.306686399,19.849241262],[-99.306617737,19.849229815],[-99.306545262,19.849214554],[-99.306447985,19.849187847],[-99.306396477,19.8491726],[-99.30633163,19.849142077],[-99.306234354,19.849107739],[-99.306173323,19.849096292],[-99.305744338,19.848820938],[-99.302629646,19.846767186],[-99.302062492,19.846397615],[-99.302027153,19.846374416],[-99.302250245,19.846277985],[-99.302245107,19.84625297],[-99.302236169,19.846186231],[-99.3022166,19.846105401],[-99.302210554,19.846019186],[-99.302201554,19.845928278],[-99.302173122,19.845828755],[-99.302146507,19.845763986],[-99.302106046,19.845514585],[-99.302064677,19.845217862],[-99.302037908,19.845114647],[-99.302004677,19.845084231],[-99.302003568,19.844947477],[-99.302014568,19.844931785],[-99.301963414,19.844603263],[-99.301927185,19.844371692],[-99.301937308,19.844337985],[-99.301752276,19.844286554],[-99.301599353,19.844267754],[-99.301447738,19.844234431],[-99.300985415,19.8440668],[-99.3006184,19.8439702],[-99.300115276,19.843824631],[-99.299741537,19.843699892],[-99.299728737,19.843519923],[-99.299749784,19.843396032],[-99.299786815,19.843212231],[-99.299846014,19.843055678],[-99.299885722,19.842955632],[-99.299891354,19.842867416],[-99.299981138,19.842688724],[-99.300008107,19.842628216],[-99.30003883,19.842546663],[-99.300081123,19.842469338],[-99.30012543,19.842432155],[-99.300138985,19.842402415],[-99.300173938,19.842313478],[-99.300232107,19.842227247],[-99.300331199,19.842133186],[-99.300400708,19.842090492],[-99.300485677,19.841985385],[-99.300581691,19.841882632],[-99.300642968,19.841780662],[-99.300655031,19.841660616],[-99.300665631,19.841561554],[-99.300660877,19.841440601],[-99.300627892,19.841309077],[-99.300625722,19.841120339],[-99.300636568,19.841003738],[-99.300641508,19.840925015],[-99.300638953,19.840771646],[-99.300654645,19.840617092],[-99.3006916,19.840533523],[-99.300803923,19.840395386],[-99.301038153,19.840088632],[-99.301170385,19.839960709],[-99.301249307,19.839803401],[-99.301286184,19.839769601],[-99.301263815,19.839696892],[-99.301296231,19.838914877],[-99.302553169,19.8378048],[-99.302648537,19.837743755],[-99.302776338,19.837694169],[-99.302868128,19.837597902],[-99.30286901,19.837574586],[-99.30287481,19.837421124],[-99.303179948,19.837243561],[-99.303419759,19.837104011],[-99.303605372,19.837011369],[-99.303956464,19.836882694],[-99.304372819,19.836818143],[-99.304556348,19.836830402],[-99.304788757,19.836774571],[-99.304927708,19.836773216],[-99.30498848,19.836769128],[-99.305167532,19.836847268],[-99.305590783,19.837073667],[-99.305962476,19.837272847],[-99.306093046,19.837352015],[-99.306147338,19.837380001],[-99.306589892,19.837620109],[-99.30676792,19.837785087],[-99.306878845,19.837887262],[-99.306925307,19.837879863],[-99.306992369,19.837828447],[-99.307129045,19.837730509],[-99.307244245,19.837634831],[-99.307277814,19.837612754],[-99.307351554,19.837548923],[-99.307419584,19.837485093],[-99.307640399,19.837340078],[-99.307718215,19.837292354],[-99.307936476,19.837152955],[-99.308016062,19.837109509],[-99.308104723,19.837031416],[-99.308175107,19.836970677],[-99.308252154,19.836916802],[-99.308361409,19.836930031],[-99.308500995,19.837002478],[-99.308601159,19.83709983],[-99.308691842,19.837227091],[-99.308777159,19.837366969],[-99.308873569,19.837541215],[-99.308920508,19.837623186],[-99.309034385,19.837797046],[-99.309091615,19.837970555],[-99.309191676,19.8381098],[-99.309655542,19.837845584],[-99.309835908,19.837631785],[-99.309832169,19.837591092],[-99.309836691,19.837564231],[-99.309876968,19.83755897],[-99.309924569,19.837547631],[-99.309941046,19.837546738],[-99.309984415,19.837519662],[-99.310060308,19.837502492],[-99.31020083,19.837513832],[-99.310254892,19.837521647],[-99.310326938,19.837519693],[-99.310401199,19.837531201],[-99.310482815,19.837542092],[-99.310538214,19.837561277],[-99.310657861,19.8376534],[-99.310805431,19.837824446],[-99.310885891,19.838000693],[-99.310912308,19.838091585],[-99.311127076,19.838385215],[-99.311267579,19.838497469],[-99.31134819,19.838522885],[-99.311450976,19.838580476],[-99.311668235,19.838668762],[-99.311798215,19.838761255],[-99.311980633,19.838868111],[-99.312547693,19.839110353],[-99.312839297,19.839268256],[-99.312864245,19.839226555],[-99.312916492,19.839128708],[-99.313000737,19.838974446],[-99.313075938,19.8389118],[-99.313156368,19.838879277],[-99.313245431,19.8388326],[-99.313316108,19.838817939],[-99.313411414,19.838814862],[-99.313511368,19.838833585],[-99.313606691,19.838842139],[-99.313725091,19.838856478],[-99.3138392,19.838857339],[-99.313929862,19.838838278],[-99.314048184,19.838820632],[-99.314144938,19.838768124],[-99.314218631,19.83872],[-99.31424623,19.838683616],[-99.314324492,19.838526031],[-99.314342814,19.838464923],[-99.314351722,19.838306446],[-99.314381937,19.838299231],[-99.314415062,19.838367985],[-99.314629444,19.839057378],[-99.31463798,19.839080638],[-99.314654695,19.839126179],[-99.314764132,19.839424353],[-99.314892434,19.839601725],[-99.314268265,19.839888092],[-99.314178973,19.840555314],[-99.314155221,19.840732799],[-99.314221108,19.840744662],[-99.314228353,19.840886308]]]]},"properties":{"locality":"Cantera de Villagrán","municipality":null,"official_key":"130630003","CVE_ENT":"13","CVE_MUN":"063","CVE_LOC":"0003","ambito":"RURAL","geometry_kind":"locality","source":"INEGI Gaia — Servicio vectorial del Marco Geoestadístico"}},{"type":"Feature","geometry":{"type":"MultiPolygon","crs":{"type":"name","properties":{"name":"EPSG:6365"}},"coordinates":[[[[-99.386228092,19.975267922],[-99.38611577,19.974481328],[-99.385868675,19.974506625],[-99.385769435,19.974065473],[-99.385752,19.973870106],[-99.385697719,19.973380533],[-99.387150074,19.973301926],[-99.387204415,19.973755407],[-99.38720978,19.973962117],[-99.387303658,19.974902399],[-99.387333162,19.97519734],[-99.386228092,19.975267922]]],[[[-99.38963729,19.975080661],[-99.389226909,19.975108111],[-99.388520829,19.97515894],[-99.388296579,19.975161921],[-99.38828057,19.97504918],[-99.388252799,19.974763061],[-99.3882288,19.97446722],[-99.388205109,19.97430094],[-99.38811966,19.973860311],[-99.388106179,19.973787911],[-99.388084115,19.973393874],[-99.38755873,19.973279931],[-99.387469211,19.972526035],[-99.387283504,19.971713419],[-99.38724475,19.971300378],[-99.386974339,19.97123146],[-99.386234279,19.97102546],[-99.385511399,19.97083092],[-99.38464928,19.97056771],[-99.384088509,19.97041512],[-99.382873539,19.970087051],[-99.38283609,19.970076571],[-99.382110599,19.96987343],[-99.381843949,19.96981009],[-99.381612769,19.96975517],[-99.38096618,19.96956445],[-99.37906455,19.96903038],[-99.37767983,19.968637461],[-99.377030659,19.96844058],[-99.376749049,19.968355181],[-99.375213779,19.967954541],[-99.375009539,19.96790123],[-99.375066449,19.96782818],[-99.37526937,19.967674251],[-99.37559048,19.96756283],[-99.37593794,19.9675666],[-99.37640117,19.967576551],[-99.376680799,19.96756617],[-99.37686405,19.96761854],[-99.37717283,19.967567081],[-99.37742103,19.967343581],[-99.377868648,19.96700097],[-99.378135679,19.966413491],[-99.378335119,19.965976151],[-99.378340949,19.965807661],[-99.37834623,19.965654941],[-99.378450909,19.965088231],[-99.378528849,19.96481755],[-99.379410449,19.96428022],[-99.380334859,19.963811881],[-99.380848089,19.963547461],[-99.381505337,19.963444421],[-99.382163494,19.963731827],[-99.382398599,19.963823321],[-99.383129119,19.963888171],[-99.38396263,19.963666921],[-99.384611119,19.963033681],[-99.385034569,19.96237755],[-99.385762986,19.961000605],[-99.386548156,19.960738054],[-99.387273119,19.960542223],[-99.388982596,19.959975179],[-99.389826946,19.959976478],[-99.390364766,19.960075659],[-99.39073771,19.960275527],[-99.391008552,19.960689131],[-99.391195238,19.961127779],[-99.3914274,19.961943837],[-99.39182997,19.962243008],[-99.392312469,19.962519855],[-99.392756227,19.96268552],[-99.393707279,19.962923051],[-99.394423374,19.963105626],[-99.394895305,19.963314177],[-99.395872904,19.964102323],[-99.395621132,19.964385498],[-99.39542595,19.964738007],[-99.39539754,19.96505134],[-99.395619132,19.964755149],[-99.397058483,19.965226176],[-99.398572936,19.96576779],[-99.398466177,19.965964864],[-99.398281636,19.966204795],[-99.398319813,19.966363312],[-99.398243214,19.966452012],[-99.398109179,19.966635453],[-99.397922084,19.966893803],[-99.397713497,19.967308174],[-99.397612761,19.967606],[-99.397512103,19.968156015],[-99.397422561,19.968651768],[-99.39736268,19.969239256],[-99.397267219,19.97003408],[-99.397209061,19.970435396],[-99.397630768,19.970468915],[-99.397436609,19.970994919],[-99.397133199,19.971612171],[-99.39681704,19.972056079],[-99.396730549,19.97216091],[-99.396585919,19.97235662],[-99.396464769,19.97250657],[-99.396261489,19.97268545],[-99.396059753,19.972856877],[-99.395823771,19.973012244],[-99.395565056,19.973125924],[-99.395376225,19.973204253],[-99.395144182,19.973304598],[-99.394961879,19.973484941],[-99.394667118,19.973731649],[-99.3944547,19.973946591],[-99.394411139,19.974004143],[-99.39430217,19.974148109],[-99.394178153,19.974282749],[-99.394089324,19.974724418],[-99.395099253,19.974787355],[-99.395079106,19.975244687],[-99.395198431,19.97574487],[-99.395487289,19.976380097],[-99.394987579,19.976490987],[-99.394760478,19.976004585],[-99.394427562,19.976046241],[-99.394631089,19.976322331],[-99.394665115,19.97647559],[-99.394578443,19.97660112],[-99.394427399,19.976658589],[-99.394198569,19.976627828],[-99.394034191,19.976590218],[-99.394160226,19.976825326],[-99.394182812,19.976924537],[-99.394167307,19.977021629],[-99.394095111,19.977076876],[-99.394029622,19.977082965],[-99.393351046,19.976811277],[-99.393141175,19.976718916],[-99.392952762,19.976581182],[-99.392539902,19.976946166],[-99.392131567,19.976552983],[-99.391664579,19.976262335],[-99.391772069,19.976096217],[-99.391404346,19.975768584],[-99.391603506,19.975484416],[-99.39127956,19.975326733],[-99.391040802,19.97522008],[-99.390504123,19.975145485],[-99.389985118,19.975098505],[-99.389826659,19.975084451],[-99.38963729,19.975080661]]]]},"properties":{"locality":"Cañada de Madero","municipality":null,"official_key":"130630004","CVE_ENT":"13","CVE_MUN":"063","CVE_LOC":"0004","ambito":"RURAL","geometry_kind":"locality","source":"INEGI Gaia — Servicio vectorial del Marco Geoestadístico"}},{"type":"Feature","geometry":{"type":"MultiPolygon","crs":{"type":"name","properties":{"name":"EPSG:6365"}},"coordinates":[[[[-99.344998564,19.795429123],[-99.344974627,19.795271291],[-99.344970961,19.795247137],[-99.344967059,19.795221451],[-99.344959401,19.795170956],[-99.3449554,19.79514458],[-99.344982647,19.79493708],[-99.344986987,19.794904025],[-99.34502983,19.794577627],[-99.34505996,19.794348079],[-99.34506086,19.794341231],[-99.345362551,19.793967622],[-99.34537355,19.793954001],[-99.345546432,19.793514903],[-99.34555886,19.79348334],[-99.34573515,19.793128251],[-99.345719607,19.793066753],[-99.345696686,19.792976048],[-99.345659173,19.792827607],[-99.345648799,19.792786551],[-99.345500209,19.792774937],[-99.345418788,19.792768573],[-99.345410545,19.792767928],[-99.345164514,19.792748702],[-99.34516447,19.792748699],[-99.345164438,19.792748695],[-99.344978353,19.792734151],[-99.344968119,19.79273335],[-99.344741273,19.792691943],[-99.34467558,19.792679952],[-99.34466776,19.792678524],[-99.344634419,19.792672431],[-99.34463205,19.792655064],[-99.344625299,19.792605893],[-99.344596561,19.792396592],[-99.344596382,19.792395282],[-99.344596375,19.792395234],[-99.344574449,19.79223554],[-99.344558968,19.79215459],[-99.344558963,19.792154561],[-99.344493775,19.791813671],[-99.344484595,19.791765658],[-99.34448149,19.791749421],[-99.344322108,19.791501541],[-99.34428526,19.791444231],[-99.344318889,19.791208891],[-99.34434023,19.790918141],[-99.344385259,19.790651056],[-99.344419909,19.79044555],[-99.34443711,19.79034349],[-99.344526347,19.790025651],[-99.344574217,19.789855152],[-99.344575689,19.789849922],[-99.344573226,19.789839552],[-99.344573215,19.789839497],[-99.344461087,19.789367096],[-99.34444314,19.78929148],[-99.344444704,19.789288006],[-99.344616318,19.788907031],[-99.344618779,19.78890157],[-99.345110369,19.788585202],[-99.34544326,19.788292061],[-99.34584814,19.788168371],[-99.34596998,19.78813115],[-99.346054955,19.787983429],[-99.346086926,19.787927848],[-99.34612355,19.787864181],[-99.346170429,19.78769494],[-99.34695243,19.787351621],[-99.34782409,19.787176141],[-99.348333349,19.787176141],[-99.34891509,19.78730583],[-99.34915543,19.78741646],[-99.34958649,19.787885661],[-99.349729539,19.788038261],[-99.350002289,19.78830146],[-99.350389479,19.78856086],[-99.350572579,19.78874778],[-99.350669859,19.78877449],[-99.350763319,19.788743971],[-99.3508606,19.78863715],[-99.35084915,19.788450251],[-99.35081863,19.788251881],[-99.35082435,19.787981031],[-99.350887289,19.787870421],[-99.35173034,19.787462231],[-99.352109909,19.78735923],[-99.35238075,19.78721428],[-99.35254097,19.787088401],[-99.35261345,19.786951061],[-99.352605819,19.78692818],[-99.35258674,19.786897661],[-99.352437969,19.786920551],[-99.35231209,19.786966321],[-99.352161419,19.786989221],[-99.351982119,19.78700448],[-99.351745599,19.78701211],[-99.351634979,19.78698922],[-99.350971219,19.78663826],[-99.35072517,19.78648949],[-99.350440979,19.78638649],[-99.35016632,19.7863636],[-99.34978294,19.78644752],[-99.34931374,19.786466601],[-99.34848785,19.78648568],[-99.34820938,19.786558151],[-99.34793854,19.786565781],[-99.34706688,19.786317831],[-99.34692574,19.786409381],[-99.346555709,19.786443711],[-99.34620857,19.78655434],[-99.34596634,19.786584861],[-99.34539032,19.786577231],[-99.34512902,19.78643989],[-99.34494782,19.7862072],[-99.344988179,19.786054],[-99.345344779,19.785600177],[-99.34556109,19.785324891],[-99.345619002,19.785259817],[-99.345619037,19.785259778],[-99.345913913,19.784928379],[-99.345934542,19.784905193],[-99.345944199,19.78489434],[-99.34599532,19.784696467],[-99.345997038,19.784689819],[-99.34599882,19.784682921],[-99.345779509,19.784449291],[-99.345739204,19.784413974],[-99.345597074,19.784289427],[-99.345577014,19.78427185],[-99.345551339,19.78424935],[-99.34502786,19.783973465],[-99.344875149,19.783892981],[-99.344494001,19.78368514],[-99.344406122,19.783637219],[-99.344000979,19.783416292],[-99.343299082,19.782962151],[-99.343264849,19.782940001],[-99.34304212,19.782784781],[-99.34295911,19.782693172],[-99.342683139,19.78238855],[-99.342672984,19.78237734],[-99.342669849,19.78237388],[-99.342760775,19.782340897],[-99.342968849,19.782265422],[-99.343130023,19.782295765],[-99.343130065,19.782295773],[-99.343233397,19.78231522],[-99.343420469,19.782350442],[-99.343454651,19.782356878],[-99.3434706,19.78235988],[-99.343624554,19.782286905],[-99.343732599,19.782235691],[-99.34375425,19.782217932],[-99.343772779,19.782202734],[-99.343940344,19.782065289],[-99.344014287,19.782004636],[-99.344032679,19.78198955],[-99.343917683,19.78162936],[-99.343917674,19.781629327],[-99.34385731,19.781440251],[-99.343842036,19.781361507],[-99.34378055,19.781044491],[-99.34366568,19.780762253],[-99.343653029,19.780731173],[-99.343639919,19.780698972],[-99.343581445,19.780626863],[-99.343480309,19.78050214],[-99.34395215,19.780254261],[-99.343992202,19.780229714],[-99.344112768,19.780155821],[-99.344221534,19.780089148],[-99.3445074,19.779913908],[-99.344511418,19.779911444],[-99.34451728,19.77990785],[-99.344550787,19.779555899],[-99.344554618,19.77951565],[-99.344558473,19.779475248],[-99.34456045,19.779454522],[-99.344625499,19.77945309],[-99.345592489,19.77947045],[-99.345719429,19.77954795],[-99.34571862,19.779806481],[-99.345675659,19.78017223],[-99.345754029,19.78024854],[-99.346105879,19.780547851],[-99.34650665,19.78076011],[-99.346674659,19.780778121],[-99.347250259,19.780857121],[-99.347868979,19.78091249],[-99.34821932,19.78094094],[-99.34829711,19.780939],[-99.34871298,19.78101648],[-99.348859249,19.781016201],[-99.34901352,19.78100863],[-99.34918663,19.78096278],[-99.34972148,19.78088891],[-99.35003597,19.780815231],[-99.35002234,19.780731261],[-99.350926479,19.780353291],[-99.351682999,19.780011881],[-99.351947289,19.779849221],[-99.35204768,19.779753851],[-99.35232594,19.779603201],[-99.35249614,19.77958455],[-99.353172079,19.77967429],[-99.353159859,19.77995202],[-99.353104119,19.780285801],[-99.353077309,19.78041442],[-99.352939,19.78088582],[-99.35283391,19.781118371],[-99.352654599,19.78133274],[-99.352421349,19.781633711],[-99.352323569,19.781743451],[-99.35215525,19.78189954],[-99.35191985,19.78206769],[-99.351773569,19.782147291],[-99.35167572,19.7822096],[-99.351617339,19.78229763],[-99.351585019,19.782348861],[-99.351619369,19.782385511],[-99.351702229,19.78239929],[-99.35247269,19.782599201],[-99.352704169,19.78257711],[-99.35292654,19.78256817],[-99.353150629,19.782522431],[-99.353908719,19.782262061],[-99.354820229,19.78210568],[-99.355213339,19.78196298],[-99.356044769,19.781861981],[-99.356245019,19.78173077],[-99.35667243,19.78192254],[-99.356179199,19.783608571],[-99.356139229,19.783656321],[-99.356568139,19.78374691],[-99.356765109,19.78376329],[-99.35690338,19.783763021],[-99.35702354,19.78377395],[-99.35736574,19.783874031],[-99.35801452,19.784023881],[-99.35886702,19.784192711],[-99.35894531,19.78421386],[-99.358937089,19.784308381],[-99.35890817,19.78454895],[-99.358833739,19.784975291],[-99.358828549,19.785114771],[-99.35880489,19.7852178],[-99.35872285,19.785526431],[-99.358721219,19.78562037],[-99.35892494,19.785844181],[-99.35889465,19.785865121],[-99.358021719,19.785920341],[-99.357743859,19.78591646],[-99.357758969,19.78572177],[-99.357241829,19.78567175],[-99.35683034,19.785624651],[-99.356761819,19.785552861],[-99.356683339,19.78553878],[-99.3565684,19.785553251],[-99.356498629,19.78558795],[-99.356421939,19.785602541],[-99.356357569,19.78565146],[-99.35611465,19.78561434],[-99.355993029,19.7855978],[-99.355947879,19.785585081],[-99.355861319,19.78556391],[-99.355788149,19.78555605],[-99.355615849,19.78551768],[-99.35547263,19.785490291],[-99.35523972,19.78542377],[-99.35463082,19.785241231],[-99.35438817,19.785160971],[-99.35413592,19.78508914],[-99.35394709,19.78503317],[-99.353417339,19.78490185],[-99.353056659,19.784807511],[-99.352986779,19.78478678],[-99.35296151,19.78479385],[-99.353035219,19.78490857],[-99.35315922,19.78505752],[-99.35351854,19.785490651],[-99.353675779,19.78568054],[-99.353823479,19.78588611],[-99.353841569,19.785932511],[-99.353840179,19.786042401],[-99.353818449,19.786220781],[-99.35373005,19.786646781],[-99.35366412,19.787044121],[-99.35362318,19.787317321],[-99.35361075,19.78787649],[-99.35364915,19.788316971],[-99.35361625,19.789047771],[-99.353679089,19.789059511],[-99.354366679,19.789246551],[-99.354948569,19.789471661],[-99.35517865,19.789559261],[-99.355636279,19.789676711],[-99.35566262,19.789695781],[-99.3556392,19.78987605],[-99.35538337,19.79029311],[-99.35515688,19.79126525],[-99.355490679,19.79186009],[-99.355618539,19.79204717],[-99.35562345,19.792123481],[-99.355419419,19.792184291],[-99.354596649,19.79229837],[-99.35411851,19.79208085],[-99.35388978,19.791979061],[-99.35373314,19.791949431],[-99.353506278,19.791820471],[-99.353309993,19.791698503],[-99.353537913,19.792074236],[-99.353941406,19.792672666],[-99.354429992,19.79346167],[-99.354569405,19.793697347],[-99.356006834,19.794053431],[-99.356042012,19.794003676],[-99.356655108,19.794140295],[-99.356689994,19.794019762],[-99.356716235,19.793929096],[-99.356811367,19.79392356],[-99.356925672,19.793519011],[-99.357292507,19.793809631],[-99.357713831,19.794039871],[-99.357603486,19.794208773],[-99.357486818,19.79417639],[-99.357355827,19.794461924],[-99.357983957,19.794687968],[-99.358212215,19.795013519],[-99.358451201,19.7954804],[-99.358620545,19.796661033],[-99.357834979,19.797303984],[-99.357860352,19.798027312],[-99.358168208,19.799698879],[-99.358028311,19.799789861],[-99.358100039,19.8001183],[-99.358177041,19.800374265],[-99.358182106,19.800688783],[-99.358132349,19.80088015],[-99.35810405,19.801192653],[-99.358294624,19.801566838],[-99.358512772,19.801635759],[-99.358615051,19.80181985],[-99.358691193,19.802185013],[-99.358420989,19.802225766],[-99.358206317,19.802209874],[-99.357961887,19.802329013],[-99.356730415,19.802674628],[-99.356692966,19.802814984],[-99.35545452,19.802651571],[-99.35539843,19.80301912],[-99.355280249,19.80371549],[-99.355189909,19.80429763],[-99.35511622,19.804650031],[-99.35507011,19.804975511],[-99.35503578,19.80497169],[-99.35429572,19.804986951],[-99.354053489,19.804986951],[-99.353948339,19.80496014],[-99.353740059,19.805032181],[-99.35357994,19.80511028],[-99.353478749,19.80513591],[-99.353364399,19.80513],[-99.35325242,19.805112851],[-99.353067399,19.80512428],[-99.352849949,19.80518914],[-99.35268211,19.80529594],[-99.35264588,19.805440911],[-99.352453229,19.805547711],[-99.352203369,19.805589681],[-99.351993549,19.80566215],[-99.35131263,19.805776601],[-99.35110577,19.805763481],[-99.35096931,19.80554391],[-99.35078811,19.805353171],[-99.3505452,19.80524212],[-99.350145339,19.80500222],[-99.34943008,19.804681781],[-99.34914589,19.804643631],[-99.34885597,19.804563521],[-99.3488388,19.804449081],[-99.34900092,19.80393028],[-99.349191659,19.80361748],[-99.34933663,19.803579341],[-99.35001946,19.80313302],[-99.35015869,19.803064351],[-99.35042,19.802766801],[-99.35072708,19.80255318],[-99.35092735,19.802537921],[-99.35131645,19.80232811],[-99.351480479,19.802240371],[-99.351631169,19.802118311],[-99.351728449,19.80198478],[-99.351884849,19.80186654],[-99.35205078,19.80182838],[-99.352334969,19.80161475],[-99.35251617,19.8013134],[-99.352663049,19.801160821],[-99.352806089,19.800970081],[-99.35325051,19.800092691],[-99.35341263,19.799654021],[-99.35350418,19.79948615],[-99.353813169,19.79920388],[-99.354265219,19.79862785],[-99.35434151,19.798437121],[-99.354450229,19.798192981],[-99.35458183,19.79790688],[-99.354734419,19.79771614],[-99.35476685,19.797624581],[-99.354743949,19.79749871],[-99.354734419,19.79739189],[-99.354776379,19.797235491],[-99.354841229,19.797189711],[-99.35493278,19.7971096],[-99.35505105,19.797048571],[-99.355194089,19.79687309],[-99.354789739,19.79652977],[-99.354696279,19.796625141],[-99.354625709,19.796751031],[-99.3545456,19.79688454],[-99.354373939,19.79688835],[-99.354269029,19.79696846],[-99.35423278,19.797193521],[-99.354072569,19.797288891],[-99.353960029,19.79749489],[-99.35382843,19.79763222],[-99.35362243,19.797945031],[-99.353553769,19.798055651],[-99.353313449,19.798322681],[-99.35320091,19.79844857],[-99.352937689,19.79863929],[-99.352922449,19.79868508],[-99.352842319,19.79872322],[-99.35255051,19.79889106],[-99.35222245,19.79875374],[-99.352165219,19.79797935],[-99.351972579,19.79813575],[-99.351827619,19.79839134],[-99.351938249,19.798906321],[-99.351942059,19.798990251],[-99.35198022,19.799268721],[-99.352214819,19.79968834],[-99.352195739,19.8001728],[-99.351949689,19.800626751],[-99.35155868,19.80103111],[-99.35050965,19.80177117],[-99.34984017,19.802007681],[-99.349452969,19.80140877],[-99.34928131,19.80127525],[-99.349081049,19.80102349],[-99.348941799,19.800752651],[-99.34876442,19.80047417],[-99.34851646,19.800256721],[-99.347856519,19.799879081],[-99.347543719,19.79971505],[-99.34717178,19.799531941],[-99.34693528,19.79928398],[-99.346719739,19.79903222],[-99.34678458,19.79830742],[-99.346941,19.797269821],[-99.347187049,19.796575551],[-99.34729005,19.796434401],[-99.3472786,19.79625892],[-99.34712028,19.79596902],[-99.34691048,19.79584312],[-99.346620549,19.795701981],[-99.34629631,19.7956028],[-99.34596062,19.795537951],[-99.345527649,19.795438771],[-99.34519958,19.795385371],[-99.344998564,19.795429123]]]]},"properties":{"locality":"La Loma","municipality":null,"official_key":"130630005","CVE_ENT":"13","CVE_MUN":"063","CVE_LOC":"0005","ambito":"RURAL","geometry_kind":"locality","source":"INEGI Gaia — Servicio vectorial del Marco Geoestadístico"}},{"type":"Feature","geometry":{"type":"MultiPolygon","crs":{"type":"name","properties":{"name":"EPSG:6365"}},"coordinates":[[[[-99.28227995,19.954387246],[-99.281245769,19.9524488],[-99.28025092,19.95306622],[-99.27970809,19.952935733],[-99.279214923,19.952875801],[-99.279158461,19.952955938],[-99.279079553,19.953116123],[-99.279063662,19.953148369],[-99.279019738,19.953189309],[-99.278978537,19.953048416],[-99.278877279,19.952702139],[-99.278670092,19.951993601],[-99.277815892,19.950885647],[-99.277500491,19.950480508],[-99.277273646,19.95014277],[-99.276634027,19.949308866],[-99.276623649,19.949295316],[-99.27628743,19.948856338],[-99.275852938,19.948227815],[-99.275831923,19.9481716],[-99.275505892,19.947731554],[-99.275117738,19.947252477],[-99.274654923,19.946651155],[-99.274494891,19.946606077],[-99.274354736,19.946553388],[-99.274331323,19.946544586],[-99.2739256,19.946662524],[-99.273916448,19.946625923],[-99.273814953,19.946220046],[-99.273715999,19.9458426],[-99.273709722,19.9457],[-99.273759537,19.945165924],[-99.273530231,19.94519],[-99.273316078,19.944653057],[-99.273281457,19.944568985],[-99.273058584,19.944027763],[-99.272664031,19.944039869],[-99.272647147,19.944040387],[-99.272619025,19.9440013],[-99.271869039,19.942958861],[-99.271992285,19.942902198],[-99.271820558,19.942614164],[-99.271710519,19.942495065],[-99.271531422,19.942406936],[-99.271342204,19.942178095],[-99.272500508,19.941586554],[-99.272999676,19.941347369],[-99.274652877,19.940516986],[-99.274815369,19.940434123],[-99.275645954,19.940018185],[-99.276294523,19.939686123],[-99.277026369,19.939308677],[-99.277423215,19.939089185],[-99.277614446,19.938988508],[-99.277628846,19.938957446],[-99.277807371,19.936343477],[-99.277811554,19.936282262],[-99.278449908,19.936025523],[-99.278504615,19.936011046],[-99.279053846,19.935847123],[-99.279589492,19.935669092],[-99.280115062,19.935553],[-99.280587246,19.935444646],[-99.281286492,19.935289723],[-99.281444538,19.935242985],[-99.283243292,19.935140323],[-99.283834585,19.935091369],[-99.283892985,19.935114662],[-99.284082892,19.935376908],[-99.284184354,19.935299862],[-99.284412908,19.935210154],[-99.286293354,19.934564185],[-99.286376662,19.934459846],[-99.286386991,19.93449046],[-99.286602434,19.937792529],[-99.28668189,19.93796365],[-99.286710749,19.937995908],[-99.286825715,19.93806037],[-99.28658389,19.938187148],[-99.286130861,19.938382479],[-99.286250599,19.93853791],[-99.286532338,19.938831522],[-99.286798351,19.93907223],[-99.286872197,19.939144358],[-99.286924291,19.939278277],[-99.28697259,19.939358368],[-99.286939259,19.939381527],[-99.286881181,19.939421879],[-99.286849289,19.939463871],[-99.286746445,19.939599279],[-99.2870718,19.940074677],[-99.287196891,19.940275985],[-99.287375431,19.940480693],[-99.287392076,19.940663293],[-99.287345508,19.940835185],[-99.287346185,19.940928755],[-99.287343491,19.941063031],[-99.287321,19.941172986],[-99.287337908,19.941292308],[-99.287375612,19.941397613],[-99.287433675,19.941559774],[-99.28761403,19.942083396],[-99.287464763,19.942312574],[-99.287324398,19.942634839],[-99.28743439,19.942696998],[-99.287506831,19.942774285],[-99.287564381,19.942908152],[-99.287602553,19.943044692],[-99.287612862,19.943209844],[-99.287475569,19.943909799],[-99.287449068,19.944406497],[-99.288752474,19.944715866],[-99.289067709,19.945011851],[-99.28920778,19.94512228],[-99.289330459,19.94518055],[-99.28953714,19.945237771],[-99.289657449,19.94529942],[-99.28975875,19.94538694],[-99.289873779,19.94556606],[-99.28996802,19.945682832],[-99.290061599,19.94577888],[-99.29016039,19.945839036],[-99.29016288,19.945840551],[-99.29014985,19.94587429],[-99.290072569,19.94591265],[-99.289875309,19.946069251],[-99.28975445,19.946186021],[-99.28947638,19.946412461],[-99.289363939,19.94649522],[-99.289201149,19.94663489],[-99.289070429,19.94673743],[-99.2888392,19.94689795],[-99.288502059,19.94711034],[-99.288374229,19.94717392],[-99.288218579,19.94731134],[-99.287998349,19.947555081],[-99.28786891,19.94765191],[-99.28783828,19.94771692],[-99.287855759,19.947751751],[-99.288255401,19.948548136],[-99.288498349,19.94903226],[-99.288530548,19.949096077],[-99.288558089,19.949150659],[-99.288599099,19.949231942],[-99.288611249,19.949256021],[-99.288830969,19.94936892],[-99.28899828,19.949445231],[-99.28916732,19.94955185],[-99.28923903,19.949684751],[-99.289400019,19.95000195],[-99.289427452,19.9500705],[-99.289441249,19.950104971],[-99.28943949,19.950113837],[-99.289430684,19.950158251],[-99.289429539,19.950164021],[-99.28935025,19.950202431],[-99.289185381,19.950195288],[-99.289103614,19.950191747],[-99.28907971,19.95019071],[-99.289091122,19.95021345],[-99.28946678,19.95096189],[-99.289502872,19.951033793],[-99.289502936,19.951033923],[-99.28953666,19.951101109],[-99.289771219,19.9515684],[-99.29021745,19.952429801],[-99.290263845,19.952466227],[-99.2902732,19.95247357],[-99.290307429,19.95252191],[-99.290330319,19.952593551],[-99.29036235,19.95274654],[-99.290272563,19.952786966],[-99.290268089,19.952788981],[-99.2901624,19.952808551],[-99.290116743,19.952822508],[-99.289173549,19.953110831],[-99.288228889,19.953401911],[-99.28818797,19.95341452],[-99.288186374,19.953415012],[-99.287650719,19.95358006],[-99.28732092,19.953551598],[-99.28726554,19.953546817],[-99.28725863,19.95354622],[-99.28692831,19.95351771],[-99.286741599,19.953504431],[-99.286527889,19.95349085],[-99.286110289,19.953464311],[-99.286034649,19.953457798],[-99.28600355,19.95345512],[-99.285954779,19.953450923],[-99.28521095,19.95338692],[-99.28462123,19.953323847],[-99.28455162,19.9533164],[-99.284315689,19.953516891],[-99.28424195,19.95357955],[-99.284231408,19.953590019],[-99.284175489,19.95364555],[-99.28355668,19.95426003],[-99.282662459,19.9551042],[-99.282640084,19.955062259],[-99.282637481,19.955057381],[-99.28227995,19.954387246]]]]},"properties":{"locality":"Melchor Ocampo (El Salto)","municipality":null,"official_key":"130630006","CVE_ENT":"13","CVE_MUN":"063","CVE_LOC":"0006","ambito":"URBANO","geometry_kind":"locality","source":"INEGI Gaia — Servicio vectorial del Marco Geoestadístico"}},{"type":"Feature","geometry":{"type":"MultiPolygon","crs":{"type":"name","properties":{"name":"EPSG:6365"}},"coordinates":[[[[-99.353896139,19.823158631],[-99.3530674,19.82280922],[-99.352825169,19.822748181],[-99.352607719,19.822843551],[-99.35250854,19.82286645],[-99.35245612,19.82277192],[-99.35239325,19.82235277],[-99.35239037,19.82211025],[-99.35238431,19.82204595],[-99.35233169,19.82196998],[-99.35233262,19.82185532],[-99.35228668,19.82163917],[-99.35217212,19.82133651],[-99.35210125,19.82118463],[-99.35200818,19.82105135],[-99.35195835,19.82096617],[-99.35188482,19.82082143],[-99.35161183,19.82050609],[-99.3514796,19.82038152],[-99.35138503,19.82026137],[-99.35130897,19.82013175],[-99.35119632,19.82000098],[-99.35111354,19.81991666],[-99.35097314,19.81964258],[-99.35056583,19.81931409],[-99.35043882,19.81918582],[-99.35032203,19.81908057],[-99.35009822,19.8188944],[-99.35003645,19.81875145],[-99.35005725,19.818631],[-99.35017329,19.81851383],[-99.35037025,19.81837565],[-99.35058303,19.81830449],[-99.35078645,19.81821071],[-99.35103252,19.81807428],[-99.35122922,19.81792678],[-99.35140965,19.81778837],[-99.35160271,19.81765232],[-99.35168691,19.81757148],[-99.35175274,19.81734243],[-99.35180752,19.81715434],[-99.35178603,19.81696402],[-99.3517338,19.8164938],[-99.35173448,19.81611151],[-99.35171228,19.81591212],[-99.35169917,19.81576448],[-99.35160668,19.81570934],[-99.35147932,19.81558503],[-99.35111374,19.81522465],[-99.3509964,19.81507575],[-99.35088717,19.81492069],[-99.35076315,19.81469495],[-99.35066505,19.81448668],[-99.35059797,19.81428388],[-99.35059422,19.81405483],[-99.35053058,19.81363371],[-99.35049572,19.81344115],[-99.35052197,19.81309105],[-99.35056886,19.81292851],[-99.35049471,19.81266722],[-99.35028015,19.81234117],[-99.35006595,19.81201722],[-99.34999151,19.81184786],[-99.34996383,19.81177342],[-99.34987946,19.81148271],[-99.34982683,19.81127211],[-99.34974785,19.81068295],[-99.34971678,19.81024566],[-99.34975897,19.81000172],[-99.34982451,19.80970118],[-99.34986472,19.80959469],[-99.35013562,19.80900794],[-99.3503602,19.80852051],[-99.35053149,19.80827806],[-99.35068497,19.80784774],[-99.35075591,19.80765088],[-99.35080742,19.80740291],[-99.35085482,19.80725257],[-99.35101348,19.80685474],[-99.35106258,19.80676368],[-99.35111689,19.80670789],[-99.35119566,19.80667435],[-99.35122435,19.80665908],[-99.35126929,19.80667628],[-99.35125935,19.80684291],[-99.35125412,19.80692474],[-99.35129665,19.80691318],[-99.35135142,19.80690603],[-99.35149391,19.80687951],[-99.35156358,19.80686248],[-99.3518262,19.80679709],[-99.35207925,19.80678857],[-99.35229892,19.80682022],[-99.35236554,19.80683323],[-99.35247271,19.80686655],[-99.35253975,19.80686642],[-99.35260598,19.80684952],[-99.35270089,19.80681197],[-99.35278863,19.80676586],[-99.35291837,19.80666374],[-99.35310425,19.80657218],[-99.35320245,19.80651452],[-99.3533134,19.80640794],[-99.35341337,19.80635632],[-99.35344666,19.80633054],[-99.35361228,19.80619057],[-99.35377249,19.80601262],[-99.35388349,19.80582495],[-99.35404963,19.80553478],[-99.3541886,19.80523443],[-99.35429862,19.80500382],[-99.35461289,19.80499389],[-99.35502568,19.8049866],[-99.35507011,19.804975511],[-99.35505868,19.80523109],[-99.35499763,19.80559349],[-99.3549614,19.80612755],[-99.35498618,19.80649757],[-99.35503578,19.80703545],[-99.35506438,19.80726432],[-99.35508728,19.80752372],[-99.35515975,19.80856132],[-99.35518455,19.80893517],[-99.35526275,19.80931663],[-99.35532569,19.8096714],[-99.35534858,19.81005288],[-99.35536575,19.81054497],[-99.35536766,19.81130028],[-99.3553524,19.81213188],[-99.35528374,19.81288718],[-99.35526466,19.81323814],[-99.3553276,19.81358146],[-99.35542678,19.81394005],[-99.35548592,19.81421471],[-99.35552597,19.81449318],[-99.35549545,19.81477546],[-99.35542297,19.81497002],[-99.35518837,19.81539345],[-99.35516738,19.81547737],[-99.35514449,19.81559182],[-99.35515975,19.81620217],[-99.35510635,19.81667137],[-99.35507583,19.81684303],[-99.35499382,19.81712151],[-99.35469628,19.81836128],[-99.35464803,19.81864158],[-99.35461617,19.81882668],[-99.35452652,19.81941414],[-99.35442543,19.82017326],[-99.35439872,19.82024192],[-99.35436058,19.82034874],[-99.35433197,19.82058143],[-99.35441208,19.82100486],[-99.35467338,19.8218174],[-99.35473632,19.82208062],[-99.35473509,19.82229514],[-99.35476962,19.82246022],[-99.3548384,19.82266632],[-99.35493182,19.82282249],[-99.35508692,19.82301817],[-99.35513748,19.82299005],[-99.35519532,19.82291872],[-99.35526792,19.82282169],[-99.35534066,19.82278302],[-99.3556704,19.82275311],[-99.35585545,19.82271188],[-99.35598,19.82266726],[-99.35628502,19.82255425],[-99.35647583,19.82247734],[-99.35657211,19.82244628],[-99.35668754,19.82237815],[-99.35678863,19.82229423],[-99.35685729,19.82220268],[-99.35688209,19.82211875],[-99.35692978,19.82208062],[-99.35700226,19.82207298],[-99.357122419,19.822267541],[-99.357173259,19.822408651],[-99.357215408,19.822525636],[-99.357215878,19.82252694],[-99.357187279,19.822618492],[-99.357179666,19.822639033],[-99.357067108,19.82294274],[-99.357034679,19.823022851],[-99.356982678,19.823226341],[-99.356959836,19.823315712],[-99.35694773,19.823366339],[-99.356911108,19.823354969],[-99.35615158,19.823190691],[-99.355951309,19.823171621],[-99.355783459,19.823190691],[-99.355657569,19.82324791],[-99.355623249,19.823339461],[-99.355588909,19.82340431],[-99.35557746,19.823488231],[-99.355568879,19.823530031],[-99.35554863,19.823771321],[-99.355537519,19.8238566],[-99.355512619,19.82391548],[-99.355463029,19.823980341],[-99.355377199,19.824083321],[-99.355310449,19.824148181],[-99.35524749,19.82419014],[-99.355184549,19.824239741],[-99.355103019,19.824283891],[-99.354952319,19.82430205],[-99.354823079,19.824314782],[-99.354675629,19.824298681],[-99.354616709,19.82428934],[-99.35456998,19.824283231],[-99.35445975,19.824229321],[-99.354316919,19.824158981],[-99.35419066,19.824027061],[-99.354108449,19.82383291],[-99.35420606,19.823344111],[-99.353896139,19.823158631]]]]},"properties":{"locality":"Montecillo","municipality":null,"official_key":"130630007","CVE_ENT":"13","CVE_MUN":"063","CVE_LOC":"0007","ambito":"RURAL","geometry_kind":"locality","source":"INEGI Gaia — Servicio vectorial del Marco Geoestadístico"}},{"type":"Feature","geometry":{"type":"MultiPolygon","crs":{"type":"name","properties":{"name":"EPSG:6365"}},"coordinates":[[[[-99.442142753,19.985366666],[-99.441541801,19.985172825],[-99.441391375,19.98545954],[-99.44133769,19.985719983],[-99.440186999,19.985451938],[-99.440109195,19.985325049],[-99.438324253,19.985425941],[-99.438232493,19.98418613],[-99.438168478,19.983831238],[-99.438156167,19.983188875],[-99.438326248,19.983085946],[-99.43779814,19.98219289],[-99.436701509,19.979739401],[-99.436269749,19.978735741],[-99.4359732,19.97618254],[-99.436111059,19.97608854],[-99.437294849,19.97595346],[-99.43744282,19.975983151],[-99.437728664,19.976883884],[-99.43792318,19.976796911],[-99.438547289,19.97488035],[-99.438615706,19.974674728],[-99.438528558,19.974441099],[-99.43841647,19.974140609],[-99.43864762,19.97294108],[-99.438802215,19.972411782],[-99.439000489,19.971855232],[-99.439126196,19.971302537],[-99.439197593,19.970988628],[-99.439228771,19.970851556],[-99.439351629,19.970391846],[-99.439470116,19.970157754],[-99.43959542,19.969910189],[-99.44070629,19.969079151],[-99.44200375,19.968152801],[-99.44290748,19.9682616],[-99.44464086,19.968264201],[-99.44526266,19.968902541],[-99.44620335,19.969094521],[-99.447571249,19.969715771],[-99.448736969,19.970532981],[-99.449581889,19.970621081],[-99.45024229,19.970397291],[-99.45142888,19.968620454],[-99.45149725,19.96851808],[-99.453219909,19.967333741],[-99.45526669,19.96649558],[-99.455329889,19.968043251],[-99.455369399,19.96967485],[-99.45533268,19.969811121],[-99.455350042,19.969834668],[-99.456167673,19.969800405],[-99.456247049,19.970272185],[-99.455702632,19.97007882],[-99.455389045,19.970079244],[-99.455279606,19.970107831],[-99.454645227,19.97011158],[-99.453988574,19.970220502],[-99.45333156,19.970348608],[-99.452809711,19.970574934],[-99.453068934,19.971092646],[-99.453087141,19.971121195],[-99.453066423,19.97112855],[-99.453054223,19.971132881],[-99.453060023,19.971151549],[-99.453091308,19.971252248],[-99.453165345,19.971243819],[-99.453226672,19.971339981],[-99.453920831,19.972585984],[-99.453684029,19.972869744],[-99.453415968,19.97298433],[-99.453411735,19.972975783],[-99.453354853,19.972860961],[-99.452911036,19.973141563],[-99.452866974,19.973169421],[-99.452401906,19.973343925],[-99.451772512,19.974553074],[-99.451756981,19.974582909],[-99.451489869,19.974484866],[-99.451040712,19.974352576],[-99.450709465,19.974291835],[-99.450421855,19.974142204],[-99.450608449,19.974592619],[-99.450609077,19.974607143],[-99.450557662,19.974967228],[-99.450232171,19.975276658],[-99.449827953,19.975391346],[-99.449695431,19.97555014],[-99.449559134,19.975877809],[-99.449790794,19.976754978],[-99.449792775,19.977087565],[-99.449711529,19.977277604],[-99.44963414,19.97732345],[-99.449665192,19.977530265],[-99.450968507,19.977407978],[-99.451525929,19.977314656],[-99.4519434,19.976896095],[-99.451995134,19.976432052],[-99.452613588,19.975503962],[-99.453139712,19.975538412],[-99.453311783,19.975623277],[-99.453608022,19.976053008],[-99.453978393,19.97654177],[-99.453863914,19.976903074],[-99.453732372,19.977203029],[-99.453943532,19.977285803],[-99.454180396,19.978182554],[-99.454455511,19.979788961],[-99.454582682,19.980554025],[-99.454585119,19.980949912],[-99.454475075,19.981230387],[-99.454247015,19.981248704],[-99.45262458,19.98126291],[-99.45149883,19.980909451],[-99.45083515,19.980815081],[-99.450107908,19.981050835],[-99.449803421,19.981167683],[-99.44889535,19.981550219],[-99.448729491,19.981624003],[-99.44848853,19.981733077],[-99.448408981,19.981657921],[-99.448328556,19.981599551],[-99.448316628,19.981652182],[-99.447958031,19.981661743],[-99.44793551,19.981692087],[-99.448207296,19.982047405],[-99.448359474,19.982289639],[-99.448351374,19.982376581],[-99.448293173,19.982643937],[-99.448267157,19.982714677],[-99.448067687,19.983084996],[-99.447876266,19.983210806],[-99.447618766,19.983322852],[-99.447407829,19.983322428],[-99.447044004,19.983306883],[-99.446399829,19.983297081],[-99.446012149,19.983271311],[-99.445685217,19.983482171],[-99.445205429,19.98379162],[-99.44465042,19.984445201],[-99.444418969,19.985110981],[-99.44426051,19.98559412],[-99.444175273,19.985944199],[-99.443574756,19.985781467],[-99.442142753,19.985366666]]]]},"properties":{"locality":"Ojo de Agua","municipality":null,"official_key":"130630008","CVE_ENT":"13","CVE_MUN":"063","CVE_LOC":"0008","ambito":"RURAL","geometry_kind":"locality","source":"INEGI Gaia — Servicio vectorial del Marco Geoestadístico"}},{"type":"Feature","geometry":{"type":"MultiPolygon","crs":{"type":"name","properties":{"name":"EPSG:6365"}},"coordinates":[[[[-99.322048677,19.846806769],[-99.322201507,19.846692909],[-99.322374292,19.846569309],[-99.322380337,19.846567285],[-99.322435538,19.8465488],[-99.322547492,19.846501847],[-99.322643892,19.846431723],[-99.322614337,19.84619517],[-99.322608676,19.846149908],[-99.3225776,19.846029847],[-99.322573337,19.845825492],[-99.322652908,19.845736847],[-99.322765585,19.845752539],[-99.322769261,19.845762369],[-99.322787261,19.845810478],[-99.32279543,19.845943539],[-99.322797615,19.845979046],[-99.322806507,19.846068431],[-99.322867046,19.846160169],[-99.322967307,19.84624397],[-99.323101246,19.846273569],[-99.323305799,19.846276478],[-99.323496446,19.846253185],[-99.323636876,19.846195986],[-99.323782245,19.846074446],[-99.32391703,19.845867709],[-99.324024091,19.845657723],[-99.324135938,19.845335155],[-99.324419969,19.845213369],[-99.324471861,19.845147709],[-99.32453403,19.845042724],[-99.324637954,19.844986801],[-99.324783308,19.844865262],[-99.324800585,19.844765216],[-99.324741292,19.844594878],[-99.324744554,19.844499815],[-99.324668138,19.844427863],[-99.324490691,19.844110208],[-99.324507984,19.844049215],[-99.324610522,19.843991062],[-99.324687384,19.843978938],[-99.324747199,19.843969492],[-99.325016446,19.843974247],[-99.325349214,19.843971123],[-99.325587907,19.843918369],[-99.32568943,19.843878569],[-99.325763537,19.843849509],[-99.326015308,19.843776],[-99.326255062,19.843669292],[-99.326457031,19.843549923],[-99.326568661,19.843512923],[-99.326589892,19.843503862],[-99.326690091,19.843461092],[-99.326729045,19.843413801],[-99.326730062,19.843362846],[-99.326687061,19.843293138],[-99.326595308,19.843228969],[-99.326568291,19.843210093],[-99.326395553,19.843142663],[-99.326294722,19.843103324],[-99.326048845,19.843039015],[-99.325272415,19.842884401],[-99.324840399,19.842777832],[-99.324599754,19.842787369],[-99.324510337,19.842811878],[-99.324479261,19.842863201],[-99.324449477,19.842885047],[-99.324349185,19.842890355],[-99.324138215,19.842911263],[-99.324020292,19.842915324],[-99.32393683,19.842912955],[-99.323867754,19.84294],[-99.323795923,19.842946524],[-99.323751245,19.842967108],[-99.323647677,19.842943986],[-99.323633969,19.842877369],[-99.323560708,19.84284417],[-99.323500985,19.842808401],[-99.323412323,19.842801878],[-99.323281968,19.842691892],[-99.3231816,19.842670293],[-99.323112399,19.842638386],[-99.322972984,19.842549863],[-99.322747923,19.842348],[-99.322626722,19.842289124],[-99.322571876,19.842208001],[-99.322575661,19.842148909],[-99.322544431,19.842152662],[-99.322478154,19.842219247],[-99.322353231,19.842245323],[-99.322231246,19.842242185],[-99.3220028,19.842146401],[-99.321834953,19.842105109],[-99.321676461,19.842035001],[-99.321219922,19.842015016],[-99.321167277,19.841825323],[-99.3211314,19.841545554],[-99.321125137,19.841160786],[-99.321433061,19.841126431],[-99.321822923,19.841235401],[-99.322343199,19.841494463],[-99.322683185,19.841556216],[-99.32292503,19.84147777],[-99.323084153,19.841295492],[-99.323146677,19.841101477],[-99.323014185,19.840857323],[-99.322848046,19.840184785],[-99.322827862,19.839719446],[-99.322866154,19.839620569],[-99.322915461,19.839524292],[-99.322987769,19.839421939],[-99.323251215,19.839140678],[-99.323506461,19.838895816],[-99.323739723,19.838534908],[-99.323750584,19.838469877],[-99.323753076,19.838345077],[-99.323656614,19.838241246],[-99.323457184,19.838118631],[-99.323226076,19.838061831],[-99.323074814,19.838051708],[-99.323066245,19.837898323],[-99.323126446,19.837747415],[-99.323242462,19.837555847],[-99.323352184,19.837423047],[-99.323456462,19.837311062],[-99.323514062,19.837238155],[-99.323524754,19.837084738],[-99.323421415,19.836860247],[-99.323222953,19.836621416],[-99.322939414,19.836481539],[-99.322589476,19.836405478],[-99.322432507,19.836299154],[-99.322490046,19.836192463],[-99.322555937,19.836135154],[-99.3226466,19.836093401],[-99.322657276,19.83592697],[-99.322695492,19.835794309],[-99.323074876,19.83554],[-99.323203784,19.835360369],[-99.323203491,19.835217386],[-99.323307185,19.834819416],[-99.323416815,19.834529138],[-99.323556523,19.834266293],[-99.323561892,19.834198677],[-99.323542399,19.834079123],[-99.323492799,19.834029815],[-99.323418523,19.834014354],[-99.322742784,19.834384755],[-99.321943138,19.833609463],[-99.321563308,19.833438554],[-99.321141461,19.833525431],[-99.320957261,19.83354137],[-99.320602861,19.8337142],[-99.320085845,19.834078338],[-99.319851681,19.83422289],[-99.319844985,19.834227016],[-99.31953963,19.834500692],[-99.319099537,19.834714616],[-99.318808046,19.83498057],[-99.3187308,19.834990724],[-99.318742291,19.834921846],[-99.318869553,19.8347418],[-99.318917062,19.834184247],[-99.318941122,19.833992786],[-99.319424661,19.833569231],[-99.31952303,19.833483062],[-99.319651554,19.833370738],[-99.319723184,19.833308155],[-99.319794108,19.833207709],[-99.319828738,19.833097016],[-99.319883754,19.832775615],[-99.320073369,19.832518016],[-99.320121153,19.832454215],[-99.320367015,19.832126001],[-99.320450985,19.831981647],[-99.320464708,19.831842815],[-99.320090862,19.831696338],[-99.319783214,19.831531277],[-99.319578737,19.83138097],[-99.319267076,19.831145185],[-99.319181769,19.831049647],[-99.319697246,19.831028062],[-99.319724877,19.830963323],[-99.319634137,19.830774263],[-99.319526799,19.830589631],[-99.319301153,19.830273846],[-99.318959091,19.829917215],[-99.318898185,19.829823969],[-99.318832091,19.829743186],[-99.318804107,19.829656462],[-99.318810837,19.829514541],[-99.318848645,19.829481323],[-99.318993845,19.829442386],[-99.319188815,19.8294301],[-99.319229322,19.829347785],[-99.319365445,19.829178585],[-99.319474691,19.829097478],[-99.319596691,19.828959939],[-99.319624553,19.828868369],[-99.319596303,19.828767625],[-99.319561149,19.828725253],[-99.319524612,19.828692162],[-99.319506246,19.828628538],[-99.319525985,19.828586292],[-99.319731215,19.828406631],[-99.319870769,19.828327123],[-99.319906661,19.8283082],[-99.319962411,19.828236374],[-99.319972062,19.828070293],[-99.319951276,19.828011201],[-99.319567627,19.827809944],[-99.3194936,19.827721385],[-99.319465676,19.827586216],[-99.31947323,19.827372954],[-99.319529014,19.827318123],[-99.3196028,19.827284016],[-99.319714568,19.827278155],[-99.319825338,19.827321738],[-99.320039261,19.827494986],[-99.320266067,19.82772365],[-99.320455871,19.827815783],[-99.320762615,19.827879463],[-99.321070267,19.828007217],[-99.321380845,19.828108586],[-99.321592414,19.828100646],[-99.321688184,19.8280816],[-99.321727999,19.828024908],[-99.32170383,19.827926832],[-99.321557723,19.827727046],[-99.321405091,19.827495923],[-99.321318846,19.827292262],[-99.321278507,19.827167601],[-99.321263922,19.827122509],[-99.32118243,19.827080185],[-99.321122922,19.82711577],[-99.320872968,19.82714397],[-99.320825645,19.827075969],[-99.320769522,19.827042354],[-99.320663415,19.826768001],[-99.320574968,19.82662637],[-99.320545584,19.826574032],[-99.320502477,19.826498431],[-99.320535538,19.826364692],[-99.320492385,19.826291016],[-99.320392877,19.826235955],[-99.320336569,19.826206523],[-99.320149014,19.826119923],[-99.319936399,19.826208277],[-99.319585969,19.825985246],[-99.319460384,19.82587557],[-99.319181614,19.825822662],[-99.318955599,19.825254523],[-99.318893938,19.825193939],[-99.31870023,19.825146385],[-99.318881646,19.824687139],[-99.318842708,19.824400538],[-99.318853984,19.8242782],[-99.318900185,19.824254477],[-99.319000368,19.824255909],[-99.318814876,19.823961646],[-99.317934662,19.822921231],[-99.317732123,19.822862278],[-99.317786091,19.822751662],[-99.317679476,19.822538093],[-99.317593337,19.822365554],[-99.317435308,19.822051908],[-99.317364154,19.821828431],[-99.317298969,19.821871031],[-99.317189908,19.822014862],[-99.316918708,19.822234646],[-99.316750646,19.822325692],[-99.3166228,19.822331108],[-99.316565,19.822280185],[-99.316501123,19.822229169],[-99.316432477,19.822214523],[-99.316362138,19.822182569],[-99.316197769,19.822004369],[-99.316106785,19.821905723],[-99.316054462,19.821849],[-99.316011185,19.821690185],[-99.317369062,19.818937138],[-99.316972646,19.818684123],[-99.316777877,19.8184514],[-99.316631398,19.818232784],[-99.316417154,19.817913031],[-99.316106,19.817499877],[-99.315758138,19.817173754],[-99.315576538,19.816936677],[-99.315450785,19.816567462],[-99.315347123,19.816234631],[-99.315664169,19.815581846],[-99.316428323,19.814811062],[-99.316755431,19.814268169],[-99.317500985,19.813584015],[-99.317846877,19.813623277],[-99.318114769,19.813749338],[-99.318363954,19.813836046],[-99.3185788,19.814078215],[-99.318639031,19.814324908],[-99.318867754,19.814677938],[-99.319073323,19.815048554],[-99.3192334,19.815374],[-99.319101354,19.814977108],[-99.319103,19.814890185],[-99.319105954,19.8147356],[-99.319108231,19.814615738],[-99.319110477,19.814576415],[-99.319129892,19.814235662],[-99.319293954,19.813728],[-99.319296745,19.813727976],[-99.321143137,19.813712246],[-99.321903645,19.813604538],[-99.322042623,19.81359475],[-99.323635692,19.813482538],[-99.325373523,19.814018646],[-99.325347292,19.814131292],[-99.327012754,19.815039308],[-99.327867723,19.815838354],[-99.328275062,19.816921923],[-99.328355062,19.817215754],[-99.328560154,19.817227877],[-99.328791769,19.817277492],[-99.329126062,19.817327292],[-99.329278523,19.817477138],[-99.329450462,19.8174518],[-99.329589308,19.817420262],[-99.329774646,19.817476215],[-99.329953246,19.817475892],[-99.330131677,19.817387985],[-99.330336654,19.817343832],[-99.330554975,19.817355922],[-99.331074356,19.817242515],[-99.331444615,19.817154262],[-99.331742292,19.817153708],[-99.332483123,19.817069754],[-99.332800477,19.817149863],[-99.333206538,19.817330385],[-99.333347399,19.817356523],[-99.333483692,19.817421955],[-99.333647862,19.817537246],[-99.333803691,19.817647293],[-99.3339328,19.81764697],[-99.334049399,19.817596816],[-99.334152091,19.817544092],[-99.334218645,19.81748617],[-99.334426723,19.8173334],[-99.334717814,19.8171146],[-99.335220862,19.817483426],[-99.335477146,19.817549449],[-99.335635666,19.817509905],[-99.335863727,19.817345888],[-99.336298292,19.817027543],[-99.336523317,19.817048837],[-99.336683968,19.817160973],[-99.336827028,19.817344461],[-99.336856863,19.817780159],[-99.336774046,19.818170435],[-99.336603913,19.818536659],[-99.336423625,19.818851784],[-99.336195056,19.819237562],[-99.335857637,19.819532089],[-99.335557768,19.819846801],[-99.335203631,19.820006077],[-99.335087354,19.820119155],[-99.334685662,19.821085908],[-99.334166737,19.822343215],[-99.334104584,19.822668339],[-99.334104015,19.822826631],[-99.334097476,19.823159908],[-99.334154553,19.823479924],[-99.334502292,19.823735986],[-99.334859122,19.823843123],[-99.334951662,19.823912186],[-99.335002353,19.823978015],[-99.335076862,19.824338385],[-99.335244876,19.824651247],[-99.335353291,19.824814216],[-99.335445061,19.824928524],[-99.335609169,19.825037],[-99.335743507,19.825087846],[-99.335876061,19.825118923],[-99.336070737,19.825138585],[-99.33623283,19.825125093],[-99.336386261,19.825136355],[-99.336473585,19.825207063],[-99.336562676,19.825297539],[-99.336635045,19.825329663],[-99.336728415,19.825350493],[-99.336720644,19.825371782],[-99.336254291,19.826649386],[-99.335984831,19.827335431],[-99.335801399,19.827641632],[-99.335736692,19.827774201],[-99.335727677,19.82791137],[-99.335427195,19.82850683],[-99.335370191,19.828710353],[-99.335305095,19.828942764],[-99.335167168,19.829635222],[-99.335321778,19.830041964],[-99.335328088,19.830080828],[-99.335375181,19.83037092],[-99.335494815,19.83064446],[-99.335636354,19.830873475],[-99.335502628,19.830995673],[-99.336109177,19.831263907],[-99.335439102,19.832262872],[-99.334743778,19.833425576],[-99.334603625,19.833712511],[-99.334556954,19.833885231],[-99.334554007,19.834211109],[-99.334795016,19.834273543],[-99.335085984,19.834420595],[-99.335096023,19.834425669],[-99.335381517,19.834562117],[-99.335545115,19.834624658],[-99.335654584,19.83460724],[-99.335830754,19.834524222],[-99.335937362,19.834463881],[-99.336103098,19.834383833],[-99.336185682,19.834396168],[-99.336225469,19.834481014],[-99.336225622,19.834595061],[-99.336170406,19.835096431],[-99.336155325,19.835410664],[-99.336182197,19.835760186],[-99.336259777,19.836758059],[-99.336311648,19.83687726],[-99.336398384,19.836961382],[-99.336535971,19.837017904],[-99.336735288,19.837063041],[-99.337081467,19.837122149],[-99.33736788,19.837186918],[-99.337494377,19.837260425],[-99.33752103,19.837357693],[-99.337446839,19.837490422],[-99.337302044,19.837701058],[-99.337257827,19.83791137],[-99.337471485,19.838549813],[-99.337674862,19.839019503],[-99.338064019,19.83975224],[-99.335815337,19.840474785],[-99.335659005,19.84051805],[-99.335097014,19.840674324],[-99.335033937,19.840687138],[-99.33468263,19.84074637],[-99.333922268,19.840925969],[-99.333385807,19.841037618],[-99.333017446,19.841136324],[-99.332829354,19.841206046],[-99.332844816,19.841234753],[-99.332909292,19.841354446],[-99.333017661,19.841536247],[-99.333026523,19.841662385],[-99.332998815,19.841792678],[-99.333033476,19.841898431],[-99.33309887,19.841993001],[-99.333320917,19.84215334],[-99.333373764,19.842178203],[-99.333454494,19.842216182],[-99.333781488,19.842406081],[-99.333920703,19.842827607],[-99.333795798,19.843027031],[-99.333549421,19.843420396],[-99.332791714,19.84350472],[-99.332851994,19.844303676],[-99.33309671,19.844788933],[-99.333175133,19.845269141],[-99.333298771,19.846068599],[-99.333451745,19.846064422],[-99.333454158,19.846064355],[-99.333455498,19.846064319],[-99.333458646,19.846064231],[-99.333459058,19.846064216],[-99.334306196,19.846027985],[-99.334368562,19.846557041],[-99.334379608,19.846650743],[-99.334385294,19.846716567],[-99.334370017,19.846826856],[-99.334362819,19.846878824],[-99.334362657,19.846879988],[-99.334204667,19.846925508],[-99.334187856,19.846930351],[-99.334112188,19.846952152],[-99.334110692,19.846952584],[-99.333885081,19.846895339],[-99.333625552,19.846914021],[-99.333624592,19.84691409],[-99.333454767,19.846968061],[-99.333427276,19.846976798],[-99.332859954,19.847125076],[-99.332804768,19.847139499],[-99.332797581,19.847141377],[-99.332796153,19.84714175],[-99.332786508,19.847021677],[-99.332677185,19.846635154],[-99.332559292,19.846236969],[-99.332352431,19.845558062],[-99.332245708,19.845197324],[-99.33204983,19.844537862],[-99.332024815,19.844480047],[-99.331999645,19.844444538],[-99.331927908,19.844457677],[-99.33182283,19.844464463],[-99.331775999,19.844447801],[-99.331577585,19.844251462],[-99.331523937,19.844194385],[-99.331492414,19.844173677],[-99.331443984,19.844161323],[-99.331084862,19.844093109],[-99.330947185,19.844056139],[-99.330810676,19.844036463],[-99.330700785,19.844056123],[-99.330505292,19.844175],[-99.330423153,19.844245569],[-99.330172108,19.844289062],[-99.330151569,19.844366663],[-99.330152846,19.844462632],[-99.330147384,19.844579462],[-99.330053399,19.844685755],[-99.329961937,19.844825063],[-99.329709554,19.845090446],[-99.329409568,19.845199109],[-99.329222384,19.8452108],[-99.329030738,19.845288369],[-99.3289212,19.845379385],[-99.328620999,19.845453797],[-99.328593231,19.845460678],[-99.32856995,19.844711891],[-99.328515276,19.844609387],[-99.328316794,19.845098835],[-99.328279243,19.845174522],[-99.327947106,19.845975759],[-99.328361817,19.846327837],[-99.328415212,19.846373167],[-99.32822781,19.846773096],[-99.328162323,19.84672206],[-99.327727669,19.846383327],[-99.327277126,19.846076454],[-99.327023822,19.845943325],[-99.326830772,19.845933603],[-99.326551891,19.845850716],[-99.326470594,19.845848547],[-99.326306563,19.845887831],[-99.326235277,19.845860798],[-99.32616399,19.845808537],[-99.3260077,19.845699349],[-99.325787626,19.845459257],[-99.325715139,19.845462835],[-99.325552831,19.845542834],[-99.325439491,19.845640861],[-99.32525944,19.845735286],[-99.325086265,19.845772406],[-99.324956762,19.845803582],[-99.324795073,19.845892784],[-99.3246714,19.845949756],[-99.324539682,19.846095028],[-99.324397421,19.846209852],[-99.324219002,19.84628997],[-99.324089559,19.846418331],[-99.324000699,19.846563245],[-99.323879651,19.846743477],[-99.323718061,19.846783347],[-99.323619534,19.846751969],[-99.323526667,19.846771325],[-99.323449894,19.846876462],[-99.323351833,19.846905871],[-99.323253453,19.846883837],[-99.32314922,19.846807966],[-99.322969637,19.846762348],[-99.322759636,19.846747867],[-99.322494494,19.846790533],[-99.322363464,19.846823106],[-99.322105893,19.846940372],[-99.321950245,19.846951677],[-99.322048677,19.846806769]]]]},"properties":{"locality":"San Buenaventura","municipality":null,"official_key":"130630009","CVE_ENT":"13","CVE_MUN":"063","CVE_LOC":"0009","ambito":"URBANO","geometry_kind":"locality","source":"INEGI Gaia — Servicio vectorial del Marco Geoestadístico"}},{"type":"Feature","geometry":{"type":"MultiPolygon","crs":{"type":"name","properties":{"name":"EPSG:6365"}},"coordinates":[[[[-99.347826,19.844160079],[-99.347553245,19.844022755],[-99.347341538,19.844236371],[-99.346918107,19.84469414],[-99.346511846,19.84490014],[-99.34595489,19.845022201],[-99.345394138,19.845151909],[-99.34508895,19.845289232],[-99.344909479,19.845336631],[-99.344796849,19.84524828],[-99.344720379,19.84525714],[-99.344657619,19.84520062],[-99.344613689,19.84512552],[-99.344689659,19.84496557],[-99.34472492,19.84488302],[-99.344732019,19.84447265],[-99.344714,19.844126159],[-99.344682869,19.844039111],[-99.344659754,19.843943715],[-99.344642126,19.843764214],[-99.344608416,19.843680165],[-99.344539431,19.843627203],[-99.344438203,19.843588599],[-99.344304551,19.843580802],[-99.344194567,19.843579873],[-99.34407971,19.843601587],[-99.343905351,19.843655857],[-99.34369849,19.843702114],[-99.343544052,19.843749032],[-99.343423917,19.843812856],[-99.343320934,19.843852338],[-99.343183611,19.84386451],[-99.343023755,19.843842844],[-99.342863361,19.843834532],[-99.342726836,19.84384047],[-99.34262639,19.843871191],[-99.34253325,19.843904212],[-99.342454494,19.843887923],[-99.342431209,19.843821751],[-99.342469186,19.843754606],[-99.342521703,19.843654176],[-99.342505046,19.843591346],[-99.342375737,19.843387231],[-99.342383006,19.843256788],[-99.342346408,19.843176429],[-99.342271782,19.843078222],[-99.342172779,19.842968569],[-99.342128642,19.842893557],[-99.342130713,19.842828299],[-99.342147842,19.84275278],[-99.342148877,19.842646985],[-99.342520151,19.842512248],[-99.34277113,19.842247691],[-99.342966195,19.841984099],[-99.342864049,19.841842051],[-99.342721879,19.841752821],[-99.342654539,19.84168285],[-99.34258332,19.84157515],[-99.34256592,19.84148162],[-99.342578659,19.84140428],[-99.34263012,19.841177571],[-99.34272855,19.84093732],[-99.3428336,19.840772341],[-99.34289583,19.840663891],[-99.342671999,19.84055626],[-99.342361379,19.84043955],[-99.342299259,19.84041349],[-99.341710369,19.840274351],[-99.34162535,19.84025194],[-99.34156329,19.840254771],[-99.3415136,19.840231381],[-99.3414486,19.840191781],[-99.34141418,19.84017649],[-99.34135314,19.840200091],[-99.341298459,19.840228181],[-99.34112866,19.840297141],[-99.341031349,19.840332541],[-99.340967429,19.840351621],[-99.340906339,19.84036077],[-99.340877629,19.840354751],[-99.340867739,19.84031648],[-99.340854859,19.84019708],[-99.340890659,19.840134541],[-99.340897419,19.8401012],[-99.34089428,19.83999188],[-99.34087177,19.83991475],[-99.340826019,19.83985455],[-99.34083258,19.83974522],[-99.340855449,19.83953388],[-99.34084455,19.83943337],[-99.34080643,19.839324121],[-99.34076132,19.839121711],[-99.34074437,19.838915031],[-99.340739369,19.83879143],[-99.34068866,19.8386568],[-99.340689969,19.838583],[-99.340646229,19.83848158],[-99.340631289,19.83840603],[-99.340614429,19.838252951],[-99.340593259,19.838102651],[-99.34055275,19.837865801],[-99.34050343,19.83754509],[-99.340502339,19.837443231],[-99.340524489,19.83735838],[-99.340509199,19.83720742],[-99.340471169,19.836984711],[-99.340444449,19.836786881],[-99.34042408,19.836639981],[-99.340393739,19.836563481],[-99.34022555,19.83628557],[-99.340168659,19.83617403],[-99.34007402,19.83605282],[-99.34002722,19.835939831],[-99.340008059,19.835831051],[-99.339938549,19.83568954],[-99.339916719,19.83556702],[-99.339873779,19.835498061],[-99.339833109,19.835371601],[-99.33972582,19.83521471],[-99.339692919,19.83513858],[-99.33969526,19.83503103],[-99.33970757,19.834898891],[-99.33969477,19.834801321],[-99.339634019,19.8347094],[-99.339559419,19.834547681],[-99.33950065,19.83442771],[-99.339484309,19.834393821],[-99.339463569,19.834326551],[-99.339461879,19.83426831],[-99.33947683,19.83414489],[-99.339498029,19.83400109],[-99.33949663,19.83393534],[-99.339464859,19.83386009],[-99.33944955,19.833784461],[-99.33945566,19.83368642],[-99.339476969,19.833561601],[-99.339519719,19.83345631],[-99.339505599,19.833347141],[-99.33947383,19.833267091],[-99.339439119,19.832990651],[-99.3394018,19.83265797],[-99.339492489,19.832508351],[-99.33953242,19.83224723],[-99.33954203,19.832015971],[-99.33953529,19.83181872],[-99.33945415,19.831714351],[-99.33945271,19.831625881],[-99.33948605,19.83130248],[-99.339433939,19.831166281],[-99.33938814,19.83102649],[-99.33937626,19.83088282],[-99.339365309,19.830768911],[-99.339353259,19.83068932],[-99.339295719,19.830496091],[-99.339153199,19.830345061],[-99.33901591,19.830262461],[-99.338883369,19.830203351],[-99.33880972,19.83019749],[-99.338767779,19.83017475],[-99.338754979,19.830130351],[-99.33879423,19.83007503],[-99.33887017,19.8299596],[-99.338876279,19.82984269],[-99.338859479,19.829703431],[-99.338836119,19.82957294],[-99.338761019,19.829477001],[-99.3386756,19.82931025],[-99.33864748,19.829221451],[-99.33865485,19.82910374],[-99.338722109,19.82901915],[-99.338766339,19.828917001],[-99.338722969,19.828822201],[-99.338600689,19.82870518],[-99.338599819,19.82829449],[-99.33860582,19.828094421],[-99.338618619,19.827784291],[-99.338615749,19.827375541],[-99.338647279,19.82704935],[-99.338669019,19.826854151],[-99.33869288,19.82667369],[-99.338716709,19.82652132],[-99.338726979,19.82614369],[-99.33868582,19.825766371],[-99.338629779,19.82550989],[-99.338601349,19.825390001],[-99.338559709,19.825225],[-99.33855132,19.82506698],[-99.33855295,19.824863711],[-99.338587769,19.82467325],[-99.33862275,19.82452234],[-99.338699679,19.82419905],[-99.33870408,19.82410985],[-99.338723619,19.823868661],[-99.33873608,19.823725911],[-99.338770627,19.823594231],[-99.338829332,19.823535831],[-99.338912848,19.823537718],[-99.339025616,19.823691802],[-99.339127967,19.823788719],[-99.339202811,19.823803194],[-99.339315346,19.823714719],[-99.339361102,19.823650533],[-99.339380035,19.823591392],[-99.339311266,19.823541917],[-99.339225681,19.823348693],[-99.339115957,19.823233688],[-99.339044778,19.823146616],[-99.339016516,19.82304945],[-99.339092136,19.822907689],[-99.339202724,19.822866984],[-99.339307603,19.822862066],[-99.339374929,19.822872288],[-99.339448674,19.822982584],[-99.339662147,19.823106012],[-99.339702335,19.82316469],[-99.339719828,19.82327528],[-99.339828873,19.823428723],[-99.339922609,19.823483724],[-99.340050083,19.823489006],[-99.34032514,19.823561358],[-99.340417449,19.823592787],[-99.34048935,19.823598355],[-99.340539793,19.823568596],[-99.340644492,19.823155091],[-99.340820449,19.82306217],[-99.34106846,19.822979311],[-99.341247509,19.822912571],[-99.34147311,19.82300825],[-99.34180609,19.823220781],[-99.34188615,19.823331721],[-99.34200029,19.823515291],[-99.342171829,19.82381835],[-99.342259399,19.824062921],[-99.34224709,19.82480285],[-99.342236489,19.825668971],[-99.342281119,19.82653086],[-99.342322519,19.826625401],[-99.34243315,19.82676851],[-99.3425722,19.826967881],[-99.3428826,19.82749789],[-99.34309215,19.82780083],[-99.34332531,19.8281484],[-99.343330149,19.82834202],[-99.34342137,19.82835172],[-99.343535489,19.82823697],[-99.34375163,19.82798606],[-99.34404782,19.827730801],[-99.344273179,19.82746586],[-99.344411849,19.82725105],[-99.344459429,19.826993451],[-99.34447346,19.82655615],[-99.344428139,19.826149851],[-99.344351749,19.826028381],[-99.344254999,19.82582012],[-99.344263979,19.825690481],[-99.34423991,19.82545629],[-99.344251149,19.825132201],[-99.3442852,19.825056111],[-99.344417889,19.82482386],[-99.34455605,19.824730711],[-99.344685489,19.82460526],[-99.344756719,19.824492451],[-99.344796465,19.824403667],[-99.344858735,19.824396176],[-99.344950187,19.824385176],[-99.345325144,19.824484716],[-99.345761468,19.824500624],[-99.345874719,19.824458511],[-99.34613646,19.824243861],[-99.34638686,19.824036021],[-99.346809016,19.823672668],[-99.346974958,19.823512451],[-99.347130173,19.823291675],[-99.347167746,19.82332965],[-99.347429466,19.823425377],[-99.347769874,19.823774704],[-99.347890199,19.823898181],[-99.34798515,19.82409725],[-99.34796657,19.824509831],[-99.34792906,19.824813591],[-99.34785295,19.825179621],[-99.347770849,19.825405251],[-99.347619079,19.8257002],[-99.34730886,19.82620443],[-99.347134249,19.82644934],[-99.34692583,19.82662892],[-99.346843528,19.826731048],[-99.346734675,19.826819992],[-99.346566813,19.827413577],[-99.346521932,19.827683141],[-99.346525407,19.828079157],[-99.346583999,19.828548942],[-99.346661001,19.828805744],[-99.346747111,19.828950553],[-99.346824336,19.829012964],[-99.347062339,19.829144615],[-99.347273583,19.829211878],[-99.347584108,19.829243705],[-99.347290509,19.82946451],[-99.34695785,19.8295736],[-99.346602599,19.829698821],[-99.34635406,19.829743721],[-99.34598594,19.829843681],[-99.345839739,19.829875051],[-99.345646999,19.82987128],[-99.34546529,19.829902691],[-99.345323049,19.82995269],[-99.34517674,19.82999972],[-99.34489746,19.830071581],[-99.34456268,19.830105781],[-99.34444152,19.8301022],[-99.344586219,19.830567401],[-99.34463409,19.830801],[-99.34471937,19.83087794],[-99.34482266,19.83096458],[-99.34496737,19.831027201],[-99.345300999,19.831164151],[-99.345322979,19.83120834],[-99.34527051,19.83126808],[-99.34520189,19.83134837],[-99.345146279,19.83151494],[-99.345128689,19.831785021],[-99.34516103,19.83198586],[-99.34519317,19.832102141],[-99.34529478,19.83221772],[-99.34535145,19.83239857],[-99.34548711,19.832820721],[-99.345720319,19.83322558],[-99.34589532,19.833546451],[-99.34604308,19.833829781],[-99.346170849,19.83414915],[-99.346234579,19.834269111],[-99.34631823,19.834366741],[-99.34655314,19.83466185],[-99.34669022,19.834850251],[-99.34680821,19.834888097],[-99.347003543,19.834970705],[-99.347197959,19.835034172],[-99.347296746,19.835050427],[-99.34750629,19.835070261],[-99.347655626,19.835040879],[-99.347881844,19.834927646],[-99.348134186,19.834765861],[-99.348338985,19.834666482],[-99.348450634,19.834598569],[-99.348666169,19.83449503],[-99.34875177,19.83446408],[-99.3489058,19.83439409],[-99.349062089,19.83433342],[-99.34924518,19.834230971],[-99.349448849,19.834136581],[-99.349680289,19.83404194],[-99.34984805,19.83397842],[-99.3500132,19.83390832],[-99.35022395,19.83383852],[-99.350353659,19.83375154],[-99.350489749,19.833641141],[-99.350607279,19.83357152],[-99.35070342,19.83352358],[-99.35092017,19.833400291],[-99.3510242,19.83332605],[-99.35108235,19.833263541],[-99.35114634,19.833170911],[-99.351202739,19.83310429],[-99.351390619,19.833057681],[-99.35165998,19.83302514],[-99.351854049,19.833008851],[-99.352173939,19.83298074],[-99.352361909,19.83297603],[-99.352584149,19.83301308],[-99.352745629,19.833003581],[-99.352976949,19.832932861],[-99.35327634,19.832847491],[-99.353410139,19.83281442],[-99.35366392,19.832677461],[-99.3538196,19.832475521],[-99.35389915,19.832398581],[-99.354262569,19.83208026],[-99.354437649,19.83194282],[-99.35454923,19.831786251],[-99.354653979,19.83168288],[-99.35479402,19.831505941],[-99.3548242,19.83147303],[-99.354893429,19.831342661],[-99.354984319,19.831140031],[-99.355065949,19.83100271],[-99.35528612,19.830696681],[-99.35541126,19.83052803],[-99.355391219,19.830101261],[-99.35539374,19.8299962],[-99.355412889,19.829406061],[-99.355402879,19.829198481],[-99.355357219,19.829195971],[-99.355306579,19.82913145],[-99.355249939,19.829041651],[-99.355231819,19.828905431],[-99.35520511,19.82880668],[-99.355178049,19.828717831],[-99.35511669,19.82863188],[-99.355084979,19.828485921],[-99.35495157,19.828195521],[-99.35490954,19.82807991],[-99.354858419,19.82794242],[-99.354759689,19.827741821],[-99.35458032,19.827384231],[-99.35454137,19.827164601],[-99.35452852,19.82707263],[-99.35443758,19.826776181],[-99.35438252,19.82662086],[-99.35430382,19.82648394],[-99.354263199,19.826381771],[-99.354205879,19.826315111],[-99.354174709,19.82619045],[-99.3540506,19.82594651],[-99.354006399,19.82583425],[-99.353962289,19.825765781],[-99.353846879,19.825680621],[-99.35367763,19.825582801],[-99.35347178,19.825432651],[-99.35317865,19.825253921],[-99.35295825,19.82500314],[-99.35278734,19.824795051],[-99.352670909,19.824593551],[-99.35265371,19.824498],[-99.352669369,19.824345661],[-99.35264212,19.82428768],[-99.35252226,19.824103311],[-99.352452459,19.823380821],[-99.35243802,19.82305285],[-99.352434309,19.822941421],[-99.352607719,19.822843551],[-99.352825169,19.822748181],[-99.3530674,19.82280922],[-99.353896139,19.823158631],[-99.35420606,19.823344111],[-99.354108449,19.82383291],[-99.35419066,19.824027061],[-99.354316919,19.824158981],[-99.35445975,19.824229321],[-99.35456998,19.824283231],[-99.354616709,19.82428934],[-99.354675629,19.824298681],[-99.354823079,19.824314782],[-99.354952319,19.82430205],[-99.355103019,19.824283891],[-99.355184549,19.824239741],[-99.35524749,19.82419014],[-99.355310449,19.824148181],[-99.355377199,19.824083321],[-99.355463029,19.823980341],[-99.355512619,19.82391548],[-99.355537519,19.8238566],[-99.35554863,19.823771321],[-99.355568879,19.823530031],[-99.35557746,19.823488231],[-99.355588909,19.82340431],[-99.355623249,19.823339461],[-99.355657569,19.82324791],[-99.355783459,19.823190691],[-99.355951309,19.823171621],[-99.35615158,19.823190691],[-99.356911108,19.823354969],[-99.35694773,19.823366339],[-99.356970306,19.823371464],[-99.357137768,19.823409406],[-99.35719049,19.823421351],[-99.357289649,19.82346477],[-99.357394169,19.823493851],[-99.357514679,19.82351402],[-99.357562779,19.823522061],[-99.357706549,19.823535321],[-99.357759019,19.82354015],[-99.357781799,19.823550031],[-99.357896139,19.823599551],[-99.357970799,19.82373249],[-99.35798109,19.82383705],[-99.35808588,19.82395092],[-99.35811845,19.824118681],[-99.3580048,19.82459082],[-99.35788038,19.82469183],[-99.35776115,19.82475742],[-99.35715822,19.824813771],[-99.356999569,19.82488063],[-99.35684486,19.824913261],[-99.35664542,19.825020431],[-99.35655914,19.82509095],[-99.356466832,19.825320755],[-99.356390831,19.82561695],[-99.356328373,19.825887996],[-99.356473684,19.82613626],[-99.356612265,19.826393242],[-99.356629715,19.826621719],[-99.356555978,19.826881876],[-99.356559543,19.827077846],[-99.356728212,19.827415408],[-99.356832707,19.827771573],[-99.35689317,19.828550321],[-99.35686945,19.82943954],[-99.356819579,19.82960592],[-99.356669379,19.82979326],[-99.35672943,19.830108661],[-99.356961429,19.8304994],[-99.35701878,19.83070665],[-99.357060079,19.830935661],[-99.35710378,19.831112951],[-99.35716651,19.831343351],[-99.35728843,19.831679601],[-99.35727923,19.83201938],[-99.35717983,19.832534081],[-99.357097949,19.832807321],[-99.3570206,19.83295117],[-99.356914939,19.83308828],[-99.356793859,19.833269421],[-99.356592769,19.8334996],[-99.356348199,19.83369391],[-99.356164489,19.83378211],[-99.35596594,19.83374462],[-99.35564531,19.83366603],[-99.355475449,19.83378597],[-99.355302949,19.83400158],[-99.355150309,19.83413966],[-99.35505012,19.83425532],[-99.354781909,19.83476798],[-99.354665459,19.83494088],[-99.354398459,19.8351794],[-99.35400814,19.835392221],[-99.35363762,19.835498751],[-99.35340454,19.835592401],[-99.353233119,19.83569877],[-99.352939599,19.835977551],[-99.35272789,19.83615685],[-99.35232734,19.83651543],[-99.35217666,19.836660381],[-99.352097056,19.836726854],[-99.351980219,19.836824421],[-99.351879986,19.836918598],[-99.351821889,19.836973181],[-99.351663579,19.83710671],[-99.351509089,19.83726311],[-99.351318349,19.83744622],[-99.35118675,19.837556851],[-99.350988379,19.837675091],[-99.350795739,19.83781243],[-99.350595479,19.83799552],[-99.350486749,19.83810997],[-99.350355149,19.8382206],[-99.35023689,19.83829689],[-99.350061419,19.838396081],[-99.349777219,19.83848763],[-99.349430079,19.838563921],[-99.3490982,19.838651661],[-99.348632819,19.838800431],[-99.348484049,19.838853831],[-99.348358149,19.838911061],[-99.348224649,19.838979721],[-99.348119739,19.839067461],[-99.34802055,19.839216231],[-99.347955709,19.839326861],[-99.347927089,19.839525231],[-99.347915649,19.839742661],[-99.347892749,19.839982981],[-99.347869879,19.84036828],[-99.347862249,19.840616231],[-99.347852709,19.840833661],[-99.3478508,19.8410244],[-99.34784698,19.841161721],[-99.347843169,19.84136391],[-99.347833629,19.841569911],[-99.347814549,19.841840741],[-99.34781074,19.842008581],[-99.347812649,19.84216882],[-99.34782409,19.84235954],[-99.34783172,19.842527381],[-99.347860339,19.84269142],[-99.347896569,19.842794421],[-99.34794235,19.842874521],[-99.348037719,19.842985151],[-99.3481884,19.84311105],[-99.34830285,19.843198781],[-99.348417279,19.84330177],[-99.34852409,19.84340095],[-99.348659509,19.843511581],[-99.348812109,19.84366417],[-99.348894119,19.84379769],[-99.348945619,19.84392738],[-99.34899712,19.84407615],[-99.349042889,19.844224921],[-99.349113459,19.84435845],[-99.349134449,19.84451485],[-99.349117279,19.844709401],[-99.349079139,19.84492683],[-99.34902,19.845106121],[-99.348981859,19.84525871],[-99.348922719,19.845502861],[-99.348882679,19.845724111],[-99.34873569,19.846284551],[-99.348718509,19.846345751],[-99.348544831,19.846353465],[-99.348543168,19.846353539],[-99.348542673,19.846351833],[-99.348453522,19.846044539],[-99.348453583,19.846043985],[-99.348512646,19.845514293],[-99.348512602,19.845514092],[-99.348443981,19.845197679],[-99.348335261,19.84485817],[-99.348114015,19.844499585],[-99.347826,19.844160079]]]]},"properties":{"locality":"San Ignacio Nopala","municipality":null,"official_key":"130630010","CVE_ENT":"13","CVE_MUN":"063","CVE_LOC":"0010","ambito":"RURAL","geometry_kind":"locality","source":"INEGI Gaia — Servicio vectorial del Marco Geoestadístico"}},{"type":"Feature","geometry":{"type":"MultiPolygon","crs":{"type":"name","properties":{"name":"EPSG:6365"}},"coordinates":[[[[-99.369864251,20.002031381],[-99.369859679,20.002031121],[-99.36974125,20.002051062],[-99.36963223,20.002136922],[-99.36957263,20.002201261],[-99.36948617,20.00223648],[-99.369419832,20.002239119],[-99.36938315,20.00224058],[-99.369295392,20.002205856],[-99.36928823,20.002203021],[-99.36918838,20.002136771],[-99.36912066,20.002017831],[-99.369053049,20.001937662],[-99.36875094,20.001751781],[-99.368676373,20.001734585],[-99.36855555,20.001706721],[-99.368485148,20.001698332],[-99.368399459,20.001688122],[-99.368278341,20.001612414],[-99.36815703,20.00153658],[-99.368088369,20.00146063],[-99.368066088,20.001391351],[-99.368043739,20.001321861],[-99.36803715,20.00117954],[-99.36797849,20.001073121],[-99.367906459,20.00095202],[-99.36782154,20.00080477],[-99.36773112,20.000684511],[-99.36749652,20.000391711],[-99.36736275,20.00023649],[-99.367216569,20.000172111],[-99.36710212,20.00015975],[-99.367125579,20.00004354],[-99.367060138,19.999827724],[-99.367163615,19.999374801],[-99.367445492,19.998673077],[-99.366598748,19.998196506],[-99.365843198,19.998042555],[-99.365967171,19.997759049],[-99.365972174,19.997747608],[-99.365946946,19.997746544],[-99.365194563,19.99771479],[-99.365306317,19.997451142],[-99.364664819,19.997238663],[-99.364713952,19.997210636],[-99.365239929,19.996910619],[-99.365812982,19.996696254],[-99.365820402,19.996693478],[-99.364910322,19.996089218],[-99.3647998,19.99601397],[-99.36467294,19.995956319],[-99.364369464,19.995902727],[-99.364384159,19.995855028],[-99.364682491,19.994886664],[-99.36463444,19.99482987],[-99.364427589,19.994585381],[-99.364376533,19.993689247],[-99.364464858,19.992733796],[-99.365766335,19.992823742],[-99.367593523,19.992948976],[-99.368130489,19.993083673],[-99.368257367,19.9931155],[-99.368340468,19.992517154],[-99.368340738,19.99251521],[-99.368686585,19.992561802],[-99.369253492,19.992641203],[-99.371175154,19.993000771],[-99.371446937,19.993038494],[-99.37136283,19.992744939],[-99.371203768,19.992571849],[-99.371062137,19.992547803],[-99.370790615,19.992415956],[-99.370811585,19.992250802],[-99.370817,19.992102157],[-99.370887153,19.991887463],[-99.370910308,19.991609588],[-99.371022799,19.991565957],[-99.371080708,19.991197525],[-99.371178318,19.991156118],[-99.371264401,19.991148311],[-99.371518507,19.99126028],[-99.371778461,19.991202417],[-99.371815522,19.991123894],[-99.371913515,19.991075162],[-99.372247541,19.991127255],[-99.372507897,19.991271768],[-99.372642373,19.99141964],[-99.372696746,19.991513739],[-99.372805494,19.991500288],[-99.372980074,19.991554048],[-99.373050283,19.99168173],[-99.373126329,19.991634625],[-99.373364252,19.991661401],[-99.37356115,19.991775447],[-99.373675995,19.991701071],[-99.373927142,19.991673306],[-99.374021741,19.991879916],[-99.374168022,19.992071326],[-99.37422455,19.992292829],[-99.37438052,19.992473693],[-99.374563716,19.992351468],[-99.374887194,19.992389328],[-99.374997708,19.992525539],[-99.375197275,19.992616479],[-99.37561787,19.992596715],[-99.376115736,19.992799162],[-99.376338993,19.992619282],[-99.376592387,19.992763637],[-99.376863139,19.992870867],[-99.37708278,19.992823187],[-99.377243113,19.99292947],[-99.377370657,19.993162202],[-99.377647206,19.993204212],[-99.377765123,19.993285155],[-99.378017368,19.993363878],[-99.378670569,19.99344234],[-99.379015308,19.993462695],[-99.379359292,19.993521418],[-99.379522505,19.993629712],[-99.379559738,19.993654417],[-99.379709446,19.99378654],[-99.379741648,19.993798555],[-99.380208322,19.99397268],[-99.380693723,19.994067433],[-99.380713605,19.99410263],[-99.380836046,19.994319371],[-99.380911014,19.994642125],[-99.381039052,19.994754688],[-99.381055753,19.994769371],[-99.38140683,19.99498654],[-99.381414696,19.995011675],[-99.3814642,19.995169849],[-99.381368845,19.995902295],[-99.381508176,19.996113425],[-99.381679508,19.996373048],[-99.381686926,19.996825464],[-99.379966148,19.996885003],[-99.380126629,19.997103205],[-99.380165017,19.997199833],[-99.380205826,19.997302555],[-99.380317915,19.997448272],[-99.380322172,19.99780778],[-99.380294264,19.998320504],[-99.380563416,19.998379105],[-99.380494241,19.998958483],[-99.379937731,19.998811667],[-99.379268861,19.998652848],[-99.378804899,19.998573311],[-99.378314754,19.999398481],[-99.378306775,19.999459957],[-99.37829686,19.999536352],[-99.378024165,20.000330494],[-99.377779115,20.001590939],[-99.377238166,20.002100178],[-99.377125206,20.002031265],[-99.376748359,20.001801362],[-99.376636268,20.001732979],[-99.376361001,20.001565046],[-99.375839178,20.001246693],[-99.374561531,19.999929635],[-99.374483104,19.999848786],[-99.374455808,19.999866596],[-99.374023568,20.000148617],[-99.373834754,20.000200526],[-99.373257707,20.00025051],[-99.372923261,20.000352679],[-99.372803261,20.000520925],[-99.372656722,20.000487202],[-99.372537307,20.000494725],[-99.372252308,20.000926402],[-99.372029461,20.001020617],[-99.372004662,20.001133216],[-99.371760769,20.00127774],[-99.371496646,20.001353633],[-99.371243507,20.001515865],[-99.37117723,20.00163734],[-99.371086722,20.001748249],[-99.371022429,20.00194254],[-99.370951649,20.00210711],[-99.370894049,20.002153942],[-99.370819939,20.002183281],[-99.370756169,20.002226232],[-99.370711,20.00229638],[-99.37069262,20.00236452],[-99.370707399,20.002518251],[-99.370694259,20.002590381],[-99.3706284,20.002625551],[-99.37051305,20.002641351],[-99.370407909,20.00262017],[-99.37035727,20.002596393],[-99.37030477,20.002571742],[-99.370215139,20.00248186],[-99.37014072,20.00237888],[-99.370064059,20.002200002],[-99.369987539,20.00208145],[-99.369925619,20.002034881],[-99.369864251,20.002031381]]]]},"properties":{"locality":"San Ildefonso","municipality":null,"official_key":"130630011","CVE_ENT":"13","CVE_MUN":"063","CVE_LOC":"0011","ambito":"URBANO","geometry_kind":"locality","source":"INEGI Gaia — Servicio vectorial del Marco Geoestadístico"}},{"type":"Feature","geometry":{"type":"MultiPolygon","crs":{"type":"name","properties":{"name":"EPSG:6365"}},"coordinates":[[[[-99.358938138,19.805823245],[-99.358682145,19.805695019],[-99.358809737,19.805389274],[-99.359325768,19.804812551],[-99.359587936,19.804545129],[-99.359718897,19.804456747],[-99.359803812,19.80439059],[-99.359871867,19.804331333],[-99.359991489,19.804278732],[-99.360042217,19.804232715],[-99.360045941,19.804227967],[-99.360070729,19.804068817],[-99.360100006,19.804023936],[-99.360121892,19.804054335],[-99.360163588,19.804113426],[-99.360254492,19.804195361],[-99.360405208,19.804263945],[-99.360525074,19.804290019],[-99.360584754,19.804348623],[-99.360620508,19.804505736],[-99.360631447,19.804561005],[-99.360698703,19.80450404],[-99.360821616,19.804438543],[-99.360970985,19.804341847],[-99.36113878,19.804157685],[-99.361208372,19.804019303],[-99.361215093,19.803780105],[-99.361197127,19.803713107],[-99.361181232,19.803525565],[-99.361195397,19.803447173],[-99.361225753,19.803392175],[-99.36124342,19.803378545],[-99.361438486,19.803121104],[-99.361495057,19.802981177],[-99.361487363,19.802888101],[-99.361432637,19.802770221],[-99.361393412,19.802343803],[-99.361412953,19.801990364],[-99.361492114,19.801503047],[-99.361567215,19.800898733],[-99.361825011,19.801039585],[-99.361906573,19.801276058],[-99.362000262,19.801671044],[-99.362140294,19.802028461],[-99.362451972,19.802681483],[-99.362535436,19.803081089],[-99.362590271,19.803389052],[-99.362451178,19.803765595],[-99.362344907,19.804017987],[-99.362347551,19.804142756],[-99.362429058,19.804643064],[-99.362509879,19.804917902],[-99.362504381,19.805200831],[-99.362387975,19.805453047],[-99.362113581,19.805680823],[-99.361979507,19.805868073],[-99.361572868,19.805928152],[-99.361128398,19.805848456],[-99.361009161,19.805985492],[-99.361007793,19.806468359],[-99.361078162,19.806813645],[-99.361163836,19.807186957],[-99.361279557,19.807421618],[-99.361508303,19.807765425],[-99.36159222,19.807979581],[-99.361702909,19.808138225],[-99.361825145,19.808268173],[-99.361823163,19.808442519],[-99.361637037,19.808689741],[-99.361501643,19.808827545],[-99.361480383,19.808840598],[-99.361320644,19.808881012],[-99.360772516,19.808996668],[-99.360160677,19.809026305],[-99.360100747,19.809007831],[-99.360114394,19.808984549],[-99.360187145,19.808369092],[-99.360258606,19.80805661],[-99.360367975,19.807671395],[-99.360547617,19.807190982],[-99.360592155,19.806777295],[-99.360567501,19.80654272],[-99.360198158,19.806433352],[-99.360060145,19.806389357],[-99.359794286,19.806301875],[-99.359723123,19.806270511],[-99.359553827,19.806181742],[-99.359143215,19.805989439],[-99.358938138,19.805823245]]],[[[-99.35765228,19.81597212],[-99.357733199,19.81576983],[-99.35778058,19.81556129],[-99.357822549,19.81545642],[-99.35792971,19.815169221],[-99.35805048,19.814883021],[-99.35809326,19.814694311],[-99.35810965,19.814590541],[-99.358109521,19.814588728],[-99.358102919,19.814495711],[-99.3580932,19.814285801],[-99.358093316,19.814284045],[-99.35811551,19.81394778],[-99.358152019,19.81382154],[-99.358216139,19.813635521],[-99.35829398,19.81348397],[-99.35837006,19.81335843],[-99.35845572,19.81324886],[-99.35851189,19.81316677],[-99.358569319,19.81306797],[-99.35863585,19.812903081],[-99.35874343,19.81270842],[-99.358873779,19.812539451],[-99.358927879,19.81243766],[-99.358953259,19.81235618],[-99.35897355,19.81225715],[-99.35899662,19.81202369],[-99.35902077,19.81181306],[-99.35905394,19.811557201],[-99.359053741,19.811556196],[-99.35902642,19.811418751],[-99.358903043,19.81130027],[-99.359429918,19.811313893],[-99.359534009,19.811392864],[-99.359645859,19.811530294],[-99.359677258,19.811693323],[-99.359668227,19.811817293],[-99.359649368,19.811989403],[-99.359636578,19.812265153],[-99.359526278,19.812412143],[-99.359371428,19.812520233],[-99.359244978,19.812608383],[-99.359124078,19.812671144],[-99.359077318,19.812695833],[-99.358985058,19.812782383],[-99.358930368,19.812892523],[-99.358928259,19.812988724],[-99.358929798,19.813101084],[-99.358906259,19.813377574],[-99.358883538,19.813672743],[-99.358875169,19.813799783],[-99.358873478,19.814015053],[-99.358873998,19.814148463],[-99.358841077,19.814480184],[-99.358830338,19.814587943],[-99.358769397,19.814924484],[-99.358727208,19.815155924],[-99.358675997,19.815412224],[-99.358733637,19.815629233],[-99.358822978,19.815778753],[-99.358926777,19.815902524],[-99.359083278,19.815959944],[-99.359307428,19.815982663],[-99.359494409,19.815879984],[-99.359641228,19.815804173],[-99.359661237,19.815798283],[-99.359892858,19.815805053],[-99.360013008,19.815896064],[-99.360092567,19.815987174],[-99.360090007,19.816249853],[-99.360054228,19.816373863],[-99.359971258,19.816562204],[-99.359820717,19.816672923],[-99.359467169,19.816706784],[-99.358982368,19.816733543],[-99.358581997,19.816754743],[-99.358279139,19.816986284],[-99.358057237,19.817155063],[-99.357881319,19.817352313],[-99.357659308,19.817552513],[-99.357570058,19.817630054],[-99.357407967,19.817863254],[-99.357315509,19.818046694],[-99.357210889,19.818231714],[-99.357135238,19.818315723],[-99.356981195,19.818579171],[-99.357116734,19.81879334],[-99.357280631,19.818973704],[-99.357507161,19.81932643],[-99.357591987,19.819443893],[-99.357794368,19.819633537],[-99.357955415,19.819882894],[-99.358019696,19.820162607],[-99.357998524,19.82043531],[-99.357951759,19.820655463],[-99.357854685,19.820879884],[-99.357789582,19.821096354],[-99.357700555,19.821455814],[-99.357645776,19.821713512],[-99.357617363,19.821974784],[-99.35763949,19.822101381],[-99.357648016,19.822280218],[-99.357768609,19.822439834],[-99.357917517,19.82261427],[-99.358007413,19.822760947],[-99.358064809,19.822950883],[-99.358060797,19.823119353],[-99.358000139,19.823318173],[-99.357970939,19.823367384],[-99.357937048,19.823424533],[-99.357925013,19.82343924],[-99.357920325,19.823444969],[-99.357777625,19.823529171],[-99.357759019,19.82354015],[-99.357706549,19.823535321],[-99.357562779,19.823522061],[-99.357514679,19.82351402],[-99.357394169,19.823493851],[-99.357289649,19.82346477],[-99.35719049,19.823421351],[-99.357137768,19.823409406],[-99.356970306,19.823371464],[-99.35694773,19.823366339],[-99.356959836,19.823315712],[-99.356982678,19.823226341],[-99.357034679,19.823022851],[-99.357067108,19.82294274],[-99.357179666,19.822639033],[-99.357187279,19.822618492],[-99.357215878,19.82252694],[-99.357215408,19.822525636],[-99.357173259,19.822408651],[-99.357122419,19.822267541],[-99.35700226,19.82207298],[-99.35697711,19.82199992],[-99.35697258,19.82184908],[-99.356972689,19.821847787],[-99.357001259,19.821510691],[-99.357029709,19.821069511],[-99.357029595,19.821069188],[-99.356989679,19.820956221],[-99.356984619,19.82082688],[-99.356977019,19.820682351],[-99.356915889,19.82046222],[-99.356847619,19.820304031],[-99.35672335,19.81993258],[-99.356669309,19.81975512],[-99.35664975,19.819570341],[-99.35664414,19.819340291],[-99.356644251,19.819339455],[-99.356672569,19.819126351],[-99.35670329,19.8189818],[-99.35673989,19.81888892],[-99.356760379,19.81877554],[-99.35677658,19.818647981],[-99.356876999,19.81831222],[-99.356978259,19.81796403],[-99.357117419,19.817569741],[-99.357275379,19.81712886],[-99.35730675,19.81703922],[-99.35737378,19.8168062],[-99.35747803,19.816440771],[-99.35765228,19.81597212]]]]},"properties":{"locality":"San José Piedra Gorda","municipality":null,"official_key":"130630012","CVE_ENT":"13","CVE_MUN":"063","CVE_LOC":"0012","ambito":"RURAL","geometry_kind":"locality","source":"INEGI Gaia — Servicio vectorial del Marco Geoestadístico"}},{"type":"Feature","geometry":{"type":"MultiPolygon","crs":{"type":"name","properties":{"name":"EPSG:6365"}},"coordinates":[[[[-99.339362492,19.855999509],[-99.339278399,19.856322509],[-99.339298168,19.856471355],[-99.339344322,19.856544863],[-99.339395861,19.856631986],[-99.339436979,19.85667344],[-99.339488824,19.856707328],[-99.339554992,19.856696049],[-99.339684607,19.856652064],[-99.339770763,19.856635475],[-99.339907811,19.856624774],[-99.339996051,19.856607908],[-99.340084291,19.856575904],[-99.340158756,19.856540825],[-99.340199339,19.856516349],[-99.34023523,19.85649061],[-99.340269184,19.856475927],[-99.340300457,19.856462505],[-99.340343463,19.856452553],[-99.340386471,19.856452692],[-99.340442981,19.856464323],[-99.340479952,19.856481174],[-99.340544708,19.856515458],[-99.340605918,19.856537015],[-99.340646341,19.856556679],[-99.340635452,19.856728896],[-99.340620536,19.856788851],[-99.340607044,19.856817566],[-99.340582824,19.856845022],[-99.340516787,19.856877896],[-99.340445384,19.856903202],[-99.340218783,19.856969111],[-99.339990887,19.857075699],[-99.339722849,19.857213196],[-99.339535461,19.857316641],[-99.339343451,19.857458924],[-99.3392145,19.857569079],[-99.339090914,19.857691846],[-99.338975571,19.857813387],[-99.338860227,19.857927361],[-99.338798529,19.857985835],[-99.338751586,19.858032731],[-99.338738843,19.85797293],[-99.338735154,19.857902666],[-99.338797682,19.85766067],[-99.33883163,19.857516967],[-99.338883471,19.857356821],[-99.338917439,19.857271703],[-99.338824453,19.85725437],[-99.338528514,19.857238135],[-99.338221846,19.857176492],[-99.3379884,19.857032892],[-99.337833169,19.856879832],[-99.337755338,19.856797062],[-99.337609768,19.85662797],[-99.337455492,19.856366923],[-99.337401723,19.856206815],[-99.337015738,19.856166893],[-99.336850354,19.856267739],[-99.336806276,19.856292954],[-99.336725738,19.856336032],[-99.336530076,19.856399524],[-99.336424907,19.856437632],[-99.336365614,19.8564834],[-99.336326477,19.856515124],[-99.336259461,19.856558631],[-99.336215877,19.856583401],[-99.336144892,19.856574401],[-99.336085953,19.856559001],[-99.336034337,19.856581924],[-99.336014415,19.856595863],[-99.3359788,19.856647523],[-99.335968153,19.856735938],[-99.335914138,19.856808985],[-99.335890092,19.856820415],[-99.335669969,19.856868447],[-99.335505354,19.856900832],[-99.335378292,19.856941015],[-99.335249723,19.856942292],[-99.335196122,19.857022324],[-99.335109938,19.857148739],[-99.335063553,19.857206769],[-99.334953614,19.857293124],[-99.334829614,19.857315354],[-99.334703708,19.857332616],[-99.334646445,19.857198046],[-99.334513031,19.856845046],[-99.334419569,19.856595801],[-99.33434423,19.856395692],[-99.334288908,19.8562184],[-99.334212492,19.855986986],[-99.334184754,19.855863877],[-99.334173569,19.85576397],[-99.334196092,19.855594524],[-99.33431523,19.855312231],[-99.334525508,19.854877231],[-99.334602277,19.8547468],[-99.334672445,19.854509738],[-99.334700845,19.854386308],[-99.334713923,19.854216309],[-99.334704215,19.854063724],[-99.334677199,19.853808523],[-99.334568492,19.853389063],[-99.334525969,19.853231724],[-99.334469846,19.853038647],[-99.334378568,19.852664754],[-99.334279954,19.852338985],[-99.334170122,19.851945277],[-99.334027723,19.851450755],[-99.333981599,19.851298615],[-99.333977814,19.851269354],[-99.333854922,19.850780139],[-99.333832691,19.850686431],[-99.333647692,19.850064878],[-99.333466077,19.849497677],[-99.333402154,19.849299769],[-99.333337876,19.849003863],[-99.333311384,19.848933954],[-99.333220261,19.848591293],[-99.333069431,19.848011339],[-99.332920831,19.847561323],[-99.332834307,19.847257138],[-99.332797581,19.847141377],[-99.332804768,19.847139499],[-99.332859954,19.847125076],[-99.333427276,19.846976798],[-99.333454767,19.846968061],[-99.333624592,19.84691409],[-99.333625552,19.846914021],[-99.333885081,19.846895339],[-99.334110692,19.846952584],[-99.334112188,19.846952152],[-99.334187856,19.846930351],[-99.334204667,19.846925508],[-99.334362657,19.846879988],[-99.334362819,19.846878824],[-99.334370017,19.846826856],[-99.334385294,19.846716567],[-99.334379608,19.846650743],[-99.334368562,19.846557041],[-99.334306196,19.846027985],[-99.333459058,19.846064216],[-99.333458646,19.846064231],[-99.333455498,19.846064319],[-99.333454158,19.846064355],[-99.333451745,19.846064422],[-99.333359046,19.845337523],[-99.333473892,19.845325954],[-99.333454722,19.845188293],[-99.333325984,19.844304509],[-99.333740492,19.844258077],[-99.334070322,19.844229247],[-99.334132154,19.843357015],[-99.334186169,19.843324109],[-99.334176414,19.842404555],[-99.3341752,19.842303015],[-99.334090108,19.842282338],[-99.333951476,19.842243031],[-99.333758045,19.842258231],[-99.333534937,19.842254015],[-99.333454494,19.842216182],[-99.333373764,19.842178203],[-99.333320917,19.84215334],[-99.33309887,19.841993001],[-99.333033476,19.841898431],[-99.332998815,19.841792678],[-99.333026523,19.841662385],[-99.333017661,19.841536247],[-99.332909292,19.841354446],[-99.332844816,19.841234753],[-99.333045014,19.841154046],[-99.333279877,19.841081832],[-99.334091861,19.840894124],[-99.334768446,19.840743446],[-99.335314138,19.840636446],[-99.335386276,19.840629985],[-99.335852492,19.840526831],[-99.336175431,19.840461016],[-99.336411708,19.840988016],[-99.336539892,19.841165138],[-99.336672953,19.841384739],[-99.336784123,19.841610139],[-99.336876507,19.841832247],[-99.336932245,19.842003786],[-99.336974169,19.842168846],[-99.336985322,19.842208031],[-99.336978569,19.842289093],[-99.336960892,19.842423769],[-99.336922585,19.842613892],[-99.336914445,19.842692355],[-99.336898169,19.842834863],[-99.336859814,19.843007924],[-99.336759584,19.843364292],[-99.336733523,19.843458462],[-99.336640307,19.843866909],[-99.336612322,19.844110924],[-99.336575522,19.84436],[-99.336577431,19.844463416],[-99.336580861,19.844670863],[-99.336600662,19.844799769],[-99.3366318,19.845038138],[-99.336683076,19.845157077],[-99.336763968,19.845269786],[-99.336870785,19.845378969],[-99.336925537,19.845456431],[-99.336967676,19.845545354],[-99.337017999,19.845717155],[-99.3370374,19.845779309],[-99.337061553,19.845937277],[-99.337140277,19.846171955],[-99.337181614,19.846367369],[-99.337204476,19.846458478],[-99.33727763,19.846702724],[-99.337357999,19.846952801],[-99.337338108,19.847070216],[-99.337278769,19.847169447],[-99.337216568,19.847328246],[-99.337190876,19.847500093],[-99.337186907,19.847594723],[-99.337193614,19.847808585],[-99.33721903,19.84795057],[-99.337256354,19.848096555],[-99.337303385,19.848260924],[-99.337432292,19.848643169],[-99.337531353,19.848912415],[-99.337586907,19.849112678],[-99.337634737,19.849225615],[-99.337719708,19.849291755],[-99.33785443,19.849476569],[-99.337974876,19.849594263],[-99.338003969,19.849656446],[-99.337986168,19.849722369],[-99.337902046,19.849827801],[-99.337868554,19.849926447],[-99.337854353,19.850001847],[-99.33783743,19.850171046],[-99.337819308,19.850339339],[-99.337809877,19.850472092],[-99.337810322,19.8506756],[-99.337799831,19.850773077],[-99.337769968,19.850907386],[-99.337773538,19.851136986],[-99.337777369,19.851218015],[-99.337800462,19.851549015],[-99.337838168,19.851652277],[-99.33787443,19.851800186],[-99.337977768,19.852113478],[-99.338128385,19.852548108],[-99.338231661,19.852824355],[-99.338303276,19.853035077],[-99.338451077,19.853517063],[-99.338567337,19.853823108],[-99.33871483,19.854322877],[-99.338792708,19.854688615],[-99.338850354,19.854940785],[-99.338941277,19.854984278],[-99.339255708,19.854943278],[-99.339319661,19.855613062],[-99.339336614,19.855772401],[-99.339362492,19.855999509]]]]},"properties":{"locality":"San Mateo Buenavista","municipality":null,"official_key":"130630013","CVE_ENT":"13","CVE_MUN":"063","CVE_LOC":"0013","ambito":"RURAL","geometry_kind":"locality","source":"INEGI Gaia — Servicio vectorial del Marco Geoestadístico"}},{"type":"Feature","geometry":{"type":"MultiPolygon","crs":{"type":"name","properties":{"name":"EPSG:6365"}},"coordinates":[[[[-99.387915625,19.937876815],[-99.388075157,19.937737959],[-99.388430684,19.93757804],[-99.388478459,19.937554919],[-99.388822288,19.937997526],[-99.389428199,19.938855741],[-99.389425712,19.93886714],[-99.389428404,19.938935724],[-99.389470798,19.93899472],[-99.38937051,19.93962546],[-99.38980888,19.939566771],[-99.390447909,19.939490151],[-99.39066174,19.93933449],[-99.390783149,19.93932595],[-99.390977149,19.939331341],[-99.39128942,19.939326711],[-99.391849857,19.939227579],[-99.391854514,19.938566109],[-99.392395611,19.938540037],[-99.392946768,19.938513337],[-99.392868947,19.939212807],[-99.393581911,19.939211229],[-99.393612472,19.939471019],[-99.393690534,19.939796074],[-99.393820302,19.939943006],[-99.393908603,19.94014472],[-99.393968054,19.940326762],[-99.394015549,19.940489609],[-99.394060065,19.940707576],[-99.394023968,19.940833374],[-99.393981979,19.94098771],[-99.39392032,19.941146861],[-99.3937152,19.941485861],[-99.39359822,19.941689741],[-99.39351023,19.941856781],[-99.393485949,19.941978261],[-99.39346277,19.942451451],[-99.39327209,19.942549751],[-99.393028979,19.942641111],[-99.39295911,19.94264618],[-99.393169549,19.94318369],[-99.392394414,19.943572264],[-99.392406841,19.943782026],[-99.392407111,19.943920069],[-99.392394421,19.944073209],[-99.392372786,19.944234925],[-99.392294263,19.944479647],[-99.392154979,19.944472371],[-99.391941689,19.94441863],[-99.391718346,19.94431761],[-99.391533617,19.944262603],[-99.391268422,19.944081529],[-99.391530571,19.944452933],[-99.391852531,19.944910696],[-99.39205517,19.945083805],[-99.392225677,19.945172585],[-99.392354509,19.94530811],[-99.39238175,19.945567081],[-99.392406338,19.945676644],[-99.39242009,19.945737921],[-99.39292006,19.94582678],[-99.39373694,19.946033311],[-99.394219229,19.946195291],[-99.39488038,19.94650309],[-99.3954352,19.94681208],[-99.39625078,19.947221801],[-99.395988459,19.947488781],[-99.395748139,19.94771003],[-99.395534509,19.947889321],[-99.395299909,19.948099141],[-99.39488792,19.948381431],[-99.39461326,19.94855309],[-99.394332889,19.948633201],[-99.39403343,19.94875526],[-99.393692019,19.94866752],[-99.393041619,19.94830132],[-99.39246558,19.948068621],[-99.392114629,19.947973251],[-99.391626349,19.947965621],[-99.391258249,19.947942741],[-99.390754689,19.948034291],[-99.390270519,19.94820089],[-99.3895092,19.94830514],[-99.389131219,19.948488511],[-99.388875969,19.948530201],[-99.38835715,19.94865226],[-99.38762092,19.94865226],[-99.387084949,19.94860268],[-99.386693949,19.94849205],[-99.38601112,19.94828225],[-99.38573646,19.948316571],[-99.385520279,19.948356171],[-99.38511806,19.94855277],[-99.384844079,19.94874652],[-99.384375419,19.94903018],[-99.38415952,19.948869891],[-99.38386326,19.948699091],[-99.383716199,19.94854345],[-99.383763739,19.948302911],[-99.383944659,19.9481176],[-99.384193919,19.94788962],[-99.38421197,19.947766111],[-99.38412923,19.947673141],[-99.383979719,19.947603601],[-99.383816819,19.94753031],[-99.3835318,19.947348511],[-99.383313539,19.947128031],[-99.383205249,19.946945751],[-99.383133659,19.946722781],[-99.38314248,19.94657763],[-99.383197079,19.946410721],[-99.383353139,19.94607417],[-99.383571779,19.945625231],[-99.38359409,19.945294971],[-99.383683059,19.945071],[-99.38395272,19.94461351],[-99.384136119,19.944183121],[-99.38419571,19.944024],[-99.38430748,19.94378449],[-99.38459011,19.94362528],[-99.38474798,19.943509581],[-99.384770549,19.943465051],[-99.38477417,19.943309581],[-99.38473898,19.943026181],[-99.38467991,19.94285715],[-99.384509769,19.94280585],[-99.38449515,19.94259674],[-99.384537659,19.942494201],[-99.38458275,19.94225894],[-99.38459145,19.94216331],[-99.384641649,19.94197208],[-99.38493218,19.94161618],[-99.384934799,19.94153369],[-99.384836049,19.94144475],[-99.384677979,19.94137412],[-99.384501799,19.94128535],[-99.38437895,19.94121615],[-99.38426752,19.94112991],[-99.38421805,19.941039541],[-99.384212059,19.940902221],[-99.384192599,19.940681461],[-99.38416571,19.940560981],[-99.384169619,19.94039452],[-99.384186799,19.94018331],[-99.38416552,19.940070431],[-99.38409898,19.939826111],[-99.38405652,19.93955691],[-99.384134599,19.939416121],[-99.3843786,19.93928518],[-99.384561089,19.939252351],[-99.38473566,19.9390682],[-99.384803399,19.938992801],[-99.384478317,19.938655371],[-99.384269589,19.938310746],[-99.384060452,19.937800375],[-99.383907486,19.937208792],[-99.383824781,19.936812833],[-99.383823902,19.936549577],[-99.383859291,19.936166198],[-99.383949217,19.935777565],[-99.385406114,19.937692099],[-99.385467664,19.937660231],[-99.385604519,19.937589371],[-99.385811369,19.937535121],[-99.386013289,19.93758686],[-99.386174519,19.93759957],[-99.38635486,19.937591861],[-99.386586849,19.93753766],[-99.387492444,19.938194017],[-99.387518633,19.938168036],[-99.387915625,19.937876815]]]]},"properties":{"locality":"Santa Ana Atzcapotzaltongo","municipality":null,"official_key":"130630014","CVE_ENT":"13","CVE_MUN":"063","CVE_LOC":"0014","ambito":"RURAL","geometry_kind":"locality","source":"INEGI Gaia — Servicio vectorial del Marco Geoestadístico"}},{"type":"Feature","geometry":{"type":"MultiPolygon","crs":{"type":"name","properties":{"name":"EPSG:6365"}},"coordinates":[[[[-99.366060544,19.97571272],[-99.36502334,19.97620117],[-99.364995579,19.97596655],[-99.36498349,19.97592489],[-99.36511711,19.97585012],[-99.36551211,19.97564357],[-99.36584414,19.975474541],[-99.36683978,19.975017151],[-99.36743125,19.97473635],[-99.36791765,19.9744942],[-99.3686172,19.974119201],[-99.368897179,19.973957631],[-99.369195079,19.973772691],[-99.369640379,19.97359577],[-99.37002786,19.973443151],[-99.37010183,19.973476381],[-99.37008363,19.973392661],[-99.37002355,19.97323283],[-99.36991031,19.972977691],[-99.369788859,19.97265734],[-99.369727679,19.972416051],[-99.369833849,19.972170821],[-99.36979308,19.97209415],[-99.369787309,19.97194197],[-99.36977929,19.971399601],[-99.36980837,19.971261481],[-99.36995742,19.97104818],[-99.37016672,19.970783511],[-99.37037494,19.97054623],[-99.3704862,19.97036394],[-99.370548219,19.970142],[-99.370667479,19.96980062],[-99.371536199,19.96974623],[-99.37208695,19.969637281],[-99.372476769,19.969592721],[-99.372519599,19.96959209],[-99.37248282,19.96939906],[-99.372467719,19.969313711],[-99.37243382,19.96929826],[-99.372264339,19.969215481],[-99.37195278,19.9690946],[-99.371714629,19.969030491],[-99.371569289,19.96904575],[-99.371490149,19.96908203],[-99.371399289,19.969104941],[-99.37127846,19.96908735],[-99.371247969,19.968964351],[-99.37138512,19.968696541],[-99.371469549,19.96843355],[-99.371482379,19.968265881],[-99.371442229,19.9680372],[-99.371426909,19.967935571],[-99.37141474,19.96769371],[-99.37154042,19.96768754],[-99.37183009,19.96788112],[-99.37208775,19.96805497],[-99.37240526,19.968222741],[-99.372413203,19.968226552],[-99.37273643,19.968381681],[-99.37309648,19.968495821],[-99.37347317,19.96855512],[-99.373847949,19.96854389],[-99.37413252,19.96848162],[-99.3743288,19.9684008],[-99.37450917,19.968264201],[-99.374827542,19.967904898],[-99.374896369,19.96788145],[-99.375009539,19.96790123],[-99.375213742,19.96795646],[-99.376749011,19.968357101],[-99.377030622,19.968442499],[-99.377679793,19.968639381],[-99.379064513,19.969032299],[-99.380966143,19.969566369],[-99.381612732,19.969757089],[-99.381843949,19.96981009],[-99.38170423,19.969943511],[-99.381426549,19.970124261],[-99.38124495,19.970150081],[-99.38104551,19.970218321],[-99.380847149,19.97030457],[-99.38034914,19.97049266],[-99.379846,19.97067969],[-99.379413219,19.970819351],[-99.378542819,19.970948021],[-99.378103709,19.97099929],[-99.37804803,19.971067321],[-99.377965197,19.971312191],[-99.377820682,19.971597326],[-99.37770436,19.971785335],[-99.37758488,19.971913451],[-99.377533579,19.97211103],[-99.37748408,19.97233771],[-99.377466829,19.972498021],[-99.37745875,19.972747421],[-99.37749365,19.97293546],[-99.377549169,19.973219771],[-99.377559709,19.973362951],[-99.37756198,19.97344403],[-99.37759691,19.97350858],[-99.37765185,19.973597691],[-99.377756519,19.973740981],[-99.377814779,19.973783891],[-99.378234739,19.973912831],[-99.378336739,19.973958281],[-99.378478379,19.974034801],[-99.378588399,19.974158],[-99.37872666,19.97435402],[-99.378911079,19.97464837],[-99.378963689,19.97477049],[-99.37890377,19.975085481],[-99.37885711,19.97528391],[-99.378827859,19.975365921],[-99.37876112,19.975509781],[-99.378731509,19.975581551],[-99.378713779,19.975631251],[-99.37863214,19.97578926],[-99.378532829,19.975947171],[-99.378469909,19.9760694],[-99.37841106,19.976132911],[-99.37833175,19.97616434],[-99.378251,19.97614075],[-99.37819394,19.976064621],[-99.37812492,19.97597102],[-99.37805294,19.97592046],[-99.377775849,19.97572988],[-99.37766188,19.97602514],[-99.377711015,19.976117479],[-99.37776508,19.976359864],[-99.377862057,19.976551833],[-99.377911477,19.976720095],[-99.3779276,19.97700979],[-99.377942557,19.977493151],[-99.377899367,19.978063891],[-99.377822593,19.978579912],[-99.377829634,19.9788301],[-99.377825127,19.979099249],[-99.377755938,19.979370405],[-99.377496314,19.979780202],[-99.376695613,19.979873557],[-99.376140336,19.979969431],[-99.376201966,19.979702315],[-99.376293109,19.97930395],[-99.376940187,19.978981374],[-99.37691437,19.978286935],[-99.376844296,19.977927762],[-99.376231791,19.978150797],[-99.375886934,19.977730994],[-99.375781096,19.977546002],[-99.375715438,19.977576448],[-99.375267649,19.977217334],[-99.375232525,19.977249193],[-99.375033815,19.977099562],[-99.375159607,19.976907714],[-99.374903479,19.97680335],[-99.374652779,19.976669681],[-99.374436702,19.976517778],[-99.374264871,19.976513001],[-99.373971285,19.976431956],[-99.373585156,19.976320821],[-99.37332955,19.976244893],[-99.372897521,19.976232948],[-99.372842419,19.975521521],[-99.37279666,19.975522051],[-99.372686509,19.97551908],[-99.37238998,19.975509481],[-99.37226448,19.975506971],[-99.372089799,19.975524],[-99.37195218,19.975550251],[-99.37162689,19.975642651],[-99.371560049,19.975663371],[-99.371329819,19.97573797],[-99.370936509,19.975924251],[-99.37057734,19.976115881],[-99.370090619,19.976374431],[-99.36977722,19.97652215],[-99.369148369,19.97685552],[-99.368750849,19.97705506],[-99.368653079,19.976973551],[-99.36820075,19.977106401],[-99.367712169,19.97723738],[-99.367354429,19.977326601],[-99.36721677,19.977376491],[-99.36700165,19.97750712],[-99.366746575,19.977674054],[-99.366060544,19.97571272]]]]},"properties":{"locality":"Santa María Magdalena","municipality":null,"official_key":"130630015","CVE_ENT":"13","CVE_MUN":"063","CVE_LOC":"0015","ambito":"RURAL","geometry_kind":"locality","source":"INEGI Gaia — Servicio vectorial del Marco Geoestadístico"}},{"type":"Feature","geometry":{"type":"MultiPolygon","crs":{"type":"name","properties":{"name":"EPSG:6365"}},"coordinates":[[[[-99.351662954,19.864576369],[-99.351588968,19.864519416],[-99.351547846,19.864519493],[-99.351321814,19.864456708],[-99.351207077,19.864442477],[-99.351077508,19.864372231],[-99.350998676,19.864186062],[-99.350985984,19.864120862],[-99.350905491,19.863986324],[-99.350831077,19.863886769],[-99.350741737,19.863764047],[-99.350657046,19.863654169],[-99.350458446,19.863496108],[-99.350220999,19.863409616],[-99.350084676,19.863404909],[-99.349906999,19.863383801],[-99.349691337,19.863362646],[-99.349375876,19.863383446],[-99.349033045,19.863384124],[-99.348542291,19.863392323],[-99.348111691,19.863407447],[-99.3478856,19.863454662],[-99.347554338,19.863653323],[-99.347861938,19.862906909],[-99.348285046,19.862093955],[-99.348338215,19.861933663],[-99.348346446,19.861813215],[-99.348319661,19.861654924],[-99.348247045,19.861475863],[-99.348037938,19.861145016],[-99.346901769,19.859561816],[-99.346799,19.859412355],[-99.346680923,19.859301232],[-99.346304846,19.859001662],[-99.345090477,19.858001815],[-99.344777122,19.857734508],[-99.344452936,19.85740157],[-99.343790107,19.856620662],[-99.343687815,19.856508308],[-99.343573414,19.856469938],[-99.343420646,19.856427785],[-99.341371384,19.856389308],[-99.341228457,19.856373616],[-99.341157137,19.856365785],[-99.341003491,19.856386247],[-99.340793645,19.856434093],[-99.340593522,19.856455572],[-99.34057692,19.856457354],[-99.34032026,19.856406892],[-99.340091121,19.856235539],[-99.339949582,19.85606431],[-99.339839338,19.855819479],[-99.339808446,19.855589692],[-99.339857568,19.855298231],[-99.340005982,19.855006032],[-99.340446721,19.854435739],[-99.341254615,19.853618984],[-99.342326891,19.852711018],[-99.342740769,19.852387201],[-99.343016151,19.852079017],[-99.343154108,19.851815062],[-99.343193308,19.85161534],[-99.343159429,19.851425649],[-99.343041351,19.85110008],[-99.342986691,19.850815662],[-99.34303006,19.850093601],[-99.343109182,19.849216631],[-99.343261982,19.848009431],[-99.343299766,19.84758894],[-99.343360045,19.846918047],[-99.343416322,19.846721477],[-99.343535292,19.8465992],[-99.343660923,19.846522539],[-99.343883846,19.846395692],[-99.34427203,19.846211323],[-99.344569692,19.845937463],[-99.344903105,19.845499015],[-99.344934185,19.845432586],[-99.34508895,19.845289232],[-99.345394138,19.845151909],[-99.34595489,19.845022201],[-99.346511846,19.84490014],[-99.346918107,19.84469414],[-99.347341538,19.844236371],[-99.347553245,19.844022755],[-99.347826,19.844160079],[-99.348114015,19.844499585],[-99.348335261,19.84485817],[-99.348443981,19.845197679],[-99.348512602,19.845514092],[-99.348512646,19.845514293],[-99.348453583,19.846043985],[-99.348453522,19.846044539],[-99.348542673,19.846351833],[-99.348543168,19.846353539],[-99.348699182,19.846414654],[-99.348728185,19.846426015],[-99.348810862,19.846396631],[-99.348934446,19.846420877],[-99.349085538,19.846403878],[-99.34930023,19.846404154],[-99.349490876,19.846437555],[-99.34972403,19.846515724],[-99.349893214,19.8465436],[-99.349991753,19.846526463],[-99.350076138,19.846487724],[-99.350162153,19.846319478],[-99.35031283,19.846136463],[-99.350337478,19.846120267],[-99.350551737,19.845979477],[-99.350877876,19.845917169],[-99.351444138,19.845884262],[-99.351915292,19.845855462],[-99.352234107,19.845854832],[-99.352412631,19.845802892],[-99.352614014,19.845677123],[-99.3529374,19.845470724],[-99.353253369,19.845293924],[-99.353491153,19.845189231],[-99.353712508,19.845137892],[-99.354048522,19.845134985],[-99.354340923,19.845150338],[-99.354606599,19.845170724],[-99.354785461,19.845175338],[-99.354945015,19.845147601],[-99.355080214,19.845060523],[-99.355287999,19.844852693],[-99.355511246,19.844737724],[-99.355841292,19.844633031],[-99.356477369,19.844557277],[-99.357071677,19.844499215],[-99.357764014,19.844281308],[-99.358227323,19.844066462],[-99.358477722,19.843964462],[-99.358862323,19.843974938],[-99.359512385,19.844254046],[-99.359749291,19.844291646],[-99.360006338,19.844238724],[-99.360233615,19.844113232],[-99.360530276,19.843939109],[-99.360853,19.843630754],[-99.361253722,19.843094062],[-99.361643308,19.842571586],[-99.361649277,19.842577909],[-99.362178553,19.843214292],[-99.36278703,19.843927832],[-99.362839522,19.844034923],[-99.362818861,19.844172709],[-99.36275343,19.844278631],[-99.362235999,19.84449277],[-99.362144785,19.844549015],[-99.362089185,19.844621985],[-99.362065631,19.844696016],[-99.362072845,19.844754032],[-99.362073308,19.844764123],[-99.362482797,19.844599169],[-99.363299983,19.844323205],[-99.364512287,19.84382008],[-99.365165998,19.843604129],[-99.365380481,19.843541182],[-99.365798812,19.843528697],[-99.366045388,19.843473447],[-99.366527811,19.843453775],[-99.367219385,19.843303538],[-99.368525923,19.843201247],[-99.369150596,19.843173302],[-99.369301236,19.843196305],[-99.36949632,19.843226093],[-99.369183409,19.843832528],[-99.369102399,19.843989527],[-99.368880137,19.844561214],[-99.368876678,19.844894753],[-99.36887322,19.845288843],[-99.368882012,19.845568627],[-99.368885575,19.84568197],[-99.368935479,19.845822806],[-99.368960188,19.846003558],[-99.368923774,19.846223782],[-99.368928881,19.846427058],[-99.369021369,19.846733014],[-99.369050058,19.847083739],[-99.368890253,19.847068533],[-99.368374723,19.847019477],[-99.36748919,19.846924187],[-99.366505538,19.846917849],[-99.364808204,19.847120438],[-99.36336188,19.84739486],[-99.363356453,19.847653026],[-99.363436858,19.848082748],[-99.363570845,19.848175236],[-99.363639718,19.848321359],[-99.363746139,19.848548212],[-99.363899977,19.848789997],[-99.363054302,19.849102012],[-99.36272551,19.849221471],[-99.362239592,19.849097096],[-99.361825655,19.848969446],[-99.361426934,19.848956334],[-99.361085761,19.848969699],[-99.36068141,19.849132049],[-99.360341336,19.849067053],[-99.359933832,19.849061498],[-99.359569013,19.849279188],[-99.359311402,19.849459907],[-99.358708893,19.849810131],[-99.358110362,19.850018016],[-99.357505243,19.850130502],[-99.357348394,19.850304259],[-99.356965799,19.850607848],[-99.355956732,19.850784385],[-99.355112078,19.850824884],[-99.355147189,19.850986479],[-99.355304943,19.851600723],[-99.354706133,19.851701404],[-99.353371416,19.851801925],[-99.352946671,19.852022364],[-99.352648863,19.85211112],[-99.352457621,19.85224587],[-99.352313102,19.852503871],[-99.352242241,19.852630375],[-99.352159619,19.85279722],[-99.352004384,19.853110308],[-99.351977507,19.853347323],[-99.351990974,19.853486312],[-99.352045891,19.85358358],[-99.352156377,19.85374755],[-99.352500636,19.854268962],[-99.352833082,19.854894947],[-99.352936574,19.855100038],[-99.352978626,19.855247051],[-99.352981375,19.855376271],[-99.352945288,19.855529395],[-99.352949714,19.855614191],[-99.353099027,19.855855879],[-99.353193385,19.856017232],[-99.353356786,19.856312552],[-99.353442261,19.856459068],[-99.353531291,19.856641516],[-99.353574437,19.856892275],[-99.35361119,19.857042501],[-99.353599975,19.857206354],[-99.35359586,19.857334865],[-99.353602159,19.857500801],[-99.353594159,19.857645109],[-99.353611787,19.857983814],[-99.353618969,19.858142601],[-99.3536256,19.858187488],[-99.353686859,19.858251708],[-99.353802568,19.858279448],[-99.353931827,19.858288388],[-99.354020504,19.858298545],[-99.354069485,19.858338214],[-99.354107618,19.858527811],[-99.354127398,19.858666011],[-99.354172755,19.858821114],[-99.354206937,19.858940738],[-99.354290169,19.858926263],[-99.354427968,19.858929138],[-99.354553569,19.858933908],[-99.354602938,19.858943154],[-99.35463043,19.858966862],[-99.354698399,19.859062816],[-99.354725092,19.859105863],[-99.354790985,19.859145969],[-99.354884507,19.859179969],[-99.354843137,19.859845415],[-99.354993122,19.860194292],[-99.355008554,19.860529046],[-99.354957045,19.860958662],[-99.354955537,19.861289724],[-99.354818399,19.861402493],[-99.354480107,19.861550355],[-99.354346538,19.861692923],[-99.354352507,19.861861893],[-99.354473815,19.862228524],[-99.354530477,19.86235977],[-99.354599799,19.862508663],[-99.354554937,19.86262597],[-99.354504369,19.86271517],[-99.354504507,19.862777415],[-99.354543076,19.862837862],[-99.354602061,19.862932938],[-99.354679876,19.863079246],[-99.35448623,19.863230585],[-99.354319292,19.863302677],[-99.354280261,19.863366216],[-99.354250477,19.863489292],[-99.354111077,19.863555493],[-99.353909399,19.863507001],[-99.353872969,19.863527755],[-99.353828276,19.86360657],[-99.353804769,19.863666186],[-99.353758323,19.863763262],[-99.353712662,19.863812785],[-99.353712891,19.863915031],[-99.353476891,19.863957985],[-99.353362768,19.863972601],[-99.353168892,19.864053663],[-99.353063354,19.864099938],[-99.352947523,19.864151292],[-99.352865231,19.864208092],[-99.352744354,19.864301278],[-99.352690799,19.864373877],[-99.352559337,19.864514231],[-99.352486431,19.864606462],[-99.352374831,19.864680692],[-99.352308245,19.864718155],[-99.35208323,19.864742709],[-99.351919262,19.864743032],[-99.351722214,19.864608215],[-99.351662954,19.864576369]]]]},"properties":{"locality":"Santa María Quelites","municipality":null,"official_key":"130630016","CVE_ENT":"13","CVE_MUN":"063","CVE_LOC":"0016","ambito":"RURAL","geometry_kind":"locality","source":"INEGI Gaia — Servicio vectorial del Marco Geoestadístico"}},{"type":"Feature","geometry":{"type":"MultiPolygon","crs":{"type":"name","properties":{"name":"EPSG:6365"}},"coordinates":[[[[-99.348572222,19.886321643],[-99.348419554,19.886643138],[-99.347916291,19.886358386],[-99.347345538,19.88582854],[-99.34689039,19.885402899],[-99.346297707,19.884848632],[-99.346161599,19.884729447],[-99.346093103,19.884704981],[-99.346018262,19.884678248],[-99.345892599,19.884624385],[-99.345479968,19.884450012],[-99.344973061,19.8842358],[-99.344053523,19.883847232],[-99.343636276,19.883670924],[-99.343642782,19.883623199],[-99.343840799,19.882309851],[-99.343781892,19.881757118],[-99.343563277,19.881175446],[-99.343257123,19.880365247],[-99.341813214,19.877655692],[-99.340912261,19.875644354],[-99.340873815,19.875566047],[-99.343311045,19.875480616],[-99.343627073,19.874897518],[-99.34361051,19.874465766],[-99.343079493,19.872384041],[-99.342366691,19.872048621],[-99.341773167,19.871620637],[-99.34212938,19.871488958],[-99.343097138,19.871488448],[-99.343815843,19.871508906],[-99.344147578,19.871445126],[-99.344393484,19.869444049],[-99.344355076,19.869122969],[-99.344046194,19.868871617],[-99.343769497,19.868650536],[-99.343565562,19.868277142],[-99.343452867,19.867767557],[-99.343396518,19.867230236],[-99.343379073,19.866729498],[-99.343542013,19.866196597],[-99.344513975,19.865829244],[-99.345786346,19.865492161],[-99.346532133,19.865283941],[-99.346994581,19.865295091],[-99.34756434,19.863720462],[-99.347736003,19.863589285],[-99.348258685,19.863455494],[-99.349717807,19.863475675],[-99.349929542,19.863494437],[-99.350192877,19.863545338],[-99.350419046,19.863620708],[-99.350555277,19.863729277],[-99.350742137,19.863981478],[-99.350901353,19.864345416],[-99.351065723,19.864564462],[-99.351364645,19.864753754],[-99.351645338,19.864859047],[-99.351909046,19.864891492],[-99.352339968,19.864837092],[-99.354354137,19.863793138],[-99.354808907,19.863608201],[-99.355226168,19.863555046],[-99.355599953,19.863661324],[-99.356025969,19.863852539],[-99.356209185,19.86366657],[-99.356969737,19.863162354],[-99.357352691,19.862938955],[-99.357451569,19.862649432],[-99.357677214,19.862569415],[-99.357772677,19.862471569],[-99.357856137,19.862206538],[-99.358333784,19.862207815],[-99.358624954,19.861868138],[-99.358676154,19.861825939],[-99.358847691,19.861819262],[-99.35927103,19.862124493],[-99.358607291,19.862899338],[-99.358312507,19.863339093],[-99.358021876,19.864050308],[-99.357908537,19.864372169],[-99.357670722,19.865050123],[-99.357327169,19.865885493],[-99.356701862,19.867159663],[-99.356091554,19.868532201],[-99.357333215,19.868203109],[-99.357330092,19.868482078],[-99.35735883,19.86869717],[-99.357515477,19.869024354],[-99.357643169,19.869332293],[-99.357824969,19.86967217],[-99.358000877,19.869900738],[-99.358061876,19.869938338],[-99.358074754,19.870270462],[-99.358045814,19.870385015],[-99.358112522,19.870361416],[-99.35814063,19.870268216],[-99.358164108,19.870128292],[-99.358180768,19.870062001],[-99.358200968,19.870030323],[-99.358272308,19.870007693],[-99.358336661,19.870020877],[-99.3583986,19.870079463],[-99.358482599,19.870204186],[-99.358568814,19.8702842],[-99.358644662,19.870312355],[-99.358759239,19.870346337],[-99.358980506,19.870364228],[-99.359234195,19.870378468],[-99.359548685,19.870385312],[-99.359768097,19.870422406],[-99.359876967,19.870409039],[-99.360186091,19.870301124],[-99.360364076,19.870267447],[-99.3606311,19.870250254],[-99.360802318,19.87035962],[-99.360866806,19.870466389],[-99.360783672,19.87052289],[-99.360770277,19.870748401],[-99.360797692,19.870799709],[-99.360790523,19.870863801],[-99.360766707,19.870910969],[-99.360759585,19.870995077],[-99.360768431,19.871049032],[-99.360796508,19.871070878],[-99.361232661,19.87106637],[-99.361312487,19.871762396],[-99.362956733,19.871815151],[-99.362964832,19.872367359],[-99.362369485,19.872341697],[-99.362376288,19.872843214],[-99.36192447,19.872769445],[-99.361546338,19.872767746],[-99.361089097,19.873015329],[-99.360662264,19.873211553],[-99.360515387,19.873249775],[-99.360423172,19.873274564],[-99.360336322,19.873023139],[-99.359886708,19.873098986],[-99.359687476,19.873273616],[-99.359573138,19.873335646],[-99.358962508,19.873320846],[-99.358957985,19.873303615],[-99.358307953,19.873283079],[-99.358185069,19.873781865],[-99.357846265,19.873733251],[-99.357679125,19.873765357],[-99.357307044,19.873607097],[-99.35712523,19.873838969],[-99.356895262,19.87420337],[-99.356795277,19.874302678],[-99.35661723,19.874397216],[-99.356459938,19.874535462],[-99.356347168,19.874688508],[-99.356244262,19.874903031],[-99.356225769,19.875032647],[-99.3562842,19.875115954],[-99.356331477,19.875254324],[-99.356311107,19.875383955],[-99.35627083,19.8754838],[-99.356224062,19.875682539],[-99.355825061,19.876501663],[-99.355687462,19.876706186],[-99.355659569,19.876758601],[-99.355657291,19.876809277],[-99.355677262,19.876882878],[-99.355680738,19.876947278],[-99.355674122,19.877152615],[-99.355696815,19.877389063],[-99.356082615,19.877316832],[-99.356135337,19.877312109],[-99.356183215,19.877321247],[-99.356226245,19.877345139],[-99.356257568,19.877380139],[-99.356277185,19.877414246],[-99.356286046,19.8774456],[-99.356329307,19.877557586],[-99.356449737,19.877749431],[-99.356473492,19.877780338],[-99.356539091,19.877852169],[-99.356642999,19.877926354],[-99.356714568,19.878050785],[-99.356806031,19.878308432],[-99.356835814,19.878370015],[-99.357056015,19.878925815],[-99.357227753,19.87922537],[-99.35724703,19.879259815],[-99.357121184,19.879369277],[-99.356913154,19.879497415],[-99.356659677,19.879599293],[-99.355914353,19.880039893],[-99.355796768,19.880106108],[-99.355487184,19.880306524],[-99.355423508,19.880413738],[-99.355378107,19.880519385],[-99.355319876,19.880652831],[-99.355216759,19.880866387],[-99.355208089,19.880884506],[-99.355183939,19.880934971],[-99.35502403,19.881269062],[-99.354964399,19.881415016],[-99.354909754,19.881514092],[-99.354858954,19.881554724],[-99.354788153,19.88156617],[-99.354050785,19.881524],[-99.353531537,19.881508769],[-99.353125569,19.8815016],[-99.352092062,19.881467415],[-99.351785347,19.881497869],[-99.349371358,19.88325341],[-99.349204143,19.883789645],[-99.349109807,19.884239367],[-99.349062638,19.884706369],[-99.349069008,19.885260295],[-99.349071241,19.885454416],[-99.348877833,19.88562437],[-99.348572222,19.886321643]]]]},"properties":{"locality":"Santiago Tlapanaloya","municipality":null,"official_key":"130630017","CVE_ENT":"13","CVE_MUN":"063","CVE_LOC":"0017","ambito":"RURAL","geometry_kind":"locality","source":"INEGI Gaia — Servicio vectorial del Marco Geoestadístico"}},{"type":"Feature","geometry":{"type":"MultiPolygon","crs":{"type":"name","properties":{"name":"EPSG:6365"}},"coordinates":[[[[-99.380425734,19.960101742],[-99.380555251,19.96078466],[-99.380409349,19.96083255],[-99.38022172,19.960978181],[-99.379828969,19.96123595],[-99.379471297,19.96137635],[-99.379536068,19.96140375],[-99.379921293,19.961329],[-99.380636294,19.961359288],[-99.380757379,19.96144003],[-99.380827886,19.961662021],[-99.381197087,19.961893725],[-99.381318939,19.96193642],[-99.3814058,19.96195575],[-99.381427169,19.96198758],[-99.38143398,19.96203189],[-99.38142482,19.962100261],[-99.382153572,19.962532846],[-99.382163494,19.963731827],[-99.381505337,19.963444421],[-99.380848089,19.963547461],[-99.380334859,19.963811881],[-99.379410449,19.96428022],[-99.378528849,19.96481755],[-99.378450909,19.965088231],[-99.37834623,19.965654941],[-99.378340949,19.965807661],[-99.378335119,19.965976151],[-99.378135679,19.966413491],[-99.377868648,19.96700097],[-99.37742103,19.967343581],[-99.37717283,19.967567081],[-99.37686405,19.96761854],[-99.376680799,19.96756617],[-99.37640117,19.967576551],[-99.37593794,19.9675666],[-99.37559048,19.96756283],[-99.37526937,19.967674251],[-99.375066449,19.96782818],[-99.375009539,19.96790123],[-99.374896369,19.96788145],[-99.374827542,19.967904898],[-99.37450917,19.968264201],[-99.3743288,19.9684008],[-99.37413252,19.96848162],[-99.373847949,19.96854389],[-99.37347317,19.96855512],[-99.37309648,19.968495821],[-99.37273643,19.968381681],[-99.372413203,19.968226552],[-99.37240526,19.968222741],[-99.37208775,19.96805497],[-99.37183009,19.96788112],[-99.37154042,19.96768754],[-99.37122669,19.967609651],[-99.37092337,19.967549371],[-99.370521479,19.9675502],[-99.370247829,19.967556921],[-99.369945369,19.96758186],[-99.369727999,19.967648781],[-99.369455119,19.967751291],[-99.369239569,19.967960601],[-99.368791819,19.96852845],[-99.368750459,19.968686091],[-99.36840112,19.969370251],[-99.36776775,19.969908781],[-99.367050289,19.97036255],[-99.365816859,19.970876381],[-99.364503849,19.971489461],[-99.363252122,19.972414907],[-99.363097829,19.972126281],[-99.363066982,19.971937748],[-99.363048607,19.971583526],[-99.363061828,19.97131732],[-99.36313693,19.970947442],[-99.36331429,19.970577231],[-99.363534219,19.97028274],[-99.363673629,19.96998783],[-99.363800919,19.969502581],[-99.36384632,19.968936751],[-99.36391717,19.968072111],[-99.363937479,19.96786003],[-99.363937279,19.967775311],[-99.363764919,19.96729337],[-99.36367032,19.966895451],[-99.36366983,19.966682231],[-99.363704719,19.96640252],[-99.36385862,19.966033451],[-99.364086309,19.965654681],[-99.36416358,19.965434201],[-99.36417405,19.96521705],[-99.364107829,19.965030831],[-99.364051219,19.964938031],[-99.36399803,19.964800381],[-99.36379849,19.964895],[-99.36367706,19.964875311],[-99.363509909,19.964760601],[-99.363385859,19.96455457],[-99.363349689,19.964413771],[-99.36324009,19.964043571],[-99.363237549,19.96400688],[-99.363228059,19.96400371],[-99.361412449,19.96331122],[-99.361398429,19.963306541],[-99.36064298,19.96305403],[-99.359853689,19.96278365],[-99.35971128,19.962452],[-99.35956017,19.96205395],[-99.35940855,19.961702971],[-99.359393029,19.96164052],[-99.35935748,19.96152191],[-99.359311379,19.96140354],[-99.35925143,19.96133848],[-99.35917337,19.96125326],[-99.359127,19.96118658],[-99.35910503,19.96111715],[-99.35908635,19.96102502],[-99.35909169,19.96094628],[-99.359114819,19.96086306],[-99.35918831,19.96067832],[-99.35920892,19.960586571],[-99.35923112,19.960343461],[-99.35921748,19.96027909],[-99.358997766,19.959892042],[-99.358552747,19.959757102],[-99.358531744,19.959658655],[-99.358685697,19.958940892],[-99.358796734,19.958727348],[-99.359394318,19.958360769],[-99.359688263,19.958131832],[-99.360426356,19.956665501],[-99.360550711,19.956617014],[-99.360735045,19.957246131],[-99.360932053,19.958121147],[-99.362441869,19.958076135],[-99.363423023,19.958268478],[-99.364162244,19.958269954],[-99.364481969,19.958111552],[-99.365464743,19.95733086],[-99.365906798,19.95716114],[-99.366048629,19.957270941],[-99.366058919,19.95723583],[-99.36607497,19.957220341],[-99.366892528,19.956624995],[-99.366830482,19.956202755],[-99.366500218,19.956113307],[-99.366354669,19.955954581],[-99.366149406,19.955616957],[-99.36599637,19.955587125],[-99.365604467,19.955587972],[-99.365378562,19.955488818],[-99.365394505,19.95546655],[-99.365732313,19.955383774],[-99.365957319,19.955238392],[-99.366171296,19.955028306],[-99.366513419,19.954618218],[-99.366882964,19.955537615],[-99.366930644,19.955952777],[-99.36799925,19.95683817],[-99.36852911,19.95660398],[-99.369199089,19.956263771],[-99.369024835,19.956158463],[-99.369346833,19.955665127],[-99.369869118,19.95581332],[-99.371565076,19.955749167],[-99.372867756,19.955741691],[-99.373300979,19.956177541],[-99.37346552,19.956204201],[-99.37367832,19.95621811],[-99.37385735,19.95621414],[-99.37404054,19.95620229],[-99.37412982,19.95617478],[-99.37418894,19.956123],[-99.374231629,19.95604266],[-99.37427246,19.95595248],[-99.374309769,19.95586266],[-99.37435128,19.955752751],[-99.374370739,19.95570652],[-99.374427879,19.95568695],[-99.374789339,19.955859801],[-99.374968149,19.95596386],[-99.375124115,19.956046896],[-99.3751578,19.956064831],[-99.375611089,19.955722911],[-99.37580143,19.955592741],[-99.37594609,19.95546383],[-99.37634526,19.95505465],[-99.37670223,19.954505081],[-99.377132179,19.953581021],[-99.377156979,19.953480251],[-99.377177909,19.95342262],[-99.37722012,19.95337886],[-99.377292979,19.95336322],[-99.377357859,19.95337229],[-99.37743472,19.953401541],[-99.377598879,19.953484571],[-99.37774888,19.953516061],[-99.37788486,19.953483541],[-99.378008279,19.95339129],[-99.3781904,19.95324798],[-99.378321219,19.95318786],[-99.378501631,19.953087602],[-99.379019969,19.952859631],[-99.379307809,19.952716008],[-99.379468628,19.952560669],[-99.379702834,19.952336074],[-99.380011812,19.952092406],[-99.380220124,19.951956866],[-99.380374633,19.951754552],[-99.380499745,19.95138617],[-99.380745171,19.951076654],[-99.381021174,19.950888456],[-99.38136217,19.95069066],[-99.381844449,19.95048866],[-99.382393049,19.950404551],[-99.383079719,19.95035731],[-99.383618226,19.950221272],[-99.383952886,19.950186087],[-99.384095438,19.950049275],[-99.384812125,19.94999635],[-99.384033379,19.950776511],[-99.383900379,19.950906401],[-99.383669629,19.951065971],[-99.383360679,19.951220911],[-99.38295378,19.951457721],[-99.382535349,19.951640081],[-99.38213992,19.9518464],[-99.38159948,19.952240831],[-99.38146565,19.952424431],[-99.381187579,19.952876421],[-99.38083114,19.953468401],[-99.38071929,19.953625481],[-99.380597,19.953728091],[-99.3804716,19.95376788],[-99.38009738,19.95387157],[-99.37974392,19.954013381],[-99.37950192,19.954195031],[-99.37926554,19.954375951],[-99.379045019,19.954583911],[-99.378738369,19.954868],[-99.37847382,19.95511771],[-99.378061179,19.955484381],[-99.377648349,19.95583802],[-99.37737566,19.95606955],[-99.377082999,19.956304321],[-99.377026479,19.95642558],[-99.376959849,19.956615751],[-99.37682717,19.957197861],[-99.376692629,19.957639121],[-99.37658642,19.957924631],[-99.37646997,19.95812306],[-99.376360769,19.95826408],[-99.37620697,19.95838662],[-99.37606668,19.9584452],[-99.37582191,19.95851931],[-99.375569649,19.95863734],[-99.37520885,19.958842141],[-99.374790889,19.959090581],[-99.37458057,19.959272881],[-99.374416829,19.959469631],[-99.374248289,19.959709491],[-99.37407792,19.9599994],[-99.37384938,19.9603422],[-99.373673349,19.96071003],[-99.373581819,19.960970031],[-99.373516479,19.961145381],[-99.37343091,19.96138966],[-99.373322649,19.96161789],[-99.373223649,19.96185542],[-99.37311992,19.96203145],[-99.372955859,19.962274031],[-99.372867859,19.96242562],[-99.372809689,19.96258503],[-99.37277734,19.962818151],[-99.372760889,19.963006],[-99.37357177,19.96299085],[-99.373914302,19.962745958],[-99.374150293,19.962605764],[-99.374204619,19.962573491],[-99.375262449,19.96212271],[-99.37550712,19.96200214],[-99.37608983,19.9615886],[-99.376713339,19.961202221],[-99.37703923,19.96105962],[-99.377554479,19.960865981],[-99.377752949,19.960827311],[-99.3784748,19.960729821],[-99.378514493,19.960692463],[-99.378641059,19.960661523],[-99.379012532,19.96057071],[-99.379669249,19.960410161],[-99.380344387,19.960002021],[-99.380425734,19.960101742]]]]},"properties":{"locality":"Santiago Tlautla","municipality":null,"official_key":"130630018","CVE_ENT":"13","CVE_MUN":"063","CVE_LOC":"0018","ambito":"RURAL","geometry_kind":"locality","source":"INEGI Gaia — Servicio vectorial del Marco Geoestadístico"}},{"type":"Feature","geometry":{"type":"MultiPolygon","crs":{"type":"name","properties":{"name":"EPSG:6365"}},"coordinates":[[[[-99.359397031,19.892567862],[-99.358422098,19.89252532],[-99.35787453,19.892470736],[-99.357391437,19.892370921],[-99.356303915,19.891994289],[-99.355595237,19.89181492],[-99.354603283,19.891467966],[-99.35403876,19.891195967],[-99.353373252,19.890996105],[-99.353215184,19.890998524],[-99.353175399,19.891008015],[-99.353099199,19.891042647],[-99.353003045,19.891074208],[-99.352875462,19.891090124],[-99.352717661,19.891102969],[-99.352623107,19.891085909],[-99.352391661,19.891048109],[-99.352139554,19.89101297],[-99.351855692,19.891018323],[-99.351615784,19.891038709],[-99.351502584,19.891070154],[-99.351384537,19.8911244],[-99.351181699,19.891269253],[-99.350893592,19.891414139],[-99.350642572,19.891607648],[-99.3503684,19.89156843],[-99.35034125,19.89142932],[-99.35027154,19.89137485],[-99.350190968,19.891359882],[-99.34950452,19.890802173],[-99.348608352,19.88994695],[-99.348115208,19.889554529],[-99.347789539,19.889350938],[-99.347422558,19.888990706],[-99.347363469,19.888818376],[-99.347407259,19.8885241],[-99.347430873,19.888241253],[-99.347485138,19.888180878],[-99.347499,19.888128046],[-99.347688492,19.887825155],[-99.348320661,19.886814708],[-99.348419554,19.886643138],[-99.348572222,19.886321643],[-99.348877833,19.88562437],[-99.349071241,19.885454416],[-99.349069008,19.885260295],[-99.349062638,19.884706369],[-99.349109807,19.884239367],[-99.349204143,19.883789645],[-99.349371358,19.88325341],[-99.351785347,19.881497869],[-99.352092062,19.881467415],[-99.353125569,19.8815016],[-99.353531537,19.881508769],[-99.354050785,19.881524],[-99.354788153,19.88156617],[-99.354858954,19.881554724],[-99.354909754,19.881514092],[-99.354964399,19.881415016],[-99.35502403,19.881269062],[-99.355183939,19.880934971],[-99.355208089,19.880884506],[-99.355216759,19.880866387],[-99.355313003,19.880916436],[-99.355371868,19.880944829],[-99.355473838,19.881023828],[-99.355614992,19.881097536],[-99.35571653,19.881109029],[-99.355892253,19.881105767],[-99.356006038,19.881138243],[-99.356053161,19.881241505],[-99.35605342,19.881359475],[-99.356047975,19.881444859],[-99.356070161,19.88161929],[-99.356105299,19.88167949],[-99.356237345,19.881769612],[-99.356409667,19.881848044],[-99.356538437,19.881862244],[-99.356753852,19.881851366],[-99.35684996,19.88181292],[-99.357009021,19.881715859],[-99.357205006,19.881559905],[-99.35732776,19.881528706],[-99.35743896,19.881545998],[-99.357537468,19.881631535],[-99.357624114,19.881725583],[-99.357717498,19.881883613],[-99.357801929,19.882005335],[-99.357990791,19.882174629],[-99.358073776,19.88224766],[-99.358106668,19.88230949],[-99.358108283,19.882384629],[-99.358118637,19.882554275],[-99.358089914,19.882878952],[-99.358090207,19.88300572],[-99.358255976,19.883042659],[-99.358599083,19.883033197],[-99.359119375,19.882915721],[-99.359301776,19.882854166],[-99.359500652,19.882881583],[-99.359648161,19.883086643],[-99.359786067,19.883356583],[-99.359818529,19.883518259],[-99.359917992,19.883681889],[-99.360070376,19.883855952],[-99.36027713,19.884188982],[-99.360326176,19.884368505],[-99.360371083,19.884464735],[-99.360478375,19.884503475],[-99.360565114,19.884625829],[-99.36062413,19.884736736],[-99.360587976,19.884874612],[-99.360506406,19.884990735],[-99.360398868,19.885093366],[-99.360338144,19.885164289],[-99.360303407,19.885255136],[-99.36030356,19.885324982],[-99.360362283,19.885390582],[-99.360500684,19.885441935],[-99.360648145,19.885616767],[-99.36059273,19.885871752],[-99.360450637,19.885948028],[-99.360109638,19.886271567],[-99.360030207,19.886512136],[-99.360016207,19.886752567],[-99.359921961,19.886876398],[-99.359732098,19.886990782],[-99.359596576,19.887210859],[-99.358971329,19.887920921],[-99.35873216,19.888407936],[-99.358766637,19.88841149],[-99.358802484,19.888406305],[-99.358874284,19.888360629],[-99.358990514,19.888271397],[-99.359351253,19.887925566],[-99.359550653,19.887784136],[-99.359709021,19.887734198],[-99.360195161,19.887724628],[-99.360499668,19.887762644],[-99.360659637,19.887815967],[-99.36080973,19.887884335],[-99.361162344,19.888093952],[-99.362110021,19.888704844],[-99.362573038,19.889035444],[-99.36333193,19.889585489],[-99.363558035,19.889631156],[-99.363616497,19.889693279],[-99.363694338,19.889730108],[-99.363691125,19.889732071],[-99.363689144,19.889733282],[-99.363582292,19.889798569],[-99.363387431,19.889921969],[-99.363032413,19.890109407],[-99.363006554,19.8902062],[-99.362616776,19.890128709],[-99.362464587,19.890832897],[-99.362308977,19.891552908],[-99.362281631,19.891622185],[-99.362095756,19.89209284],[-99.361893969,19.892603754],[-99.361407862,19.893012169],[-99.361022631,19.893335831],[-99.360968886,19.893304717],[-99.360772938,19.893145077],[-99.360400025,19.89282195],[-99.360277788,19.892735324],[-99.36016319,19.892654112],[-99.359939185,19.892476985],[-99.359730385,19.892315359],[-99.359597585,19.892495015],[-99.359511914,19.892540043],[-99.359397031,19.892567862]]]]},"properties":{"locality":"Taxhido","municipality":null,"official_key":"130630019","CVE_ENT":"13","CVE_MUN":"063","CVE_LOC":"0019","ambito":"RURAL","geometry_kind":"locality","source":"INEGI Gaia — Servicio vectorial del Marco Geoestadístico"}},{"type":"Feature","geometry":{"type":"MultiPolygon","crs":{"type":"name","properties":{"name":"EPSG:6365"}},"coordinates":[[[[-99.325660791,19.926035135],[-99.325635898,19.92535967],[-99.324758189,19.925521079],[-99.323821598,19.92616781],[-99.323466174,19.926377028],[-99.323271247,19.92649177],[-99.322814273,19.926473981],[-99.322844529,19.926450736],[-99.32335945,19.926055116],[-99.323087237,19.925711622],[-99.323304561,19.925226363],[-99.323589003,19.924850953],[-99.323814564,19.924624638],[-99.324308605,19.924232525],[-99.324459835,19.924053499],[-99.324920922,19.923448324],[-99.324295785,19.922375816],[-99.323880785,19.921662354],[-99.323880492,19.921525263],[-99.323853537,19.921429047],[-99.323750753,19.921219892],[-99.323702969,19.921160355],[-99.323635537,19.921103508],[-99.323483231,19.920971877],[-99.322974938,19.920596877],[-99.321726877,19.921800816],[-99.321683384,19.921852277],[-99.321655737,19.921869446],[-99.321618154,19.921905692],[-99.321090092,19.92227177],[-99.321077076,19.922282523],[-99.320690738,19.922541431],[-99.320545461,19.922656121],[-99.320427193,19.92274949],[-99.320256477,19.922512139],[-99.320199876,19.922373077],[-99.320150831,19.922139985],[-99.3201002,19.921909723],[-99.319698338,19.922058767],[-99.319621985,19.922089509],[-99.319434062,19.922156262],[-99.319303784,19.922206323],[-99.319119984,19.922315923],[-99.318940323,19.922390554],[-99.318775983,19.92244115],[-99.318254186,19.922607982],[-99.318252602,19.922608488],[-99.317929046,19.922711523],[-99.317893724,19.92271968],[-99.317805999,19.922739938],[-99.317499216,19.922782217],[-99.317459599,19.922787677],[-99.317175276,19.922800616],[-99.317005061,19.922786832],[-99.316951492,19.922780243],[-99.316901277,19.922774063],[-99.31680357,19.922760965],[-99.316719861,19.922749739],[-99.31653263,19.922732369],[-99.31627411,19.922653712],[-99.316140308,19.922613001],[-99.315709399,19.922459786],[-99.315455014,19.922386078],[-99.315305908,19.922369909],[-99.315221385,19.922346586],[-99.315102552,19.922297513],[-99.315056569,19.922278524],[-99.314920999,19.922203631],[-99.314822092,19.922106001],[-99.313932677,19.920578892],[-99.313821276,19.920362231],[-99.313824328,19.920333391],[-99.313846876,19.920120355],[-99.313857769,19.919910646],[-99.313854985,19.919785201],[-99.313835985,19.919550923],[-99.313778492,19.919370246],[-99.313715845,19.919232215],[-99.313674722,19.919171246],[-99.313032877,19.918361554],[-99.312951308,19.918269738],[-99.312834615,19.918145092],[-99.312776246,19.918066909],[-99.312762676,19.918007678],[-99.312775397,19.917990244],[-99.312802879,19.91795258],[-99.312805345,19.917945753],[-99.312826341,19.917887673],[-99.312826763,19.917887271],[-99.312892149,19.917824847],[-99.313154726,19.917574168],[-99.313309914,19.917426012],[-99.313331438,19.917405463],[-99.313904363,19.916858501],[-99.313666385,19.916431323],[-99.313625108,19.916369231],[-99.313617569,19.916325708],[-99.313629321,19.916317344],[-99.313653385,19.916300215],[-99.313344162,19.91581603],[-99.313059477,19.915370262],[-99.317128185,19.910864262],[-99.317663277,19.910831262],[-99.317820277,19.910805538],[-99.318027123,19.910794646],[-99.318080354,19.910737523],[-99.318151969,19.910633154],[-99.318182662,19.910545569],[-99.318176754,19.910393046],[-99.318225646,19.910056646],[-99.318235123,19.909881554],[-99.318270323,19.909849338],[-99.318364538,19.909940708],[-99.318587262,19.910094892],[-99.318759462,19.910210646],[-99.318757077,19.910055985],[-99.318757077,19.909825169],[-99.318740415,19.909615785],[-99.318733277,19.909361185],[-99.318735662,19.909168446],[-99.318749938,19.909075646],[-99.318314754,19.908751569],[-99.318025154,19.908553108],[-99.317910938,19.908067708],[-99.317914785,19.9074548],[-99.317665385,19.907028354],[-99.317876677,19.906765662],[-99.318366477,19.907145077],[-99.318508723,19.907220015],[-99.318694708,19.907370846],[-99.318839846,19.907469954],[-99.319084646,19.907665554],[-99.319282369,19.907797877],[-99.319399062,19.907888985],[-99.319601135,19.908039013],[-99.319744615,19.908144554],[-99.319767508,19.908222385],[-99.319796169,19.908348554],[-99.319870277,19.908455846],[-99.319944308,19.908522862],[-99.320049708,19.908648892],[-99.320149462,19.908793723],[-99.320807246,19.908789938],[-99.320821508,19.908819462],[-99.320899159,19.908826956],[-99.320957954,19.908832631],[-99.322781985,19.909636677],[-99.323193154,19.910927292],[-99.324833122,19.91033095],[-99.325077692,19.910242015],[-99.325808662,19.909979323],[-99.32586724,19.909982144],[-99.326025277,19.909989754],[-99.326060826,19.909968945],[-99.326159,19.909911477],[-99.326745631,19.909638],[-99.326956738,19.909510062],[-99.327110215,19.909381477],[-99.3272254,19.909253708],[-99.327612369,19.908726369],[-99.328010699,19.908153175],[-99.328062394,19.908091787],[-99.328135831,19.908004586],[-99.328370477,19.907727216],[-99.328678211,19.907454723],[-99.329091862,19.907345355],[-99.329107599,19.907382339],[-99.329909137,19.907342278],[-99.331625554,19.907304123],[-99.331572569,19.908328938],[-99.331490831,19.909386277],[-99.331409077,19.910443637],[-99.331283123,19.910464708],[-99.330664169,19.910561477],[-99.329947462,19.9106704],[-99.3296042,19.910736523],[-99.329490938,19.910811169],[-99.3293666,19.9109334],[-99.328735043,19.912083433],[-99.328572918,19.912200241],[-99.328630646,19.912281555],[-99.328905601,19.912359556],[-99.329223508,19.912422031],[-99.329592861,19.91245757],[-99.329920631,19.912493263],[-99.330126431,19.912477632],[-99.330272354,19.912477478],[-99.330304707,19.912506032],[-99.330319014,19.912593724],[-99.330284908,19.912691031],[-99.330075645,19.91297937],[-99.330018164,19.913137846],[-99.329956846,19.913306893],[-99.329925216,19.913449586],[-99.329918201,19.913481231],[-99.329890877,19.913604493],[-99.329792354,19.914061954],[-99.329734508,19.914517109],[-99.32972903,19.914799339],[-99.329746535,19.915062708],[-99.329747786,19.915081531],[-99.329788754,19.91524297],[-99.329868138,19.915528015],[-99.329915722,19.915737401],[-99.329978183,19.91596084],[-99.330190074,19.916897964],[-99.330135507,19.916896523],[-99.329374461,19.916762354],[-99.329323414,19.916735355],[-99.329233647,19.91668098],[-99.329181051,19.916776006],[-99.329114024,19.916798813],[-99.328888771,19.916806838],[-99.328886475,19.916923398],[-99.328878794,19.917313406],[-99.328618212,19.917291791],[-99.328605262,19.917395493],[-99.328592754,19.917498886],[-99.328615862,19.917597401],[-99.328644015,19.917679092],[-99.328639108,19.917770463],[-99.328647061,19.917906492],[-99.328710907,19.918028985],[-99.328756814,19.918081786],[-99.328912522,19.918329124],[-99.32893103,19.9184336],[-99.328977346,19.91868594],[-99.329015832,19.918844544],[-99.329061862,19.918955046],[-99.329177245,19.919179877],[-99.329205446,19.9192856],[-99.329236369,19.919470662],[-99.329236784,19.9196702],[-99.329196415,19.919838554],[-99.329138553,19.91988157],[-99.329043108,19.919906677],[-99.328903722,19.919948493],[-99.328721922,19.920006263],[-99.328541185,19.920100385],[-99.328428185,19.920145724],[-99.328142199,19.920255923],[-99.328020615,19.920398616],[-99.327875138,19.920531862],[-99.327753954,19.920647846],[-99.327685245,19.920836755],[-99.327632969,19.921198555],[-99.327606921,19.921495021],[-99.327576969,19.92159363],[-99.327461615,19.92171257],[-99.327249245,19.921910786],[-99.327127568,19.922008369],[-99.327066935,19.922102912],[-99.327007985,19.922156446],[-99.326910031,19.922178],[-99.326799462,19.922177015],[-99.326647753,19.922153492],[-99.326529677,19.922169138],[-99.32650697,19.922174003],[-99.326417892,19.922193093],[-99.326250045,19.922269739],[-99.326222985,19.922304755],[-99.326223084,19.922352721],[-99.326265477,19.922397939],[-99.326337491,19.922439108],[-99.326543537,19.922518693],[-99.326825231,19.922582493],[-99.327157954,19.922642967],[-99.327218414,19.922653954],[-99.327375107,19.922729615],[-99.327485338,19.922845339],[-99.327744784,19.923277323],[-99.327990614,19.923856154],[-99.328003938,19.923983892],[-99.328113031,19.924238201],[-99.328196508,19.924364632],[-99.328230953,19.924465324],[-99.328225861,19.924731831],[-99.328147661,19.925201985],[-99.328017658,19.92545432],[-99.327947294,19.925777175],[-99.327944296,19.926185723],[-99.328310261,19.928185385],[-99.327082401,19.928640544],[-99.327082093,19.928617552],[-99.327074649,19.928061214],[-99.327011699,19.927917137],[-99.326905246,19.927673496],[-99.326358796,19.926422799],[-99.326325349,19.926380787],[-99.326224707,19.926254373],[-99.326077196,19.926165118],[-99.325906881,19.926095275],[-99.325660791,19.926035135]]]]},"properties":{"locality":"Tianguistengo (La Romera)","municipality":null,"official_key":"130630020","CVE_ENT":"13","CVE_MUN":"063","CVE_LOC":"0020","ambito":"URBANO","geometry_kind":"locality","source":"INEGI Gaia — Servicio vectorial del Marco Geoestadístico"}},{"type":"Feature","geometry":{"type":"MultiPolygon","crs":{"type":"name","properties":{"name":"EPSG:6365"}},"coordinates":[[[[-99.359114291,19.901979555],[-99.359551111,19.901682323],[-99.360548892,19.901011463],[-99.360678476,19.900920831],[-99.361393769,19.900849816],[-99.361785261,19.900804739],[-99.362038814,19.90079157],[-99.36229583,19.900778223],[-99.362508431,19.900760862],[-99.362461823,19.900582754],[-99.362387077,19.900333169],[-99.362324246,19.900219392],[-99.362261412,19.900105612],[-99.362103354,19.899900015],[-99.361938692,19.899745923],[-99.361711262,19.899610577],[-99.361488585,19.899527785],[-99.361247385,19.899453785],[-99.360864631,19.899353323],[-99.360549277,19.899279492],[-99.360203462,19.899209516],[-99.359883477,19.899140077],[-99.359554308,19.899105692],[-99.359213662,19.899066938],[-99.35906555,19.899015119],[-99.358940976,19.898897874],[-99.358824189,19.898787958],[-99.358638385,19.898561323],[-99.3585661,19.898370062],[-99.358582154,19.898252723],[-99.358630669,19.898036538],[-99.358738415,19.897803308],[-99.358845646,19.897559215],[-99.358832554,19.897546892],[-99.358672308,19.897448431],[-99.3584794,19.897353123],[-99.358242354,19.897192215],[-99.357974123,19.897004446],[-99.357954169,19.896843969],[-99.35790873,19.896625262],[-99.357833785,19.896306015],[-99.357748254,19.896054971],[-99.357707923,19.895886062],[-99.357670308,19.895659892],[-99.357682888,19.895496761],[-99.357690478,19.895426617],[-99.357691044,19.895421394],[-99.357700438,19.895334615],[-99.357743998,19.895180423],[-99.357713929,19.89518117],[-99.357685738,19.89518187],[-99.357574908,19.895225662],[-99.3574736,19.8952466],[-99.357310877,19.895275523],[-99.357199185,19.8952772],[-99.357058,19.895277485],[-99.356981569,19.895258569],[-99.356914508,19.895218262],[-99.356830646,19.895075446],[-99.356827462,19.895059538],[-99.356779662,19.894820908],[-99.356703612,19.89467024],[-99.356619662,19.894493385],[-99.356581377,19.8944424],[-99.356543089,19.894391412],[-99.356470123,19.8942928],[-99.356347262,19.894099692],[-99.356262849,19.893920544],[-99.356180308,19.893723262],[-99.356135154,19.893544262],[-99.356126246,19.893429908],[-99.356146431,19.893333969],[-99.356173692,19.893282154],[-99.356313244,19.893201548],[-99.35643533,19.893152034],[-99.3565894,19.893120415],[-99.356766923,19.893112369],[-99.356944646,19.893108908],[-99.357323615,19.893135785],[-99.357518231,19.893164508],[-99.357707385,19.893185662],[-99.357892246,19.893203662],[-99.357976615,19.893223439],[-99.358070677,19.893250345],[-99.358099376,19.893258557],[-99.358251883,19.893305757],[-99.3583808,19.893351646],[-99.358478123,19.893371362],[-99.358577785,19.893369631],[-99.358640985,19.893360308],[-99.35869438,19.893315773],[-99.358733166,19.89325745],[-99.358755615,19.893145523],[-99.358804477,19.892999062],[-99.358827053,19.89294384],[-99.358852923,19.892923846],[-99.358956631,19.892894523],[-99.359061092,19.892838723],[-99.359156631,19.892786431],[-99.359247242,19.892705035],[-99.359339421,19.892600628],[-99.359397031,19.892567862],[-99.359511914,19.892540043],[-99.359597585,19.892495015],[-99.359730385,19.892315359],[-99.359939185,19.892476985],[-99.36016319,19.892654112],[-99.360277788,19.892735324],[-99.360400025,19.89282195],[-99.360772938,19.893145077],[-99.360968886,19.893304717],[-99.361022631,19.893335831],[-99.361407862,19.893012169],[-99.361893969,19.892603754],[-99.362095756,19.89209284],[-99.362281631,19.891622185],[-99.362308977,19.891552908],[-99.362464587,19.890832897],[-99.362616776,19.890128709],[-99.363006554,19.8902062],[-99.363032413,19.890109407],[-99.363387431,19.889921969],[-99.363582292,19.889798569],[-99.363689144,19.889733282],[-99.363691125,19.889732071],[-99.363694338,19.889730108],[-99.363705108,19.889992277],[-99.363771377,19.890269769],[-99.363834277,19.890361823],[-99.364239262,19.890435431],[-99.364325646,19.890451123],[-99.364432688,19.890551859],[-99.364489154,19.890666738],[-99.364497615,19.890786785],[-99.364502014,19.89091847],[-99.364485877,19.891026954],[-99.364502484,19.891123746],[-99.364527228,19.891197286],[-99.364584754,19.891274631],[-99.364634108,19.891359738],[-99.364724477,19.891464138],[-99.364839338,19.891537492],[-99.364941938,19.891622492],[-99.365024154,19.891746277],[-99.365147354,19.891873831],[-99.365313087,19.891993751],[-99.365711533,19.892329582],[-99.366281985,19.893062923],[-99.366397723,19.893119523],[-99.366573385,19.893101662],[-99.366758185,19.893022593],[-99.366989385,19.893022123],[-99.367137492,19.893078646],[-99.367253323,19.893178969],[-99.367290553,19.893283823],[-99.367272462,19.893458738],[-99.367208154,19.893642492],[-99.367317569,19.893749154],[-99.367503,19.893898738],[-99.367645348,19.893995289],[-99.367706692,19.8941216],[-99.367789692,19.894283892],[-99.367865954,19.894386831],[-99.368021615,19.894517723],[-99.368160716,19.894642407],[-99.368308431,19.894765369],[-99.368421108,19.894893231],[-99.368560231,19.895027292],[-99.368752231,19.895154985],[-99.369004292,19.895253116],[-99.369175046,19.895329938],[-99.369338062,19.895415585],[-99.369428615,19.895481523],[-99.369525046,19.895572292],[-99.369582858,19.895639058],[-99.369653073,19.895739503],[-99.369710192,19.895855138],[-99.3697586,19.895979062],[-99.369804766,19.896106717],[-99.369844369,19.896207231],[-99.369910146,19.896277377],[-99.369981692,19.896328215],[-99.370092005,19.896386203],[-99.370173754,19.896432877],[-99.370280316,19.896486408],[-99.370422743,19.896565035],[-99.370562954,19.896669477],[-99.370671708,19.896764969],[-99.370813369,19.896865277],[-99.370908303,19.896940873],[-99.370980427,19.897011658],[-99.371037446,19.897081831],[-99.371068323,19.897193385],[-99.371058262,19.897254046],[-99.371005877,19.897298262],[-99.370931277,19.897324754],[-99.370863354,19.897290862],[-99.370726322,19.897337677],[-99.370566015,19.897328832],[-99.370471395,19.897368051],[-99.370422999,19.897443892],[-99.370449953,19.897547124],[-99.370547646,19.897781016],[-99.370633837,19.897991262],[-99.370677922,19.898147246],[-99.370785123,19.8982962],[-99.37105163,19.898553816],[-99.371170804,19.898629328],[-99.371316723,19.898713939],[-99.371511107,19.898754846],[-99.371669615,19.898758432],[-99.371717907,19.898931785],[-99.371785538,19.899372263],[-99.371910923,19.899802324],[-99.37192389,19.899919193],[-99.371804842,19.900569745],[-99.370192445,19.902955724],[-99.370119877,19.902896708],[-99.369946477,19.902969678],[-99.369770077,19.902986177],[-99.3696852,19.902961954],[-99.369639091,19.902948801],[-99.369507154,19.902935832],[-99.36922283,19.903035924],[-99.369025076,19.903104246],[-99.368968291,19.903121446],[-99.368899945,19.903142153],[-99.368905623,19.903091586],[-99.368937632,19.902806525],[-99.36900294,19.90257738],[-99.368623995,19.902110244],[-99.368472294,19.902210629],[-99.368415719,19.902248065],[-99.36777623,19.902671226],[-99.367858914,19.902723035],[-99.367772198,19.90278567],[-99.367635145,19.902884662],[-99.365863988,19.90241493],[-99.363839308,19.901764678],[-99.363667215,19.902096585],[-99.363503631,19.9023636],[-99.363383002,19.902561149],[-99.363293568,19.902721338],[-99.363235031,19.903142139],[-99.363233315,19.903630585],[-99.363040907,19.903635816],[-99.362831476,19.903648401],[-99.362608354,19.903675524],[-99.362367584,19.903843292],[-99.362040585,19.904026508],[-99.361692077,19.904196923],[-99.361520041,19.904289698],[-99.361403614,19.904456601],[-99.360841824,19.904722611],[-99.360641488,19.90484499],[-99.36035353,19.905122626],[-99.360302893,19.905298808],[-99.360071853,19.905424815],[-99.360029336,19.905483102],[-99.360000262,19.905522962],[-99.359575631,19.905697323],[-99.359385569,19.905712862],[-99.359270267,19.905662558],[-99.358874835,19.905570755],[-99.358781535,19.905518586],[-99.358472353,19.905345701],[-99.358375154,19.905323215],[-99.358597658,19.904880409],[-99.358570545,19.904827096],[-99.35805283,19.903809646],[-99.358554446,19.903549586],[-99.358137184,19.902632186],[-99.358051755,19.902481801],[-99.358443358,19.90229265],[-99.358778825,19.902143668],[-99.359114291,19.901979555]]]]},"properties":{"locality":"Tinajas","municipality":null,"official_key":"130630021","CVE_ENT":"13","CVE_MUN":"063","CVE_LOC":"0021","ambito":"URBANO","geometry_kind":"locality","source":"INEGI Gaia — Servicio vectorial del Marco Geoestadístico"}},{"type":"Feature","geometry":{"type":"MultiPolygon","crs":{"type":"name","properties":{"name":"EPSG:6365"}},"coordinates":[[[[-99.288300229,19.940993451],[-99.28788137,19.94066294],[-99.287701369,19.940449831],[-99.287617749,19.940288511],[-99.287494749,19.93983823],[-99.287418859,19.93969588],[-99.287374079,19.93964032],[-99.287230029,19.9395362],[-99.287009169,19.939407231],[-99.286951569,19.939260291],[-99.286872197,19.939144358],[-99.286798351,19.93907223],[-99.286532338,19.938831522],[-99.286250599,19.93853791],[-99.286130861,19.938382479],[-99.28658389,19.938187148],[-99.286825715,19.93806037],[-99.286710749,19.937995908],[-99.28668189,19.93796365],[-99.286602434,19.937792529],[-99.286386991,19.93449046],[-99.28879182,19.93347355],[-99.289667279,19.933073],[-99.290383399,19.934243868],[-99.291126601,19.933925184],[-99.291314586,19.933868737],[-99.291249433,19.933689374],[-99.292374181,19.933265675],[-99.29243014,19.934025321],[-99.292468584,19.934361401],[-99.292645219,19.934640021],[-99.292759089,19.93473622],[-99.29174057,19.93581195],[-99.29161851,19.93593022],[-99.2915918,19.936132401],[-99.291898879,19.93738362],[-99.29225746,19.938398321],[-99.292191279,19.938431291],[-99.289791259,19.93962666],[-99.289600519,19.939352001],[-99.288503799,19.94020649],[-99.289219059,19.94052311],[-99.289398458,19.940870772],[-99.289472629,19.941014511],[-99.28916312,19.94103571],[-99.289020198,19.940943892],[-99.28897683,19.940916031],[-99.288878539,19.940971292],[-99.28853898,19.9411622],[-99.288512889,19.941136001],[-99.28846358,19.941112741],[-99.28839995,19.94106628],[-99.288300229,19.940993451]]]]},"properties":{"locality":"Benito Juárez","municipality":null,"official_key":"130630025","CVE_ENT":"13","CVE_MUN":"063","CVE_LOC":"0025","ambito":"RURAL","geometry_kind":"locality","source":"INEGI Gaia — Servicio vectorial del Marco Geoestadístico"}},{"type":"Feature","geometry":{"type":"MultiPolygon","crs":{"type":"name","properties":{"name":"EPSG:6365"}},"coordinates":[[[[-99.25168495,19.886138],[-99.251669915,19.88613767],[-99.251433771,19.886178023],[-99.250887492,19.886006922],[-99.25053098,19.885981266],[-99.250216038,19.88590647],[-99.249833876,19.886045381],[-99.24921323,19.885840301],[-99.248529158,19.886062004],[-99.248360366,19.885782605],[-99.248214124,19.885691676],[-99.248091348,19.885344029],[-99.247809005,19.885162357],[-99.24759931,19.884899485],[-99.247515835,19.884784198],[-99.247278469,19.884698532],[-99.247252707,19.884689235],[-99.247147915,19.884651415],[-99.247037592,19.884589923],[-99.246928482,19.884450156],[-99.246765484,19.884302925],[-99.246584309,19.884210431],[-99.246383169,19.884082621],[-99.246251549,19.883911951],[-99.24620595,19.88378429],[-99.24617545,19.883567231],[-99.2461668,19.88340568],[-99.24611575,19.883262981],[-99.246039059,19.883110261],[-99.24600323,19.88302451],[-99.245955369,19.882854401],[-99.245901679,19.88272318],[-99.245924049,19.88264597],[-99.245938479,19.88251232],[-99.24589331,19.882305921],[-99.245854139,19.882187981],[-99.24581105,19.88206085],[-99.24579528,19.88195395],[-99.245824379,19.88186174],[-99.24586606,19.881775141],[-99.24585595,19.88162585],[-99.24586172,19.881528781],[-99.24592672,19.881435381],[-99.24598094,19.88116354],[-99.246020079,19.88108775],[-99.246030939,19.88099717],[-99.246188879,19.88074025],[-99.24619132,19.880707171],[-99.246157379,19.88057489],[-99.24614142,19.88042034],[-99.246176749,19.880347891],[-99.24625038,19.88027002],[-99.246305449,19.880109031],[-99.24633591,19.879955601],[-99.24637008,19.87992034],[-99.246421379,19.87991075],[-99.246510949,19.87990588],[-99.246557569,19.879885451],[-99.246577909,19.879733141],[-99.24664405,19.879668251],[-99.24665985,19.879540781],[-99.246687179,19.87948674],[-99.24674197,19.879465061],[-99.24680592,19.87945526],[-99.24686409,19.879465121],[-99.24693505,19.87947594],[-99.246992779,19.879471181],[-99.24704386,19.87943523],[-99.24709817,19.879354051],[-99.247136679,19.879229581],[-99.24717057,19.87919302],[-99.24718337,19.879137651],[-99.24715049,19.879077921],[-99.2471188,19.87902483],[-99.247118939,19.878925431],[-99.24707206,19.878811481],[-99.247088089,19.87879375],[-99.247199289,19.87873191],[-99.24729702,19.87863925],[-99.24736728,19.87851398],[-99.247464829,19.878411351],[-99.247528749,19.878284231],[-99.24757397,19.878113371],[-99.24762774,19.878061781],[-99.247821509,19.878199231],[-99.247902879,19.87835268],[-99.248037849,19.878561151],[-99.248167199,19.87869195],[-99.24841528,19.87890452],[-99.24850409,19.87910895],[-99.248741599,19.87928386],[-99.2492028,19.87946597],[-99.24959455,19.87962382],[-99.24996935,19.87978032],[-99.25035191,19.879905551],[-99.250642349,19.879998401],[-99.25094517,19.88010689],[-99.251405684,19.880232722],[-99.252200712,19.880415046],[-99.252614869,19.880483486],[-99.2527614,19.88046472],[-99.25294495,19.880408851],[-99.253079641,19.880367436],[-99.253276449,19.88030692],[-99.25361969,19.88018909],[-99.25383332,19.88008269],[-99.254081519,19.87999358],[-99.254423509,19.879892911],[-99.254505889,19.87986483],[-99.25469117,19.879735031],[-99.25494646,19.879516251],[-99.25521757,19.879287781],[-99.25539846,19.87907118],[-99.255462999,19.878856291],[-99.25556783,19.878670551],[-99.255709519,19.878507401],[-99.255887689,19.878276801],[-99.255958,19.878185481],[-99.255967163,19.878168594],[-99.25602763,19.878057181],[-99.256087309,19.877898721],[-99.25616662,19.877651021],[-99.25620668,19.87758838],[-99.256307979,19.877390691],[-99.25640231,19.87718817],[-99.256470979,19.87691238],[-99.25643594,19.87663749],[-99.256422219,19.876416661],[-99.256395029,19.87620298],[-99.256377799,19.876041221],[-99.256377579,19.875913521],[-99.25639642,19.87572574],[-99.25640603,19.87558257],[-99.25640526,19.875101921],[-99.256393659,19.874981551],[-99.25718772,19.874662061],[-99.25723989,19.874699581],[-99.25740574,19.874808521],[-99.257661829,19.874989171],[-99.25776642,19.875050461],[-99.257901599,19.875127371],[-99.258100889,19.875189551],[-99.258369029,19.875209721],[-99.258425709,19.875308311],[-99.258472629,19.875419081],[-99.25851257,19.875473341],[-99.2585654,19.875520921],[-99.25864351,19.87553829],[-99.258691119,19.87553382],[-99.2587266,19.87551963],[-99.25877605,19.875483341],[-99.258822689,19.875448831],[-99.258866229,19.875458951],[-99.2589158,19.875512881],[-99.25899218,19.875662141],[-99.259120619,19.875925851],[-99.259248169,19.87602174],[-99.25934229,19.87607754],[-99.259544229,19.87621346],[-99.259627769,19.8763498],[-99.259750979,19.876503631],[-99.259873579,19.876616541],[-99.260083749,19.87684708],[-99.26027382,19.877012621],[-99.260494059,19.87719097],[-99.260682909,19.87737837],[-99.26100075,19.87765574],[-99.261205949,19.87778918],[-99.261405449,19.877960861],[-99.261579219,19.878078781],[-99.26162677,19.878115121],[-99.26163071,19.878169751],[-99.261592289,19.878225651],[-99.26149865,19.87827677],[-99.261467889,19.878309581],[-99.261441109,19.878417661],[-99.261448969,19.878513551],[-99.261507459,19.87862705],[-99.261569679,19.87869602],[-99.261620019,19.87877623],[-99.261674619,19.87890069],[-99.261750569,19.87884825],[-99.261724879,19.878690891],[-99.26177957,19.87847888],[-99.261887939,19.878157381],[-99.26197743,19.87785746],[-99.262062879,19.877573951],[-99.262202369,19.87726737],[-99.26235071,19.87697992],[-99.26258412,19.876554431],[-99.262511249,19.87653223],[-99.262279999,19.87648977],[-99.262010719,19.876402],[-99.26187862,19.87632912],[-99.26182508,19.87618489],[-99.26177469,19.875994021],[-99.26170548,19.875767711],[-99.261606589,19.875531137],[-99.261183309,19.875580303],[-99.260409332,19.875030388],[-99.260451666,19.874503437],[-99.26037303,19.874239883],[-99.259772144,19.873560803],[-99.259273182,19.872205694],[-99.259938229,19.872239934],[-99.260270541,19.872389136],[-99.260792116,19.873181453],[-99.261502175,19.873834509],[-99.2618532,19.874047832],[-99.26186886,19.873985971],[-99.26191475,19.87384472],[-99.262019879,19.873576981],[-99.262178509,19.87330235],[-99.26241503,19.872838151],[-99.262687059,19.87238922],[-99.26283385,19.872125571],[-99.2630784,19.871687801],[-99.26322117,19.87143388],[-99.263305799,19.871243061],[-99.26337398,19.87117305],[-99.263462999,19.871273351],[-99.263567649,19.87162072],[-99.26371803,19.87212345],[-99.263835199,19.872668721],[-99.263898309,19.87313406],[-99.26396309,19.873440221],[-99.264156199,19.873787461],[-99.264254219,19.87395406],[-99.26425534,19.874637081],[-99.264217859,19.87502255],[-99.264212679,19.875200831],[-99.26420618,19.875388831],[-99.26419269,19.875565421],[-99.26417471,19.87566277],[-99.264237579,19.87571143],[-99.26436154,19.875764181],[-99.26451705,19.875783551],[-99.264673489,19.875815181],[-99.26475468,19.875876151],[-99.26485092,19.875894201],[-99.264993309,19.87587645],[-99.265172619,19.875871],[-99.265239339,19.875885601],[-99.26531518,19.87600542],[-99.265361399,19.876170861],[-99.26538142,19.87626823],[-99.265362819,19.87645842],[-99.26530457,19.876573481],[-99.26523725,19.876652631],[-99.26522538,19.87670625],[-99.265294179,19.876695621],[-99.2654206,19.876636111],[-99.265510479,19.876523061],[-99.265628919,19.87635102],[-99.26568446,19.87624868],[-99.26568428,19.876130921],[-99.265645259,19.8760102],[-99.265628289,19.875873081],[-99.265683709,19.87564088],[-99.26572411,19.875447151],[-99.26579634,19.87529035],[-99.265970779,19.87519217],[-99.26616158,19.87514851],[-99.26642685,19.875044091],[-99.266587449,19.875006121],[-99.266664,19.874949421],[-99.266890829,19.87481282],[-99.267066079,19.874763381],[-99.267277949,19.87468125],[-99.26740992,19.874614291],[-99.2677236,19.87447405],[-99.26770926,19.87478695],[-99.26780023,19.87488917],[-99.26794762,19.87516217],[-99.268083259,19.87545455],[-99.26821689,19.87575449],[-99.26835822,19.8760806],[-99.268450079,19.87643935],[-99.268451769,19.87644717],[-99.268586709,19.877071251],[-99.26866328,19.877442851],[-99.268734549,19.877779921],[-99.26880654,19.87812965],[-99.26888225,19.878462461],[-99.26894149,19.878749691],[-99.26897526,19.878946981],[-99.269014979,19.879083181],[-99.26910478,19.87935766],[-99.26921535,19.879627141],[-99.269300889,19.87984778],[-99.26934606,19.87993448],[-99.26946643,19.88023835],[-99.26958597,19.88052409],[-99.269694319,19.880820261],[-99.269713939,19.88094566],[-99.269668049,19.880982891],[-99.269476549,19.881139321],[-99.269393229,19.88118434],[-99.269130479,19.8812762],[-99.26905535,19.88129894],[-99.26898165,19.88129569],[-99.2689002,19.881279491],[-99.26881386,19.881283511],[-99.2686872,19.881271261],[-99.268627109,19.881275451],[-99.268586969,19.8812798],[-99.268451769,19.8813562],[-99.268423259,19.881420341],[-99.26833329,19.88145854],[-99.26816172,19.881480831],[-99.267988179,19.881523601],[-99.267829949,19.88153965],[-99.26771472,19.881514821],[-99.26752443,19.881504621],[-99.267465579,19.881528091],[-99.267365779,19.88154277],[-99.267278339,19.88157],[-99.26716352,19.881600771],[-99.267065949,19.881630321],[-99.266738629,19.88179912],[-99.266553149,19.88180342],[-99.26635783,19.881846551],[-99.26631255,19.88186269],[-99.266244709,19.881819201],[-99.266091939,19.881781291],[-99.26591902,19.88182122],[-99.26558948,19.881874111],[-99.26520705,19.88169817],[-99.26492952,19.881450351],[-99.26469088,19.88116675],[-99.26422271,19.88161083],[-99.264007539,19.88182992],[-99.26315966,19.883083231],[-99.262977459,19.88334257],[-99.262770939,19.88353512],[-99.26279588,19.88357015],[-99.26281706,19.883681771],[-99.262844361,19.883941056],[-99.262904363,19.884094048],[-99.263000187,19.88421347],[-99.26309592,19.88435418],[-99.263121899,19.884437616],[-99.263195539,19.88459969],[-99.263235913,19.884744606],[-99.263276985,19.884929087],[-99.263265586,19.885075425],[-99.26324588,19.885220571],[-99.263239505,19.885380689],[-99.263226687,19.885504395],[-99.263213887,19.885857639],[-99.263210027,19.886010035],[-99.26321316,19.886287492],[-99.263214582,19.886579574],[-99.263217129,19.887006266],[-99.26322247,19.887325661],[-99.2632171,19.88757567],[-99.2631986,19.88780135],[-99.26319285,19.88794377],[-99.263193109,19.888100691],[-99.263185879,19.88825689],[-99.26318614,19.888421251],[-99.26319088,19.88857992],[-99.26319115,19.88874285],[-99.263201149,19.88896222],[-99.263196235,19.889129093],[-99.263174753,19.889189156],[-99.26297602,19.889219751],[-99.262725379,19.889193751],[-99.26255006,19.8891714],[-99.26246674,19.88915963],[-99.26237112,19.889145021],[-99.262297554,19.889128421],[-99.262262034,19.889075508],[-99.262255884,19.888982736],[-99.2622524,19.88891491],[-99.262275072,19.888814321],[-99.262258169,19.888724401],[-99.262200999,19.88863169],[-99.262132357,19.888510071],[-99.262082421,19.888427721],[-99.26193529,19.888317061],[-99.261725627,19.888190347],[-99.261473018,19.887979958],[-99.261124169,19.88762391],[-99.260909619,19.887417941],[-99.26072983,19.88720435],[-99.26039386,19.886761981],[-99.260229079,19.88645246],[-99.26019494,19.886321821],[-99.25977697,19.886092521],[-99.259581509,19.886015881],[-99.259371082,19.885864479],[-99.259277893,19.886575056],[-99.259081425,19.886593743],[-99.25847948,19.886349956],[-99.258424705,19.886943559],[-99.257986831,19.887683151],[-99.25758474,19.887980165],[-99.257289937,19.887631484],[-99.257053831,19.887451553],[-99.257085566,19.88721762],[-99.256801025,19.886848428],[-99.256508552,19.886653743],[-99.255847331,19.886051946],[-99.25565818,19.885530861],[-99.255645343,19.885535693],[-99.2552498,19.885684621],[-99.25486565,19.885847251],[-99.25449462,19.88590408],[-99.25401974,19.88587645],[-99.253897089,19.88588911],[-99.25378869,19.88596417],[-99.253711059,19.88604865],[-99.25375308,19.886104881],[-99.253720909,19.886146831],[-99.25357509,19.886299],[-99.253350969,19.886514571],[-99.253117539,19.88661063],[-99.252792339,19.88642698],[-99.25254729,19.88638529],[-99.25226417,19.886292381],[-99.252205769,19.88626198],[-99.25205362,19.8861838],[-99.251972199,19.886164321],[-99.251908199,19.88615478],[-99.251821219,19.88615294],[-99.25168495,19.886138]]]]},"properties":{"locality":"Santiago Tlaltepoxco","municipality":null,"official_key":"130630026","CVE_ENT":"13","CVE_MUN":"063","CVE_LOC":"0026","ambito":"RURAL","geometry_kind":"locality","source":"INEGI Gaia — Servicio vectorial del Marco Geoestadístico"}},{"type":"Feature","geometry":{"type":"MultiPolygon","crs":{"type":"name","properties":{"name":"EPSG:6365"}},"coordinates":[[[[-99.435059737,20.002788646],[-99.435193849,20.002682788],[-99.435783935,20.002869298],[-99.436207724,20.002990277],[-99.436315012,20.003081012],[-99.436416936,20.003348174],[-99.436400842,20.003605255],[-99.436320376,20.003872417],[-99.4361058,20.004310963],[-99.436266732,20.00442186],[-99.436078978,20.005309032],[-99.4355479,20.005263665],[-99.435628366,20.004754551],[-99.43518312,20.004658776],[-99.434823703,20.004436983],[-99.43429799,20.004416819],[-99.434142423,20.004563002],[-99.43399222,20.004638612],[-99.433745456,20.004663817],[-99.433439685,20.004608368],[-99.432919334,20.004426902],[-99.432956887,20.004361372],[-99.433412861,20.003953068],[-99.433965396,20.003761519],[-99.434319468,20.003582368],[-99.43338375,20.002797786],[-99.432857386,20.002450028],[-99.432764575,20.002325511],[-99.432994436,20.001876256],[-99.435059737,20.002788646]]]]},"properties":{"locality":"Canoas","municipality":null,"official_key":"130630027","CVE_ENT":"13","CVE_MUN":"063","CVE_LOC":"0027","ambito":"RURAL","geometry_kind":"locality","source":"INEGI Gaia — Servicio vectorial del Marco Geoestadístico"}},{"type":"Feature","geometry":{"type":"MultiPolygon","crs":{"type":"name","properties":{"name":"EPSG:6365"}},"coordinates":[[[[-99.43357034,19.97402028],[-99.433382314,19.973894233],[-99.433315109,19.97396262],[-99.432512679,19.973968491],[-99.432328239,19.97423893],[-99.432239558,19.974533592],[-99.432324911,19.975070715],[-99.432473572,19.975344994],[-99.432536106,19.97550526],[-99.432487194,19.975599265],[-99.432200327,19.976090076],[-99.431457059,19.97583555],[-99.431442949,19.975455202],[-99.430266971,19.975426619],[-99.429062002,19.975459606],[-99.429033401,19.974986545],[-99.429096391,19.974647729],[-99.429262036,19.974360208],[-99.429310093,19.974157574],[-99.429430405,19.97376208],[-99.42948785,19.97357611],[-99.42942242,19.973495431],[-99.42936362,19.973417511],[-99.429338509,19.97338843],[-99.42929603,19.97327189],[-99.42923646,19.973200881],[-99.429224489,19.973111941],[-99.429246819,19.972994711],[-99.42917794,19.97284934],[-99.429069601,19.972654236],[-99.429204229,19.97257169],[-99.4294722,19.972382621],[-99.42970478,19.97214778],[-99.429718939,19.972125491],[-99.429261109,19.971988193],[-99.42955785,19.971946571],[-99.429681879,19.97194143],[-99.430038739,19.9719248],[-99.431246259,19.97188298],[-99.431501079,19.971879481],[-99.432060569,19.97191948],[-99.432339649,19.97198578],[-99.432581109,19.972072941],[-99.432748659,19.972155431],[-99.43317774,19.972368741],[-99.433611119,19.972578281],[-99.434026719,19.97278454],[-99.43421945,19.972910021],[-99.43441309,19.97308646],[-99.434588379,19.97331258],[-99.43471722,19.97352178],[-99.43488462,19.973918451],[-99.434852459,19.97400653],[-99.434867979,19.97413438],[-99.434882539,19.97446928],[-99.43490066,19.97475791],[-99.434896279,19.97483852],[-99.43485886,19.97480665],[-99.43474449,19.97463552],[-99.43465289,19.97438582],[-99.43418025,19.9742378],[-99.43396328,19.97419471],[-99.43377326,19.974128081],[-99.433747289,19.974114481],[-99.43357034,19.97402028]]]]},"properties":{"locality":"Miraflores","municipality":null,"official_key":"130630028","CVE_ENT":"13","CVE_MUN":"063","CVE_LOC":"0028","ambito":"RURAL","geometry_kind":"locality","source":"INEGI Gaia — Servicio vectorial del Marco Geoestadístico"}},{"type":"Feature","geometry":{"type":"MultiPolygon","crs":{"type":"name","properties":{"name":"EPSG:6365"}},"coordinates":[[[[-99.292328788,19.92431492],[-99.293358757,19.923646678],[-99.294538929,19.924705778],[-99.291845991,19.926425536],[-99.291717244,19.92550766],[-99.291717245,19.924650299],[-99.292328788,19.92431492]]],[[[-99.295440151,19.93051052],[-99.295365048,19.929540977],[-99.29404272,19.929681555],[-99.293963595,19.928778513],[-99.295279217,19.928647076],[-99.295096828,19.927071071],[-99.294850064,19.926334757],[-99.296727612,19.92626415],[-99.296770527,19.926243978],[-99.298975303,19.928347004],[-99.299420549,19.929511978],[-99.298712445,19.929673359],[-99.29886265,19.930369313],[-99.301094248,19.929940645],[-99.30194719,19.930439916],[-99.302258326,19.931589745],[-99.301796514,19.931833577],[-99.301796482,19.931833592],[-99.299602939,19.932991718],[-99.296566678,19.934262561],[-99.295783474,19.934222216],[-99.295772534,19.934114546],[-99.295601083,19.932426896],[-99.295579625,19.931519142],[-99.295440151,19.93051052]]]]},"properties":{"locality":"Presa Escondida 2da. Sección Hacienda la Nopalera","municipality":null,"official_key":"130630047","CVE_ENT":"13","CVE_MUN":"063","CVE_LOC":"0047","ambito":"RURAL","geometry_kind":"locality","source":"INEGI Gaia — Servicio vectorial del Marco Geoestadístico"}},{"type":"Feature","geometry":{"type":"MultiPolygon","crs":{"type":"name","properties":{"name":"EPSG:6365"}},"coordinates":[[[[-99.434086769,19.978374321],[-99.434111169,19.97848303],[-99.43413851,19.978598861],[-99.434159399,19.978697481],[-99.43418691,19.9787756],[-99.43425458,19.97898989],[-99.434319842,19.979264732],[-99.434369306,19.979669947],[-99.435909484,19.979698186],[-99.43609427,19.979734959],[-99.436367211,19.97970218],[-99.436633448,19.980607127],[-99.436705895,19.980937338],[-99.436821244,19.981335613],[-99.436963415,19.981730105],[-99.437046619,19.981883223],[-99.437223701,19.9821044],[-99.437399606,19.982411859],[-99.436781801,19.982625978],[-99.436664671,19.982363537],[-99.436508193,19.982196598],[-99.436380312,19.981955988],[-99.436172828,19.981825148],[-99.435819748,19.981733059],[-99.435547136,19.981726672],[-99.43539445,19.98178077],[-99.434976227,19.981723956],[-99.433378034,19.98032474],[-99.43237998,19.979410028],[-99.432577387,19.979262772],[-99.43276769,19.979204303],[-99.432692309,19.979048371],[-99.43254145,19.97871597],[-99.43243917,19.97849468],[-99.432461739,19.97848472],[-99.43270188,19.97838485],[-99.433040026,19.978247962],[-99.43360328,19.97787345],[-99.433627416,19.977850842],[-99.433788819,19.97801046],[-99.433909835,19.978131973],[-99.434036019,19.978221908],[-99.43405922,19.978273781],[-99.434086769,19.978374321]]]]},"properties":{"locality":"La Estancia 1ra. Sección Santa María Magdalena","municipality":null,"official_key":"130630048","CVE_ENT":"13","CVE_MUN":"063","CVE_LOC":"0048","ambito":"RURAL","geometry_kind":"locality","source":"INEGI Gaia — Servicio vectorial del Marco Geoestadístico"}},{"type":"Feature","geometry":{"type":"MultiPolygon","crs":{"type":"name","properties":{"name":"EPSG:6365"}},"coordinates":[[[[-99.307400238,19.940980888],[-99.307142746,19.940829605],[-99.30692817,19.940920375],[-99.306638492,19.940990974],[-99.306509746,19.940940547],[-99.306477559,19.940779178],[-99.306574117,19.940355581],[-99.306606306,19.9398513],[-99.306456102,19.939710101],[-99.306134236,19.939679844],[-99.305844556,19.939508388],[-99.305651438,19.939306674],[-99.30564071,19.939024275],[-99.305683624,19.938782217],[-99.305672896,19.938519988],[-99.305469048,19.938409044],[-99.305233015,19.938358616],[-99.30498625,19.938116557],[-99.304836046,19.937874498],[-99.30471803,19.937602183],[-99.30480386,19.937339952],[-99.305007707,19.937097892],[-99.305018437,19.936936518],[-99.304836046,19.936734802],[-99.304653656,19.936432225],[-99.304642928,19.936139735],[-99.304718029,19.9358069],[-99.304749319,19.935718656],[-99.30481459,19.935534581],[-99.304825318,19.935141229],[-99.30480386,19.934818477],[-99.30481459,19.934465468],[-99.304857504,19.934152802],[-99.305168641,19.933799792],[-99.305490506,19.933517382],[-99.305522692,19.933255143],[-99.305479778,19.932892044],[-99.305576336,19.93225662],[-99.305785336,19.931627884],[-99.305790913,19.931611106],[-99.305951846,19.931167313],[-99.306005489,19.931126967],[-99.306048406,19.930683174],[-99.306166423,19.930269637],[-99.306166423,19.929926703],[-99.30581237,19.929281179],[-99.305930387,19.928968503],[-99.306273711,19.928797035],[-99.306659949,19.928625567],[-99.306938898,19.928544875],[-99.307368052,19.928272543],[-99.307807935,19.928060729],[-99.308451664,19.927788395],[-99.308730615,19.927475716],[-99.309106123,19.927173123],[-99.309799405,19.926973056],[-99.309910785,19.927687533],[-99.310769094,19.927687531],[-99.311734689,19.928575135],[-99.312592994,19.92933161],[-99.312923277,19.929520613],[-99.313359661,19.929767752],[-99.31503917,19.930572225],[-99.31514285,19.930617072],[-99.315621311,19.930824027],[-99.317324411,19.931560674],[-99.319999013,19.930642506],[-99.32060695,19.930433798],[-99.321143878,19.930249465],[-99.321644743,19.930088817],[-99.32184864,19.930023418],[-99.322055829,19.929956962],[-99.323171627,19.92958377],[-99.323439848,19.92977541],[-99.323740255,19.929977135],[-99.324029935,19.930148601],[-99.324276697,19.930108257],[-99.324598563,19.930239379],[-99.32507063,19.930481449],[-99.325006259,19.931348863],[-99.325649989,19.933013078],[-99.326368821,19.934636929],[-99.32618643,19.935070626],[-99.326443922,19.93511097],[-99.326561939,19.935292517],[-99.326594127,19.935645526],[-99.326443922,19.936119564],[-99.325596344,19.936916347],[-99.324920428,19.937128149],[-99.324523461,19.937168492],[-99.324019207,19.937350037],[-99.323622238,19.937370209],[-99.323203813,19.937188665],[-99.322871219,19.937168494],[-99.322560083,19.937017205],[-99.321980727,19.936936519],[-99.321036588,19.936926432],[-99.320650352,19.937017205],[-99.320349943,19.937017206],[-99.319963706,19.936966776],[-99.319427264,19.936986947],[-99.319094669,19.936976862],[-99.318225633,19.936623857],[-99.318086159,19.936512913],[-99.317699921,19.936381796],[-99.317560447,19.936089306],[-99.317614091,19.935695955],[-99.317882311,19.935302605],[-99.318064701,19.93521183],[-99.318257821,19.935010111],[-99.318397295,19.934737789],[-99.318365109,19.934546155],[-99.318290007,19.934525984],[-99.31817199,19.934626844],[-99.318021787,19.934818478],[-99.317796481,19.934919337],[-99.317560446,19.935050455],[-99.316573394,19.935242089],[-99.316154968,19.935211831],[-99.315350306,19.934878994],[-99.315082084,19.934818477],[-99.315339577,19.934989939],[-99.315554154,19.935342948],[-99.3156829,19.935585009],[-99.315682899,19.93602879],[-99.315704357,19.936381797],[-99.315961849,19.936714629],[-99.316476834,19.937138235],[-99.316133511,19.93749124],[-99.315779459,19.93782407],[-99.315618526,19.9381569],[-99.315243018,19.938398958],[-99.313601505,19.939518472],[-99.312389148,19.940688407],[-99.311959993,19.940970803],[-99.311005128,19.94134397],[-99.309900057,19.941656622],[-99.30867697,19.941676793],[-99.308634799,19.941671595],[-99.308022512,19.941596108],[-99.3075719,19.941303627],[-99.307400238,19.940980888]]]]},"properties":{"locality":"Presa Escondida","municipality":null,"official_key":"130630052","CVE_ENT":"13","CVE_MUN":"063","CVE_LOC":"0052","ambito":"RURAL","geometry_kind":"locality","source":"INEGI Gaia — Servicio vectorial del Marco Geoestadístico"}},{"type":"Feature","geometry":{"type":"MultiPolygon","crs":{"type":"name","properties":{"name":"EPSG:6365"}},"coordinates":[[[[-99.318156911,19.923145274],[-99.318299621,19.923058343],[-99.318484585,19.923001209],[-99.318318999,19.922767634],[-99.318816867,19.922586943],[-99.319406979,19.922447052],[-99.319753246,19.922363041],[-99.319690291,19.92212181],[-99.320097518,19.921955114],[-99.320150831,19.922139985],[-99.320199876,19.922373077],[-99.320256477,19.922512139],[-99.320427193,19.92274949],[-99.320545461,19.922656121],[-99.320690738,19.922541431],[-99.322702887,19.922821403],[-99.323087577,19.922324706],[-99.323289875,19.922438259],[-99.322707421,19.923169699],[-99.321867227,19.923046919],[-99.321657034,19.924489752],[-99.321339551,19.924475061],[-99.321316129,19.924667582],[-99.319702337,19.924494723],[-99.319034417,19.924377401],[-99.318156911,19.923145274]]]]},"properties":{"locality":"Unidad Obrera Habitacional CTM","municipality":null,"official_key":"130630053","CVE_ENT":"13","CVE_MUN":"063","CVE_LOC":"0053","ambito":"RURAL","geometry_kind":"locality","source":"INEGI Gaia — Servicio vectorial del Marco Geoestadístico"}},{"type":"Feature","geometry":{"type":"MultiPolygon","crs":{"type":"name","properties":{"name":"EPSG:6365"}},"coordinates":[[[[-99.342265727,19.944102398],[-99.342156109,19.944017873],[-99.342152569,19.944021091],[-99.341858769,19.943788601],[-99.34156834,19.94355749],[-99.34135595,19.94338909],[-99.34081574,19.942911891],[-99.34053658,19.942617051],[-99.34033617,19.94235302],[-99.339412891,19.942541232],[-99.339471661,19.942979867],[-99.339471859,19.942981346],[-99.339385714,19.942962704],[-99.339357413,19.942956579],[-99.339153044,19.942770681],[-99.339009253,19.942578664],[-99.338952814,19.942503294],[-99.338949628,19.94249767],[-99.338943349,19.942486578],[-99.338870579,19.942358052],[-99.338837579,19.94229977],[-99.338794711,19.942157486],[-99.338789636,19.942130651],[-99.338728789,19.941808808],[-99.338724379,19.941785495],[-99.338717524,19.941759201],[-99.338617279,19.941374748],[-99.338549103,19.941036308],[-99.338547933,19.941030496],[-99.338549258,19.940983946],[-99.338576033,19.940632782],[-99.338752158,19.940060151],[-99.338989225,19.939470743],[-99.339010839,19.939417005],[-99.339086175,19.939230189],[-99.339165492,19.939033506],[-99.339233541,19.938926753],[-99.339256819,19.938917792],[-99.33936943,19.93887445],[-99.339387556,19.938716096],[-99.339455229,19.93812488],[-99.339540262,19.938039454],[-99.339552694,19.938026966],[-99.339584721,19.937991449],[-99.339626543,19.937940115],[-99.33964012,19.937923452],[-99.339705272,19.937843484],[-99.339751131,19.937791436],[-99.339921214,19.937308489],[-99.340133531,19.936519639],[-99.340173207,19.936359133],[-99.340266082,19.936072903],[-99.340391223,19.935945845],[-99.34204224,19.935337524],[-99.342356299,19.935232682],[-99.342409588,19.935214158],[-99.343127181,19.934964708],[-99.343287449,19.93497555],[-99.34346732,19.934866203],[-99.34395154,19.934710669],[-99.344327759,19.934574908],[-99.344601071,19.934490401],[-99.345630427,19.934117335],[-99.345873683,19.934555816],[-99.345877641,19.934553747],[-99.346072559,19.93445183],[-99.346129022,19.93447009],[-99.346233127,19.935061063],[-99.346074383,19.935163256],[-99.346190247,19.935400508],[-99.345970952,19.93547246],[-99.34566111,19.935555844],[-99.345132622,19.935621753],[-99.344866794,19.935714143],[-99.344694557,19.935909011],[-99.34463976,19.936132329],[-99.344610632,19.93631169],[-99.344632986,19.936466414],[-99.344741182,19.936690608],[-99.344915828,19.936866615],[-99.344582271,19.93772425],[-99.345756767,19.937840603],[-99.345590382,19.938441756],[-99.344882191,19.938548709],[-99.343332594,19.938818255],[-99.343551049,19.939191502],[-99.343647503,19.939317931],[-99.343708853,19.939610288],[-99.343766946,19.939684367],[-99.343846604,19.939705],[-99.344248876,19.939691108],[-99.344312734,19.939707364],[-99.344365856,19.939977025],[-99.344427983,19.940352999],[-99.344450997,19.940515433],[-99.344451617,19.940521906],[-99.344461677,19.94094261],[-99.344474649,19.941089766],[-99.344530416,19.94115671],[-99.344733754,19.941298205],[-99.34474825,19.941371643],[-99.344761168,19.941517579],[-99.344725772,19.941705868],[-99.344688343,19.941778968],[-99.344646644,19.941860407],[-99.344487916,19.942031543],[-99.344357175,19.942174705],[-99.34435458,19.942177021],[-99.34429869,19.94223606],[-99.344289889,19.942248383],[-99.34426631,19.9422814],[-99.34415897,19.94242874],[-99.344127739,19.94247006],[-99.34412128,19.94247862],[-99.34399215,19.94264566],[-99.343838599,19.942852031],[-99.343799074,19.942906366],[-99.343687689,19.943059491],[-99.34353432,19.94326715],[-99.343458179,19.94336763],[-99.343358502,19.94346698],[-99.342565011,19.943928373],[-99.342265727,19.944102398]]]]},"properties":{"locality":"El Caracol","municipality":null,"official_key":"130630070","CVE_ENT":"13","CVE_MUN":"063","CVE_LOC":"0070","ambito":"RURAL","geometry_kind":"locality","source":"INEGI Gaia — Servicio vectorial del Marco Geoestadístico"}},{"type":"Feature","geometry":{"type":"MultiPolygon","crs":{"type":"name","properties":{"name":"EPSG:6365"}},"coordinates":[[[[-99.325510514,19.961382705],[-99.325274479,19.961251609],[-99.325049174,19.961251608],[-99.324609291,19.961412957],[-99.323708069,19.961513799],[-99.322999966,19.961402873],[-99.322206031,19.9609995],[-99.321658862,19.960707057],[-99.32120825,19.96041461],[-99.320961488,19.960303682],[-99.320779097,19.960394442],[-99.320371401,19.960515454],[-99.319577467,19.959658282],[-99.319319695,19.959488167],[-99.319257125,19.959446874],[-99.319073212,19.959325497],[-99.319019568,19.958871699],[-99.318958372,19.958476247],[-99.318933737,19.958317053],[-99.318935967,19.958305181],[-99.318998109,19.957974181],[-99.319255603,19.95777249],[-99.319491637,19.957711984],[-99.31955601,19.957570801],[-99.31937217,19.957426803],[-99.31936289,19.957419533],[-99.319360348,19.957405795],[-99.319319974,19.957187588],[-99.319330704,19.956955644],[-99.319255602,19.956874968],[-99.31899811,19.956925389],[-99.318950276,19.956935024],[-99.318397294,19.957046405],[-99.318064701,19.957268265],[-99.317871582,19.957641393],[-99.317721378,19.957752321],[-99.31742097,19.957631309],[-99.317217123,19.957359026],[-99.316959632,19.957137165],[-99.316895258,19.956764037],[-99.316755784,19.956461498],[-99.316841615,19.956088369],[-99.316809428,19.955695068],[-99.316669953,19.955493374],[-99.316863071,19.955271513],[-99.316911909,19.955251504],[-99.317281497,19.955100072],[-99.317807209,19.954918549],[-99.31826855,19.954938717],[-99.318644059,19.955019397],[-99.318772805,19.954979058],[-99.318751347,19.954656346],[-99.318611872,19.953970584],[-99.31882645,19.953224311],[-99.319116128,19.952790665],[-99.319556009,19.952568798],[-99.320017351,19.95242761],[-99.320349944,19.952306592],[-99.320628894,19.952185573],[-99.320800555,19.95201413],[-99.320693267,19.9517015],[-99.320414317,19.95092496],[-99.320403588,19.950299692],[-99.320575249,19.950148417],[-99.320950759,19.950128247],[-99.321390641,19.950208927],[-99.321701776,19.950097992],[-99.321937812,19.949765187],[-99.322098743,19.94933153],[-99.322366965,19.949059234],[-99.322860492,19.948958383],[-99.32304481,19.949074824],[-99.323343289,19.949462636],[-99.32372148,19.94975006],[-99.323800604,19.949850909],[-99.325149086,19.9496719],[-99.326732595,19.949862254],[-99.327154205,19.949884315],[-99.327275408,19.949835782],[-99.327385963,19.949784096],[-99.327799612,19.949283628],[-99.329076883,19.950104422],[-99.329372466,19.950133543],[-99.329625674,19.950227083],[-99.329783402,19.950353653],[-99.329943292,19.950531154],[-99.330064588,19.950618905],[-99.330258898,19.950668346],[-99.330470076,19.950702273],[-99.330418397,19.951053875],[-99.330175562,19.95104105],[-99.330011763,19.951005315],[-99.329877279,19.950964099],[-99.329672687,19.950891752],[-99.329488806,19.950827735],[-99.32928436,19.950783455],[-99.329084683,19.950785661],[-99.328910633,19.950810244],[-99.328616175,19.950909832],[-99.328339574,19.95102581],[-99.328154166,19.951086319],[-99.327963393,19.951116573],[-99.326830159,19.951061107],[-99.326470744,19.951063629],[-99.324378621,19.950409365],[-99.324059439,19.950132659],[-99.323706728,19.949948923],[-99.32360011,19.949932693],[-99.32324673,19.950208926],[-99.322530579,19.950829153],[-99.322954369,19.951348528],[-99.322332096,19.951797306],[-99.322557369,19.952356467],[-99.322785389,19.952165405],[-99.323203814,19.951983876],[-99.323665154,19.951862857],[-99.324094307,19.951842688],[-99.32527448,19.952266252],[-99.325521243,19.952689815],[-99.325564158,19.953325159],[-99.326250803,19.953224311],[-99.327377331,19.953103295],[-99.32832147,19.953002445],[-99.329126131,19.953062954],[-99.329877149,19.953133548],[-99.330284846,19.953284821],[-99.330628167,19.953657957],[-99.330660356,19.954162195],[-99.330510152,19.954646262],[-99.330531609,19.955170666],[-99.330842744,19.955624476],[-99.331014406,19.956158962],[-99.33089639,19.956895136],[-99.330606711,19.957268264],[-99.330510151,19.957510293],[-99.330681813,19.958054857],[-99.331164611,19.958478406],[-99.331615221,19.958599419],[-99.332301866,19.958922121],[-99.332838308,19.958962459],[-99.333460581,19.958871699],[-99.334340346,19.958942289],[-99.3353274,19.95894229],[-99.335856753,19.95891446],[-99.336110603,19.958922121],[-99.336158742,19.959050908],[-99.336250079,19.959295244],[-99.336046231,19.95937592],[-99.335541976,19.959315413],[-99.334415448,19.959507017],[-99.332398427,19.959920477],[-99.331861986,19.96064655],[-99.331515951,19.960721072],[-99.327881587,19.961503715],[-99.327827942,19.962401213],[-99.326433193,19.962381045],[-99.326068414,19.962239865],[-99.32564999,19.961715484],[-99.325510514,19.961382705]]]]},"properties":{"locality":"Amanali","municipality":null,"official_key":"130630099","CVE_ENT":"13","CVE_MUN":"063","CVE_LOC":"0099","ambito":"RURAL","geometry_kind":"locality","source":"INEGI Gaia — Servicio vectorial del Marco Geoestadístico"}},{"type":"Feature","geometry":{"type":"MultiPolygon","crs":{"type":"name","properties":{"name":"EPSG:6365"}},"coordinates":[[[[-99.302150432,19.859477849],[-99.30188221,19.859931934],[-99.297075693,19.864169993],[-99.296555343,19.864089268],[-99.295887473,19.86413972],[-99.29515523,19.863796644],[-99.294372025,19.864745147],[-99.289286557,19.86455343],[-99.288599911,19.864977229],[-99.287387553,19.86477542],[-99.284072343,19.865824822],[-99.283535901,19.865935816],[-99.283686105,19.864371802],[-99.280338708,19.864260806],[-99.281787099,19.862232608],[-99.278353873,19.86001266],[-99.279426757,19.858599949],[-99.277280988,19.857348681],[-99.278954688,19.854765387],[-99.277795972,19.853917734],[-99.278439703,19.853514088],[-99.276766005,19.852303144],[-99.277624311,19.851384839],[-99.276905479,19.850880273],[-99.277356092,19.850214246],[-99.276422682,19.849780315],[-99.276851836,19.848125319],[-99.277103963,19.8482666],[-99.277675274,19.845935449],[-99.278239878,19.843437748],[-99.278493348,19.842685908],[-99.281121912,19.845703341],[-99.282527389,19.847287723],[-99.283857765,19.848710624],[-99.285306159,19.846621679],[-99.286368313,19.845027198],[-99.288084927,19.846197831],[-99.286926213,19.847751932],[-99.287376824,19.84806477],[-99.287548485,19.848097567],[-99.287634317,19.848190914],[-99.287677232,19.848296875],[-99.287655775,19.848428063],[-99.287634315,19.848569343],[-99.288846673,19.849901412],[-99.289179267,19.850234427],[-99.289280521,19.850181449],[-99.289403233,19.8502092],[-99.289519908,19.850284885],[-99.289624515,19.850375707],[-99.289747896,19.850456437],[-99.292633953,19.852525152],[-99.291056815,19.8545232],[-99.290209237,19.854281014],[-99.2887823,19.853534271],[-99.288685741,19.853620044],[-99.289495769,19.854333992],[-99.290252153,19.855007572],[-99.291561069,19.855986402],[-99.293095294,19.856612042],[-99.302150432,19.859477849]]]]},"properties":{"locality":"Tepeji [Parque Industrial]","municipality":null,"official_key":"130630101","CVE_ENT":"13","CVE_MUN":"063","CVE_LOC":"0101","ambito":"RURAL","geometry_kind":"locality","source":"INEGI Gaia — Servicio vectorial del Marco Geoestadístico"}},{"type":"Feature","geometry":{"type":"Polygon","coordinates":[[[-99.3384529,19.915962],[-99.3383976,19.9157714],[-99.3382896,19.9158491],[-99.3381686,19.9159983],[-99.3381366,19.9161359],[-99.3381369,19.9162773],[-99.3381593,19.9166664],[-99.3381604,19.9166853],[-99.3381753,19.9170188],[-99.3381683,19.9172805],[-99.3381641,19.9174115],[-99.3381151,19.9175088],[-99.3380098,19.917559],[-99.3379312,19.9175804],[-99.3378413,19.9175726],[-99.3377292,19.9175602],[-99.337627,19.9175768],[-99.3373758,19.9176691],[-99.3372739,19.91784],[-99.3372176,19.9180049],[-99.3372331,19.9181098],[-99.3372898,19.9181406],[-99.3365791,19.9180452],[-99.3372484,19.9154859],[-99.3376313,19.9140217],[-99.3379557,19.9139611],[-99.3378181,19.9133575],[-99.3373911,19.9115283],[-99.3372677,19.9109999],[-99.3372141,19.9107859],[-99.3373909,19.9107217],[-99.3376547,19.9106451],[-99.3384331,19.9104429],[-99.3385761,19.9103981],[-99.33856,19.9105639],[-99.3385204,19.9109698],[-99.3384718,19.9114811],[-99.3384941,19.9116767],[-99.3385041,19.9117641],[-99.3385408,19.9118956],[-99.3386575,19.9122465],[-99.3390351,19.9133239],[-99.3391455,19.9136327],[-99.3393701,19.9144937],[-99.3394552,19.9150067],[-99.3395095,19.9153483],[-99.3395365,19.9155179],[-99.3395533,19.9156103],[-99.3398906,19.9179705],[-99.339976,19.9186057],[-99.3399941,19.91874],[-99.3399435,19.9187746],[-99.339763,19.9190353],[-99.3397351,19.9190754],[-99.3395709,19.9196048],[-99.3394823,19.9197354],[-99.3392902,19.9201845],[-99.3392703,19.9204353],[-99.3392527,19.9204364],[-99.3391336,19.9204444],[-99.3390805,19.9204377],[-99.3390637,19.9202172],[-99.3390278,19.9193326],[-99.3390179,19.9190894],[-99.3389235,19.9180893],[-99.3387862,19.9172998],[-99.3386347,19.9166664],[-99.3385288,19.9162237],[-99.3384529,19.915962]]]},"properties":{"locality":"ATENGO","official_key":"1306300010001","CVE_ENT":"13","CVE_MUN":"063","CVE_LOC":"0001","CVE_ASEN":"0001","settlement_type":"COLONIA","source":"INEGI DCAH 2025"}},{"type":"Feature","geometry":{"type":"Polygon","coordinates":[[[-99.355103,19.9092656],[-99.3548983,19.909183],[-99.3547035,19.9090985],[-99.3540866,19.9096584],[-99.3531282,19.9087974],[-99.353029,19.9086994],[-99.3523102,19.9079979],[-99.3519446,19.9076648],[-99.3517302,19.9074695],[-99.351572,19.9073374],[-99.3509184,19.906768],[-99.3504194,19.9062896],[-99.3499831,19.9054798],[-99.3499052,19.9050142],[-99.3497758,19.904383],[-99.3497383,19.9042899],[-99.3497773,19.9039471],[-99.3499116,19.9026797],[-99.3500451,19.9021774],[-99.3501171,19.9017043],[-99.3501464,19.9016406],[-99.3501654,19.9015187],[-99.3501804,19.901422],[-99.3502141,19.9011221],[-99.3502584,19.9009736],[-99.3502744,19.9008214],[-99.3502989,19.900589],[-99.350277,19.9001009],[-99.350198,19.899756],[-99.3500616,19.8994013],[-99.3491987,19.8977625],[-99.3491182,19.8976096],[-99.3506442,19.897191],[-99.3518785,19.8971235],[-99.351951,19.8971196],[-99.352123,19.8971168],[-99.3526607,19.8970859],[-99.3528895,19.897076],[-99.3531599,19.8970644],[-99.3541041,19.8970362],[-99.3544264,19.8970385],[-99.3544856,19.8969827],[-99.3543973,19.8971319],[-99.3538273,19.8982467],[-99.354012,19.8991492],[-99.3541967,19.9000516],[-99.3541525,19.9002018],[-99.3542944,19.900226],[-99.3545066,19.9003148],[-99.354867,19.9004845],[-99.3551371,19.9005759],[-99.3553939,19.9006906],[-99.3560314,19.9009958],[-99.3562143,19.9011282],[-99.3561567,19.9011579],[-99.3563744,19.9011825],[-99.3566616,19.9011638],[-99.3569145,19.9011959],[-99.3573137,19.9013032],[-99.3574833,19.9013251],[-99.3578108,19.9012481],[-99.3582037,19.9010606],[-99.3584709,19.9009824],[-99.3589263,19.9009237],[-99.3591866,19.900909],[-99.359415,19.9008962],[-99.359504,19.9009132],[-99.3597514,19.9009606],[-99.3598287,19.9009754],[-99.3601932,19.9009787],[-99.3605286,19.9009929],[-99.3595391,19.9016595],[-99.3591143,19.9019796],[-99.3583856,19.9022855],[-99.3580502,19.9024457],[-99.3581372,19.9026322],[-99.3585545,19.9035496],[-99.3580528,19.9038096],[-99.3585705,19.9048271],[-99.3570919,19.9054602],[-99.3553603,19.9051722],[-99.3552065,19.9052456],[-99.3536903,19.9059696],[-99.353893,19.9061389],[-99.3550379,19.9070393],[-99.3551303,19.907112],[-99.3552699,19.9069537],[-99.3558334,19.9078552],[-99.3560935,19.9082547],[-99.3564488,19.9088756],[-99.3566587,19.9092693],[-99.3569138,19.9092543],[-99.3569287,19.909968],[-99.356668,19.9099769],[-99.3563177,19.9099914],[-99.356062,19.9099129],[-99.3557894,19.9097677],[-99.3554523,19.9093805],[-99.355318,19.9093018],[-99.355103,19.9092656]]]},"properties":{"locality":"EL CARMEN","official_key":"1306300010002","CVE_ENT":"13","CVE_MUN":"063","CVE_LOC":"0001","CVE_ASEN":"0002","settlement_type":"COLONIA","source":"INEGI DCAH 2025"}},{"type":"Feature","geometry":{"type":"Polygon","coordinates":[[[-99.3356273,19.9036418],[-99.3357963,19.9036578],[-99.3359766,19.9036835],[-99.3371604,19.9040115],[-99.337354,19.9041394],[-99.3375797,19.9043961],[-99.3377202,19.9045921],[-99.3382338,19.90462],[-99.3389231,19.9046661],[-99.3391034,19.9046788],[-99.3393132,19.904721],[-99.3395531,19.9047468],[-99.3409165,19.9049355],[-99.3408913,19.9050234],[-99.3408399,19.9052008],[-99.3408075,19.9053556],[-99.3409899,19.9053605],[-99.3413599,19.9053791],[-99.3419937,19.9054413],[-99.3419555,19.905721],[-99.3418411,19.9062219],[-99.3417745,19.9064544],[-99.3414622,19.9075431],[-99.3414331,19.9076348],[-99.3413272,19.9079531],[-99.3408981,19.9078601],[-99.3402954,19.9077118],[-99.3396878,19.907583],[-99.3395968,19.9078037],[-99.33958,19.9078732],[-99.339337,19.9084939],[-99.3390941,19.9090203],[-99.3390428,19.9091197],[-99.3387203,19.9097444],[-99.3386574,19.9098763],[-99.3386432,19.9099525],[-99.3385761,19.9103981],[-99.3384331,19.9104429],[-99.3376547,19.9106451],[-99.3373909,19.9107217],[-99.3372141,19.9107859],[-99.3371581,19.9105644],[-99.3369523,19.90975],[-99.3368667,19.909435],[-99.3367578,19.90901],[-99.3361187,19.9065156],[-99.3360601,19.9062977],[-99.3360485,19.9062459],[-99.3360111,19.9060793],[-99.3359177,19.9056621],[-99.3358024,19.9050303],[-99.3357198,19.9044359],[-99.3356273,19.9036418]]]},"properties":{"locality":"EL EDÉN","official_key":"1306300010003","CVE_ENT":"13","CVE_MUN":"063","CVE_LOC":"0001","CVE_ASEN":"0003","settlement_type":"COLONIA","source":"INEGI DCAH 2025"}},{"type":"Feature","geometry":{"type":"Polygon","coordinates":[[[-99.353015,19.9181288],[-99.3524876,19.9179301],[-99.3516582,19.9176286],[-99.3515758,19.9175987],[-99.3512489,19.9175179],[-99.3508167,19.917465],[-99.3502876,19.9173371],[-99.3501574,19.9172333],[-99.3499583,19.917141],[-99.3498177,19.917129],[-99.3497912,19.9171981],[-99.3496039,19.9172233],[-99.3492499,19.917224],[-99.3490636,19.9171794],[-99.3488416,19.9170864],[-99.3486304,19.9169706],[-99.3484877,19.916954],[-99.348124,19.9169236],[-99.3477852,19.916898],[-99.3476898,19.9168557],[-99.3475931,19.9168516],[-99.34741,19.9168973],[-99.3472731,19.9169817],[-99.347131,19.9170176],[-99.3469619,19.9169953],[-99.3468128,19.9169422],[-99.3466961,19.9168534],[-99.3465366,19.9167663],[-99.3463779,19.9167599],[-99.3462306,19.9167926],[-99.3459703,19.9168093],[-99.3457276,19.9167579],[-99.3454597,19.9166683],[-99.3454957,19.9165861],[-99.3455823,19.9164628],[-99.3457755,19.9162838],[-99.3458766,19.9161581],[-99.3462383,19.9156777],[-99.3463904,19.9154257],[-99.3465562,19.9150878],[-99.3466189,19.9148727],[-99.346621,19.9148126],[-99.3470055,19.9148421],[-99.3472299,19.9148747],[-99.3474339,19.9149348],[-99.3476207,19.9148199],[-99.3479254,19.9147184],[-99.3481207,19.9146219],[-99.3482634,19.9144886],[-99.3483882,19.9143554],[-99.3485841,19.9142108],[-99.3486571,19.9141567],[-99.3486339,19.9141031],[-99.3485458,19.914002],[-99.3485158,19.9139799],[-99.3484804,19.9139768],[-99.3484347,19.9139784],[-99.3482831,19.9138211],[-99.3478665,19.9132045],[-99.347767,19.9131692],[-99.3477106,19.9131358],[-99.3476419,19.913083],[-99.3475999,19.9130851],[-99.347528,19.9131301],[-99.3473843,19.9132388],[-99.3471859,19.913396],[-99.3470093,19.913531],[-99.3468962,19.9135979],[-99.346755,19.9136569],[-99.3466321,19.9136792],[-99.3464183,19.9137112],[-99.3460941,19.9137535],[-99.3457991,19.9137963],[-99.3457216,19.9137962],[-99.3456902,19.9137788],[-99.3455297,19.9138542],[-99.3453745,19.9139052],[-99.3452506,19.9139126],[-99.3450851,19.9138694],[-99.3448635,19.9137869],[-99.3445651,19.9136896],[-99.3443064,19.9136036],[-99.3441541,19.9136003],[-99.3439867,19.9136117],[-99.3438864,19.913172],[-99.3438119,19.91283],[-99.3437361,19.9125601],[-99.3436466,19.9122109],[-99.3436351,19.9121665],[-99.3439141,19.912043],[-99.3440704,19.9119952],[-99.3438581,19.9110475],[-99.3436915,19.910284],[-99.3434956,19.9093337],[-99.3434887,19.9092905],[-99.3434203,19.9088658],[-99.3433735,19.9085758],[-99.3433355,19.9085621],[-99.3432299,19.9085551],[-99.3430551,19.9085637],[-99.3427505,19.908531],[-99.3427449,19.9084905],[-99.3427478,19.9083179],[-99.3419251,19.9081067],[-99.3413272,19.9079531],[-99.3414331,19.9076348],[-99.3414622,19.9075431],[-99.3417745,19.9064544],[-99.3418411,19.9062219],[-99.3419555,19.905721],[-99.3419937,19.9054413],[-99.3422219,19.9054591],[-99.3422863,19.9054301],[-99.3423516,19.9054061],[-99.3429528,19.9054315],[-99.343067,19.9054363],[-99.3439578,19.905474],[-99.3443989,19.9054932],[-99.3446121,19.9058721],[-99.3447136,19.9060778],[-99.3448729,19.9064509],[-99.3450451,19.9067606],[-99.3453195,19.9070444],[-99.34544,19.9071324],[-99.3456298,19.9072316],[-99.3462102,19.9075049],[-99.3467196,19.907661],[-99.3469573,19.9077504],[-99.3471503,19.9078028],[-99.347333,19.9078184],[-99.3476646,19.9078226],[-99.3480553,19.9078202],[-99.3482129,19.9078438],[-99.3484493,19.9079101],[-99.3485564,19.9079352],[-99.3486441,19.9079304],[-99.3487401,19.9081527],[-99.3490049,19.9087656],[-99.3490277,19.9088717],[-99.349012,19.9089591],[-99.3491993,19.9090955],[-99.349711,19.9094008],[-99.3501243,19.909608],[-99.3503846,19.9097336],[-99.3508767,19.9100252],[-99.3515664,19.9104235],[-99.352036,19.9107876],[-99.3521307,19.9105519],[-99.3522373,19.9102107],[-99.3522513,19.9100881],[-99.3523313,19.9097326],[-99.3524035,19.9095669],[-99.3524891,19.9093419],[-99.3525514,19.9091047],[-99.3528451,19.9088809],[-99.352966,19.9087662],[-99.353029,19.9086994],[-99.3531282,19.9087974],[-99.3540866,19.9096584],[-99.3549222,19.9104123],[-99.3561116,19.9110808],[-99.3569999,19.9115313],[-99.3578882,19.9119818],[-99.3587765,19.9124322],[-99.359414,19.9127558],[-99.3595209,19.9128101],[-99.3597101,19.9129258],[-99.3606901,19.9135252],[-99.3616236,19.9140961],[-99.3618593,19.9142403],[-99.3617174,19.9143577],[-99.3614664,19.9142964],[-99.3613,19.9142477],[-99.3600203,19.9145809],[-99.3598017,19.9145712],[-99.3595725,19.9144163],[-99.3592647,19.9141017],[-99.3593003,19.9143521],[-99.3595069,19.9146777],[-99.3597807,19.9149052],[-99.3592031,19.9150118],[-99.3586953,19.9151063],[-99.3574052,19.9153044],[-99.3563765,19.9154793],[-99.3561686,19.9154744],[-99.3551148,19.9152084],[-99.3541117,19.9149291],[-99.3534767,19.9147477],[-99.3533006,19.9150255],[-99.3538826,19.9154369],[-99.3546189,19.9158928],[-99.3551864,19.9162408],[-99.3551544,19.9163629],[-99.3551156,19.9166647],[-99.3552773,19.9167762],[-99.3553405,19.9168141],[-99.3553385,19.9175794],[-99.3550432,19.9177153],[-99.3546502,19.9180695],[-99.3546007,19.9180267],[-99.3542545,19.9183229],[-99.3540825,19.9185172],[-99.3539738,19.9186438],[-99.353881,19.9186147],[-99.35376,19.9185257],[-99.3532841,19.9182626],[-99.353015,19.9181288]]]},"properties":{"locality":"NOXTONGO PRIMERA","official_key":"1306300010004","CVE_ENT":"13","CVE_MUN":"063","CVE_LOC":"0001","CVE_ASEN":"0004","settlement_type":"COLONIA","source":"INEGI DCAH 2025"}},{"type":"Feature","geometry":{"type":"Polygon","coordinates":[[[-99.3457991,19.9137963],[-99.3460941,19.9137535],[-99.3464183,19.9137112],[-99.3466321,19.9136792],[-99.346755,19.9136569],[-99.3468962,19.9135979],[-99.3470093,19.913531],[-99.3471859,19.913396],[-99.3473843,19.9132388],[-99.347528,19.9131301],[-99.3475999,19.9130851],[-99.3476419,19.913083],[-99.3477106,19.9131358],[-99.347767,19.9131692],[-99.3478665,19.9132045],[-99.3482831,19.9138211],[-99.3484347,19.9139784],[-99.3484804,19.9139768],[-99.3485158,19.9139799],[-99.3485458,19.914002],[-99.3486339,19.9141031],[-99.3486571,19.9141567],[-99.3485841,19.9142108],[-99.3483882,19.9143554],[-99.3482634,19.9144886],[-99.3481207,19.9146219],[-99.3479254,19.9147184],[-99.3476207,19.9148199],[-99.3474339,19.9149348],[-99.3472299,19.9148747],[-99.3470055,19.9148421],[-99.346621,19.9148126],[-99.3464955,19.9148073],[-99.3462568,19.9148408],[-99.3461375,19.9148988],[-99.3459397,19.9150121],[-99.3456191,19.9149439],[-99.3454677,19.9149194],[-99.345118,19.9148568],[-99.3447138,19.9147829],[-99.3443466,19.9147066],[-99.3439416,19.9145945],[-99.3436442,19.9144877],[-99.3431749,19.9142767],[-99.3430752,19.9142185],[-99.3425818,19.9140287],[-99.3416215,19.9138321],[-99.3411677,19.9137829],[-99.3402681,19.9136927],[-99.3400176,19.913677],[-99.339673,19.9136417],[-99.3391455,19.9136327],[-99.3390351,19.9133239],[-99.3386575,19.9122465],[-99.3385408,19.9118956],[-99.3385041,19.9117641],[-99.3384941,19.9116767],[-99.3384718,19.9114811],[-99.3385204,19.9109698],[-99.33856,19.9105639],[-99.3385761,19.9103981],[-99.3386432,19.9099525],[-99.3386574,19.9098763],[-99.3387203,19.9097444],[-99.3390428,19.9091197],[-99.3390941,19.9090203],[-99.339337,19.9084939],[-99.33958,19.9078732],[-99.3395968,19.9078037],[-99.3396878,19.907583],[-99.3402954,19.9077118],[-99.3408981,19.9078601],[-99.3413272,19.9079531],[-99.3419251,19.9081067],[-99.3427478,19.9083179],[-99.3427449,19.9084905],[-99.3427505,19.908531],[-99.3430551,19.9085637],[-99.3432299,19.9085551],[-99.3433355,19.9085621],[-99.3433735,19.9085758],[-99.3434203,19.9088658],[-99.3434887,19.9092905],[-99.3434956,19.9093337],[-99.3436915,19.910284],[-99.3438581,19.9110475],[-99.3440704,19.9119952],[-99.3439141,19.912043],[-99.3436351,19.9121665],[-99.3436466,19.9122109],[-99.3437361,19.9125601],[-99.3438119,19.91283],[-99.3438864,19.913172],[-99.3439867,19.9136117],[-99.3441541,19.9136003],[-99.3443064,19.9136036],[-99.3445651,19.9136896],[-99.3448635,19.9137869],[-99.3450851,19.9138694],[-99.3452506,19.9139126],[-99.3453745,19.9139052],[-99.3455297,19.9138542],[-99.3456902,19.9137788],[-99.3457216,19.9137962],[-99.3457991,19.9137963]]]},"properties":{"locality":"NOXTONGO SEGUNDA","official_key":"1306300010005","CVE_ENT":"13","CVE_MUN":"063","CVE_LOC":"0001","CVE_ASEN":"0005","settlement_type":"COLONIA","source":"INEGI DCAH 2025"}},{"type":"Feature","geometry":{"type":"Polygon","coordinates":[[[-99.3371137,19.8974157],[-99.3375062,19.8976337],[-99.3382949,19.8974016],[-99.3400705,19.8970544],[-99.3410357,19.8971187],[-99.3415856,19.8972352],[-99.3413325,19.897691],[-99.3411591,19.8981964],[-99.3410132,19.8996727],[-99.3409766,19.9002844],[-99.3409826,19.9005454],[-99.3409706,19.9007454],[-99.3409283,19.9011752],[-99.3409064,19.9014406],[-99.3408379,19.9016779],[-99.3408447,19.9017397],[-99.3400406,19.9017145],[-99.3397068,19.9017151],[-99.3392042,19.9018226],[-99.3390351,19.9018393],[-99.338494,19.9018513],[-99.3381702,19.9018771],[-99.3379597,19.900987],[-99.3377094,19.9004884],[-99.3373938,19.8999731],[-99.3370673,19.8998784],[-99.3364416,19.8997836],[-99.336026,19.8996834],[-99.3358002,19.89951],[-99.3356331,19.8991479],[-99.335609,19.8989741],[-99.3357563,19.8984803],[-99.3367607,19.8976027],[-99.3371137,19.8974157]]]},"properties":{"locality":"PRADERAS DE TEPEJI","official_key":"1306300010006","CVE_ENT":"13","CVE_MUN":"063","CVE_LOC":"0001","CVE_ASEN":"0006","settlement_type":"FRACCIONAMIENTO","source":"INEGI DCAH 2025"}},{"type":"Feature","geometry":{"type":"Polygon","coordinates":[[[-99.3419937,19.9054413],[-99.3413599,19.9053791],[-99.3409899,19.9053605],[-99.3408075,19.9053556],[-99.3408399,19.9052008],[-99.3408913,19.9050234],[-99.3409165,19.9049355],[-99.3409473,19.9047573],[-99.3409364,19.9043849],[-99.3409157,19.9041131],[-99.3408975,19.9038798],[-99.3409562,19.903329],[-99.3409965,19.9030431],[-99.3410787,19.9025996],[-99.3411663,19.9023573],[-99.3412815,19.902021],[-99.3414065,19.901759],[-99.3415067,19.9015005],[-99.3416193,19.901179],[-99.3417144,19.9008671],[-99.3417974,19.9006469],[-99.3419454,19.9003561],[-99.3422292,19.8999874],[-99.3424761,19.8998043],[-99.3427247,19.8996027],[-99.3428704,19.8994119],[-99.3429858,19.8991773],[-99.3431323,19.8989095],[-99.3433173,19.8985758],[-99.3435707,19.898119],[-99.3437438,19.897802],[-99.3440152,19.8974721],[-99.3440205,19.897425],[-99.3440416,19.8973003],[-99.3448116,19.8973653],[-99.3455719,19.8973912],[-99.3460835,19.8974395],[-99.3463703,19.8974666],[-99.3465336,19.8974428],[-99.3472346,19.8973408],[-99.3476363,19.8973387],[-99.3480469,19.8973365],[-99.3489283,19.8973318],[-99.3491182,19.8976096],[-99.3491987,19.8977625],[-99.3500616,19.8994013],[-99.350198,19.899756],[-99.350277,19.9001009],[-99.3502989,19.900589],[-99.3502744,19.9008214],[-99.3502584,19.9009736],[-99.3502141,19.9011221],[-99.3501804,19.901422],[-99.3501654,19.9015187],[-99.3501464,19.9016406],[-99.349986,19.9016957],[-99.3494254,19.9018793],[-99.3489534,19.9020554],[-99.3488028,19.9020928],[-99.3487497,19.9020713],[-99.3487035,19.9020525],[-99.3483332,19.9022648],[-99.3481053,19.9024341],[-99.3477892,19.9027073],[-99.3477236,19.9027709],[-99.3476286,19.902827],[-99.3474672,19.9028082],[-99.3473497,19.9027338],[-99.3472407,19.9026685],[-99.3470459,19.9026175],[-99.3468318,19.9025614],[-99.3462504,19.9025944],[-99.3454835,19.9026312],[-99.3455137,19.9029863],[-99.3454408,19.903021],[-99.345133,19.9032563],[-99.3448168,19.9035321],[-99.3444666,19.9039133],[-99.3442361,19.9042294],[-99.344101,19.90449],[-99.3440024,19.9048221],[-99.3439649,19.9051179],[-99.3439578,19.905474],[-99.343067,19.9054363],[-99.3429528,19.9054315],[-99.3423516,19.9054061],[-99.3422863,19.9054301],[-99.3422219,19.9054591],[-99.3419937,19.9054413]]]},"properties":{"locality":"SAN FRANCISCO PRIMERA","official_key":"1306300010007","CVE_ENT":"13","CVE_MUN":"063","CVE_LOC":"0001","CVE_ASEN":"0007","settlement_type":"COLONIA","source":"INEGI DCAH 2025"}},{"type":"Feature","geometry":{"type":"Polygon","coordinates":[[[-99.3487401,19.9081527],[-99.3486441,19.9079304],[-99.3485564,19.9079352],[-99.3484493,19.9079101],[-99.3482129,19.9078438],[-99.3480553,19.9078202],[-99.3476646,19.9078226],[-99.347333,19.9078184],[-99.3471503,19.9078028],[-99.3469573,19.9077504],[-99.3467196,19.907661],[-99.3462102,19.9075049],[-99.3456298,19.9072316],[-99.34544,19.9071324],[-99.3453195,19.9070444],[-99.3450451,19.9067606],[-99.3448729,19.9064509],[-99.3447136,19.9060778],[-99.3446121,19.9058721],[-99.3443989,19.9054932],[-99.3439578,19.905474],[-99.3439649,19.9051179],[-99.3440024,19.9048221],[-99.344101,19.90449],[-99.3442361,19.9042294],[-99.3444666,19.9039133],[-99.3448168,19.9035321],[-99.345133,19.9032563],[-99.3454408,19.903021],[-99.3455137,19.9029863],[-99.3454835,19.9026312],[-99.3462504,19.9025944],[-99.3468318,19.9025614],[-99.3470459,19.9026175],[-99.3472407,19.9026685],[-99.3473497,19.9027338],[-99.3474672,19.9028082],[-99.3476286,19.902827],[-99.3477236,19.9027709],[-99.3477892,19.9027073],[-99.3481053,19.9024341],[-99.3483332,19.9022648],[-99.3487035,19.9020525],[-99.3487497,19.9020713],[-99.3488028,19.9020928],[-99.3489534,19.9020554],[-99.3494254,19.9018793],[-99.349986,19.9016957],[-99.3501464,19.9016406],[-99.3501171,19.9017043],[-99.3500451,19.9021774],[-99.3499116,19.9026797],[-99.3497773,19.9039471],[-99.3497383,19.9042899],[-99.3497758,19.904383],[-99.3499052,19.9050142],[-99.3499831,19.9054798],[-99.3504194,19.9062896],[-99.3509184,19.906768],[-99.351572,19.9073374],[-99.3517302,19.9074695],[-99.3519446,19.9076648],[-99.3523102,19.9079979],[-99.353029,19.9086994],[-99.352966,19.9087662],[-99.3528451,19.9088809],[-99.3525514,19.9091047],[-99.3524891,19.9093419],[-99.3524035,19.9095669],[-99.3523313,19.9097326],[-99.3522513,19.9100881],[-99.3522373,19.9102107],[-99.3521307,19.9105519],[-99.352036,19.9107876],[-99.3515664,19.9104235],[-99.3508767,19.9100252],[-99.3503846,19.9097336],[-99.3501243,19.909608],[-99.349711,19.9094008],[-99.3491993,19.9090955],[-99.349012,19.9089591],[-99.3490277,19.9088717],[-99.3490049,19.9087656],[-99.3487401,19.9081527]]]},"properties":{"locality":"SAN FRANCISCO SEGUNDA","official_key":"1306300010008","CVE_ENT":"13","CVE_MUN":"063","CVE_LOC":"0001","CVE_ASEN":"0008","settlement_type":"COLONIA","source":"INEGI DCAH 2025"}},{"type":"Feature","geometry":{"type":"Polygon","coordinates":[[[-99.3440416,19.8973003],[-99.3440414,19.8972202],[-99.3440482,19.8968695],[-99.3440481,19.8967926],[-99.343989,19.8967582],[-99.3438114,19.8963845],[-99.3435998,19.8958915],[-99.3434473,19.8954541],[-99.3433837,19.8952512],[-99.3430593,19.8951643],[-99.3431826,19.8948094],[-99.3432272,19.8937786],[-99.3430512,19.8933036],[-99.3430503,19.8933012],[-99.342954,19.8931131],[-99.3429461,19.8928761],[-99.3431594,19.8925551],[-99.3433213,19.8923944],[-99.3440444,19.8917482],[-99.3440728,19.8912602],[-99.3438498,19.8908474],[-99.3434874,19.8903741],[-99.343095,19.8897265],[-99.3429226,19.8893188],[-99.3427736,19.8886359],[-99.3427279,19.8879807],[-99.3427278,19.8879131],[-99.3427268,19.8875286],[-99.3427263,19.8873292],[-99.3428359,19.8868549],[-99.3430791,19.8867638],[-99.3433004,19.8867843],[-99.3435162,19.886764],[-99.3436081,19.8869882],[-99.3440225,19.8879997],[-99.3444364,19.8891768],[-99.3446388,19.8895575],[-99.344722,19.889714],[-99.3448217,19.889615],[-99.3448699,19.8894054],[-99.3448863,19.8892588],[-99.3448569,19.8890048],[-99.3459526,19.8888441],[-99.3463249,19.8888731],[-99.3470123,19.8890701],[-99.3470938,19.8887471],[-99.3472954,19.8883581],[-99.3474309,19.8882413],[-99.3474073,19.8885241],[-99.3473635,19.8888184],[-99.3474226,19.8889907],[-99.3477895,19.8893509],[-99.3481152,19.8895545],[-99.3486084,19.8899469],[-99.3495045,19.8908022],[-99.350191,19.8913599],[-99.3502715,19.8913748],[-99.3503413,19.8914293],[-99.3503684,19.8915684],[-99.3506426,19.8916076],[-99.3508936,19.8914141],[-99.3511817,19.8912693],[-99.3513845,19.8911244],[-99.3515026,19.8910702],[-99.3516158,19.8910387],[-99.3518557,19.8910183],[-99.3521396,19.891013],[-99.3523917,19.8910481],[-99.3526231,19.8910859],[-99.3527177,19.891103],[-99.3528755,19.8910901],[-99.353003,19.8910742],[-99.3530992,19.8910426],[-99.3531754,19.891008],[-99.3532152,19.8909985],[-99.3532802,19.8911203],[-99.3533393,19.8912125],[-99.3534944,19.8913207],[-99.3536707,19.8913814],[-99.353891,19.8920473],[-99.353391,19.8922016],[-99.3530624,19.892407],[-99.352834,19.8926765],[-99.3527439,19.8928764],[-99.3524412,19.8929441],[-99.3526015,19.89302],[-99.353027,19.8931299],[-99.3530371,19.8931325],[-99.3536752,19.8932607],[-99.3536433,19.8937727],[-99.3534099,19.893806],[-99.3531332,19.8937948],[-99.3531303,19.8937953],[-99.3527847,19.8938498],[-99.3526147,19.8938841],[-99.3526509,19.8939362],[-99.3527763,19.8939556],[-99.3529001,19.8939559],[-99.3530832,19.8939284],[-99.353277,19.893974],[-99.3535179,19.8940012],[-99.3537653,19.8940055],[-99.3538029,19.8940542],[-99.3537733,19.8941189],[-99.3537702,19.8941212],[-99.3537238,19.8941564],[-99.3535872,19.8941943],[-99.3533577,19.8942886],[-99.3532949,19.8943355],[-99.3532655,19.8943576],[-99.3532615,19.8943865],[-99.3532584,19.8944093],[-99.3532213,19.894541],[-99.3532115,19.8948383],[-99.3532593,19.8950526],[-99.3534183,19.8952483],[-99.3535868,19.8954239],[-99.3536874,19.8954919],[-99.3539135,19.8956009],[-99.3540032,19.8956845],[-99.3544727,19.8960091],[-99.3545313,19.8961252],[-99.3545785,19.8963184],[-99.3546742,19.8967097],[-99.3548067,19.8968281],[-99.3547885,19.8969789],[-99.3544856,19.8969827],[-99.3544264,19.8970385],[-99.3541041,19.8970362],[-99.3531599,19.8970644],[-99.3528895,19.897076],[-99.3526607,19.8970859],[-99.352123,19.8971168],[-99.351951,19.8971196],[-99.3518785,19.8971235],[-99.3506442,19.897191],[-99.3491182,19.8976096],[-99.3489283,19.8973318],[-99.3480469,19.8973365],[-99.3476363,19.8973387],[-99.3472346,19.8973408],[-99.3465336,19.8974428],[-99.3463703,19.8974666],[-99.3460835,19.8974395],[-99.3455719,19.8973912],[-99.3448116,19.8973653],[-99.3440416,19.8973003]]]},"properties":{"locality":"SAN JUAN OTLAXPA","official_key":"1306300010009","CVE_ENT":"13","CVE_MUN":"063","CVE_LOC":"0001","CVE_ASEN":"0009","settlement_type":"COLONIA","source":"INEGI DCAH 2025"}},{"type":"Feature","geometry":{"type":"Polygon","coordinates":[[[-99.3280107,19.9081532],[-99.3278797,19.9070627],[-99.3277487,19.9059723],[-99.3276177,19.9048818],[-99.326751,19.904347],[-99.3265347,19.9043795],[-99.3260679,19.9046011],[-99.3250144,19.9050957],[-99.3247629,19.905368],[-99.3246254,19.9054757],[-99.3234883,19.9059634],[-99.3234731,19.9059709],[-99.3231295,19.905812],[-99.3228933,19.9057049],[-99.3224821,19.9055289],[-99.3223928,19.9046283],[-99.3227119,19.9044394],[-99.3226925,19.904401],[-99.3232697,19.9040501],[-99.3232941,19.9040343],[-99.3232642,19.9040177],[-99.3232409,19.9039698],[-99.3232342,19.9038066],[-99.3232248,19.9033788],[-99.3232172,19.9029597],[-99.3232151,19.9022059],[-99.3232125,19.9018917],[-99.3229179,19.9018843],[-99.3229203,19.9015841],[-99.323215,19.9015749],[-99.3232558,19.9014968],[-99.3233258,19.9014418],[-99.3236584,19.9013863],[-99.3239312,19.9012788],[-99.324221,19.9011531],[-99.3248937,19.9009772],[-99.3252037,19.900904],[-99.3251726,19.900747],[-99.3260508,19.8998344],[-99.3269288,19.8989218],[-99.3270558,19.8989324],[-99.3271193,19.8989343],[-99.3272755,19.8989388],[-99.3276001,19.89895],[-99.3277144,19.8989295],[-99.3277982,19.8988686],[-99.327907,19.8988177],[-99.3280088,19.8987734],[-99.3281481,19.8987197],[-99.3282982,19.8986458],[-99.3284761,19.8985338],[-99.3286889,19.8983046],[-99.328975,19.8980041],[-99.3291639,19.8978141],[-99.3292443,19.8976692],[-99.329397,19.897527],[-99.3296666,19.897316],[-99.3298196,19.8972631],[-99.3302841,19.8971067],[-99.3305723,19.8970541],[-99.331078,19.8969083],[-99.3312481,19.8968298],[-99.3312338,19.8967023],[-99.3314708,19.896669],[-99.3318059,19.8966165],[-99.3324704,19.8964595],[-99.3335604,19.8962051],[-99.3342107,19.8960571],[-99.3349528,19.8958863],[-99.3358395,19.8956581],[-99.3359115,19.8956487],[-99.336175,19.8956144],[-99.3363475,19.8955329],[-99.3366989,19.8955779],[-99.3367765,19.8954977],[-99.3371957,19.8949438],[-99.3373751,19.8947167],[-99.3374496,19.8946676],[-99.3375179,19.8946784],[-99.3376207,19.8947378],[-99.3368246,19.8958896],[-99.3369387,19.8958916],[-99.3370029,19.8958519],[-99.3371216,19.8957485],[-99.3372683,19.8956383],[-99.3374239,19.8955883],[-99.3377284,19.8955792],[-99.337977,19.8955764],[-99.338122,19.8955526],[-99.3382242,19.8954913],[-99.3388205,19.8950065],[-99.3393157,19.8950106],[-99.3397807,19.8950423],[-99.3401782,19.8950471],[-99.3403278,19.8950488],[-99.3404974,19.8951086],[-99.3406616,19.8951308],[-99.3410999,19.8950294],[-99.3415233,19.8948634],[-99.3418448,19.8946797],[-99.3419047,19.8946593],[-99.342301,19.8949331],[-99.3428412,19.8950978],[-99.3430593,19.8951643],[-99.3433837,19.8952512],[-99.3434473,19.8954541],[-99.3435998,19.8958915],[-99.3438114,19.8963845],[-99.343989,19.8967582],[-99.3440481,19.8967926],[-99.3440482,19.8968695],[-99.3440414,19.8972202],[-99.3440416,19.8973003],[-99.3440205,19.897425],[-99.3440152,19.8974721],[-99.3437438,19.897802],[-99.3435707,19.898119],[-99.3433173,19.8985758],[-99.3431323,19.8989095],[-99.3429858,19.8991773],[-99.3428704,19.8994119],[-99.3427247,19.8996027],[-99.3424761,19.8998043],[-99.3422292,19.8999874],[-99.3419454,19.9003561],[-99.3417974,19.9006469],[-99.3417144,19.9008671],[-99.3416193,19.901179],[-99.3415067,19.9015005],[-99.3414065,19.901759],[-99.3412815,19.902021],[-99.3411663,19.9023573],[-99.3410787,19.9025996],[-99.3409965,19.9030431],[-99.3409562,19.903329],[-99.3408975,19.9038798],[-99.3409157,19.9041131],[-99.3409364,19.9043849],[-99.3409473,19.9047573],[-99.3409165,19.9049355],[-99.3395531,19.9047468],[-99.3393132,19.904721],[-99.3391034,19.9046788],[-99.3389231,19.9046661],[-99.3382338,19.90462],[-99.3377202,19.9045921],[-99.3375797,19.9043961],[-99.337354,19.9041394],[-99.3371604,19.9040115],[-99.3359766,19.9036835],[-99.3357963,19.9036578],[-99.3356273,19.9036418],[-99.3356048,19.9034396],[-99.335576,19.9031804],[-99.3349458,19.9033336],[-99.3348014,19.903451],[-99.3347111,19.9037246],[-99.3347324,19.9040447],[-99.3345887,19.9044707],[-99.3344723,19.9046407],[-99.3341879,19.9049809],[-99.3337754,19.9053254],[-99.3334687,19.9056205],[-99.3332985,19.9059854],[-99.3332754,19.9060348],[-99.3327052,19.9068777],[-99.3324613,19.9072719],[-99.3324069,19.9073306],[-99.332255,19.9073153],[-99.3316911,19.9072586],[-99.3316256,19.9073041],[-99.3299091,19.9073423],[-99.3291076,19.9073823],[-99.3290919,19.9073454],[-99.3286782,19.9074547],[-99.3283705,19.9077272],[-99.3281358,19.9080046],[-99.3280624,19.9080918],[-99.3280107,19.9081532]],[[-99.3392042,19.9018226],[-99.3397068,19.9017151],[-99.3400406,19.9017145],[-99.3408447,19.9017397],[-99.3408379,19.9016779],[-99.3409064,19.9014406],[-99.3409283,19.9011752],[-99.3409706,19.9007454],[-99.3409826,19.9005454],[-99.3409766,19.9002844],[-99.3410132,19.8996727],[-99.3411591,19.8981964],[-99.3413325,19.897691],[-99.3415856,19.8972352],[-99.3410357,19.8971187],[-99.3400705,19.8970544],[-99.3382949,19.8974016],[-99.3375062,19.8976337],[-99.3371137,19.8974157],[-99.3367607,19.8976027],[-99.3357563,19.8984803],[-99.335609,19.8989741],[-99.3356331,19.8991479],[-99.3358002,19.89951],[-99.336026,19.8996834],[-99.3364416,19.8997836],[-99.3370673,19.8998784],[-99.3373938,19.8999731],[-99.3377094,19.9004884],[-99.3379597,19.900987],[-99.3381702,19.9018771],[-99.338494,19.9018513],[-99.3390351,19.9018393],[-99.3392042,19.9018226]]]},"properties":{"locality":"SAN MATEO PRIMERA","official_key":"1306300010010","CVE_ENT":"13","CVE_MUN":"063","CVE_LOC":"0001","CVE_ASEN":"0010","settlement_type":"COLONIA","source":"INEGI DCAH 2025"}},{"type":"Feature","geometry":{"type":"Polygon","coordinates":[[[-99.3437211,19.8830481],[-99.3436428,19.8836232],[-99.3436363,19.8836709],[-99.3440535,19.8838472],[-99.3449731,19.8842358],[-99.34548,19.88445],[-99.3454338,19.8845608],[-99.3453022,19.8848316],[-99.3450773,19.8850998],[-99.3447483,19.8853463],[-99.3444863,19.8855896],[-99.3444582,19.8856429],[-99.3443537,19.8858414],[-99.3443037,19.8860584],[-99.3442747,19.8861629],[-99.3442399,19.8862884],[-99.3441208,19.8863971],[-99.343722,19.8866668],[-99.3435162,19.886764],[-99.3433004,19.8867843],[-99.3430791,19.8867638],[-99.3428359,19.8868549],[-99.3427263,19.8873292],[-99.3427268,19.8875286],[-99.3427278,19.8879131],[-99.3427279,19.8879807],[-99.3427736,19.8886359],[-99.3429226,19.8893188],[-99.343095,19.8897265],[-99.3434874,19.8903741],[-99.3438498,19.8908474],[-99.3440728,19.8912602],[-99.3440444,19.8917482],[-99.3433213,19.8923944],[-99.3431594,19.8925551],[-99.3429461,19.8928761],[-99.342954,19.8931131],[-99.3430503,19.8933012],[-99.3430512,19.8933036],[-99.3432272,19.8937786],[-99.3431826,19.8948094],[-99.3430593,19.8951643],[-99.3428412,19.8950978],[-99.342301,19.8949331],[-99.3419047,19.8946593],[-99.3418448,19.8946797],[-99.3415233,19.8948634],[-99.3410999,19.8950294],[-99.3406616,19.8951308],[-99.3404974,19.8951086],[-99.3403278,19.8950488],[-99.3401782,19.8950471],[-99.3397807,19.8950423],[-99.3393157,19.8950106],[-99.3388205,19.8950065],[-99.3382242,19.8954913],[-99.338122,19.8955526],[-99.337977,19.8955764],[-99.3377284,19.8955792],[-99.3374239,19.8955883],[-99.3372683,19.8956383],[-99.3371216,19.8957485],[-99.3370029,19.8958519],[-99.3369387,19.8958916],[-99.3368246,19.8958896],[-99.3376207,19.8947378],[-99.3375179,19.8946784],[-99.3374496,19.8946676],[-99.3373751,19.8947167],[-99.3371957,19.8949438],[-99.3367765,19.8954977],[-99.3366989,19.8955779],[-99.3363475,19.8955329],[-99.336175,19.8956144],[-99.3359115,19.8956487],[-99.3358395,19.8956581],[-99.3349528,19.8958863],[-99.3342107,19.8960571],[-99.3335604,19.8962051],[-99.3324704,19.8964595],[-99.3318059,19.8966165],[-99.3314708,19.896669],[-99.3312338,19.8967023],[-99.331048,19.8955673],[-99.3315479,19.8943136],[-99.3320477,19.89306],[-99.3333739,19.8926828],[-99.3334019,19.8916414],[-99.3334298,19.8906],[-99.3328889,19.8906042],[-99.332882,19.8904049],[-99.3331478,19.8902815],[-99.3330419,19.8902561],[-99.3328997,19.8902587],[-99.3326561,19.8901409],[-99.3323366,19.8899298],[-99.3326702,19.8899648],[-99.3330001,19.8900832],[-99.3332026,19.8900694],[-99.3334595,19.8898402],[-99.3335157,19.8898073],[-99.3336443,19.8897321],[-99.3335443,19.88966],[-99.3332165,19.8889255],[-99.3327601,19.8880904],[-99.332454,19.8881165],[-99.3321904,19.8881161],[-99.3320771,19.888031],[-99.3320466,19.8875956],[-99.3320433,19.8870593],[-99.3317781,19.8858362],[-99.3312198,19.8849407],[-99.3307855,19.8844224],[-99.3308821,19.8842229],[-99.3311539,19.8839437],[-99.331199,19.8838203],[-99.3314027,19.883795],[-99.3316221,19.8838853],[-99.3319565,19.8838687],[-99.3323627,19.8837584],[-99.3326806,19.883745],[-99.3328836,19.883685],[-99.3331236,19.8835982],[-99.333667,19.8835247],[-99.3340717,19.8834386],[-99.3344079,19.883439],[-99.3348657,19.8833156],[-99.3350108,19.8836152],[-99.3352316,19.8841306],[-99.3355598,19.8844143],[-99.3367091,19.8848549],[-99.3372549,19.8849025],[-99.3377383,19.8849936],[-99.3378951,19.8850524],[-99.3378846,19.8838568],[-99.3381573,19.8834642],[-99.3382331,19.8834638],[-99.338481,19.883483],[-99.3386468,19.8834243],[-99.3388185,19.8833559],[-99.3390222,19.8832894],[-99.3391738,19.8831664],[-99.3395144,19.8830848],[-99.3405556,19.8824161],[-99.3407489,19.8825469],[-99.3418336,19.882219],[-99.3427018,19.8819716],[-99.3428104,19.8821499],[-99.3429162,19.8823236],[-99.3432086,19.8828041],[-99.3433452,19.8828691],[-99.3435149,19.8829499],[-99.3435311,19.8829577],[-99.3437211,19.8830481]]]},"properties":{"locality":"SAN MATEO SEGUNDA","official_key":"1306300010011","CVE_ENT":"13","CVE_MUN":"063","CVE_LOC":"0001","CVE_ASEN":"0011","settlement_type":"COLONIA","source":"INEGI DCAH 2025"}},{"type":"Feature","geometry":{"type":"Polygon","coordinates":[[[-99.3435162,19.886764],[-99.343722,19.8866668],[-99.3441208,19.8863971],[-99.3442399,19.8862884],[-99.3442747,19.8861629],[-99.3443037,19.8860584],[-99.3443537,19.8858414],[-99.3444582,19.8856429],[-99.3444863,19.8855896],[-99.3447483,19.8853463],[-99.3450773,19.8850998],[-99.3453022,19.8848316],[-99.3454338,19.8845608],[-99.34548,19.88445],[-99.3458926,19.8846244],[-99.3460183,19.8846782],[-99.3460931,19.884705],[-99.3461616,19.8847294],[-99.3462977,19.8848486],[-99.3468904,19.8854029],[-99.3473455,19.8858285],[-99.3479163,19.8863584],[-99.3484196,19.8866431],[-99.3483207,19.8868147],[-99.3476885,19.8878252],[-99.347499,19.888128],[-99.3474851,19.8881809],[-99.3474309,19.8882413],[-99.3472954,19.8883581],[-99.3470938,19.8887471],[-99.3470123,19.8890701],[-99.3463249,19.8888731],[-99.3459526,19.8888441],[-99.3448569,19.8890048],[-99.3448863,19.8892588],[-99.3448699,19.8894054],[-99.3448217,19.889615],[-99.344722,19.889714],[-99.3446388,19.8895575],[-99.3444364,19.8891768],[-99.3440225,19.8879997],[-99.3436081,19.8869882],[-99.3435162,19.886764]]]},"properties":{"locality":"TAXHIDO","official_key":"1306300010012","CVE_ENT":"13","CVE_MUN":"063","CVE_LOC":"0001","CVE_ASEN":"0012","settlement_type":"COLONIA","source":"INEGI DCAH 2025"}},{"type":"Feature","geometry":{"type":"Polygon","coordinates":[[[-99.3350718,19.9195147],[-99.3350276,19.9193784],[-99.3349704,19.9191226],[-99.3349258,19.9188292],[-99.3349066,19.9186178],[-99.3349371,19.9182087],[-99.3350367,19.9177921],[-99.334948,19.9173624],[-99.3347773,19.9169642],[-99.3343378,19.9167486],[-99.3337351,19.9165364],[-99.333128,19.9162754],[-99.3326729,19.916134],[-99.3323811,19.9160575],[-99.3318906,19.9161],[-99.3313954,19.9162461],[-99.3310286,19.9163446],[-99.3307307,19.9163363],[-99.3306207,19.9162268],[-99.3305913,19.9161369],[-99.3305857,19.9160164],[-99.3306188,19.9158286],[-99.3306436,19.9156389],[-99.33069,19.9153246],[-99.3307169,19.9149611],[-99.3307822,19.9146764],[-99.3308571,19.9144057],[-99.3309413,19.9141053],[-99.3313274,19.9138459],[-99.3317972,19.913519],[-99.3320976,19.9132428],[-99.3323825,19.9129903],[-99.3325584,19.9127338],[-99.3326803,19.9125053],[-99.3328859,19.911691],[-99.332493,19.9112975],[-99.3320241,19.9108993],[-99.3318763,19.9107217],[-99.3318007,19.9105737],[-99.331788,19.9104966],[-99.3317903,19.9104466],[-99.3316734,19.9104263],[-99.3314091,19.9104436],[-99.3314908,19.9093863],[-99.3315726,19.9083289],[-99.3316256,19.9073041],[-99.3316911,19.9072586],[-99.332255,19.9073153],[-99.3324069,19.9073306],[-99.3324613,19.9072719],[-99.3327052,19.9068777],[-99.3332754,19.9060348],[-99.3332985,19.9059854],[-99.3334687,19.9056205],[-99.3337754,19.9053254],[-99.3341879,19.9049809],[-99.3344723,19.9046407],[-99.3345887,19.9044707],[-99.3347324,19.9040447],[-99.3347111,19.9037246],[-99.3348014,19.903451],[-99.3349458,19.9033336],[-99.335576,19.9031804],[-99.3356048,19.9034396],[-99.3356273,19.9036418],[-99.3357198,19.9044359],[-99.3358024,19.9050303],[-99.3359177,19.9056621],[-99.3360111,19.9060793],[-99.3360485,19.9062459],[-99.3360601,19.9062977],[-99.3361187,19.9065156],[-99.3367578,19.90901],[-99.3368667,19.909435],[-99.3369523,19.90975],[-99.3371581,19.9105644],[-99.3372141,19.9107859],[-99.3372677,19.9109999],[-99.3373911,19.9115283],[-99.3378181,19.9133575],[-99.3379557,19.9139611],[-99.3376313,19.9140217],[-99.3372484,19.9154859],[-99.3365791,19.9180452],[-99.3372898,19.9181406],[-99.337353,19.9181405],[-99.3374836,19.91813],[-99.3375565,19.9181501],[-99.3376486,19.9181898],[-99.3377022,19.9182464],[-99.3378222,19.9182861],[-99.337922,19.918313],[-99.3380778,19.9183729],[-99.3382297,19.9184457],[-99.3382998,19.9185215],[-99.3382912,19.9186159],[-99.3382259,19.9186904],[-99.3381303,19.9186992],[-99.338028,19.9186486],[-99.3379558,19.9186067],[-99.337855,19.9186304],[-99.3377978,19.9187007],[-99.3377223,19.9187654],[-99.3376448,19.9187987],[-99.3375877,19.9188058],[-99.3374715,19.9188478],[-99.3373132,19.9189055],[-99.3372031,19.9189639],[-99.3370649,19.9191169],[-99.3370189,19.9192019],[-99.3368547,19.9192957],[-99.3365003,19.9194751],[-99.3361572,19.9196381],[-99.3361535,19.9196399],[-99.3359918,19.9196924],[-99.3357644,19.9196276],[-99.3356055,19.9195248],[-99.3354772,19.9194267],[-99.335361,19.9193866],[-99.3352501,19.9193948],[-99.3351044,19.9194927],[-99.3350726,19.9195142],[-99.3350718,19.9195147]]]},"properties":{"locality":"EL CERRITO","official_key":"1306300010013","CVE_ENT":"13","CVE_MUN":"063","CVE_LOC":"0001","CVE_ASEN":"0013","settlement_type":"COLONIA","source":"INEGI DCAH 2025"}},{"type":"Feature","geometry":{"type":"Polygon","coordinates":[[[-99.3388147,19.9439363],[-99.3387765,19.9439193],[-99.3387516,19.9439227],[-99.3385191,19.9439546],[-99.3383905,19.9439722],[-99.3383712,19.9439641],[-99.3382967,19.9439333],[-99.3378998,19.9437689],[-99.3378428,19.9437004],[-99.3377319,19.9435671],[-99.3377309,19.9435659],[-99.3377208,19.9435537],[-99.3377185,19.94356],[-99.3376532,19.9435294],[-99.3376519,19.9435288],[-99.3376415,19.9433006],[-99.3376991,19.9432915],[-99.3377775,19.943279],[-99.3379957,19.9432662],[-99.338193,19.9432451],[-99.3382979,19.9431223],[-99.3383145,19.942927],[-99.3383369,19.9426271],[-99.3382591,19.9424674],[-99.3379475,19.942178],[-99.3378071,19.941821],[-99.3375799,19.9415004],[-99.3373134,19.941313],[-99.3372332,19.9412842],[-99.3370354,19.9411848],[-99.3368413,19.9408935],[-99.3367418,19.9403229],[-99.3366869,19.9395828],[-99.3368323,19.9386115],[-99.3369047,19.9383159],[-99.3371427,19.9380865],[-99.3368718,19.9379098],[-99.3366274,19.9376273],[-99.3364895,19.9374563],[-99.3364516,19.9372673],[-99.3364945,19.9369021],[-99.3365168,19.9365219],[-99.3364688,19.9365564],[-99.3360739,19.9368212],[-99.3356603,19.9370906],[-99.3353143,19.9373469],[-99.3349473,19.9376789],[-99.3347874,19.9378151],[-99.3344086,19.9381915],[-99.334271,19.9381509],[-99.3340445,19.9379671],[-99.333864,19.9375278],[-99.3338904,19.9370893],[-99.3342786,19.9361548],[-99.3345159,19.935895],[-99.334471,19.9351917],[-99.3344168,19.9349548],[-99.3343852,19.9346624],[-99.334481,19.9343202],[-99.334577,19.9339468],[-99.334691,19.9336616],[-99.3347018,19.9336246],[-99.3347868,19.9333308],[-99.3346836,19.9330175],[-99.3346472,19.9327647],[-99.3348264,19.9322076],[-99.3350778,19.931844],[-99.3352692,19.9315259],[-99.3354063,19.9310983],[-99.3352611,19.9305765],[-99.3350696,19.9299563],[-99.3351187,19.9296743],[-99.3353331,19.9292588],[-99.3355312,19.9290157],[-99.3355652,19.9286855],[-99.3355888,19.9285786],[-99.3356659,19.9284997],[-99.3357716,19.9278636],[-99.3356814,19.9276488],[-99.3356727,19.92746],[-99.3355971,19.9271218],[-99.335605,19.926933],[-99.3355214,19.9267365],[-99.335439,19.9263995],[-99.3353379,19.9259807],[-99.3352705,19.9257437],[-99.335128,19.9255384],[-99.3351359,19.9253171],[-99.3348586,19.9252796],[-99.3346958,19.9251916],[-99.3343571,19.9247921],[-99.3343218,19.9247239],[-99.3342961,19.9246409],[-99.3342938,19.9246059],[-99.3342426,19.9244814],[-99.3342309,19.9244158],[-99.3342258,19.924284],[-99.33468,19.9228612],[-99.3348669,19.9227096],[-99.3351751,19.9225585],[-99.3351932,19.9224576],[-99.3351837,19.9222991],[-99.3350762,19.9219334],[-99.3349712,19.9213382],[-99.3350402,19.9208126],[-99.3350825,19.9201356],[-99.3350718,19.9195147],[-99.3350726,19.9195142],[-99.3351044,19.9194927],[-99.3352501,19.9193948],[-99.335361,19.9193866],[-99.3354772,19.9194267],[-99.3356055,19.9195248],[-99.3357644,19.9196276],[-99.3359918,19.9196924],[-99.3361535,19.9196399],[-99.3361572,19.9196381],[-99.3365003,19.9194751],[-99.3368547,19.9192957],[-99.3370189,19.9192019],[-99.3370649,19.9191169],[-99.3372031,19.9189639],[-99.3373132,19.9189055],[-99.3374715,19.9188478],[-99.3375877,19.9188058],[-99.3376448,19.9187987],[-99.3377223,19.9187654],[-99.3377978,19.9187007],[-99.337855,19.9186304],[-99.3379558,19.9186067],[-99.338028,19.9186486],[-99.3381303,19.9186992],[-99.3382259,19.9186904],[-99.3382912,19.9186159],[-99.3382998,19.9185215],[-99.3382297,19.9184457],[-99.3380778,19.9183729],[-99.337922,19.918313],[-99.3378222,19.9182861],[-99.3377022,19.9182464],[-99.3376486,19.9181898],[-99.3375565,19.9181501],[-99.3374836,19.91813],[-99.337353,19.9181405],[-99.3372898,19.9181406],[-99.3372331,19.9181098],[-99.3372176,19.9180049],[-99.3372739,19.91784],[-99.3373758,19.9176691],[-99.337627,19.9175768],[-99.3377292,19.9175602],[-99.3378413,19.9175726],[-99.3379312,19.9175804],[-99.3380098,19.917559],[-99.3381151,19.9175088],[-99.3381641,19.9174115],[-99.3381683,19.9172805],[-99.3381753,19.9170188],[-99.3381604,19.9166853],[-99.3381593,19.9166664],[-99.3381369,19.9162773],[-99.3381366,19.9161359],[-99.3381686,19.9159983],[-99.3382896,19.9158491],[-99.3383976,19.9157714],[-99.3384529,19.915962],[-99.3385288,19.9162237],[-99.3386347,19.9166664],[-99.3387862,19.9172998],[-99.3389235,19.9180893],[-99.3390179,19.9190894],[-99.3390278,19.9193326],[-99.3390637,19.9202172],[-99.3390805,19.9204377],[-99.3391336,19.9204444],[-99.3392527,19.9204364],[-99.3392703,19.9204353],[-99.3392902,19.9201845],[-99.3394823,19.9197354],[-99.3395709,19.9196048],[-99.3397351,19.9190754],[-99.339763,19.9190353],[-99.3399435,19.9187746],[-99.3399941,19.91874],[-99.339976,19.9186057],[-99.3398906,19.9179705],[-99.3395533,19.9156103],[-99.3395365,19.9155179],[-99.3395095,19.9153483],[-99.3394552,19.9150067],[-99.3393701,19.9144937],[-99.3391455,19.9136327],[-99.339673,19.9136417],[-99.3400176,19.913677],[-99.3402681,19.9136927],[-99.3411677,19.9137829],[-99.3416215,19.9138321],[-99.3425818,19.9140287],[-99.3430752,19.9142185],[-99.3431749,19.9142767],[-99.3436442,19.9144877],[-99.3439416,19.9145945],[-99.3443466,19.9147066],[-99.3447138,19.9147829],[-99.345118,19.9148568],[-99.3454677,19.9149194],[-99.3456191,19.9149439],[-99.3459397,19.9150121],[-99.3461375,19.9148988],[-99.3462568,19.9148408],[-99.3464955,19.9148073],[-99.346621,19.9148126],[-99.3466189,19.9148727],[-99.3465562,19.9150878],[-99.3463904,19.9154257],[-99.3462383,19.9156777],[-99.3458766,19.9161581],[-99.3457755,19.9162838],[-99.3455823,19.9164628],[-99.3454957,19.9165861],[-99.3454597,19.9166683],[-99.3457276,19.9167579],[-99.3459703,19.9168093],[-99.3462306,19.9167926],[-99.3463779,19.9167599],[-99.3465366,19.9167663],[-99.3466961,19.9168534],[-99.3468128,19.9169422],[-99.3469619,19.9169953],[-99.347131,19.9170176],[-99.3472731,19.9169817],[-99.34741,19.9168973],[-99.3475931,19.9168516],[-99.3476898,19.9168557],[-99.3477852,19.916898],[-99.348124,19.9169236],[-99.3484877,19.916954],[-99.3486304,19.9169706],[-99.3488416,19.9170864],[-99.3490636,19.9171794],[-99.3492499,19.917224],[-99.3496039,19.9172233],[-99.3497912,19.9171981],[-99.3498177,19.917129],[-99.3499583,19.917141],[-99.3501574,19.9172333],[-99.3502876,19.9173371],[-99.3508167,19.917465],[-99.3512489,19.9175179],[-99.3515758,19.9175987],[-99.3516582,19.9176286],[-99.3524876,19.9179301],[-99.353015,19.9181288],[-99.3532841,19.9182626],[-99.35376,19.9185257],[-99.353881,19.9186147],[-99.3539738,19.9186438],[-99.3540209,19.9189367],[-99.3546534,19.9193213],[-99.3548423,19.919454],[-99.3550109,19.9196889],[-99.3553543,19.9199782],[-99.3555212,19.9201485],[-99.3555356,19.9203848],[-99.3554527,19.9205622],[-99.3551762,19.9210092],[-99.3551008,19.9214375],[-99.3551997,19.922224],[-99.3548765,19.922531],[-99.3548842,19.922989],[-99.3547528,19.9232389],[-99.3547534,19.9235124],[-99.3546659,19.9237088],[-99.3547039,19.9238514],[-99.3546289,19.9240121],[-99.3546365,19.924751],[-99.354664,19.9251936],[-99.3546557,19.9254384],[-99.3544624,19.9258564],[-99.3542951,19.9260572],[-99.3541724,19.9264667],[-99.3542967,19.9267588],[-99.3544475,19.9269206],[-99.3544401,19.9272134],[-99.3544378,19.9273065],[-99.3541447,19.9272114],[-99.353528,19.9269698],[-99.3529262,19.9269383],[-99.3521976,19.9269046],[-99.3521212,19.9269237],[-99.3520806,19.9270782],[-99.3520834,19.9272831],[-99.3521812,19.9275632],[-99.3523124,19.9279852],[-99.352624,19.9285053],[-99.3528612,19.9294646],[-99.3529707,19.9301296],[-99.3529903,19.9305942],[-99.35294,19.9307626],[-99.3527436,19.9310034],[-99.3524282,19.9313212],[-99.3526021,19.9316615],[-99.3521587,19.9315618],[-99.3516482,19.9312949],[-99.351225,19.9317615],[-99.3504371,19.9313208],[-99.3497302,19.9306349],[-99.3497241,19.930629],[-99.3493321,19.9309757],[-99.3493883,19.9310981],[-99.3493561,19.931113],[-99.3491675,19.9314226],[-99.3491511,19.9314374],[-99.3486123,19.9310933],[-99.348193,19.9307563],[-99.347754,19.9303156],[-99.347476,19.9300661],[-99.3470454,19.9297065],[-99.3467456,19.929348],[-99.3462899,19.9288089],[-99.3460349,19.9285525],[-99.3458634,19.9284026],[-99.3457796,19.9283112],[-99.3457208,19.9282412],[-99.3456572,19.9280842],[-99.3455378,19.9278826],[-99.3454944,19.9278094],[-99.3454174,19.9277265],[-99.3453612,19.9277041],[-99.3452412,19.9276562],[-99.3450661,19.9275332],[-99.3449573,19.9273898],[-99.3449238,19.9272837],[-99.3449056,19.9270507],[-99.3448944,19.927023],[-99.3448596,19.9269371],[-99.3448075,19.9268762],[-99.3444094,19.9278189],[-99.3444079,19.9278223],[-99.3440002,19.9287458],[-99.3438607,19.9286704],[-99.3437245,19.9283671],[-99.343316,19.9280225],[-99.3425676,19.9275873],[-99.3423889,19.9274944],[-99.3423582,19.9277446],[-99.3423204,19.9281204],[-99.3422943,19.928328],[-99.3422516,19.9286447],[-99.3422113,19.9289228],[-99.3421519,19.9293171],[-99.3421071,19.9297501],[-99.3420575,19.9301921],[-99.3420456,19.9302834],[-99.3420486,19.9305417],[-99.3420254,19.9306901],[-99.3419338,19.9309619],[-99.3421234,19.9323731],[-99.3425371,19.9325365],[-99.3431597,19.9328641],[-99.3429051,19.9336618],[-99.3423943,19.9352619],[-99.3423922,19.9352686],[-99.3421745,19.9353508],[-99.3402936,19.9360609],[-99.3402559,19.9362209],[-99.3402044,19.9364399],[-99.339983,19.9371935],[-99.3399231,19.9374278],[-99.3399068,19.9374917],[-99.3397947,19.9377439],[-99.3397197,19.9378258],[-99.3396078,19.9378142],[-99.3396232,19.9378568],[-99.3396223,19.9379004],[-99.3396264,19.9379369],[-99.339628,19.9379766],[-99.3395697,19.9380099],[-99.3395527,19.938027],[-99.3395403,19.9380395],[-99.3394552,19.9381249],[-99.3394058,19.938215],[-99.3393912,19.9382632],[-99.3393319,19.9384591],[-99.3393402,19.9387671],[-99.3393487,19.9387982],[-99.3393694,19.9388744],[-99.3392568,19.9389178],[-99.3392335,19.9389268],[-99.3391655,19.9390335],[-99.3390862,19.9392302],[-99.3390108,19.939417],[-99.3389892,19.9394707],[-99.3387522,19.9400602],[-99.338576,19.9406328],[-99.3385493,19.9409839],[-99.3385479,19.9410305],[-99.3385491,19.9410363],[-99.3386173,19.9413747],[-99.3387175,19.9417592],[-99.3387244,19.9417855],[-99.3387288,19.9418088],[-99.3387896,19.9421307],[-99.3387947,19.9421575],[-99.3388376,19.9422998],[-99.3388706,19.9423581],[-99.3389433,19.9424866],[-99.3389496,19.9424977],[-99.3389528,19.9425033],[-99.3390093,19.9425787],[-99.339153,19.9427707],[-99.3393574,19.9429566],[-99.3394829,19.9430654],[-99.3395959,19.9440851],[-99.3396165,19.944271],[-99.3394753,19.9442306],[-99.3389943,19.9440163],[-99.3388147,19.9439363]]]},"properties":{"locality":"TLAXINACALPAN","official_key":"1306300010014","CVE_ENT":"13","CVE_MUN":"063","CVE_LOC":"0001","CVE_ASEN":"0014","settlement_type":"COLONIA","source":"INEGI DCAH 2025"}},{"type":"Feature","geometry":{"type":"Polygon","coordinates":[[[-99.3505452,19.8052421],[-99.3501453,19.8050022],[-99.3494301,19.8046818],[-99.3491459,19.8046436],[-99.348856,19.8045635],[-99.3488388,19.8044491],[-99.3490009,19.8039303],[-99.3491917,19.8036175],[-99.3493366,19.8035793],[-99.3500195,19.803133],[-99.3501587,19.8030644],[-99.35042,19.8027668],[-99.3507271,19.8025532],[-99.3509273,19.8025379],[-99.3513164,19.8023281],[-99.3514805,19.8022404],[-99.3516312,19.8021183],[-99.3517284,19.8019848],[-99.3518848,19.8018665],[-99.3520508,19.8018284],[-99.352335,19.8016148],[-99.3525162,19.8013134],[-99.352663,19.8011608],[-99.3528061,19.8009701],[-99.3532505,19.8000927],[-99.3534126,19.799654],[-99.3535042,19.7994862],[-99.3538132,19.7992039],[-99.3542652,19.7986279],[-99.3543415,19.7984371],[-99.3544502,19.798193],[-99.3545818,19.7979069],[-99.3547344,19.7977161],[-99.3547668,19.7976246],[-99.3547439,19.7974987],[-99.3547344,19.7973919],[-99.3547764,19.7972355],[-99.3548412,19.7971897],[-99.3549328,19.7971096],[-99.355051,19.7970486],[-99.3551941,19.7968731],[-99.3547897,19.7965298],[-99.3546963,19.7966251],[-99.3546257,19.796751],[-99.3545456,19.7968845],[-99.3543739,19.7968884],[-99.354269,19.7969685],[-99.3542328,19.7971935],[-99.3540726,19.7972889],[-99.35396,19.7974949],[-99.3538284,19.7976322],[-99.3536224,19.797945],[-99.3535538,19.7980557],[-99.3533134,19.7983227],[-99.3532009,19.7984486],[-99.3529377,19.7986393],[-99.3529224,19.7986851],[-99.3528423,19.7987232],[-99.3525505,19.7988911],[-99.3522224,19.7987537],[-99.3521652,19.7979794],[-99.3519726,19.7981357],[-99.3518276,19.7983913],[-99.3519382,19.7989063],[-99.3519421,19.7989903],[-99.3519802,19.7992687],[-99.3522148,19.7996883],[-99.3521957,19.8001728],[-99.3519497,19.8006268],[-99.3515587,19.8010311],[-99.3505097,19.8017712],[-99.3498402,19.8020077],[-99.349453,19.8014088],[-99.3492813,19.8012752],[-99.349081,19.8010235],[-99.3489418,19.8007527],[-99.3487644,19.8004742],[-99.3485165,19.8002567],[-99.3478565,19.7998791],[-99.3475437,19.799715],[-99.3471718,19.7995319],[-99.3469353,19.799284],[-99.3467197,19.7990322],[-99.3467846,19.7983074],[-99.346941,19.7972698],[-99.347187,19.7965756],[-99.3472901,19.7964344],[-99.3472786,19.7962589],[-99.3471203,19.795969],[-99.3469105,19.7958431],[-99.3466205,19.795702],[-99.3462963,19.7956028],[-99.3459606,19.795538],[-99.3455276,19.7954388],[-99.3451996,19.7953854],[-99.3449986,19.7954291],[-99.3449746,19.7952713],[-99.344971,19.7952471],[-99.3449671,19.7952215],[-99.3449594,19.795171],[-99.3449554,19.7951446],[-99.3449826,19.7949371],[-99.344987,19.794904],[-99.3450298,19.7945776],[-99.34506,19.7943481],[-99.3450609,19.7943412],[-99.3453626,19.7939676],[-99.3453735,19.793954],[-99.3455464,19.7935149],[-99.3455589,19.7934833],[-99.3457351,19.7931283],[-99.3457196,19.7930668],[-99.3456967,19.792976],[-99.3456592,19.7928276],[-99.3456488,19.7927866],[-99.3455002,19.7927749],[-99.3454188,19.7927686],[-99.3454105,19.7927679],[-99.3451645,19.7927487],[-99.3451645,19.7927487],[-99.3451644,19.7927487],[-99.3449784,19.7927342],[-99.3449681,19.7927334],[-99.3447413,19.7926919],[-99.3446756,19.79268],[-99.3446678,19.7926785],[-99.3446344,19.7926724],[-99.3446321,19.7926551],[-99.3446253,19.7926059],[-99.3445966,19.7923966],[-99.3445964,19.7923953],[-99.3445964,19.7923952],[-99.3445744,19.7922355],[-99.344559,19.7921546],[-99.344559,19.7921546],[-99.3444938,19.7918137],[-99.3444846,19.7917657],[-99.3444815,19.7917494],[-99.3443221,19.7915015],[-99.3442853,19.7914442],[-99.3443189,19.7912089],[-99.3443402,19.7909181],[-99.3443853,19.7906511],[-99.3444199,19.7904456],[-99.3444371,19.7903435],[-99.3445263,19.7900257],[-99.3445742,19.7898552],[-99.3445757,19.7898499],[-99.3445732,19.7898396],[-99.3445732,19.7898395],[-99.3444611,19.7893671],[-99.3444431,19.7892915],[-99.3444447,19.789288],[-99.3446163,19.788907],[-99.3446188,19.7889016],[-99.3451104,19.7885852],[-99.3454433,19.7882921],[-99.3458481,19.7881684],[-99.34597,19.7881312],[-99.346055,19.7879834],[-99.3460869,19.7879278],[-99.3461235,19.7878642],[-99.3461704,19.7876949],[-99.3469524,19.7873516],[-99.3478241,19.7871761],[-99.3483333,19.7871761],[-99.3489151,19.7873058],[-99.3491554,19.7874165],[-99.3495865,19.7878857],[-99.3497295,19.7880383],[-99.3500023,19.7883015],[-99.3503895,19.7885609],[-99.3505726,19.7887478],[-99.3506699,19.7887745],[-99.3507633,19.788744],[-99.3508606,19.7886372],[-99.3508492,19.7884503],[-99.3508186,19.7882519],[-99.3508244,19.787981],[-99.3508873,19.7878704],[-99.3517303,19.7874622],[-99.3521099,19.7873592],[-99.3523807,19.7872143],[-99.352541,19.7870884],[-99.3526134,19.7869511],[-99.3526058,19.7869282],[-99.3525867,19.7868977],[-99.352438,19.7869206],[-99.3523121,19.7869663],[-99.3521614,19.7869892],[-99.3519821,19.7870045],[-99.3517456,19.7870121],[-99.351635,19.7869892],[-99.3509712,19.7866383],[-99.3507252,19.7864895],[-99.350441,19.7863865],[-99.3501663,19.7863636],[-99.3497829,19.7864475],[-99.3493137,19.7864666],[-99.3484878,19.7864857],[-99.3482094,19.7865582],[-99.3479385,19.7865658],[-99.3470669,19.7863178],[-99.3469257,19.7864094],[-99.3465557,19.7864437],[-99.3462086,19.7865543],[-99.3459663,19.7865849],[-99.3453903,19.7865772],[-99.345129,19.7864399],[-99.3449478,19.7862072],[-99.3449882,19.786054],[-99.3453448,19.7856002],[-99.3455611,19.7853249],[-99.345619,19.7852598],[-99.345619,19.7852598],[-99.3459139,19.7849284],[-99.3459345,19.7849052],[-99.3459442,19.7848943],[-99.3459953,19.7846965],[-99.345997,19.7846898],[-99.3459988,19.7846829],[-99.3457795,19.7844493],[-99.3457392,19.784414],[-99.3455971,19.7842894],[-99.345577,19.7842718],[-99.3455513,19.7842493],[-99.3450279,19.7839735],[-99.3448751,19.783893],[-99.344494,19.7836851],[-99.3444061,19.7836372],[-99.344001,19.7834163],[-99.3432991,19.7829622],[-99.3432648,19.78294],[-99.3430421,19.7827848],[-99.3429591,19.7826932],[-99.3426831,19.7823885],[-99.342673,19.7823773],[-99.3426698,19.7823739],[-99.3427608,19.7823409],[-99.3429688,19.7822654],[-99.34313,19.7822958],[-99.3431301,19.7822958],[-99.3432334,19.7823152],[-99.3434205,19.7823504],[-99.3434547,19.7823569],[-99.3434706,19.7823599],[-99.3436246,19.7822869],[-99.3437326,19.7822357],[-99.3437543,19.7822179],[-99.3437728,19.7822027],[-99.3439403,19.7820653],[-99.3440143,19.7820046],[-99.3440327,19.7819895],[-99.3439177,19.7816294],[-99.3439177,19.7816293],[-99.3438573,19.7814403],[-99.343842,19.7813615],[-99.3437806,19.7810445],[-99.3436657,19.7807623],[-99.343653,19.7807312],[-99.3436399,19.780699],[-99.3435814,19.7806269],[-99.3434803,19.7805021],[-99.3439522,19.7802543],[-99.3439922,19.7802297],[-99.3441128,19.7801558],[-99.3442215,19.7800891],[-99.3445074,19.7799139],[-99.3445114,19.7799114],[-99.3445173,19.7799079],[-99.3445508,19.7795559],[-99.3445546,19.7795156],[-99.3445585,19.7794752],[-99.3445605,19.7794545],[-99.3446255,19.7794531],[-99.3455925,19.7794704],[-99.3457194,19.7795479],[-99.3457186,19.7798065],[-99.3456757,19.7801722],[-99.345754,19.7802485],[-99.3461059,19.7805479],[-99.3465066,19.7807601],[-99.3466747,19.7807781],[-99.3472503,19.7808571],[-99.347869,19.7809125],[-99.3482193,19.7809409],[-99.3482971,19.780939],[-99.348713,19.7810165],[-99.3488592,19.7810162],[-99.3490135,19.7810086],[-99.3491866,19.7809628],[-99.3497215,19.7808889],[-99.350036,19.7808152],[-99.3500223,19.7807313],[-99.3509265,19.7803533],[-99.351683,19.7800119],[-99.3519473,19.7798492],[-99.3520477,19.7797539],[-99.3523259,19.7796032],[-99.3524961,19.7795846],[-99.3531721,19.7796743],[-99.3531599,19.779952],[-99.3531041,19.7802858],[-99.3530773,19.7804144],[-99.352939,19.7808858],[-99.3528339,19.7811184],[-99.3526546,19.7813327],[-99.3524213,19.7816337],[-99.3523236,19.7817435],[-99.3521553,19.7818995],[-99.3519199,19.7820677],[-99.3517736,19.7821473],[-99.3516757,19.7822096],[-99.3516173,19.7822976],[-99.351585,19.7823489],[-99.3516194,19.7823855],[-99.3517022,19.7823993],[-99.3524727,19.7825992],[-99.3527042,19.7825771],[-99.3529265,19.7825682],[-99.3531506,19.7825224],[-99.3539087,19.7822621],[-99.3548202,19.7821057],[-99.3552133,19.781963],[-99.3560448,19.781862],[-99.356245,19.7817308],[-99.3566724,19.7819225],[-99.3561792,19.7836086],[-99.3561392,19.7836563],[-99.3565681,19.7837469],[-99.3567651,19.7837633],[-99.3569034,19.783763],[-99.3570235,19.783774],[-99.3573657,19.783874],[-99.3580145,19.7840239],[-99.358867,19.7841927],[-99.3589453,19.7842139],[-99.3589371,19.7843084],[-99.3589082,19.784549],[-99.3588337,19.7849753],[-99.3588285,19.7851148],[-99.3588049,19.7852178],[-99.3587229,19.7855264],[-99.3587212,19.7856204],[-99.3589249,19.7858442],[-99.3588946,19.7858651],[-99.3580217,19.7859203],[-99.3577439,19.7859165],[-99.357759,19.7857218],[-99.3572418,19.7856718],[-99.3568303,19.7856247],[-99.3567618,19.7855529],[-99.3566833,19.7855388],[-99.3565684,19.7855533],[-99.3564986,19.7855879],[-99.3564219,19.7856025],[-99.3563576,19.7856515],[-99.3561146,19.7856143],[-99.355993,19.7855978],[-99.3559479,19.7855851],[-99.3558613,19.7855639],[-99.3557881,19.785556],[-99.3556158,19.7855177],[-99.3554726,19.7854903],[-99.3552397,19.7854238],[-99.3546308,19.7852412],[-99.3543882,19.785161],[-99.3541359,19.7850891],[-99.3539471,19.7850332],[-99.3534173,19.7849018],[-99.3530567,19.7848075],[-99.3529868,19.7847868],[-99.3529615,19.7847938],[-99.3530352,19.7849086],[-99.3531592,19.7850575],[-99.3535185,19.7854907],[-99.3536758,19.7856805],[-99.3538235,19.7858861],[-99.3538416,19.7859325],[-99.3538402,19.7860424],[-99.3538184,19.7862208],[-99.3537301,19.7866468],[-99.3536641,19.7870441],[-99.3536232,19.7873173],[-99.3536107,19.7878765],[-99.3536491,19.788317],[-99.3536163,19.7890478],[-99.3536791,19.7890595],[-99.3543667,19.7892466],[-99.3549486,19.7894717],[-99.3551786,19.7895593],[-99.3556363,19.7896767],[-99.3556626,19.7896958],[-99.3556392,19.7898761],[-99.3553834,19.7902931],[-99.3551569,19.7912653],[-99.3554907,19.7918601],[-99.3556185,19.7920472],[-99.3556235,19.7921235],[-99.3554194,19.7921843],[-99.3545966,19.7922984],[-99.3541185,19.7920809],[-99.3538898,19.7919791],[-99.3537331,19.7919494],[-99.3534955,19.7918003],[-99.3538142,19.7921528],[-99.3540422,19.7922257],[-99.354274,19.7925414],[-99.3543801,19.7926265],[-99.3544514,19.7926743],[-99.3546354,19.7926831],[-99.3548174,19.7927501],[-99.354982,19.7927812],[-99.3551647,19.7928382],[-99.3552423,19.7928829],[-99.3553562,19.7929096],[-99.3554022,19.7929589],[-99.3554925,19.7930007],[-99.3556062,19.7929361],[-99.3559125,19.7928766],[-99.3560613,19.7928069],[-99.3562099,19.792691],[-99.3564306,19.7926232],[-99.3566061,19.7925766],[-99.3568328,19.7925782],[-99.3569017,19.7926012],[-99.3570195,19.7926094],[-99.3571476,19.7925793],[-99.3574068,19.792603],[-99.3574586,19.7926867],[-99.3576491,19.7928322],[-99.3578275,19.7929518],[-99.3578805,19.7928836],[-99.3579095,19.7928365],[-99.3580089,19.7928379],[-99.3581067,19.792888],[-99.3581793,19.7929692],[-99.3583182,19.7930175],[-99.3585309,19.7931095],[-99.3586258,19.7931177],[-99.3587543,19.7930899],[-99.3589616,19.7930862],[-99.3590421,19.7931023],[-99.3591176,19.7931475],[-99.359099,19.7932675],[-99.3591701,19.79334],[-99.3592295,19.7934505],[-99.3592311,19.7935905],[-99.3592733,19.7938433],[-99.3592063,19.7939671],[-99.3591259,19.7940347],[-99.3589553,19.7940337],[-99.358739,19.7940113],[-99.3586339,19.794027],[-99.3586073,19.7941211],[-99.3587137,19.7942594],[-99.3588509,19.7943218],[-99.3592129,19.7946324],[-99.3592321,19.7946925],[-99.3593427,19.794742],[-99.3594165,19.7947643],[-99.3595221,19.7948968],[-99.3595935,19.7950886],[-99.3599593,19.7956081],[-99.3601027,19.7958569],[-99.3601852,19.796085],[-99.3603674,19.7962093],[-99.3604032,19.7968741],[-99.3601067,19.7974193],[-99.3598713,19.797479],[-99.3598259,19.7974791],[-99.3598438,19.797596],[-99.3599827,19.7976935],[-99.3601118,19.7979104],[-99.3601552,19.7981417],[-99.3602872,19.7985184],[-99.3600605,19.7986965],[-99.359307,19.7989389],[-99.3590065,19.7992221],[-99.3590476,19.7995274],[-99.3591944,19.7997448],[-99.3592177,19.800031],[-99.3591584,19.8006383],[-99.3590375,19.8009403],[-99.3587023,19.8012337],[-99.3586415,19.8014843],[-99.3586833,19.8016505],[-99.3587223,19.8017997],[-99.3589058,19.8020437],[-99.3589789,19.802468],[-99.3590217,19.8028458],[-99.3591421,19.8031769],[-99.3592123,19.8035883],[-99.3590882,19.8039882],[-99.3589837,19.8042511],[-99.3589106,19.8044196],[-99.3587037,19.804543],[-99.3583026,19.8045661],[-99.3580112,19.8044863],[-99.3579114,19.8044399],[-99.3576485,19.8041834],[-99.3575923,19.8041522],[-99.3573487,19.8039311],[-99.3569891,19.8039339],[-99.3567577,19.8039365],[-99.3566982,19.8039364],[-99.3566462,19.803905],[-99.3565189,19.8038314],[-99.3564065,19.80378],[-99.3562693,19.8037023],[-99.3561047,19.8034924],[-99.3560515,19.803337],[-99.3560018,19.8031937],[-99.3559449,19.8030802],[-99.3559118,19.8030303],[-99.3558413,19.8028846],[-99.3557619,19.8028152],[-99.3556987,19.8027825],[-99.3556655,19.8027782],[-99.3555981,19.8027454],[-99.3555295,19.8027096],[-99.3554864,19.8026791],[-99.3554545,19.8026516],[-99.3553984,19.8030191],[-99.3552802,19.8037155],[-99.3551899,19.8042976],[-99.3551162,19.80465],[-99.3550701,19.8049755],[-99.3550358,19.8049717],[-99.3542957,19.804987],[-99.3540535,19.804987],[-99.3539483,19.8049601],[-99.3537401,19.8050322],[-99.3535799,19.8051103],[-99.3534787,19.8051359],[-99.3533644,19.80513],[-99.3532524,19.8051129],[-99.3530674,19.8051243],[-99.3528499,19.8051891],[-99.3526821,19.8052959],[-99.3526459,19.8054409],[-99.3524532,19.8055477],[-99.3522034,19.8055897],[-99.3519935,19.8056621],[-99.3513126,19.8057766],[-99.3511058,19.8057635],[-99.3509693,19.8055439],[-99.3507881,19.8053532],[-99.3505452,19.8052421]]]},"properties":{"locality":"LA LOMA","official_key":"1306300050001","CVE_ENT":"13","CVE_MUN":"063","CVE_LOC":"0005","CVE_ASEN":"0001","settlement_type":"BARRIO","source":"INEGI DCAH 2025"}},{"type":"Feature","geometry":{"type":"Polygon","coordinates":[[[-99.2812865,19.9352897],[-99.2815286,19.9358942],[-99.2819925,19.9368806],[-99.2825205,19.9378584],[-99.2828731,19.9384938],[-99.2836515,19.9398084],[-99.2834491,19.9399593],[-99.2825248,19.9404744],[-99.2815194,19.9409926],[-99.2812851,19.9411399],[-99.2811022,19.9412699],[-99.2810978,19.9412916],[-99.2811227,19.9414173],[-99.2812952,19.9420157],[-99.2812944,19.942017],[-99.2813079,19.9420642],[-99.2814969,19.9426512],[-99.2816402,19.9430282],[-99.2812509,19.9431172],[-99.2809054,19.944126],[-99.2808344,19.9443295],[-99.2807189,19.9447967],[-99.2805353,19.9454388],[-99.2804589,19.9454624],[-99.2799796,19.9455797],[-99.2791282,19.9457126],[-99.2790536,19.9457242],[-99.2789555,19.9457459],[-99.2783791,19.9458734],[-99.2779102,19.9459912],[-99.277628,19.9460484],[-99.2768621,19.9462264],[-99.276102,19.946383],[-99.275393,19.9465329],[-99.2753258,19.9465568],[-99.2749633,19.9466336],[-99.2747515,19.9466446],[-99.2746549,19.9466512],[-99.2744949,19.9466061],[-99.2743547,19.9465534],[-99.2743313,19.9465446],[-99.2739256,19.9466625],[-99.2739164,19.9466259],[-99.273815,19.94622],[-99.273716,19.9458426],[-99.2737097,19.9457],[-99.2737595,19.9451659],[-99.2735302,19.94519],[-99.273354,19.9446311],[-99.2725881,19.9439748],[-99.2712197,19.9426337],[-99.2709426,19.9423622],[-99.2725005,19.9415866],[-99.2729997,19.9413474],[-99.2746529,19.940517],[-99.2748154,19.9404341],[-99.275646,19.9400182],[-99.2762945,19.9396861],[-99.2770264,19.9393087],[-99.2774232,19.9390892],[-99.2776144,19.9389885],[-99.2776288,19.9389574],[-99.2778116,19.9362823],[-99.2784499,19.9360255],[-99.2785046,19.936011],[-99.2790538,19.9358471],[-99.2795895,19.9356691],[-99.2801151,19.935553],[-99.2805872,19.9354446],[-99.2812865,19.9352897]]]},"properties":{"locality":"BARRIO ALTO","official_key":"1306300060001","CVE_ENT":"13","CVE_MUN":"063","CVE_LOC":"0006","CVE_ASEN":"0001","settlement_type":"COLONIA","source":"INEGI DCAH 2025"}},{"type":"Feature","geometry":{"type":"Polygon","coordinates":[[[-99.2874757,19.9501898],[-99.2869555,19.9501193],[-99.2866486,19.9500318],[-99.2863648,19.9499032],[-99.2862495,19.949811],[-99.2859952,19.94962],[-99.2857978,19.9493722],[-99.2856121,19.9490937],[-99.2854862,19.9487843],[-99.2854321,19.9485612],[-99.285405,19.9481034],[-99.2854356,19.9480165],[-99.2854774,19.9478875],[-99.2856411,19.947227],[-99.2857792,19.9465671],[-99.2859347,19.9458138],[-99.2861681,19.9449609],[-99.2862761,19.9451243],[-99.2865599,19.9458403],[-99.286683,19.9461639],[-99.286809,19.9464337],[-99.286898,19.9465819],[-99.2870553,19.9468087],[-99.287283,19.9471151],[-99.2874555,19.9472589],[-99.2876436,19.9474296],[-99.2877714,19.9475591],[-99.2878361,19.9476288],[-99.2878689,19.9476519],[-99.2878383,19.9477169],[-99.2878558,19.9477518],[-99.2882554,19.9485481],[-99.2884983,19.9490323],[-99.2885305,19.9490961],[-99.2885581,19.9491507],[-99.2885991,19.9492319],[-99.2886112,19.949256],[-99.288831,19.9493689],[-99.2889983,19.9494452],[-99.2891673,19.9495518],[-99.289239,19.9496848],[-99.2894,19.9500019],[-99.2894275,19.9500705],[-99.2894412,19.950105],[-99.2894395,19.9501138],[-99.2894307,19.9501583],[-99.2894295,19.950164],[-99.2893502,19.9502024],[-99.2891854,19.9501953],[-99.2891036,19.9501917],[-99.2890797,19.9501907],[-99.2884226,19.9502012],[-99.2878919,19.9501956],[-99.2874757,19.9501898]]]},"properties":{"locality":"EL BORDO","official_key":"1306300060002","CVE_ENT":"13","CVE_MUN":"063","CVE_LOC":"0006","CVE_ASEN":"0002","settlement_type":"COLONIA","source":"INEGI DCAH 2025"}},{"type":"Feature","geometry":{"type":"Polygon","coordinates":[[[-99.2746549,19.9466512],[-99.2747515,19.9466446],[-99.2749633,19.9466336],[-99.2753258,19.9465568],[-99.275393,19.9465329],[-99.276102,19.946383],[-99.2768621,19.9462264],[-99.277628,19.9460484],[-99.2779102,19.9459912],[-99.2783791,19.9458734],[-99.2789555,19.9457459],[-99.2790536,19.9457242],[-99.2798204,19.9469067],[-99.2800758,19.9473004],[-99.2804256,19.9478399],[-99.2806079,19.9481209],[-99.2807595,19.9483572],[-99.281579,19.9495709],[-99.2820935,19.9503679],[-99.282201,19.9505],[-99.2822171,19.9505193],[-99.2822741,19.9505757],[-99.2828781,19.9516173],[-99.2829996,19.9518156],[-99.2830769,19.9519418],[-99.2831832,19.9520866],[-99.283229,19.9521491],[-99.2838048,19.9529335],[-99.284242,19.9535796],[-99.2841755,19.9536456],[-99.2835567,19.95426],[-99.2826625,19.9551042],[-99.2812458,19.9524488],[-99.2802509,19.9530662],[-99.2797081,19.9529357],[-99.2792149,19.9528758],[-99.2791585,19.9529559],[-99.2790796,19.9531161],[-99.2790637,19.9531484],[-99.2790197,19.9531893],[-99.2789785,19.9530484],[-99.2786701,19.9519936],[-99.2778159,19.9508856],[-99.2775005,19.9504805],[-99.2772736,19.9501428],[-99.2766048,19.949379],[-99.2765807,19.9493162],[-99.2768472,19.9491866],[-99.2767256,19.9488929],[-99.2762874,19.9488563],[-99.2758529,19.9482278],[-99.2758319,19.9481716],[-99.2755059,19.9477316],[-99.2751177,19.9472525],[-99.2746549,19.9466512]]]},"properties":{"locality":"BUENOS AIRES","official_key":"1306300060003","CVE_ENT":"13","CVE_MUN":"063","CVE_LOC":"0006","CVE_ASEN":"0003","settlement_type":"COLONIA","source":"INEGI DCAH 2025"}},{"type":"Feature","geometry":{"type":"Polygon","coordinates":[[[-99.2828781,19.9516173],[-99.2822741,19.9505757],[-99.2822171,19.9505193],[-99.282201,19.9505],[-99.2820935,19.9503679],[-99.281579,19.9495709],[-99.2807595,19.9483572],[-99.2806079,19.9481209],[-99.2804256,19.9478399],[-99.2800758,19.9473004],[-99.2798204,19.9469067],[-99.2790536,19.9457242],[-99.2791282,19.9457126],[-99.2799796,19.9455797],[-99.2804589,19.9454624],[-99.2805353,19.9454388],[-99.2807189,19.9447967],[-99.2808344,19.9443295],[-99.2809054,19.944126],[-99.2812509,19.9431172],[-99.2816402,19.9430282],[-99.2814969,19.9426512],[-99.2813079,19.9420642],[-99.2812944,19.942017],[-99.2812952,19.9420157],[-99.2811227,19.9414173],[-99.2810978,19.9412916],[-99.2811022,19.9412699],[-99.2812851,19.9411399],[-99.2815194,19.9409926],[-99.2825248,19.9404744],[-99.2834491,19.9399593],[-99.2836515,19.9398084],[-99.2842313,19.9408014],[-99.28454,19.9413606],[-99.2846152,19.941504],[-99.2846728,19.9416684],[-99.2848304,19.9420192],[-99.2849213,19.9421935],[-99.2849634,19.9422964],[-99.2850371,19.9424144],[-99.2852569,19.9427637],[-99.2853999,19.9429469],[-99.285627,19.9433374],[-99.2856724,19.9434201],[-99.28594,19.9439075],[-99.2860404,19.9441394],[-99.2861359,19.9445156],[-99.286165,19.9448341],[-99.2861681,19.9449609],[-99.2859347,19.9458138],[-99.2857792,19.9465671],[-99.2856411,19.947227],[-99.2854774,19.9478875],[-99.2854356,19.9480165],[-99.285405,19.9481034],[-99.2854321,19.9485612],[-99.2854862,19.9487843],[-99.2856121,19.9490937],[-99.2857978,19.9493722],[-99.2859952,19.94962],[-99.2862495,19.949811],[-99.2856505,19.9500466],[-99.2855708,19.9501195],[-99.2854934,19.9502612],[-99.2853654,19.950504],[-99.28522,19.9506175],[-99.2850603,19.9506636],[-99.2848619,19.9506753],[-99.2846508,19.9507323],[-99.2845282,19.9507945],[-99.28442,19.9509727],[-99.2844002,19.9510806],[-99.2843486,19.951491],[-99.2841542,19.9514406],[-99.2840442,19.9515491],[-99.2839705,19.9516454],[-99.2839372,19.9517153],[-99.2839024,19.9517707],[-99.2838676,19.9517945],[-99.2838105,19.9518091],[-99.2837366,19.9518118],[-99.2835917,19.9518186],[-99.2834677,19.9518399],[-99.2833654,19.9519084],[-99.2832682,19.9520027],[-99.2831832,19.9520866],[-99.2830769,19.9519418],[-99.2829996,19.9518156],[-99.2828781,19.9516173]]]},"properties":{"locality":"CENTRO","official_key":"1306300060004","CVE_ENT":"13","CVE_MUN":"063","CVE_LOC":"0006","CVE_ASEN":"0004","settlement_type":"COLONIA","source":"INEGI DCAH 2025"}},{"type":"Feature","geometry":{"type":"Polygon","coordinates":[[[-99.2862761,19.9451243],[-99.2861681,19.9449609],[-99.2862274,19.9450157],[-99.2864415,19.9451025],[-99.2878522,19.9455793],[-99.2878791,19.9455823],[-99.2883873,19.9456409],[-99.2892958,19.9456877],[-99.2895117,19.9456984],[-99.2901274,19.9458596],[-99.2901498,19.9458743],[-99.2900726,19.9459126],[-99.2898753,19.9460693],[-99.2897544,19.946186],[-99.2894764,19.9464125],[-99.2893639,19.9464952],[-99.2892011,19.9466349],[-99.2890704,19.9467374],[-99.2888392,19.946898],[-99.2885021,19.9471103],[-99.2883742,19.9471739],[-99.2882186,19.9473113],[-99.2879983,19.9475551],[-99.2878689,19.9476519],[-99.2878361,19.9476288],[-99.2877714,19.9475591],[-99.2876436,19.9474296],[-99.2874555,19.9472589],[-99.287283,19.9471151],[-99.2870553,19.9468087],[-99.286898,19.9465819],[-99.286809,19.9464337],[-99.286683,19.9461639],[-99.2865599,19.9458403],[-99.2862761,19.9451243]]]},"properties":{"locality":"EL CERRITO","official_key":"1306300060005","CVE_ENT":"13","CVE_MUN":"063","CVE_LOC":"0006","CVE_ASEN":"0005","settlement_type":"COLONIA","source":"INEGI DCAH 2025"}},{"type":"Feature","geometry":{"type":"Polygon","coordinates":[[[-99.2861681,19.9449609],[-99.286165,19.9448341],[-99.2861359,19.9445156],[-99.2860404,19.9441394],[-99.28594,19.9439075],[-99.2856724,19.9434201],[-99.285627,19.9433374],[-99.2853999,19.9429469],[-99.2852569,19.9427637],[-99.2850371,19.9424144],[-99.2849634,19.9422964],[-99.2849213,19.9421935],[-99.2852696,19.9420338],[-99.2855289,19.9419367],[-99.285876,19.9419154],[-99.2862635,19.9419977],[-99.286595,19.9421074],[-99.286847,19.9421802],[-99.2871667,19.9421736],[-99.2874179,19.9422005],[-99.287524,19.9421717],[-99.2875717,19.9421207],[-99.2876471,19.9420004],[-99.2876934,19.9419295],[-99.2877271,19.9418216],[-99.2877572,19.941712],[-99.287805,19.9415272],[-99.2880146,19.941511],[-99.2881814,19.9415199],[-99.2882194,19.941522],[-99.288475,19.9416195],[-99.2887104,19.9418476],[-99.2887951,19.9420705],[-99.2887835,19.9423096],[-99.2886709,19.9426558],[-99.2885943,19.9429989],[-99.288484,19.9432677],[-99.2884485,19.9433872],[-99.2884274,19.9435638],[-99.288485,19.943786],[-99.2885543,19.9439511],[-99.2886048,19.9440812],[-99.2887499,19.9445653],[-99.2888061,19.9447058],[-99.2890677,19.9450119],[-99.2892078,19.9451223],[-99.2893305,19.9451805],[-99.2895371,19.9452378],[-99.2896574,19.9452994],[-99.2897588,19.9453869],[-99.2898738,19.9455661],[-99.289968,19.9456828],[-99.2900616,19.9457789],[-99.2901629,19.9458405],[-99.2901498,19.9458743],[-99.2901274,19.9458596],[-99.2895117,19.9456984],[-99.2892958,19.9456877],[-99.2883873,19.9456409],[-99.2878791,19.9455823],[-99.2878522,19.9455793],[-99.2864415,19.9451025],[-99.2862274,19.9450157],[-99.2861681,19.9449609]]]},"properties":{"locality":"LA HACIENDA","official_key":"1306300060006","CVE_ENT":"13","CVE_MUN":"063","CVE_LOC":"0006","CVE_ASEN":"0006","settlement_type":"COLONIA","source":"INEGI DCAH 2025"}},{"type":"Feature","geometry":{"type":"Polygon","coordinates":[[[-99.2831832,19.9520866],[-99.2832682,19.9520027],[-99.2833654,19.9519084],[-99.2834677,19.9518399],[-99.2835917,19.9518186],[-99.2837366,19.9518118],[-99.2838105,19.9518091],[-99.2838676,19.9517945],[-99.2839024,19.9517707],[-99.2839372,19.9517153],[-99.2839705,19.9516454],[-99.2840442,19.9515491],[-99.2841542,19.9514406],[-99.2843486,19.951491],[-99.2844002,19.9510806],[-99.28442,19.9509727],[-99.2845282,19.9507945],[-99.2846508,19.9507323],[-99.2848619,19.9506753],[-99.2850603,19.9506636],[-99.28522,19.9506175],[-99.2853654,19.950504],[-99.2854934,19.9502612],[-99.2855708,19.9501195],[-99.2856505,19.9500466],[-99.2862495,19.949811],[-99.2863648,19.9499032],[-99.2866486,19.9500318],[-99.2869555,19.9501193],[-99.2874757,19.9501898],[-99.2878919,19.9501956],[-99.2884226,19.9502012],[-99.2890797,19.9501907],[-99.2890911,19.9502134],[-99.2894668,19.9509619],[-99.2895029,19.9510338],[-99.2895029,19.9510339],[-99.2895367,19.9511011],[-99.2897712,19.9515684],[-99.2902174,19.9524298],[-99.2902638,19.9524662],[-99.2902732,19.9524736],[-99.2903074,19.9525219],[-99.2903303,19.9525936],[-99.2903623,19.9527465],[-99.2902726,19.952787],[-99.2902681,19.952789],[-99.2901624,19.9528086],[-99.2901167,19.9528225],[-99.2891736,19.9531108],[-99.2882289,19.9534019],[-99.288188,19.9534145],[-99.2881864,19.953415],[-99.2876507,19.9535801],[-99.2873209,19.9535516],[-99.2872655,19.9535468],[-99.2872586,19.9535462],[-99.2869283,19.9535177],[-99.2867416,19.9535044],[-99.2865279,19.9534909],[-99.2861103,19.9534643],[-99.2860346,19.9534578],[-99.2860036,19.9534551],[-99.2859548,19.9534509],[-99.285211,19.9533869],[-99.2846212,19.9533238],[-99.2845516,19.9533164],[-99.2843157,19.9535169],[-99.284242,19.9535796],[-99.2838048,19.9529335],[-99.283229,19.9521491],[-99.2831832,19.9520866]]]},"properties":{"locality":"LOS HORNOS","official_key":"1306300060007","CVE_ENT":"13","CVE_MUN":"063","CVE_LOC":"0006","CVE_ASEN":"0007","settlement_type":"COLONIA","source":"INEGI DCAH 2025"}},{"type":"Feature","geometry":{"type":"Polygon","coordinates":[[[-99.2836515,19.9398084],[-99.2828731,19.9384938],[-99.2825205,19.9378584],[-99.2819925,19.9368806],[-99.2815286,19.9358942],[-99.2812865,19.9352897],[-99.2814445,19.935243],[-99.2832433,19.9351403],[-99.2838346,19.9350914],[-99.283893,19.9351147],[-99.2840829,19.9353769],[-99.2841844,19.9352999],[-99.2844129,19.9352102],[-99.2862934,19.9345642],[-99.2863767,19.9344599],[-99.286387,19.9344905],[-99.2866024,19.9377925],[-99.2866819,19.9379636],[-99.2867107,19.9379959],[-99.2868257,19.9380604],[-99.2865839,19.9381871],[-99.2861309,19.9383825],[-99.2862506,19.9385379],[-99.2865323,19.9388315],[-99.2867983,19.9390722],[-99.2868722,19.9391444],[-99.2869243,19.9392783],[-99.2869458,19.9394264],[-99.2868275,19.9394723],[-99.2867188,19.9395183],[-99.286694,19.9395367],[-99.2870718,19.9400747],[-99.2871969,19.940276],[-99.2873754,19.9404807],[-99.2873921,19.9406633],[-99.2873455,19.9408352],[-99.2873462,19.9409288],[-99.2873435,19.941063],[-99.287321,19.941173],[-99.2873379,19.9412923],[-99.2874417,19.941406],[-99.2876154,19.9414922],[-99.287805,19.9415272],[-99.2877572,19.941712],[-99.2877271,19.9418216],[-99.2876934,19.9419295],[-99.2876471,19.9420004],[-99.2875717,19.9421207],[-99.287524,19.9421717],[-99.2874179,19.9422005],[-99.2871667,19.9421736],[-99.286847,19.9421802],[-99.286595,19.9421074],[-99.2862635,19.9419977],[-99.285876,19.9419154],[-99.2855289,19.9419367],[-99.2852696,19.9420338],[-99.2849213,19.9421935],[-99.2848304,19.9420192],[-99.2846728,19.9416684],[-99.2846152,19.941504],[-99.28454,19.9413606],[-99.2842313,19.9408014],[-99.2836515,19.9398084]]]},"properties":{"locality":"EL SABINO","official_key":"1306300060008","CVE_ENT":"13","CVE_MUN":"063","CVE_LOC":"0006","CVE_ASEN":"0008","settlement_type":"COLONIA","source":"INEGI DCAH 2025"}},{"type":"Feature","geometry":{"type":"Polygon","coordinates":[[[-99.3526077,19.8228436],[-99.3525085,19.8228664],[-99.3524561,19.8227719],[-99.3523932,19.8223528],[-99.3523904,19.8221103],[-99.3523843,19.8220459],[-99.3523317,19.82197],[-99.3523326,19.8218553],[-99.3522867,19.8216392],[-99.3521721,19.8213365],[-99.3521012,19.8211846],[-99.3520082,19.8210513],[-99.3519584,19.8209662],[-99.3518848,19.8208214],[-99.3516118,19.8205061],[-99.3514796,19.8203815],[-99.351385,19.8202614],[-99.351309,19.8201318],[-99.3511963,19.820001],[-99.3511135,19.8199167],[-99.3509731,19.8196426],[-99.3505658,19.8193141],[-99.3504388,19.8191858],[-99.350322,19.8190806],[-99.3500982,19.8188944],[-99.3500365,19.8187515],[-99.3500573,19.818631],[-99.3501733,19.8185138],[-99.3503703,19.8183756],[-99.350583,19.8183045],[-99.3507865,19.8182107],[-99.3510325,19.8180743],[-99.3512292,19.8179268],[-99.3514096,19.8177884],[-99.3516027,19.8176523],[-99.3516869,19.8175715],[-99.3517527,19.8173424],[-99.3518075,19.8171543],[-99.351786,19.816964],[-99.3517338,19.8164938],[-99.3517345,19.8161115],[-99.3517123,19.8159121],[-99.3516992,19.8157645],[-99.3516067,19.8157093],[-99.3514793,19.815585],[-99.3511137,19.8152247],[-99.3509964,19.8150757],[-99.3508872,19.8149207],[-99.3507632,19.814695],[-99.3506651,19.8144867],[-99.350598,19.8142839],[-99.3505942,19.8140548],[-99.3505306,19.8136337],[-99.3504957,19.8134412],[-99.350522,19.813091],[-99.3505689,19.8129285],[-99.3504947,19.8126672],[-99.3502802,19.8123412],[-99.350066,19.8120172],[-99.3499915,19.8118479],[-99.3499638,19.8117734],[-99.3498795,19.8114827],[-99.3498268,19.8112721],[-99.3497478,19.8106829],[-99.3497168,19.8102457],[-99.349759,19.8100017],[-99.3498245,19.8097012],[-99.3498647,19.8095947],[-99.3501356,19.8090079],[-99.3503602,19.8085205],[-99.3505315,19.8082781],[-99.350685,19.8078477],[-99.3507559,19.8076509],[-99.3508074,19.8074029],[-99.3508548,19.8072526],[-99.3510135,19.8068547],[-99.3510626,19.8067637],[-99.3511169,19.8067079],[-99.3511957,19.8066743],[-99.3512244,19.8066591],[-99.3512693,19.8066763],[-99.3512593,19.8068429],[-99.3512541,19.8069247],[-99.3512967,19.8069132],[-99.3513514,19.806906],[-99.3514939,19.8068795],[-99.3515636,19.8068625],[-99.3518262,19.8067971],[-99.3520793,19.8067886],[-99.3522989,19.8068202],[-99.3523655,19.8068332],[-99.3524727,19.8068666],[-99.3525398,19.8068664],[-99.352606,19.8068495],[-99.3527009,19.806812],[-99.3527886,19.8067659],[-99.3529184,19.8066637],[-99.3531042,19.8065722],[-99.3532025,19.8065145],[-99.3533134,19.8064079],[-99.3534134,19.8063563],[-99.3534467,19.8063305],[-99.3536123,19.8061906],[-99.3537725,19.8060126],[-99.3538835,19.8058249],[-99.3540496,19.8055348],[-99.3541886,19.8052344],[-99.3542986,19.8050038],[-99.3546129,19.8049939],[-99.3550257,19.8049866],[-99.3550701,19.8049755],[-99.3550587,19.8052311],[-99.3549976,19.8055935],[-99.3549614,19.8061275],[-99.3549862,19.8064976],[-99.3550358,19.8070355],[-99.3550644,19.8072643],[-99.3550873,19.8075237],[-99.3551598,19.8085613],[-99.3551846,19.8089352],[-99.3552627,19.8093166],[-99.3553257,19.8096714],[-99.3553486,19.8100529],[-99.3553658,19.810545],[-99.3553677,19.8113003],[-99.3553524,19.8121319],[-99.3552837,19.8128872],[-99.3552647,19.8132381],[-99.3553276,19.8135815],[-99.3554268,19.81394],[-99.3554859,19.8142147],[-99.355526,19.8144932],[-99.3554954,19.8147755],[-99.355423,19.81497],[-99.3551884,19.8153934],[-99.3551674,19.8154774],[-99.3551445,19.8155918],[-99.3551598,19.8162022],[-99.3551064,19.8166714],[-99.3550758,19.816843],[-99.3549938,19.8171215],[-99.3546963,19.8183613],[-99.354648,19.8186416],[-99.3546162,19.8188267],[-99.3545265,19.8194141],[-99.3544254,19.8201733],[-99.3543987,19.8202419],[-99.3543606,19.8203487],[-99.354332,19.8205814],[-99.3544121,19.8210049],[-99.3546734,19.8218174],[-99.3547363,19.8220806],[-99.3547351,19.8222951],[-99.3547696,19.8224602],[-99.3548384,19.8226663],[-99.3549318,19.8228225],[-99.3550869,19.8230182],[-99.3551375,19.82299],[-99.3551953,19.8229187],[-99.3552679,19.8228217],[-99.3553407,19.822783],[-99.3556704,19.8227531],[-99.3558555,19.8227119],[-99.35598,19.8226673],[-99.356285,19.8225543],[-99.3564758,19.8224773],[-99.3565721,19.8224463],[-99.3566875,19.8223781],[-99.3567886,19.8222942],[-99.3568573,19.8222027],[-99.3568821,19.8221187],[-99.3569298,19.8220806],[-99.3570023,19.822073],[-99.3571224,19.8222675],[-99.3571733,19.8224086],[-99.3572159,19.8225269],[-99.3571873,19.8226185],[-99.3570671,19.8229427],[-99.3570347,19.8230228],[-99.3569827,19.8232263],[-99.3569598,19.8233157],[-99.3569469,19.8233662],[-99.3569111,19.823355],[-99.3561516,19.8231907],[-99.3559513,19.8231716],[-99.3557835,19.8231907],[-99.3556576,19.8232479],[-99.3556232,19.8233395],[-99.3555889,19.8234043],[-99.3555775,19.8234882],[-99.3555689,19.82353],[-99.3555486,19.8237713],[-99.3555375,19.8238566],[-99.3555126,19.8239155],[-99.355463,19.8239803],[-99.3553772,19.8240833],[-99.3553104,19.8241482],[-99.3552475,19.8241901],[-99.3551845,19.8242397],[-99.355103,19.8242839],[-99.3549523,19.824302],[-99.3548231,19.8243148],[-99.3546756,19.8242987],[-99.3546167,19.8242893],[-99.35457,19.8242832],[-99.3544597,19.8242293],[-99.3543169,19.824159],[-99.3541907,19.8240271],[-99.3541085,19.8238329],[-99.3542061,19.8233441],[-99.3538961,19.8231586],[-99.3530674,19.8228092],[-99.3528252,19.8227482],[-99.3526077,19.8228436]]]},"properties":{"locality":"MONTECILLO","official_key":"1306300070001","CVE_ENT":"13","CVE_MUN":"063","CVE_LOC":"0007","CVE_ASEN":"0001","settlement_type":"BARRIO","source":"INEGI DCAH 2025"}},{"type":"Feature","geometry":{"type":"Polygon","coordinates":[[[-99.3264555,19.8467076],[-99.3259269,19.8466454],[-99.3256222,19.8466638],[-99.3252379,19.8467489],[-99.3248434,19.8469802],[-99.3246228,19.8471521],[-99.3242283,19.8473591],[-99.3239675,19.8475125],[-99.3236061,19.8479655],[-99.3235035,19.8480774],[-99.323321,19.8480535],[-99.3232866,19.8480491],[-99.3233077,19.8479789],[-99.3233228,19.847796],[-99.3232154,19.84757],[-99.3230461,19.8474432],[-99.3228753,19.8473884],[-99.3225296,19.8471814],[-99.3225215,19.8471765],[-99.3224198,19.8471156],[-99.3220623,19.847043],[-99.3219719,19.8469997],[-99.3219502,19.8469517],[-99.3219473,19.8469345],[-99.3220487,19.8468068],[-99.3222015,19.8466929],[-99.3223743,19.8465693],[-99.3223791,19.8465677],[-99.3223803,19.8465673],[-99.3223816,19.8465669],[-99.3224355,19.8465488],[-99.3225475,19.8465018],[-99.3226439,19.8464317],[-99.3226143,19.8461952],[-99.3226087,19.8461499],[-99.3225776,19.8460298],[-99.3225733,19.8458255],[-99.3226529,19.8457368],[-99.3227656,19.8457525],[-99.3227693,19.8457624],[-99.3227873,19.8458105],[-99.3227954,19.8459435],[-99.3227976,19.845979],[-99.3228065,19.8460684],[-99.322867,19.8461602],[-99.3229673,19.846244],[-99.3231012,19.8462736],[-99.3233058,19.8462765],[-99.3234964,19.8462532],[-99.3236369,19.846196],[-99.3237822,19.8460744],[-99.323917,19.8458677],[-99.3240241,19.8456577],[-99.3241359,19.8453352],[-99.32442,19.8452134],[-99.3244719,19.8451477],[-99.324534,19.8450427],[-99.324638,19.8449868],[-99.3247833,19.8448653],[-99.3248006,19.8447652],[-99.3247413,19.8445949],[-99.3247446,19.8444998],[-99.3246681,19.8444279],[-99.3244907,19.8441102],[-99.324508,19.8440492],[-99.3246105,19.8439911],[-99.3246874,19.8439789],[-99.3247472,19.8439695],[-99.3250164,19.8439742],[-99.3253492,19.8439711],[-99.3255879,19.8439184],[-99.3256894,19.8438786],[-99.3257635,19.8438495],[-99.3260153,19.843776],[-99.3262551,19.8436693],[-99.326457,19.8435499],[-99.3265687,19.8435129],[-99.3265899,19.8435039],[-99.3266901,19.8434611],[-99.326729,19.8434138],[-99.3267301,19.8433628],[-99.3266871,19.8432931],[-99.3265953,19.843229],[-99.3265683,19.8432101],[-99.3263956,19.8431427],[-99.3262947,19.8431033],[-99.3260488,19.843039],[-99.3252724,19.8428844],[-99.3248404,19.8427778],[-99.3245998,19.8427874],[-99.3245103,19.8428119],[-99.3244793,19.8428632],[-99.3244495,19.842885],[-99.3243492,19.8428904],[-99.3241382,19.8429113],[-99.3240203,19.8429153],[-99.3239368,19.842913],[-99.3238678,19.84294],[-99.3237959,19.8429465],[-99.3237512,19.8429671],[-99.3236477,19.842944],[-99.323634,19.8428774],[-99.3235607,19.8428442],[-99.323501,19.8428084],[-99.3234123,19.8428019],[-99.323282,19.8426919],[-99.3231816,19.8426703],[-99.3231124,19.8426384],[-99.322973,19.8425499],[-99.3227479,19.842348],[-99.3226267,19.8422891],[-99.3225719,19.842208],[-99.3225757,19.8421489],[-99.3225444,19.8421527],[-99.3224782,19.8422192],[-99.3223532,19.8422453],[-99.3222312,19.8422422],[-99.3220028,19.8421464],[-99.321835,19.8421051],[-99.3216765,19.842035],[-99.3212199,19.842015],[-99.3211673,19.8418253],[-99.3211314,19.8415456],[-99.3211251,19.8411608],[-99.3214331,19.8411264],[-99.3218229,19.8412354],[-99.3223432,19.8414945],[-99.3226832,19.8415562],[-99.322925,19.8414778],[-99.3230842,19.8412955],[-99.3231467,19.8411015],[-99.3230142,19.8408573],[-99.322848,19.8401848],[-99.3228279,19.8397194],[-99.3228662,19.8396206],[-99.3229155,19.8395243],[-99.3229878,19.8394219],[-99.3232512,19.8391407],[-99.3235065,19.8388958],[-99.3237397,19.8385349],[-99.3237506,19.8384699],[-99.3237531,19.8383451],[-99.3236566,19.8382412],[-99.3234572,19.8381186],[-99.3232261,19.8380618],[-99.3230748,19.8380517],[-99.3230662,19.8378983],[-99.3231264,19.8377474],[-99.3232425,19.8375558],[-99.3233522,19.837423],[-99.3234565,19.8373111],[-99.3235141,19.8372382],[-99.3235248,19.8370847],[-99.3234214,19.8368602],[-99.323223,19.8366214],[-99.3229394,19.8364815],[-99.3225895,19.8364055],[-99.3224325,19.8362992],[-99.32249,19.8361925],[-99.3225559,19.8361352],[-99.3226466,19.8360934],[-99.3226573,19.835927],[-99.3226955,19.8357943],[-99.3230749,19.83554],[-99.3232038,19.8353604],[-99.3232035,19.8352174],[-99.3233072,19.8348194],[-99.3234168,19.8345291],[-99.3235565,19.8342663],[-99.3235619,19.8341987],[-99.3235424,19.8340791],[-99.3234928,19.8340298],[-99.3234185,19.8340144],[-99.3227428,19.8343848],[-99.3219431,19.8336095],[-99.3215633,19.8334386],[-99.3211415,19.8335254],[-99.3209573,19.8335414],[-99.3206029,19.8337142],[-99.3200858,19.8340783],[-99.3198517,19.8342229],[-99.319845,19.834227],[-99.3195396,19.8345007],[-99.3190995,19.8347146],[-99.318808,19.8349806],[-99.3187308,19.8349907],[-99.3187423,19.8349218],[-99.3188696,19.8347418],[-99.3189171,19.8341842],[-99.3189411,19.8339928],[-99.3194247,19.8335692],[-99.319523,19.8334831],[-99.3196516,19.8333707],[-99.3197232,19.8333082],[-99.3197941,19.8332077],[-99.3198287,19.833097],[-99.3198838,19.8327756],[-99.3200734,19.832518],[-99.3201212,19.8324542],[-99.320367,19.832126],[-99.320451,19.8319816],[-99.3204647,19.8318428],[-99.3200909,19.8316963],[-99.3197832,19.8315313],[-99.3195787,19.831381],[-99.3192671,19.8311452],[-99.3191818,19.8310496],[-99.3196972,19.8310281],[-99.3197249,19.8309633],[-99.3196341,19.8307743],[-99.3195268,19.8305896],[-99.3193012,19.8302738],[-99.3189591,19.8299172],[-99.3188982,19.829824],[-99.3188321,19.8297432],[-99.3188041,19.8296565],[-99.3188108,19.8295145],[-99.3188486,19.8294813],[-99.3189938,19.8294424],[-99.3191888,19.8294301],[-99.3192293,19.8293478],[-99.3193654,19.8291786],[-99.3194747,19.8290975],[-99.3195967,19.8289599],[-99.3196246,19.8288684],[-99.3195963,19.8287676],[-99.3195611,19.8287253],[-99.3195246,19.8286922],[-99.3195062,19.8286285],[-99.319526,19.8285863],[-99.3197312,19.8284066],[-99.3198708,19.8283271],[-99.3199067,19.8283082],[-99.3199624,19.8282364],[-99.3199721,19.8280703],[-99.3199513,19.8280112],[-99.3195676,19.8278099],[-99.3194936,19.8277214],[-99.3194657,19.8275862],[-99.3194732,19.827373],[-99.319529,19.8273181],[-99.3196028,19.827284],[-99.3197146,19.8272782],[-99.3198253,19.8273217],[-99.3200393,19.827495],[-99.3202661,19.8277237],[-99.3204559,19.8278158],[-99.3207626,19.8278795],[-99.3210703,19.8280072],[-99.3213808,19.8281086],[-99.3215924,19.8281006],[-99.3216882,19.8280816],[-99.321728,19.8280249],[-99.3217038,19.8279268],[-99.3215577,19.827727],[-99.3214051,19.8274959],[-99.3213188,19.8272923],[-99.3212785,19.8271676],[-99.3212639,19.8271225],[-99.3211824,19.8270802],[-99.3211229,19.8271158],[-99.320873,19.827144],[-99.3208256,19.827076],[-99.3207695,19.8270424],[-99.3206634,19.826768],[-99.320575,19.8266264],[-99.3205456,19.826574],[-99.3205025,19.8264984],[-99.3205355,19.8263647],[-99.3204924,19.826291],[-99.3203929,19.826236],[-99.3203366,19.8262065],[-99.320149,19.8261199],[-99.3199364,19.8262083],[-99.319586,19.8259852],[-99.3194604,19.8258756],[-99.3191816,19.8258227],[-99.3189556,19.8252545],[-99.3188939,19.8251939],[-99.3187002,19.8251464],[-99.3188816,19.8246871],[-99.3188427,19.8244005],[-99.318854,19.8242782],[-99.3189002,19.8242545],[-99.3190004,19.8242559],[-99.3188149,19.8239616],[-99.3179347,19.8229212],[-99.3177321,19.8228623],[-99.3177861,19.8227517],[-99.3176795,19.8225381],[-99.3175933,19.8223656],[-99.3174353,19.8220519],[-99.3173642,19.8218284],[-99.317299,19.821871],[-99.3171899,19.8220149],[-99.3169187,19.8222346],[-99.3167506,19.8223257],[-99.3166228,19.8223311],[-99.316565,19.8222802],[-99.3165011,19.8222292],[-99.3164325,19.8222145],[-99.3163621,19.8221826],[-99.3161978,19.8220044],[-99.3161068,19.8219057],[-99.3160545,19.821849],[-99.3160112,19.8216902],[-99.3173691,19.8189371],[-99.3169726,19.8186841],[-99.3167779,19.8184514],[-99.3164172,19.817913],[-99.316106,19.8174999],[-99.3157581,19.8171738],[-99.3155765,19.8169367],[-99.3154508,19.8165675],[-99.3153471,19.8162346],[-99.3156642,19.8155818],[-99.3164283,19.8148111],[-99.3167554,19.8142682],[-99.317501,19.813584],[-99.3178469,19.8136233],[-99.3181148,19.8137493],[-99.318364,19.813836],[-99.3185788,19.8140782],[-99.318639,19.8143249],[-99.3188678,19.8146779],[-99.3190733,19.8150486],[-99.3192334,19.815374],[-99.3191014,19.8149771],[-99.319103,19.8148902],[-99.319106,19.8147356],[-99.3191082,19.8146157],[-99.3191105,19.8145764],[-99.3191299,19.8142357],[-99.319294,19.813728],[-99.3211431,19.8137122],[-99.3219036,19.8136045],[-99.3236357,19.8134825],[-99.3253735,19.8140186],[-99.3253473,19.8141313],[-99.3270128,19.8150393],[-99.3278677,19.8158384],[-99.3282751,19.8169219],[-99.3283551,19.8172158],[-99.3285602,19.8172279],[-99.3287918,19.8172775],[-99.3291261,19.8173273],[-99.3292785,19.8174771],[-99.3294505,19.8174518],[-99.3295893,19.8174203],[-99.3297746,19.8174762],[-99.3299532,19.8174759],[-99.3301317,19.817388],[-99.3303367,19.8173438],[-99.330555,19.8173559],[-99.3310744,19.8172425],[-99.3314446,19.8171543],[-99.3317423,19.8171537],[-99.3324831,19.8170698],[-99.3328005,19.8171499],[-99.3332065,19.8173304],[-99.3333474,19.8173565],[-99.3334837,19.817422],[-99.3336479,19.8175372],[-99.3338037,19.8176473],[-99.3339328,19.817647],[-99.3340494,19.8175968],[-99.3341521,19.8175441],[-99.3342186,19.8174862],[-99.3344267,19.8173334],[-99.3347178,19.8171146],[-99.3360702,19.8159706],[-99.3361427,19.815958],[-99.3361803,19.8159576],[-99.3365499,19.8168985],[-99.3363281,19.8173596],[-99.336243,19.8181301],[-99.3360621,19.8185568],[-99.3359,19.8188742],[-99.3355578,19.8198468],[-99.3352036,19.8200061],[-99.3350874,19.8201192],[-99.3346857,19.8210859],[-99.3341667,19.8223432],[-99.3341046,19.8226683],[-99.334104,19.8228266],[-99.3340975,19.8231599],[-99.3341546,19.8234799],[-99.3345023,19.823736],[-99.3348591,19.8238431],[-99.3349517,19.8239122],[-99.3350024,19.823978],[-99.3350769,19.8243384],[-99.3352449,19.8246512],[-99.3353533,19.8248142],[-99.3354451,19.8249285],[-99.3356092,19.825037],[-99.3357435,19.8250878],[-99.3358761,19.8251189],[-99.3360707,19.8251386],[-99.3362328,19.8251251],[-99.3363863,19.8251364],[-99.3364736,19.8252071],[-99.3365627,19.8252975],[-99.336635,19.8253297],[-99.3367284,19.8253505],[-99.3362543,19.8266494],[-99.3359848,19.8273354],[-99.3358014,19.8276416],[-99.3357367,19.8277742],[-99.3357277,19.8279114],[-99.3354285,19.829079],[-99.3353549,19.8294687],[-99.3354183,19.829724],[-99.3355315,19.8299725],[-99.3355779,19.8302782],[-99.3357829,19.8305173],[-99.336042,19.8306848],[-99.3363441,19.8306987],[-99.3365151,19.8307705],[-99.3365701,19.8308108],[-99.3366744,19.8310788],[-99.3366838,19.8313202],[-99.3365805,19.8315396],[-99.3364253,19.8317476],[-99.3364257,19.8319149],[-99.3363009,19.8320536],[-99.3362056,19.8322517],[-99.3361052,19.8323788],[-99.3360506,19.8325404],[-99.3358167,19.8329966],[-99.3355585,19.8334299],[-99.3352436,19.8339761],[-99.3352138,19.834201],[-99.3353045,19.8342314],[-99.3353294,19.8342198],[-99.3354938,19.8341436],[-99.335825,19.8337992],[-99.3359972,19.8336889],[-99.3364383,19.8334065],[-99.3365483,19.833464],[-99.3366309,19.8335879],[-99.3366891,19.8336815],[-99.3366347,19.8339643],[-99.3366932,19.8341921],[-99.336706,19.834492],[-99.3367834,19.8348544],[-99.3367996,19.8353217],[-99.3368463,19.8356666],[-99.3369814,19.8360818],[-99.3370888,19.8363354],[-99.3373166,19.8364654],[-99.3375669,19.8365341],[-99.3376858,19.8365022],[-99.3378932,19.8364326],[-99.3380335,19.8364121],[-99.3383743,19.8364611],[-99.3384354,19.8364956],[-99.3384814,19.8366196],[-99.3382077,19.8374233],[-99.3380745,19.8379849],[-99.3380906,19.8383974],[-99.3381805,19.8387944],[-99.3383888,19.8391806],[-99.3386029,19.8394282],[-99.3387024,19.8395655],[-99.3358153,19.8404748],[-99.335659,19.840518],[-99.335097,19.8406743],[-99.3350339,19.8406871],[-99.3346826,19.8407464],[-99.3339223,19.840926],[-99.3333858,19.8410376],[-99.3330174,19.8411363],[-99.3328294,19.841206],[-99.3328448,19.8412348],[-99.3329093,19.8413544],[-99.3330177,19.8415362],[-99.3330265,19.8416624],[-99.3329988,19.8417927],[-99.3330335,19.8418984],[-99.3330989,19.841993],[-99.3333209,19.8421533],[-99.3333738,19.8421782],[-99.3334545,19.8422162],[-99.3337815,19.8424061],[-99.3339207,19.8428276],[-99.3337958,19.843027],[-99.3335494,19.8434204],[-99.3327917,19.8435047],[-99.332852,19.8443037],[-99.3330967,19.8447889],[-99.3331751,19.8452691],[-99.3332988,19.8460686],[-99.3334517,19.8460644],[-99.3334542,19.8460644],[-99.3334555,19.8460643],[-99.3334586,19.8460642],[-99.3334591,19.8460642],[-99.3343062,19.846028],[-99.3343686,19.846557],[-99.3343796,19.8466507],[-99.3343853,19.8467166],[-99.33437,19.8468269],[-99.3343628,19.8468788],[-99.3343627,19.84688],[-99.3342047,19.8469255],[-99.3341879,19.8469304],[-99.3341122,19.8469522],[-99.3341107,19.8469526],[-99.3338851,19.8468953],[-99.3336256,19.846914],[-99.3336246,19.8469141],[-99.3334548,19.8469681],[-99.3334273,19.8469768],[-99.33286,19.8471251],[-99.3328048,19.8471395],[-99.3327976,19.8471414],[-99.3327962,19.8471418],[-99.3327865,19.8470217],[-99.3326772,19.8466352],[-99.3325593,19.846237],[-99.3323524,19.8455581],[-99.3322457,19.8451973],[-99.3320498,19.8445379],[-99.3320248,19.84448],[-99.3319996,19.8444445],[-99.3319279,19.8444577],[-99.3318228,19.8444645],[-99.331776,19.8444478],[-99.3315776,19.8442515],[-99.3315239,19.8441944],[-99.3314924,19.8441737],[-99.331444,19.8441613],[-99.3310849,19.8440931],[-99.3309472,19.8440561],[-99.3308107,19.8440365],[-99.3307008,19.8440561],[-99.3305053,19.844175],[-99.3304232,19.8442456],[-99.3301721,19.8442891],[-99.3301516,19.8443667],[-99.3301528,19.8444626],[-99.3301474,19.8445795],[-99.3300534,19.8446858],[-99.3299619,19.8448251],[-99.3297096,19.8450904],[-99.3294096,19.8451991],[-99.3292224,19.8452108],[-99.3290307,19.8452884],[-99.3289212,19.8453794],[-99.328621,19.8454538],[-99.3285932,19.8454607],[-99.3285721,19.8455973],[-99.3285081,19.84601],[-99.3283696,19.8463202],[-99.3282422,19.8464453],[-99.3282224,19.8466041],[-99.3277706,19.8474909],[-99.327658,19.8478601],[-99.3275978,19.8480575],[-99.3271158,19.8481733],[-99.3270629,19.848186],[-99.3270032,19.848161],[-99.3272468,19.8478594],[-99.3273248,19.847603],[-99.3272041,19.847295],[-99.3271011,19.8471891],[-99.3270736,19.8471608],[-99.3270461,19.8471311],[-99.3269633,19.847042],[-99.3267531,19.8468158],[-99.3264555,19.8467076]]]},"properties":{"locality":"SAN BUENAVENTURA","official_key":"1306300090001","CVE_ENT":"13","CVE_MUN":"063","CVE_LOC":"0009","CVE_ASEN":"0001","settlement_type":"NINGUNO","source":"INEGI DCAH 2025"}},{"type":"Feature","geometry":{"type":"Polygon","coordinates":[[[-99.3475532,19.8440228],[-99.3473415,19.8442364],[-99.3469181,19.8446941],[-99.3465118,19.8449001],[-99.3459549,19.8450222],[-99.3453941,19.8451519],[-99.345089,19.8452892],[-99.3449095,19.8453366],[-99.3447968,19.8452483],[-99.3447204,19.8452571],[-99.3446576,19.8452006],[-99.3446137,19.8451255],[-99.3446897,19.8449656],[-99.3447249,19.844883],[-99.344732,19.8444726],[-99.344714,19.8442321],[-99.3447311,19.8440139],[-99.3447751,19.8437949],[-99.3447896,19.8436683],[-99.3447935,19.8435818],[-99.3447191,19.8434279],[-99.3446018,19.8433161],[-99.3444601,19.8432301],[-99.3443179,19.8431409],[-99.3441629,19.8430415],[-99.3439992,19.8429747],[-99.3439023,19.8429301],[-99.3436225,19.8428554],[-99.3434363,19.8427674],[-99.3432163,19.8424688],[-99.3431598,19.8423338],[-99.3430064,19.8420371],[-99.342864,19.8418421],[-99.3427219,19.8417528],[-99.3426545,19.8416829],[-99.3425833,19.8415751],[-99.3425659,19.8414816],[-99.3425787,19.8414043],[-99.3426301,19.8411776],[-99.3427285,19.8409373],[-99.3428336,19.8407723],[-99.3428958,19.8406639],[-99.342672,19.8405563],[-99.3423614,19.8404395],[-99.3422993,19.8404135],[-99.3417104,19.8402744],[-99.3416254,19.8402519],[-99.3415633,19.8402548],[-99.3415136,19.8402314],[-99.3414486,19.8401918],[-99.3414142,19.8401765],[-99.3413531,19.8402001],[-99.3412985,19.8402282],[-99.3411287,19.8402971],[-99.3410313,19.8403325],[-99.3409674,19.8403516],[-99.3409063,19.8403608],[-99.3408776,19.8403548],[-99.3408677,19.8403165],[-99.3408549,19.8401971],[-99.3408907,19.8401345],[-99.3408974,19.8401012],[-99.3408943,19.8399919],[-99.3408718,19.8399148],[-99.340826,19.8398545],[-99.3408326,19.8397452],[-99.3408554,19.8395339],[-99.3408446,19.8394334],[-99.3408064,19.8393241],[-99.3407613,19.8391217],[-99.3407444,19.838915],[-99.3407394,19.8387914],[-99.3406887,19.8386568],[-99.34069,19.838583],[-99.3406462,19.8384816],[-99.3406313,19.838406],[-99.3406144,19.838253],[-99.3405933,19.8381027],[-99.3405528,19.8378658],[-99.3405034,19.8375451],[-99.3405023,19.8374432],[-99.3405245,19.8373584],[-99.3405092,19.8372074],[-99.3404712,19.8369847],[-99.3404444,19.8367869],[-99.3404241,19.83664],[-99.3403937,19.8365635],[-99.3402255,19.8362856],[-99.3401687,19.836174],[-99.340074,19.8360528],[-99.3400272,19.8359398],[-99.3400081,19.8358311],[-99.3399385,19.8356895],[-99.3399167,19.835567],[-99.3398738,19.8354981],[-99.3398331,19.8353716],[-99.3397258,19.8352147],[-99.3396929,19.8351386],[-99.3396953,19.835031],[-99.3397076,19.8348989],[-99.3396948,19.8348013],[-99.339634,19.8347094],[-99.3395594,19.8345477],[-99.3395006,19.8344277],[-99.3394843,19.8343938],[-99.3394636,19.8343266],[-99.3394619,19.8342683],[-99.3394768,19.8341449],[-99.339498,19.8340011],[-99.3394966,19.8339353],[-99.3394649,19.8338601],[-99.3394495,19.8337845],[-99.3394557,19.8336864],[-99.339477,19.8335616],[-99.3395197,19.8334563],[-99.3395056,19.8333471],[-99.3394738,19.8332671],[-99.3394391,19.8329907],[-99.3394018,19.832658],[-99.3394925,19.8325084],[-99.3395324,19.8322472],[-99.339542,19.832016],[-99.3395353,19.8318187],[-99.3394541,19.8317144],[-99.3394527,19.8316259],[-99.339486,19.8313025],[-99.3394339,19.8311663],[-99.3393881,19.8310265],[-99.3393763,19.8308828],[-99.3393653,19.8307689],[-99.3393533,19.8306893],[-99.3392957,19.8304961],[-99.3391532,19.8303451],[-99.3390159,19.8302625],[-99.3388834,19.8302034],[-99.3388097,19.8301975],[-99.3387678,19.8301747],[-99.338755,19.8301304],[-99.3387942,19.830075],[-99.3388702,19.8299596],[-99.3388763,19.8298427],[-99.3388595,19.8297034],[-99.3388361,19.8295729],[-99.338761,19.829477],[-99.3386756,19.8293103],[-99.3386475,19.8292215],[-99.3386548,19.8291037],[-99.3387221,19.8290191],[-99.3387663,19.828917],[-99.338723,19.8288222],[-99.3386007,19.8287052],[-99.3385998,19.8282945],[-99.3386058,19.8280944],[-99.3386186,19.8277843],[-99.3386157,19.8273755],[-99.3386473,19.8270494],[-99.338669,19.8268542],[-99.3386929,19.8266737],[-99.3387167,19.8265213],[-99.338727,19.8261437],[-99.3386858,19.8257664],[-99.3386298,19.8255099],[-99.3386013,19.82539],[-99.3385597,19.825225],[-99.3385513,19.825067],[-99.338553,19.8248637],[-99.3385878,19.8246733],[-99.3386228,19.8245223],[-99.3386997,19.8241991],[-99.3387041,19.8241098],[-99.3387236,19.8238687],[-99.3387361,19.8237259],[-99.3387706,19.8235942],[-99.3388293,19.8235358],[-99.3389128,19.8235377],[-99.3390256,19.8236918],[-99.339128,19.8237887],[-99.3392028,19.8238032],[-99.3393153,19.8237147],[-99.3393611,19.8236505],[-99.33938,19.8235914],[-99.3393113,19.8235419],[-99.3392257,19.8233487],[-99.339116,19.8232337],[-99.3390448,19.8231466],[-99.3390165,19.8230494],[-99.3390921,19.8229077],[-99.3392027,19.822867],[-99.3393076,19.8228621],[-99.3393749,19.8228723],[-99.3394487,19.8229826],[-99.3396621,19.823106],[-99.3397023,19.8231647],[-99.3397198,19.8232753],[-99.3398289,19.8234287],[-99.3399226,19.8234837],[-99.3400501,19.823489],[-99.3403251,19.8235614],[-99.3404174,19.8235928],[-99.3404893,19.8235984],[-99.3405398,19.8235686],[-99.3406445,19.8231551],[-99.3408204,19.8230622],[-99.3410685,19.8229793],[-99.3412475,19.8229126],[-99.3414731,19.8230082],[-99.3418061,19.8232208],[-99.3418861,19.8233317],[-99.3420003,19.8235153],[-99.3421718,19.8238184],[-99.3422594,19.8240629],[-99.3422471,19.8248028],[-99.3422365,19.825669],[-99.3422811,19.8265309],[-99.3423225,19.8266254],[-99.3424332,19.8267685],[-99.3425722,19.8269679],[-99.3428826,19.8274979],[-99.3430922,19.8278008],[-99.3433253,19.8281484],[-99.3433301,19.828342],[-99.3434214,19.8283517],[-99.3435355,19.828237],[-99.3437516,19.8279861],[-99.3440478,19.8277308],[-99.3442732,19.8274659],[-99.3444118,19.827251],[-99.3444594,19.8269935],[-99.3444735,19.8265561],[-99.3444281,19.8261499],[-99.3443517,19.8260284],[-99.344255,19.8258201],[-99.344264,19.8256905],[-99.3442399,19.8254563],[-99.3442511,19.8251322],[-99.3442852,19.8250561],[-99.3444179,19.8248239],[-99.344556,19.8247307],[-99.3446855,19.8246053],[-99.3447567,19.8244925],[-99.344805,19.8243846],[-99.3451453,19.8244579],[-99.3453858,19.8245272],[-99.3456915,19.8245266],[-99.3458747,19.8244585],[-99.3461365,19.8242439],[-99.3463869,19.824036],[-99.3466186,19.8237837],[-99.3468627,19.8235818],[-99.3470275,19.8233043],[-99.3475265,19.8235308],[-99.3478902,19.8238982],[-99.3479852,19.8240972],[-99.3479666,19.8245098],[-99.3479042,19.8247295],[-99.3478808,19.8250155],[-99.347853,19.8251796],[-99.3477708,19.8254053],[-99.3476191,19.8257002],[-99.3473089,19.8262044],[-99.3471342,19.8264493],[-99.3469258,19.8266289],[-99.3467952,19.8267714],[-99.3465507,19.8270301],[-99.3464683,19.8275873],[-99.3464664,19.8280035],[-99.3465464,19.8285489],[-99.3465966,19.8287553],[-99.3466827,19.8289253],[-99.3467921,19.8290584],[-99.3469765,19.8291799],[-99.3471341,19.8292371],[-99.3474285,19.8293345],[-99.3472905,19.8294645],[-99.3469579,19.8295736],[-99.3466026,19.8296988],[-99.3463541,19.8297437],[-99.3459859,19.8298437],[-99.3458397,19.8298751],[-99.345647,19.8298713],[-99.3454653,19.8299027],[-99.345323,19.8299527],[-99.3451767,19.8299997],[-99.3448975,19.8300716],[-99.3445627,19.8301058],[-99.3444415,19.8301022],[-99.3445862,19.8305674],[-99.3446341,19.830801],[-99.3447194,19.8308779],[-99.3448227,19.8309646],[-99.3449674,19.8310272],[-99.345301,19.8311642],[-99.345323,19.8312083],[-99.3452705,19.8312681],[-99.3452019,19.8313484],[-99.3451463,19.8315149],[-99.3451287,19.831785],[-99.345161,19.8319859],[-99.3451932,19.8321021],[-99.3452948,19.8322177],[-99.3453514,19.8323986],[-99.3454871,19.8328207],[-99.3457203,19.8332256],[-99.3458953,19.8335465],[-99.3460431,19.8338298],[-99.3461708,19.8341492],[-99.3462346,19.8342691],[-99.3463182,19.8343667],[-99.3465531,19.8346619],[-99.3466902,19.8348503],[-99.3467707,19.8349083],[-99.3469982,19.8350161],[-99.347147,19.8350821],[-99.3472619,19.835111],[-99.3475063,19.8351283],[-99.3476959,19.8350762],[-99.3479113,19.8349478],[-99.3481503,19.8347987],[-99.3483792,19.8346816],[-99.3484935,19.8346087],[-99.3486662,19.834495],[-99.3487518,19.8344641],[-99.3489058,19.8343941],[-99.3490621,19.8343334],[-99.3492452,19.834231],[-99.3494488,19.8341366],[-99.3496803,19.8340419],[-99.3498481,19.8339784],[-99.3500132,19.8339083],[-99.3502239,19.8338385],[-99.3503537,19.8337515],[-99.3504897,19.8336411],[-99.3506073,19.8335715],[-99.3507034,19.8335236],[-99.3509202,19.8334003],[-99.3510242,19.833326],[-99.3510823,19.8332635],[-99.3511463,19.8331709],[-99.3512027,19.8331043],[-99.3513906,19.8330577],[-99.35166,19.8330251],[-99.351854,19.8330089],[-99.3521739,19.8329807],[-99.3523619,19.832976],[-99.3525841,19.8330131],[-99.3527456,19.8330036],[-99.3529769,19.8329329],[-99.3532763,19.8328475],[-99.3534101,19.8328144],[-99.3536639,19.8326775],[-99.3538196,19.8324755],[-99.3538992,19.8323986],[-99.3542626,19.8320803],[-99.3544376,19.8319428],[-99.3545492,19.8317863],[-99.354654,19.8316829],[-99.354794,19.8315059],[-99.3548242,19.831473],[-99.3548934,19.8313427],[-99.3549843,19.83114],[-99.3550659,19.8310027],[-99.3552861,19.8306967],[-99.3554113,19.830528],[-99.3553912,19.8301013],[-99.3553937,19.8299962],[-99.3554129,19.8294061],[-99.3554029,19.8291985],[-99.3553572,19.829196],[-99.3553066,19.8291314],[-99.3552499,19.8290417],[-99.3552318,19.8289054],[-99.3552051,19.8288067],[-99.355178,19.8287178],[-99.3551167,19.8286319],[-99.355085,19.8284859],[-99.3549516,19.8281955],[-99.3549095,19.8280799],[-99.3548584,19.8279424],[-99.3547597,19.8277418],[-99.3545803,19.8273842],[-99.3545414,19.8271646],[-99.3545285,19.8270726],[-99.3544376,19.8267762],[-99.3543825,19.8266209],[-99.3543038,19.8264839],[-99.3542632,19.8263818],[-99.3542059,19.8263151],[-99.3541747,19.8261904],[-99.3540506,19.8259465],[-99.3540064,19.8258342],[-99.3539623,19.8257658],[-99.3538469,19.8256806],[-99.3536776,19.8255828],[-99.3534718,19.8254327],[-99.3531786,19.8252539],[-99.3529583,19.8250031],[-99.3527873,19.8247951],[-99.3526709,19.8245936],[-99.3526537,19.824498],[-99.3526694,19.8243457],[-99.3526421,19.8242877],[-99.3525223,19.8241033],[-99.3524525,19.8233808],[-99.352438,19.8230529],[-99.3524343,19.8229414],[-99.3526077,19.8228436],[-99.3528252,19.8227482],[-99.3530674,19.8228092],[-99.3538961,19.8231586],[-99.3542061,19.8233441],[-99.3541085,19.8238329],[-99.3541907,19.8240271],[-99.3543169,19.824159],[-99.3544597,19.8242293],[-99.35457,19.8242832],[-99.3546167,19.8242893],[-99.3546756,19.8242987],[-99.3548231,19.8243148],[-99.3549523,19.824302],[-99.355103,19.8242839],[-99.3551845,19.8242397],[-99.3552475,19.8241901],[-99.3553104,19.8241482],[-99.3553772,19.8240833],[-99.355463,19.8239803],[-99.3555126,19.8239155],[-99.3555375,19.8238566],[-99.3555486,19.8237713],[-99.3555689,19.82353],[-99.3555775,19.8234882],[-99.3555889,19.8234043],[-99.3556232,19.8233395],[-99.3556576,19.8232479],[-99.3557835,19.8231907],[-99.3559513,19.8231716],[-99.3561516,19.8231907],[-99.3569111,19.823355],[-99.3569469,19.8233662],[-99.3569703,19.8233715],[-99.3571905,19.8234214],[-99.3572897,19.8234648],[-99.3573942,19.8234939],[-99.3575147,19.823514],[-99.3575628,19.8235221],[-99.3577065,19.8235353],[-99.357759,19.8235401],[-99.3577818,19.82355],[-99.3578961,19.8235996],[-99.3579708,19.8237325],[-99.3579811,19.823837],[-99.3580859,19.8239509],[-99.3581185,19.8241187],[-99.3580048,19.8245908],[-99.3578804,19.8246918],[-99.3577612,19.8247574],[-99.3571582,19.8248138],[-99.3569996,19.8248806],[-99.3568449,19.8249133],[-99.3566454,19.8250204],[-99.3565591,19.825091],[-99.3563542,19.8253258],[-99.3562782,19.8255009],[-99.3562427,19.8257899],[-99.3563337,19.8260243],[-99.3564308,19.8261766],[-99.3565318,19.8264084],[-99.3565868,19.826647],[-99.356497,19.8269323],[-99.3565434,19.8270425],[-99.3566263,19.8272287],[-99.3567186,19.8276085],[-99.3567644,19.8279529],[-99.3568406,19.8283819],[-99.3568932,19.8285503],[-99.3568694,19.8294395],[-99.3568196,19.8296059],[-99.3566694,19.8297933],[-99.3567294,19.8301087],[-99.3569614,19.8304994],[-99.3570188,19.8307067],[-99.3570601,19.8309357],[-99.3571038,19.831113],[-99.3571665,19.8313434],[-99.3572884,19.8316796],[-99.3572792,19.8320194],[-99.3571798,19.8325341],[-99.3570979,19.8328073],[-99.3570206,19.8329512],[-99.3569149,19.8330883],[-99.3567939,19.8332694],[-99.3565928,19.8334996],[-99.3563482,19.8336939],[-99.3561645,19.8337821],[-99.3559659,19.8337446],[-99.3556453,19.833666],[-99.3554754,19.833786],[-99.3553029,19.8340016],[-99.3551503,19.8341397],[-99.3550501,19.8342553],[-99.3547819,19.834768],[-99.3546655,19.8349409],[-99.3543985,19.8351794],[-99.3540081,19.8353922],[-99.3536376,19.8354988],[-99.3534045,19.8355924],[-99.3532331,19.8356988],[-99.3529396,19.8359775],[-99.3527279,19.8361568],[-99.3523273,19.8365154],[-99.3521767,19.8366604],[-99.3519802,19.8368244],[-99.3518219,19.8369732],[-99.3516636,19.8371067],[-99.3515091,19.8372631],[-99.3513183,19.8374462],[-99.3511868,19.8375569],[-99.3509884,19.8376751],[-99.3507957,19.8378124],[-99.3505955,19.8379955],[-99.3504867,19.83811],[-99.3503551,19.8382206],[-99.3502369,19.8382969],[-99.3500614,19.8383961],[-99.3497772,19.8384876],[-99.3494301,19.8385639],[-99.3490982,19.8386517],[-99.3486328,19.8388004],[-99.3484841,19.8388538],[-99.3483581,19.8389111],[-99.3482246,19.8389797],[-99.3481197,19.8390675],[-99.3480205,19.8392162],[-99.3479557,19.8393269],[-99.3479271,19.8395252],[-99.3479156,19.8397427],[-99.3478927,19.839983],[-99.3478699,19.8403683],[-99.3478622,19.8406162],[-99.3478527,19.8408337],[-99.3478508,19.8410244],[-99.347847,19.8411617],[-99.3478432,19.8413639],[-99.3478336,19.8415699],[-99.3478145,19.8418407],[-99.3478107,19.8420086],[-99.3478126,19.8421688],[-99.3478241,19.8423595],[-99.3478317,19.8425274],[-99.3478603,19.8426914],[-99.3478966,19.8427944],[-99.3479423,19.8428745],[-99.3480377,19.8429852],[-99.3481884,19.8431111],[-99.3483028,19.8431988],[-99.3484173,19.8433018],[-99.3485241,19.843401],[-99.3486595,19.8435116],[-99.3488121,19.8436642],[-99.3488941,19.8437977],[-99.3489456,19.8439274],[-99.3489971,19.8440762],[-99.3490429,19.8442249],[-99.3491135,19.8443584],[-99.3491344,19.8445149],[-99.3491173,19.8447094],[-99.3490791,19.8449268],[-99.34902,19.8451061],[-99.3489819,19.8452587],[-99.3489227,19.8455029],[-99.3488827,19.8457241],[-99.3487357,19.8462846],[-99.3487185,19.8463458],[-99.3485432,19.8463535],[-99.3484535,19.8460445],[-99.3485126,19.8455143],[-99.348444,19.8451977],[-99.3483353,19.8448582],[-99.348114,19.8444996],[-99.347826,19.8441601],[-99.3475532,19.8440228]]]},"properties":{"locality":"SAN IGNACIO NOPALA","official_key":"1306300100001","CVE_ENT":"13","CVE_MUN":"063","CVE_LOC":"0010","CVE_ASEN":"0001","settlement_type":"PUEBLO","source":"INEGI DCAH 2025"}},{"type":"Feature","geometry":{"type":"Polygon","coordinates":[[[-99.3643311,19.9957688],[-99.3651837,19.9931295],[-99.3679047,19.9934934],[-99.3681018,19.9935213],[-99.3681691,19.992495],[-99.3686866,19.9925618],[-99.3692535,19.9926412],[-99.3711752,19.9930008],[-99.3714469,19.9930385],[-99.3715098,19.9930696],[-99.3717082,19.9930789],[-99.3717882,19.993284],[-99.3719442,19.9933637],[-99.3719492,19.993654],[-99.3720034,19.9939555],[-99.3720876,19.99455],[-99.3720374,19.9945485],[-99.3717714,19.9945735],[-99.3716242,19.9949668],[-99.3706655,19.9948612],[-99.3706448,19.9948848],[-99.370061,19.994762],[-99.3698954,19.9951837],[-99.3696483,19.995105],[-99.3694972,19.9950425],[-99.3695246,19.9949396],[-99.3695219,19.9948761],[-99.3689495,19.9947595],[-99.3686926,19.9947477],[-99.3676914,19.9949224],[-99.3674345,19.9949992],[-99.3669507,19.9951686],[-99.3666806,19.9952948],[-99.3661983,19.9954981],[-99.3658467,19.9957126],[-99.3655626,19.995862],[-99.3652671,19.9959527],[-99.3650404,19.9959624],[-99.3647185,19.9959034],[-99.3643131,19.9958448],[-99.3643311,19.9957688]]]},"properties":{"locality":"EL CENTRO","official_key":"1306300110001","CVE_ENT":"13","CVE_MUN":"063","CVE_LOC":"0011","CVE_ASEN":"0001","settlement_type":"COLONIA","source":"INEGI DCAH 2025"}},{"type":"Feature","geometry":{"type":"Polygon","coordinates":[[[-99.3698643,20.0020314],[-99.3698597,20.0020311],[-99.3697412,20.0020511],[-99.3696322,20.0021369],[-99.3695726,20.0022013],[-99.3694862,20.0022365],[-99.3693831,20.0022406],[-99.3692954,20.0022059],[-99.3692882,20.002203],[-99.3691884,20.0021368],[-99.3691207,20.0020178],[-99.369053,20.0019377],[-99.3687509,20.0017518],[-99.3686764,20.0017346],[-99.3685555,20.0017067],[-99.3684851,20.0016983],[-99.3683995,20.0016881],[-99.3682783,20.0016124],[-99.368157,20.0015366],[-99.3680884,20.0014606],[-99.3680437,20.0013219],[-99.3680372,20.0011795],[-99.3679785,20.0010731],[-99.3679065,20.000952],[-99.3678215,20.0008048],[-99.3677311,20.0006845],[-99.3674965,20.0003917],[-99.3673628,20.0002365],[-99.3672166,20.0001721],[-99.3671021,20.0001598],[-99.3671256,20.0000435],[-99.3670601,19.9998277],[-99.3671636,19.9993748],[-99.3674455,19.9986731],[-99.3675367,19.9986827],[-99.3678385,19.998169],[-99.3679406,19.9980076],[-99.3680072,19.9980481],[-99.3685061,19.9982846],[-99.3685593,19.9983127],[-99.3686958,19.9983493],[-99.3690489,19.9984273],[-99.3693829,19.9985011],[-99.3694887,19.9985519],[-99.369707,19.9985696],[-99.3700715,19.9986093],[-99.3705394,19.9985982],[-99.3705816,19.9985972],[-99.3706732,19.9985892],[-99.3708195,19.9986349],[-99.3708868,19.998683],[-99.3709021,19.9986939],[-99.3709517,19.9987524],[-99.3709626,19.9988461],[-99.3709162,19.9991452],[-99.3708769,19.9994683],[-99.3711703,19.9995161],[-99.3715003,19.9995823],[-99.3715563,19.9996389],[-99.3719754,19.9996302],[-99.3720551,19.9999678],[-99.3723638,19.9998234],[-99.3730464,19.9994914],[-99.3731573,19.9991775],[-99.3732552,19.9992418],[-99.3735215,19.9989579],[-99.3740057,19.9990303],[-99.374252,19.9990615],[-99.3747378,19.9991133],[-99.3750909,19.9991832],[-99.3753821,19.9992593],[-99.3754226,19.9992962],[-99.3752024,19.9994821],[-99.3749682,19.9996472],[-99.3745867,19.9996898],[-99.3744831,19.9998488],[-99.3744558,19.9998666],[-99.3740236,20.0001486],[-99.3738348,20.0002005],[-99.3732577,20.0002505],[-99.3729233,20.0003527],[-99.3728033,20.0005209],[-99.3726567,20.0004872],[-99.3725373,20.0004947],[-99.3722523,20.0009264],[-99.3720295,20.0010206],[-99.3720047,20.0011332],[-99.3717608,20.0012777],[-99.3714966,20.0013536],[-99.3712435,20.0015159],[-99.3711772,20.0016373],[-99.3710867,20.0017482],[-99.3710224,20.0019425],[-99.3709516,20.0021071],[-99.370894,20.0021539],[-99.3708199,20.0021833],[-99.3707562,20.0022262],[-99.370711,20.0022964],[-99.3706926,20.0023645],[-99.3707074,20.0025182],[-99.3706943,20.0025904],[-99.3706284,20.0026256],[-99.370513,20.0026414],[-99.3704079,20.0026202],[-99.3703573,20.0025964],[-99.3703048,20.0025717],[-99.3702151,20.0024819],[-99.3701407,20.0023789],[-99.3700641,20.0022],[-99.3699875,20.0020815],[-99.3699256,20.0020349],[-99.3698643,20.0020314]]]},"properties":{"locality":"CERRITO","official_key":"1306300110002","CVE_ENT":"13","CVE_MUN":"063","CVE_LOC":"0011","CVE_ASEN":"0002","settlement_type":"COLONIA","source":"INEGI DCAH 2025"}},{"type":"Feature","geometry":{"type":"Polygon","coordinates":[[[-99.3754919,19.9955627],[-99.3749828,19.995575],[-99.3747521,19.9955638],[-99.3743285,19.995515],[-99.3739145,19.9953339],[-99.3738662,19.9953134],[-99.3729376,19.994896],[-99.372802,19.994832],[-99.3725184,19.9946961],[-99.372225,19.9945676],[-99.3721412,19.9945557],[-99.3720876,19.99455],[-99.3720034,19.9939555],[-99.3719492,19.993654],[-99.3719442,19.9933637],[-99.3717882,19.993284],[-99.3717082,19.9930789],[-99.3715098,19.9930696],[-99.3714469,19.9930385],[-99.3713628,19.9927449],[-99.3712038,19.9925718],[-99.3710621,19.9925478],[-99.3707906,19.992416],[-99.3708116,19.9922508],[-99.370817,19.9921022],[-99.3708872,19.9918875],[-99.3709103,19.9916096],[-99.3710228,19.991566],[-99.3710807,19.9911975],[-99.3711783,19.9911561],[-99.3712644,19.9911483],[-99.3715185,19.9912603],[-99.3717785,19.9912024],[-99.3718155,19.9911239],[-99.3719135,19.9910752],[-99.3722475,19.9911273],[-99.3725079,19.9912718],[-99.3726424,19.9914196],[-99.3726967,19.9915137],[-99.3728055,19.9915003],[-99.3729801,19.991554],[-99.3730503,19.9916817],[-99.3731263,19.9916346],[-99.3733643,19.9916614],[-99.3735611,19.9917754],[-99.373676,19.9917011],[-99.3739271,19.9916733],[-99.3740217,19.9918799],[-99.374168,19.9920713],[-99.3742245,19.9922928],[-99.3743805,19.9924737],[-99.3745637,19.9923515],[-99.3748872,19.9923893],[-99.3749977,19.9925255],[-99.3751973,19.9926165],[-99.3756179,19.9925967],[-99.3761157,19.9927992],[-99.376339,19.9926193],[-99.3765924,19.9927636],[-99.3768631,19.9928709],[-99.3770828,19.9928232],[-99.3772431,19.9929295],[-99.3773707,19.9931622],[-99.3776472,19.9932042],[-99.3777651,19.9932852],[-99.3780174,19.9933639],[-99.3786706,19.9934423],[-99.3790153,19.9934627],[-99.3793593,19.9935214],[-99.3795225,19.9936297],[-99.3795597,19.9936544],[-99.3797094,19.9937865],[-99.3797416,19.9937986],[-99.3802083,19.9939727],[-99.3806937,19.9940674],[-99.3807136,19.9941026],[-99.380836,19.9943194],[-99.380911,19.9946421],[-99.3810391,19.9947547],[-99.3810558,19.9947694],[-99.3814068,19.9949865],[-99.3814147,19.9950117],[-99.3814642,19.9951698],[-99.3813688,19.9959023],[-99.3815082,19.9961134],[-99.3816795,19.996373],[-99.3816869,19.9968255],[-99.3799661,19.996885],[-99.3797194,19.9968245],[-99.3796285,19.9968014],[-99.3794064,19.996668],[-99.3790064,19.9964883],[-99.3787112,19.9964005],[-99.378211,19.9962803],[-99.3775318,19.9961678],[-99.3770817,19.9960197],[-99.3763056,19.9957688],[-99.3757275,19.9955811],[-99.3754919,19.9955627]]]},"properties":{"locality":"LA FLOR","official_key":"1306300110003","CVE_ENT":"13","CVE_MUN":"063","CVE_LOC":"0011","CVE_ASEN":"0003","settlement_type":"COLONIA","source":"INEGI DCAH 2025"}},{"type":"Feature","geometry":{"type":"Polygon","coordinates":[[[-99.3720551,19.9999678],[-99.3719754,19.9996302],[-99.3715563,19.9996389],[-99.3715003,19.9995823],[-99.3711703,19.9995161],[-99.3708769,19.9994683],[-99.3709162,19.9991452],[-99.3709626,19.9988461],[-99.3709517,19.9987524],[-99.3709021,19.9986939],[-99.3708868,19.998683],[-99.3708195,19.9986349],[-99.3706732,19.9985892],[-99.3705816,19.9985972],[-99.3705394,19.9985982],[-99.3700715,19.9986093],[-99.369707,19.9985696],[-99.3694887,19.9985519],[-99.3693829,19.9985011],[-99.3690489,19.9984273],[-99.3686958,19.9983493],[-99.3685593,19.9983127],[-99.3685061,19.9982846],[-99.3680072,19.9980481],[-99.3679406,19.9980076],[-99.3678385,19.998169],[-99.3675367,19.9986827],[-99.3674455,19.9986731],[-99.3665987,19.9981965],[-99.3658432,19.9980426],[-99.3659672,19.997759],[-99.3659722,19.9977476],[-99.3659469,19.9977465],[-99.3651946,19.9977148],[-99.3653063,19.9974511],[-99.3646648,19.9972387],[-99.3652399,19.9969106],[-99.365813,19.9966963],[-99.3658204,19.9966935],[-99.3649103,19.9960892],[-99.3647998,19.996014],[-99.3647185,19.9959034],[-99.3650404,19.9959624],[-99.3652671,19.9959527],[-99.3655626,19.995862],[-99.3658467,19.9957126],[-99.3661983,19.9954981],[-99.3666806,19.9952948],[-99.3669507,19.9951686],[-99.3674345,19.9949992],[-99.3676914,19.9949224],[-99.3686926,19.9947477],[-99.3689495,19.9947595],[-99.3695219,19.9948761],[-99.3695246,19.9949396],[-99.3694972,19.9950425],[-99.3696483,19.995105],[-99.3698954,19.9951837],[-99.370061,19.994762],[-99.3706448,19.9948848],[-99.3706655,19.9948612],[-99.3716242,19.9949668],[-99.3717714,19.9945735],[-99.3720374,19.9945485],[-99.3720876,19.99455],[-99.3721412,19.9945557],[-99.372225,19.9945676],[-99.3725184,19.9946961],[-99.372802,19.994832],[-99.3729376,19.994896],[-99.3738662,19.9953134],[-99.3739145,19.9953339],[-99.3743285,19.995515],[-99.3747521,19.9955638],[-99.3749828,19.995575],[-99.3749816,19.9966833],[-99.3749701,19.9970166],[-99.3748822,19.997231],[-99.3745935,19.9981136],[-99.374875,19.9981758],[-99.3759729,19.9985123],[-99.3761171,19.9985625],[-99.3766493,19.9987335],[-99.3766658,19.9990821],[-99.3760712,19.9991218],[-99.3754226,19.9992962],[-99.3753821,19.9992593],[-99.3750909,19.9991832],[-99.3747378,19.9991133],[-99.374252,19.9990615],[-99.3740057,19.9990303],[-99.3735215,19.9989579],[-99.3732552,19.9992418],[-99.3731573,19.9991775],[-99.3730464,19.9994914],[-99.3723638,19.9998234],[-99.3720551,19.9999678]]]},"properties":{"locality":"LA LOMA","official_key":"1306300110004","CVE_ENT":"13","CVE_MUN":"063","CVE_LOC":"0011","CVE_ASEN":"0004","settlement_type":"COLONIA","source":"INEGI DCAH 2025"}},{"type":"Feature","geometry":{"type":"Polygon","coordinates":[[[-99.3761171,19.9985625],[-99.3759729,19.9985123],[-99.374875,19.9981758],[-99.3745935,19.9981136],[-99.3748822,19.997231],[-99.3749701,19.9970166],[-99.3749816,19.9966833],[-99.3749828,19.995575],[-99.3754919,19.9955627],[-99.3757275,19.9955811],[-99.3763056,19.9957688],[-99.3770817,19.9960197],[-99.3775318,19.9961678],[-99.378211,19.9962803],[-99.3787112,19.9964005],[-99.3790064,19.9964883],[-99.3794064,19.996668],[-99.3796285,19.9968014],[-99.3797194,19.9968245],[-99.3799661,19.996885],[-99.3801266,19.9971032],[-99.380165,19.9971998],[-99.3802058,19.9973026],[-99.3803179,19.9974483],[-99.3803222,19.9978078],[-99.3802943,19.9983205],[-99.3805634,19.9983791],[-99.3804942,19.9989585],[-99.3799377,19.9988117],[-99.3792689,19.9986528],[-99.3788049,19.9985733],[-99.3783148,19.9993985],[-99.3782969,19.9995364],[-99.3780242,20.0003305],[-99.3777791,20.0015909],[-99.3772382,20.0021002],[-99.3766363,20.001733],[-99.376361,20.001565],[-99.3758392,20.0012467],[-99.3745615,19.9999296],[-99.3744831,19.9998488],[-99.3745867,19.9996898],[-99.3749682,19.9996472],[-99.3752024,19.9994821],[-99.3754226,19.9992962],[-99.3760712,19.9991218],[-99.3766658,19.9990821],[-99.3766493,19.9987335],[-99.3761171,19.9985625]]]},"properties":{"locality":"LOMA ALTA","official_key":"1306300110005","CVE_ENT":"13","CVE_MUN":"063","CVE_LOC":"0011","CVE_ASEN":"0005","settlement_type":"COLONIA","source":"INEGI DCAH 2025"}},{"type":"Feature","geometry":{"type":"MultiPolygon","coordinates":[[[[-99.3595254,19.8057744],[-99.359592,19.8055181],[-99.3597405,19.8053369],[-99.3598288,19.8052153],[-99.3599072,19.8051591],[-99.3600204,19.8050483],[-99.3601662,19.8049008],[-99.3602234,19.804822],[-99.3603297,19.8047307],[-99.3604399,19.8046153],[-99.3604746,19.8045641],[-99.3605063,19.8044863],[-99.3605594,19.8044523],[-99.3606127,19.8044141],[-99.3606717,19.8043949],[-99.3607291,19.8043919],[-99.3608214,19.8043411],[-99.3608842,19.8042547],[-99.3609483,19.8041629],[-99.3610095,19.8041145],[-99.3610816,19.8040528],[-99.3611243,19.8039941],[-99.3611393,19.8038963],[-99.361132,19.8037759],[-99.3611288,19.8036836],[-99.3611136,19.8036182],[-99.3611043,19.8034361],[-99.3611206,19.8033606],[-99.3611787,19.8032632],[-99.3612494,19.8031851],[-99.3613201,19.8030772],[-99.3613744,19.8029845],[-99.3613954,19.8029401],[-99.361406,19.8028812],[-99.3613924,19.8028035],[-99.3613111,19.8026572],[-99.3612964,19.8026155],[-99.3612819,19.8024953],[-99.3612351,19.8022428],[-99.3612166,19.802067],[-99.3612353,19.8019368],[-99.3612633,19.801712],[-99.361302,19.8015557],[-99.3613545,19.8013335],[-99.3614179,19.8011709],[-99.3614479,19.8010577],[-99.3614532,19.8009699],[-99.3614464,19.8009283],[-99.3614918,19.8009101],[-99.3615341,19.8009793],[-99.3616071,19.8010685],[-99.3616983,19.8012166],[-99.3616986,19.8013657],[-99.3617179,19.8015323],[-99.3618192,19.8017647],[-99.3619022,19.8018873],[-99.3620257,19.8020239],[-99.3620998,19.8021873],[-99.3621967,19.8024825],[-99.3623928,19.8029029],[-99.3624195,19.8030336],[-99.3624677,19.8031805],[-99.3624699,19.8033261],[-99.3624037,19.8035078],[-99.3623746,19.8036417],[-99.362317,19.803774],[-99.3622029,19.8039258],[-99.3621728,19.8040105],[-99.3621631,19.8040811],[-99.3621401,19.8041669],[-99.3621317,19.80425],[-99.3621521,19.8043141],[-99.3621635,19.8043903],[-99.3622091,19.8044544],[-99.3621904,19.8045289],[-99.3622734,19.8046738],[-99.3623044,19.8047383],[-99.3623634,19.8048176],[-99.3623922,19.8048758],[-99.362398,19.805017],[-99.3623769,19.8051433],[-99.362251,19.8052577],[-99.3622846,19.8053683],[-99.3622751,19.8054927],[-99.3621819,19.8056068],[-99.3619994,19.8056876],[-99.3618995,19.8057363],[-99.3617166,19.8057014],[-99.3615314,19.8057086],[-99.3613173,19.805675],[-99.3611865,19.8056727],[-99.3610046,19.8058352],[-99.3609217,19.8059133],[-99.3608435,19.8062219],[-99.36081,19.8063612],[-99.3608138,19.806407],[-99.3608909,19.8067719],[-99.3609751,19.8071271],[-99.361087,19.8073501],[-99.3613073,19.8076764],[-99.3613887,19.80788],[-99.3614953,19.8080305],[-99.3616127,19.8081536],[-99.361612,19.8083198],[-99.3614363,19.8085566],[-99.3613082,19.8086887],[-99.3611719,19.8087736],[-99.3608309,19.8088374],[-99.3605183,19.808888],[-99.3601289,19.8088988],[-99.3600176,19.8089012],[-99.3599649,19.8088846],[-99.3599742,19.808869],[-99.3600018,19.8088226],[-99.3600244,19.8086241],[-99.360082,19.8081671],[-99.3601419,19.8079011],[-99.3602138,19.8076643],[-99.3603413,19.8073368],[-99.3604,19.8071779],[-99.3604344,19.8070892],[-99.3604568,19.8068201],[-99.3604752,19.8066687],[-99.360472,19.8065501],[-99.3604459,19.8064629],[-99.3603334,19.8064263],[-99.3601023,19.8063582],[-99.3599739,19.8063162],[-99.3597267,19.8062327],[-99.3596605,19.806203],[-99.3595034,19.806119],[-99.3595112,19.8060133],[-99.3595254,19.8057744]]],[[[-99.3576523,19.8159721],[-99.3577332,19.8157698],[-99.3577806,19.8155613],[-99.3578226,19.8154564],[-99.3579297,19.8151692],[-99.3580505,19.814883],[-99.3580933,19.8146943],[-99.3581096,19.8145905],[-99.3581029,19.8144957],[-99.3580932,19.8142858],[-99.3581155,19.8139478],[-99.358152,19.8138215],[-99.3582161,19.8136355],[-99.358294,19.813484],[-99.3583701,19.8133584],[-99.3584557,19.8132489],[-99.3585119,19.8131668],[-99.3585693,19.813068],[-99.3586359,19.8129031],[-99.3587434,19.8127084],[-99.3588738,19.8125394],[-99.3589279,19.8124377],[-99.3589533,19.8123562],[-99.3589736,19.8122572],[-99.3589966,19.8120237],[-99.3590208,19.8118131],[-99.3590539,19.8115572],[-99.3590264,19.8114188],[-99.3589329,19.811327],[-99.3587964,19.8112079],[-99.3590125,19.8113059],[-99.3594299,19.8113169],[-99.359534,19.8113959],[-99.3596458,19.8115333],[-99.3596772,19.8116963],[-99.3596682,19.8118203],[-99.3596493,19.8119924],[-99.3596365,19.8122681],[-99.3595262,19.8124151],[-99.3593714,19.8125232],[-99.3592449,19.8126114],[-99.359124,19.8126741],[-99.3590773,19.8126988],[-99.358985,19.8127854],[-99.3589303,19.8128955],[-99.3589282,19.8129917],[-99.3589297,19.8131041],[-99.3589062,19.8133806],[-99.3588835,19.8136757],[-99.3588751,19.8138028],[-99.3588734,19.814018],[-99.3588739,19.8141515],[-99.358841,19.8144832],[-99.3588303,19.8145909],[-99.3587693,19.8149275],[-99.3587272,19.8151589],[-99.3586759,19.8154152],[-99.3587336,19.8156322],[-99.3588229,19.8157818],[-99.3589267,19.8159055],[-99.3590832,19.8159629],[-99.3593074,19.8159857],[-99.3594944,19.815883],[-99.3596412,19.8158072],[-99.3596612,19.8158013],[-99.3598928,19.815808],[-99.3600129,19.8158991],[-99.3600925,19.8159902],[-99.36009,19.8162528],[-99.3600542,19.8163769],[-99.3599712,19.8165652],[-99.3598207,19.8166759],[-99.3594671,19.8167098],[-99.3589823,19.8167365],[-99.3585819,19.8167577],[-99.3582791,19.8169893],[-99.3580572,19.8171581],[-99.3578813,19.8173553],[-99.3576592,19.8175555],[-99.35757,19.817633],[-99.3574079,19.8178663],[-99.3573155,19.8180497],[-99.3572108,19.8182347],[-99.3571352,19.8183187],[-99.3569597,19.818615],[-99.3570141,19.818695],[-99.3570845,19.818814],[-99.3572645,19.819007],[-99.3575151,19.8194077],[-99.3575571,19.819462],[-99.3577702,19.8196567],[-99.3579232,19.819901],[-99.3579848,19.8201631],[-99.3579663,19.8204711],[-99.3579142,19.8206736],[-99.3577849,19.821004],[-99.3577493,19.8210994],[-99.3576683,19.8214664],[-99.3576108,19.8217165],[-99.3575878,19.8219778],[-99.3576368,19.8221599],[-99.3576748,19.8223488],[-99.3577793,19.8224807],[-99.3580369,19.8227614],[-99.3580648,19.8229539],[-99.3580607,19.8231224],[-99.3580001,19.8233212],[-99.3579709,19.8233704],[-99.3579301,19.8234392],[-99.3577776,19.8235292],[-99.357759,19.8235401],[-99.3577065,19.8235353],[-99.3575628,19.8235221],[-99.3575147,19.823514],[-99.3573942,19.8234939],[-99.3572897,19.8234648],[-99.3571905,19.8234214],[-99.3569703,19.8233715],[-99.3569469,19.8233662],[-99.3569598,19.8233157],[-99.3569827,19.8232263],[-99.3570347,19.8230228],[-99.3570671,19.8229427],[-99.3571873,19.8226185],[-99.3572159,19.8225269],[-99.3571733,19.8224086],[-99.3571224,19.8222675],[-99.3570023,19.822073],[-99.3569771,19.8219999],[-99.3569726,19.8218491],[-99.3570013,19.8215107],[-99.3570297,19.8210695],[-99.3569897,19.8209562],[-99.3569846,19.8208269],[-99.356977,19.8206823],[-99.3569159,19.8204622],[-99.3568476,19.820304],[-99.3567234,19.8199326],[-99.3566693,19.8197551],[-99.3566498,19.8195703],[-99.3566441,19.8193403],[-99.3566726,19.8191264],[-99.3567033,19.8189818],[-99.3567399,19.8188889],[-99.3567604,19.8187755],[-99.3567766,19.818648],[-99.356877,19.8183122],[-99.3569783,19.817964],[-99.3571174,19.8175697],[-99.3572754,19.8171289],[-99.3573068,19.8170392],[-99.3573738,19.8168062],[-99.357478,19.8164408],[-99.3576523,19.8159721]]]]},"properties":{"locality":"SAN JOSÉ PIEDRA GORDA","official_key":"1306300120001","CVE_ENT":"13","CVE_MUN":"063","CVE_LOC":"0012","CVE_ASEN":"0001","settlement_type":"PUEBLO","source":"INEGI DCAH 2025"}},{"type":"Feature","geometry":{"type":"Polygon","coordinates":[[[-99.3393625,19.8559995],[-99.3392784,19.8563225],[-99.3392982,19.8564714],[-99.3393443,19.8565449],[-99.3393959,19.856632],[-99.339437,19.8566734],[-99.3394888,19.8567073],[-99.339555,19.856696],[-99.3396846,19.8566521],[-99.3397708,19.8566355],[-99.3399078,19.8566248],[-99.3399961,19.8566079],[-99.3400843,19.8565759],[-99.3401588,19.8565408],[-99.3401993,19.8565163],[-99.3402352,19.8564906],[-99.3402692,19.8564759],[-99.3403005,19.8564625],[-99.3403435,19.8564526],[-99.3403865,19.8564527],[-99.340443,19.8564643],[-99.34048,19.8564812],[-99.3405447,19.8565155],[-99.3406059,19.856537],[-99.3406463,19.8565567],[-99.3406355,19.8567289],[-99.3406205,19.8567889],[-99.340607,19.8568176],[-99.3405828,19.856845],[-99.3405168,19.8568779],[-99.3404454,19.8569032],[-99.3402188,19.8569691],[-99.3399909,19.8570757],[-99.3397228,19.8572132],[-99.3395355,19.8573166],[-99.3393435,19.8574589],[-99.3392145,19.8575691],[-99.3390909,19.8576918],[-99.3389756,19.8578134],[-99.3388602,19.8579274],[-99.3387985,19.8579858],[-99.3387516,19.8580327],[-99.3387388,19.8579729],[-99.3387352,19.8579027],[-99.3387977,19.8576607],[-99.3388316,19.857517],[-99.3388835,19.8573568],[-99.3389174,19.8572717],[-99.3388245,19.8572544],[-99.3385285,19.8572381],[-99.3382218,19.8571765],[-99.3379884,19.8570329],[-99.3378332,19.8568798],[-99.3377553,19.8567971],[-99.3376098,19.856628],[-99.3374555,19.8563669],[-99.3374017,19.8562068],[-99.3370157,19.8561669],[-99.3368504,19.8562677],[-99.3368063,19.856293],[-99.3367257,19.856336],[-99.3365301,19.8563995],[-99.3364249,19.8564376],[-99.3363656,19.8564834],[-99.3363265,19.8565151],[-99.3362595,19.8565586],[-99.3362159,19.8565834],[-99.3361449,19.8565744],[-99.336086,19.856559],[-99.3360343,19.8565819],[-99.3360144,19.8565959],[-99.3359788,19.8566475],[-99.3359682,19.8567359],[-99.3359141,19.856809],[-99.3358901,19.8568204],[-99.33567,19.8568684],[-99.3355054,19.8569008],[-99.3353783,19.856941],[-99.3352497,19.8569423],[-99.3351961,19.8570223],[-99.3351099,19.8571487],[-99.3350636,19.8572068],[-99.3349536,19.8572931],[-99.3348296,19.8573154],[-99.3347037,19.8573326],[-99.3346464,19.857198],[-99.334513,19.856845],[-99.3344196,19.8565958],[-99.3343442,19.8563957],[-99.3342889,19.8562184],[-99.3342125,19.855987],[-99.3341848,19.8558639],[-99.3341736,19.855764],[-99.3341961,19.8555945],[-99.3343152,19.8553122],[-99.3345255,19.8548772],[-99.3346023,19.8547468],[-99.3346724,19.8545097],[-99.3347008,19.8543863],[-99.3347139,19.8542163],[-99.3347042,19.8540637],[-99.3346772,19.8538085],[-99.3345685,19.8533891],[-99.334526,19.8532317],[-99.3344698,19.8530386],[-99.3343786,19.8526648],[-99.33428,19.852339],[-99.3341701,19.8519453],[-99.3340277,19.8514508],[-99.3339816,19.8512986],[-99.3339778,19.8512694],[-99.3338549,19.8507801],[-99.3338327,19.8506864],[-99.3336477,19.8500649],[-99.3334661,19.8494977],[-99.3334022,19.8492998],[-99.3333379,19.8490039],[-99.3333114,19.848934],[-99.3332203,19.8485913],[-99.3330694,19.8480113],[-99.3329208,19.8475613],[-99.3328343,19.8472571],[-99.3327976,19.8471414],[-99.3328048,19.8471395],[-99.33286,19.8471251],[-99.3334273,19.8469768],[-99.3334548,19.8469681],[-99.3336246,19.8469141],[-99.3336256,19.846914],[-99.3338851,19.8468953],[-99.3341107,19.8469526],[-99.3341122,19.8469522],[-99.3341879,19.8469304],[-99.3342047,19.8469255],[-99.3343627,19.84688],[-99.3343628,19.8468788],[-99.33437,19.8468269],[-99.3343853,19.8467166],[-99.3343796,19.8466507],[-99.3343686,19.846557],[-99.3343062,19.846028],[-99.3334591,19.8460642],[-99.3334586,19.8460642],[-99.3334555,19.8460643],[-99.3334542,19.8460644],[-99.3334517,19.8460644],[-99.333359,19.8453375],[-99.3334739,19.845326],[-99.3334547,19.8451883],[-99.333326,19.8443045],[-99.3337405,19.8442581],[-99.3340703,19.8442292],[-99.3341322,19.843357],[-99.3341862,19.8433241],[-99.3341764,19.8424046],[-99.3341752,19.842303],[-99.3340901,19.8422823],[-99.3339515,19.842243],[-99.333758,19.8422582],[-99.3335349,19.842254],[-99.3334545,19.8422162],[-99.3333738,19.8421782],[-99.3333209,19.8421533],[-99.3330989,19.841993],[-99.3330335,19.8418984],[-99.3329988,19.8417927],[-99.3330265,19.8416624],[-99.3330177,19.8415362],[-99.3329093,19.8413544],[-99.3328448,19.8412348],[-99.333045,19.841154],[-99.3332799,19.8410818],[-99.3340919,19.8408941],[-99.3347684,19.8407434],[-99.3353141,19.8406364],[-99.3353863,19.84063],[-99.3358525,19.8405268],[-99.3361754,19.840461],[-99.3364117,19.840988],[-99.3365399,19.8411651],[-99.336673,19.8413847],[-99.3367841,19.8416101],[-99.3368765,19.8418322],[-99.3369322,19.8420038],[-99.3369742,19.8421688],[-99.3369853,19.842208],[-99.3369786,19.8422891],[-99.3369609,19.8424238],[-99.3369226,19.8426139],[-99.3369144,19.8426924],[-99.3368982,19.8428349],[-99.3368598,19.8430079],[-99.3367596,19.8433643],[-99.3367335,19.8434585],[-99.3366403,19.8438669],[-99.3366123,19.8441109],[-99.3365755,19.84436],[-99.3365774,19.8444634],[-99.3365809,19.8446709],[-99.3366007,19.8447998],[-99.3366318,19.8450381],[-99.3366831,19.8451571],[-99.336764,19.8452698],[-99.3368708,19.845379],[-99.3369255,19.8454564],[-99.3369677,19.8455454],[-99.337018,19.8457172],[-99.3370374,19.8457793],[-99.3370616,19.8459373],[-99.3371403,19.846172],[-99.3371816,19.8463674],[-99.3372045,19.8464585],[-99.3372776,19.8467027],[-99.337358,19.8469528],[-99.3373381,19.8470702],[-99.3372788,19.8471694],[-99.3372166,19.8473282],[-99.3371909,19.8475001],[-99.3371869,19.8475947],[-99.3371936,19.8478086],[-99.337219,19.8479506],[-99.3372564,19.8480966],[-99.3373034,19.8482609],[-99.3374323,19.8486432],[-99.3375314,19.8489124],[-99.3375869,19.8491127],[-99.3376347,19.8492256],[-99.3377197,19.8492918],[-99.3378544,19.8494766],[-99.3379749,19.8495943],[-99.338004,19.8496564],[-99.3379862,19.8497224],[-99.337902,19.8498278],[-99.3378686,19.8499264],[-99.3378544,19.8500018],[-99.3378374,19.850171],[-99.3378193,19.8503393],[-99.3378099,19.8504721],[-99.3378103,19.8506756],[-99.3377998,19.8507731],[-99.33777,19.8509074],[-99.3377735,19.851137],[-99.3377774,19.851218],[-99.3378005,19.851549],[-99.3378382,19.8516523],[-99.3378744,19.8518002],[-99.3379778,19.8521135],[-99.3381284,19.8525481],[-99.3382317,19.8528244],[-99.3383033,19.8530351],[-99.3384511,19.8535171],[-99.3385673,19.8538231],[-99.3387148,19.8543229],[-99.3387927,19.8546886],[-99.3388504,19.8549408],[-99.3389413,19.8549843],[-99.3392557,19.8549433],[-99.3393197,19.8556131],[-99.3393366,19.8557724],[-99.3393625,19.8559995]]]},"properties":{"locality":"SAN MATEO BUENAVISTA","official_key":"1306300130001","CVE_ENT":"13","CVE_MUN":"063","CVE_LOC":"0013","CVE_ASEN":"0001","settlement_type":"PUEBLO","source":"INEGI DCAH 2025"}},{"type":"Feature","geometry":{"type":"Polygon","coordinates":[[[-99.351663,19.8645764],[-99.351589,19.8645194],[-99.3515478,19.8645195],[-99.3513218,19.8644567],[-99.3512071,19.8644425],[-99.3510775,19.8643722],[-99.3509987,19.8641861],[-99.350986,19.8641209],[-99.3509055,19.8639863],[-99.3508311,19.8638868],[-99.3507417,19.863764],[-99.350657,19.8636542],[-99.3504584,19.8634961],[-99.350221,19.8634096],[-99.3500847,19.8634049],[-99.349907,19.8633838],[-99.3496913,19.8633626],[-99.3493759,19.8633834],[-99.349033,19.8633841],[-99.3485423,19.8633923],[-99.3481117,19.8634074],[-99.3478856,19.8634547],[-99.3475543,19.8636533],[-99.3478619,19.8629069],[-99.348285,19.862094],[-99.3483382,19.8619337],[-99.3483464,19.8618132],[-99.3483197,19.8616549],[-99.348247,19.8614759],[-99.3480379,19.861145],[-99.3469018,19.8595618],[-99.346799,19.8594124],[-99.3466809,19.8593012],[-99.3463048,19.8590017],[-99.3450905,19.8580018],[-99.3447771,19.8577345],[-99.3444529,19.8574016],[-99.3437901,19.8566207],[-99.3436878,19.8565083],[-99.3435734,19.8564699],[-99.3434206,19.8564278],[-99.3413714,19.8563893],[-99.3412285,19.8563736],[-99.3411571,19.8563658],[-99.3410035,19.8563862],[-99.3407936,19.8564341],[-99.3405935,19.8564556],[-99.3405769,19.8564574],[-99.3403203,19.8564069],[-99.3400911,19.8562355],[-99.3399496,19.8560643],[-99.3398393,19.8558195],[-99.3398084,19.8555897],[-99.3398576,19.8552982],[-99.340006,19.855006],[-99.3404467,19.8544357],[-99.3412546,19.853619],[-99.3423269,19.852711],[-99.3427408,19.8523872],[-99.3430162,19.852079],[-99.3431541,19.8518151],[-99.3431933,19.8516153],[-99.3431594,19.8514256],[-99.3430414,19.8511001],[-99.3429867,19.8508157],[-99.3430301,19.8500936],[-99.3431092,19.8492166],[-99.343262,19.8480094],[-99.3432998,19.8475889],[-99.34336,19.846918],[-99.3434163,19.8467215],[-99.3435353,19.8465992],[-99.3436609,19.8465225],[-99.3438838,19.8463957],[-99.344272,19.8462113],[-99.3445697,19.8459375],[-99.3449031,19.845499],[-99.3449342,19.8454326],[-99.345089,19.8452892],[-99.3453941,19.8451519],[-99.3459549,19.8450222],[-99.3465118,19.8449001],[-99.3469181,19.8446941],[-99.3473415,19.8442364],[-99.3475532,19.8440228],[-99.347826,19.8441601],[-99.348114,19.8444996],[-99.3483353,19.8448582],[-99.348444,19.8451977],[-99.3485126,19.8455143],[-99.3484535,19.8460445],[-99.3485432,19.8463535],[-99.3486992,19.8464147],[-99.3487282,19.846426],[-99.3488109,19.8463966],[-99.3489344,19.8464209],[-99.3490855,19.8464039],[-99.3493002,19.8464042],[-99.3494909,19.8464376],[-99.349724,19.8465157],[-99.3498932,19.8465436],[-99.3499918,19.8465265],[-99.3500761,19.8464877],[-99.3501622,19.8463195],[-99.3503128,19.8461365],[-99.3503375,19.8461203],[-99.3505517,19.8459795],[-99.3508779,19.8459172],[-99.3514441,19.8458843],[-99.3519153,19.8458555],[-99.3522341,19.8458548],[-99.3524126,19.8458029],[-99.352614,19.8456771],[-99.3529374,19.8454707],[-99.3532534,19.8452939],[-99.3534912,19.8451892],[-99.3537125,19.8451379],[-99.3540485,19.845135],[-99.3543409,19.8451503],[-99.3546066,19.8451707],[-99.3547855,19.8451753],[-99.354945,19.8451476],[-99.3550802,19.8450605],[-99.355288,19.8448527],[-99.3555112,19.8447377],[-99.3558413,19.844633],[-99.3564774,19.8445573],[-99.3570717,19.8444992],[-99.357764,19.8442813],[-99.3582273,19.8440665],[-99.3584777,19.8439645],[-99.3588623,19.8439749],[-99.3595124,19.844254],[-99.3597493,19.8442916],[-99.3600063,19.8442387],[-99.3602336,19.8441132],[-99.3605303,19.8439391],[-99.360853,19.8436308],[-99.3612537,19.8430941],[-99.3616433,19.8425716],[-99.3616493,19.8425779],[-99.3621786,19.8432143],[-99.362787,19.8439278],[-99.3628395,19.8440349],[-99.3628189,19.8441727],[-99.3627534,19.8442786],[-99.362236,19.8444928],[-99.3621448,19.844549],[-99.3620892,19.844622],[-99.3620656,19.844696],[-99.3620728,19.844754],[-99.3620733,19.8447641],[-99.3630425,19.8443636],[-99.3645928,19.8438453],[-99.3661469,19.8435244],[-99.3672194,19.8433035],[-99.3685259,19.8432012],[-99.369271,19.843221],[-99.368966,19.8445108],[-99.3687928,19.8452384],[-99.3688272,19.8459362],[-99.3688323,19.8463514],[-99.3688336,19.8469096],[-99.3688248,19.8470888],[-99.3683747,19.8470195],[-99.3676932,19.84693],[-99.3668616,19.8469444],[-99.3661173,19.8469721],[-99.3658462,19.8469887],[-99.3652757,19.8470936],[-99.3643898,19.8472365],[-99.3642419,19.8472603],[-99.3634263,19.8474756],[-99.363512,19.8480373],[-99.3636835,19.8480743],[-99.3638695,19.8485179],[-99.3640555,19.8487799],[-99.3630543,19.849102],[-99.3627255,19.8492215],[-99.3622396,19.8490971],[-99.3618257,19.8489694],[-99.3614269,19.8489563],[-99.3610858,19.8489697],[-99.3606814,19.849132],[-99.3603413,19.8490671],[-99.3599338,19.8490615],[-99.359569,19.8492792],[-99.3593114,19.8494599],[-99.3587089,19.8498101],[-99.3581104,19.850018],[-99.3575052,19.8501305],[-99.3573484,19.8503043],[-99.3569658,19.8506078],[-99.3559567,19.8507844],[-99.3551121,19.8508249],[-99.3551472,19.8509865],[-99.3553049,19.8516007],[-99.3547061,19.8517014],[-99.3533714,19.8518019],[-99.3529467,19.8520224],[-99.3526489,19.8521111],[-99.3524576,19.8522459],[-99.3523131,19.8525039],[-99.3522422,19.8526304],[-99.3521596,19.8527972],[-99.3520044,19.8531103],[-99.3519775,19.8533473],[-99.351991,19.8534863],[-99.3520459,19.8535836],[-99.3521564,19.8537476],[-99.3525006,19.854269],[-99.3528331,19.8548949],[-99.3529366,19.8551],[-99.3529786,19.8552471],[-99.3529814,19.8553763],[-99.3529453,19.8555294],[-99.3529497,19.8556142],[-99.353099,19.8558559],[-99.3531934,19.8560172],[-99.3533568,19.8563126],[-99.3534423,19.8564591],[-99.3535313,19.8566415],[-99.3535744,19.8568923],[-99.3536112,19.8570425],[-99.3536,19.8572064],[-99.3535959,19.8573349],[-99.3536022,19.8575008],[-99.3535942,19.8576451],[-99.3536118,19.8579838],[-99.353619,19.8581426],[-99.3536256,19.8581875],[-99.3536869,19.8582517],[-99.3538026,19.8582794],[-99.3539318,19.8582884],[-99.3540205,19.8582985],[-99.3540695,19.8583382],[-99.3541076,19.8585278],[-99.3541274,19.858666],[-99.3541728,19.8588211],[-99.3542069,19.8589407],[-99.3542902,19.8589263],[-99.354428,19.8589291],[-99.3545536,19.8589339],[-99.3546029,19.8589432],[-99.3546304,19.8589669],[-99.3546984,19.8590628],[-99.3547251,19.8591059],[-99.354791,19.859146],[-99.3548845,19.85918],[-99.3548431,19.8598454],[-99.3549931,19.8601943],[-99.3550086,19.860529],[-99.354957,19.8609587],[-99.3549555,19.8612897],[-99.3548184,19.8614025],[-99.3544801,19.8615504],[-99.3543465,19.8616929],[-99.3543525,19.8618619],[-99.3544738,19.8622285],[-99.3545305,19.8623598],[-99.3545998,19.8625087],[-99.3545549,19.862626],[-99.3545044,19.8627152],[-99.3545045,19.8627774],[-99.3545431,19.8628379],[-99.3546021,19.8629329],[-99.3546799,19.8630792],[-99.3544862,19.8632306],[-99.3543193,19.8633027],[-99.3542803,19.8633662],[-99.3542505,19.8634893],[-99.3541111,19.8635555],[-99.3539094,19.863507],[-99.353873,19.8635278],[-99.3538283,19.8636066],[-99.3538048,19.8636662],[-99.3537583,19.8637633],[-99.3537127,19.8638128],[-99.3537129,19.863915],[-99.3534769,19.863958],[-99.3533628,19.8639726],[-99.3531689,19.8640537],[-99.3530634,19.8640999],[-99.3529475,19.8641513],[-99.3528652,19.8642081],[-99.3527444,19.8643013],[-99.3526908,19.8643739],[-99.3525593,19.8645142],[-99.3524864,19.8646065],[-99.3523748,19.8646807],[-99.3523082,19.8647182],[-99.3520832,19.8647427],[-99.3519193,19.864743],[-99.3517222,19.8646082],[-99.351663,19.8645764]]]},"properties":{"locality":"SANTA MARÍA QUELITES","official_key":"1306300160001","CVE_ENT":"13","CVE_MUN":"063","CVE_LOC":"0016","CVE_ASEN":"0001","settlement_type":"PUEBLO","source":"INEGI DCAH 2025"}},{"type":"Feature","geometry":{"type":"Polygon","coordinates":[[[-99.34548,19.88445],[-99.3449731,19.8842358],[-99.3440535,19.8838472],[-99.3436363,19.8836709],[-99.3436428,19.8836232],[-99.3437211,19.8830481],[-99.3436376,19.8822993],[-99.3435633,19.8811754],[-99.3432571,19.8803652],[-99.3418132,19.8776557],[-99.3409123,19.8756444],[-99.3408738,19.875566],[-99.343311,19.8754806],[-99.3436271,19.8748975],[-99.3436105,19.8744658],[-99.3430795,19.872384],[-99.3423667,19.8720486],[-99.3417732,19.8716206],[-99.3421294,19.871489],[-99.3430971,19.8714884],[-99.3438158,19.8715089],[-99.3441476,19.8714451],[-99.3443935,19.869444],[-99.3443551,19.869123],[-99.3440462,19.8688716],[-99.3437695,19.8686505],[-99.3435656,19.8682771],[-99.3434529,19.8677676],[-99.3433965,19.8672302],[-99.3433791,19.8667295],[-99.343542,19.8661966],[-99.344514,19.8658292],[-99.3457863,19.8654922],[-99.3465321,19.8652839],[-99.3469946,19.8652951],[-99.3475643,19.8637205],[-99.347736,19.8635893],[-99.3482587,19.8634555],[-99.3497178,19.8634757],[-99.3499295,19.8634944],[-99.3501929,19.8635453],[-99.350419,19.8636207],[-99.3505553,19.8637293],[-99.3507421,19.8639815],[-99.3509014,19.8643454],[-99.3510657,19.8645645],[-99.3513646,19.8647538],[-99.3516453,19.864859],[-99.351909,19.8648915],[-99.35234,19.8648371],[-99.3543541,19.8637931],[-99.3548089,19.8636082],[-99.3552262,19.863555],[-99.3556,19.8636613],[-99.356026,19.8638525],[-99.3562092,19.8636666],[-99.3569697,19.8631624],[-99.3573527,19.862939],[-99.3574516,19.8626494],[-99.3576772,19.8625694],[-99.3577727,19.8624716],[-99.3578561,19.8622065],[-99.3583338,19.8622078],[-99.358625,19.8618681],[-99.3586762,19.8618259],[-99.3588477,19.8618193],[-99.359271,19.8621245],[-99.3586073,19.8628993],[-99.3583125,19.8633391],[-99.3580219,19.8640503],[-99.3579085,19.8643722],[-99.3576707,19.8650501],[-99.3573272,19.8658855],[-99.3567019,19.8671597],[-99.3560916,19.8685322],[-99.3573332,19.8682031],[-99.3573301,19.8684821],[-99.3573588,19.8686972],[-99.3575155,19.8690244],[-99.3576432,19.8693323],[-99.357825,19.8696722],[-99.3580009,19.8699007],[-99.3580619,19.8699383],[-99.3580748,19.8702705],[-99.3580458,19.870385],[-99.3581125,19.8703614],[-99.3581406,19.8702682],[-99.3581641,19.8701283],[-99.3581808,19.870062],[-99.358201,19.8700303],[-99.3582723,19.8700077],[-99.3583367,19.8700209],[-99.3583986,19.8700795],[-99.3584826,19.8702042],[-99.3585688,19.8702842],[-99.3586447,19.8703124],[-99.3587592,19.8703463],[-99.3589805,19.8703642],[-99.3592342,19.8703785],[-99.3595487,19.8703853],[-99.3597681,19.8704224],[-99.359877,19.870409],[-99.3601861,19.8703011],[-99.3603641,19.8702674],[-99.3606311,19.8702503],[-99.3608023,19.8703596],[-99.3608668,19.8704664],[-99.3607837,19.8705229],[-99.3607703,19.8707484],[-99.3607977,19.8707997],[-99.3607905,19.8708638],[-99.3607667,19.870911],[-99.3607596,19.8709951],[-99.3607684,19.871049],[-99.3607965,19.8710709],[-99.3612327,19.8710664],[-99.3613125,19.8717624],[-99.3629567,19.8718152],[-99.3629648,19.8723674],[-99.3623695,19.8723417],[-99.3623763,19.8728432],[-99.3619245,19.8727694],[-99.3615463,19.8727677],[-99.3610891,19.8730153],[-99.3606623,19.8732116],[-99.3605154,19.8732498],[-99.3604232,19.8732746],[-99.3603363,19.8730231],[-99.3598867,19.873099],[-99.3596875,19.8732736],[-99.3595731,19.8733356],[-99.3589625,19.8733208],[-99.358958,19.8733036],[-99.358308,19.8732831],[-99.3581851,19.8737819],[-99.3578463,19.8737333],[-99.3576791,19.8737654],[-99.357307,19.8736071],[-99.3571252,19.873839],[-99.3568953,19.8742034],[-99.3567953,19.8743027],[-99.3566172,19.8743972],[-99.3564599,19.8745355],[-99.3563472,19.8746885],[-99.3562443,19.874903],[-99.3562258,19.8750326],[-99.3562842,19.875116],[-99.3563315,19.8752543],[-99.3563111,19.875384],[-99.3562708,19.8754838],[-99.3562241,19.8756825],[-99.3558251,19.8765017],[-99.3556875,19.8767062],[-99.3556596,19.8767586],[-99.3556573,19.8768093],[-99.3556773,19.8768829],[-99.3556807,19.8769473],[-99.3556741,19.8771526],[-99.3556968,19.8773891],[-99.3560826,19.8773168],[-99.3561353,19.8773121],[-99.3561832,19.8773212],[-99.3562262,19.8773451],[-99.3562576,19.8773801],[-99.3562772,19.8774142],[-99.356286,19.8774456],[-99.3563293,19.8775576],[-99.3564497,19.8777494],[-99.3564735,19.8777803],[-99.3565391,19.8778522],[-99.356643,19.8779264],[-99.3567146,19.8780508],[-99.356806,19.8783084],[-99.3568358,19.87837],[-99.357056,19.8789258],[-99.3572278,19.8792254],[-99.357247,19.8792598],[-99.3571212,19.8793693],[-99.3569132,19.8794974],[-99.3566597,19.8795993],[-99.3559144,19.8800399],[-99.3557968,19.8801061],[-99.3554872,19.8803065],[-99.3554235,19.8804137],[-99.3553781,19.8805194],[-99.3553199,19.8806528],[-99.3552168,19.8808664],[-99.3552081,19.8808845],[-99.3551839,19.880935],[-99.355024,19.8812691],[-99.3549644,19.881415],[-99.3549098,19.8815141],[-99.354859,19.8815547],[-99.3547882,19.8815662],[-99.3540508,19.881524],[-99.3535315,19.8815088],[-99.3531256,19.8815016],[-99.3520921,19.8814674],[-99.3517853,19.8814979],[-99.3493714,19.8832534],[-99.3492041,19.8837896],[-99.3491098,19.8842394],[-99.3490626,19.8847064],[-99.349069,19.8852603],[-99.3490712,19.8854544],[-99.3488778,19.8856244],[-99.3485722,19.8863216],[-99.3484196,19.8866431],[-99.3479163,19.8863584],[-99.3473455,19.8858285],[-99.3468904,19.8854029],[-99.3462977,19.8848486],[-99.3461616,19.8847294],[-99.3460931,19.884705],[-99.3460183,19.8846782],[-99.3458926,19.8846244],[-99.34548,19.88445]]]},"properties":{"locality":"SANTIAGO TLAPANALOYA","official_key":"1306300170001","CVE_ENT":"13","CVE_MUN":"063","CVE_LOC":"0017","CVE_ASEN":"0001","settlement_type":"PUEBLO","source":"INEGI DCAH 2025"}},{"type":"Feature","geometry":{"type":"Polygon","coordinates":[[[-99.359397,19.8925679],[-99.3584221,19.8925253],[-99.3578745,19.8924707],[-99.3573914,19.8923709],[-99.3563039,19.8919943],[-99.3555952,19.8918149],[-99.3546033,19.891468],[-99.3540388,19.891196],[-99.3533733,19.8909961],[-99.3532152,19.8909985],[-99.3531754,19.891008],[-99.3530992,19.8910426],[-99.353003,19.8910742],[-99.3528755,19.8910901],[-99.3527177,19.891103],[-99.3526231,19.8910859],[-99.3523917,19.8910481],[-99.3521396,19.891013],[-99.3518557,19.8910183],[-99.3516158,19.8910387],[-99.3515026,19.8910702],[-99.3513845,19.8911244],[-99.3511817,19.8912693],[-99.3508936,19.8914141],[-99.3506426,19.8916076],[-99.3503684,19.8915684],[-99.3503413,19.8914293],[-99.3502715,19.8913748],[-99.350191,19.8913599],[-99.3495045,19.8908022],[-99.3486084,19.8899469],[-99.3481152,19.8895545],[-99.3477895,19.8893509],[-99.3474226,19.8889907],[-99.3473635,19.8888184],[-99.3474073,19.8885241],[-99.3474309,19.8882413],[-99.3474851,19.8881809],[-99.347499,19.888128],[-99.3476885,19.8878252],[-99.3483207,19.8868147],[-99.3484196,19.8866431],[-99.3485722,19.8863216],[-99.3488778,19.8856244],[-99.3490712,19.8854544],[-99.349069,19.8852603],[-99.3490626,19.8847064],[-99.3491098,19.8842394],[-99.3492041,19.8837896],[-99.3493714,19.8832534],[-99.3517853,19.8814979],[-99.3520921,19.8814674],[-99.3531256,19.8815016],[-99.3535315,19.8815088],[-99.3540508,19.881524],[-99.3547882,19.8815662],[-99.354859,19.8815547],[-99.3549098,19.8815141],[-99.3549644,19.881415],[-99.355024,19.8812691],[-99.3551839,19.880935],[-99.3552081,19.8808845],[-99.3552168,19.8808664],[-99.355313,19.8809164],[-99.3553719,19.8809448],[-99.3554738,19.8810238],[-99.355615,19.8810975],[-99.3557165,19.881109],[-99.3558923,19.8811058],[-99.356006,19.8811382],[-99.3560532,19.8812415],[-99.3560534,19.8813595],[-99.356048,19.8814449],[-99.3560702,19.8816193],[-99.3561053,19.8816795],[-99.3562373,19.8817696],[-99.3564097,19.881848],[-99.3565384,19.8818622],[-99.3567539,19.8818514],[-99.35685,19.8818129],[-99.357009,19.8817159],[-99.357205,19.8815599],[-99.3573278,19.8815287],[-99.357439,19.881546],[-99.3575375,19.8816315],[-99.3576241,19.8817256],[-99.3577175,19.8818836],[-99.3578019,19.8820053],[-99.3579908,19.8821746],[-99.3580738,19.8822477],[-99.3581067,19.8823095],[-99.3581083,19.8823846],[-99.3581186,19.8825543],[-99.3580899,19.882879],[-99.3580902,19.8830057],[-99.358256,19.8830427],[-99.3585991,19.8830332],[-99.3591194,19.8829157],[-99.3593018,19.8828542],[-99.3595007,19.8828816],[-99.3596482,19.8830866],[-99.3597861,19.8833566],[-99.3598185,19.8835183],[-99.359918,19.8836819],[-99.3600704,19.883856],[-99.3602771,19.884189],[-99.3603262,19.8843685],[-99.3603711,19.8844647],[-99.3604784,19.8845035],[-99.3605651,19.8846258],[-99.3606241,19.8847367],[-99.360588,19.8848746],[-99.3605064,19.8849907],[-99.3603989,19.8850934],[-99.3603381,19.8851643],[-99.3603034,19.8852551],[-99.3603036,19.885325],[-99.3603623,19.8853906],[-99.3605007,19.8854419],[-99.3606481,19.8856168],[-99.3605927,19.8858718],[-99.3604506,19.885948],[-99.3601096,19.8862716],[-99.3600302,19.8865121],[-99.3600162,19.8867526],[-99.359922,19.8868764],[-99.3597321,19.8869908],[-99.3595966,19.8872109],[-99.3589713,19.8879209],[-99.3587322,19.8884079],[-99.3587666,19.8884115],[-99.3588025,19.8884063],[-99.3588743,19.8883606],[-99.3589905,19.8882714],[-99.3593513,19.8879256],[-99.3595507,19.8877841],[-99.359709,19.8877342],[-99.3601952,19.8877246],[-99.3604997,19.8877626],[-99.3606596,19.887816],[-99.3608097,19.8878843],[-99.3611623,19.888094],[-99.36211,19.8887048],[-99.362573,19.8890354],[-99.3633319,19.8895855],[-99.363558,19.8896312],[-99.3636165,19.8896933],[-99.3636943,19.8897301],[-99.3636911,19.8897321],[-99.3636891,19.8897333],[-99.3635823,19.8897986],[-99.3633874,19.889922],[-99.3630324,19.8901094],[-99.3630066,19.8902062],[-99.3626168,19.8901287],[-99.3624646,19.8908329],[-99.362309,19.8915529],[-99.3622816,19.8916222],[-99.3620958,19.8920928],[-99.361894,19.8926038],[-99.3614079,19.8930122],[-99.3610226,19.8933358],[-99.3609689,19.8933047],[-99.3607729,19.8931451],[-99.3604,19.892822],[-99.3602778,19.8927353],[-99.3601632,19.8926541],[-99.3599392,19.892477],[-99.3597304,19.8923154],[-99.3595976,19.892495],[-99.3595119,19.89254],[-99.359397,19.8925679]]]},"properties":{"locality":"TAXHIDO","official_key":"1306300190001","CVE_ENT":"13","CVE_MUN":"063","CVE_LOC":"0019","CVE_ASEN":"0001","settlement_type":"COLONIA","source":"INEGI DCAH 2025"}},{"type":"Feature","geometry":{"type":"Polygon","coordinates":[[[-99.3187595,19.9102106],[-99.3187571,19.910056],[-99.3187571,19.9098252],[-99.3187404,19.9096158],[-99.3187333,19.9093612],[-99.3187357,19.9091684],[-99.3187499,19.9090756],[-99.3183148,19.9087516],[-99.3180252,19.9085531],[-99.3179109,19.9080677],[-99.3179148,19.9074548],[-99.3176654,19.9070284],[-99.3178767,19.9067657],[-99.3183665,19.9071451],[-99.3185087,19.90722],[-99.3186947,19.9073708],[-99.3188398,19.90747],[-99.3190846,19.9076656],[-99.3192824,19.9077979],[-99.3193991,19.907889],[-99.3196011,19.908039],[-99.3197446,19.9081446],[-99.3197675,19.9082224],[-99.3197962,19.9083486],[-99.3198703,19.9084558],[-99.3199443,19.9085229],[-99.3200497,19.9086489],[-99.3201495,19.9087937],[-99.3208072,19.9087899],[-99.3208215,19.9088195],[-99.320877,19.9098601],[-99.3209266,19.9102702],[-99.3209786,19.9104078],[-99.3209625,19.9104821],[-99.320836,19.9109489],[-99.3207984,19.9111053],[-99.3209181,19.911409],[-99.3209673,19.911457],[-99.320982,19.9114847],[-99.3209862,19.9115704],[-99.3209809,19.9115956],[-99.3208595,19.9115315],[-99.320722,19.9114511],[-99.3206059,19.9113732],[-99.3201673,19.9109564],[-99.3199716,19.9108144],[-99.3198574,19.9107573],[-99.3197551,19.9106741],[-99.3196007,19.9106173],[-99.3195533,19.9105909],[-99.3194927,19.910556],[-99.3193768,19.9105049],[-99.3189823,19.9103174],[-99.31883,19.9102413],[-99.3187595,19.9102106]]]},"properties":{"locality":"LOMAS DE LA CANTERA","official_key":"1306300200001","CVE_ENT":"13","CVE_MUN":"063","CVE_LOC":"0020","CVE_ASEN":"0001","settlement_type":"NINGUNO","source":"INEGI DCAH 2025"}},{"type":"Feature","geometry":{"type":"Polygon","coordinates":[[[-99.3256608,19.9260351],[-99.3256359,19.9253597],[-99.3247582,19.9255211],[-99.3238216,19.9261678],[-99.3234662,19.926377],[-99.3232712,19.9264918],[-99.3228143,19.926474],[-99.3228445,19.9264507],[-99.3233594,19.9260551],[-99.3230872,19.9257116],[-99.3233046,19.9252264],[-99.323589,19.924851],[-99.3238146,19.9246246],[-99.3243086,19.9242325],[-99.3244598,19.9240535],[-99.3249209,19.9234483],[-99.3242958,19.9223758],[-99.3238808,19.9216624],[-99.3238805,19.9215253],[-99.3238535,19.921429],[-99.3237508,19.9212199],[-99.323703,19.9211604],[-99.3236355,19.9211035],[-99.3234832,19.9209719],[-99.3229749,19.9205969],[-99.3217269,19.9218008],[-99.3216834,19.9218523],[-99.3216557,19.9218694],[-99.3216182,19.9219057],[-99.3210901,19.9222718],[-99.3210771,19.9222825],[-99.3206907,19.9225414],[-99.3205455,19.9226561],[-99.3204272,19.9227495],[-99.3202565,19.9225121],[-99.3201999,19.9223731],[-99.3201508,19.92214],[-99.3201002,19.9219097],[-99.3196983,19.9220588],[-99.319622,19.9220895],[-99.3194341,19.9221563],[-99.3193038,19.9222063],[-99.31912,19.9223159],[-99.3189403,19.9223906],[-99.3187284,19.9224558],[-99.3182654,19.9226037],[-99.317929,19.9227115],[-99.3178937,19.9227197],[-99.317806,19.9227399],[-99.3174992,19.9227822],[-99.3174596,19.9227877],[-99.3171753,19.9228006],[-99.3170051,19.9227868],[-99.3169515,19.9227802],[-99.3169013,19.9227741],[-99.3168036,19.922761],[-99.3167199,19.9227497],[-99.3165326,19.9227324],[-99.3161403,19.922613],[-99.3157094,19.9224598],[-99.315455,19.9223861],[-99.3153059,19.9223699],[-99.3152214,19.9223466],[-99.3151026,19.9222975],[-99.3150566,19.9222785],[-99.314921,19.9222036],[-99.3148221,19.922106],[-99.3139327,19.9205789],[-99.3138213,19.9203622],[-99.3138469,19.9201204],[-99.3138578,19.9199106],[-99.313855,19.9197852],[-99.313836,19.9195509],[-99.3137785,19.9193702],[-99.3137158,19.9192322],[-99.3136747,19.9191712],[-99.3130329,19.9183616],[-99.3129513,19.9182697],[-99.3128346,19.9181451],[-99.3127762,19.9180669],[-99.3127627,19.9180077],[-99.3127754,19.9179902],[-99.3128029,19.9179526],[-99.3128053,19.9179458],[-99.3128263,19.9178877],[-99.3128921,19.9178248],[-99.3131547,19.9175742],[-99.3133099,19.917426],[-99.3133314,19.9174055],[-99.3139044,19.9168585],[-99.3136664,19.9164313],[-99.3136251,19.9163692],[-99.3136176,19.9163257],[-99.3136293,19.9163173],[-99.3136534,19.9163002],[-99.3133442,19.915816],[-99.3130595,19.9153703],[-99.3171282,19.9108643],[-99.3176633,19.9108313],[-99.3178203,19.9108055],[-99.3180271,19.9107946],[-99.3180804,19.9107375],[-99.318152,19.9106332],[-99.3181827,19.9105456],[-99.3181768,19.910393],[-99.3182256,19.9100566],[-99.3182351,19.9098816],[-99.3182703,19.9098493],[-99.3183645,19.9099407],[-99.3185873,19.9100949],[-99.3187595,19.9102106],[-99.31883,19.9102413],[-99.3189823,19.9103174],[-99.3193768,19.9105049],[-99.3194927,19.910556],[-99.3195533,19.9105909],[-99.3196007,19.9106173],[-99.3197551,19.9106741],[-99.3198574,19.9107573],[-99.3199716,19.9108144],[-99.3201673,19.9109564],[-99.3206059,19.9113732],[-99.320722,19.9114511],[-99.3208595,19.9115315],[-99.3209809,19.9115956],[-99.3209862,19.9115704],[-99.320982,19.9114847],[-99.3209673,19.911457],[-99.3209181,19.911409],[-99.3207984,19.9111053],[-99.320836,19.9109489],[-99.3209625,19.9104821],[-99.3209786,19.9104078],[-99.3209266,19.9102702],[-99.320877,19.9098601],[-99.3208215,19.9088195],[-99.3208992,19.908827],[-99.320958,19.9088326],[-99.322782,19.9096367],[-99.3231932,19.9109273],[-99.3248331,19.9103309],[-99.3250777,19.910242],[-99.3258087,19.9099793],[-99.3258672,19.9099821],[-99.3260253,19.9099898],[-99.3260608,19.9099689],[-99.326159,19.9099115],[-99.3267456,19.909638],[-99.3269567,19.9095101],[-99.3271102,19.9093815],[-99.3272254,19.9092537],[-99.3276124,19.9087264],[-99.3280107,19.9081532],[-99.3280624,19.9080918],[-99.3281358,19.9080046],[-99.3283705,19.9077272],[-99.3286782,19.9074547],[-99.3290919,19.9073454],[-99.3291076,19.9073823],[-99.3299091,19.9073423],[-99.3316256,19.9073041],[-99.3315726,19.9083289],[-99.3314908,19.9093863],[-99.3314091,19.9104436],[-99.3312831,19.9104647],[-99.3306642,19.9105615],[-99.3299475,19.9106704],[-99.3296042,19.9107365],[-99.3294909,19.9108112],[-99.3293666,19.9109334],[-99.328735,19.9120834],[-99.3285729,19.9122002],[-99.3286306,19.9122816],[-99.3289056,19.9123596],[-99.3292235,19.912422],[-99.3295929,19.9124576],[-99.3299206,19.9124933],[-99.3301264,19.9124776],[-99.3302724,19.9124775],[-99.3303047,19.912506],[-99.330319,19.9125937],[-99.3302849,19.912691],[-99.3300756,19.9129794],[-99.3300182,19.9131378],[-99.3299568,19.9133069],[-99.3299252,19.9134496],[-99.3299182,19.9134812],[-99.3298909,19.9136045],[-99.3297924,19.914062],[-99.3297345,19.9145171],[-99.329729,19.9147993],[-99.3297465,19.9150627],[-99.3297478,19.9150815],[-99.3297888,19.915243],[-99.3298681,19.915528],[-99.3299157,19.9157374],[-99.3299782,19.9159608],[-99.3301901,19.916898],[-99.3301355,19.9168965],[-99.3293745,19.9167624],[-99.3293234,19.9167354],[-99.328619,19.9170385],[-99.3286278,19.9172151],[-99.3286053,19.9173955],[-99.3285928,19.9174989],[-99.3286159,19.9175974],[-99.328644,19.9176791],[-99.3286391,19.9177705],[-99.3286471,19.9179065],[-99.3287109,19.918029],[-99.3287568,19.9180818],[-99.3289125,19.9183291],[-99.328931,19.9184336],[-99.3289773,19.9186859],[-99.3290158,19.9188445],[-99.3290619,19.918955],[-99.3291772,19.9191799],[-99.3292054,19.9192856],[-99.3292364,19.9194707],[-99.3292368,19.9196702],[-99.3291964,19.9198386],[-99.3291386,19.9198816],[-99.3290431,19.9199067],[-99.3289037,19.9199485],[-99.3287219,19.9200063],[-99.3285412,19.9201004],[-99.3284282,19.9201457],[-99.3281422,19.9202559],[-99.3280206,19.9203986],[-99.3278751,19.9205319],[-99.327754,19.9206478],[-99.3276852,19.9208368],[-99.327633,19.9211986],[-99.3276069,19.921495],[-99.327577,19.9215936],[-99.3274616,19.9217126],[-99.3272492,19.9219108],[-99.3271276,19.9220084],[-99.3270669,19.9221029],[-99.327008,19.9221564],[-99.32691,19.922178],[-99.3267995,19.922177],[-99.3266478,19.9221535],[-99.3265297,19.9221691],[-99.326507,19.922174],[-99.3264179,19.9221931],[-99.32625,19.9222697],[-99.326223,19.9223048],[-99.3262231,19.9223527],[-99.3262655,19.9223979],[-99.3263375,19.9224391],[-99.3265435,19.9225187],[-99.3268252,19.9225825],[-99.327158,19.922643],[-99.3272184,19.922654],[-99.3273751,19.9227296],[-99.3274853,19.9228453],[-99.3277448,19.9232773],[-99.3279906,19.9238562],[-99.3280039,19.9239839],[-99.328113,19.9242382],[-99.3281965,19.9243646],[-99.328231,19.9244653],[-99.3282259,19.9247318],[-99.3281477,19.925202],[-99.3280177,19.9254543],[-99.3279473,19.9257772],[-99.3279443,19.9261857],[-99.3283103,19.9281854],[-99.3270824,19.9286405],[-99.3270821,19.9286176],[-99.3270746,19.9280612],[-99.3269052,19.9276735],[-99.3263588,19.9264228],[-99.3263253,19.9263808],[-99.3262247,19.9262544],[-99.3260772,19.9261651],[-99.3259069,19.9260953],[-99.3256608,19.9260351]]]},"properties":{"locality":"TIANGUISTENGO","official_key":"1306300200003","CVE_ENT":"13","CVE_MUN":"063","CVE_LOC":"0020","CVE_ASEN":"0003","settlement_type":"COLONIA","source":"INEGI DCAH 2025"}},{"type":"Feature","geometry":{"type":"Polygon","coordinates":[[[-99.3630076,19.8944464],[-99.3629733,19.8944263],[-99.3628482,19.8943476],[-99.3637656,19.89308],[-99.3656365,19.8942697],[-99.3650416,19.8950936],[-99.365558,19.8954852],[-99.365571,19.8954951],[-99.3649269,19.8963151],[-99.3647861,19.8961958],[-99.3645378,19.8959845],[-99.3642679,19.8957286],[-99.3640151,19.8954672],[-99.363747,19.8951763],[-99.3634966,19.8949139],[-99.3632626,19.8946687],[-99.3632079,19.8946106],[-99.3631093,19.8945057],[-99.3630076,19.8944464]]]},"properties":{"locality":"LOMA DE TINAJAS","official_key":"1306300210001","CVE_ENT":"13","CVE_MUN":"063","CVE_LOC":"0021","CVE_ASEN":"0001","settlement_type":"FRACCIONAMIENTO","source":"INEGI DCAH 2025"}},{"type":"Feature","geometry":{"type":"Polygon","coordinates":[[[-99.3653502,19.8978071],[-99.3652996,19.8977606],[-99.3651601,19.8977916],[-99.365145,19.8976957],[-99.3650972,19.8976001],[-99.3650044,19.8975012],[-99.3645777,19.8974146],[-99.3642242,19.8973807],[-99.3639269,19.8973606],[-99.3636488,19.8973128],[-99.363189,19.8972209],[-99.3627521,19.8971324],[-99.3622725,19.897054],[-99.3625091,19.8967239],[-99.3626198,19.8965163],[-99.3626722,19.8963561],[-99.362654,19.8960816],[-99.3626359,19.8957495],[-99.3626229,19.8954351],[-99.3626374,19.8952489],[-99.3626718,19.895025],[-99.3626809,19.8947276],[-99.3626703,19.8944172],[-99.362666,19.894275],[-99.3628482,19.8943476],[-99.3629733,19.8944263],[-99.3630076,19.8944464],[-99.3631093,19.8945057],[-99.3632079,19.8946106],[-99.3632626,19.8946687],[-99.3634966,19.8949139],[-99.363747,19.8951763],[-99.3640151,19.8954672],[-99.3642679,19.8957286],[-99.3645378,19.8959845],[-99.3647861,19.8961958],[-99.3649269,19.8963151],[-99.3650462,19.8964149],[-99.3653752,19.8966726],[-99.3655671,19.8968565],[-99.3656768,19.8969338],[-99.3658371,19.8970241],[-99.3655715,19.8974558],[-99.3653502,19.8978071]]]},"properties":{"locality":"LOMA BONITA","official_key":"1306300210002","CVE_ENT":"13","CVE_MUN":"063","CVE_LOC":"0021","CVE_ASEN":"0002","settlement_type":"NINGUNO","source":"INEGI DCAH 2025"}},{"type":"Feature","geometry":{"type":"Polygon","coordinates":[[[-99.3689056,19.9030916],[-99.3689376,19.9028065],[-99.3690029,19.9025774],[-99.368624,19.9021102],[-99.3684723,19.9022106],[-99.3684157,19.9022481],[-99.3677762,19.9026712],[-99.3678589,19.902723],[-99.3677722,19.9027857],[-99.3676351,19.9028847],[-99.365864,19.9024149],[-99.3638393,19.9017647],[-99.3606785,19.9009208],[-99.3613938,19.9008498],[-99.3617853,19.9008047],[-99.3620388,19.9007916],[-99.3622958,19.9007782],[-99.3625084,19.9007609],[-99.3626003,19.9007495],[-99.3627389,19.9007197],[-99.3629695,19.9005738],[-99.3631577,19.9004428],[-99.3632513,19.900373],[-99.3632906,19.9003307],[-99.3636111,19.900044],[-99.3636946,19.8999812],[-99.3639109,19.8998742],[-99.3641496,19.8997497],[-99.3643054,19.899654],[-99.3645856,19.8995173],[-99.3648062,19.8994188],[-99.3648933,19.8993992],[-99.3651129,19.8993364],[-99.365531,19.8992439],[-99.3660111,19.8991907],[-99.3664234,19.8991476],[-99.3668735,19.8991239],[-99.3671259,19.8991164],[-99.3671693,19.8991151],[-99.3673127,19.8991245],[-99.3674848,19.8992009],[-99.3676091,19.899343],[-99.3679512,19.8998466],[-99.3683038,19.9004535],[-99.3683407,19.900517],[-99.3686211,19.9010237],[-99.368767,19.9012185],[-99.3690147,19.9014963],[-99.3692761,19.9017755],[-99.3696152,19.902224],[-99.3699265,19.9026099],[-99.3701199,19.9028967],[-99.3699465,19.9029697],[-99.3697701,19.9029862],[-99.3696852,19.902962],[-99.3696391,19.9029488],[-99.3695072,19.9029358],[-99.3692228,19.9030359],[-99.3690251,19.9031042],[-99.3689683,19.9031214],[-99.3688999,19.9031422],[-99.3689056,19.9030916]]]},"properties":{"locality":"EL PARAÍSO","official_key":"1306300210003","CVE_ENT":"13","CVE_MUN":"063","CVE_LOC":"0021","CVE_ASEN":"0003","settlement_type":"FRACCIONAMIENTO","source":"INEGI DCAH 2025"}},{"type":"Feature","geometry":{"type":"Polygon","coordinates":[[[-99.3652996,19.8977606],[-99.3653502,19.8978071],[-99.3654681,19.8979152],[-99.3654527,19.8979462],[-99.3651981,19.8982552],[-99.3647879,19.8986728],[-99.3644567,19.8990098],[-99.3646576,19.8992425],[-99.3648062,19.8994188],[-99.3645856,19.8995173],[-99.3643054,19.899654],[-99.3641496,19.8997497],[-99.3639109,19.8998742],[-99.3636946,19.8999812],[-99.3636111,19.900044],[-99.3625444,19.8989802],[-99.3618464,19.8982657],[-99.3624234,19.897772],[-99.3627715,19.8978051],[-99.3632892,19.8982399],[-99.3639173,19.8977291],[-99.3648654,19.8977155],[-99.3651601,19.8977916],[-99.3652996,19.8977606]]]},"properties":{"locality":"PASEOS DE TEPEXIC","official_key":"1306300210004","CVE_ENT":"13","CVE_MUN":"063","CVE_LOC":"0021","CVE_ASEN":"0004","settlement_type":"FRACCIONAMIENTO","source":"INEGI DCAH 2025"}},{"type":"Feature","geometry":{"type":"Polygon","coordinates":[[[-99.3585705,19.9048271],[-99.3580528,19.9038096],[-99.3585545,19.9035496],[-99.3581372,19.9026322],[-99.3580502,19.9024457],[-99.3583856,19.9022855],[-99.3591143,19.9019796],[-99.3595391,19.9016595],[-99.3605286,19.9009929],[-99.3606785,19.9009208],[-99.3638393,19.9017647],[-99.3636672,19.9020966],[-99.3635036,19.9023636],[-99.363383,19.9025611],[-99.3632936,19.9027213],[-99.363235,19.9031421],[-99.3632333,19.9036306],[-99.3630409,19.9036358],[-99.3628315,19.9036484],[-99.3626083,19.9036755],[-99.3623676,19.9038433],[-99.3620406,19.9040265],[-99.3616921,19.9041969],[-99.36152,19.9042897],[-99.3614036,19.9044566],[-99.3608418,19.9047226],[-99.3606415,19.904845],[-99.3603535,19.9051226],[-99.3603029,19.9052988],[-99.3600718,19.9054248],[-99.3600003,19.905523],[-99.3595756,19.9056973],[-99.3593856,19.9057129],[-99.3592703,19.9056626],[-99.3588748,19.9055708],[-99.3584724,19.9053457],[-99.3583752,19.9053232],[-99.3585977,19.9048804],[-99.3585705,19.9048271]]]},"properties":{"locality":"TINAJAS","official_key":"1306300210005","CVE_ENT":"13","CVE_MUN":"063","CVE_LOC":"0021","CVE_ASEN":"0005","settlement_type":"COLONIA","source":"INEGI DCAH 2025"}},{"type":"Feature","geometry":{"type":"Polygon","coordinates":[[[-99.3701199,19.9028967],[-99.3699265,19.9026099],[-99.3696152,19.902224],[-99.3692761,19.9017755],[-99.3690147,19.9014963],[-99.368767,19.9012185],[-99.3686211,19.9010237],[-99.3683407,19.900517],[-99.3683038,19.9004535],[-99.3679512,19.8998466],[-99.3676091,19.899343],[-99.3674848,19.8992009],[-99.3673127,19.8991245],[-99.3671693,19.8991151],[-99.3671259,19.8991164],[-99.3668735,19.8991239],[-99.3664234,19.8991476],[-99.3660111,19.8991907],[-99.365531,19.8992439],[-99.3651129,19.8993364],[-99.3648933,19.8993992],[-99.3648062,19.8994188],[-99.3646576,19.8992425],[-99.3644567,19.8990098],[-99.3647879,19.8986728],[-99.3651981,19.8982552],[-99.3654527,19.8979462],[-99.3654681,19.8979152],[-99.3653502,19.8978071],[-99.3655715,19.8974558],[-99.3658371,19.8970241],[-99.3656768,19.8969338],[-99.3655671,19.8968565],[-99.3653752,19.8966726],[-99.3650462,19.8964149],[-99.3649269,19.8963151],[-99.365571,19.8954951],[-99.365558,19.8954852],[-99.3650416,19.8950936],[-99.3656365,19.8942697],[-99.3637656,19.89308],[-99.3628482,19.8943476],[-99.362666,19.894275],[-99.3626703,19.8944172],[-99.3626809,19.8947276],[-99.3626718,19.895025],[-99.3626374,19.8952489],[-99.3626229,19.8954351],[-99.3626359,19.8957495],[-99.362654,19.8960816],[-99.3626722,19.8963561],[-99.3626198,19.8965163],[-99.3625091,19.8967239],[-99.3622725,19.897054],[-99.3627521,19.8971324],[-99.363189,19.8972209],[-99.3636488,19.8973128],[-99.3639269,19.8973606],[-99.3642242,19.8973807],[-99.3645777,19.8974146],[-99.3650044,19.8975012],[-99.3650972,19.8976001],[-99.365145,19.8976957],[-99.3651601,19.8977916],[-99.3648654,19.8977155],[-99.3639173,19.8977291],[-99.3632892,19.8982399],[-99.3627715,19.8978051],[-99.3624234,19.897772],[-99.3618464,19.8982657],[-99.3625444,19.8989802],[-99.3636111,19.900044],[-99.3632906,19.9003307],[-99.3632513,19.900373],[-99.3631577,19.9004428],[-99.3629695,19.9005738],[-99.3627389,19.9007197],[-99.3626003,19.9007495],[-99.3625084,19.9007609],[-99.3624618,19.9005828],[-99.3623871,19.9003332],[-99.3623242,19.9002194],[-99.3622614,19.9001056],[-99.3621034,19.8999],[-99.3619387,19.8997459],[-99.3617113,19.8996106],[-99.3614886,19.8995278],[-99.3612474,19.8994538],[-99.3608646,19.8993533],[-99.3605493,19.8992795],[-99.3602035,19.8992095],[-99.3598835,19.8991401],[-99.3595543,19.8991057],[-99.3592137,19.8990669],[-99.3590655,19.8990151],[-99.358941,19.8988979],[-99.3588242,19.898788],[-99.3586384,19.8985613],[-99.3585661,19.8983701],[-99.3585822,19.8982527],[-99.3586307,19.8980365],[-99.3587384,19.8978033],[-99.3588456,19.8975592],[-99.3588326,19.8975469],[-99.3586723,19.8974484],[-99.3584794,19.8973531],[-99.3582424,19.8971922],[-99.3579741,19.8970044],[-99.3579542,19.896844],[-99.3579087,19.8966253],[-99.3578338,19.896306],[-99.3577483,19.896055],[-99.3577079,19.8958861],[-99.3576703,19.8956599],[-99.3576829,19.8954968],[-99.3576905,19.8954266],[-99.357691,19.8954214],[-99.3577004,19.8953346],[-99.357744,19.8951804],[-99.3577139,19.8951812],[-99.3576857,19.8951819],[-99.3575749,19.8952257],[-99.3574736,19.8952466],[-99.3573109,19.8952755],[-99.3571992,19.8952772],[-99.357058,19.8952775],[-99.3569816,19.8952586],[-99.3569145,19.8952183],[-99.3568306,19.8950754],[-99.3568275,19.8950595],[-99.3567797,19.8948209],[-99.3567036,19.8946702],[-99.3566197,19.8944934],[-99.3565814,19.8944424],[-99.3565431,19.8943914],[-99.3564701,19.8942928],[-99.3563473,19.8940997],[-99.3562628,19.8939205],[-99.3561803,19.8937233],[-99.3561352,19.8935443],[-99.3561262,19.8934299],[-99.3561464,19.893334],[-99.3561737,19.8932822],[-99.3563132,19.8932015],[-99.3564353,19.893152],[-99.3565894,19.8931204],[-99.3567669,19.8931124],[-99.3569446,19.8931089],[-99.3573236,19.8931358],[-99.3575182,19.8931645],[-99.3577074,19.8931857],[-99.3578922,19.8932037],[-99.3579766,19.8932234],[-99.3580707,19.8932503],[-99.3580994,19.8932586],[-99.3582519,19.8933058],[-99.3583808,19.8933516],[-99.3584781,19.8933714],[-99.3585778,19.8933696],[-99.358641,19.8933603],[-99.3586944,19.8933158],[-99.3587332,19.8932575],[-99.3587556,19.8931455],[-99.3588045,19.8929991],[-99.3588271,19.8929438],[-99.3588529,19.8929238],[-99.3589566,19.8928945],[-99.3590611,19.8928387],[-99.3591566,19.8927864],[-99.3592472,19.892705],[-99.3593394,19.8926006],[-99.359397,19.8925679],[-99.3595119,19.89254],[-99.3595976,19.892495],[-99.3597304,19.8923154],[-99.3599392,19.892477],[-99.3601632,19.8926541],[-99.3602778,19.8927353],[-99.3604,19.892822],[-99.3607729,19.8931451],[-99.3609689,19.8933047],[-99.3610226,19.8933358],[-99.3614079,19.8930122],[-99.361894,19.8926038],[-99.3620958,19.8920928],[-99.3622816,19.8916222],[-99.362309,19.8915529],[-99.3624646,19.8908329],[-99.3626168,19.8901287],[-99.3630066,19.8902062],[-99.3630324,19.8901094],[-99.3633874,19.889922],[-99.3635823,19.8897986],[-99.3636891,19.8897333],[-99.3636911,19.8897321],[-99.3636943,19.8897301],[-99.3637051,19.8899923],[-99.3637714,19.8902698],[-99.3638343,19.8903618],[-99.3642393,19.8904354],[-99.3643256,19.8904511],[-99.3644327,19.8905519],[-99.3644892,19.8906667],[-99.3644976,19.8907868],[-99.364502,19.8909185],[-99.3644859,19.891027],[-99.3645025,19.8911237],[-99.3645272,19.8911973],[-99.3645848,19.8912746],[-99.3646341,19.8913597],[-99.3647245,19.8914641],[-99.3648393,19.8915375],[-99.3649419,19.8916225],[-99.3650242,19.8917463],[-99.3651474,19.8918738],[-99.3653131,19.8919938],[-99.3657115,19.8923296],[-99.366282,19.8930629],[-99.3663977,19.8931195],[-99.3665734,19.8931017],[-99.3667582,19.8930226],[-99.3669894,19.8930221],[-99.3671375,19.8930786],[-99.3672533,19.893179],[-99.3672906,19.8932838],[-99.3672725,19.8934587],[-99.3672082,19.8936425],[-99.3673176,19.8937492],[-99.367503,19.8938987],[-99.3676453,19.8939953],[-99.3677067,19.8941216],[-99.3677897,19.8942839],[-99.367866,19.8943868],[-99.3680216,19.8945177],[-99.3681607,19.8946424],[-99.3683084,19.8947654],[-99.3684211,19.8948932],[-99.3685602,19.8950273],[-99.3687522,19.895155],[-99.3690043,19.8952531],[-99.369175,19.8953299],[-99.3693381,19.8954156],[-99.3694286,19.8954815],[-99.369525,19.8955723],[-99.3695829,19.8956391],[-99.3696531,19.8957395],[-99.3697102,19.8958551],[-99.3697586,19.8959791],[-99.3698048,19.8961067],[-99.3698444,19.8962072],[-99.3699101,19.8962774],[-99.3699817,19.8963282],[-99.370092,19.8963862],[-99.3701738,19.8964329],[-99.3702803,19.8964864],[-99.3704227,19.896565],[-99.370563,19.8966695],[-99.3706717,19.896765],[-99.3708134,19.8968653],[-99.3709083,19.8969409],[-99.3709804,19.8970117],[-99.3710374,19.8970818],[-99.3710683,19.8971934],[-99.3710583,19.897254],[-99.3710059,19.8972983],[-99.3709313,19.8973248],[-99.3708634,19.8972909],[-99.3707263,19.8973377],[-99.370566,19.8973288],[-99.3704714,19.8973681],[-99.370423,19.8974439],[-99.37045,19.8975471],[-99.3705476,19.897781],[-99.3706338,19.8979913],[-99.3706779,19.8981472],[-99.3707851,19.8982962],[-99.3710516,19.8985538],[-99.3711708,19.8986293],[-99.3713167,19.8987139],[-99.3715111,19.8987548],[-99.3716696,19.8987584],[-99.3717179,19.8989318],[-99.3717855,19.8993723],[-99.3719109,19.8998023],[-99.3719239,19.8999192],[-99.3718048,19.9005697],[-99.3701924,19.9029557],[-99.3701199,19.9028967]]]},"properties":{"locality":"TINAJAS","official_key":"1306300210006","CVE_ENT":"13","CVE_MUN":"063","CVE_LOC":"0021","CVE_ASEN":"0006","settlement_type":"COLONIA","source":"INEGI DCAH 2025"}},{"type":"Feature","geometry":{"type":"Polygon","coordinates":[[[-99.2883002,19.9409935],[-99.2878814,19.9406629],[-99.2877014,19.9404498],[-99.2876177,19.9402885],[-99.2874947,19.9398382],[-99.2874189,19.9396959],[-99.2873741,19.9396403],[-99.28723,19.9395362],[-99.2870092,19.9394072],[-99.2869516,19.9392603],[-99.2868722,19.9391444],[-99.2867983,19.9390722],[-99.2865323,19.9388315],[-99.2862506,19.9385379],[-99.2861309,19.9383825],[-99.2865839,19.9381871],[-99.2868257,19.9380604],[-99.2867107,19.9379959],[-99.2866819,19.9379636],[-99.2866024,19.9377925],[-99.286387,19.9344905],[-99.2887918,19.9334735],[-99.2896673,19.933073],[-99.2903834,19.9342439],[-99.2911266,19.9339252],[-99.2913146,19.9338687],[-99.2912494,19.9336894],[-99.2923742,19.9332657],[-99.2924301,19.9340253],[-99.2924686,19.9343614],[-99.2926452,19.93464],[-99.2927591,19.9347362],[-99.2917406,19.935812],[-99.2916185,19.9359302],[-99.2915918,19.9361324],[-99.2918989,19.9373836],[-99.2922575,19.9383983],[-99.2921913,19.9384313],[-99.2897913,19.9396267],[-99.2896005,19.939352],[-99.2885038,19.9402065],[-99.2892191,19.9405231],[-99.2893985,19.9408708],[-99.2894726,19.9410145],[-99.2891631,19.9410357],[-99.2890202,19.9409439],[-99.2889768,19.940916],[-99.2888785,19.9409713],[-99.288539,19.9411622],[-99.2885129,19.941136],[-99.2884636,19.9411127],[-99.2883999,19.9410663],[-99.2883002,19.9409935]]]},"properties":{"locality":"BENITO JUÁREZ","official_key":"1306300250001","CVE_ENT":"13","CVE_MUN":"063","CVE_LOC":"0025","CVE_ASEN":"0001","settlement_type":"COLONIA","source":"INEGI DCAH 2025"}},{"type":"Feature","geometry":{"type":"Polygon","coordinates":[[[-99.3181569,19.9231453],[-99.3182996,19.9230583],[-99.3184846,19.9230012],[-99.318319,19.9227676],[-99.3188169,19.9225869],[-99.319407,19.9224471],[-99.3197532,19.922363],[-99.3196903,19.9221218],[-99.3200975,19.9219551],[-99.3201508,19.92214],[-99.3201999,19.9223731],[-99.3202565,19.9225121],[-99.3204272,19.9227495],[-99.3205455,19.9226561],[-99.3206907,19.9225414],[-99.3227029,19.9228214],[-99.3230876,19.9223247],[-99.3232899,19.9224383],[-99.3227074,19.9231697],[-99.3218672,19.9230469],[-99.321657,19.9244898],[-99.3213396,19.9244751],[-99.3213161,19.9246676],[-99.3197023,19.9244947],[-99.3190344,19.9243774],[-99.3181569,19.9231453]]]},"properties":{"locality":"UNIDAD OBRERA HABITACIONAL C.T.M.","official_key":"1306300530001","CVE_ENT":"13","CVE_MUN":"063","CVE_LOC":"0053","CVE_ASEN":"0001","settlement_type":"UNIDAD HABITACIONAL","source":"INEGI DCAH 2025"}},{"type":"Feature","geometry":{"type":"Polygon","coordinates":[[[-99.3393574,19.9429566],[-99.339153,19.9427707],[-99.3390093,19.9425787],[-99.3389528,19.9425033],[-99.3389496,19.9424977],[-99.3389433,19.9424866],[-99.3388706,19.9423581],[-99.3388376,19.9422998],[-99.3387947,19.9421575],[-99.3387896,19.9421307],[-99.3387288,19.9418088],[-99.3387244,19.9417855],[-99.3387175,19.9417592],[-99.3386173,19.9413747],[-99.3385491,19.9410363],[-99.3385479,19.9410305],[-99.3385493,19.9409839],[-99.338576,19.9406328],[-99.3387522,19.9400602],[-99.3389892,19.9394707],[-99.3390108,19.939417],[-99.3390862,19.9392302],[-99.3391655,19.9390335],[-99.3392335,19.9389268],[-99.3392568,19.9389178],[-99.3393694,19.9388744],[-99.3393487,19.9387982],[-99.3393402,19.9387671],[-99.3393319,19.9384591],[-99.3393912,19.9382632],[-99.3394058,19.938215],[-99.3394552,19.9381249],[-99.3395403,19.9380395],[-99.3395527,19.938027],[-99.3395697,19.9380099],[-99.339628,19.9379766],[-99.3396264,19.9379369],[-99.3396223,19.9379004],[-99.3396232,19.9378568],[-99.3396078,19.9378142],[-99.3397197,19.9378258],[-99.3397947,19.9377439],[-99.3399068,19.9374917],[-99.3399231,19.9374278],[-99.339983,19.9371935],[-99.3402044,19.9364399],[-99.3402559,19.9362209],[-99.3402936,19.9360609],[-99.3421745,19.9353508],[-99.3423922,19.9352686],[-99.3426654,19.9351708],[-99.3432874,19.9349756],[-99.3434673,19.9348662],[-99.3439515,19.9347107],[-99.3443278,19.9345749],[-99.3446011,19.9344904],[-99.3456304,19.9341173],[-99.3459146,19.934619],[-99.345553,19.9349364],[-99.3454704,19.935042],[-99.345561,19.9351215],[-99.3458394,19.9351354],[-99.3460744,19.9351633],[-99.3461902,19.9354005],[-99.345971,19.9354725],[-99.3456611,19.9355558],[-99.3451326,19.9356218],[-99.3448668,19.9357141],[-99.3446946,19.935909],[-99.3446398,19.9361323],[-99.3446106,19.9363117],[-99.344633,19.9364664],[-99.3447412,19.9366906],[-99.3449158,19.9368666],[-99.3445823,19.9377243],[-99.3457568,19.9378406],[-99.3455904,19.9384418],[-99.3448822,19.9385487],[-99.3433096,19.9388145],[-99.343362,19.9390047],[-99.3435015,19.9392107],[-99.3436224,19.9393629],[-99.3436615,19.9395114],[-99.3436959,19.9396901],[-99.3437551,19.9397686],[-99.343832,19.9397829],[-99.3442528,19.9397542],[-99.3442732,19.9397546],[-99.3443315,19.9400181],[-99.344401,19.9403855],[-99.3444344,19.9405876],[-99.3444307,19.94074],[-99.3444395,19.9408599],[-99.3444443,19.9410502],[-99.3444726,19.9411808],[-99.3445672,19.9412577],[-99.3446953,19.9413435],[-99.3447386,19.9414385],[-99.3446948,19.9417646],[-99.3446302,19.9419074],[-99.3445205,19.942029],[-99.3443546,19.942177],[-99.3442987,19.9422361],[-99.3442663,19.9422814],[-99.344159,19.9424287],[-99.3441277,19.9424701],[-99.3441213,19.9424786],[-99.3439922,19.9426457],[-99.3438386,19.942852],[-99.3436877,19.9430595],[-99.3435343,19.9432672],[-99.3434582,19.9433676],[-99.3432811,19.9435441],[-99.3432602,19.9435628],[-99.3429495,19.9437416],[-99.3426655,19.9439078],[-99.342446,19.9439527],[-99.3423023,19.9439333],[-99.3422277,19.9439416],[-99.3422056,19.9439638],[-99.3421798,19.9439963],[-99.3421526,19.9440211],[-99.3418588,19.9437886],[-99.3415683,19.9435575],[-99.341356,19.9433891],[-99.3408157,19.9429119],[-99.3405366,19.9426171],[-99.3403362,19.942353],[-99.3394129,19.9425412],[-99.3394719,19.9429813],[-99.3393857,19.9429627],[-99.3393574,19.9429566]]]},"properties":{"locality":"CARACOL","official_key":"1306300700001","CVE_ENT":"13","CVE_MUN":"063","CVE_LOC":"0070","CVE_ASEN":"0001","settlement_type":"COLONIA","source":"INEGI DCAH 2025"}}]}