{"type":"FeatureCollection","name":"inegi-hidalgo-069","metadata":{"state":"Hidalgo","CVE_ENT":"13","CVE_MUN":"069","municipality":"Tizayuca","sources":["INEGI Gaia — Servicio vectorial del Marco Geoestadístico","INEGI DCAH 2025"],"source_urls":["https://gaia.inegi.org.mx/wscatgeo/v2/geo/mgem/13","https://gaia.inegi.org.mx/wscatgeo/v2/geo/localidades/pol/13/069","https://www.inegi.org.mx/contenidos/productos/prod_serv/contenidos/espanol/bvinegi/productos/geografia/delimitaciones/794551163078/13_hidalgo.zip"],"geometry_policy":"Solo se publican polígonos de INEGI; no se generan puntos ni geometrías sintéticas.","locality_polygon_count":32,"settlement_polygon_count":264},"municipality":{"type":"Feature","geometry":{"type":"MultiPolygon","crs":{"type":"name","properties":{"name":"EPSG:6365"}},"coordinates":[[[[-98.95206965,19.90652031],[-98.95072868,19.9062512],[-98.9506624,19.906240751],[-98.950664311,19.906209577],[-98.95067011,19.906114961],[-98.950711019,19.90544752],[-98.950734879,19.90422742],[-98.950748089,19.904033272],[-98.950748765,19.904023348],[-98.950760576,19.903849755],[-98.95076265,19.90381928],[-98.950767902,19.903720336],[-98.950778701,19.903516866],[-98.950795,19.90320977],[-98.950795217,19.903171583],[-98.950796903,19.902874676],[-98.95079778,19.902720276],[-98.950797957,19.90268894],[-98.950799459,19.90242454],[-98.950800975,19.902367179],[-98.950809316,19.902051432],[-98.95080965,19.902038781],[-98.950809956,19.902015463],[-98.950810338,19.901986524],[-98.950815252,19.901613917],[-98.950810856,19.901592351],[-98.950687229,19.900985751],[-98.950655139,19.900952493],[-98.95056388,19.90085791],[-98.950557507,19.900848637],[-98.95039008,19.900604963],[-98.950271189,19.900431925],[-98.950155758,19.900263925],[-98.950070509,19.900139851],[-98.949579745,19.899472188],[-98.94957971,19.89947214],[-98.949579675,19.899472096],[-98.94956688,19.899462634],[-98.949397545,19.899337443],[-98.949366132,19.89931422],[-98.949327558,19.899285704],[-98.949304658,19.899268774],[-98.94909568,19.899114281],[-98.949056959,19.89908838],[-98.948750675,19.898883484],[-98.948704479,19.89885258],[-98.948414818,19.898685875],[-98.948230428,19.898579753],[-98.948207602,19.898566616],[-98.948198539,19.8985614],[-98.947869398,19.898457892],[-98.94764369,19.89838691],[-98.947483154,19.898346726],[-98.947427402,19.89833277],[-98.947070387,19.898243403],[-98.947070355,19.898243395],[-98.946772479,19.898168831],[-98.946668603,19.898144383],[-98.946468425,19.898097266],[-98.946003186,19.897987762],[-98.946003108,19.897987742],[-98.945888415,19.897960747],[-98.94584381,19.897950247],[-98.945672489,19.897909921],[-98.945593249,19.897916896],[-98.94513591,19.89795715],[-98.94500248,19.89795815],[-98.944757459,19.89742172],[-98.943174079,19.89726118],[-98.943198149,19.897205491],[-98.943702739,19.89634245],[-98.942288289,19.895582431],[-98.94226455,19.895557121],[-98.943199523,19.893955432],[-98.94323417,19.89389608],[-98.94309775,19.893707981],[-98.94308408,19.893701154],[-98.94189595,19.89310771],[-98.941877619,19.89308318],[-98.942430675,19.892261922],[-98.942436723,19.892252939],[-98.942455229,19.89222546],[-98.94249696,19.892153316],[-98.942519783,19.892113858],[-98.942790149,19.891646438],[-98.942924513,19.891414144],[-98.942971219,19.891333393],[-98.942985036,19.891309507],[-98.94299323,19.89129534],[-98.942992916,19.891295057],[-98.94298087,19.891284184],[-98.94295909,19.89126452],[-98.942944792,19.891256846],[-98.941849807,19.890669042],[-98.94180102,19.890642851],[-98.941794359,19.890630872],[-98.94160051,19.890282281],[-98.941641309,19.890219937],[-98.94202937,19.889626941],[-98.942096841,19.889518641],[-98.942164872,19.889409442],[-98.942291459,19.88920625],[-98.94226569,19.8891826],[-98.941683781,19.888973589],[-98.941682561,19.888973152],[-98.941681485,19.888972766],[-98.941111012,19.888767861],[-98.940899479,19.888691881],[-98.940882613,19.888686302],[-98.940773859,19.88865032],[-98.94069665,19.888640891],[-98.940446749,19.888610371],[-98.940296319,19.88858745],[-98.94026915,19.88851958],[-98.94025331,19.88826945],[-98.940270969,19.88789295],[-98.940361814,19.887818052],[-98.94039772,19.88778845],[-98.94042291,19.88773045],[-98.93979858,19.88620743],[-98.93952878,19.886466431],[-98.93888857,19.887055891],[-98.93855797,19.887259051],[-98.93812955,19.887279921],[-98.937754279,19.887160151],[-98.937482649,19.88687712],[-98.937323249,19.88654308],[-98.93708317,19.88731229],[-98.936810879,19.888053081],[-98.93631455,19.888869371],[-98.936026379,19.88929262],[-98.935464719,19.889728911],[-98.934662739,19.89023192],[-98.93271906,19.88926031],[-98.931197694,19.8884961],[-98.931110339,19.88845222],[-98.931096349,19.88842418],[-98.92998291,19.887860681],[-98.929673456,19.887692367],[-98.929092884,19.887376589],[-98.92893377,19.887290045],[-98.928578687,19.887096908],[-98.92839738,19.886998291],[-98.928024653,19.886804822],[-98.92778032,19.886677996],[-98.927772092,19.886673725],[-98.9277241,19.886648813],[-98.926698059,19.886116221],[-98.925761829,19.8855636],[-98.92606676,19.884921966],[-98.92673594,19.883513861],[-98.926641849,19.883564938],[-98.92643429,19.883677612],[-98.924914601,19.884502562],[-98.92469551,19.884621491],[-98.92465249,19.884608963],[-98.924475965,19.884557557],[-98.92402174,19.884425281],[-98.92396551,19.884475631],[-98.92326298,19.88409803],[-98.923005512,19.883912324],[-98.92292745,19.88385602],[-98.922727305,19.883781143],[-98.92257037,19.883722431],[-98.922309199,19.88369925],[-98.92181823,19.883463851],[-98.92116094,19.88310652],[-98.92118671,19.88306531],[-98.921390244,19.88276153],[-98.921698065,19.882302098],[-98.9217226,19.88226548],[-98.921400303,19.882102452],[-98.920974709,19.881887171],[-98.920754394,19.881797868],[-98.92029203,19.881610451],[-98.919544636,19.881612721],[-98.91950828,19.881612831],[-98.91935837,19.88180828],[-98.919260309,19.881905741],[-98.919477017,19.881567753],[-98.919897849,19.880911401],[-98.91924745,19.880431261],[-98.91856626,19.880047351],[-98.917984579,19.87971514],[-98.91787991,19.87965557],[-98.91790538,19.8796058],[-98.917532086,19.879364315],[-98.917477449,19.87932897],[-98.917531319,19.879224581],[-98.917520404,19.879219999],[-98.916978999,19.878992751],[-98.917278919,19.8784508],[-98.91741886,19.878182681],[-98.91736111,19.87819048],[-98.917118652,19.878122265],[-98.91689006,19.87805795],[-98.91619705,19.87782243],[-98.91548,19.87759109],[-98.91479395,19.877349381],[-98.913805059,19.87701292],[-98.913850719,19.876924311],[-98.914019229,19.876581541],[-98.91423602,19.876138831],[-98.91444735,19.875718821],[-98.91244215,19.87480051],[-98.91288794,19.873969261],[-98.91484088,19.874883631],[-98.91509292,19.874402281],[-98.913127739,19.87353994],[-98.91394843,19.872350461],[-98.915728162,19.873114129],[-98.91573045,19.873115111],[-98.915972974,19.872631554],[-98.915977539,19.872622451],[-98.91601095,19.872554861],[-98.91603934,19.87249745],[-98.916193059,19.872186621],[-98.916167832,19.872174774],[-98.916010473,19.872100876],[-98.91460411,19.871440421],[-98.915269019,19.870405951],[-98.915424109,19.870182281],[-98.916401369,19.870621281],[-98.916721899,19.870330128],[-98.91688517,19.87018182],[-98.916905023,19.870150211],[-98.91748098,19.86923318],[-98.917461156,19.869224452],[-98.917210457,19.869114071],[-98.91685183,19.868956171],[-98.911064983,19.866321497],[-98.910441757,19.866037732],[-98.91005818,19.865863081],[-98.909821311,19.865755227],[-98.90948418,19.86560172],[-98.90870697,19.86541772],[-98.90864032,19.86540194],[-98.908152817,19.865156035],[-98.90802583,19.86509198],[-98.90767997,19.86491752],[-98.907575551,19.864864849],[-98.90749848,19.864825971],[-98.907259108,19.864705223],[-98.90706237,19.86460598],[-98.906630049,19.864355121],[-98.905695317,19.863812726],[-98.905357709,19.86361682],[-98.905298061,19.863588628],[-98.90527431,19.863577402],[-98.90520322,19.8635438],[-98.905296227,19.863418141],[-98.905616507,19.86298542],[-98.90577035,19.86277755],[-98.905785089,19.86275708],[-98.905833448,19.86268992],[-98.905926653,19.862560477],[-98.906013215,19.86244026],[-98.906078579,19.862349481],[-98.906884769,19.861229851],[-98.906894732,19.861215598],[-98.906904285,19.861201932],[-98.90691257,19.86119008],[-98.906927637,19.861168524],[-98.906970148,19.86110771],[-98.907035078,19.86101482],[-98.907151665,19.860848026],[-98.907199318,19.860779851],[-98.907239575,19.860722256],[-98.907314714,19.860614755],[-98.90741126,19.860476631],[-98.907404918,19.860419121],[-98.907393623,19.86031668],[-98.907362509,19.86003449],[-98.907349119,19.859577941],[-98.90735121,19.859570973],[-98.90737474,19.859492551],[-98.907428034,19.859314931],[-98.907437974,19.859281801],[-98.90749625,19.859087581],[-98.907616367,19.85889289],[-98.907725948,19.85871525],[-98.907839649,19.858530941],[-98.907936973,19.858386772],[-98.907979555,19.858323695],[-98.908169781,19.858041912],[-98.908443023,19.857637151],[-98.90867331,19.857296021],[-98.908712365,19.857238167],[-98.908788779,19.857124971],[-98.908599809,19.857227184],[-98.908447249,19.857309704],[-98.90832575,19.857375421],[-98.90783474,19.857643831],[-98.906962819,19.858090138],[-98.906155,19.85848631],[-98.906099432,19.858505419],[-98.90412751,19.859183541],[-98.904014229,19.85919556],[-98.9033578,19.859265208],[-98.903121969,19.859290229],[-98.902977939,19.859305511],[-98.90437828,19.857500061],[-98.904501399,19.857341321],[-98.90596218,19.855605491],[-98.90633091,19.854388291],[-98.90668425,19.853250631],[-98.90747822,19.850753381],[-98.90765163,19.850796481],[-98.90762892,19.8504266],[-98.90785452,19.849871601],[-98.907614649,19.84901137],[-98.90740735,19.848240371],[-98.907466339,19.847888891],[-98.90739732,19.847848461],[-98.907321339,19.84780394],[-98.906869349,19.847743851],[-98.90661111,19.8477038],[-98.90688512,19.846883141],[-98.906858569,19.846871921],[-98.90593186,19.84673831],[-98.906127719,19.846130151],[-98.90567045,19.845981981],[-98.90601609,19.84512954],[-98.90643823,19.84528003],[-98.90672303,19.844454861],[-98.907582949,19.844606571],[-98.907877319,19.843576181],[-98.90892857,19.843842381],[-98.90904635,19.843851111],[-98.90916851,19.843448781],[-98.910989349,19.843826631],[-98.912417109,19.843184181],[-98.91279772,19.84301438],[-98.91440322,19.842298151],[-98.914437769,19.84156683],[-98.915405419,19.841876451],[-98.9163232,19.839332281],[-98.91722694,19.839649221],[-98.91738931,19.839992851],[-98.917449181,19.84001774],[-98.918163029,19.840314491],[-98.9225862,19.841869921],[-98.923000783,19.842373456],[-98.92303177,19.842411091],[-98.923370619,19.842848981],[-98.9237066,19.84300805],[-98.92457078,19.84289491],[-98.924902763,19.842629494],[-98.924937032,19.842602096],[-98.924953949,19.842588571],[-98.92520477,19.84267071],[-98.927631519,19.843392681],[-98.928189889,19.841880171],[-98.928455909,19.841192661],[-98.92899972,19.839781951],[-98.929162905,19.839317022],[-98.929235419,19.839110421],[-98.92955206,19.83823939],[-98.92969351,19.837850281],[-98.929819549,19.83749862],[-98.929970629,19.837147921],[-98.930043569,19.836978601],[-98.930076283,19.836855293],[-98.930082121,19.83683329],[-98.930097539,19.836775171],[-98.930162586,19.836612461],[-98.930462519,19.835862191],[-98.93047698,19.835826021],[-98.930904749,19.83465983],[-98.930927,19.834642421],[-98.931189461,19.833972716],[-98.931964736,19.831994456],[-98.932000723,19.831902627],[-98.932366769,19.830968571],[-98.93539229,19.82600925],[-98.936024169,19.824965771],[-98.93863583,19.81756806],[-98.941095259,19.812635291],[-98.94327578,19.808257221],[-98.9454894,19.80380178],[-98.94634972,19.804263221],[-98.94668472,19.804280021],[-98.94751225,19.804526601],[-98.94754743,19.804537082],[-98.948253369,19.802180541],[-98.948375419,19.801853749],[-98.948499539,19.80135162],[-98.948560533,19.801153611],[-98.948566853,19.801133099],[-98.948574818,19.801107244],[-98.948758534,19.800510879],[-98.94951726,19.799972311],[-98.950042399,19.79964129],[-98.950651659,19.79959997],[-98.951151889,19.79968665],[-98.95168463,19.79976888],[-98.95236662,19.800013651],[-98.95301566,19.800161171],[-98.95342442,19.79924012],[-98.954051909,19.798573511],[-98.954826379,19.798683651],[-98.95539945,19.79883032],[-98.955377997,19.79888161],[-98.95468305,19.80054309],[-98.955059909,19.800746921],[-98.955187139,19.80079343],[-98.955330679,19.800793461],[-98.9555004,19.800818201],[-98.95561789,19.800904651],[-98.95570926,19.801040481],[-98.955839819,19.801102251],[-98.956241939,19.801143431],[-98.95668849,19.801213571],[-98.95714548,19.801312451],[-98.957471829,19.80152242],[-98.957667599,19.80166343],[-98.9579478,19.801797031],[-98.958529339,19.802028851],[-98.95875129,19.802102971],[-98.95883903,19.802281981],[-98.958841739,19.802287511],[-98.95894692,19.802502121],[-98.959146919,19.80276817],[-98.959402349,19.802858621],[-98.959729059,19.802939121],[-98.959964849,19.80283989],[-98.96027477,19.802989061],[-98.960508319,19.80311331],[-98.960640289,19.803259401],[-98.960721879,19.803467721],[-98.960721509,19.803732141],[-98.961028719,19.803861151],[-98.96135912,19.803908084],[-98.960917057,19.805094371],[-98.962587689,19.805743862],[-98.96266413,19.805773578],[-98.963843797,19.806232185],[-98.963844029,19.806232276],[-98.963844259,19.80623237],[-98.96416112,19.80635554],[-98.964468219,19.806474661],[-98.96448995,19.806483087],[-98.965050938,19.806700699],[-98.965737379,19.806966971],[-98.967738219,19.807743081],[-98.97019483,19.80869591],[-98.97019843,19.80869731],[-98.970198592,19.808697374],[-98.970198667,19.808697403],[-98.97020189,19.808698647],[-98.970205349,19.808699982],[-98.970358252,19.808759286],[-98.970358672,19.808759448],[-98.970359094,19.808759611],[-98.970363709,19.8087614],[-98.974353576,19.811546126],[-98.97498552,19.811987171],[-98.974985551,19.811987196],[-98.974985577,19.811987215],[-98.976331449,19.812965051],[-98.976399319,19.813048261],[-98.977277986,19.813710257],[-98.977531321,19.813901119],[-98.977594689,19.813948861],[-98.977608799,19.814261551],[-98.97763146,19.814273851],[-98.978295819,19.814634081],[-98.978382019,19.814680831],[-98.978473369,19.81472862],[-98.979233169,19.815126051],[-98.98021497,19.815556911],[-98.98115532,19.815993981],[-98.982095679,19.816431061],[-98.98303603,19.816868141],[-98.984105879,19.817365091],[-98.98517574,19.81786203],[-98.98606869,19.818302631],[-98.986961659,19.818743221],[-98.988103749,19.819253051],[-98.98924583,19.819762851],[-98.989482119,19.819908951],[-98.990590459,19.82043349],[-98.9916988,19.820958021],[-98.991705629,19.82096125],[-98.992171476,19.821181708],[-98.99280717,19.821482541],[-98.99333177,19.8217252],[-98.994412748,19.822219453],[-98.99501648,19.822495491],[-98.9957162,19.822844111],[-98.996468851,19.823221897],[-98.99668843,19.823332111],[-98.997660659,19.82382011],[-99.00020011,19.824950571],[-99.007779858,19.828220513],[-99.008200719,19.828402061],[-99.00828797,19.82853082],[-99.00217092,19.832137061],[-99.002109399,19.832189541],[-99.00201912,19.832498421],[-99.000815198,19.833009551],[-99.000054689,19.83333242],[-99.00015171,19.834179181],[-99.00100449,19.835446691],[-99.00120537,19.835752801],[-99.001311479,19.835000261],[-99.008323919,19.84693505],[-99.009644769,19.84918628],[-99.010308219,19.85032272],[-99.01047174,19.850385421],[-99.0104454,19.850557741],[-99.01067266,19.85094702],[-99.011344289,19.85209266],[-99.011941369,19.85306597],[-99.012305549,19.853732541],[-99.01561794,19.85938635],[-99.01703178,19.85970331],[-99.01683049,19.86145257],[-99.01867482,19.861863381],[-99.01841672,19.86368022],[-99.02039122,19.86410677],[-99.02017378,19.865862571],[-99.02004229,19.8668034],[-99.02058115,19.86768266],[-99.006119029,19.874024151],[-99.000166019,19.876662831],[-98.9988388,19.87726943],[-98.99339128,19.879638461],[-98.99125409,19.880580091],[-98.98922474,19.88144352],[-98.98755814,19.88218],[-98.971404149,19.889337461],[-98.966005969,19.891656801],[-98.96185968,19.888959138],[-98.961637343,19.888814476],[-98.96162475,19.888806282],[-98.960922656,19.888349464],[-98.960880501,19.888322036],[-98.960852029,19.88830351],[-98.960738599,19.888229711],[-98.960248013,19.887910499],[-98.960020459,19.887762431],[-98.95972302,19.88756889],[-98.958920152,19.887046483],[-98.958898801,19.887032589],[-98.958859701,19.887007147],[-98.958578606,19.886824242],[-98.958566078,19.886816094],[-98.958565949,19.886816014],[-98.958565822,19.886815934],[-98.958453419,19.886742781],[-98.958075685,19.886500853],[-98.958075647,19.886500829],[-98.958065067,19.886494075],[-98.958060214,19.886490976],[-98.958030784,19.886472187],[-98.958030028,19.886471795],[-98.958013819,19.886463382],[-98.957970428,19.886440872],[-98.957966379,19.886438771],[-98.957883734,19.886384787],[-98.957870875,19.886376387],[-98.957844846,19.886359385],[-98.95765205,19.88623345],[-98.957427883,19.886087024],[-98.95735617,19.88604018],[-98.95698934,19.885808139],[-98.956746605,19.885654577],[-98.9567219,19.885638948],[-98.956692549,19.885620379],[-98.956666128,19.885603662],[-98.956640083,19.885587182],[-98.956567275,19.885541116],[-98.956559477,19.885536185],[-98.956339713,19.885397161],[-98.956176711,19.885294046],[-98.956119779,19.885258031],[-98.956107102,19.885250011],[-98.956036183,19.885205145],[-98.955990139,19.885176018],[-98.95598857,19.885175024],[-98.955987479,19.885174334],[-98.955984708,19.885172581],[-98.955982468,19.885171164],[-98.95597943,19.885169243],[-98.955976917,19.885167654],[-98.955976793,19.885167576],[-98.955975851,19.885166981],[-98.955975454,19.88516673],[-98.955941933,19.88521323],[-98.955687715,19.885565876],[-98.955610619,19.88567282],[-98.955574802,19.885722583],[-98.955560876,19.885741931],[-98.955554888,19.885750251],[-98.95538952,19.88598],[-98.955371687,19.88600477],[-98.955355042,19.886027896],[-98.955335488,19.886055062],[-98.955089029,19.88639746],[-98.954952849,19.88658666],[-98.954942019,19.886601707],[-98.95486689,19.886706091],[-98.954816171,19.886776559],[-98.954799676,19.88679948],[-98.95478674,19.886817449],[-98.95467892,19.88696723],[-98.954671769,19.886977177],[-98.954668,19.88698242],[-98.954659975,19.88699357],[-98.954510638,19.88720105],[-98.954482532,19.887240098],[-98.95434108,19.887436623],[-98.95431062,19.88747894],[-98.954193411,19.887641777],[-98.95414208,19.887713089],[-98.954068264,19.887815636],[-98.953558733,19.888523504],[-98.953554793,19.888528978],[-98.953546939,19.88853989],[-98.953559146,19.88854762],[-98.953823403,19.888714965],[-98.95422803,19.888971201],[-98.954440641,19.889105841],[-98.95452486,19.889159171],[-98.954563072,19.889183763],[-98.954696785,19.88926981],[-98.955223508,19.889608772],[-98.955664031,19.889892256],[-98.955747858,19.889946202],[-98.956049157,19.890140097],[-98.956555293,19.890465811],[-98.956989895,19.890745488],[-98.957081291,19.890804304],[-98.95725011,19.890912942],[-98.957470078,19.891054491],[-98.957577878,19.891123861],[-98.957580755,19.891125712],[-98.958104309,19.891462622],[-98.95829391,19.89158463],[-98.958296708,19.891586433],[-98.958477615,19.891702845],[-98.958587848,19.891773782],[-98.958605437,19.8917851],[-98.958661319,19.89182106],[-98.958697043,19.891844401],[-98.959152267,19.892141831],[-98.959218999,19.892185432],[-98.959968186,19.892674923],[-98.961399597,19.89361013],[-98.96140289,19.893612281],[-98.9614464,19.89364071],[-98.961440584,19.893643223],[-98.959206459,19.894608526],[-98.95920323,19.894609921],[-98.958705785,19.894824362],[-98.957810919,19.895210121],[-98.957574383,19.895312087],[-98.957541689,19.89532618],[-98.957516813,19.895336903],[-98.95713268,19.895502486],[-98.957131164,19.895503139],[-98.957035769,19.895544262],[-98.95680655,19.895643081],[-98.95678729,19.895651383],[-98.956650993,19.895710135],[-98.956565243,19.895747098],[-98.95656442,19.895747453],[-98.956231493,19.895890964],[-98.956026091,19.895979506],[-98.955844343,19.89605785],[-98.955413018,19.896243773],[-98.955058749,19.896396481],[-98.955068707,19.896447599],[-98.9552162,19.89720468],[-98.955293438,19.89760123],[-98.95529975,19.897633631],[-98.955373296,19.898011196],[-98.9553734,19.898011721],[-98.95544379,19.898372996],[-98.95544388,19.898373451],[-98.955511958,19.898722974],[-98.955512029,19.898723342],[-98.95559375,19.899142778],[-98.955601678,19.89918348],[-98.955654329,19.899453773],[-98.95565438,19.899454031],[-98.955748149,19.899935381],[-98.955805723,19.900230914],[-98.955874077,19.900581779],[-98.955954854,19.900996411],[-98.956024311,19.901352936],[-98.956191786,19.902212581],[-98.956243279,19.902476891],[-98.956352169,19.903035892],[-98.956505737,19.903861651],[-98.956505785,19.903861909],[-98.956581124,19.904267008],[-98.95658122,19.904267521],[-98.95674988,19.905174451],[-98.956785818,19.905367709],[-98.956788349,19.905381326],[-98.956821548,19.905559841],[-98.956829169,19.905600831],[-98.956809669,19.905559083],[-98.956786025,19.90550846],[-98.956725291,19.905378432],[-98.956718734,19.905364394],[-98.956711211,19.905348287],[-98.956684309,19.905290691],[-98.956671146,19.905296055],[-98.956587165,19.905330284],[-98.956547771,19.905346341],[-98.956494967,19.905367862],[-98.95615371,19.905506951],[-98.956132162,19.905515734],[-98.953402,19.906628481],[-98.95319866,19.906711342],[-98.9527226,19.906714571],[-98.95206965,19.90652031]]]]},"properties":{"municipality":"Tizayuca","official_key":"13069","CVE_ENT":"13","CVE_MUN":"069","geometry_kind":"municipality","source":"INEGI Gaia — Servicio vectorial del Marco Geoestadístico"}},"features":[{"type":"Feature","geometry":{"type":"MultiPolygon","crs":{"type":"name","properties":{"name":"EPSG:6365"}},"coordinates":[[[[-98.97735012,19.864626201],[-98.977457829,19.863811381],[-98.977253429,19.863773021],[-98.977004569,19.86374262],[-98.9750382,19.863437395],[-98.974853529,19.863408728],[-98.974744453,19.864014433],[-98.973559811,19.863830556],[-98.97366686,19.86324558],[-98.973688519,19.863022171],[-98.973724257,19.862714995],[-98.973749879,19.86249589],[-98.971160313,19.862082424],[-98.96902737,19.861739297],[-98.968804396,19.861993245],[-98.967126876,19.861493559],[-98.966095925,19.861333081],[-98.965865761,19.861297253],[-98.965473151,19.861225869],[-98.965109819,19.861371201],[-98.965325639,19.861151566],[-98.96551571,19.860958401],[-98.966180717,19.860303624],[-98.966472848,19.860016092],[-98.96815671,19.85837538],[-98.96896548,19.8575792],[-98.970078659,19.856458831],[-98.970501519,19.85603157],[-98.970649382,19.855818539],[-98.970971248,19.855384624],[-98.971145649,19.855021851],[-98.97128106,19.85474415],[-98.97140945,19.85443928],[-98.97145722,19.85430174],[-98.971579022,19.853925085],[-98.97164526,19.85373227],[-98.971672535,19.853665913],[-98.971717224,19.853557194],[-98.969733068,19.852037897],[-98.969662389,19.851983776],[-98.969600372,19.851923124],[-98.968748164,19.851262193],[-98.968077146,19.850741776],[-98.967647974,19.850408919],[-98.967020452,19.849916467],[-98.966437173,19.849458584],[-98.965923029,19.849050369],[-98.965243177,19.848510568],[-98.964753487,19.848121749],[-98.964580253,19.847984187],[-98.964366543,19.847817618],[-98.96390473,19.847457651],[-98.963665937,19.847279103],[-98.963604032,19.847232815],[-98.963446471,19.847115004],[-98.963090327,19.846840001],[-98.962793069,19.846610476],[-98.96267998,19.84651446],[-98.96227897,19.84619483],[-98.96134849,19.84545315],[-98.96093648,19.84513766],[-98.96075968,19.84500228],[-98.96055025,19.84484194],[-98.95977726,19.84425818],[-98.9597336,19.84422357],[-98.959625882,19.84430317],[-98.959603742,19.844284658],[-98.959423074,19.844133587],[-98.959362094,19.84408319],[-98.959250352,19.843979001],[-98.959148061,19.843893463],[-98.958581831,19.8426496],[-98.95848245,19.842422087],[-98.957957318,19.841219882],[-98.957914754,19.841122439],[-98.957898152,19.841084343],[-98.956427811,19.837710264],[-98.956316307,19.837454383],[-98.956276952,19.837321567],[-98.956276937,19.837321515],[-98.956097793,19.836717135],[-98.95608142,19.836668761],[-98.95639436,19.836727329],[-98.956399252,19.836728244],[-98.956150573,19.835443788],[-98.95594176,19.834960021],[-98.955683898,19.834358644],[-98.955948819,19.833711369],[-98.956270387,19.833826035],[-98.956634205,19.833975138],[-98.957084622,19.834138611],[-98.957511287,19.834300387],[-98.957723533,19.834379141],[-98.958045506,19.834498568],[-98.958401678,19.833717337],[-98.958707367,19.833059856],[-98.958749998,19.832968186],[-98.958633214,19.832918926],[-98.958672293,19.832807647],[-98.958735477,19.832627723],[-98.957908844,19.832326572],[-98.956670945,19.83186431],[-98.95613841,19.831660133],[-98.955639163,19.831468725],[-98.955256617,19.831565678],[-98.954704975,19.831305831],[-98.955308678,19.829910072],[-98.95581765,19.828709583],[-98.956347863,19.827488307],[-98.956700983,19.82662946],[-98.957191656,19.825436015],[-98.957159667,19.825414301],[-98.957520279,19.824556991],[-98.957538583,19.824513476],[-98.957887229,19.823562612],[-98.958439996,19.822224446],[-98.959016652,19.821890428],[-98.960121939,19.822334775],[-98.960945809,19.822807394],[-98.96189358,19.823130691],[-98.961830167,19.822906342],[-98.961476952,19.82249859],[-98.961752811,19.822481538],[-98.962360617,19.822423525],[-98.962678879,19.822344169],[-98.962991507,19.822232434],[-98.963600155,19.821886905],[-98.964481275,19.821234923],[-98.966901123,19.819429906],[-98.969631122,19.817354554],[-98.96970603,19.817291293],[-98.970197872,19.816982597],[-98.970515794,19.816751469],[-98.971042756,19.816368368],[-98.971882106,19.815772951],[-98.972743873,19.81518534],[-98.973540613,19.814616615],[-98.973982231,19.814299464],[-98.974792676,19.81365246],[-98.974988968,19.813505675],[-98.975109131,19.813468153],[-98.975139523,19.813458663],[-98.975211214,19.8134353],[-98.975236492,19.813427062],[-98.976399319,19.813048261],[-98.977226184,19.813687072],[-98.97752991,19.81391045],[-98.977503814,19.814241462],[-98.978149368,19.814586186],[-98.978213968,19.814620693],[-98.978288676,19.814661708],[-98.978900662,19.814997662],[-98.980109991,19.815536835],[-98.980243588,19.815599561],[-98.981716293,19.816285328],[-98.982040393,19.816434091],[-98.982087352,19.816455914],[-98.982413977,19.816607693],[-98.982767695,19.81677185],[-98.98293105,19.816848062],[-98.982997568,19.816878954],[-98.983357661,19.817046218],[-98.983426381,19.81707814],[-98.985070755,19.817841955],[-98.986202799,19.81840051],[-98.986498645,19.818546477],[-98.986881781,19.818726001],[-98.989140845,19.819742779],[-98.989377134,19.819888882],[-98.990485464,19.820413411],[-98.9915938,19.820937937],[-98.991600639,19.820941174],[-98.992416628,19.821327338],[-98.992702174,19.821462471],[-98.993226768,19.821705126],[-98.994069121,19.822090271],[-98.994911497,19.822475426],[-98.995611214,19.822824037],[-98.99658343,19.823312031],[-98.997555668,19.823800034],[-98.997238924,19.824436809],[-98.997205851,19.824480573],[-98.996835989,19.825317606],[-98.996466116,19.826154623],[-98.996096239,19.826991654],[-98.996088806,19.827008485],[-98.995726373,19.827828662],[-98.995607634,19.828099517],[-98.995238197,19.828827748],[-98.995196623,19.828988324],[-98.995783239,19.829251097],[-98.996152182,19.829416725],[-98.996247984,19.829462396],[-98.996490802,19.829578153],[-98.996844721,19.829735565],[-98.997911754,19.83021259],[-98.998252802,19.830365056],[-98.998315933,19.830394831],[-98.998595228,19.830526555],[-99.000029628,19.831170224],[-99.00037155,19.831321665],[-99.002004369,19.832057841],[-99.00217092,19.832137061],[-99.002109399,19.832189541],[-99.00201912,19.832498421],[-99.000815198,19.833009551],[-98.999434515,19.833469425],[-98.999037547,19.833605673],[-98.998917622,19.833646225],[-98.998029087,19.833946677],[-98.997379941,19.834206171],[-98.997128703,19.834310889],[-98.996161351,19.834774725],[-98.996367306,19.835253022],[-98.996455922,19.835444971],[-98.9963792,19.835492499],[-98.996324419,19.835514017],[-98.996154199,19.83551432],[-98.996012964,19.835524847],[-98.995815312,19.8356042],[-98.995649771,19.835659919],[-98.99553069,19.835672167],[-98.995470097,19.835693966],[-98.995428279,19.835745643],[-98.995383689,19.835883298],[-98.995316002,19.836013686],[-98.995251145,19.836096859],[-98.995190161,19.836142256],[-98.99506217,19.836160022],[-98.994999018,19.836191509],[-98.994959487,19.83623369],[-98.994926212,19.836300715],[-98.994915708,19.836376235],[-98.994922444,19.836573765],[-98.994905375,19.836611716],[-98.994866973,19.836652094],[-98.994806397,19.836690036],[-98.994637074,19.836732282],[-98.994573077,19.836774264],[-98.994554303,19.836834027],[-98.994510538,19.836942754],[-98.994472149,19.837027568],[-98.994450799,19.837092155],[-98.994446676,19.837185465],[-98.99446612,19.837238538],[-98.994468865,19.837246031],[-98.994568696,19.837306588],[-98.994650845,19.837383098],[-98.994694494,19.837482868],[-98.994733892,19.837582641],[-98.994737474,19.837654756],[-98.994697567,19.837887009],[-98.994629491,19.838162929],[-98.994526777,19.838453368],[-98.99450243,19.838590396],[-98.99445995,19.838715778],[-98.994409665,19.838854599],[-98.994381458,19.839070458],[-98.994339008,19.839239794],[-98.994293071,19.839387567],[-98.994182504,19.839614379],[-98.994151885,19.839713871],[-98.994122091,19.839778954],[-98.994049639,19.839863008],[-98.993865516,19.84001015],[-98.993747209,19.840069459],[-98.993691616,19.840097333],[-98.993634442,19.840149483],[-98.993583923,19.840220346],[-98.993482868,19.840347845],[-98.99335383,19.840469948],[-98.993024756,19.840640313],[-98.992984941,19.840680875],[-98.992767595,19.840922068],[-98.992632856,19.840977117],[-98.992405744,19.841147475],[-98.992308292,19.84121152],[-98.992199072,19.841254992],[-98.991989289,19.841323748],[-98.991527359,19.841501511],[-98.991427208,19.84156218],[-98.991683983,19.842095748],[-98.991703319,19.842154042],[-98.992000943,19.842122643],[-98.992316869,19.842237776],[-98.993708707,19.842670253],[-98.994738954,19.842953226],[-98.995763827,19.843234523],[-98.996788683,19.843515805],[-98.995977464,19.844642274],[-98.995553879,19.845261628],[-98.995392337,19.845497827],[-98.995114599,19.845903921],[-98.99431466,19.847017718],[-98.993764899,19.847783169],[-98.99368418,19.84787992],[-98.99354253,19.848055513],[-98.993266989,19.84843813],[-98.993055693,19.848722238],[-98.992871245,19.849004521],[-98.992653088,19.849311749],[-98.992405624,19.849650585],[-98.991970777,19.850253897],[-98.991558726,19.850339306],[-98.991278312,19.850396232],[-98.990496709,19.850526959],[-98.990395379,19.850543891],[-98.990030479,19.850613995],[-98.989658668,19.850685425],[-98.989303439,19.850753672],[-98.989260417,19.850761937],[-98.988894464,19.850832245],[-98.98866631,19.850876076],[-98.988509012,19.850899886],[-98.988104203,19.85096116],[-98.987784162,19.851009607],[-98.987457013,19.851059135],[-98.986884356,19.851164352],[-98.986284227,19.851229644],[-98.986162159,19.851242924],[-98.986066909,19.851253293],[-98.986046871,19.851626885],[-98.986040372,19.851692291],[-98.986007731,19.852011313],[-98.985983914,19.852244154],[-98.985967482,19.852404753],[-98.9858642,19.853720691],[-98.98582077,19.85441768],[-98.985833219,19.85452309],[-98.985832228,19.855046957],[-98.985819284,19.855150326],[-98.985751761,19.855245414],[-98.984991633,19.856491681],[-98.984549577,19.857274477],[-98.983698552,19.858571462],[-98.983480026,19.858559053],[-98.98298707,19.859245401],[-98.982851112,19.859434701],[-98.98236285,19.860114504],[-98.982147836,19.860413861],[-98.982270856,19.860488097],[-98.981847495,19.860973661],[-98.981316898,19.861582212],[-98.979119259,19.863497719],[-98.97884129,19.863665291],[-98.97881232,19.86368571],[-98.978767569,19.8637028],[-98.978721134,19.86375167],[-98.978697199,19.86377686],[-98.978404089,19.86408535],[-98.978362309,19.864111511],[-98.978298549,19.864128231],[-98.977967879,19.86446046],[-98.97793537,19.86443909],[-98.977898179,19.864459081],[-98.97752251,19.864820401],[-98.977459829,19.86482328],[-98.977411489,19.865143151],[-98.97727885,19.86512252],[-98.97735012,19.864626201]]]]},"properties":{"locality":"Tizayuca","municipality":null,"official_key":"130690001","CVE_ENT":"13","CVE_MUN":"069","CVE_LOC":"0001","ambito":"URBANO","geometry_kind":"locality","source":"INEGI Gaia — Servicio vectorial del Marco Geoestadístico"}},{"type":"Feature","geometry":{"type":"MultiPolygon","crs":{"type":"name","properties":{"name":"EPSG:6365"}},"coordinates":[[[[-98.94584381,19.897950247],[-98.945672489,19.897909921],[-98.945593249,19.897916896],[-98.945563782,19.89791165],[-98.94533936,19.897910727],[-98.945069149,19.897916077],[-98.944931486,19.897671606],[-98.945264951,19.89716078],[-98.945466727,19.89681581],[-98.945664052,19.896499536],[-98.945799495,19.896288286],[-98.947058644,19.897123022],[-98.947172571,19.8969673],[-98.947407349,19.896648881],[-98.947773021,19.896149575],[-98.948036611,19.896321841],[-98.948330378,19.896513652],[-98.948656378,19.896739101],[-98.949008569,19.896973492],[-98.949231203,19.897110436],[-98.949388003,19.89687014],[-98.949593771,19.896561468],[-98.949656461,19.896459321],[-98.94978752,19.896245773],[-98.950001376,19.895938288],[-98.950250998,19.89554006],[-98.950318435,19.895432685],[-98.950414794,19.895281847],[-98.950445547,19.895234558],[-98.950609166,19.8949835],[-98.950823348,19.89464894],[-98.950863586,19.894586088],[-98.951039732,19.894337064],[-98.951064572,19.894299582],[-98.951252487,19.894016024],[-98.951449714,19.893703342],[-98.951641385,19.893412135],[-98.951702141,19.893311898],[-98.951720392,19.893281787],[-98.951935739,19.892952676],[-98.952127839,19.892642289],[-98.952299175,19.892353073],[-98.952504808,19.892004574],[-98.952559222,19.891900191],[-98.951264397,19.891087146],[-98.951166924,19.891025942],[-98.951086508,19.890975447],[-98.950764442,19.890772998],[-98.950438206,19.890563998],[-98.950396911,19.8906065],[-98.950036564,19.890388935],[-98.949662163,19.890162882],[-98.949716555,19.890097733],[-98.94957533,19.889998404],[-98.949219719,19.889601433],[-98.949190795,19.889523978],[-98.949159923,19.889441306],[-98.9491248,19.889311661],[-98.949084959,19.889250888],[-98.949011141,19.889150451],[-98.948947166,19.889035217],[-98.948875101,19.888856852],[-98.948729151,19.888581045],[-98.948677311,19.888490044],[-98.9485987,19.888397806],[-98.94812483,19.888056016],[-98.947766261,19.887848862],[-98.94736219,19.887552324],[-98.947358358,19.887549513],[-98.947355795,19.887547631],[-98.946686629,19.887245942],[-98.946175843,19.887113458],[-98.945862642,19.886937559],[-98.945766667,19.887086363],[-98.944656544,19.888775143],[-98.94289567,19.888124236],[-98.944046838,19.886350446],[-98.944495268,19.885731842],[-98.944532496,19.885674534],[-98.944756992,19.885328955],[-98.944971468,19.884993603],[-98.945169288,19.884668085],[-98.945349927,19.88433531],[-98.945551497,19.884004758],[-98.945653451,19.883802114],[-98.946050714,19.883188862],[-98.94577178,19.882970156],[-98.945720129,19.882933547],[-98.945419625,19.882720555],[-98.945299105,19.882635132],[-98.945040109,19.882444324],[-98.944955476,19.882381972],[-98.944566811,19.882087514],[-98.944462491,19.882008481],[-98.94509185,19.881367484],[-98.946712946,19.879756947],[-98.949845688,19.876605593],[-98.950009616,19.876668819],[-98.951924124,19.87728111],[-98.9522417,19.876848146],[-98.952355894,19.876692462],[-98.952821739,19.875967982],[-98.952896763,19.875795258],[-98.953124751,19.875770034],[-98.953468074,19.875739765],[-98.95386373,19.875841004],[-98.954217289,19.875918393],[-98.954378832,19.875973814],[-98.954557218,19.876024535],[-98.954714265,19.876060075],[-98.954811523,19.876076301],[-98.954908805,19.876091449],[-98.955315767,19.876175859],[-98.95568408,19.876264376],[-98.955869815,19.876310593],[-98.956048384,19.876360786],[-98.95640023,19.87645668],[-98.956627954,19.876522354],[-98.956758859,19.87655511],[-98.957120849,19.876646941],[-98.957473045,19.876742769],[-98.957839292,19.876834954],[-98.958213738,19.8769292],[-98.958243672,19.876933408],[-98.958366615,19.876950692],[-98.95857131,19.876984815],[-98.958680677,19.877003046],[-98.958931453,19.877092856],[-98.959271831,19.877240262],[-98.959345959,19.877272168],[-98.959463415,19.877322724],[-98.959615943,19.87740106],[-98.95996037,19.87757795],[-98.960158062,19.877663662],[-98.960151692,19.877699538],[-98.960049392,19.878276354],[-98.959977754,19.878703246],[-98.959912292,19.879071553],[-98.959993585,19.879138231],[-98.96015357,19.879177149],[-98.9605051,19.879278223],[-98.960506505,19.879278638],[-98.96051608,19.87928151],[-98.960868,19.8793872],[-98.961273696,19.879517289],[-98.961349368,19.879308447],[-98.961406249,19.879147341],[-98.96149426,19.879157741],[-98.962190812,19.879259978],[-98.962563991,19.879308718],[-98.962930893,19.879365964],[-98.963296826,19.879421273],[-98.963664873,19.879472783],[-98.964047978,19.879531311],[-98.963914449,19.880467056],[-98.963898865,19.880574212],[-98.96386724,19.880763565],[-98.963816895,19.881116275],[-98.963781431,19.881313601],[-98.963753462,19.881458145],[-98.963714073,19.88167698],[-98.964353212,19.881784643],[-98.964337178,19.881911939],[-98.964291853,19.882260301],[-98.964269375,19.882482496],[-98.96426841,19.882492039],[-98.964609199,19.882538204],[-98.965018968,19.882597447],[-98.965388927,19.882641133],[-98.965772253,19.882685666],[-98.96608375,19.882730843],[-98.965706308,19.883269495],[-98.965486231,19.883594955],[-98.965353122,19.883791804],[-98.965297414,19.883867834],[-98.963948464,19.885706872],[-98.963934122,19.885726424],[-98.963912139,19.885756394],[-98.963894254,19.885780777],[-98.963875742,19.885815241],[-98.963895493,19.885840719],[-98.963937301,19.885894648],[-98.96402673,19.885940408],[-98.96406618,19.885960595],[-98.964411073,19.886009068],[-98.964780444,19.886058652],[-98.965179477,19.886131559],[-98.965544614,19.886178121],[-98.965879702,19.886212151],[-98.965481562,19.888443864],[-98.965411824,19.888668343],[-98.965658587,19.88885499],[-98.963983015,19.889804699],[-98.963788555,19.889845056],[-98.963470278,19.890007052],[-98.96185968,19.888959138],[-98.961637343,19.888814476],[-98.96162475,19.888806282],[-98.960922656,19.888349464],[-98.960880501,19.888322036],[-98.960852029,19.88830351],[-98.960738599,19.888229711],[-98.960248013,19.887910499],[-98.960020459,19.887762431],[-98.95972302,19.88756889],[-98.958920152,19.887046483],[-98.958898801,19.887032589],[-98.958859701,19.887007147],[-98.958578606,19.886824242],[-98.958566078,19.886816094],[-98.958565949,19.886816015],[-98.958565821,19.886815935],[-98.958453419,19.886742781],[-98.958075685,19.886500853],[-98.958075647,19.886500829],[-98.958065067,19.886494075],[-98.958060214,19.886490976],[-98.958030784,19.886472187],[-98.958030028,19.886471795],[-98.958013819,19.886463382],[-98.957970428,19.886440872],[-98.957966379,19.886438771],[-98.957883734,19.886384787],[-98.957870875,19.886376387],[-98.957844846,19.886359385],[-98.95765205,19.88623345],[-98.957427883,19.886087024],[-98.95735617,19.88604018],[-98.956989339,19.88580814],[-98.956746605,19.885654577],[-98.9567219,19.885638948],[-98.956692549,19.88562038],[-98.956666128,19.885603662],[-98.956640083,19.885587182],[-98.956567276,19.885541114],[-98.956559478,19.885536182],[-98.956339713,19.88539716],[-98.956176711,19.885294046],[-98.956119779,19.885258031],[-98.956107102,19.885250011],[-98.956036183,19.885205145],[-98.955990139,19.885176017],[-98.95598857,19.885175024],[-98.955987479,19.885174334],[-98.955984708,19.885172581],[-98.955982468,19.885171164],[-98.95597943,19.885169243],[-98.955976917,19.885167654],[-98.955976793,19.885167576],[-98.955975851,19.885166981],[-98.955975454,19.88516673],[-98.955941933,19.88521323],[-98.955687715,19.885565876],[-98.955610619,19.88567282],[-98.955574802,19.885722583],[-98.955560876,19.885741931],[-98.955554888,19.885750251],[-98.95538952,19.88598],[-98.955371687,19.88600477],[-98.955355042,19.886027896],[-98.955335488,19.886055062],[-98.955089029,19.886397461],[-98.954952849,19.88658666],[-98.954942019,19.886601707],[-98.95486689,19.886706091],[-98.954816171,19.886776559],[-98.954799676,19.88679948],[-98.95478674,19.886817449],[-98.95467892,19.88696723],[-98.954671769,19.886977177],[-98.954668,19.88698242],[-98.954659975,19.88699357],[-98.954510638,19.88720105],[-98.954482532,19.887240098],[-98.95434108,19.887436623],[-98.95431062,19.88747894],[-98.954193411,19.887641777],[-98.95414208,19.887713089],[-98.954068264,19.887815636],[-98.953558733,19.888523504],[-98.953554793,19.888528978],[-98.953546939,19.88853989],[-98.953559146,19.88854762],[-98.953823401,19.888714967],[-98.954228029,19.888971202],[-98.954440641,19.889105841],[-98.95452486,19.889159172],[-98.954563072,19.889183763],[-98.954696785,19.88926981],[-98.955223508,19.889608772],[-98.955664031,19.889892256],[-98.955747858,19.889946202],[-98.956049157,19.890140097],[-98.956555293,19.890465811],[-98.956989895,19.890745488],[-98.957081291,19.890804304],[-98.95725011,19.890912942],[-98.957470078,19.891054491],[-98.957577878,19.891123861],[-98.957580754,19.891125712],[-98.958104309,19.891462622],[-98.9582071,19.891528768],[-98.958293909,19.891584631],[-98.958296708,19.891586433],[-98.958477615,19.891702846],[-98.958587848,19.891773782],[-98.958605437,19.8917851],[-98.958661319,19.89182106],[-98.958697043,19.891844401],[-98.959152267,19.892141832],[-98.959218998,19.892185432],[-98.959968186,19.892674923],[-98.961399597,19.89361013],[-98.96140289,19.893612281],[-98.9614464,19.89364071],[-98.961440584,19.893643223],[-98.959206459,19.894608526],[-98.95920323,19.894609921],[-98.958705785,19.894824363],[-98.957810919,19.895210121],[-98.957574383,19.895312087],[-98.957541689,19.89532618],[-98.957516813,19.895336903],[-98.95713268,19.895502486],[-98.957131164,19.895503139],[-98.957035769,19.895544262],[-98.95680655,19.895643081],[-98.95678729,19.895651383],[-98.956650993,19.895710135],[-98.956565243,19.895747098],[-98.95656442,19.895747454],[-98.956231493,19.895890964],[-98.956026091,19.895979506],[-98.955844343,19.89605785],[-98.955413018,19.896243773],[-98.955058749,19.896396481],[-98.955068707,19.896447599],[-98.9552162,19.89720468],[-98.955293438,19.89760123],[-98.95529975,19.897633631],[-98.955373296,19.898011196],[-98.9553734,19.898011721],[-98.95544379,19.898372996],[-98.95544388,19.898373451],[-98.955511958,19.898722974],[-98.955512029,19.898723342],[-98.95559375,19.899142778],[-98.955601678,19.89918348],[-98.955654328,19.899453773],[-98.95565438,19.899454031],[-98.955748149,19.899935381],[-98.955805722,19.900230914],[-98.955874076,19.900581779],[-98.955954853,19.900996411],[-98.956024311,19.901352936],[-98.956084311,19.901660918],[-98.956150474,19.90200053],[-98.956191786,19.902212581],[-98.956243279,19.902476891],[-98.956352169,19.903035892],[-98.956505737,19.903861651],[-98.956505785,19.903861909],[-98.956581092,19.904266833],[-98.956581124,19.904267008],[-98.95658122,19.904267521],[-98.956749879,19.905174451],[-98.956805517,19.905352038],[-98.956817854,19.905391414],[-98.956891285,19.905620368],[-98.956939139,19.905807632],[-98.957001694,19.906065905],[-98.957064974,19.906338184],[-98.957084707,19.906452784],[-98.957054008,19.906537102],[-98.957000627,19.906594619],[-98.95693115,19.906606743],[-98.95468338,19.906644981],[-98.953402,19.906628481],[-98.95319866,19.906711342],[-98.9527226,19.906714571],[-98.95206965,19.90652031],[-98.95072868,19.9062512],[-98.9506624,19.906240751],[-98.950664311,19.906209577],[-98.95067011,19.906114961],[-98.950711019,19.90544752],[-98.950734879,19.90422742],[-98.950748089,19.904033272],[-98.950748765,19.904023348],[-98.950760577,19.903849754],[-98.95076265,19.90381928],[-98.950767902,19.903720336],[-98.950778701,19.903516866],[-98.950795,19.90320977],[-98.950795217,19.903171583],[-98.950796903,19.902874676],[-98.95079778,19.902720276],[-98.950797957,19.90268894],[-98.950799459,19.90242454],[-98.950800975,19.902367179],[-98.950809316,19.902051432],[-98.95080965,19.902038781],[-98.950809956,19.902015463],[-98.950810338,19.901986524],[-98.950815252,19.901613917],[-98.950810856,19.901592351],[-98.950687229,19.900985751],[-98.950655139,19.900952493],[-98.95056388,19.90085791],[-98.950557507,19.900848637],[-98.95039008,19.900604963],[-98.950271189,19.900431925],[-98.950155758,19.900263925],[-98.950070509,19.900139851],[-98.949579745,19.899472188],[-98.94957971,19.89947214],[-98.949579675,19.899472096],[-98.94956688,19.899462634],[-98.949397545,19.899337443],[-98.949366132,19.89931422],[-98.949327559,19.899285704],[-98.949304658,19.899268774],[-98.94909568,19.899114281],[-98.94905696,19.899088379],[-98.948750675,19.898883484],[-98.948704479,19.89885258],[-98.948414819,19.898685874],[-98.948230428,19.898579753],[-98.948207602,19.898566616],[-98.948198539,19.8985614],[-98.947869398,19.898457891],[-98.94764369,19.89838691],[-98.947483154,19.898346726],[-98.947427402,19.89833277],[-98.947070387,19.898243403],[-98.947070355,19.898243395],[-98.946772479,19.898168831],[-98.946668604,19.898144382],[-98.946468425,19.898097266],[-98.946003186,19.897987762],[-98.946003108,19.897987742],[-98.945888415,19.897960747],[-98.94584381,19.897950247]]]]},"properties":{"locality":"El Carmen","municipality":null,"official_key":"130690002","CVE_ENT":"13","CVE_MUN":"069","CVE_LOC":"0002","ambito":"URBANO","geometry_kind":"locality","source":"INEGI Gaia — Servicio vectorial del Marco Geoestadístico"}},{"type":"Feature","geometry":{"type":"MultiPolygon","crs":{"type":"name","properties":{"name":"EPSG:6365"}},"coordinates":[[[[-98.924980352,19.847105727],[-98.923705244,19.848266878],[-98.922735096,19.849241018],[-98.922282208,19.849717994],[-98.921905561,19.850067485],[-98.921679118,19.850184877],[-98.92144855,19.850158871],[-98.920838137,19.849918574],[-98.92067465,19.8499176],[-98.920439747,19.849922615],[-98.920297139,19.84989254],[-98.920021909,19.84983292],[-98.9195658,19.84973048],[-98.919147179,19.84963194],[-98.918764969,19.849547511],[-98.91834635,19.84945263],[-98.917925259,19.849348221],[-98.917560079,19.849255171],[-98.917352619,19.84920688],[-98.91716198,19.84917852],[-98.91700198,19.84916491],[-98.916833909,19.84916305],[-98.91660958,19.849169721],[-98.91647632,19.849188801],[-98.91615785,19.849270171],[-98.91552917,19.84942878],[-98.91507726,19.84954611],[-98.914571476,19.849678383],[-98.914488005,19.849540263],[-98.915021629,19.84915305],[-98.915526119,19.848764981],[-98.91607935,19.84833851],[-98.9167234,19.8478416],[-98.91719074,19.847482341],[-98.91724425,19.84739814],[-98.91723943,19.84733228],[-98.917085386,19.847219651],[-98.914323163,19.849297735],[-98.91421425,19.849168571],[-98.91422266,19.84907826],[-98.91427686,19.848939581],[-98.91434462,19.848768431],[-98.914316479,19.84865735],[-98.914319539,19.848523371],[-98.914344219,19.848415371],[-98.914373199,19.84809434],[-98.914401799,19.847755031],[-98.914522179,19.84722638],[-98.914602229,19.84685157],[-98.9147318,19.846536651],[-98.91498894,19.84608451],[-98.91505234,19.84595438],[-98.915127829,19.84574694],[-98.915201109,19.8456252],[-98.915285199,19.845570111],[-98.91532588,19.845562431],[-98.915408569,19.84559709],[-98.91553814,19.845728381],[-98.91559923,19.845337981],[-98.91567966,19.84510054],[-98.915814549,19.84474805],[-98.916027381,19.844162505],[-98.915380229,19.843876601],[-98.915108434,19.843487498],[-98.915475628,19.842770478],[-98.916514954,19.843191287],[-98.91660312,19.843288022],[-98.917513969,19.843693661],[-98.91827038,19.844094821],[-98.919168668,19.845293296],[-98.918379366,19.845898187],[-98.917705765,19.846397417],[-98.917165116,19.846869046],[-98.917003131,19.846971816],[-98.917313216,19.847014037],[-98.920088414,19.844897282],[-98.924980352,19.847105727]]]]},"properties":{"locality":"El Chopo","municipality":null,"official_key":"130690004","CVE_ENT":"13","CVE_MUN":"069","CVE_LOC":"0004","ambito":"RURAL","geometry_kind":"locality","source":"INEGI Gaia — Servicio vectorial del Marco Geoestadístico"}},{"type":"Feature","geometry":{"type":"MultiPolygon","crs":{"type":"name","properties":{"name":"EPSG:6365"}},"coordinates":[[[[-98.953065982,19.871018442],[-98.952926508,19.870952858],[-98.952705224,19.871285829],[-98.952513446,19.871250513],[-98.951122722,19.870931416],[-98.951160942,19.870790786],[-98.951188099,19.870776598],[-98.952674378,19.868154107],[-98.952362745,19.868082174],[-98.951204528,19.867814822],[-98.951150885,19.867996445],[-98.947079291,19.869060962],[-98.946285653,19.868457067],[-98.946706832,19.867221391],[-98.947364047,19.865743538],[-98.948329792,19.866193317],[-98.949192754,19.866477839],[-98.949253651,19.866249838],[-98.94958533,19.86624759],[-98.94963211,19.866093475],[-98.949718638,19.86573936],[-98.950479095,19.865756378],[-98.950508705,19.865558335],[-98.950160123,19.865464979],[-98.949773988,19.865409462],[-98.949924612,19.864748461],[-98.950072554,19.86400421],[-98.950464364,19.864098769],[-98.950811145,19.864184519],[-98.95122029,19.864269144],[-98.952059928,19.864453412],[-98.952283999,19.864472372],[-98.952805037,19.864522718],[-98.953462043,19.864663272],[-98.953576922,19.864473454],[-98.953707167,19.864335925],[-98.95381923,19.864254548],[-98.951595384,19.863048407],[-98.951079654,19.862673712],[-98.950958584,19.8622896],[-98.950796124,19.862274128],[-98.950527138,19.862241164],[-98.950060052,19.862184322],[-98.948981423,19.861971074],[-98.949195255,19.861439972],[-98.949369413,19.861044838],[-98.949524265,19.860662255],[-98.949657658,19.860375531],[-98.949842013,19.859982856],[-98.950009292,19.859675519],[-98.950786153,19.858138337],[-98.950856488,19.8580282],[-98.951021542,19.857654561],[-98.951216212,19.857218723],[-98.951287776,19.857156097],[-98.951971206,19.855799301],[-98.952053821,19.855575218],[-98.952221056,19.855151804],[-98.952474119,19.854698117],[-98.952396348,19.854685548],[-98.94897385,19.853308109],[-98.949054316,19.853121423],[-98.949354723,19.852478109],[-98.9491321,19.852411254],[-98.948870584,19.853058984],[-98.94848904,19.852916131],[-98.948229871,19.852827043],[-98.948657348,19.851759106],[-98.948995307,19.850926574],[-98.949488834,19.849706781],[-98.949971631,19.848466798],[-98.950030639,19.848493287],[-98.9504903,19.848721602],[-98.952517272,19.849554868],[-98.952427752,19.849745563],[-98.953015071,19.849963457],[-98.953067893,19.849834175],[-98.952979395,19.849747477],[-98.95297141,19.849739655],[-98.952971146,19.849697544],[-98.952952258,19.848911056],[-98.953304576,19.849053329],[-98.953654209,19.849198527],[-98.953997675,19.849347436],[-98.95432083,19.849452519],[-98.954331131,19.850287996],[-98.954455355,19.850378288],[-98.954602935,19.85044458],[-98.956457269,19.850794074],[-98.957194876,19.850925261],[-98.95924299,19.851465759],[-98.959900711,19.851622485],[-98.961857883,19.852088834],[-98.961858145,19.852088895],[-98.962134413,19.852146921],[-98.962783506,19.852313425],[-98.963311364,19.852412723],[-98.96331163,19.852412915],[-98.963311652,19.852412777],[-98.963319949,19.852414338],[-98.963824204,19.852525342],[-98.964083335,19.852589383],[-98.964448116,19.85255911],[-98.964608635,19.852529506],[-98.964995286,19.852458196],[-98.965375817,19.85241952],[-98.969519193,19.851998334],[-98.969662389,19.851983776],[-98.969733068,19.852037897],[-98.971717224,19.853557194],[-98.971672535,19.853665913],[-98.97164526,19.85373227],[-98.971579022,19.853925085],[-98.97145722,19.85430174],[-98.97140945,19.85443928],[-98.97128106,19.85474415],[-98.971145649,19.855021851],[-98.970971248,19.855384624],[-98.970649382,19.855818539],[-98.970501519,19.85603157],[-98.970078659,19.856458831],[-98.96896548,19.8575792],[-98.96815671,19.85837538],[-98.966472848,19.860016092],[-98.966180717,19.860303624],[-98.96551571,19.860958401],[-98.965325639,19.861151566],[-98.965109819,19.861371201],[-98.961719415,19.864846192],[-98.960995649,19.865608669],[-98.960649198,19.865952904],[-98.959482682,19.867089057],[-98.95857781,19.86799339],[-98.957391342,19.869183016],[-98.956378525,19.870289187],[-98.956117511,19.870531188],[-98.95566289,19.87095972],[-98.955323154,19.871311434],[-98.954995634,19.871647128],[-98.954767845,19.871875125],[-98.954628076,19.871836981],[-98.953263148,19.871464475],[-98.953429446,19.871181954],[-98.953065982,19.871018442]]]]},"properties":{"locality":"Emiliano Zapata","municipality":null,"official_key":"130690005","CVE_ENT":"13","CVE_MUN":"069","CVE_LOC":"0005","ambito":"URBANO","geometry_kind":"locality","source":"INEGI Gaia — Servicio vectorial del Marco Geoestadístico"}},{"type":"Feature","geometry":{"type":"MultiPolygon","crs":{"type":"name","properties":{"name":"EPSG:6365"}},"coordinates":[[[[-98.94818011,19.822681661],[-98.947548754,19.820691429],[-98.946796756,19.818380893],[-98.946670278,19.81803933],[-98.946085417,19.816190508],[-98.945876956,19.815594193],[-98.945547337,19.814565484],[-98.945394523,19.814013014],[-98.945333713,19.81377362],[-98.945268918,19.813431634],[-98.945240571,19.813067108],[-98.945224236,19.812831257],[-98.945230923,19.812465072],[-98.945299971,19.812108214],[-98.945851431,19.810324672],[-98.945873613,19.81018609],[-98.9458966,19.810109475],[-98.946480618,19.808163736],[-98.946842636,19.80694326],[-98.94728185,19.805462509],[-98.947446262,19.804794677],[-98.94751225,19.804526601],[-98.94754743,19.804537082],[-98.948253369,19.802180541],[-98.948375419,19.801853749],[-98.948499539,19.80135162],[-98.948560533,19.801153611],[-98.948566853,19.801133099],[-98.948574818,19.801107244],[-98.948758539,19.80051088],[-98.94951726,19.799972311],[-98.950042399,19.79964129],[-98.950651659,19.79959997],[-98.951151889,19.79968665],[-98.95168463,19.79976888],[-98.95236662,19.800013651],[-98.95301566,19.800161171],[-98.95342442,19.79924012],[-98.954051909,19.798573511],[-98.954826379,19.798683651],[-98.95539945,19.79883032],[-98.955377997,19.79888161],[-98.95468305,19.80054309],[-98.955059909,19.800746921],[-98.955187139,19.80079343],[-98.955330679,19.800793461],[-98.9555004,19.800818201],[-98.95561789,19.800904651],[-98.95570926,19.801040481],[-98.955839819,19.801102251],[-98.956241939,19.801143431],[-98.95668849,19.801213571],[-98.95714548,19.801312451],[-98.957471829,19.80152242],[-98.957667599,19.80166343],[-98.9579478,19.801797031],[-98.958529339,19.802028851],[-98.95875129,19.802102971],[-98.95883903,19.802281981],[-98.958841739,19.802287511],[-98.95894692,19.802502121],[-98.959146919,19.80276817],[-98.959402349,19.802858621],[-98.959729059,19.802939121],[-98.959964849,19.80283989],[-98.96027477,19.802989061],[-98.960508319,19.80311331],[-98.960640289,19.803259401],[-98.960721879,19.803467721],[-98.960721509,19.803732141],[-98.961028719,19.803861151],[-98.96135912,19.803908081],[-98.960917059,19.805094371],[-98.962587689,19.805743862],[-98.96266413,19.805773578],[-98.963843797,19.806232187],[-98.963844029,19.806232276],[-98.963844259,19.80623237],[-98.96416112,19.80635554],[-98.964468219,19.806474661],[-98.96448995,19.806483085],[-98.965737379,19.806966971],[-98.967738219,19.807743081],[-98.97019483,19.80869591],[-98.970198429,19.808697311],[-98.970198592,19.808697374],[-98.970198668,19.808697403],[-98.97020189,19.808698648],[-98.970205348,19.808699984],[-98.970358252,19.808759286],[-98.970358672,19.808759448],[-98.970359094,19.808759611],[-98.970363709,19.8087614],[-98.974353575,19.811546127],[-98.974869028,19.811905874],[-98.97498552,19.811987171],[-98.97498555,19.811987197],[-98.974985577,19.811987215],[-98.975757576,19.812548109],[-98.976331451,19.812965047],[-98.976399319,19.813048261],[-98.975236492,19.813427062],[-98.975211214,19.8134353],[-98.975139523,19.813458663],[-98.975109131,19.813468153],[-98.974988968,19.813505675],[-98.974792676,19.81365246],[-98.973982231,19.814299464],[-98.973540613,19.814616615],[-98.972743873,19.81518534],[-98.971882106,19.815772951],[-98.971042756,19.816368368],[-98.970515794,19.816751469],[-98.970197872,19.816982597],[-98.96970603,19.817291293],[-98.969631122,19.817354554],[-98.966901123,19.819429906],[-98.964481275,19.821234923],[-98.963600155,19.821886905],[-98.962991507,19.822232434],[-98.962678879,19.822344169],[-98.962360617,19.822423525],[-98.961752811,19.822481538],[-98.961476952,19.82249859],[-98.961830167,19.822906342],[-98.96189358,19.823130691],[-98.960945809,19.822807394],[-98.960121939,19.822334775],[-98.959016652,19.821890428],[-98.958439996,19.822224446],[-98.957887229,19.823562612],[-98.957538583,19.824513476],[-98.957520279,19.824556991],[-98.957159667,19.825414301],[-98.956964008,19.825470567],[-98.956855299,19.825483979],[-98.956091387,19.825578223],[-98.95420591,19.82566843],[-98.953348409,19.825724228],[-98.95250998,19.825936381],[-98.952408472,19.826003375],[-98.949474675,19.826857303],[-98.948850917,19.824881323],[-98.94875571,19.824579768],[-98.948253632,19.822924081],[-98.948206831,19.822769796],[-98.94818011,19.822681661]]]]},"properties":{"locality":"Huitzila","municipality":null,"official_key":"130690008","CVE_ENT":"13","CVE_MUN":"069","CVE_LOC":"0008","ambito":"URBANO","geometry_kind":"locality","source":"INEGI Gaia — Servicio vectorial del Marco Geoestadístico"}},{"type":"Feature","geometry":{"type":"MultiPolygon","crs":{"type":"name","properties":{"name":"EPSG:6365"}},"coordinates":[[[[-98.905315871,19.863488302],[-98.906925466,19.861221975],[-98.907000693,19.861097611],[-98.907064991,19.860991315],[-98.907151666,19.860848026],[-98.90732008,19.860685389],[-98.907443446,19.860451405],[-98.90741229,19.859497597],[-98.907517707,19.859127945],[-98.907712929,19.85887271],[-98.907774228,19.858669841],[-98.908674814,19.857323941],[-98.909788096,19.858469272],[-98.909364391,19.858786583],[-98.909415435,19.858840411],[-98.910902578,19.860408628],[-98.910446845,19.861020305],[-98.910443303,19.861025059],[-98.910528914,19.861124366],[-98.91189129,19.861520941],[-98.914227919,19.86194169],[-98.913521479,19.863329131],[-98.910642984,19.863232469],[-98.910414105,19.863680023],[-98.910268764,19.863964223],[-98.910434008,19.864084151],[-98.912149474,19.865329153],[-98.912242027,19.866194839],[-98.911729984,19.866246667],[-98.910895194,19.866033092],[-98.910489559,19.86590024],[-98.910138646,19.865847945],[-98.909489544,19.865566404],[-98.908787437,19.865417721],[-98.908710056,19.865386806],[-98.90816891,19.865125763],[-98.907867724,19.864962927],[-98.90661932,19.864269353],[-98.905315871,19.863488302]]]]},"properties":{"locality":"Ignacio Zaragoza (Mogotes)","municipality":null,"official_key":"130690009","CVE_ENT":"13","CVE_MUN":"069","CVE_LOC":"0009","ambito":"RURAL","geometry_kind":"locality","source":"INEGI Gaia — Servicio vectorial del Marco Geoestadístico"}},{"type":"Feature","geometry":{"type":"MultiPolygon","crs":{"type":"name","properties":{"name":"EPSG:6365"}},"coordinates":[[[[-98.933000104,19.875116186],[-98.932829787,19.875028272],[-98.932493455,19.8748483],[-98.932326118,19.87476331],[-98.93216245,19.874684719],[-98.93192146,19.874576232],[-98.931135417,19.87417966],[-98.930397593,19.873806786],[-98.929623397,19.873426569],[-98.928981061,19.873126154],[-98.928536321,19.872914184],[-98.927482779,19.872407797],[-98.926626055,19.871975895],[-98.926287575,19.871807111],[-98.925021399,19.871224752],[-98.923995601,19.870961219],[-98.922372458,19.870497171],[-98.922114546,19.87042093],[-98.921443737,19.870215401],[-98.921080963,19.870112079],[-98.920623418,19.869983802],[-98.920335183,19.869903103],[-98.91990203,19.869786581],[-98.919531169,19.869652601],[-98.919475851,19.869621349],[-98.919116383,19.869387926],[-98.918327219,19.868689891],[-98.918093265,19.868509827],[-98.917986768,19.868427861],[-98.918152557,19.868355447],[-98.918607459,19.867711647],[-98.918936459,19.867123419],[-98.919516952,19.865890353],[-98.919953443,19.865137508],[-98.920785352,19.863715387],[-98.921406417,19.862785171],[-98.921700462,19.862299985],[-98.921876752,19.86199625],[-98.925847415,19.862339142],[-98.926108323,19.862378818],[-98.926307711,19.862450281],[-98.926419507,19.862461752],[-98.926576814,19.862301923],[-98.926776289,19.861956523],[-98.926903228,19.861882339],[-98.927160051,19.861893863],[-98.927259723,19.861982416],[-98.927191416,19.862200674],[-98.929456121,19.861716461],[-98.929493937,19.861708509],[-98.929875798,19.861629352],[-98.934245737,19.860755248],[-98.934307634,19.860745327],[-98.934308013,19.861416255],[-98.934299073,19.861786462],[-98.934301103,19.862179537],[-98.934297017,19.862510647],[-98.934295965,19.862595874],[-98.934301702,19.862861472],[-98.934275876,19.863579258],[-98.934275784,19.863581419],[-98.93430782,19.863780527],[-98.934272819,19.864751002],[-98.934275832,19.8649114],[-98.934276616,19.865072527],[-98.934273396,19.865442386],[-98.934278706,19.865535613],[-98.934286294,19.86566884],[-98.934286306,19.865669049],[-98.93428624,19.865671238],[-98.934278088,19.865941337],[-98.934264002,19.866407861],[-98.934258951,19.866575368],[-98.934241166,19.866810859],[-98.934230029,19.867007449],[-98.934209923,19.867170554],[-98.93419372,19.867281665],[-98.934111265,19.86761154],[-98.934054524,19.867830384],[-98.933956217,19.868185095],[-98.933932294,19.868271414],[-98.933870876,19.86849303],[-98.933754753,19.868863597],[-98.933678537,19.869072956],[-98.93365954,19.869155466],[-98.933659027,19.869157694],[-98.933659486,19.869157864],[-98.933885923,19.869241474],[-98.93531066,19.86977563],[-98.935433032,19.869824638],[-98.935433937,19.869825],[-98.935432978,19.869827036],[-98.934433818,19.871949043],[-98.934294878,19.872275373],[-98.934061598,19.872826327],[-98.933918507,19.873135552],[-98.933744632,19.873483305],[-98.933610211,19.873784483],[-98.93348611,19.874116199],[-98.933365446,19.874402202],[-98.933082334,19.875081615],[-98.933027592,19.87505497],[-98.933000104,19.875116186]]]]},"properties":{"locality":"El Cid","municipality":null,"official_key":"130690010","CVE_ENT":"13","CVE_MUN":"069","CVE_LOC":"0010","ambito":"URBANO","geometry_kind":"locality","source":"INEGI Gaia — Servicio vectorial del Marco Geoestadístico"}},{"type":"Feature","geometry":{"type":"MultiPolygon","crs":{"type":"name","properties":{"name":"EPSG:6365"}},"coordinates":[[[[-98.927109286,19.882397189],[-98.927100323,19.882247983],[-98.927050244,19.882247791],[-98.926404716,19.882272821],[-98.926356202,19.882219237],[-98.926345241,19.882163133],[-98.926310801,19.882090825],[-98.926264078,19.882047104],[-98.926126159,19.881990772],[-98.926309014,19.881401061],[-98.926307053,19.881372985],[-98.92568282,19.881367608],[-98.925588513,19.881353265],[-98.925621826,19.881305736],[-98.925547288,19.881284494],[-98.925376191,19.881157312],[-98.925105584,19.880929625],[-98.924536169,19.880650397],[-98.924232291,19.880474587],[-98.924078078,19.88033961],[-98.923754887,19.880176885],[-98.92354337,19.880095072],[-98.923331665,19.880042814],[-98.923270164,19.880035959],[-98.923050977,19.880454503],[-98.922676221,19.88027777],[-98.92223462,19.880073593],[-98.921815302,19.879898926],[-98.921390678,19.879716433],[-98.9213217,19.879702225],[-98.921319398,19.87997006],[-98.921243145,19.880232617],[-98.921327346,19.880175923],[-98.921685133,19.880189853],[-98.921434059,19.880564483],[-98.921329979,19.880663514],[-98.921272575,19.880697896],[-98.921199078,19.880492653],[-98.921097535,19.880642566],[-98.919548355,19.879742838],[-98.919573946,19.879668232],[-98.919617341,19.879541717],[-98.919678087,19.87936462],[-98.919651759,19.879296583],[-98.919592995,19.879224729],[-98.919126537,19.878963696],[-98.919038198,19.879179615],[-98.918732603,19.879115551],[-98.918642687,19.879084774],[-98.918491399,19.878837983],[-98.918400501,19.878865789],[-98.91827584,19.87887867],[-98.91799293,19.878813357],[-98.917532501,19.878622558],[-98.917778151,19.878244425],[-98.91808281,19.87790665],[-98.918322984,19.877644434],[-98.918547676,19.877472966],[-98.919222979,19.87690548],[-98.919986182,19.87675677],[-98.920383876,19.876687459],[-98.920974691,19.876610583],[-98.921547879,19.876560471],[-98.921795434,19.876554283],[-98.922028148,19.876659447],[-98.922449361,19.876846193],[-98.922870528,19.877061657],[-98.923269025,19.877275808],[-98.923666744,19.877472061],[-98.924088026,19.877697841],[-98.92451598,19.87792428],[-98.924576459,19.87787745],[-98.92481538,19.87778795],[-98.925086259,19.87774628],[-98.925357349,19.87776128],[-98.92555278,19.877797111],[-98.925797119,19.87786714],[-98.925984714,19.877961881],[-98.926517445,19.87699986],[-98.925757923,19.876635587],[-98.924252968,19.875926627],[-98.923869455,19.875736055],[-98.923301451,19.875560247],[-98.922494216,19.875326151],[-98.922382077,19.875293631],[-98.922056886,19.875228418],[-98.921689239,19.87515469],[-98.920710385,19.874837066],[-98.920293229,19.874701702],[-98.91935373,19.874408658],[-98.919067926,19.874300882],[-98.919031568,19.874258692],[-98.918291535,19.874030731],[-98.918234597,19.874043515],[-98.917755369,19.873922011],[-98.917673005,19.873901128],[-98.917581582,19.873858896],[-98.917343688,19.873666667],[-98.917179085,19.87352436],[-98.917042531,19.873378611],[-98.917002534,19.87329088],[-98.917044333,19.873146435],[-98.91707088,19.873086151],[-98.916097719,19.872545195],[-98.917253216,19.870213809],[-98.917893727,19.868967086],[-98.91793053,19.868887499],[-98.917940512,19.868770075],[-98.917965157,19.868693846],[-98.917998676,19.868638623],[-98.91809925,19.868616192],[-98.918173001,19.868646735],[-98.91825748,19.868707549],[-98.918406492,19.868800076],[-98.91855014,19.868917828],[-98.918666964,19.86902675],[-98.919033831,19.869330943],[-98.919127112,19.869408106],[-98.919277368,19.869535583],[-98.919445337,19.869637465],[-98.919504704,19.86964896],[-98.919601444,19.869700113],[-98.919869844,19.869804239],[-98.920327811,19.869942132],[-98.920688946,19.870037322],[-98.921030001,19.870127215],[-98.921055819,19.870170046],[-98.921408868,19.870278463],[-98.921459671,19.870293033],[-98.921633697,19.870342937],[-98.92166908,19.870353083],[-98.922076555,19.870469931],[-98.922090406,19.870473902],[-98.922129508,19.870452745],[-98.922364411,19.870522397],[-98.923037066,19.870733581],[-98.923689828,19.870938516],[-98.924089523,19.871027696],[-98.9243878,19.871094248],[-98.924522208,19.871139319],[-98.924884605,19.871219707],[-98.925237402,19.871364582],[-98.925888552,19.871641342],[-98.925915061,19.871669993],[-98.926263434,19.871844949],[-98.926604596,19.872016255],[-98.926959198,19.872184278],[-98.92744791,19.872438068],[-98.928530956,19.8729495],[-98.928967649,19.873184172],[-98.929615351,19.873474496],[-98.930402956,19.873844623],[-98.931130052,19.874209929],[-98.931905367,19.87459389],[-98.931484055,19.875421262],[-98.931769609,19.875538561],[-98.932191284,19.874722556],[-98.932294601,19.87477277],[-98.93020676,19.878878269],[-98.930135014,19.878845934],[-98.930138993,19.87877082],[-98.930102225,19.878735008],[-98.930098037,19.87857248],[-98.930056767,19.878410697],[-98.929909505,19.878306446],[-98.929752956,19.878259045],[-98.929548619,19.878266874],[-98.929349645,19.878330196],[-98.929246833,19.878455676],[-98.929206155,19.878402384],[-98.929148266,19.878552306],[-98.928521747,19.879590107],[-98.928337806,19.879908837],[-98.928349627,19.87993414],[-98.928660535,19.880276729],[-98.928978134,19.88050387],[-98.928960875,19.880982001],[-98.928456603,19.881174959],[-98.928018062,19.881292482],[-98.927415234,19.880962802],[-98.927424958,19.881369273],[-98.927781188,19.881360632],[-98.928047817,19.881351266],[-98.928154163,19.881415507],[-98.928671179,19.881727819],[-98.928288967,19.882243715],[-98.927858896,19.882334543],[-98.927466895,19.882363597],[-98.927109286,19.882397189]]]]},"properties":{"locality":"Olmos","municipality":null,"official_key":"130690011","CVE_ENT":"13","CVE_MUN":"069","CVE_LOC":"0011","ambito":"RURAL","geometry_kind":"locality","source":"INEGI Gaia — Servicio vectorial del Marco Geoestadístico"}},{"type":"Feature","geometry":{"type":"MultiPolygon","crs":{"type":"name","properties":{"name":"EPSG:6365"}},"coordinates":[[[[-98.940408533,19.849267986],[-98.940488225,19.84916685],[-98.94060325,19.849020877],[-98.940868269,19.848682035],[-98.940899088,19.848642569],[-98.940941494,19.848588268],[-98.940983503,19.848533022],[-98.94097936,19.84852613],[-98.94088789,19.848373923],[-98.94117512,19.847480784],[-98.941643381,19.846025998],[-98.941095629,19.846090246],[-98.940067507,19.846128816],[-98.940560123,19.844997186],[-98.940601264,19.844957881],[-98.940432507,19.844922155],[-98.939646614,19.844754847],[-98.9394246,19.844707493],[-98.939698169,19.843874662],[-98.939606846,19.843715354],[-98.939460353,19.843459678],[-98.939200369,19.843353677],[-98.938865108,19.842101231],[-98.939058769,19.842056693],[-98.939302715,19.842032903],[-98.939857465,19.840449151],[-98.940278106,19.840545707],[-98.940400553,19.840133301],[-98.941203348,19.840383283],[-98.94164486,19.840524983],[-98.941701762,19.840404704],[-98.941938369,19.840204508],[-98.941968815,19.840131477],[-98.941963523,19.8400786],[-98.942224765,19.839273336],[-98.942527446,19.838341985],[-98.942786011,19.837416173],[-98.942805563,19.837346164],[-98.942825555,19.837268848],[-98.941843384,19.836868754],[-98.941370322,19.836655908],[-98.94092492,19.83645131],[-98.940346753,19.836185723],[-98.941295169,19.835249631],[-98.94138183,19.835154954],[-98.940596815,19.834885938],[-98.940264678,19.83473917],[-98.938991584,19.834117816],[-98.93925675,19.83339628],[-98.940468984,19.833638723],[-98.94067086,19.83367568],[-98.941460903,19.833823741],[-98.942259289,19.83395029],[-98.942276454,19.833913455],[-98.94328539,19.831748294],[-98.945149776,19.831893437],[-98.945303753,19.831905422],[-98.945778553,19.831964016],[-98.946977769,19.832066785],[-98.947381445,19.832123662],[-98.947758215,19.832136724],[-98.948005076,19.832130878],[-98.948435153,19.832073231],[-98.949149015,19.831901324],[-98.949341077,19.831825524],[-98.949821462,19.831710923],[-98.950513168,19.831526077],[-98.9506468,19.831501292],[-98.950842674,19.831451643],[-98.950895361,19.831978213],[-98.95090003,19.832550646],[-98.950854325,19.83345592],[-98.950800104,19.834708523],[-98.950774233,19.835116076],[-98.950746745,19.835946656],[-98.951848243,19.836078492],[-98.95211946,19.836110895],[-98.952769825,19.836182574],[-98.953497664,19.836281163],[-98.953970477,19.836338902],[-98.95432223,19.836356055],[-98.954471844,19.836363621],[-98.955003174,19.836460923],[-98.955379845,19.836532847],[-98.95608142,19.836668761],[-98.956097793,19.836717135],[-98.956276937,19.837321515],[-98.956276952,19.837321567],[-98.956316307,19.837454383],[-98.956427811,19.837710264],[-98.957898152,19.841084343],[-98.957914754,19.841122439],[-98.957957318,19.841219882],[-98.95848245,19.842422087],[-98.958581831,19.8426496],[-98.959148061,19.843893463],[-98.959250352,19.843979001],[-98.959362094,19.84408319],[-98.959423074,19.844133587],[-98.959603742,19.844284658],[-98.959625882,19.84430317],[-98.959419681,19.844400305],[-98.959412248,19.84444774],[-98.959393407,19.844567985],[-98.959363335,19.844665899],[-98.959353489,19.84469798],[-98.958825157,19.84530658],[-98.958547478,19.845663552],[-98.958172046,19.846064309],[-98.958092666,19.846163112],[-98.957977617,19.846344181],[-98.957854872,19.846462588],[-98.957747051,19.846544782],[-98.957273953,19.846790471],[-98.956741869,19.846991982],[-98.955537575,19.847855611],[-98.955104159,19.848173794],[-98.954972698,19.848299763],[-98.95468287,19.848458992],[-98.954559405,19.848516213],[-98.954533099,19.848553909],[-98.954423854,19.848627312],[-98.954214463,19.848698696],[-98.953962239,19.848613036],[-98.953681463,19.848494064],[-98.953186535,19.8482466],[-98.952960196,19.848139365],[-98.95288532,19.848136371],[-98.952808197,19.848103723],[-98.952761529,19.848025048],[-98.952590257,19.847783985],[-98.951767045,19.846751494],[-98.951423103,19.846453077],[-98.951220181,19.846255368],[-98.951069414,19.846168692],[-98.95082655,19.846020645],[-98.950723042,19.845989919],[-98.950530211,19.845978351],[-98.950406397,19.845989832],[-98.950265101,19.845997435],[-98.949842322,19.845923461],[-98.949468161,19.84587755],[-98.949248195,19.845844116],[-98.949127034,19.845825699],[-98.949096877,19.84582311],[-98.948535024,19.845887549],[-98.947750897,19.846485839],[-98.947323245,19.847014544],[-98.947143713,19.846929838],[-98.946400916,19.848162077],[-98.943595343,19.847333272],[-98.942264154,19.849288244],[-98.94230064,19.849283979],[-98.943505202,19.849846444],[-98.942161081,19.851424116],[-98.941940092,19.851357432],[-98.93938178,19.850585421],[-98.93999331,19.849794921],[-98.940242098,19.849479198],[-98.940408533,19.849267986]]]]},"properties":{"locality":"Tepojaco","municipality":null,"official_key":"130690019","CVE_ENT":"13","CVE_MUN":"069","CVE_LOC":"0019","ambito":"URBANO","geometry_kind":"locality","source":"INEGI Gaia — Servicio vectorial del Marco Geoestadístico"}},{"type":"Feature","geometry":{"type":"MultiPolygon","crs":{"type":"name","properties":{"name":"EPSG:6365"}},"coordinates":[[[[-99.00642543,19.849255828],[-99.00190859,19.848125584],[-99.002756167,19.845350397],[-99.007187175,19.846652219],[-99.00642543,19.849255828]]]]},"properties":{"locality":"San Juan","municipality":null,"official_key":"130690021","CVE_ENT":"13","CVE_MUN":"069","CVE_LOC":"0021","ambito":"RURAL","geometry_kind":"locality","source":"INEGI Gaia — Servicio vectorial del Marco Geoestadístico"}},{"type":"Feature","geometry":{"type":"MultiPolygon","crs":{"type":"name","properties":{"name":"EPSG:6365"}},"coordinates":[[[[-98.939849535,19.878404456],[-98.940422999,19.876983925],[-98.940410399,19.876930538],[-98.940417386,19.876823763],[-98.940458184,19.876748947],[-98.940538224,19.876699401],[-98.940952268,19.875668812],[-98.941007876,19.875544863],[-98.940250056,19.875216242],[-98.939920583,19.87506866],[-98.939520732,19.87490285],[-98.939368577,19.874849217],[-98.939307187,19.874827577],[-98.939368078,19.874669709],[-98.939484198,19.874368658],[-98.939542197,19.874218294],[-98.939617262,19.874027593],[-98.939748801,19.873693427],[-98.939868758,19.873388682],[-98.940009374,19.873031463],[-98.940138262,19.872704025],[-98.940262151,19.872389286],[-98.940402151,19.872033617],[-98.940512298,19.871753796],[-98.9405304,19.871707801],[-98.940997551,19.870629287],[-98.94325605,19.86503287],[-98.943324895,19.865091617],[-98.943632354,19.865409432],[-98.945895985,19.867927477],[-98.945842683,19.868060073],[-98.946222871,19.868526104],[-98.94568182,19.869905107],[-98.945365186,19.870647885],[-98.944318907,19.873114452],[-98.944190617,19.873392751],[-98.943976497,19.8738678],[-98.943238889,19.875651174],[-98.942902952,19.876408236],[-98.942715432,19.876840114],[-98.942487679,19.877342617],[-98.942429287,19.877423368],[-98.942194339,19.877497639],[-98.940781968,19.877008709],[-98.940439018,19.877991737],[-98.940291767,19.878398688],[-98.940073713,19.878594446],[-98.939849535,19.878404456]]]]},"properties":{"locality":"Las Plazas","municipality":null,"official_key":"130690029","CVE_ENT":"13","CVE_MUN":"069","CVE_LOC":"0029","ambito":"RURAL","geometry_kind":"locality","source":"INEGI Gaia — Servicio vectorial del Marco Geoestadístico"}},{"type":"Feature","geometry":{"type":"MultiPolygon","crs":{"type":"name","properties":{"name":"EPSG:6365"}},"coordinates":[[[[-98.935306682,19.852365218],[-98.935167179,19.852348496],[-98.934847879,19.852366492],[-98.934637647,19.852299968],[-98.934202184,19.852258955],[-98.933906553,19.852159509],[-98.933654876,19.852003092],[-98.933448784,19.851713185],[-98.933384814,19.851513631],[-98.932982599,19.850258847],[-98.931814597,19.846682088],[-98.931756153,19.846644755],[-98.931756839,19.846635652],[-98.931974969,19.84374202],[-98.931750129,19.843701136],[-98.93088217,19.843631987],[-98.930058039,19.843586509],[-98.928216261,19.843477227],[-98.927645887,19.843405288],[-98.928360495,19.841481626],[-98.929053484,19.839720254],[-98.930363767,19.84015273],[-98.930895579,19.840325688],[-98.930561847,19.841082361],[-98.93076878,19.841192921],[-98.930876874,19.841459455],[-98.930916035,19.841820963],[-98.930978266,19.841999014],[-98.931236923,19.842082734],[-98.931580205,19.842198741],[-98.931955671,19.842294563],[-98.93208665,19.842282958],[-98.932157502,19.842125777],[-98.932128556,19.842057277],[-98.932308821,19.841635563],[-98.932947821,19.841859773],[-98.933038972,19.841858731],[-98.933532455,19.84212008],[-98.93340442,19.842290861],[-98.933518688,19.84231465],[-98.934044488,19.842470439],[-98.934611603,19.841827256],[-98.934717223,19.841770129],[-98.934876487,19.841723093],[-98.935025201,19.841706261],[-98.935146261,19.841615464],[-98.935126977,19.841164894],[-98.936692507,19.841004053],[-98.936796949,19.842220282],[-98.93577975,19.842322529],[-98.935749243,19.843917509],[-98.935628345,19.843935383],[-98.936859278,19.846344985],[-98.937734249,19.846325121],[-98.938407966,19.846258553],[-98.938767596,19.846223165],[-98.939933396,19.846204505],[-98.941589736,19.846101685],[-98.94117512,19.847480784],[-98.94088789,19.848373923],[-98.94097936,19.84852613],[-98.940983503,19.848533022],[-98.940941494,19.848588268],[-98.940899088,19.848642569],[-98.940868269,19.848682035],[-98.94060325,19.849020877],[-98.940488225,19.84916685],[-98.940408533,19.849267986],[-98.940242098,19.849479198],[-98.93999331,19.849794921],[-98.93949175,19.850426483],[-98.939455785,19.85045316],[-98.939267333,19.850592939],[-98.938502556,19.850894962],[-98.937434851,19.851399701],[-98.937371047,19.851513237],[-98.937253223,19.851601539],[-98.937066469,19.851660966],[-98.937099022,19.851679692],[-98.937117262,19.851690184],[-98.937152301,19.851713822],[-98.937168054,19.851724449],[-98.936894376,19.85194739],[-98.936717048,19.852047343],[-98.936709213,19.852051759],[-98.936632989,19.85210312],[-98.936618239,19.852171925],[-98.936610102,19.852209881],[-98.936415555,19.85252351],[-98.936306113,19.852597972],[-98.936138529,19.85262321],[-98.935978969,19.852581605],[-98.93592227,19.85256682],[-98.935453544,19.852420608],[-98.935306682,19.852365218]]]]},"properties":{"locality":"La Posta","municipality":null,"official_key":"130690032","CVE_ENT":"13","CVE_MUN":"069","CVE_LOC":"0032","ambito":"RURAL","geometry_kind":"locality","source":"INEGI Gaia — Servicio vectorial del Marco Geoestadístico"}},{"type":"Feature","geometry":{"type":"MultiPolygon","crs":{"type":"name","properties":{"name":"EPSG:6365"}},"coordinates":[[[[-98.932001958,19.875385246],[-98.932167611,19.875061918],[-98.932326118,19.87476331],[-98.932493455,19.8748483],[-98.932829787,19.875028272],[-98.933000104,19.875116186],[-98.933027592,19.87505497],[-98.933082334,19.875081615],[-98.933365446,19.874402202],[-98.93348611,19.874116199],[-98.933610211,19.873784483],[-98.933744632,19.873483305],[-98.933918507,19.873135552],[-98.934061598,19.872826327],[-98.934294878,19.872275373],[-98.934433818,19.871949043],[-98.935432978,19.869827036],[-98.935433937,19.869825],[-98.935433032,19.869824638],[-98.93531066,19.86977563],[-98.933885923,19.869241474],[-98.933659486,19.869157864],[-98.933659027,19.869157694],[-98.93365954,19.869155466],[-98.933678537,19.869072956],[-98.933754753,19.868863597],[-98.933870876,19.86849303],[-98.933932294,19.868271414],[-98.933956217,19.868185095],[-98.934054524,19.867830384],[-98.934111265,19.86761154],[-98.93419372,19.867281665],[-98.934209923,19.867170554],[-98.934230029,19.867007449],[-98.934241166,19.866810859],[-98.934258951,19.866575368],[-98.934264002,19.866407861],[-98.934278088,19.865941337],[-98.93428624,19.865671238],[-98.934286306,19.865669049],[-98.934286294,19.86566884],[-98.934278706,19.865535613],[-98.934273396,19.865442386],[-98.934276616,19.865072527],[-98.934275832,19.8649114],[-98.934272819,19.864751002],[-98.93430782,19.863780527],[-98.934275784,19.863581419],[-98.934275876,19.863579258],[-98.934301702,19.862861472],[-98.934295965,19.862595874],[-98.934297017,19.862510647],[-98.934301103,19.862179537],[-98.934299073,19.861786462],[-98.934308013,19.861416255],[-98.934307634,19.860745327],[-98.93430755,19.860614798],[-98.934213882,19.860589726],[-98.934055016,19.85955473],[-98.933971873,19.859184229],[-98.933900478,19.858822046],[-98.933900447,19.858821891],[-98.93389831,19.858811054],[-98.93383014,19.858459034],[-98.933748696,19.858118048],[-98.93382472,19.858049377],[-98.933837425,19.85774598],[-98.933844766,19.857379513],[-98.933851962,19.857285916],[-98.934106894,19.857105786],[-98.93440365,19.856883534],[-98.934691459,19.856674977],[-98.934982528,19.856455037],[-98.93526755,19.856217898],[-98.93556549,19.855985521],[-98.935681527,19.855855047],[-98.93603963,19.85559127],[-98.93633065,19.855333949],[-98.936860376,19.854804533],[-98.9372982,19.85496431],[-98.93762699,19.85471729],[-98.93776132,19.854856933],[-98.938089213,19.854863543],[-98.939665475,19.858221322],[-98.941156821,19.858937893],[-98.941670754,19.859196924],[-98.94170837,19.859298527],[-98.941505648,19.859339557],[-98.940906969,19.859516049],[-98.940450829,19.85965052],[-98.940488642,19.859715313],[-98.940346864,19.860289554],[-98.940331319,19.860352539],[-98.940434351,19.860402106],[-98.941003017,19.861427535],[-98.941434588,19.862179386],[-98.941849228,19.862866542],[-98.941536184,19.863650028],[-98.941525064,19.863677848],[-98.941402972,19.863969696],[-98.941260151,19.864311109],[-98.941105233,19.864681415],[-98.94109829,19.864698019],[-98.940463062,19.866353046],[-98.940123402,19.867162662],[-98.940093644,19.867233609],[-98.940081442,19.867265399],[-98.940064386,19.867309838],[-98.939657938,19.868368817],[-98.939551199,19.868612827],[-98.939522215,19.868679075],[-98.939923094,19.868966726],[-98.939789648,19.869165844],[-98.939535602,19.869544889],[-98.939181835,19.870038597],[-98.939034489,19.870213526],[-98.939117551,19.87026272],[-98.939345692,19.870438293],[-98.939372321,19.870523678],[-98.939376557,19.870655525],[-98.939291197,19.870867507],[-98.939198553,19.871099694],[-98.939175894,19.871162832],[-98.940248638,19.871562586],[-98.940386924,19.871565674],[-98.9405304,19.871707801],[-98.940512298,19.871753796],[-98.940402151,19.872033617],[-98.940262151,19.872389286],[-98.940138262,19.872704025],[-98.940009374,19.873031463],[-98.939868758,19.873388682],[-98.939748801,19.873693427],[-98.939617262,19.874027593],[-98.939542197,19.874218294],[-98.939484198,19.874368658],[-98.939368078,19.874669709],[-98.939307187,19.874827577],[-98.939368577,19.874849217],[-98.939259293,19.875103716],[-98.938512953,19.876984673],[-98.938320409,19.877606397],[-98.938174208,19.878254965],[-98.938099492,19.878586414],[-98.937947994,19.879995785],[-98.937829088,19.881129471],[-98.937742386,19.882004733],[-98.937676704,19.882757601],[-98.937602823,19.883514142],[-98.9375327,19.883499586],[-98.937285078,19.883438956],[-98.936421598,19.883038061],[-98.936292997,19.882978971],[-98.935955144,19.882823742],[-98.935759519,19.88273385],[-98.935706449,19.882709475],[-98.935545858,19.88263568],[-98.935436876,19.882581633],[-98.935112382,19.882420696],[-98.934777341,19.882254539],[-98.934564879,19.882137196],[-98.934681481,19.881893799],[-98.934196788,19.881681184],[-98.933014719,19.881163365],[-98.932445425,19.880919119],[-98.93271303,19.880404503],[-98.932825503,19.88015684],[-98.93276332,19.880132287],[-98.932430232,19.879991706],[-98.932092044,19.879828846],[-98.931755965,19.879668861],[-98.931419003,19.879508462],[-98.93121401,19.879410877],[-98.931163094,19.879386643],[-98.931107952,19.879360393],[-98.931052415,19.879333953],[-98.930990969,19.879304706],[-98.930729571,19.879174957],[-98.930363664,19.87901149],[-98.930198045,19.878916736],[-98.930383927,19.878546283],[-98.9305502,19.878230167],[-98.930702374,19.877920399],[-98.930867993,19.877593673],[-98.931038674,19.877284364],[-98.931194862,19.876970882],[-98.93136037,19.876648952],[-98.931518048,19.876336939],[-98.931677211,19.876026394],[-98.931839917,19.875699087],[-98.932001958,19.875385246]]]]},"properties":{"locality":"Don Antonio","municipality":null,"official_key":"130690042","CVE_ENT":"13","CVE_MUN":"069","CVE_LOC":"0042","ambito":"URBANO","geometry_kind":"locality","source":"INEGI Gaia — Servicio vectorial del Marco Geoestadístico"}},{"type":"Feature","geometry":{"type":"MultiPolygon","crs":{"type":"name","properties":{"name":"EPSG:6365"}},"coordinates":[[[[-98.975426525,19.887498812],[-98.975444086,19.887262633],[-98.975474837,19.886849051],[-98.975520909,19.886375001],[-98.975581334,19.88593962],[-98.975697493,19.885377798],[-98.975500099,19.88531437],[-98.975078521,19.885260521],[-98.974636986,19.885204122],[-98.974256083,19.885155466],[-98.973873411,19.885106584],[-98.97345773,19.885053483],[-98.973086814,19.8850061],[-98.972854528,19.884976426],[-98.972810923,19.885245109],[-98.972753015,19.885601847],[-98.972696169,19.885951985],[-98.972639876,19.886298739],[-98.972584214,19.886641646],[-98.972537016,19.886932349],[-98.972536445,19.886935863],[-98.972227691,19.886889755],[-98.971865031,19.886835585],[-98.971495862,19.886780446],[-98.971117108,19.886723878],[-98.970760614,19.886670632],[-98.970199523,19.886586816],[-98.969835137,19.886532394],[-98.969465445,19.886477169],[-98.969096769,19.886422092],[-98.968725937,19.886366678],[-98.968360645,19.886312078],[-98.967993181,19.886257384],[-98.967938239,19.886244299],[-98.967882922,19.886231123],[-98.967828566,19.886216137],[-98.967798492,19.886207846],[-98.967665665,19.88618257],[-98.967410768,19.886134066],[-98.967263172,19.886105981],[-98.967184044,19.886086259],[-98.967158732,19.886070307],[-98.967166348,19.886004637],[-98.967211275,19.885727867],[-98.967236711,19.885656494],[-98.967348831,19.885506513],[-98.967369326,19.885456182],[-98.967392813,19.885272008],[-98.967553241,19.884370026],[-98.967519799,19.8843233],[-98.967480488,19.88426686],[-98.967439677,19.884187678],[-98.967349492,19.884174985],[-98.966989323,19.884119338],[-98.966614969,19.884068354],[-98.966245292,19.884009508],[-98.965877385,19.883952415],[-98.965297414,19.883867834],[-98.965353122,19.883791804],[-98.965486231,19.883594955],[-98.965706308,19.883269495],[-98.96608375,19.882730843],[-98.965772253,19.882685666],[-98.965388927,19.882641133],[-98.965018968,19.882597447],[-98.964609199,19.882538204],[-98.96426841,19.882492039],[-98.964269375,19.882482496],[-98.964291853,19.882260301],[-98.964337178,19.881911939],[-98.964353212,19.881784643],[-98.963714073,19.88167698],[-98.963753462,19.881458145],[-98.963781431,19.881313601],[-98.963816895,19.881116275],[-98.96386724,19.880763565],[-98.963898865,19.880574212],[-98.963914449,19.880467056],[-98.964047978,19.879531311],[-98.963664873,19.879472783],[-98.963296826,19.879421273],[-98.962930893,19.879365964],[-98.962563991,19.879308718],[-98.962190812,19.879259978],[-98.96149426,19.879157741],[-98.961406249,19.879147341],[-98.961349368,19.879308447],[-98.961273696,19.879517289],[-98.960868,19.8793872],[-98.96051608,19.87928151],[-98.960506505,19.879278638],[-98.9605051,19.879278223],[-98.96015357,19.879177149],[-98.959993585,19.879138231],[-98.959912292,19.879071553],[-98.959977754,19.878703246],[-98.960049392,19.878276354],[-98.960151692,19.877699538],[-98.960158062,19.877663662],[-98.95996037,19.87757795],[-98.959615943,19.87740106],[-98.959463415,19.877322724],[-98.959345959,19.877272168],[-98.959271831,19.877240262],[-98.958931453,19.877092856],[-98.958680677,19.877003046],[-98.95857131,19.876984815],[-98.958366615,19.876950692],[-98.958243672,19.876933408],[-98.958213738,19.8769292],[-98.957839292,19.876834954],[-98.957473045,19.876742769],[-98.957120849,19.876646941],[-98.956758859,19.87655511],[-98.956627954,19.876522354],[-98.95640023,19.87645668],[-98.956048384,19.876360786],[-98.955869815,19.876310593],[-98.95568408,19.876264376],[-98.955315767,19.876175859],[-98.954908805,19.876091449],[-98.954811523,19.876076301],[-98.954714265,19.876060075],[-98.954557218,19.876024535],[-98.954378832,19.875973814],[-98.954217289,19.875918393],[-98.95386373,19.875841004],[-98.953468074,19.875739765],[-98.953124751,19.875770034],[-98.952896763,19.875795258],[-98.952723345,19.875819426],[-98.95232694,19.875857033],[-98.952043965,19.875868134],[-98.951884372,19.875861327],[-98.951730548,19.875767079],[-98.951287776,19.875388383],[-98.951294925,19.875381082],[-98.951528108,19.875142938],[-98.951755385,19.874909631],[-98.952034754,19.874622831],[-98.952345062,19.874304277],[-98.95253903,19.874105154],[-98.9526244,19.874020477],[-98.954767845,19.871875125],[-98.954995634,19.871647128],[-98.955323154,19.871311434],[-98.95566289,19.87095972],[-98.956117511,19.870531188],[-98.956378525,19.870289187],[-98.956414655,19.870293652],[-98.956691783,19.870327889],[-98.957935385,19.870481523],[-98.960265047,19.870781373],[-98.96096803,19.870885661],[-98.96096837,19.870885713],[-98.961997554,19.871040771],[-98.963161273,19.871213412],[-98.963943761,19.871311486],[-98.96413008,19.87137142],[-98.964213041,19.871445881],[-98.964287768,19.87153931],[-98.964657153,19.870580631],[-98.965543792,19.870605788],[-98.96630554,19.870615879],[-98.967073339,19.870625832],[-98.967191078,19.869898879],[-98.967369183,19.869913292],[-98.967751382,19.869944248],[-98.967944299,19.869959433],[-98.968126489,19.869974618],[-98.968469867,19.870146649],[-98.968815092,19.870319616],[-98.969163246,19.870494047],[-98.969511,19.870668277],[-98.969856246,19.870841263],[-98.970189723,19.871008323],[-98.970201321,19.87104384],[-98.970493031,19.871549986],[-98.970606924,19.871747603],[-98.970671154,19.871859077],[-98.970983876,19.871679462],[-98.970993031,19.871674201],[-98.971329337,19.871487278],[-98.971539768,19.871688878],[-98.971546277,19.871694477],[-98.971691522,19.871829292],[-98.972037084,19.872297667],[-98.972393374,19.872226232],[-98.972207861,19.872570617],[-98.972249738,19.872595082],[-98.972324877,19.872628338],[-98.974996631,19.873129046],[-98.975340723,19.873274431],[-98.9756806,19.873418031],[-98.9760268,19.873564308],[-98.976362892,19.873706323],[-98.976701031,19.873849185],[-98.977040446,19.873992585],[-98.977385415,19.874138338],[-98.977541185,19.874204154],[-98.977480477,19.8746962],[-98.978963738,19.874946415],[-98.978994077,19.875266923],[-98.978998508,19.875852862],[-98.978998831,19.875895954],[-98.978987646,19.876184523],[-98.978977123,19.876456046],[-98.978926181,19.877152621],[-98.978920706,19.877512333],[-98.978918541,19.877723386],[-98.978870346,19.879561493],[-98.978661744,19.879552956],[-98.978469237,19.879549463],[-98.978438273,19.879991461],[-98.97835489,19.87999767],[-98.978338324,19.880706262],[-98.978691433,19.880721011],[-98.978745077,19.880789115],[-98.979077671,19.881233048],[-98.978095983,19.881858589],[-98.977725837,19.882110824],[-98.977623913,19.882216762],[-98.977591727,19.882327744],[-98.977613186,19.882458906],[-98.977709745,19.882559798],[-98.977809211,19.882588968],[-98.978010377,19.882621759],[-98.978401979,19.882641937],[-98.978557548,19.88266716],[-98.978605827,19.882704995],[-98.978587053,19.884195681],[-98.978553009,19.884980943],[-98.978541454,19.885247478],[-98.978553151,19.885611455],[-98.978526528,19.886087554],[-98.978524509,19.886088502],[-98.978317818,19.886185588],[-98.977961109,19.886355133],[-98.977588251,19.886518497],[-98.9772358,19.886676509],[-98.977120069,19.886725771],[-98.976882857,19.886826745],[-98.976632835,19.886951296],[-98.976586083,19.886973153],[-98.97542526,19.887515849],[-98.975426525,19.887498812]],[[-98.976916549,19.880360788],[-98.977061002,19.880109718],[-98.977128715,19.879939828],[-98.977201909,19.879964327],[-98.977225711,19.879972294],[-98.977314448,19.880001995],[-98.977426297,19.880128941],[-98.977607965,19.880335128],[-98.977625585,19.880355126],[-98.977625584,19.880158382],[-98.977628895,19.879763928],[-98.977629522,19.879596488],[-98.97763154,19.879373925],[-98.977631209,19.879012928],[-98.977644454,19.878610459],[-98.977574634,19.878233918],[-98.977484738,19.878118796],[-98.977361183,19.87800414],[-98.977248358,19.877899574],[-98.976987837,19.877703055],[-98.9767957,19.877520333],[-98.976704172,19.877543231],[-98.97661801,19.877586306],[-98.975482476,19.876680631],[-98.975660203,19.876270547],[-98.975582416,19.876241018],[-98.975523404,19.876216534],[-98.975547414,19.876158303],[-98.975269739,19.876023244],[-98.974933056,19.875885664],[-98.974539837,19.875721403],[-98.973342475,19.875308625],[-98.973250477,19.875446216],[-98.973320968,19.876277077],[-98.973002199,19.876334339],[-98.972835292,19.876362863],[-98.972509,19.876420493],[-98.972312661,19.876455569],[-98.972186368,19.876477477],[-98.972005338,19.876510309],[-98.971834291,19.876539663],[-98.971641107,19.876573785],[-98.971521369,19.876819646],[-98.971354184,19.877140877],[-98.971187907,19.877460415],[-98.971049192,19.877726938],[-98.971023891,19.877775186],[-98.970856768,19.878093893],[-98.970689679,19.87841251],[-98.9708634,19.878513462],[-98.971017292,19.878592723],[-98.971630984,19.879238615],[-98.971695353,19.879232769],[-98.972458369,19.879795785],[-98.972756508,19.880011338],[-98.973054522,19.880226801],[-98.973286575,19.88042462],[-98.973502937,19.880606039],[-98.973460202,19.880824436],[-98.973435327,19.880961617],[-98.974092921,19.881364239],[-98.974473542,19.881494777],[-98.974732337,19.881544921],[-98.975084814,19.881491208],[-98.975487616,19.881386636],[-98.975705763,19.88130384],[-98.975935001,19.881258039],[-98.976295438,19.881093784],[-98.976377843,19.880980453],[-98.976573923,19.880843285],[-98.976835868,19.880558734],[-98.976916549,19.880360788]]]]},"properties":{"locality":"Haciendas de Tizayuca","municipality":null,"official_key":"130690044","CVE_ENT":"13","CVE_MUN":"069","CVE_LOC":"0044","ambito":"URBANO","geometry_kind":"locality","source":"INEGI Gaia — Servicio vectorial del Marco Geoestadístico"}},{"type":"Feature","geometry":{"type":"MultiPolygon","crs":{"type":"name","properties":{"name":"EPSG:6365"}},"coordinates":[[[[-98.925414724,19.849970246],[-98.925233105,19.849661438],[-98.925017183,19.849761003],[-98.924632448,19.849182889],[-98.924312085,19.849341446],[-98.924116605,19.849007666],[-98.924660813,19.848732335],[-98.92474465,19.848760082],[-98.924904014,19.848675054],[-98.924977544,19.848741398],[-98.925564489,19.848450246],[-98.925526019,19.848372512],[-98.925738759,19.848267506],[-98.925896867,19.848169925],[-98.925947688,19.848223717],[-98.926446296,19.847968008],[-98.926413542,19.847890523],[-98.926616256,19.847796101],[-98.926804527,19.847693526],[-98.926845019,19.847748198],[-98.927529241,19.847409304],[-98.927527309,19.84744746],[-98.927520884,19.847574399],[-98.927519167,19.847608323],[-98.927583171,19.847618601],[-98.92757952,19.847709851],[-98.927482509,19.848072431],[-98.927430259,19.84827662],[-98.927351629,19.84881698],[-98.927351519,19.84907048],[-98.92729892,19.84972754],[-98.927250319,19.85007254],[-98.927164179,19.85082834],[-98.927056019,19.85109235],[-98.92695908,19.851271881],[-98.92660445,19.85179469],[-98.926445448,19.852058989],[-98.926232037,19.851989415],[-98.924009898,19.851151776],[-98.92407877,19.850959388],[-98.924102884,19.850890907],[-98.925268667,19.850257009],[-98.925177794,19.85009226],[-98.925414724,19.849970246]]]]},"properties":{"locality":"El Manantial","municipality":null,"official_key":"130690045","CVE_ENT":"13","CVE_MUN":"069","CVE_LOC":"0045","ambito":"RURAL","geometry_kind":"locality","source":"INEGI Gaia — Servicio vectorial del Marco Geoestadístico"}},{"type":"Feature","geometry":{"type":"MultiPolygon","crs":{"type":"name","properties":{"name":"EPSG:6365"}},"coordinates":[[[[-98.947773114,19.896132053],[-98.947605797,19.896363764],[-98.946304414,19.895542653],[-98.945947171,19.896034302],[-98.945743849,19.896340787],[-98.945500213,19.896715309],[-98.945147988,19.896499926],[-98.944905483,19.896367483],[-98.944771471,19.896282261],[-98.944491021,19.896123081],[-98.944408874,19.895987089],[-98.944229384,19.895897336],[-98.944317181,19.89578252],[-98.944480123,19.895506577],[-98.944581316,19.895404986],[-98.944729882,19.895361922],[-98.944889352,19.89537521],[-98.94494287,19.895404148],[-98.945596177,19.894541952],[-98.945888913,19.894759605],[-98.946211529,19.894952781],[-98.946314955,19.894819577],[-98.946617454,19.895017482],[-98.946681239,19.894930388],[-98.946741262,19.894840763],[-98.946895163,19.894554412],[-98.947538244,19.894952731],[-98.948118981,19.89531304],[-98.948135081,19.895381093],[-98.948137768,19.895471845],[-98.948156553,19.895562552],[-98.948221605,19.895467253],[-98.948257155,19.895435007],[-98.948301503,19.895381621],[-98.948239676,19.895333104],[-98.948219422,19.895280803],[-98.948256699,19.895219077],[-98.948312475,19.895183901],[-98.948370386,19.89517408],[-98.948435243,19.895169569],[-98.94851668,19.895137848],[-98.949701719,19.895925178],[-98.94984899,19.895698402],[-98.949809974,19.895677072],[-98.94871685,19.895010077],[-98.948617357,19.895128199],[-98.948071279,19.894802428],[-98.94712546,19.894190406],[-98.947358813,19.893825957],[-98.947570708,19.89348925],[-98.947759803,19.89318533],[-98.947886622,19.892977652],[-98.948029306,19.892768159],[-98.949342368,19.89356754],[-98.949399758,19.893496559],[-98.949481975,19.893404856],[-98.949575623,19.893258297],[-98.949170611,19.892999706],[-98.948891867,19.892809864],[-98.948885038,19.892775183],[-98.948572284,19.892556294],[-98.948533091,19.89250633],[-98.948324921,19.892315122],[-98.948671199,19.891793824],[-98.949525446,19.890470024],[-98.949845301,19.890670273],[-98.950144949,19.89086304],[-98.950191699,19.890889633],[-98.950396911,19.8906065],[-98.950438206,19.890563998],[-98.950764442,19.890772998],[-98.951086508,19.890975447],[-98.950892071,19.891305876],[-98.950469549,19.891954105],[-98.950609936,19.892032965],[-98.950722249,19.891870735],[-98.952031278,19.892740652],[-98.951903551,19.892912321],[-98.951733803,19.892797532],[-98.951710189,19.892830167],[-98.951684153,19.892860983],[-98.951381851,19.893237333],[-98.951372696,19.893263653],[-98.951609198,19.893419702],[-98.951404116,19.893736129],[-98.95124247,19.89399714],[-98.951188115,19.894036201],[-98.951010659,19.894296345],[-98.95098877,19.894324452],[-98.951002621,19.894369517],[-98.950831398,19.894628965],[-98.950809936,19.894651463],[-98.950775464,19.894663189],[-98.950401384,19.895213748],[-98.950256745,19.895465473],[-98.950234905,19.895522407],[-98.949963825,19.895935766],[-98.949672186,19.89638449],[-98.949466419,19.896699546],[-98.949276744,19.896971724],[-98.949212556,19.897078497],[-98.947773114,19.896132053]]]]},"properties":{"locality":"Bicentenario","municipality":null,"official_key":"130690049","CVE_ENT":"13","CVE_MUN":"069","CVE_LOC":"0049","ambito":"RURAL","geometry_kind":"locality","source":"INEGI Gaia — Servicio vectorial del Marco Geoestadístico"}},{"type":"Feature","geometry":{"type":"MultiPolygon","crs":{"type":"name","properties":{"name":"EPSG:6365"}},"coordinates":[[[[-98.968126489,19.869974618],[-98.967944299,19.869959433],[-98.967751382,19.869944248],[-98.967369183,19.869913292],[-98.967191078,19.869898879],[-98.967073339,19.870625832],[-98.96630554,19.870615879],[-98.965543792,19.870605788],[-98.964657153,19.870580631],[-98.964287768,19.87153931],[-98.964213041,19.871445881],[-98.96413008,19.87137142],[-98.963943761,19.871311486],[-98.963161273,19.871213412],[-98.961997554,19.871040771],[-98.96096837,19.870885713],[-98.96096803,19.870885661],[-98.961078732,19.870343934],[-98.961162813,19.869917382],[-98.961220071,19.869551371],[-98.961343452,19.868827404],[-98.961397096,19.868388481],[-98.96012922,19.868210811],[-98.959047525,19.86805922],[-98.958762083,19.868019217],[-98.958687681,19.868008789],[-98.958578322,19.867993462],[-98.95857781,19.86799339],[-98.959482682,19.867089057],[-98.960649198,19.865952904],[-98.960995649,19.865608669],[-98.961719415,19.864846192],[-98.961763959,19.865244025],[-98.961842308,19.865943796],[-98.961842343,19.865944109],[-98.963290101,19.866115408],[-98.963523514,19.86438745],[-98.964868528,19.864578663],[-98.965466096,19.86466361],[-98.965610654,19.864684159],[-98.965618894,19.864685331],[-98.965677902,19.864311983],[-98.965738252,19.863968275],[-98.965798602,19.863609431],[-98.965864316,19.863248064],[-98.965913938,19.862997694],[-98.966066867,19.862985666],[-98.966123149,19.86270759],[-98.967075332,19.862866515],[-98.967145006,19.862618713],[-98.967228738,19.862224613],[-98.966031333,19.861996556],[-98.966107929,19.861406108],[-98.967255478,19.86159016],[-98.968742586,19.862046613],[-98.968853856,19.862080766],[-98.968563958,19.862841292],[-98.968455422,19.863178888],[-98.968443247,19.863216758],[-98.96830913,19.86353693],[-98.968183061,19.863839442],[-98.968649094,19.863907553],[-98.969093671,19.863975664],[-98.970285913,19.864144681],[-98.970393872,19.86307067],[-98.970805179,19.86312302],[-98.970966188,19.863143513],[-98.971014971,19.86293902],[-98.97107423,19.86261352],[-98.971123977,19.862280491],[-98.971160313,19.862082424],[-98.973749879,19.86249589],[-98.973724257,19.862714995],[-98.973688519,19.863022171],[-98.97366686,19.86324558],[-98.973559811,19.863830556],[-98.973438384,19.864557607],[-98.973429462,19.864608841],[-98.973364247,19.864854627],[-98.973050997,19.86603521],[-98.973447964,19.8661235],[-98.973823473,19.866189087],[-98.974177609,19.866248368],[-98.974553202,19.866287469],[-98.974928879,19.866355579],[-98.975283266,19.866411075],[-98.975648716,19.866481708],[-98.976338294,19.866645135],[-98.976489429,19.866426105],[-98.977222202,19.865454767],[-98.977585904,19.865299558],[-98.977680583,19.865168977],[-98.977740395,19.865146872],[-98.978829901,19.865213581],[-98.97881702,19.865295426],[-98.978477289,19.865701585],[-98.977977898,19.866331049],[-98.978897394,19.866339957],[-98.978892164,19.867666282],[-98.978892302,19.868795837],[-98.978924488,19.870289177],[-98.979508638,19.870299394],[-98.980184556,19.870349845],[-98.980839015,19.870410385],[-98.981901169,19.870481016],[-98.983389578,19.870987328],[-98.98478969,19.871390928],[-98.985406599,19.871557415],[-98.986142093,19.871784491],[-98.986237392,19.871813913],[-98.985904221,19.872224679],[-98.98550375,19.87280413],[-98.98533477,19.873132052],[-98.986162872,19.873653968],[-98.986319781,19.873432936],[-98.986507536,19.873122043],[-98.987553597,19.873413388],[-98.987901971,19.873612469],[-98.988792215,19.874156174],[-98.989260327,19.874446757],[-98.989155703,19.874591006],[-98.989210663,19.87462808],[-98.989491121,19.874787174],[-98.989032396,19.875493599],[-98.989294341,19.875494143],[-98.989445529,19.875637547],[-98.989540881,19.875597716],[-98.990393889,19.875866619],[-98.990557569,19.875929944],[-98.990269495,19.87624252],[-98.989895858,19.876530927],[-98.989127358,19.876942462],[-98.988928689,19.877044878],[-98.988393882,19.877300169],[-98.987653131,19.877680774],[-98.98712328,19.876785562],[-98.986394055,19.877195175],[-98.985628698,19.876885438],[-98.985626064,19.876884372],[-98.985546371,19.877001767],[-98.984838188,19.876686606],[-98.98477918,19.876383917],[-98.983838223,19.875978158],[-98.983766075,19.875949253],[-98.983703956,19.875924366],[-98.982770205,19.875591558],[-98.981893122,19.875329226],[-98.982676848,19.872848629],[-98.981276216,19.872400014],[-98.981125627,19.872909771],[-98.981080484,19.87306506],[-98.981022439,19.873259723],[-98.980928869,19.873575803],[-98.980511115,19.874235587],[-98.980289162,19.874615372],[-98.978972197,19.874123493],[-98.978535543,19.873982559],[-98.978055429,19.873799679],[-98.977465341,19.873578333],[-98.976836363,19.873384417],[-98.976004209,19.873119716],[-98.976052152,19.872962141],[-98.97606942,19.872796325],[-98.976131697,19.872396847],[-98.97627549,19.871591708],[-98.975255772,19.871738684],[-98.973565981,19.872001024],[-98.972772048,19.871688233],[-98.972654031,19.871708413],[-98.972653902,19.871708368],[-98.9723268,19.871592378],[-98.971715256,19.871330038],[-98.971425578,19.871203913],[-98.971119807,19.871072742],[-98.970776483,19.870921392],[-98.970245407,19.870684275],[-98.969730423,19.87044716],[-98.969880625,19.869549139],[-98.970084922,19.868457583],[-98.968365487,19.868088092],[-98.968200372,19.86924547],[-98.968155385,19.869660496],[-98.968126489,19.869974618]]]]},"properties":{"locality":"Fuentes de Tizayuca","municipality":null,"official_key":"130690050","CVE_ENT":"13","CVE_MUN":"069","CVE_LOC":"0050","ambito":"URBANO","geometry_kind":"locality","source":"INEGI Gaia — Servicio vectorial del Marco Geoestadístico"}},{"type":"Feature","geometry":{"type":"MultiPolygon","crs":{"type":"name","properties":{"name":"EPSG:6365"}},"coordinates":[[[[-98.946976229,19.894377122],[-98.945579195,19.893525713],[-98.945432465,19.893773865],[-98.943966823,19.892827533],[-98.944120056,19.892613655],[-98.944139631,19.892586333],[-98.944340107,19.892298914],[-98.94441108,19.892194307],[-98.942949895,19.891410572],[-98.943084313,19.891183907],[-98.943261649,19.890892924],[-98.94346941,19.890640221],[-98.943582679,19.890465316],[-98.945071613,19.891207667],[-98.944925587,19.89140481],[-98.94471578,19.891674891],[-98.944661544,19.891788593],[-98.94590319,19.892577922],[-98.946037916,19.892412288],[-98.946201174,19.892088134],[-98.946326412,19.892050741],[-98.9464633,19.892045106],[-98.946627014,19.891963807],[-98.947174381,19.892330865],[-98.947618375,19.891636907],[-98.946838592,19.890545816],[-98.946817109,19.890325216],[-98.946854859,19.890255381],[-98.946960497,19.890073656],[-98.948831361,19.891460324],[-98.94884153,19.891467861],[-98.948723418,19.891645397],[-98.948644705,19.891762557],[-98.94853881,19.891904357],[-98.948322325,19.892227442],[-98.948244033,19.892361393],[-98.947945438,19.89283804],[-98.947880445,19.892943448],[-98.947770594,19.893119651],[-98.947570048,19.893426155],[-98.947391015,19.893725487],[-98.947197963,19.894027447],[-98.947098594,19.894181281],[-98.946976229,19.894377122]]]]},"properties":{"locality":"Nueva Unión","municipality":null,"official_key":"130690052","CVE_ENT":"13","CVE_MUN":"069","CVE_LOC":"0052","ambito":"RURAL","geometry_kind":"locality","source":"INEGI Gaia — Servicio vectorial del Marco Geoestadístico"}},{"type":"Feature","geometry":{"type":"MultiPolygon","crs":{"type":"name","properties":{"name":"EPSG:6365"}},"coordinates":[[[[-98.967184044,19.886086259],[-98.967263172,19.886105981],[-98.967410768,19.886134066],[-98.967665665,19.88618257],[-98.967798492,19.886207846],[-98.967828566,19.886216137],[-98.967882922,19.886231123],[-98.967938239,19.886244299],[-98.967956837,19.886249074],[-98.967949896,19.886298331],[-98.967872663,19.886377187],[-98.967809907,19.886404005],[-98.967476249,19.888786601],[-98.966741322,19.888668055],[-98.966706453,19.888784079],[-98.966609894,19.889409589],[-98.965658587,19.88885499],[-98.965411824,19.888668343],[-98.965481562,19.888443864],[-98.965879702,19.886212151],[-98.966147103,19.88613337],[-98.966187597,19.886101133],[-98.966206765,19.885936841],[-98.967158732,19.886070307],[-98.967184044,19.886086259]]]]},"properties":{"locality":"Valle de Tizayuca","municipality":null,"official_key":"130690053","CVE_ENT":"13","CVE_MUN":"069","CVE_LOC":"0053","ambito":"RURAL","geometry_kind":"locality","source":"INEGI Gaia — Servicio vectorial del Marco Geoestadístico"}},{"type":"Feature","geometry":{"type":"MultiPolygon","crs":{"type":"name","properties":{"name":"EPSG:6365"}},"coordinates":[[[[-99.001328714,19.857903966],[-98.998146646,19.86072922],[-98.997864567,19.860434654],[-98.997547442,19.860103491],[-98.997254539,19.859797618],[-98.997315084,19.859725416],[-98.99723076,19.859635513],[-98.99676076,19.859134411],[-98.997030838,19.858927406],[-98.997059712,19.858906248],[-98.997152944,19.858477529],[-98.997157422,19.85845694],[-98.997214669,19.857921696],[-98.997264391,19.857569344],[-98.997267947,19.857536653],[-98.997325936,19.85700371],[-98.997381703,19.85640788],[-98.997403457,19.856202932],[-98.999853993,19.857162488],[-99.000109991,19.85731288],[-99.000773686,19.857644908],[-99.001328714,19.857903966]]]]},"properties":{"locality":"Ciudad Natura","municipality":null,"official_key":"130690054","CVE_ENT":"13","CVE_MUN":"069","CVE_LOC":"0054","ambito":"RURAL","geometry_kind":"locality","source":"INEGI Gaia — Servicio vectorial del Marco Geoestadístico"}},{"type":"Feature","geometry":{"type":"MultiPolygon","crs":{"type":"name","properties":{"name":"EPSG:6365"}},"coordinates":[[[[-98.991455534,19.870040508],[-98.991663406,19.86976555],[-98.992936114,19.870756902],[-98.99396396,19.871560952],[-98.992858441,19.872819977],[-98.991809446,19.872051588],[-98.990548787,19.87113356],[-98.990756738,19.870906132],[-98.991010917,19.870623411],[-98.99123291,19.870340687],[-98.991455534,19.870040508]]],[[[-98.99588571,19.87748411],[-98.998224595,19.874865827],[-98.999130198,19.875600935],[-98.999711587,19.874927375],[-98.999620673,19.874852503],[-98.998357188,19.873881693],[-98.997189891,19.872952648],[-98.996233593,19.872247605],[-98.99460281,19.870966174],[-98.993433366,19.870068157],[-98.99161483,19.868625267],[-98.99151027,19.868543597],[-98.990040646,19.867395681],[-98.989472017,19.867991006],[-98.988548492,19.869059277],[-98.98846887,19.869151378],[-98.98752205,19.87017805],[-98.987184762,19.869889851],[-98.986702635,19.86951084],[-98.987578377,19.868460201],[-98.987970986,19.86797927],[-98.987594085,19.867703515],[-98.987475039,19.86761345],[-98.986943052,19.86818626],[-98.985885225,19.867411049],[-98.985355832,19.866992946],[-98.985066155,19.866763391],[-98.984784523,19.866561586],[-98.984646168,19.866471548],[-98.98428612,19.866193338],[-98.984015242,19.865987676],[-98.983708141,19.86576376],[-98.983468097,19.86557264],[-98.983529813,19.865301388],[-98.98363981,19.864631564],[-98.983699288,19.864155039],[-98.983716297,19.86401876],[-98.983826942,19.863878588],[-98.983994917,19.863833727],[-98.984164735,19.863851659],[-98.984186108,19.86381991],[-98.984634961,19.863153164],[-98.984184349,19.862784859],[-98.984086248,19.862709369],[-98.983830297,19.862512413],[-98.984790528,19.861992748],[-98.985072161,19.86182373],[-98.985443647,19.861608041],[-98.985827873,19.861381634],[-98.986029709,19.861271266],[-98.986330118,19.861745527],[-98.987553204,19.86132172],[-98.987722183,19.861218291],[-98.987610611,19.860985502],[-98.989175419,19.860038795],[-98.988732332,19.859315898],[-98.988877172,19.859204901],[-98.989204401,19.858947585],[-98.989553089,19.858700361],[-98.989891047,19.858427908],[-98.990234369,19.858175637],[-98.990617379,19.857943223],[-98.990944609,19.858503266],[-98.991330847,19.858301449],[-98.991668806,19.858069358],[-98.991990671,19.857796904],[-98.9923179,19.857524451],[-98.991813644,19.856939177],[-98.992151602,19.856676812],[-98.99248956,19.856419492],[-98.992832884,19.856157127],[-98.993154749,19.855904852],[-98.993503436,19.855657622],[-98.993766293,19.855460848],[-98.994495853,19.856394265],[-98.99453877,19.856565812],[-98.994672881,19.856838269],[-98.994749071,19.857006927],[-98.99520328,19.857858139],[-98.995324896,19.85808876],[-98.995611891,19.858648801],[-98.995796963,19.85900198],[-98.996105418,19.85962004],[-98.996345476,19.859422009],[-98.99676076,19.859134411],[-98.99723076,19.859635513],[-98.997315084,19.859725416],[-98.997254539,19.859797618],[-98.997547442,19.860103491],[-98.997864567,19.860434654],[-98.998146646,19.86072922],[-98.998245001,19.860944959],[-98.995650044,19.863250085],[-98.9954341,19.863428587],[-98.995136321,19.863689725],[-98.994905434,19.863896773],[-98.994792565,19.863997868],[-98.995149671,19.864001793],[-98.995581604,19.863995311],[-98.995840485,19.864380553],[-98.995948469,19.864558037],[-98.995638027,19.864939855],[-98.995717457,19.865084246],[-98.995913259,19.865447499],[-98.996103695,19.865820844],[-98.996275357,19.866174006],[-98.996455066,19.866532213],[-98.9968505,19.867313535],[-98.997204553,19.867926517],[-98.997461654,19.867559173],[-98.998154984,19.867197197],[-98.998294458,19.867343507],[-98.999633216,19.866698043],[-99.000006378,19.866516732],[-99.000366464,19.866350873],[-99.001156374,19.867850543],[-99.000793276,19.868017975],[-99.000418684,19.868190706],[-98.999380753,19.868672896],[-98.999083027,19.868806592],[-98.998326646,19.869134522],[-98.99795918,19.869316145],[-98.998581865,19.870459149],[-98.998661878,19.870602468],[-98.998731163,19.870728129],[-98.998857226,19.870696598],[-98.999290096,19.870475926],[-98.999772894,19.870241332],[-99.000250327,19.870006738],[-99.000606616,19.86985751],[-99.001625201,19.86940702],[-99.002568946,19.871124356],[-99.002720878,19.87144328],[-99.002894649,19.871798193],[-99.003128258,19.872273399],[-99.003177154,19.872332657],[-99.003348952,19.872647658],[-99.003491215,19.872912105],[-99.003803987,19.8734935],[-99.004473531,19.874739133],[-99.004017397,19.874955131],[-99.002322243,19.875689162],[-99.001903817,19.875878345],[-99.001532366,19.876041276],[-99.001391726,19.876106139],[-99.00017188,19.876591174],[-98.999860743,19.876737474],[-98.999422871,19.876938007],[-98.998888441,19.877168808],[-98.998439842,19.877379429],[-98.99795805,19.877595725],[-98.997508445,19.877784275],[-98.996452995,19.878255965],[-98.996229033,19.878331635],[-98.99588571,19.87748411]],[[-98.992735615,19.864137159],[-98.993061243,19.863870844],[-98.993368896,19.863651919],[-98.993699748,19.863411278],[-98.993988553,19.863200143],[-98.99426203,19.862970679],[-98.99411335,19.862612435],[-98.993894458,19.862181063],[-98.993763849,19.861898015],[-98.993640468,19.861665932],[-98.993596767,19.861560436],[-98.991230708,19.863365511],[-98.991942666,19.864747592],[-98.992165878,19.864584726],[-98.992449143,19.864367071],[-98.992735615,19.864137159]]]]},"properties":{"locality":"Los Héroes Tizayuca","municipality":null,"official_key":"130690055","CVE_ENT":"13","CVE_MUN":"069","CVE_LOC":"0055","ambito":"URBANO","geometry_kind":"locality","source":"INEGI Gaia — Servicio vectorial del Marco Geoestadístico"}},{"type":"Feature","geometry":{"type":"MultiPolygon","crs":{"type":"name","properties":{"name":"EPSG:6365"}},"coordinates":[[[[-98.993333863,19.848404687],[-98.993784787,19.847774901],[-98.993967178,19.849328986],[-98.993973908,19.8500317],[-98.993977905,19.850449131],[-98.99314433,19.850363445],[-98.99201453,19.850247303],[-98.992043209,19.850207251],[-98.992678409,19.849320118],[-98.993004431,19.848864786],[-98.993333863,19.848404687]]],[[[-98.989044176,19.854346478],[-98.988144124,19.853654683],[-98.988023083,19.853799897],[-98.986134117,19.852345066],[-98.986168664,19.852162681],[-98.986276406,19.851672109],[-98.986284227,19.851229644],[-98.986884356,19.851164352],[-98.987457013,19.851059135],[-98.987784162,19.851009607],[-98.988104203,19.85096116],[-98.988509012,19.850899886],[-98.98866631,19.850876076],[-98.988894464,19.850832245],[-98.989260417,19.850761937],[-98.989303439,19.850753672],[-98.989658668,19.850685425],[-98.990030479,19.850613995],[-98.990395379,19.850543891],[-98.990496709,19.850526959],[-98.991278312,19.850396232],[-98.991236861,19.850591589],[-98.992245074,19.850562365],[-98.992204195,19.851073488],[-98.99223777,19.851389341],[-98.992195,19.851708707],[-98.992179053,19.851780839],[-98.993944332,19.852047194],[-98.993935867,19.85238683],[-98.993923606,19.852846541],[-98.993914027,19.853210387],[-98.994013111,19.853865095],[-98.994405262,19.854434187],[-98.994346804,19.854614771],[-98.991798648,19.85367519],[-98.990599766,19.853198308],[-98.99047915,19.85320475],[-98.989045266,19.854584951],[-98.98891426,19.854483259],[-98.989044176,19.854346478]]]]},"properties":{"locality":"El Pedregal","municipality":null,"official_key":"130690056","CVE_ENT":"13","CVE_MUN":"069","CVE_LOC":"0056","ambito":"RURAL","geometry_kind":"locality","source":"INEGI Gaia — Servicio vectorial del Marco Geoestadístico"}},{"type":"Feature","geometry":{"type":"MultiPolygon","crs":{"type":"name","properties":{"name":"EPSG:6365"}},"coordinates":[[[[-98.944318907,19.873114452],[-98.945365186,19.870647885],[-98.94568182,19.869905107],[-98.946655712,19.87027835],[-98.946682784,19.870227807],[-98.94693558,19.87037012],[-98.94768511,19.870887574],[-98.947919658,19.871041784],[-98.948399967,19.870184345],[-98.949146017,19.870570726],[-98.949425362,19.87065062],[-98.949377474,19.870831413],[-98.949695553,19.870876036],[-98.949752349,19.870879514],[-98.949886459,19.87097537],[-98.949454342,19.871732941],[-98.949285251,19.871994835],[-98.949227109,19.872090816],[-98.949180099,19.872160635],[-98.949087668,19.872302135],[-98.949025741,19.872400408],[-98.948891201,19.872604598],[-98.948805326,19.872758792],[-98.948706778,19.87291273],[-98.948516088,19.873217738],[-98.948328766,19.873513819],[-98.947987454,19.874042715],[-98.947813101,19.874044169],[-98.94779538,19.873976846],[-98.947669413,19.87374091],[-98.947498367,19.873670969],[-98.947372959,19.873564815],[-98.94731028,19.87346568],[-98.947287028,19.87332704],[-98.947350878,19.873103797],[-98.946982845,19.872917433],[-98.946913563,19.872931391],[-98.946791131,19.873053663],[-98.946737898,19.873075619],[-98.946673002,19.873066214],[-98.946358875,19.872916886],[-98.946328148,19.87301408],[-98.946252554,19.873366377],[-98.946257123,19.873492291],[-98.946287174,19.873634598],[-98.946349413,19.873746636],[-98.946466634,19.8739066],[-98.94664691,19.874029557],[-98.946710083,19.874121468],[-98.946805353,19.874489315],[-98.947500112,19.874332022],[-98.94754705,19.874522469],[-98.947567166,19.874588054],[-98.947911372,19.874492873],[-98.94796152,19.87474336],[-98.94799959,19.874967217],[-98.947996785,19.875091898],[-98.947974188,19.875194593],[-98.947894918,19.875336926],[-98.947715991,19.875513234],[-98.947294289,19.875886154],[-98.947123614,19.876033842],[-98.946986208,19.876167807],[-98.946902191,19.876295651],[-98.946836504,19.876510222],[-98.946834776,19.876699693],[-98.946850414,19.876793563],[-98.946719587,19.876800231],[-98.946515741,19.876656452],[-98.946336034,19.876780049],[-98.94618583,19.876913737],[-98.9459793,19.877085263],[-98.94581032,19.876870858],[-98.944947991,19.8757282],[-98.943238889,19.875651174],[-98.943976497,19.8738678],[-98.944190617,19.873392751],[-98.944318907,19.873114452]]],[[[-98.947294851,19.877481643],[-98.946897885,19.878016394],[-98.946659169,19.878018916],[-98.946345349,19.878031527],[-98.946905931,19.87723697],[-98.947112461,19.877363091],[-98.947294851,19.877481643]]]]},"properties":{"locality":"Hacienda de Guadalupe","municipality":null,"official_key":"130690058","CVE_ENT":"13","CVE_MUN":"069","CVE_LOC":"0058","ambito":"RURAL","geometry_kind":"locality","source":"INEGI Gaia — Servicio vectorial del Marco Geoestadístico"}},{"type":"Feature","geometry":{"type":"MultiPolygon","crs":{"type":"name","properties":{"name":"EPSG:6365"}},"coordinates":[[[[-98.938697088,19.883238766],[-98.938510549,19.883147553],[-98.938681115,19.882848651],[-98.938480381,19.882775264],[-98.938215274,19.88266152],[-98.93988811,19.879468702],[-98.940008811,19.879236643],[-98.939268521,19.87876748],[-98.939520647,19.878429479],[-98.940593928,19.879190218],[-98.940303853,19.879686888],[-98.940450431,19.879766579],[-98.940145602,19.880396933],[-98.940132191,19.880409546],[-98.940118779,19.880432246],[-98.939858606,19.88095942],[-98.939763611,19.881154433],[-98.939761097,19.881193413],[-98.939506958,19.881670469],[-98.938957384,19.882745235],[-98.938697088,19.883238766]]]]},"properties":{"locality":"Ampliación Nueva Italia [Fraccionamiento]","municipality":null,"official_key":"130690059","CVE_ENT":"13","CVE_MUN":"069","CVE_LOC":"0059","ambito":"RURAL","geometry_kind":"locality","source":"INEGI Gaia — Servicio vectorial del Marco Geoestadístico"}},{"type":"Feature","geometry":{"type":"MultiPolygon","crs":{"type":"name","properties":{"name":"EPSG:6365"}},"coordinates":[[[[-98.948617189,19.875107645],[-98.948522296,19.875019111],[-98.948611395,19.874656185],[-98.948667672,19.874575624],[-98.948551862,19.874438227],[-98.948102356,19.873915484],[-98.948212877,19.873707085],[-98.948328766,19.873513819],[-98.948516088,19.873217738],[-98.948706778,19.87291273],[-98.948805326,19.872758792],[-98.948891201,19.872604598],[-98.949025741,19.872400408],[-98.949944259,19.872575863],[-98.950024727,19.872283254],[-98.949227109,19.872090816],[-98.949285251,19.871994835],[-98.949454342,19.871732941],[-98.950140836,19.871923208],[-98.950690535,19.872035278],[-98.950752551,19.871821372],[-98.950865529,19.871446026],[-98.950946646,19.871119112],[-98.951026424,19.871127693],[-98.951115932,19.870945318],[-98.952589461,19.87127249],[-98.95228507,19.871727036],[-98.952044361,19.872062776],[-98.951673006,19.872640536],[-98.951619642,19.872702406],[-98.951574323,19.872774367],[-98.951490886,19.872964882],[-98.951417296,19.873085131],[-98.951257875,19.87327601],[-98.950653052,19.87375318],[-98.950597697,19.87382045],[-98.950619457,19.874031817],[-98.950741498,19.874189472],[-98.949277013,19.875475921],[-98.949258237,19.875725642],[-98.948906869,19.875369977],[-98.948617189,19.875107645]]]]},"properties":{"locality":"Lomas Verdes [Colonia]","municipality":null,"official_key":"130690061","CVE_ENT":"13","CVE_MUN":"069","CVE_LOC":"0061","ambito":"RURAL","geometry_kind":"locality","source":"INEGI Gaia — Servicio vectorial del Marco Geoestadístico"}},{"type":"Feature","geometry":{"type":"MultiPolygon","crs":{"type":"name","properties":{"name":"EPSG:6365"}},"coordinates":[[[[-98.938816354,19.883394244],[-98.938804448,19.883388331],[-98.938723533,19.883515213],[-98.938460229,19.88338986],[-98.938567958,19.883181682],[-98.938697088,19.883238766],[-98.938957384,19.882745235],[-98.939506958,19.881670469],[-98.939761097,19.881193413],[-98.939763611,19.881154433],[-98.939858606,19.88095942],[-98.940118779,19.880432246],[-98.940132191,19.880409546],[-98.940145602,19.880396933],[-98.940450431,19.879766579],[-98.940303853,19.879686888],[-98.940593928,19.879190218],[-98.941286116,19.879708132],[-98.940852665,19.880465812],[-98.9406722,19.880765861],[-98.940351729,19.881359582],[-98.940172274,19.881667196],[-98.94005719,19.881894093],[-98.939906625,19.882169912],[-98.939723872,19.882506265],[-98.939142509,19.883556198],[-98.939118772,19.883544413],[-98.938816354,19.883394244]]]]},"properties":{"locality":"Nueva Italia [Fraccionamiento]","municipality":null,"official_key":"130690062","CVE_ENT":"13","CVE_MUN":"069","CVE_LOC":"0062","ambito":"RURAL","geometry_kind":"locality","source":"INEGI Gaia — Servicio vectorial del Marco Geoestadístico"}},{"type":"Feature","geometry":{"type":"MultiPolygon","crs":{"type":"name","properties":{"name":"EPSG:6365"}},"coordinates":[[[[-98.943057277,19.883419731],[-98.942746798,19.883694133],[-98.942465959,19.883958458],[-98.942387421,19.883887788],[-98.94005719,19.881894093],[-98.940351729,19.881359582],[-98.9406722,19.880765861],[-98.940852665,19.880465812],[-98.941286116,19.879708132],[-98.942891735,19.880886276],[-98.942023116,19.882511194],[-98.94297977,19.883351641],[-98.943057277,19.883419731]]]]},"properties":{"locality":"Reino Unido [Fraccionamiento]","municipality":null,"official_key":"130690063","CVE_ENT":"13","CVE_MUN":"069","CVE_LOC":"0063","ambito":"RURAL","geometry_kind":"locality","source":"INEGI Gaia — Servicio vectorial del Marco Geoestadístico"}},{"type":"Feature","geometry":{"type":"MultiPolygon","crs":{"type":"name","properties":{"name":"EPSG:6365"}},"coordinates":[[[[-98.969428897,19.888539422],[-98.969659567,19.887273257],[-98.969900965,19.887343879],[-98.970269099,19.887391171],[-98.970626503,19.887428375],[-98.971019446,19.887482604],[-98.971397638,19.887540615],[-98.97163679,19.887579787],[-98.971675118,19.887351634],[-98.971724175,19.886987278],[-98.975156273,19.887479337],[-98.974604164,19.887757225],[-98.973981781,19.88805307],[-98.973387328,19.888328179],[-98.972838472,19.888565454],[-98.972388215,19.888783348],[-98.971399797,19.889250426],[-98.971323328,19.889288726],[-98.969590422,19.889095726],[-98.969627775,19.888857325],[-98.969686587,19.888572263],[-98.969428897,19.888539422]]]]},"properties":{"locality":"San José II","municipality":null,"official_key":"130690064","CVE_ENT":"13","CVE_MUN":"069","CVE_LOC":"0064","ambito":"RURAL","geometry_kind":"locality","source":"INEGI Gaia — Servicio vectorial del Marco Geoestadístico"}},{"type":"Feature","geometry":{"type":"MultiPolygon","crs":{"type":"name","properties":{"name":"EPSG:6365"}},"coordinates":[[[[-98.937442056,19.821048605],[-98.938081763,19.819231814],[-98.938256107,19.819281019],[-98.93826013,19.8193277],[-98.939302169,19.819654473],[-98.940289223,19.819959794],[-98.93964281,19.821852276],[-98.938650392,19.821499013],[-98.937648587,19.82112178],[-98.937442056,19.821048605]]],[[[-98.945677506,19.824832093],[-98.948096859,19.822914416],[-98.948109192,19.82295225],[-98.948726447,19.824845544],[-98.948735224,19.824872466],[-98.947190272,19.82670433],[-98.945677506,19.824832093]]],[[[-98.934557242,19.837041865],[-98.933674059,19.8367572],[-98.933611742,19.836900073],[-98.932601976,19.836595427],[-98.933004951,19.835243209],[-98.932142557,19.835233409],[-98.931147334,19.835965685],[-98.931608426,19.836133377],[-98.930932015,19.838295448],[-98.929699887,19.837861121],[-98.930043938,19.837048093],[-98.930104162,19.836827501],[-98.931999561,19.832041444],[-98.932021453,19.831986164],[-98.935331028,19.832700535],[-98.935464865,19.832688247],[-98.939514242,19.82990426],[-98.941394844,19.830837755],[-98.942689567,19.827999366],[-98.942317688,19.827609621],[-98.942003004,19.827515676],[-98.94479609,19.825450129],[-98.946568144,19.827263548],[-98.946424201,19.827393104],[-98.947071064,19.827336767],[-98.947034296,19.828099829],[-98.947083357,19.828701403],[-98.947357726,19.829474551],[-98.946411297,19.829497788],[-98.946377965,19.83005441],[-98.94450521,19.830070311],[-98.944198865,19.830489917],[-98.944407372,19.830503535],[-98.945672513,19.830586155],[-98.94542992,19.831202229],[-98.945149776,19.831893437],[-98.94328539,19.831748294],[-98.942276454,19.833913455],[-98.942259289,19.83395029],[-98.941460903,19.833823741],[-98.94067086,19.83367568],[-98.940468984,19.833638723],[-98.93925675,19.83339628],[-98.938963315,19.833349786],[-98.938951332,19.833370525],[-98.937958499,19.835587725],[-98.940254539,19.836323043],[-98.939042248,19.837295525],[-98.937239939,19.836626606],[-98.937680092,19.835551157],[-98.937412417,19.835454036],[-98.938409114,19.833259825],[-98.938054403,19.833206175],[-98.937009715,19.835292407],[-98.936623453,19.835170927],[-98.936274752,19.836225386],[-98.93713037,19.836525539],[-98.936737424,19.837407298],[-98.93832931,19.837935829],[-98.936935516,19.839198605],[-98.936025934,19.838910493],[-98.936456363,19.837653965],[-98.934557242,19.837041865]]]]},"properties":{"locality":"Huitzila-Tepojaco [Corredor Industrial]","municipality":null,"official_key":"130690065","CVE_ENT":"13","CVE_MUN":"069","CVE_LOC":"0065","ambito":"RURAL","geometry_kind":"locality","source":"INEGI Gaia — Servicio vectorial del Marco Geoestadístico"}},{"type":"Feature","geometry":{"type":"MultiPolygon","crs":{"type":"name","properties":{"name":"EPSG:6365"}},"coordinates":[[[[-99.000556421,19.860909503],[-98.99768914,19.862236422],[-98.998630595,19.863831992],[-98.996844412,19.864130764],[-98.996176709,19.863116509],[-98.995839087,19.863449182],[-98.995644628,19.863264399],[-99.001470037,19.858122447],[-99.001630138,19.858268503],[-99.002251578,19.859176418],[-99.000159455,19.860162789],[-99.000556421,19.860909503]]]]},"properties":{"locality":"José Humberto Gutiérrez Corona","municipality":null,"official_key":"130690066","CVE_ENT":"13","CVE_MUN":"069","CVE_LOC":"0066","ambito":"RURAL","geometry_kind":"locality","source":"INEGI Gaia — Servicio vectorial del Marco Geoestadístico"}},{"type":"Feature","geometry":{"type":"MultiPolygon","crs":{"type":"name","properties":{"name":"EPSG:6365"}},"coordinates":[[[[-98.94432642,19.879626981],[-98.942617853,19.878368312],[-98.942721118,19.878228319],[-98.943092603,19.878500737],[-98.943539024,19.877935564],[-98.943536927,19.877821975],[-98.943444979,19.877661724],[-98.943552686,19.877500055],[-98.943673806,19.877345951],[-98.943902378,19.877095522],[-98.94404244,19.876937163],[-98.944176382,19.876711247],[-98.94431435,19.876395787],[-98.944527584,19.877292508],[-98.944846769,19.878090848],[-98.945033181,19.878876574],[-98.944978196,19.878882248],[-98.944734115,19.879075841],[-98.944664713,19.879062915],[-98.944585338,19.879218592],[-98.944497913,19.879371748],[-98.94447084,19.879395001],[-98.944420967,19.87949897],[-98.94432642,19.879626981]]]]},"properties":{"locality":"San José I","municipality":null,"official_key":"130690067","CVE_ENT":"13","CVE_MUN":"069","CVE_LOC":"0067","ambito":"RURAL","geometry_kind":"locality","source":"INEGI Gaia — Servicio vectorial del Marco Geoestadístico"}},{"type":"Feature","geometry":{"type":"MultiPolygon","crs":{"type":"name","properties":{"name":"EPSG:6365"}},"coordinates":[[[[-98.937285078,19.883438956],[-98.9375327,19.883499586],[-98.937602823,19.883514142],[-98.93748065,19.884870937],[-98.937123038,19.885861944],[-98.937066969,19.886668816],[-98.936961751,19.887285593],[-98.936809735,19.887728707],[-98.936262368,19.888610019],[-98.934330679,19.887668973],[-98.933995362,19.887504671],[-98.932294335,19.886657982],[-98.932151509,19.886576639],[-98.931227488,19.888363652],[-98.930988772,19.888255197],[-98.929682502,19.887583234],[-98.929345688,19.887391239],[-98.927904232,19.886666179],[-98.926852806,19.886126413],[-98.926619454,19.886012912],[-98.925803213,19.885588027],[-98.925730301,19.885550074],[-98.926665882,19.883551892],[-98.926672427,19.883537914],[-98.926784578,19.883211432],[-98.926947942,19.88260426],[-98.926993524,19.882440354],[-98.927599687,19.882382385],[-98.92777668,19.882412742],[-98.928117259,19.882531468],[-98.928210403,19.882515879],[-98.92879811,19.882813289],[-98.929146279,19.883118376],[-98.929745234,19.88355084],[-98.930053185,19.883529558],[-98.930848208,19.883344878],[-98.931095515,19.883252537],[-98.93126185,19.883347662],[-98.93174577,19.882228081],[-98.931790931,19.882117759],[-98.932331862,19.88100925],[-98.932391121,19.880892638],[-98.932445425,19.880919119],[-98.933014719,19.881163365],[-98.934196788,19.881681184],[-98.934681481,19.881893799],[-98.934564879,19.882137196],[-98.934777341,19.882254539],[-98.935112382,19.882420696],[-98.935436876,19.882581633],[-98.935545858,19.88263568],[-98.935706449,19.882709475],[-98.935759519,19.88273385],[-98.935955144,19.882823742],[-98.936292997,19.882978971],[-98.936421598,19.883038061],[-98.937285078,19.883438956]]]]},"properties":{"locality":"Andalucía Residencial [Fraccionamiento]","municipality":null,"official_key":"130690068","CVE_ENT":"13","CVE_MUN":"069","CVE_LOC":"0068","ambito":"RURAL","geometry_kind":"locality","source":"INEGI Gaia — Servicio vectorial del Marco Geoestadístico"}},{"type":"Feature","geometry":{"type":"Polygon","coordinates":[[[-98.9847122,19.8425446],[-98.9847161,19.8423225],[-98.9847567,19.8423265],[-98.985158,19.8423206],[-98.986094,19.8423404],[-98.9862859,19.8423553],[-98.9857216,19.8436618],[-98.9856547,19.8436366],[-98.9854046,19.8435426],[-98.9848999,19.8433609],[-98.9846917,19.8432858],[-98.9846917,19.8432843],[-98.9847122,19.8425446]]]},"properties":{"locality":"Arboledas","official_key":"1306900010001","CVE_ENT":"13","CVE_MUN":"069","CVE_LOC":"0001","CVE_ASEN":"0001","settlement_type":"PRIVADA","source":"INEGI DCAH 2025"}},{"type":"Feature","geometry":{"type":"MultiPolygon","coordinates":[[[[-98.9777168,19.8265461],[-98.9772614,19.8242483],[-98.9771905,19.8238696],[-98.9774467,19.8238175],[-98.9781827,19.8236939],[-98.9781997,19.8237536],[-98.9782175,19.8237931],[-98.9782649,19.8238502],[-98.9783181,19.8238865],[-98.9783689,19.823894],[-98.9784213,19.8241332],[-98.9782779,19.8241591],[-98.9785192,19.8252352],[-98.978909,19.8251792],[-98.9789836,19.8251651],[-98.9790826,19.8251465],[-98.9793229,19.8262625],[-98.9782993,19.8264574],[-98.9780237,19.8265092],[-98.9779782,19.8265177],[-98.9777168,19.8265461]]],[[[-98.9847161,19.8423225],[-98.9842968,19.8422816],[-98.9842634,19.8422791],[-98.984143,19.8422199],[-98.9829253,19.8414809],[-98.9825171,19.8412343],[-98.9825555,19.8411484],[-98.9825888,19.8410786],[-98.9827384,19.840765],[-98.9828945,19.8404213],[-98.9829108,19.840377],[-98.9824313,19.8401249],[-98.9820558,19.8398932],[-98.9818608,19.8397284],[-98.9817945,19.8396608],[-98.9817524,19.8396271],[-98.9817178,19.8395993],[-98.9816778,19.8395696],[-98.9815924,19.839552],[-98.9814387,19.839528],[-98.9807934,19.8393476],[-98.9800944,19.8391929],[-98.979991,19.8391519],[-98.9797876,19.8391077],[-98.9792361,19.8389658],[-98.9795545,19.8380279],[-98.9796864,19.8373535],[-98.9796581,19.8365],[-98.9794468,19.8354247],[-98.9793412,19.8348772],[-98.9791851,19.8341342],[-98.9788409,19.8322654],[-98.9787332,19.8316245],[-98.9785894,19.8313963],[-98.9785352,19.8309183],[-98.9787488,19.8308918],[-98.9787221,19.830504],[-98.9803595,19.8309223],[-98.980355,19.8308935],[-98.9803292,19.8308411],[-98.9803669,19.8307504],[-98.9803717,19.8306508],[-98.9803691,19.8305138],[-98.980347,19.8303989],[-98.9803092,19.8302168],[-98.9803019,19.8301225],[-98.9803019,19.8300269],[-98.9818563,19.8303553],[-98.9822055,19.8304348],[-98.9822513,19.8302744],[-98.9831861,19.8305688],[-98.9832583,19.8307228],[-98.9832744,19.8312619],[-98.9818461,19.8313714],[-98.9818572,19.8314863],[-98.9818654,19.8315756],[-98.9820574,19.8336566],[-98.9820885,19.8339833],[-98.982131,19.8345465],[-98.9821442,19.8346508],[-98.9822713,19.8345495],[-98.9826002,19.8342328],[-98.9828442,19.8339539],[-98.983009,19.8337466],[-98.9832596,19.8334591],[-98.9833102,19.8333881],[-98.9834846,19.8331835],[-98.9837197,19.8329149],[-98.9839817,19.8325859],[-98.9848329,19.8315578],[-98.9851698,19.8311507],[-98.9859588,19.8302135],[-98.9863187,19.829766],[-98.9870764,19.8288847],[-98.9876254,19.8284041],[-98.9878663,19.8281957],[-98.9881192,19.8279689],[-98.9881621,19.8279322],[-98.9884161,19.827718],[-98.9884632,19.8276783],[-98.9885332,19.8276118],[-98.9885986,19.8275555],[-98.9892111,19.8270156],[-98.9896037,19.8266889],[-98.9900323,19.8263223],[-98.9903985,19.8260091],[-98.9906569,19.8261449],[-98.9910129,19.826479],[-98.9910329,19.8264923],[-98.9910786,19.8265199],[-98.9915031,19.8267988],[-98.9915554,19.8268302],[-98.9919799,19.8270615],[-98.9920342,19.827092],[-98.9924634,19.8273432],[-98.9925127,19.8273749],[-98.992988,19.8276344],[-98.9928531,19.8277956],[-98.9926925,19.8278994],[-98.9923672,19.828273],[-98.9923164,19.828309],[-98.9915514,19.82921],[-98.9913679,19.8294411],[-98.9914417,19.8294842],[-98.9924122,19.8300132],[-98.9931437,19.8303767],[-98.9943307,19.8310122],[-98.9944122,19.8308077],[-98.9971287,19.8343109],[-98.9961614,19.8347747],[-98.9963673,19.835253],[-98.9964559,19.835445],[-98.9963792,19.8354925],[-98.9963244,19.835514],[-98.9961542,19.8355143],[-98.996013,19.8355248],[-98.9959859,19.8355357],[-98.9958153,19.8356042],[-98.9956498,19.8356599],[-98.9955307,19.8356722],[-98.9954701,19.835694],[-98.9954283,19.8357456],[-98.9953837,19.8358833],[-98.995316,19.8360137],[-98.9952511,19.8360969],[-98.9951902,19.8361423],[-98.9950622,19.83616],[-98.994999,19.8361915],[-98.9949595,19.8362337],[-98.9949262,19.8363007],[-98.9949157,19.8363762],[-98.9949224,19.8365738],[-98.994906,19.8366103],[-98.9949054,19.8366117],[-98.994867,19.8366521],[-98.9948064,19.83669],[-98.9946371,19.8367323],[-98.9945731,19.8367743],[-98.9945543,19.836834],[-98.9945105,19.8369428],[-98.9944721,19.8370276],[-98.9944508,19.8370922],[-98.9944467,19.8371855],[-98.994466,19.8372383],[-98.9944662,19.8372388],[-98.9944689,19.837246],[-98.9945687,19.8373066],[-98.9946508,19.8373831],[-98.9946945,19.8374829],[-98.9947339,19.8375826],[-98.9947375,19.8376548],[-98.9946976,19.837887],[-98.9946556,19.838057],[-98.9946295,19.8381629],[-98.9945268,19.8384534],[-98.9945024,19.8385904],[-98.99446,19.8387158],[-98.9944097,19.8388546],[-98.9943815,19.8390705],[-98.994339,19.8392398],[-98.9942931,19.8393876],[-98.9941825,19.8396144],[-98.9941519,19.8397139],[-98.9941221,19.839779],[-98.9940496,19.839863],[-98.9938655,19.8400102],[-98.9937472,19.8400695],[-98.9936916,19.8400973],[-98.9936344,19.8401495],[-98.9935839,19.8402203],[-98.9934829,19.8403478],[-98.9933538,19.8404699],[-98.9931546,19.8405731],[-98.9930417,19.8406315],[-98.9930248,19.8406403],[-98.9929849,19.8406809],[-98.9927676,19.8409221],[-98.9926329,19.8409771],[-98.9924057,19.8411475],[-98.9923083,19.8412115],[-98.9921991,19.841255],[-98.9919893,19.8413237],[-98.9919794,19.8413276],[-98.9918759,19.8413674],[-98.9916771,19.8414439],[-98.9915274,19.8415015],[-98.9914272,19.8415622],[-98.9913902,19.8415876],[-98.9913421,19.8416245],[-98.9912425,19.8416491],[-98.9911324,19.8416551],[-98.9910479,19.8416967],[-98.9909984,19.8417677],[-98.990999,19.8418794],[-98.990974,19.8419356],[-98.9909172,19.8419939],[-98.9908367,19.8420325],[-98.9907556,19.8420533],[-98.9906696,19.8420545],[-98.9905723,19.8420288],[-98.9905181,19.8419587],[-98.9905111,19.8418974],[-98.9905464,19.8418352],[-98.9905375,19.8417772],[-98.9904798,19.8417398],[-98.9903044,19.8417609],[-98.9901687,19.8417875],[-98.9899878,19.8418085],[-98.9899414,19.8417976],[-98.9898835,19.8417845],[-98.9898192,19.841783],[-98.9897419,19.8418216],[-98.9896592,19.8419306],[-98.9895182,19.842095],[-98.9894923,19.8421195],[-98.989448,19.8421391],[-98.9894061,19.8421403],[-98.989352,19.8421007],[-98.989235,19.8419851],[-98.9891476,19.8418763],[-98.9890609,19.8417783],[-98.989036,19.8417375],[-98.9890174,19.8416221],[-98.9889941,19.8415644],[-98.9889391,19.8415246],[-98.9888546,19.8415304],[-98.9888225,19.8415456],[-98.9886311,19.8417075],[-98.9885065,19.841887],[-98.988405,19.8419965],[-98.9882978,19.8420911],[-98.9881921,19.8421789],[-98.9880633,19.8422655],[-98.9879757,19.8422984],[-98.9878418,19.8423071],[-98.9877307,19.8423086],[-98.9876162,19.8423022],[-98.9863229,19.8422697],[-98.9862859,19.8423553],[-98.986094,19.8423404],[-98.985158,19.8423206],[-98.9847567,19.8423265],[-98.9847161,19.8423225]],[[-98.99328,19.8385184],[-98.9935104,19.8378668],[-98.9933685,19.8379402],[-98.9924787,19.8384241],[-98.9920838,19.8386204],[-98.9921666,19.8384614],[-98.9922202,19.8382879],[-98.9924038,19.8377625],[-98.9924719,19.8375843],[-98.9906661,19.8369142],[-98.9906301,19.8369139],[-98.9904957,19.836893],[-98.9904218,19.8371871],[-98.9904399,19.8372569],[-98.9903067,19.8376367],[-98.9902291,19.8378439],[-98.9920835,19.8385175],[-98.9914484,19.8389461],[-98.9911487,19.8391513],[-98.9908932,19.8393818],[-98.9904571,19.8397754],[-98.9904246,19.8398061],[-98.9908211,19.8407718],[-98.9924629,19.8406623],[-98.9925476,19.8399479],[-98.993178,19.8391674],[-98.99328,19.8385184]],[[-98.9883371,19.8375657],[-98.9887582,19.8365134],[-98.9889912,19.835934],[-98.988777,19.8359103],[-98.9885738,19.8358879],[-98.9885395,19.8358837],[-98.9882691,19.8365512],[-98.9879263,19.8374014],[-98.9883371,19.8375657]],[[-98.9880096,19.834396],[-98.987278,19.8340626],[-98.987096,19.8342866],[-98.9870391,19.8343566],[-98.9868797,19.8345811],[-98.9868437,19.8346318],[-98.9866299,19.834853],[-98.9865919,19.8348923],[-98.98639,19.8351281],[-98.9863254,19.8352036],[-98.9862631,19.8352785],[-98.9860611,19.8355624],[-98.986401,19.8356374],[-98.9866202,19.8356566],[-98.9866808,19.8356625],[-98.9868913,19.8356846],[-98.9881797,19.8344572],[-98.9880096,19.834396]],[[-98.9899924,19.831195],[-98.9904084,19.8307538],[-98.9905563,19.8305755],[-98.9907403,19.8303538],[-98.9907585,19.830285],[-98.9892636,19.8295757],[-98.9893564,19.829474],[-98.9893713,19.8294598],[-98.9891203,19.8292968],[-98.9881138,19.8300808],[-98.9877021,19.8299666],[-98.9875058,19.8303009],[-98.9872939,19.8302061],[-98.9868867,19.8307883],[-98.986566,19.8312413],[-98.9867615,19.8313411],[-98.9876714,19.8317772],[-98.9890032,19.8323445],[-98.9891605,19.8321615],[-98.9894374,19.8318196],[-98.9896777,19.8315148],[-98.9898416,19.8313506],[-98.9899924,19.831195]]]]},"properties":{"locality":"Atempa","official_key":"1306900010002","CVE_ENT":"13","CVE_MUN":"069","CVE_LOC":"0001","CVE_ASEN":"0002","settlement_type":"BARRIO","source":"INEGI DCAH 2025"}},{"type":"Feature","geometry":{"type":"Polygon","coordinates":[[[-98.9716453,19.8537323],[-98.9716725,19.8536659],[-98.9717172,19.8535572],[-98.9723392,19.8516146],[-98.9723392,19.8516146],[-98.9724779,19.8511923],[-98.9725042,19.851105],[-98.972564,19.8509206],[-98.9703488,19.8507268],[-98.9702937,19.8507417],[-98.9702038,19.8509378],[-98.9697561,19.8519416],[-98.9697331,19.8520379],[-98.9697251,19.8520318],[-98.9696624,19.8519838],[-98.9696004,19.8519231],[-98.9687482,19.8512622],[-98.9680771,19.8507418],[-98.967648,19.8504089],[-98.9670205,19.8499165],[-98.9664372,19.8494586],[-98.965923,19.8490504],[-98.9652432,19.8485106],[-98.9647535,19.8481218],[-98.9645803,19.8479842],[-98.9643665,19.8478176],[-98.9639047,19.8474577],[-98.9636659,19.8472791],[-98.963604,19.8472328],[-98.9634465,19.847115],[-98.9630903,19.84684],[-98.9627931,19.8466105],[-98.9634334,19.8450237],[-98.9631153,19.8449286],[-98.9627221,19.8448061],[-98.9624794,19.8447684],[-98.9621162,19.8446604],[-98.9624181,19.8438537],[-98.9627054,19.8431013],[-98.9627287,19.8430365],[-98.9627437,19.8429941],[-98.962779,19.8427466],[-98.9637384,19.8430645],[-98.964001,19.8431515],[-98.9641101,19.8431876],[-98.9644707,19.8433071],[-98.964832,19.8434268],[-98.9651833,19.8435548],[-98.965223,19.8435564],[-98.9654189,19.8435869],[-98.9655985,19.8435642],[-98.9656645,19.8435559],[-98.9660193,19.8434694],[-98.9660893,19.8434346],[-98.9663829,19.8433313],[-98.9666271,19.8432192],[-98.9660386,19.8445147],[-98.9650123,19.8441336],[-98.964604,19.8444774],[-98.9644503,19.8446105],[-98.9654479,19.8449483],[-98.9662,19.8447582],[-98.9661297,19.8448897],[-98.9660088,19.8451345],[-98.9660921,19.8452391],[-98.9662058,19.8453466],[-98.9662982,19.8454011],[-98.966468,19.845434],[-98.9665633,19.8454368],[-98.9667172,19.8454081],[-98.9668191,19.845404],[-98.9668882,19.8454242],[-98.9670009,19.8454893],[-98.967107,19.8455128],[-98.9672331,19.8455074],[-98.9673191,19.8454984],[-98.9674152,19.8454987],[-98.9675848,19.8455045],[-98.9677436,19.8455089],[-98.9678715,19.8455002],[-98.9679795,19.8454434],[-98.9681546,19.8453567],[-98.9683553,19.8452491],[-98.9685537,19.8451774],[-98.9687359,19.8451453],[-98.9688758,19.8451335],[-98.969031,19.8451637],[-98.9693012,19.845224],[-98.9694041,19.8452498],[-98.9694913,19.8452287],[-98.9696054,19.8452118],[-98.9697529,19.8452097],[-98.9698625,19.8452372],[-98.9700308,19.8453141],[-98.97022,19.8453972],[-98.9703638,19.8454593],[-98.9704472,19.8454542],[-98.9705928,19.8453955],[-98.9707775,19.8452932],[-98.9709045,19.8451897],[-98.9710246,19.8450869],[-98.9709433,19.8438632],[-98.9711074,19.843479],[-98.9708954,19.8433419],[-98.9709131,19.8431985],[-98.9707201,19.8431711],[-98.9684621,19.8428849],[-98.9684479,19.8426108],[-98.9690536,19.8424222],[-98.9691404,19.8423997],[-98.969522,19.8424305],[-98.9700861,19.8424869],[-98.9704751,19.8425208],[-98.9706043,19.8425208],[-98.970724,19.842511],[-98.9717492,19.8402927],[-98.9723056,19.8404375],[-98.9727236,19.8404929],[-98.9728293,19.840503],[-98.9732072,19.8405393],[-98.9737546,19.8405588],[-98.9741285,19.840563],[-98.9744201,19.8405662],[-98.9747744,19.8404875],[-98.9748277,19.8404757],[-98.9749213,19.8404551],[-98.9750149,19.8404344],[-98.9756841,19.8403831],[-98.9763818,19.8405355],[-98.976957,19.8406612],[-98.9772805,19.8407424],[-98.9784486,19.841109],[-98.9783544,19.8413841],[-98.9782391,19.8417625],[-98.9778336,19.8429457],[-98.9778212,19.8429802],[-98.9776648,19.8434161],[-98.9775673,19.8438309],[-98.9775451,19.8440047],[-98.9774452,19.8443805],[-98.9773904,19.8446582],[-98.9773825,19.8447359],[-98.9772801,19.8451851],[-98.9772309,19.8454172],[-98.9769302,19.8468361],[-98.9769167,19.8468805],[-98.9767134,19.8475484],[-98.976621,19.8478089],[-98.9761705,19.8488642],[-98.975749,19.8498899],[-98.9753275,19.8509157],[-98.9752717,19.8509817],[-98.9752499,19.8510147],[-98.9747844,19.8517182],[-98.9749649,19.8517548],[-98.9749675,19.8518993],[-98.9727588,19.8542771],[-98.9726448,19.854516],[-98.9722769,19.8542373],[-98.9717414,19.8538092],[-98.9716453,19.8537323]],[[-98.9734323,19.8505933],[-98.9731039,19.8516049],[-98.9736965,19.8516334],[-98.9738729,19.8516381],[-98.9741754,19.8516514],[-98.9745828,19.8507819],[-98.9742761,19.8506558],[-98.9743179,19.8505602],[-98.9743776,19.8504261],[-98.9744517,19.8502489],[-98.9745304,19.8500785],[-98.9737331,19.8497659],[-98.9736656,19.8499422],[-98.9735442,19.8502678],[-98.9734323,19.8505933]],[[-98.9723013,19.8441633],[-98.972335,19.8442922],[-98.972605,19.8450749],[-98.9731084,19.8451953],[-98.9735462,19.8453],[-98.9740083,19.8454033],[-98.9744684,19.8455046],[-98.9749628,19.8456161],[-98.9754633,19.8457278],[-98.9757793,19.8448371],[-98.9754297,19.8447541],[-98.9758372,19.8429981],[-98.9750275,19.8430137],[-98.9745342,19.8430097],[-98.9742545,19.8430096],[-98.9741499,19.8430095],[-98.9741484,19.8429578],[-98.9741296,19.8428801],[-98.9741108,19.842762],[-98.974129,19.8426371],[-98.9741804,19.8423577],[-98.9742848,19.8420951],[-98.9743243,19.8419798],[-98.9734442,19.8417339],[-98.9729352,19.8415687],[-98.9727908,19.8415327],[-98.9726712,19.8415214],[-98.9725494,19.8415282],[-98.9723778,19.8415714],[-98.9723549,19.8416643],[-98.972271,19.8419961],[-98.972266,19.8420211],[-98.9722361,19.8421713],[-98.9722214,19.8422598],[-98.9722156,19.8422945],[-98.9721744,19.8426806],[-98.9721672,19.8428767],[-98.9721648,19.8429146],[-98.972163,19.842942],[-98.9721732,19.8434323],[-98.9721998,19.8436439],[-98.9722713,19.8440467],[-98.9723013,19.8441633]]]},"properties":{"locality":"Cuxtitla","official_key":"1306900010003","CVE_ENT":"13","CVE_MUN":"069","CVE_LOC":"0001","CVE_ASEN":"0003","settlement_type":"BARRIO","source":"INEGI DCAH 2025"}},{"type":"Feature","geometry":{"type":"Polygon","coordinates":[[[-98.9937649,19.8477832],[-98.9934008,19.847502],[-98.9927833,19.8469937],[-98.9925643,19.8467813],[-98.9923568,19.8466176],[-98.9921969,19.8465034],[-98.9920656,19.8464063],[-98.9920533,19.8464408],[-98.9918633,19.8470176],[-98.9918391,19.8470847],[-98.9917164,19.8474001],[-98.9915784,19.8477339],[-98.9914679,19.848028],[-98.9914572,19.8480578],[-98.9899125,19.8475747],[-98.9890067,19.8472657],[-98.9882349,19.8469551],[-98.9877964,19.8467905],[-98.9877638,19.8465619],[-98.9861828,19.8459305],[-98.9841393,19.8451993],[-98.9837595,19.8450634],[-98.9836286,19.8450148],[-98.9834529,19.8449495],[-98.9823525,19.8445228],[-98.9822923,19.8444995],[-98.9822058,19.844468],[-98.982067,19.8444175],[-98.9816973,19.844277],[-98.9813555,19.8441567],[-98.9811368,19.8440524],[-98.9813167,19.8436018],[-98.9813717,19.8434404],[-98.9814615,19.8431983],[-98.9815946,19.8428053],[-98.9812102,19.8426784],[-98.9808278,19.8425589],[-98.9807579,19.8425337],[-98.9809796,19.8419259],[-98.9811509,19.8412353],[-98.9812247,19.8409807],[-98.9805142,19.8407708],[-98.9799491,19.8405574],[-98.9788084,19.8401468],[-98.9788643,19.839973],[-98.9791192,19.8392703],[-98.9791436,19.839203],[-98.9791571,19.8391685],[-98.9792361,19.8389658],[-98.9797876,19.8391077],[-98.979991,19.8391519],[-98.9800944,19.8391929],[-98.9807934,19.8393476],[-98.9814387,19.839528],[-98.9815924,19.839552],[-98.9816778,19.8395696],[-98.9817178,19.8395993],[-98.9817524,19.8396271],[-98.9817945,19.8396608],[-98.9818608,19.8397284],[-98.9820558,19.8398932],[-98.9824313,19.8401249],[-98.9829108,19.840377],[-98.9828945,19.8404213],[-98.9827384,19.840765],[-98.9825888,19.8410786],[-98.9825555,19.8411484],[-98.9825171,19.8412343],[-98.9829253,19.8414809],[-98.984143,19.8422199],[-98.9842634,19.8422791],[-98.9842968,19.8422816],[-98.9847161,19.8423225],[-98.9847122,19.8425446],[-98.9846917,19.8432843],[-98.9846917,19.8432858],[-98.9848999,19.8433609],[-98.9854046,19.8435426],[-98.9856547,19.8436366],[-98.9857216,19.8436618],[-98.9862859,19.8423553],[-98.9863229,19.8422697],[-98.9876162,19.8423022],[-98.9877307,19.8423086],[-98.9878418,19.8423071],[-98.9879757,19.8422984],[-98.9880633,19.8422655],[-98.9881921,19.8421789],[-98.9882978,19.8420911],[-98.988405,19.8419965],[-98.9885065,19.841887],[-98.9886311,19.8417075],[-98.9888225,19.8415456],[-98.9888546,19.8415304],[-98.9889391,19.8415246],[-98.9889941,19.8415644],[-98.9890174,19.8416221],[-98.989036,19.8417375],[-98.9890609,19.8417783],[-98.9891476,19.8418763],[-98.989235,19.8419851],[-98.989352,19.8421007],[-98.9894061,19.8421403],[-98.989448,19.8421391],[-98.9894923,19.8421195],[-98.9895182,19.842095],[-98.9896592,19.8419306],[-98.9897419,19.8418216],[-98.9898192,19.841783],[-98.9898835,19.8417845],[-98.9899414,19.8417976],[-98.9899878,19.8418085],[-98.9901687,19.8417875],[-98.9903044,19.8417609],[-98.9904798,19.8417398],[-98.9905375,19.8417772],[-98.9905464,19.8418352],[-98.9905111,19.8418974],[-98.9905181,19.8419587],[-98.9905723,19.8420288],[-98.9906696,19.8420545],[-98.9907556,19.8420533],[-98.9908367,19.8420325],[-98.9909172,19.8419939],[-98.990974,19.8419356],[-98.990999,19.8418794],[-98.9909984,19.8417677],[-98.9910479,19.8416967],[-98.9911324,19.8416551],[-98.9912425,19.8416491],[-98.9913421,19.8416245],[-98.9913902,19.8415876],[-98.9914272,19.8415622],[-98.991684,19.8420957],[-98.9917033,19.842154],[-98.9920009,19.8421226],[-98.9923169,19.8422378],[-98.9937087,19.8426703],[-98.994739,19.8429532],[-98.9957638,19.8432345],[-98.9967887,19.8435158],[-98.9959775,19.8446423],[-98.9953923,19.8454978],[-98.9951146,19.8459039],[-98.9937649,19.8477832]]]},"properties":{"locality":"Huicalco","official_key":"1306900010004","CVE_ENT":"13","CVE_MUN":"069","CVE_LOC":"0001","CVE_ASEN":"0004","settlement_type":"BARRIO","source":"INEGI DCAH 2025"}},{"type":"Feature","geometry":{"type":"Polygon","coordinates":[[[-98.9763818,19.8405355],[-98.9756841,19.8403831],[-98.9750149,19.8404344],[-98.9749213,19.8404551],[-98.9748277,19.8404757],[-98.9747744,19.8404875],[-98.9744201,19.8405662],[-98.9741285,19.840563],[-98.9737546,19.8405588],[-98.9732072,19.8405393],[-98.9728293,19.840503],[-98.9727236,19.8404929],[-98.9723056,19.8404375],[-98.9717492,19.8402927],[-98.9716103,19.8402566],[-98.971465,19.8402188],[-98.9708352,19.8399765],[-98.9707127,19.8399293],[-98.970158,19.8397158],[-98.9698354,19.8396152],[-98.9687484,19.8394209],[-98.9678537,19.8392901],[-98.9654309,19.8389241],[-98.9653927,19.838817],[-98.9653017,19.8387003],[-98.9654247,19.8386846],[-98.9656417,19.8386897],[-98.9657528,19.8386872],[-98.9662579,19.8385257],[-98.9665143,19.8384364],[-98.9668329,19.8383331],[-98.9670233,19.8382743],[-98.9683052,19.8378786],[-98.9684269,19.8378411],[-98.9692504,19.8375796],[-98.9693553,19.8375587],[-98.9694287,19.8375347],[-98.9701342,19.8373151],[-98.9701896,19.8372978],[-98.970492,19.8365147],[-98.9700934,19.8363785],[-98.9697597,19.8362601],[-98.9690952,19.8360287],[-98.9689668,19.8359865],[-98.9690343,19.8357653],[-98.96905,19.8357129],[-98.9691804,19.8353808],[-98.969269,19.8351595],[-98.9692791,19.8351333],[-98.9691478,19.8350991],[-98.9682055,19.8348526],[-98.9672133,19.8346046],[-98.9675216,19.8338988],[-98.9677302,19.8334211],[-98.9684428,19.8336436],[-98.9684509,19.8336369],[-98.9687403,19.8333963],[-98.9691462,19.833537],[-98.969511,19.8336618],[-98.9698619,19.8337838],[-98.9700858,19.833858],[-98.9703413,19.8339323],[-98.9705064,19.8339804],[-98.9714656,19.834219],[-98.9721321,19.8344126],[-98.9727059,19.8346245],[-98.9727286,19.8345972],[-98.9728355,19.8344349],[-98.9728949,19.834278],[-98.9729535,19.8340973],[-98.9730162,19.8339039],[-98.9729591,19.8338049],[-98.9729507,19.833704],[-98.9729697,19.8336036],[-98.9729996,19.8334905],[-98.9730677,19.8334372],[-98.9731304,19.8334212],[-98.9732208,19.8334024],[-98.973257,19.833144],[-98.9732486,19.8331076],[-98.9734983,19.8324364],[-98.9734701,19.8324154],[-98.9742864,19.8302337],[-98.9744813,19.8303027],[-98.9748835,19.8304593],[-98.974998,19.8305236],[-98.9755708,19.8304222],[-98.9763163,19.8302835],[-98.9766393,19.8302315],[-98.9777502,19.8300454],[-98.978339,19.8299446],[-98.9785352,19.8309183],[-98.9785894,19.8313963],[-98.9787332,19.8316245],[-98.9788409,19.8322654],[-98.9791851,19.8341342],[-98.9793412,19.8348772],[-98.9794468,19.8354247],[-98.9796581,19.8365],[-98.9796864,19.8373535],[-98.9795545,19.8380279],[-98.9792361,19.8389658],[-98.9791571,19.8391685],[-98.9791436,19.839203],[-98.9791192,19.8392703],[-98.9788643,19.839973],[-98.9788084,19.8401468],[-98.9786995,19.8404013],[-98.9786044,19.840695],[-98.9784486,19.841109],[-98.9772805,19.8407424],[-98.976957,19.8406612],[-98.9763818,19.8405355]],[[-98.9740487,19.8352525],[-98.9737933,19.8348307],[-98.973076,19.8348049],[-98.9728183,19.8352416],[-98.9726913,19.8356644],[-98.9729286,19.8356475],[-98.9730047,19.8356452],[-98.9732317,19.8355861],[-98.9738742,19.8353271],[-98.9740487,19.8352525]]]},"properties":{"locality":"Nacozari","official_key":"1306900010005","CVE_ENT":"13","CVE_MUN":"069","CVE_LOC":"0001","CVE_ASEN":"0005","settlement_type":"BARRIO","source":"INEGI DCAH 2025"}},{"type":"Feature","geometry":{"type":"Polygon","coordinates":[[[-98.9818461,19.8313714],[-98.9832744,19.8312619],[-98.9834846,19.8331835],[-98.9833102,19.8333881],[-98.9832596,19.8334591],[-98.983009,19.8337466],[-98.9828442,19.8339539],[-98.9826002,19.8342328],[-98.9822713,19.8345495],[-98.9821442,19.8346508],[-98.982131,19.8345465],[-98.9820885,19.8339833],[-98.9820574,19.8336566],[-98.9818654,19.8315756],[-98.9818572,19.8314863],[-98.9818461,19.8313714]]]},"properties":{"locality":"Las Campanas","official_key":"1306900010006","CVE_ENT":"13","CVE_MUN":"069","CVE_LOC":"0001","CVE_ASEN":"0006","settlement_type":"FRACCIONAMIENTO","source":"INEGI DCAH 2025"}},{"type":"Feature","geometry":{"type":"Polygon","coordinates":[[[-98.9860611,19.8355624],[-98.9862631,19.8352785],[-98.9863254,19.8352036],[-98.98639,19.8351281],[-98.9865919,19.8348923],[-98.9866299,19.834853],[-98.9868437,19.8346318],[-98.9868797,19.8345811],[-98.9870391,19.8343566],[-98.987096,19.8342866],[-98.987278,19.8340626],[-98.9880096,19.834396],[-98.9881797,19.8344572],[-98.9868913,19.8356846],[-98.9866808,19.8356625],[-98.9866202,19.8356566],[-98.986401,19.8356374],[-98.9860611,19.8355624]]]},"properties":{"locality":"Campestre","official_key":"1306900010007","CVE_ENT":"13","CVE_MUN":"069","CVE_LOC":"0001","CVE_ASEN":"0007","settlement_type":"FRACCIONAMIENTO","source":"INEGI DCAH 2025"}},{"type":"Feature","geometry":{"type":"Polygon","coordinates":[[[-98.9784486,19.841109],[-98.9786044,19.840695],[-98.9786995,19.8404013],[-98.9788084,19.8401468],[-98.9799491,19.8405574],[-98.9805142,19.8407708],[-98.9812247,19.8409807],[-98.9811509,19.8412353],[-98.9809796,19.8419259],[-98.9804627,19.8417697],[-98.9799853,19.8416111],[-98.9795853,19.8414933],[-98.9784486,19.841109]]]},"properties":{"locality":"Centro","official_key":"1306900010008","CVE_ENT":"13","CVE_MUN":"069","CVE_LOC":"0001","CVE_ASEN":"0008","settlement_type":"COLONIA","source":"INEGI DCAH 2025"}},{"type":"Feature","geometry":{"type":"Polygon","coordinates":[[[-98.9759742,19.8177612],[-98.9771521,19.8179532],[-98.9772199,19.8179655],[-98.9779125,19.8180862],[-98.9784192,19.8182311],[-98.9784705,19.8182563],[-98.9788054,19.8207433],[-98.9788443,19.8210921],[-98.9788857,19.8211431],[-98.9786011,19.8210905],[-98.9781446,19.8211712],[-98.9769368,19.8213834],[-98.9768122,19.8214113],[-98.9767444,19.821488],[-98.9766455,19.8210461],[-98.976448,19.8200934],[-98.9762724,19.819234],[-98.976211,19.8189219],[-98.9759742,19.8177612]]]},"properties":{"locality":"City","official_key":"1306900010009","CVE_ENT":"13","CVE_MUN":"069","CVE_LOC":"0001","CVE_ASEN":"0009","settlement_type":"PRIVADA","source":"INEGI DCAH 2025"}},{"type":"Feature","geometry":{"type":"Polygon","coordinates":[[[-98.9648433,19.8388696],[-98.9648434,19.8388352],[-98.9645856,19.8387676],[-98.9641061,19.838672],[-98.9631956,19.8384904],[-98.9631229,19.8384759],[-98.9627823,19.8383957],[-98.9624423,19.8383177],[-98.9618293,19.8381752],[-98.9612395,19.8380262],[-98.9609953,19.8379615],[-98.9604797,19.8378247],[-98.9591639,19.837483],[-98.9600039,19.8354811],[-98.9602003,19.8350153],[-98.9602619,19.8348682],[-98.9601287,19.8348189],[-98.9596626,19.8346803],[-98.9594692,19.8346028],[-98.9594114,19.8345648],[-98.9593873,19.834549],[-98.9591518,19.8340133],[-98.9587936,19.8338683],[-98.9584017,19.8337173],[-98.9587074,19.8330599],[-98.95875,19.8329682],[-98.9586332,19.8329189],[-98.9586723,19.8328076],[-98.9587355,19.8326277],[-98.9579088,19.8323266],[-98.9566709,19.8318643],[-98.9561384,19.8316601],[-98.9556392,19.8314687],[-98.9552566,19.8315657],[-98.954705,19.8313058],[-98.9553087,19.8299101],[-98.9558176,19.8287096],[-98.9563479,19.8274883],[-98.956701,19.8266295],[-98.9571917,19.825436],[-98.9571597,19.8254143],[-98.9575203,19.824557],[-98.9575386,19.8245135],[-98.9578872,19.8235626],[-98.95844,19.8222244],[-98.9590167,19.8218904],[-98.9601219,19.8223348],[-98.9609458,19.8228074],[-98.9618936,19.8231307],[-98.9621611,19.8232226],[-98.962598,19.8233726],[-98.9629036,19.8234977],[-98.96351,19.8237461],[-98.9646718,19.8241445],[-98.9648777,19.824224],[-98.9646722,19.824692],[-98.9642136,19.825799],[-98.9645695,19.8259337],[-98.9651742,19.8261609],[-98.9657103,19.8263292],[-98.9665118,19.8266366],[-98.9669669,19.826813],[-98.9675299,19.8270025],[-98.9677686,19.8271039],[-98.9684674,19.8273459],[-98.9693923,19.8276891],[-98.9695429,19.8277596],[-98.9692789,19.8285734],[-98.9695018,19.8286038],[-98.9697995,19.8286841],[-98.9700149,19.8287258],[-98.9709141,19.8289862],[-98.9719228,19.8293619],[-98.9732536,19.8298542],[-98.9742864,19.8302337],[-98.9734701,19.8324154],[-98.9731443,19.8321727],[-98.9728523,19.8319793],[-98.9727957,19.8319417],[-98.9724799,19.8317317],[-98.9721966,19.8315434],[-98.9721348,19.8315174],[-98.9717711,19.8313643],[-98.9714209,19.8311832],[-98.9714368,19.8311048],[-98.9710954,19.8309564],[-98.9710822,19.8309938],[-98.9707392,19.8308471],[-98.9704104,19.8306775],[-98.9693346,19.8301826],[-98.9693416,19.830149],[-98.9691667,19.8300351],[-98.9689728,19.8299816],[-98.968248,19.8296804],[-98.9680658,19.8300556],[-98.967904,19.8303978],[-98.9675568,19.8311812],[-98.9674007,19.8315296],[-98.9672274,19.8318676],[-98.967139,19.8320583],[-98.9670669,19.8322137],[-98.966883,19.8326586],[-98.966714,19.8330672],[-98.9665897,19.8334204],[-98.9664478,19.833758],[-98.9663016,19.834122],[-98.966212,19.8343701],[-98.9660198,19.8343258],[-98.9659311,19.8345492],[-98.9658062,19.8348635],[-98.9656757,19.835192],[-98.9655569,19.8354912],[-98.9655352,19.8355456],[-98.9650775,19.836547],[-98.9650043,19.8367051],[-98.965492,19.8368888],[-98.9657283,19.836991],[-98.9657945,19.8370196],[-98.9658875,19.8370539],[-98.965865,19.8371061],[-98.9657806,19.8373024],[-98.9659101,19.8373481],[-98.9659879,19.8373845],[-98.9661204,19.8374323],[-98.9662904,19.8374937],[-98.9662503,19.837631],[-98.9665143,19.8384364],[-98.9662579,19.8385257],[-98.9657528,19.8386872],[-98.9656417,19.8386897],[-98.9654247,19.8386846],[-98.9653017,19.8387003],[-98.9653927,19.838817],[-98.9654309,19.8389241],[-98.9653647,19.8389838],[-98.9652984,19.8390341],[-98.9651814,19.8390664],[-98.9650773,19.8390664],[-98.9649733,19.8390107],[-98.9648489,19.8389017],[-98.9648433,19.8388696]]]},"properties":{"locality":"Cuenca Lechera","official_key":"1306900010010","CVE_ENT":"13","CVE_MUN":"069","CVE_LOC":"0001","CVE_ASEN":"0010","settlement_type":"ZONA INDUSTRIAL","source":"INEGI DCAH 2025"}},{"type":"Feature","geometry":{"type":"Polygon","coordinates":[[[-98.9904027,19.8238525],[-98.9908608,19.8227384],[-98.9911112,19.8228487],[-98.9927984,19.8235831],[-98.9931112,19.8229966],[-98.9941864,19.823507],[-98.9943452,19.8235734],[-98.9941169,19.8237001],[-98.9938609,19.8238421],[-98.9935659,19.8239828],[-98.9927352,19.8244509],[-98.9924636,19.824593],[-98.9922781,19.8246959],[-98.9920587,19.8248177],[-98.9919315,19.8246973],[-98.9904027,19.8238525]]]},"properties":{"locality":"Residencial Fuentes del Valle","official_key":"1306900010011","CVE_ENT":"13","CVE_MUN":"069","CVE_LOC":"0001","CVE_ASEN":"0011","settlement_type":"FRACCIONAMIENTO","source":"INEGI DCAH 2025"}},{"type":"Feature","geometry":{"type":"Polygon","coordinates":[[[-98.9928531,19.8277956],[-98.992988,19.8276344],[-98.9932811,19.8272842],[-98.9936961,19.8267915],[-98.9939641,19.8264667],[-98.9943363,19.8259996],[-98.9960748,19.8269723],[-98.9960962,19.8269917],[-98.9960888,19.8270085],[-98.9957264,19.8278287],[-98.9956076,19.8280995],[-98.9952382,19.8288277],[-98.9951167,19.8288929],[-98.9950127,19.8289745],[-98.9949448,19.8289811],[-98.9949003,19.8289715],[-98.9948045,19.8289115],[-98.994426,19.8286939],[-98.9941196,19.8285221],[-98.9938091,19.8283336],[-98.9934983,19.8281559],[-98.9931566,19.8279574],[-98.9928532,19.8277956],[-98.9928531,19.8277956]]]},"properties":{"locality":"Las Joyas","official_key":"1306900010012","CVE_ENT":"13","CVE_MUN":"069","CVE_LOC":"0001","CVE_ASEN":"0012","settlement_type":"COLONIA","source":"INEGI DCAH 2025"}},{"type":"Feature","geometry":{"type":"Polygon","coordinates":[[[-98.9903985,19.8260091],[-98.9907231,19.8257314],[-98.9912141,19.8253149],[-98.9915941,19.8250755],[-98.9918393,19.8249394],[-98.9920587,19.8248177],[-98.9922781,19.8246959],[-98.9924636,19.824593],[-98.9927352,19.8244509],[-98.9935659,19.8239828],[-98.9937033,19.8240481],[-98.9941324,19.8242461],[-98.9945076,19.824419],[-98.9948941,19.8245998],[-98.9952693,19.8247767],[-98.9945198,19.8257693],[-98.9943363,19.8259996],[-98.9939641,19.8264667],[-98.9936961,19.8267915],[-98.9932811,19.8272842],[-98.992988,19.8276344],[-98.9925127,19.8273749],[-98.9924634,19.8273432],[-98.9920342,19.827092],[-98.9919799,19.8270615],[-98.9915554,19.8268302],[-98.9915031,19.8267988],[-98.9910786,19.8265199],[-98.9910329,19.8264923],[-98.9910129,19.826479],[-98.9906569,19.8261449],[-98.9903985,19.8260091]]]},"properties":{"locality":"Lázaro Cárdenas","official_key":"1306900010013","CVE_ENT":"13","CVE_MUN":"069","CVE_LOC":"0001","CVE_ASEN":"0013","settlement_type":"COLONIA","source":"INEGI DCAH 2025"}},{"type":"Feature","geometry":{"type":"Polygon","coordinates":[[[-98.9911112,19.8228487],[-98.9911963,19.8226743],[-98.9913389,19.8223509],[-98.991801,19.8225503],[-98.992377,19.8213086],[-98.9927022,19.8214625],[-98.9932268,19.8217051],[-98.9940691,19.8220903],[-98.9949115,19.8224754],[-98.9956112,19.822824],[-98.9953567,19.8229976],[-98.994979,19.8232232],[-98.9945735,19.8234466],[-98.9943452,19.8235734],[-98.9941864,19.823507],[-98.9931112,19.8229966],[-98.9927984,19.8235831],[-98.9911112,19.8228487]]]},"properties":{"locality":"Lázaro Cárdenas","official_key":"1306900010014","CVE_ENT":"13","CVE_MUN":"069","CVE_LOC":"0001","CVE_ASEN":"0014","settlement_type":"FRACCIONAMIENTO","source":"INEGI DCAH 2025"}},{"type":"Feature","geometry":{"type":"Polygon","coordinates":[[[-98.9831861,19.8305688],[-98.9822513,19.8302744],[-98.9822055,19.8304348],[-98.9818563,19.8303553],[-98.9803019,19.8300269],[-98.9803019,19.8301225],[-98.9803092,19.8302168],[-98.980347,19.8303989],[-98.9803691,19.8305138],[-98.9803717,19.8306508],[-98.9803669,19.8307504],[-98.9803292,19.8308411],[-98.980355,19.8308935],[-98.9803595,19.8309223],[-98.9787221,19.830504],[-98.9787488,19.8308918],[-98.9785352,19.8309183],[-98.978339,19.8299446],[-98.9783552,19.8298687],[-98.978061,19.8283881],[-98.9777878,19.8269148],[-98.9777365,19.8266487],[-98.9777168,19.8265461],[-98.9779782,19.8265177],[-98.9780237,19.8265092],[-98.9782993,19.8264574],[-98.9793229,19.8262625],[-98.9797619,19.8261789],[-98.9805073,19.8260437],[-98.9806018,19.8260442],[-98.9818102,19.8258726],[-98.9818851,19.8258783],[-98.9820052,19.8259103],[-98.9823489,19.8260187],[-98.9832989,19.8263204],[-98.9837786,19.8264676],[-98.984794,19.826792],[-98.9851529,19.8268998],[-98.9853908,19.826979],[-98.9855997,19.8270365],[-98.9858278,19.8271214],[-98.9860123,19.82718],[-98.9863961,19.8272967],[-98.98652,19.827342],[-98.9866454,19.8273698],[-98.986848,19.8274004],[-98.9869408,19.827443],[-98.9872333,19.8275338],[-98.9874838,19.8276023],[-98.987721,19.8276855],[-98.9878115,19.8277051],[-98.9879169,19.8277254],[-98.9880018,19.8277291],[-98.9880584,19.8277171],[-98.988183,19.8277107],[-98.9882812,19.8277126],[-98.9883563,19.8277144],[-98.9884161,19.827718],[-98.9881621,19.8279322],[-98.9881192,19.8279689],[-98.9878663,19.8281957],[-98.9876254,19.8284041],[-98.9870764,19.8288847],[-98.9863187,19.829766],[-98.9859588,19.8302135],[-98.9851698,19.8311507],[-98.9848329,19.8315578],[-98.9839817,19.8325859],[-98.9837197,19.8329149],[-98.9834846,19.8331835],[-98.9832744,19.8312619],[-98.9832583,19.8307228],[-98.9831861,19.8305688]]]},"properties":{"locality":"Nuevo Tizayuca","official_key":"1306900010015","CVE_ENT":"13","CVE_MUN":"069","CVE_LOC":"0001","CVE_ASEN":"0015","settlement_type":"UNIDAD HABITACIONAL","source":"INEGI DCAH 2025"}},{"type":"Feature","geometry":{"type":"Polygon","coordinates":[[[-98.9814938,19.8540773],[-98.9815129,19.8539494],[-98.9804565,19.8537402],[-98.9796202,19.8535453],[-98.9795947,19.8535104],[-98.9796288,19.8532701],[-98.9786872,19.8529886],[-98.9785133,19.8529345],[-98.977762,19.8527006],[-98.9777994,19.8524254],[-98.9779015,19.851957],[-98.977773,19.8519413],[-98.9770335,19.8518814],[-98.9765042,19.8518347],[-98.9760138,19.8518163],[-98.9755665,19.8517994],[-98.9753014,19.8517935],[-98.9749649,19.8517548],[-98.9747844,19.8517182],[-98.9752499,19.8510147],[-98.9752717,19.8509817],[-98.9753275,19.8509157],[-98.975749,19.8498899],[-98.9761705,19.8488642],[-98.976621,19.8478089],[-98.9767134,19.8475484],[-98.9769167,19.8468805],[-98.9769302,19.8468361],[-98.9772309,19.8454172],[-98.9772801,19.8451851],[-98.9773825,19.8447359],[-98.9773904,19.8446582],[-98.9774452,19.8443805],[-98.9775451,19.8440047],[-98.9775673,19.8438309],[-98.9776648,19.8434161],[-98.9778212,19.8429802],[-98.9778336,19.8429457],[-98.9782391,19.8417625],[-98.9783544,19.8413841],[-98.9784486,19.841109],[-98.9795853,19.8414933],[-98.9799853,19.8416111],[-98.9804627,19.8417697],[-98.9809796,19.8419259],[-98.9807579,19.8425337],[-98.9808278,19.8425589],[-98.9812102,19.8426784],[-98.9815946,19.8428053],[-98.9814615,19.8431983],[-98.9813717,19.8434404],[-98.9813167,19.8436018],[-98.9811368,19.8440524],[-98.9813555,19.8441567],[-98.9816973,19.844277],[-98.982067,19.8444175],[-98.9822058,19.844468],[-98.9822923,19.8444995],[-98.9823525,19.8445228],[-98.9834529,19.8449495],[-98.9836286,19.8450148],[-98.9837595,19.8450634],[-98.9841393,19.8451993],[-98.9861828,19.8459305],[-98.9877638,19.8465619],[-98.9877964,19.8467905],[-98.9872148,19.8479895],[-98.9870949,19.8482522],[-98.9883544,19.8487326],[-98.9884006,19.8486196],[-98.9887321,19.8478367],[-98.988863,19.8475307],[-98.9889566,19.8473837],[-98.9890067,19.8472657],[-98.9899125,19.8475747],[-98.9914572,19.8480578],[-98.9913427,19.8483818],[-98.9913292,19.8484201],[-98.9912244,19.8487239],[-98.991215,19.8487542],[-98.9910989,19.8490721],[-98.9910751,19.8491396],[-98.9909808,19.8494119],[-98.9909551,19.8494823],[-98.9908619,19.8497383],[-98.9908305,19.8498268],[-98.9906896,19.8502133],[-98.9906068,19.850436],[-98.9904967,19.850527],[-98.9903954,19.8505439],[-98.9900305,19.850614],[-98.9898186,19.8506547],[-98.9896587,19.8506854],[-98.9893034,19.8507537],[-98.9892604,19.8507619],[-98.9888945,19.8508322],[-98.9886663,19.8508761],[-98.988509,19.8508999],[-98.9881042,19.8509612],[-98.9877842,19.8510096],[-98.987457,19.8510591],[-98.9868844,19.8511644],[-98.9862842,19.8512296],[-98.9861622,19.8512429],[-98.9860669,19.8512533],[-98.9860469,19.8516269],[-98.9860404,19.8516923],[-98.9860077,19.8520113],[-98.9859675,19.8524048],[-98.9858642,19.8537207],[-98.9858208,19.8544177],[-98.9857947,19.8544111],[-98.9856649,19.8544129],[-98.9852421,19.8544279],[-98.9844611,19.8544562],[-98.9839837,19.8544855],[-98.9835331,19.8545024],[-98.9814938,19.8540773]],[[-98.9793255,19.8487172],[-98.9778573,19.8481486],[-98.9778009,19.8483364],[-98.9775926,19.8482675],[-98.9775812,19.8482954],[-98.977694,19.8483425],[-98.977674,19.8484696],[-98.9777368,19.848496],[-98.9776808,19.8487298],[-98.977773,19.8487638],[-98.9777035,19.8490465],[-98.9777008,19.8490725],[-98.9778475,19.8491089],[-98.978181,19.8491926],[-98.9782002,19.8492333],[-98.9781824,19.8493184],[-98.9785143,19.8493856],[-98.9787685,19.8494236],[-98.9787303,19.8495588],[-98.9789116,19.8496145],[-98.9789502,19.8494903],[-98.9791948,19.8495656],[-98.9795635,19.8496728],[-98.9796108,19.8495131],[-98.9796683,19.8493409],[-98.9792327,19.8491543],[-98.9793255,19.8487172]]]},"properties":{"locality":"El Pedregal","official_key":"1306900010016","CVE_ENT":"13","CVE_MUN":"069","CVE_LOC":"0001","CVE_ASEN":"0016","settlement_type":"COLONIA","source":"INEGI DCAH 2025"}},{"type":"Feature","geometry":{"type":"Polygon","coordinates":[[[-98.9742984,19.8559789],[-98.9743598,19.8558456],[-98.9744266,19.8557006],[-98.9744588,19.8556544],[-98.9746376,19.8554312],[-98.9748456,19.8549742],[-98.9749635,19.8546656],[-98.9754045,19.8547421],[-98.9757866,19.8547972],[-98.9761613,19.8548421],[-98.9765465,19.8548931],[-98.9769348,19.8549519],[-98.9770982,19.8553442],[-98.9771686,19.8555131],[-98.9766469,19.8569857],[-98.9765469,19.857268],[-98.9764522,19.8574681],[-98.9756971,19.856884],[-98.9756308,19.8568355],[-98.9754417,19.8566863],[-98.9751021,19.8564235],[-98.9748763,19.8562485],[-98.9747822,19.8561615],[-98.9746697,19.8560872],[-98.9745472,19.8560398],[-98.9742984,19.8559789]]]},"properties":{"locality":"Torres del Pedregal","official_key":"1306900010017","CVE_ENT":"13","CVE_MUN":"069","CVE_LOC":"0001","CVE_ASEN":"0017","settlement_type":"COLONIA","source":"INEGI DCAH 2025"}},{"type":"Feature","geometry":{"type":"Polygon","coordinates":[[[-98.9588018,19.8373897],[-98.9575443,19.8370661],[-98.9570149,19.8369334],[-98.9570266,19.8368909],[-98.9572912,19.8362293],[-98.9574843,19.8357848],[-98.9576531,19.8353961],[-98.9577725,19.8351213],[-98.9580126,19.8345737],[-98.9580455,19.8344986],[-98.9584017,19.8337173],[-98.9587936,19.8338683],[-98.9591518,19.8340133],[-98.9593873,19.834549],[-98.9594114,19.8345648],[-98.9594692,19.8346028],[-98.9596626,19.8346803],[-98.9601287,19.8348189],[-98.9602619,19.8348682],[-98.9602003,19.8350153],[-98.9600039,19.8354811],[-98.9591639,19.837483],[-98.9588018,19.8373897]]]},"properties":{"locality":"Rojo Gómez","official_key":"1306900010018","CVE_ENT":"13","CVE_MUN":"069","CVE_LOC":"0001","CVE_ASEN":"0018","settlement_type":"UNIDAD HABITACIONAL","source":"INEGI DCAH 2025"}},{"type":"Feature","geometry":{"type":"Polygon","coordinates":[[[-98.9662,19.8447582],[-98.9661535,19.8447229],[-98.9659457,19.844734],[-98.9659555,19.8447127],[-98.9660386,19.8445147],[-98.9666271,19.8432192],[-98.9674828,19.8429263],[-98.9676971,19.842853],[-98.9678279,19.8428104],[-98.9682819,19.8426625],[-98.9684479,19.8426108],[-98.9684621,19.8428849],[-98.9707201,19.8431711],[-98.9709131,19.8431985],[-98.9708954,19.8433419],[-98.9711074,19.843479],[-98.9709433,19.8438632],[-98.9710246,19.8450869],[-98.9709045,19.8451897],[-98.9707775,19.8452932],[-98.9705928,19.8453955],[-98.9704472,19.8454542],[-98.9703638,19.8454593],[-98.97022,19.8453972],[-98.9700308,19.8453141],[-98.9698625,19.8452372],[-98.9697529,19.8452097],[-98.9696054,19.8452118],[-98.9694913,19.8452287],[-98.9694041,19.8452498],[-98.9693012,19.845224],[-98.969031,19.8451637],[-98.9688758,19.8451335],[-98.9687359,19.8451453],[-98.9685537,19.8451774],[-98.9683553,19.8452491],[-98.9681546,19.8453567],[-98.9679795,19.8454434],[-98.9678715,19.8455002],[-98.9677436,19.8455089],[-98.9675848,19.8455045],[-98.9674152,19.8454987],[-98.9673191,19.8454984],[-98.9672331,19.8455074],[-98.967107,19.8455128],[-98.9670009,19.8454893],[-98.9668882,19.8454242],[-98.9668191,19.845404],[-98.9667172,19.8454081],[-98.9665633,19.8454368],[-98.966468,19.845434],[-98.9662982,19.8454011],[-98.9662058,19.8453466],[-98.9660921,19.8452391],[-98.9660088,19.8451345],[-98.9661297,19.8448897],[-98.9662,19.8447582]]]},"properties":{"locality":"San Antonio","official_key":"1306900010019","CVE_ENT":"13","CVE_MUN":"069","CVE_LOC":"0001","CVE_ASEN":"0019","settlement_type":"COLONIA","source":"INEGI DCAH 2025"}},{"type":"Feature","geometry":{"type":"Polygon","coordinates":[[[-98.9697561,19.8519416],[-98.9702038,19.8509378],[-98.9702937,19.8507417],[-98.9703488,19.8507268],[-98.972564,19.8509206],[-98.9725042,19.851105],[-98.9724779,19.8511923],[-98.9723392,19.8516146],[-98.9722938,19.8516349],[-98.9707471,19.8518266],[-98.9697719,19.8519444],[-98.9697561,19.8519416]]]},"properties":{"locality":"Residencial San José","official_key":"1306900010020","CVE_ENT":"13","CVE_MUN":"069","CVE_LOC":"0001","CVE_ASEN":"0020","settlement_type":"FRACCIONAMIENTO","source":"INEGI DCAH 2025"}},{"type":"Feature","geometry":{"type":"Polygon","coordinates":[[[-98.9882468,19.8308425],[-98.9883221,19.8306702],[-98.9885469,19.8307676],[-98.9889689,19.8309646],[-98.9893594,19.831131],[-98.9897992,19.8313185],[-98.9898416,19.8313506],[-98.9896777,19.8315148],[-98.9894374,19.8318196],[-98.9891605,19.8321615],[-98.9890032,19.8323445],[-98.9876714,19.8317772],[-98.9876877,19.8317508],[-98.9877707,19.8316028],[-98.9878793,19.8314395],[-98.9879741,19.8312935],[-98.9880707,19.8311485],[-98.9882468,19.8308425]]]},"properties":{"locality":"El Sitio","official_key":"1306900010021","CVE_ENT":"13","CVE_MUN":"069","CVE_LOC":"0001","CVE_ASEN":"0021","settlement_type":"FRACCIONAMIENTO","source":"INEGI DCAH 2025"}},{"type":"Feature","geometry":{"type":"Polygon","coordinates":[[[-98.9723013,19.8441633],[-98.9722713,19.8440467],[-98.9721998,19.8436439],[-98.9721732,19.8434323],[-98.972163,19.842942],[-98.9721648,19.8429146],[-98.9721672,19.8428767],[-98.9721744,19.8426806],[-98.9722156,19.8422945],[-98.9722214,19.8422598],[-98.9722361,19.8421713],[-98.972266,19.8420211],[-98.972271,19.8419961],[-98.9723549,19.8416643],[-98.9723778,19.8415714],[-98.9725494,19.8415282],[-98.9726712,19.8415214],[-98.9727908,19.8415327],[-98.9729352,19.8415687],[-98.9734442,19.8417339],[-98.9743243,19.8419798],[-98.9742848,19.8420951],[-98.9741804,19.8423577],[-98.974129,19.8426371],[-98.9741108,19.842762],[-98.9741296,19.8428801],[-98.9741484,19.8429578],[-98.9741499,19.8430095],[-98.9742545,19.8430096],[-98.9745342,19.8430097],[-98.9750275,19.8430137],[-98.9758372,19.8429981],[-98.9754297,19.8447541],[-98.9757793,19.8448371],[-98.9754633,19.8457278],[-98.9749628,19.8456161],[-98.9744684,19.8455046],[-98.9740083,19.8454033],[-98.9735462,19.8453],[-98.9731084,19.8451953],[-98.972605,19.8450749],[-98.972335,19.8442922],[-98.9723013,19.8441633]]]},"properties":{"locality":"El Tepeyac","official_key":"1306900010022","CVE_ENT":"13","CVE_MUN":"069","CVE_LOC":"0001","CVE_ASEN":"0022","settlement_type":"COLONIA","source":"INEGI DCAH 2025"}},{"type":"Feature","geometry":{"type":"Polygon","coordinates":[[[-98.9701663,19.8583092],[-98.9704535,19.8578267],[-98.9707376,19.8574288],[-98.9710501,19.8569633],[-98.9711785,19.8567594],[-98.9739103,19.8568169],[-98.973779,19.8570408],[-98.9735026,19.8576077],[-98.9732708,19.8581409],[-98.9731258,19.8584933],[-98.9731079,19.8585312],[-98.9727576,19.858555],[-98.9716683,19.8587521],[-98.9714292,19.858784],[-98.9711801,19.8588755],[-98.9710165,19.8587698],[-98.9708734,19.858699],[-98.9701663,19.8583092]]]},"properties":{"locality":"Ciudad de los Niños Telesforo Escalante","official_key":"1306900010023","CVE_ENT":"13","CVE_MUN":"069","CVE_LOC":"0001","CVE_ASEN":"0023","settlement_type":"COLONIA","source":"INEGI DCAH 2025"}},{"type":"Feature","geometry":{"type":"Polygon","coordinates":[[[-98.9556839,19.8343586],[-98.9559488,19.8337114],[-98.9562704,19.833826],[-98.9566342,19.8339751],[-98.9570846,19.8341386],[-98.9575113,19.8343004],[-98.9577235,19.8343791],[-98.9580455,19.8344986],[-98.9580126,19.8345737],[-98.9577725,19.8351213],[-98.9576531,19.8353961],[-98.9574843,19.8357848],[-98.9572912,19.8362293],[-98.9570266,19.8368909],[-98.9570149,19.8369334],[-98.9570149,19.8369334],[-98.956403,19.8367774],[-98.9563993,19.8367282],[-98.9561506,19.8354438],[-98.9559418,19.83496],[-98.9556839,19.8343586]]]},"properties":{"locality":"CTM","official_key":"1306900010024","CVE_ENT":"13","CVE_MUN":"069","CVE_LOC":"0001","CVE_ASEN":"0024","settlement_type":"UNIDAD HABITACIONAL","source":"INEGI DCAH 2025"}},{"type":"Feature","geometry":{"type":"Polygon","coordinates":[[[-98.9878115,19.8277051],[-98.987721,19.8276855],[-98.9874838,19.8276023],[-98.9872333,19.8275338],[-98.9869408,19.827443],[-98.986848,19.8274004],[-98.9866454,19.8273698],[-98.98652,19.827342],[-98.9863961,19.8272967],[-98.9860123,19.82718],[-98.9858278,19.8271214],[-98.9855997,19.8270365],[-98.9853908,19.826979],[-98.9851529,19.8268998],[-98.984794,19.826792],[-98.9837786,19.8264676],[-98.9832989,19.8263204],[-98.9823489,19.8260187],[-98.9820052,19.8259103],[-98.9820381,19.8258077],[-98.9820661,19.8257206],[-98.9819835,19.8257014],[-98.9820951,19.8253792],[-98.9820185,19.824984],[-98.9817736,19.8238446],[-98.9817404,19.8237121],[-98.9816845,19.823467],[-98.9816199,19.8232128],[-98.9815983,19.8231583],[-98.981571,19.8231183],[-98.9804062,19.8233182],[-98.9796967,19.8234368],[-98.9784182,19.8236542],[-98.9781827,19.8236939],[-98.9774467,19.8238175],[-98.9771905,19.8238696],[-98.9769188,19.8224181],[-98.9767466,19.821498],[-98.9767444,19.821488],[-98.9768122,19.8214113],[-98.9769368,19.8213834],[-98.9781446,19.8211712],[-98.9786011,19.8210905],[-98.9788857,19.8211431],[-98.9790817,19.8211793],[-98.9797981,19.8213117],[-98.9801788,19.8213777],[-98.9805402,19.8214404],[-98.9809135,19.8215051],[-98.9812069,19.821556],[-98.9813014,19.821579],[-98.9819747,19.8217429],[-98.9820071,19.8217477],[-98.9821348,19.8217771],[-98.9825019,19.8218859],[-98.9828633,19.8220085],[-98.9832343,19.822086],[-98.9836159,19.822206],[-98.9839774,19.8223026],[-98.9843352,19.8224116],[-98.984709,19.8225241],[-98.9850613,19.8226556],[-98.9852444,19.8227256],[-98.9854071,19.8227929],[-98.985723,19.8228991],[-98.9860918,19.8230142],[-98.9864621,19.8231169],[-98.9868396,19.8231913],[-98.9871923,19.8233104],[-98.9875678,19.8234199],[-98.987944,19.823519],[-98.9883043,19.8236075],[-98.9886794,19.8237252],[-98.9887449,19.8237871],[-98.9887915,19.8239016],[-98.9893052,19.8263915],[-98.9893563,19.8264838],[-98.9896037,19.8266889],[-98.9892111,19.8270156],[-98.9885986,19.8275555],[-98.9885332,19.8276118],[-98.9884632,19.8276783],[-98.9884161,19.827718],[-98.9883563,19.8277144],[-98.9882812,19.8277126],[-98.988183,19.8277107],[-98.9880584,19.8277171],[-98.9880018,19.8277291],[-98.9879169,19.8277254],[-98.9878115,19.8277051]]]},"properties":{"locality":"Tizayuca","official_key":"1306900010025","CVE_ENT":"13","CVE_MUN":"069","CVE_LOC":"0001","CVE_ASEN":"0025","settlement_type":"UNIDAD HABITACIONAL","source":"INEGI DCAH 2025"}},{"type":"Feature","geometry":{"type":"Polygon","coordinates":[[[-98.9742864,19.8302337],[-98.9732536,19.8298542],[-98.9719228,19.8293619],[-98.9709141,19.8289862],[-98.9700149,19.8287258],[-98.9697995,19.8286841],[-98.9695018,19.8286038],[-98.9692789,19.8285734],[-98.9695429,19.8277596],[-98.9693923,19.8276891],[-98.9684674,19.8273459],[-98.9677686,19.8271039],[-98.9675299,19.8270025],[-98.9669669,19.826813],[-98.9665118,19.8266366],[-98.9657103,19.8263292],[-98.9651742,19.8261609],[-98.9645695,19.8259337],[-98.9642136,19.825799],[-98.9646722,19.824692],[-98.9648777,19.824224],[-98.9646718,19.8241445],[-98.96351,19.8237461],[-98.9629036,19.8234977],[-98.962598,19.8233726],[-98.9621611,19.8232226],[-98.9618936,19.8231307],[-98.9618302,19.8229063],[-98.961477,19.8224986],[-98.9617528,19.8224815],[-98.9623606,19.8224235],[-98.9626789,19.8223442],[-98.9629915,19.8222324],[-98.9636002,19.8218869],[-98.9644813,19.8212349],[-98.9669011,19.8194299],[-98.9696311,19.8173546],[-98.969706,19.8172913],[-98.9701979,19.8169826],[-98.9705158,19.8167515],[-98.9710428,19.8163684],[-98.9718821,19.815773],[-98.9727439,19.8151853],[-98.9735406,19.8146166],[-98.9739822,19.8142995],[-98.9747927,19.8136525],[-98.974989,19.8135057],[-98.9751091,19.8134682],[-98.9753122,19.814487],[-98.9754454,19.8151301],[-98.9755996,19.815919],[-98.975786,19.8168381],[-98.9759742,19.8177612],[-98.976211,19.8189219],[-98.9762724,19.819234],[-98.976448,19.8200934],[-98.9766455,19.8210461],[-98.9767444,19.821488],[-98.9767466,19.821498],[-98.9769188,19.8224181],[-98.9771905,19.8238696],[-98.9772614,19.8242483],[-98.9777168,19.8265461],[-98.9777365,19.8266487],[-98.9777878,19.8269148],[-98.978061,19.8283881],[-98.9783552,19.8298687],[-98.978339,19.8299446],[-98.9777502,19.8300454],[-98.9766393,19.8302315],[-98.9763163,19.8302835],[-98.9755708,19.8304222],[-98.974998,19.8305236],[-98.9748835,19.8304593],[-98.9744813,19.8303027],[-98.9742864,19.8302337]]]},"properties":{"locality":"Tizayuca","official_key":"1306900010026","CVE_ENT":"13","CVE_MUN":"069","CVE_LOC":"0001","CVE_ASEN":"0026","settlement_type":"ZONA INDUSTRIAL","source":"INEGI DCAH 2025"}},{"type":"Feature","geometry":{"type":"Polygon","coordinates":[[[-98.9612395,19.8380262],[-98.9618293,19.8381752],[-98.9624423,19.8383177],[-98.9627823,19.8383957],[-98.9631229,19.8384759],[-98.9631956,19.8384904],[-98.9641061,19.838672],[-98.9645856,19.8387676],[-98.9648434,19.8388352],[-98.9648433,19.8388696],[-98.9647514,19.8389108],[-98.9647052,19.8389415],[-98.9643814,19.8390627],[-98.9634426,19.839352],[-98.963355,19.8393804],[-98.963079,19.8394702],[-98.9627287,19.8395841],[-98.9623623,19.8397031],[-98.9620207,19.8398142],[-98.9618223,19.8398787],[-98.9616225,19.8399437],[-98.9608871,19.8401827],[-98.9605309,19.8402915],[-98.9601785,19.8403985],[-98.9598055,19.8405162],[-98.9594302,19.8406242],[-98.9590463,19.8407479],[-98.958439,19.840956],[-98.9581129,19.8410709],[-98.9579148,19.8411224],[-98.9578982,19.8410843],[-98.957468,19.8400972],[-98.9577303,19.8399911],[-98.9578603,19.8396678],[-98.9579663,19.8393927],[-98.9579715,19.8393577],[-98.9581461,19.8388345],[-98.9583358,19.8382674],[-98.9584744,19.8378518],[-98.9590941,19.837937],[-98.9596006,19.8380054],[-98.960184,19.8380848],[-98.9608929,19.8381817],[-98.9609953,19.8379615],[-98.9612395,19.8380262]]]},"properties":{"locality":"Jardines de Tizayuca","official_key":"1306900010031","CVE_ENT":"13","CVE_MUN":"069","CVE_LOC":"0001","CVE_ASEN":"0031","settlement_type":"FRACCIONAMIENTO","source":"INEGI DCAH 2025"}},{"type":"Feature","geometry":{"type":"Polygon","coordinates":[[[-98.9914484,19.8389461],[-98.9920835,19.8385175],[-98.9921666,19.8384614],[-98.9920838,19.8386204],[-98.9924787,19.8384241],[-98.9933685,19.8379402],[-98.9935104,19.8378668],[-98.99328,19.8385184],[-98.993178,19.8391674],[-98.9925476,19.8399479],[-98.9924629,19.8406623],[-98.9908211,19.8407718],[-98.9904246,19.8398061],[-98.9904571,19.8397754],[-98.9908932,19.8393818],[-98.9911487,19.8391513],[-98.9914484,19.8389461]]]},"properties":{"locality":"Atempa la Cañada","official_key":"1306900010032","CVE_ENT":"13","CVE_MUN":"069","CVE_LOC":"0001","CVE_ASEN":"0032","settlement_type":"FRACCIONAMIENTO","source":"INEGI DCAH 2025"}},{"type":"Feature","geometry":{"type":"Polygon","coordinates":[[[-98.9872939,19.8302061],[-98.9875058,19.8303009],[-98.9877021,19.8299666],[-98.9881138,19.8300808],[-98.9891203,19.8292968],[-98.9893713,19.8294598],[-98.9893564,19.829474],[-98.9892636,19.8295757],[-98.9890732,19.8297845],[-98.9883221,19.8306702],[-98.9882468,19.8308425],[-98.9880707,19.8311485],[-98.9879741,19.8312935],[-98.9871143,19.8308732],[-98.9868867,19.8307883],[-98.9872939,19.8302061]]]},"properties":{"locality":"El Arenal","official_key":"1306900010033","CVE_ENT":"13","CVE_MUN":"069","CVE_LOC":"0001","CVE_ASEN":"0033","settlement_type":"COLONIA","source":"INEGI DCAH 2025"}},{"type":"Feature","geometry":{"type":"Polygon","coordinates":[[[-98.964604,19.8444774],[-98.9650123,19.8441336],[-98.9660386,19.8445147],[-98.9659555,19.8447127],[-98.9659457,19.844734],[-98.9661535,19.8447229],[-98.9662,19.8447582],[-98.9654479,19.8449483],[-98.9644503,19.8446105],[-98.964604,19.8444774]]]},"properties":{"locality":"La Cañada San Antonio","official_key":"1306900010034","CVE_ENT":"13","CVE_MUN":"069","CVE_LOC":"0001","CVE_ASEN":"0034","settlement_type":"FRACCIONAMIENTO","source":"INEGI DCAH 2025"}},{"type":"Feature","geometry":{"type":"Polygon","coordinates":[[[-98.9749635,19.8546656],[-98.9743301,19.8546051],[-98.974177,19.8545899],[-98.9740572,19.8545779],[-98.9739573,19.8545724],[-98.9735542,19.8545501],[-98.973238,19.8545966],[-98.9727047,19.8545614],[-98.9726448,19.854516],[-98.9727588,19.8542771],[-98.9749675,19.8518993],[-98.9749649,19.8517548],[-98.9753014,19.8517935],[-98.9755665,19.8517994],[-98.9760138,19.8518163],[-98.9765042,19.8518347],[-98.9770335,19.8518814],[-98.977773,19.8519413],[-98.9779015,19.851957],[-98.9777994,19.8524254],[-98.977762,19.8527006],[-98.9777662,19.852858],[-98.9777233,19.8530528],[-98.9776515,19.8533414],[-98.9776206,19.8534325],[-98.9775688,19.853623],[-98.9775276,19.8538384],[-98.9775033,19.8539609],[-98.9774703,19.8540079],[-98.9774083,19.8542861],[-98.977419,19.8543225],[-98.9773573,19.8546458],[-98.9772693,19.8550001],[-98.9772074,19.8552514],[-98.9770982,19.8553442],[-98.9769348,19.8549519],[-98.9765465,19.8548931],[-98.9761613,19.8548421],[-98.9757866,19.8547972],[-98.9754045,19.8547421],[-98.9749635,19.8546656]]]},"properties":{"locality":"Los Conos","official_key":"1306900010035","CVE_ENT":"13","CVE_MUN":"069","CVE_LOC":"0001","CVE_ASEN":"0035","settlement_type":"COLONIA","source":"INEGI DCAH 2025"}},{"type":"Feature","geometry":{"type":"Polygon","coordinates":[[[-98.962779,19.8427466],[-98.9623602,19.8425714],[-98.9623604,19.8425297],[-98.9623821,19.8424966],[-98.962934,19.8416525],[-98.9629915,19.8415625],[-98.9630486,19.8414731],[-98.9647934,19.8421014],[-98.9667972,19.8427261],[-98.9667343,19.8429084],[-98.9666271,19.8432192],[-98.9663829,19.8433313],[-98.9660893,19.8434346],[-98.9660193,19.8434694],[-98.9656645,19.8435559],[-98.9655985,19.8435642],[-98.9654189,19.8435869],[-98.965223,19.8435564],[-98.9651833,19.8435548],[-98.964832,19.8434268],[-98.9644707,19.8433071],[-98.9641101,19.8431876],[-98.964001,19.8431515],[-98.9637384,19.8430645],[-98.962779,19.8427466]]]},"properties":{"locality":"Los Corales","official_key":"1306900010036","CVE_ENT":"13","CVE_MUN":"069","CVE_LOC":"0001","CVE_ASEN":"0036","settlement_type":"FRACCIONAMIENTO","source":"INEGI DCAH 2025"}},{"type":"Feature","geometry":{"type":"Polygon","coordinates":[[[-98.9776004,19.8592335],[-98.9772289,19.8591235],[-98.9768697,19.8590137],[-98.9764379,19.8588955],[-98.9760966,19.858802],[-98.9756612,19.8587874],[-98.9760218,19.8581762],[-98.9761359,19.8579829],[-98.9762409,19.8578049],[-98.976333,19.8576581],[-98.9764522,19.8574681],[-98.9765469,19.857268],[-98.9766469,19.8569857],[-98.9771686,19.8555131],[-98.977314,19.8557558],[-98.977448,19.8559796],[-98.9775412,19.8561353],[-98.9776908,19.8563851],[-98.9777581,19.8564976],[-98.9778499,19.8566508],[-98.9779064,19.8568534],[-98.9779123,19.8568745],[-98.9780143,19.8572398],[-98.9781139,19.8575966],[-98.9782177,19.8579683],[-98.9782794,19.8581893],[-98.9784111,19.8586422],[-98.9786142,19.8588149],[-98.9784839,19.8591205],[-98.9782049,19.8592438],[-98.9780766,19.8593006],[-98.9779865,19.8593224],[-98.9778859,19.8593085],[-98.977868,19.8593038],[-98.9776004,19.8592335]]]},"properties":{"locality":"Deportiva I","official_key":"1306900010037","CVE_ENT":"13","CVE_MUN":"069","CVE_LOC":"0001","CVE_ASEN":"0037","settlement_type":"COLONIA","source":"INEGI DCAH 2025"}},{"type":"Feature","geometry":{"type":"Polygon","coordinates":[[[-98.9740487,19.8352525],[-98.9738742,19.8353271],[-98.9732317,19.8355861],[-98.9730047,19.8356452],[-98.9729286,19.8356475],[-98.9726913,19.8356644],[-98.9728183,19.8352416],[-98.973076,19.8348049],[-98.9737933,19.8348307],[-98.9740487,19.8352525]]]},"properties":{"locality":"Diamante","official_key":"1306900010038","CVE_ENT":"13","CVE_MUN":"069","CVE_LOC":"0001","CVE_ASEN":"0038","settlement_type":"PRIVADA","source":"INEGI DCAH 2025"}},{"type":"Feature","geometry":{"type":"Polygon","coordinates":[[[-98.9858193,19.8551503],[-98.9857518,19.8552454],[-98.9849916,19.8564917],[-98.9845496,19.8572745],[-98.9842074,19.857796],[-98.9838995,19.8577042],[-98.9835123,19.8576167],[-98.9831579,19.8575739],[-98.9832588,19.8569579],[-98.983136,19.8569294],[-98.9832299,19.8564202],[-98.9834256,19.8551912],[-98.9835331,19.8545024],[-98.9839837,19.8544855],[-98.9844611,19.8544562],[-98.9852421,19.8544279],[-98.9856649,19.8544129],[-98.9857947,19.8544111],[-98.9858208,19.8544177],[-98.9858332,19.8545231],[-98.9858322,19.855047],[-98.9858193,19.8551503]]]},"properties":{"locality":"Juárez","official_key":"1306900010039","CVE_ENT":"13","CVE_MUN":"069","CVE_LOC":"0001","CVE_ASEN":"0039","settlement_type":"FRACCIONAMIENTO","source":"INEGI DCAH 2025"}},{"type":"Feature","geometry":{"type":"Polygon","coordinates":[[[-98.9781827,19.8236939],[-98.9784182,19.8236542],[-98.9796967,19.8234368],[-98.9804062,19.8233182],[-98.981571,19.8231183],[-98.9815983,19.8231583],[-98.9816199,19.8232128],[-98.9816845,19.823467],[-98.9817404,19.8237121],[-98.9817736,19.8238446],[-98.9820185,19.824984],[-98.9820951,19.8253792],[-98.9819835,19.8257014],[-98.9820661,19.8257206],[-98.9820381,19.8258077],[-98.9820052,19.8259103],[-98.9818851,19.8258783],[-98.9818102,19.8258726],[-98.9806018,19.8260442],[-98.9805073,19.8260437],[-98.9797619,19.8261789],[-98.9793229,19.8262625],[-98.9790826,19.8251465],[-98.9789836,19.8251651],[-98.978909,19.8251792],[-98.9785192,19.8252352],[-98.9782779,19.8241591],[-98.9784213,19.8241332],[-98.9783689,19.823894],[-98.9783181,19.8238865],[-98.9782649,19.8238502],[-98.9782175,19.8237931],[-98.9781997,19.8237536],[-98.9781827,19.8236939]]]},"properties":{"locality":"Geovillas","official_key":"1306900010041","CVE_ENT":"13","CVE_MUN":"069","CVE_LOC":"0001","CVE_ASEN":"0041","settlement_type":"FRACCIONAMIENTO","source":"INEGI DCAH 2025"}},{"type":"Feature","geometry":{"type":"Polygon","coordinates":[[[-98.9773573,19.8546458],[-98.977419,19.8543225],[-98.9774083,19.8542861],[-98.9774703,19.8540079],[-98.9775033,19.8539609],[-98.9775276,19.8538384],[-98.9775688,19.853623],[-98.9776206,19.8534325],[-98.9776515,19.8533414],[-98.9777233,19.8530528],[-98.9777662,19.852858],[-98.977762,19.8527006],[-98.9785133,19.8529345],[-98.9786872,19.8529886],[-98.9796288,19.8532701],[-98.9795947,19.8535104],[-98.9795406,19.853782],[-98.9795358,19.8538314],[-98.9794833,19.8540707],[-98.97947,19.8541445],[-98.9794069,19.8544194],[-98.9794006,19.8544697],[-98.9793731,19.8546259],[-98.9793828,19.8546487],[-98.9794008,19.8547376],[-98.9793577,19.8550861],[-98.9779112,19.8547677],[-98.9773573,19.8546458]]]},"properties":{"locality":"Heberto Castillo","official_key":"1306900010042","CVE_ENT":"13","CVE_MUN":"069","CVE_LOC":"0001","CVE_ASEN":"0042","settlement_type":"COLONIA","source":"INEGI DCAH 2025"}},{"type":"Feature","geometry":{"type":"Polygon","coordinates":[[[-98.9790857,19.8588185],[-98.9791138,19.8581066],[-98.9791192,19.8579709],[-98.9791308,19.8576743],[-98.9791331,19.8576096],[-98.9791428,19.8572712],[-98.9791373,19.85704],[-98.9791387,19.8568966],[-98.979202,19.8565369],[-98.9792465,19.856177],[-98.9792689,19.855809],[-98.9793018,19.8556092],[-98.9796903,19.855694],[-98.9802524,19.8558092],[-98.9806114,19.8558924],[-98.9809746,19.8559736],[-98.9811594,19.8560154],[-98.9811647,19.8560166],[-98.9811376,19.8561651],[-98.9810873,19.8564403],[-98.9808924,19.8575199],[-98.9807286,19.8584029],[-98.9806761,19.8587965],[-98.9806137,19.8588728],[-98.980511,19.8589057],[-98.9803735,19.8589073],[-98.9797503,19.8588644],[-98.9790857,19.8588185]]]},"properties":{"locality":"Viveros del Pedregal","official_key":"1306900010044","CVE_ENT":"13","CVE_MUN":"069","CVE_LOC":"0001","CVE_ASEN":"0044","settlement_type":"COLONIA","source":"INEGI DCAH 2025"}},{"type":"Feature","geometry":{"type":"Polygon","coordinates":[[[-98.9793018,19.8556092],[-98.9793244,19.855411],[-98.9793577,19.8550861],[-98.9794008,19.8547376],[-98.9793828,19.8546487],[-98.9793731,19.8546259],[-98.9794006,19.8544697],[-98.9813565,19.854873],[-98.9813277,19.8550729],[-98.9812668,19.8554254],[-98.9811647,19.8560166],[-98.9811594,19.8560154],[-98.9809746,19.8559736],[-98.9806114,19.8558924],[-98.9802524,19.8558092],[-98.9796903,19.855694],[-98.9793018,19.8556092]]]},"properties":{"locality":"Parque de Poblamiento IV","official_key":"1306900010045","CVE_ENT":"13","CVE_MUN":"069","CVE_LOC":"0001","CVE_ASEN":"0045","settlement_type":"COLONIA","source":"INEGI DCAH 2025"}},{"type":"Feature","geometry":{"type":"Polygon","coordinates":[[[-98.9771686,19.8555131],[-98.9770982,19.8553442],[-98.9772074,19.8552514],[-98.9772693,19.8550001],[-98.9773573,19.8546458],[-98.9779112,19.8547677],[-98.9793577,19.8550861],[-98.9793244,19.855411],[-98.9793018,19.8556092],[-98.9792689,19.855809],[-98.9792465,19.856177],[-98.979202,19.8565369],[-98.9791387,19.8568966],[-98.9791373,19.85704],[-98.9791428,19.8572712],[-98.9791331,19.8576096],[-98.9791308,19.8576743],[-98.9791192,19.8579709],[-98.9791138,19.8581066],[-98.9790857,19.8588185],[-98.9786142,19.8588149],[-98.9784111,19.8586422],[-98.9782794,19.8581893],[-98.9782177,19.8579683],[-98.9781139,19.8575966],[-98.9780143,19.8572398],[-98.9779123,19.8568745],[-98.9779064,19.8568534],[-98.9778499,19.8566508],[-98.9777581,19.8564976],[-98.9776908,19.8563851],[-98.9775412,19.8561353],[-98.977448,19.8559796],[-98.977314,19.8557558],[-98.9771686,19.8555131]]]},"properties":{"locality":"Los Pinos","official_key":"1306900010048","CVE_ENT":"13","CVE_MUN":"069","CVE_LOC":"0001","CVE_ASEN":"0048","settlement_type":"FRACCIONAMIENTO","source":"INEGI DCAH 2025"}},{"type":"Feature","geometry":{"type":"Polygon","coordinates":[[[-98.9904218,19.8371871],[-98.9904957,19.836893],[-98.9906301,19.8369139],[-98.9906661,19.8369142],[-98.9924719,19.8375843],[-98.9924038,19.8377625],[-98.9922202,19.8382879],[-98.9921666,19.8384614],[-98.9920835,19.8385175],[-98.9902291,19.8378439],[-98.9903067,19.8376367],[-98.9904399,19.8372569],[-98.9904218,19.8371871]]]},"properties":{"locality":"Quinta Esperanza","official_key":"1306900010050","CVE_ENT":"13","CVE_MUN":"069","CVE_LOC":"0001","CVE_ASEN":"0050","settlement_type":"FRACCIONAMIENTO","source":"INEGI DCAH 2025"}},{"type":"Feature","geometry":{"type":"Polygon","coordinates":[[[-98.9906068,19.850436],[-98.9906896,19.8502133],[-98.9908305,19.8498268],[-98.9908619,19.8497383],[-98.9909551,19.8494823],[-98.9909808,19.8494119],[-98.9910751,19.8491396],[-98.9910989,19.8490721],[-98.991215,19.8487542],[-98.9912244,19.8487239],[-98.9913292,19.8484201],[-98.9913427,19.8483818],[-98.9914572,19.8480578],[-98.9914679,19.848028],[-98.9915784,19.8477339],[-98.9917164,19.8474001],[-98.9918391,19.8470847],[-98.9918633,19.8470176],[-98.9920533,19.8464408],[-98.9920656,19.8464063],[-98.9921969,19.8465034],[-98.9923568,19.8466176],[-98.9925643,19.8467813],[-98.9927833,19.8469937],[-98.9934008,19.847502],[-98.9937649,19.8477832],[-98.9936842,19.8478799],[-98.9935425,19.8480555],[-98.993267,19.8484381],[-98.9930557,19.8487222],[-98.9928712,19.8490045],[-98.9926531,19.8493117],[-98.9924056,19.8496506],[-98.9919708,19.8502539],[-98.9915587,19.8503393],[-98.9912783,19.8503962],[-98.9904967,19.850527],[-98.9906068,19.850436]]]},"properties":{"locality":"Quintas de Tizayuca","official_key":"1306900010051","CVE_ENT":"13","CVE_MUN":"069","CVE_LOC":"0001","CVE_ASEN":"0051","settlement_type":"FRACCIONAMIENTO","source":"INEGI DCAH 2025"}},{"type":"Feature","geometry":{"type":"Polygon","coordinates":[[[-98.9609869,19.8424883],[-98.9610798,19.8423252],[-98.9617854,19.8411731],[-98.9620821,19.8406771],[-98.9618223,19.8398787],[-98.9620207,19.8398142],[-98.9623623,19.8397031],[-98.9627287,19.8395841],[-98.963079,19.8394702],[-98.963355,19.8393804],[-98.9634426,19.839352],[-98.9643814,19.8390627],[-98.9647052,19.8389415],[-98.9646126,19.8390259],[-98.9630486,19.8414731],[-98.9629915,19.8415625],[-98.962934,19.8416525],[-98.9623821,19.8424966],[-98.9623604,19.8425297],[-98.9623602,19.8425714],[-98.9618476,19.8428869],[-98.9609869,19.8424883]]]},"properties":{"locality":"Rancho la Purisima","official_key":"1306900010052","CVE_ENT":"13","CVE_MUN":"069","CVE_LOC":"0001","CVE_ASEN":"0052","settlement_type":"FRACCIONAMIENTO","source":"INEGI DCAH 2025"}},{"type":"Feature","geometry":{"type":"Polygon","coordinates":[[[-98.9877964,19.8467905],[-98.9882349,19.8469551],[-98.9890067,19.8472657],[-98.9889566,19.8473837],[-98.988863,19.8475307],[-98.9887321,19.8478367],[-98.9884006,19.8486196],[-98.9883544,19.8487326],[-98.9870949,19.8482522],[-98.9872148,19.8479895],[-98.9877964,19.8467905]]]},"properties":{"locality":"Real de San Jeronimo","official_key":"1306900010053","CVE_ENT":"13","CVE_MUN":"069","CVE_LOC":"0001","CVE_ASEN":"0053","settlement_type":"FRACCIONAMIENTO","source":"INEGI DCAH 2025"}},{"type":"Feature","geometry":{"type":"Polygon","coordinates":[[[-98.9599198,19.8424724],[-98.959995,19.8421939],[-98.9600776,19.8422312],[-98.9602503,19.8418805],[-98.9602295,19.8417301],[-98.960149,19.8415269],[-98.9596707,19.8413461],[-98.959173,19.84114],[-98.9588732,19.8410353],[-98.9585265,19.8411661],[-98.958439,19.840956],[-98.9590463,19.8407479],[-98.9594302,19.8406242],[-98.9598055,19.8405162],[-98.9601785,19.8403985],[-98.9605309,19.8402915],[-98.9608871,19.8401827],[-98.9616225,19.8399437],[-98.9618223,19.8398787],[-98.9620821,19.8406771],[-98.9617854,19.8411731],[-98.9610798,19.8423252],[-98.9609869,19.8424883],[-98.9609166,19.8426438],[-98.9608218,19.8427946],[-98.9599198,19.8424724]]]},"properties":{"locality":"Residencial San Ángel","official_key":"1306900010054","CVE_ENT":"13","CVE_MUN":"069","CVE_LOC":"0001","CVE_ASEN":"0054","settlement_type":"FRACCIONAMIENTO","source":"INEGI DCAH 2025"}},{"type":"Feature","geometry":{"type":"Polygon","coordinates":[[[-98.9831579,19.8575739],[-98.9835123,19.8576167],[-98.9838995,19.8577042],[-98.9842074,19.857796],[-98.9836986,19.8585715],[-98.98348,19.8585591],[-98.9833473,19.8585515],[-98.9831017,19.8585376],[-98.98292,19.8585273],[-98.9827302,19.8585165],[-98.9827086,19.8585153],[-98.9826917,19.8585143],[-98.9825067,19.8585038],[-98.9823445,19.8584946],[-98.9818415,19.858466],[-98.9817186,19.8584591],[-98.9813349,19.8584373],[-98.9808093,19.8584075],[-98.9807286,19.8584029],[-98.9808924,19.8575199],[-98.9815546,19.8575298],[-98.9821311,19.8575385],[-98.9823558,19.857552],[-98.9824701,19.8575423],[-98.9826338,19.8575174],[-98.9831579,19.8575739]]]},"properties":{"locality":"Pedregal San Ángel","official_key":"1306900010057","CVE_ENT":"13","CVE_MUN":"069","CVE_LOC":"0001","CVE_ASEN":"0057","settlement_type":"COLONIA","source":"INEGI DCAH 2025"}},{"type":"Feature","geometry":{"type":"Polygon","coordinates":[[[-98.9744325,19.8588085],[-98.9741348,19.8587404],[-98.9736339,19.8586267],[-98.9732264,19.8585391],[-98.9731079,19.8585312],[-98.9731258,19.8584933],[-98.9732708,19.8581409],[-98.9735026,19.8576077],[-98.973779,19.8570408],[-98.9739103,19.8568169],[-98.9740133,19.8566411],[-98.9740288,19.8566041],[-98.974042,19.8565727],[-98.974194,19.8562183],[-98.9742733,19.8560332],[-98.9742984,19.8559789],[-98.9745472,19.8560398],[-98.9746697,19.8560872],[-98.9747822,19.8561615],[-98.9748763,19.8562485],[-98.9751021,19.8564235],[-98.9754417,19.8566863],[-98.9756308,19.8568355],[-98.9756971,19.856884],[-98.9764522,19.8574681],[-98.976333,19.8576581],[-98.9762409,19.8578049],[-98.9761359,19.8579829],[-98.9760218,19.8581762],[-98.9756612,19.8587874],[-98.9756277,19.8587863],[-98.9753773,19.8588862],[-98.975145,19.8589388],[-98.9749086,19.8589541],[-98.9747659,19.858929],[-98.9744325,19.8588085]]]},"properties":{"locality":"Acordia San Ángel","official_key":"1306900010058","CVE_ENT":"13","CVE_MUN":"069","CVE_LOC":"0001","CVE_ASEN":"0058","settlement_type":"FRACCIONAMIENTO","source":"INEGI DCAH 2025"}},{"type":"Feature","geometry":{"type":"Polygon","coordinates":[[[-98.9687484,19.8394209],[-98.9698354,19.8396152],[-98.970158,19.8397158],[-98.9707127,19.8399293],[-98.9708352,19.8399765],[-98.971465,19.8402188],[-98.9716103,19.8402566],[-98.9717492,19.8402927],[-98.970724,19.842511],[-98.9706043,19.8425208],[-98.9704751,19.8425208],[-98.9700861,19.8424869],[-98.969522,19.8424305],[-98.9691404,19.8423997],[-98.9690536,19.8424222],[-98.9684479,19.8426108],[-98.9682819,19.8426625],[-98.9678279,19.8428104],[-98.9676971,19.842853],[-98.9674828,19.8429263],[-98.9684654,19.8401424],[-98.968708,19.8394747],[-98.9687484,19.8394209]]]},"properties":{"locality":"Los Almendros","official_key":"1306900010059","CVE_ENT":"13","CVE_MUN":"069","CVE_LOC":"0001","CVE_ASEN":"0059","settlement_type":"FRACCIONAMIENTO","source":"INEGI DCAH 2025"}},{"type":"Feature","geometry":{"type":"Polygon","coordinates":[[[-98.9711785,19.8567594],[-98.9713349,19.8565111],[-98.9716074,19.8561563],[-98.9718238,19.8557912],[-98.9720706,19.8554394],[-98.9722566,19.8551523],[-98.972574,19.8547329],[-98.9727047,19.8545614],[-98.973238,19.8545966],[-98.9735542,19.8545501],[-98.9739573,19.8545724],[-98.9740572,19.8545779],[-98.974177,19.8545899],[-98.9743301,19.8546051],[-98.9749635,19.8546656],[-98.9748456,19.8549742],[-98.9746376,19.8554312],[-98.9744588,19.8556544],[-98.9744266,19.8557006],[-98.9743598,19.8558456],[-98.9742984,19.8559789],[-98.9742733,19.8560332],[-98.974194,19.8562183],[-98.974042,19.8565727],[-98.9740288,19.8566041],[-98.9740133,19.8566411],[-98.9739103,19.8568169],[-98.9711785,19.8567594]]]},"properties":{"locality":"Deportiva Rutilo Reyes","official_key":"1306900010060","CVE_ENT":"13","CVE_MUN":"069","CVE_LOC":"0001","CVE_ASEN":"0060","settlement_type":"COLONIA","source":"INEGI DCAH 2025"}},{"type":"Feature","geometry":{"type":"Polygon","coordinates":[[[-98.986566,19.8312413],[-98.9868867,19.8307883],[-98.9871143,19.8308732],[-98.9879741,19.8312935],[-98.9878793,19.8314395],[-98.9877707,19.8316028],[-98.9876877,19.8317508],[-98.9876714,19.8317772],[-98.9867615,19.8313411],[-98.986566,19.8312413]]]},"properties":{"locality":"Lomas de Tizayuca","official_key":"1306900010061","CVE_ENT":"13","CVE_MUN":"069","CVE_LOC":"0001","CVE_ASEN":"0061","settlement_type":"FRACCIONAMIENTO","source":"INEGI DCAH 2025"}},{"type":"Feature","geometry":{"type":"Polygon","coordinates":[[[-98.966212,19.8343701],[-98.9666847,19.8344796],[-98.96688,19.8345247],[-98.9670629,19.834567],[-98.9672133,19.8346046],[-98.9682055,19.8348526],[-98.9691478,19.8350991],[-98.9692791,19.8351333],[-98.969269,19.8351595],[-98.9691804,19.8353808],[-98.96905,19.8357129],[-98.9690343,19.8357653],[-98.9689668,19.8359865],[-98.9690952,19.8360287],[-98.9697597,19.8362601],[-98.9700934,19.8363785],[-98.970492,19.8365147],[-98.9701896,19.8372978],[-98.9701342,19.8373151],[-98.9694287,19.8375347],[-98.9693553,19.8375587],[-98.9692504,19.8375796],[-98.9684269,19.8378411],[-98.9683052,19.8378786],[-98.9670233,19.8382743],[-98.9668329,19.8383331],[-98.9665143,19.8384364],[-98.9662503,19.837631],[-98.9662904,19.8374937],[-98.9661204,19.8374323],[-98.9659879,19.8373845],[-98.9659101,19.8373481],[-98.9657806,19.8373024],[-98.965865,19.8371061],[-98.9658875,19.8370539],[-98.9657945,19.8370196],[-98.9657283,19.836991],[-98.965492,19.8368888],[-98.9650043,19.8367051],[-98.9650775,19.836547],[-98.9655352,19.8355456],[-98.9655569,19.8354912],[-98.9656757,19.835192],[-98.9658062,19.8348635],[-98.9659311,19.8345492],[-98.9660198,19.8343258],[-98.966212,19.8343701]]]},"properties":{"locality":"Nuevo Pedregal","official_key":"1306900010062","CVE_ENT":"13","CVE_MUN":"069","CVE_LOC":"0001","CVE_ASEN":"0062","settlement_type":"FRACCIONAMIENTO","source":"INEGI DCAH 2025"}},{"type":"Feature","geometry":{"type":"Polygon","coordinates":[[[-98.9890732,19.8297845],[-98.9892636,19.8295757],[-98.9907585,19.830285],[-98.9907403,19.8303538],[-98.9905563,19.8305755],[-98.9904084,19.8307538],[-98.9899924,19.831195],[-98.9898416,19.8313506],[-98.9897992,19.8313185],[-98.9893594,19.831131],[-98.9889689,19.8309646],[-98.9885469,19.8307676],[-98.9883221,19.8306702],[-98.9890732,19.8297845]]]},"properties":{"locality":"Praderas de Tizayuca","official_key":"1306900010063","CVE_ENT":"13","CVE_MUN":"069","CVE_LOC":"0001","CVE_ASEN":"0063","settlement_type":"FRACCIONAMIENTO","source":"INEGI DCAH 2025"}},{"type":"Feature","geometry":{"type":"Polygon","coordinates":[[[-98.9594231,19.8441336],[-98.9593621,19.8440832],[-98.9592504,19.843979],[-98.9591481,19.8438935],[-98.9585818,19.8426496],[-98.9584826,19.8424225],[-98.9584824,19.8424221],[-98.9584823,19.8424216],[-98.9579573,19.8412199],[-98.9579148,19.8411224],[-98.9581129,19.8410709],[-98.958439,19.840956],[-98.9585265,19.8411661],[-98.9588732,19.8410353],[-98.959173,19.84114],[-98.9596707,19.8413461],[-98.960149,19.8415269],[-98.9602295,19.8417301],[-98.9602503,19.8418805],[-98.9600776,19.8422312],[-98.959995,19.8421939],[-98.9599198,19.8424724],[-98.9595645,19.8440334],[-98.9596259,19.8443032],[-98.9596037,19.8442847],[-98.9594231,19.8441336]]]},"properties":{"locality":"Ampliación Residencial San Ángel","official_key":"1306900010065","CVE_ENT":"13","CVE_MUN":"069","CVE_LOC":"0001","CVE_ASEN":"0065","settlement_type":"FRACCIONAMIENTO","source":"INEGI DCAH 2025"}},{"type":"Feature","geometry":{"type":"Polygon","coordinates":[[[-98.9731039,19.8516049],[-98.9734323,19.8505933],[-98.9735442,19.8502678],[-98.9736656,19.8499422],[-98.9737331,19.8497659],[-98.9745304,19.8500785],[-98.9744517,19.8502489],[-98.9743776,19.8504261],[-98.9743179,19.8505602],[-98.9742761,19.8506558],[-98.9745828,19.8507819],[-98.9741754,19.8516514],[-98.9738729,19.8516381],[-98.9736965,19.8516334],[-98.9731039,19.8516049]]]},"properties":{"locality":"San José la Joya","official_key":"1306900010066","CVE_ENT":"13","CVE_MUN":"069","CVE_LOC":"0001","CVE_ASEN":"0066","settlement_type":"FRACCIONAMIENTO","source":"INEGI DCAH 2025"}},{"type":"Feature","geometry":{"type":"Polygon","coordinates":[[[-98.9829976,19.816879],[-98.9833577,19.8170462],[-98.9834264,19.8170781],[-98.9850708,19.817842],[-98.9862028,19.8184005],[-98.9864986,19.8185465],[-98.9868818,19.818726],[-98.9866793,19.8193471],[-98.9861166,19.820942],[-98.9862609,19.8211352],[-98.9862087,19.821312],[-98.9876434,19.8217405],[-98.9872965,19.8229672],[-98.9871923,19.8233104],[-98.9868396,19.8231913],[-98.9864621,19.8231169],[-98.9860918,19.8230142],[-98.985723,19.8228991],[-98.9854071,19.8227929],[-98.9852444,19.8227256],[-98.9850613,19.8226556],[-98.984709,19.8225241],[-98.9843352,19.8224116],[-98.9839774,19.8223026],[-98.9836159,19.822206],[-98.9832343,19.822086],[-98.9828633,19.8220085],[-98.9825019,19.8218859],[-98.9821348,19.8217771],[-98.9820071,19.8217477],[-98.9819747,19.8217429],[-98.9813014,19.821579],[-98.9812069,19.821556],[-98.9809135,19.8215051],[-98.9805402,19.8214404],[-98.9801788,19.8213777],[-98.9797981,19.8213117],[-98.9790817,19.8211793],[-98.9788857,19.8211431],[-98.9788443,19.8210921],[-98.9788054,19.8207433],[-98.9784705,19.8182563],[-98.9785048,19.8182556],[-98.9784588,19.8178733],[-98.9783414,19.8168851],[-98.9799215,19.8167493],[-98.9802436,19.8155996],[-98.9817163,19.8162853],[-98.9820404,19.8164341],[-98.9820874,19.8164559],[-98.982414,19.8166077],[-98.9827677,19.8167718],[-98.9829311,19.8168481],[-98.9829976,19.816879]]]},"properties":{"locality":"Villa Magna","official_key":"1306900010067","CVE_ENT":"13","CVE_MUN":"069","CVE_LOC":"0001","CVE_ASEN":"0067","settlement_type":"FRACCIONAMIENTO","source":"INEGI DCAH 2025"}},{"type":"Feature","geometry":{"type":"Polygon","coordinates":[[[-98.9806761,19.8587965],[-98.9807286,19.8584029],[-98.9808093,19.8584075],[-98.9813349,19.8584373],[-98.9817186,19.8584591],[-98.9818415,19.858466],[-98.9823445,19.8584946],[-98.9825067,19.8585038],[-98.9826917,19.8585143],[-98.9827086,19.8585153],[-98.9827302,19.8585165],[-98.98292,19.8585273],[-98.9831017,19.8585376],[-98.9833473,19.8585515],[-98.98348,19.8585591],[-98.9829871,19.8592454],[-98.9828511,19.8594347],[-98.9821478,19.8604139],[-98.9821315,19.860437],[-98.9804894,19.8596323],[-98.9806735,19.8589223],[-98.9806761,19.8587965]]]},"properties":{"locality":"La Concordia","official_key":"1306900010069","CVE_ENT":"13","CVE_MUN":"069","CVE_LOC":"0001","CVE_ASEN":"0069","settlement_type":"FRACCIONAMIENTO","source":"INEGI DCAH 2025"}},{"type":"Feature","geometry":{"type":"Polygon","coordinates":[[[-98.9791948,19.8495656],[-98.9789502,19.8494903],[-98.9789116,19.8496145],[-98.9787303,19.8495588],[-98.9787685,19.8494236],[-98.9785143,19.8493856],[-98.9781824,19.8493184],[-98.9782002,19.8492333],[-98.978181,19.8491926],[-98.9778475,19.8491089],[-98.9777008,19.8490725],[-98.9777035,19.8490465],[-98.977773,19.8487638],[-98.9776808,19.8487298],[-98.9777368,19.848496],[-98.977674,19.8484696],[-98.977694,19.8483425],[-98.9775812,19.8482954],[-98.9775926,19.8482675],[-98.9778009,19.8483364],[-98.9778573,19.8481486],[-98.9793255,19.8487172],[-98.9792327,19.8491543],[-98.9796683,19.8493409],[-98.9796108,19.8495131],[-98.9795635,19.8496728],[-98.9791948,19.8495656]]]},"properties":{"locality":"La Legua","official_key":"1306900010070","CVE_ENT":"13","CVE_MUN":"069","CVE_LOC":"0001","CVE_ASEN":"0070","settlement_type":"FRACCIONAMIENTO","source":"INEGI DCAH 2025"}},{"type":"Feature","geometry":{"type":"Polygon","coordinates":[[[-98.9794006,19.8544697],[-98.9794069,19.8544194],[-98.97947,19.8541445],[-98.9794833,19.8540707],[-98.9795358,19.8538314],[-98.9795406,19.853782],[-98.9795947,19.8535104],[-98.9796202,19.8535453],[-98.9804565,19.8537402],[-98.9815129,19.8539494],[-98.9814938,19.8540773],[-98.9814543,19.8542516],[-98.9813938,19.8545721],[-98.9813565,19.854873],[-98.9794006,19.8544697]]]},"properties":{"locality":"Parque de Poblamiento IV","official_key":"1306900010071","CVE_ENT":"13","CVE_MUN":"069","CVE_LOC":"0001","CVE_ASEN":"0071","settlement_type":"AMPLIACIÓN","source":"INEGI DCAH 2025"}},{"type":"Feature","geometry":{"type":"Polygon","coordinates":[[[-98.9831579,19.8575739],[-98.9826338,19.8575174],[-98.9824701,19.8575423],[-98.9823558,19.857552],[-98.9821311,19.8575385],[-98.9815546,19.8575298],[-98.9808924,19.8575199],[-98.9810873,19.8564403],[-98.9811376,19.8561651],[-98.9811647,19.8560166],[-98.9812668,19.8554254],[-98.9813277,19.8550729],[-98.9813565,19.854873],[-98.9813938,19.8545721],[-98.9814543,19.8542516],[-98.9814938,19.8540773],[-98.9835331,19.8545024],[-98.9834256,19.8551912],[-98.9832299,19.8564202],[-98.983136,19.8569294],[-98.9832588,19.8569579],[-98.9831579,19.8575739]]]},"properties":{"locality":"Pedregal","official_key":"1306900010072","CVE_ENT":"13","CVE_MUN":"069","CVE_LOC":"0001","CVE_ASEN":"0072","settlement_type":"FRACCIONAMIENTO","source":"INEGI DCAH 2025"}},{"type":"Feature","geometry":{"type":"Polygon","coordinates":[[[-98.9691798,19.8579332],[-98.9693019,19.8577735],[-98.9698474,19.8581076],[-98.9700594,19.8582375],[-98.9701663,19.8583092],[-98.9697151,19.8592871],[-98.9695793,19.8593169],[-98.9685031,19.8595533],[-98.9683476,19.8595874],[-98.9678193,19.8597034],[-98.9678095,19.8593675],[-98.9685131,19.8586041],[-98.9685544,19.8585868],[-98.9691798,19.8579332]]]},"properties":{"locality":"Villa Las Manzanas","official_key":"1306900010073","CVE_ENT":"13","CVE_MUN":"069","CVE_LOC":"0001","CVE_ASEN":"0073","settlement_type":"FRACCIONAMIENTO","source":"INEGI DCAH 2025"}},{"type":"Feature","geometry":{"type":"Polygon","coordinates":[[[-98.9774578,19.8638114],[-98.9772534,19.863773],[-98.9770046,19.8637426],[-98.9748535,19.8634087],[-98.9736669,19.8632456],[-98.9736885,19.8630222],[-98.9737243,19.862715],[-98.9737499,19.8624959],[-98.9738191,19.8620049],[-98.9739279,19.8618153],[-98.9739671,19.8618293],[-98.9744383,19.8619007],[-98.9745454,19.8619191],[-98.976995,19.862293],[-98.9770359,19.8623008],[-98.9769234,19.8627249],[-98.9773859,19.8627909],[-98.9776144,19.86281],[-98.9775917,19.8630213],[-98.9774717,19.8637983],[-98.9774578,19.8638114]]]},"properties":{"locality":"Hacienda Las Torres I","official_key":"1306900010074","CVE_ENT":"13","CVE_MUN":"069","CVE_LOC":"0001","CVE_ASEN":"0074","settlement_type":"FRACCIONAMIENTO","source":"INEGI DCAH 2025"}},{"type":"Feature","geometry":{"type":"Polygon","coordinates":[[[-98.9770359,19.8623008],[-98.976995,19.862293],[-98.9745454,19.8619191],[-98.9744383,19.8619007],[-98.9739671,19.8618293],[-98.9739279,19.8618153],[-98.9741928,19.8613537],[-98.9744264,19.8610216],[-98.9745782,19.8607723],[-98.9747671,19.8604623],[-98.9749086,19.8602512],[-98.9749513,19.8602672],[-98.9772903,19.8606421],[-98.9773144,19.8606452],[-98.9772889,19.8608204],[-98.9770871,19.8621345],[-98.9770714,19.8621668],[-98.9770359,19.8623008]]]},"properties":{"locality":"Hacienda Las Torres II","official_key":"1306900010075","CVE_ENT":"13","CVE_MUN":"069","CVE_LOC":"0001","CVE_ASEN":"0075","settlement_type":"FRACCIONAMIENTO","source":"INEGI DCAH 2025"}},{"type":"Feature","geometry":{"type":"Polygon","coordinates":[[[-98.9749086,19.8602512],[-98.9750035,19.8601097],[-98.9752611,19.8596389],[-98.9753432,19.8595086],[-98.9756703,19.8589095],[-98.9756612,19.8587874],[-98.9760966,19.858802],[-98.9764379,19.8588955],[-98.9768697,19.8590137],[-98.9772289,19.8591235],[-98.9776004,19.8592335],[-98.9775713,19.8592826],[-98.9773496,19.8604902],[-98.9773144,19.8606452],[-98.9772903,19.8606421],[-98.9749513,19.8602672],[-98.9749086,19.8602512]]]},"properties":{"locality":"Hacienda Las Torres II Sección B","official_key":"1306900010076","CVE_ENT":"13","CVE_MUN":"069","CVE_LOC":"0001","CVE_ASEN":"0076","settlement_type":"FRACCIONAMIENTO","source":"INEGI DCAH 2025"}},{"type":"Feature","geometry":{"type":"Polygon","coordinates":[[[-98.9790222,19.8635562],[-98.9788413,19.8636653],[-98.9788123,19.8636857],[-98.9787676,19.8637028],[-98.9787211,19.8637517],[-98.9786972,19.8637769],[-98.9784041,19.8640854],[-98.9783623,19.8641115],[-98.9782985,19.8641282],[-98.9779679,19.8644605],[-98.9779354,19.8644391],[-98.9778982,19.8644591],[-98.9775225,19.8648204],[-98.9774598,19.8648233],[-98.9774115,19.8651432],[-98.9772788,19.8651225],[-98.9773501,19.8646262],[-98.9774578,19.8638114],[-98.9774717,19.8637983],[-98.9775917,19.8630213],[-98.9777506,19.8630493],[-98.9780085,19.8630866],[-98.9780319,19.863131],[-98.9780743,19.863163],[-98.9781385,19.8631823],[-98.9781944,19.863175],[-98.9782433,19.8631508],[-98.9782731,19.8631126],[-98.978548,19.8631737],[-98.9789443,19.8632296],[-98.9790132,19.8632409],[-98.9790222,19.8635562]]]},"properties":{"locality":"María Magdalena","official_key":"1306900010077","CVE_ENT":"13","CVE_MUN":"069","CVE_LOC":"0001","CVE_ASEN":"0077","settlement_type":"FRACCIONAMIENTO","source":"INEGI DCAH 2025"}},{"type":"Feature","geometry":{"type":"Polygon","coordinates":[[[-98.9973799,19.8342062],[-98.9971287,19.8343109],[-98.9944122,19.8308077],[-98.9951019,19.8292492],[-98.9951966,19.8289883],[-98.9957832,19.8292511],[-98.9961522,19.8294167],[-98.9964908,19.8295782],[-98.9968447,19.8297356],[-98.9982528,19.8303651],[-98.9985952,19.8305266],[-99.0000296,19.8311702],[-99.0003715,19.8313217],[-99.0020044,19.8320578],[-99.0021709,19.8321371],[-99.0021094,19.8321895],[-99.0020191,19.8324984],[-99.0008152,19.8330096],[-98.9994345,19.8334694],[-98.9990375,19.8336057],[-98.9989176,19.8336462],[-98.9980291,19.8339467],[-98.9973799,19.8342062]]]},"properties":{"locality":"Florencia","official_key":"1306900010078","CVE_ENT":"13","CVE_MUN":"069","CVE_LOC":"0001","CVE_ASEN":"0078","settlement_type":"FRACCIONAMIENTO","source":"INEGI DCAH 2025"}},{"type":"Feature","geometry":{"type":"Polygon","coordinates":[[[-98.966212,19.8343701],[-98.9663016,19.834122],[-98.9664478,19.833758],[-98.9665897,19.8334204],[-98.966714,19.8330672],[-98.966883,19.8326586],[-98.9670669,19.8322137],[-98.967139,19.8320583],[-98.9672274,19.8318676],[-98.9674007,19.8315296],[-98.9675568,19.8311812],[-98.967904,19.8303978],[-98.9680658,19.8300556],[-98.968248,19.8296804],[-98.9689728,19.8299816],[-98.9691667,19.8300351],[-98.9693416,19.830149],[-98.9693346,19.8301826],[-98.9704104,19.8306775],[-98.9707392,19.8308471],[-98.9710822,19.8309938],[-98.9710954,19.8309564],[-98.9714368,19.8311048],[-98.9714209,19.8311832],[-98.9717711,19.8313643],[-98.9721348,19.8315174],[-98.9721966,19.8315434],[-98.9724799,19.8317317],[-98.9727957,19.8319417],[-98.9728523,19.8319793],[-98.9731443,19.8321727],[-98.9734701,19.8324154],[-98.9734983,19.8324364],[-98.9732486,19.8331076],[-98.973257,19.833144],[-98.9732208,19.8334024],[-98.9731304,19.8334212],[-98.9730677,19.8334372],[-98.9729996,19.8334905],[-98.9729697,19.8336036],[-98.9729507,19.833704],[-98.9729591,19.8338049],[-98.9730162,19.8339039],[-98.9729535,19.8340973],[-98.9728949,19.834278],[-98.9728355,19.8344349],[-98.9727286,19.8345972],[-98.9727059,19.8346245],[-98.9721321,19.8344126],[-98.9714656,19.834219],[-98.9705064,19.8339804],[-98.9703413,19.8339323],[-98.9700858,19.833858],[-98.9698619,19.8337838],[-98.969511,19.8336618],[-98.9691462,19.833537],[-98.9687403,19.8333963],[-98.9684509,19.8336369],[-98.9684428,19.8336436],[-98.9677302,19.8334211],[-98.9675216,19.8338988],[-98.9672133,19.8346046],[-98.9670629,19.834567],[-98.96688,19.8345247],[-98.9666847,19.8344796],[-98.966212,19.8343701]]]},"properties":{"locality":"Lisboa","official_key":"1306900010079","CVE_ENT":"13","CVE_MUN":"069","CVE_LOC":"0001","CVE_ASEN":"0079","settlement_type":"FRACCIONAMIENTO","source":"INEGI DCAH 2025"}},{"type":"Feature","geometry":{"type":"Polygon","coordinates":[[[-98.9889912,19.835934],[-98.9887582,19.8365134],[-98.9883371,19.8375657],[-98.9879263,19.8374014],[-98.9882691,19.8365512],[-98.9885395,19.8358837],[-98.9885738,19.8358879],[-98.988777,19.8359103],[-98.9889912,19.835934]]]},"properties":{"locality":"Atempa","official_key":"1306900010086","CVE_ENT":"13","CVE_MUN":"069","CVE_LOC":"0001","CVE_ASEN":"0086","settlement_type":"RESIDENCIAL","source":"INEGI DCAH 2025"}},{"type":"Feature","geometry":{"type":"Polygon","coordinates":[[[-98.9915514,19.82921],[-98.9923164,19.828309],[-98.9923672,19.828273],[-98.9926925,19.8278994],[-98.9928531,19.8277956],[-98.9928532,19.8277956],[-98.9931566,19.8279574],[-98.9934983,19.8281559],[-98.9938091,19.8283336],[-98.9941196,19.8285221],[-98.994426,19.8286939],[-98.9948045,19.8289115],[-98.9949003,19.8289715],[-98.9949448,19.8289811],[-98.9950127,19.8289745],[-98.9951167,19.8288929],[-98.9952382,19.8288277],[-98.9951966,19.8289883],[-98.9951019,19.8292492],[-98.9944122,19.8308077],[-98.9943307,19.8310122],[-98.9931437,19.8303767],[-98.9924122,19.8300132],[-98.9914417,19.8294842],[-98.9913679,19.8294411],[-98.9915514,19.82921]]]},"properties":{"locality":"La Laguna","official_key":"1306900010087","CVE_ENT":"13","CVE_MUN":"069","CVE_LOC":"0001","CVE_ASEN":"0087","settlement_type":"FRACCIONAMIENTO","source":"INEGI DCAH 2025"}},{"type":"Feature","geometry":{"type":"Polygon","coordinates":[[[-98.954804,19.8852676],[-98.9552663,19.8846189],[-98.955532,19.8841959],[-98.9555609,19.8841499],[-98.9556778,19.8839123],[-98.9558456,19.8836662],[-98.9559958,19.8834237],[-98.9560074,19.8834277],[-98.9561943,19.8834938],[-98.9566135,19.8836569],[-98.9569798,19.8838161],[-98.9570582,19.8838458],[-98.9571294,19.8837241],[-98.9572383,19.8835522],[-98.9570204,19.8834901],[-98.9571972,19.8830939],[-98.9573923,19.8827785],[-98.9575527,19.8826027],[-98.9576736,19.882518],[-98.9578851,19.8823819],[-98.9580255,19.8822778],[-98.958308,19.8823742],[-98.9582699,19.8824388],[-98.9586351,19.882589],[-98.9584178,19.8830339],[-98.9579726,19.8838885],[-98.9579696,19.8839123],[-98.9577971,19.8842525],[-98.9575885,19.8846097],[-98.9574191,19.8848966],[-98.9576089,19.8850172],[-98.9582757,19.8854613],[-98.958723,19.8847823],[-98.9589405,19.884447],[-98.9591251,19.8841142],[-98.9595241,19.884148],[-98.9595163,19.8841647],[-98.9591364,19.8851622],[-98.9586006,19.8867586],[-98.9585786,19.8868242],[-98.9585661,19.8868161],[-98.9585659,19.886816],[-98.9585658,19.8868159],[-98.9584534,19.8867428],[-98.9580757,19.8865009],[-98.9580756,19.8865008],[-98.9580651,19.8864941],[-98.9580602,19.886491],[-98.9580308,19.8864722],[-98.95803,19.8864718],[-98.9580138,19.8864634],[-98.9579704,19.8864409],[-98.9579664,19.8864388],[-98.9578837,19.8863848],[-98.9578709,19.8863764],[-98.9578448,19.8863594],[-98.9576521,19.8862334],[-98.9574279,19.886087],[-98.9573562,19.8860402],[-98.9569893,19.8858081],[-98.9567466,19.8856546],[-98.9567219,19.8856389],[-98.9566925,19.8856204],[-98.9566661,19.8856037],[-98.9566401,19.8855872],[-98.9565673,19.8855411],[-98.9565595,19.8855362],[-98.9563397,19.8853972],[-98.9561767,19.885294],[-98.9561198,19.885258],[-98.9561071,19.88525],[-98.9560362,19.8852051],[-98.9559901,19.885176],[-98.9559886,19.885175],[-98.9559875,19.8851743],[-98.9559847,19.8851726],[-98.9559825,19.8851712],[-98.9559794,19.8851692],[-98.9559769,19.8851677],[-98.9559768,19.8851676],[-98.9559759,19.885167],[-98.9559755,19.8851667],[-98.9559419,19.8852132],[-98.9556877,19.8855659],[-98.9556106,19.8856728],[-98.9555748,19.8857226],[-98.9555609,19.8857419],[-98.9555549,19.8857503],[-98.9553895,19.88598],[-98.9553717,19.8860048],[-98.955355,19.8860279],[-98.9553355,19.8860551],[-98.955089,19.8863975],[-98.9549528,19.8865867],[-98.954942,19.8866017],[-98.9548669,19.8867061],[-98.9548162,19.8867766],[-98.9547997,19.8867995],[-98.9547867,19.8868174],[-98.9546789,19.8869672],[-98.9546718,19.8869772],[-98.954668,19.8869824],[-98.95466,19.8869936],[-98.9545106,19.887201],[-98.9544825,19.8872401],[-98.9543411,19.8874366],[-98.9543106,19.8874789],[-98.9539047,19.8872379],[-98.9535773,19.8870476],[-98.9540443,19.8864093],[-98.9542067,19.8861761],[-98.9546118,19.8855421],[-98.954804,19.8852676]]]},"properties":{"locality":"Centro","official_key":"1306900020001","CVE_ENT":"13","CVE_MUN":"069","CVE_LOC":"0002","CVE_ASEN":"0001","settlement_type":"COLONIA","source":"INEGI DCAH 2025"}},{"type":"Feature","geometry":{"type":"Polygon","coordinates":[[[-98.9516328,19.8777489],[-98.9517342,19.8775828],[-98.9519241,19.8772811],[-98.9522417,19.8768481],[-98.9542248,19.8769996],[-98.9541246,19.877169],[-98.9539065,19.8775306],[-98.9537302,19.8778355],[-98.9536116,19.8780125],[-98.9534506,19.8782511],[-98.9516328,19.8777489]]]},"properties":{"locality":"Alcatraces II","official_key":"1306900020002","CVE_ENT":"13","CVE_MUN":"069","CVE_LOC":"0002","CVE_ASEN":"0002","settlement_type":"COLONIA","source":"INEGI DCAH 2025"}},{"type":"Feature","geometry":{"type":"Polygon","coordinates":[[[-98.9591251,19.8841142],[-98.9587377,19.8840615],[-98.9580809,19.8839394],[-98.9579696,19.8839123],[-98.9579726,19.8838885],[-98.9584178,19.8830339],[-98.9586351,19.882589],[-98.9596186,19.8829258],[-98.9599599,19.883034],[-98.9598825,19.8832301],[-98.9597763,19.8834742],[-98.9596738,19.8837492],[-98.9596601,19.8837933],[-98.9595241,19.884148],[-98.9591251,19.8841142]]]},"properties":{"locality":"Campestre el Carmen","official_key":"1306900020003","CVE_ENT":"13","CVE_MUN":"069","CVE_LOC":"0002","CVE_ASEN":"0003","settlement_type":"COLONIA","source":"INEGI DCAH 2025"}},{"type":"Feature","geometry":{"type":"Polygon","coordinates":[[[-98.9458626,19.8869376],[-98.9459962,19.8866342],[-98.946046,19.886562],[-98.9461941,19.8862957],[-98.9462536,19.8861886],[-98.9464842,19.8858005],[-98.9469167,19.8860394],[-98.9480447,19.8865649],[-98.9478121,19.8869177],[-98.9475647,19.8872772],[-98.9473584,19.8875495],[-98.9473558,19.8875476],[-98.9466866,19.8872459],[-98.9461758,19.8871135],[-98.9458626,19.8869376]]]},"properties":{"locality":"Carlos Álvarez I","official_key":"1306900020004","CVE_ENT":"13","CVE_MUN":"069","CVE_LOC":"0002","CVE_ASEN":"0004","settlement_type":"COLONIA","source":"INEGI DCAH 2025"}},{"type":"Feature","geometry":{"type":"Polygon","coordinates":[[[-98.9444953,19.8857318],[-98.9445325,19.8856745],[-98.9445998,19.8858897],[-98.944939,19.8863226],[-98.9459962,19.8866342],[-98.9458626,19.8869376],[-98.9457667,19.8870864],[-98.9446565,19.8887751],[-98.9428957,19.8881242],[-98.9440468,19.8863504],[-98.9444953,19.8857318]]]},"properties":{"locality":"Carlos Álvarez II","official_key":"1306900020005","CVE_ENT":"13","CVE_MUN":"069","CVE_LOC":"0002","CVE_ASEN":"0005","settlement_type":"COLONIA","source":"INEGI DCAH 2025"}},{"type":"Feature","geometry":{"type":"Polygon","coordinates":[[[-98.9574191,19.8848966],[-98.9575885,19.8846097],[-98.9577971,19.8842525],[-98.9579696,19.8839123],[-98.9580809,19.8839394],[-98.9587377,19.8840615],[-98.9591251,19.8841142],[-98.9589405,19.884447],[-98.958723,19.8847823],[-98.9582757,19.8854613],[-98.9576089,19.8850172],[-98.9574191,19.8848966]]]},"properties":{"locality":"Carlos Medina Plascencia","official_key":"1306900020006","CVE_ENT":"13","CVE_MUN":"069","CVE_LOC":"0002","CVE_ASEN":"0006","settlement_type":"COLONIA","source":"INEGI DCAH 2025"}},{"type":"Feature","geometry":{"type":"Polygon","coordinates":[[[-98.9600154,19.882851],[-98.9599599,19.883034],[-98.9596186,19.8829258],[-98.9586351,19.882589],[-98.9582699,19.8824388],[-98.958308,19.8823742],[-98.9583771,19.8822763],[-98.9585685,19.8818628],[-98.9587561,19.8814559],[-98.9589678,19.8810013],[-98.9591232,19.88106],[-98.9596575,19.8812546],[-98.9601893,19.8814602],[-98.9604956,19.8815786],[-98.9603431,19.8819923],[-98.9601681,19.8824337],[-98.96004,19.8827698],[-98.9600154,19.882851]]]},"properties":{"locality":"La Victoria","official_key":"1306900020007","CVE_ENT":"13","CVE_MUN":"069","CVE_LOC":"0002","CVE_ASEN":"0007","settlement_type":"FRACCIONAMIENTO","source":"INEGI DCAH 2025"}},{"type":"Feature","geometry":{"type":"Polygon","coordinates":[[[-98.9462815,19.8842074],[-98.9461449,19.8843812],[-98.9459535,19.8846929],[-98.9457575,19.8850246],[-98.9455533,19.885338],[-98.9453522,19.8856547],[-98.9453065,19.8857327],[-98.944939,19.8863226],[-98.9445998,19.8858897],[-98.9445325,19.8856745],[-98.944757,19.885329],[-98.9449715,19.8849936],[-98.9451693,19.8846681],[-98.9453499,19.8843353],[-98.9455515,19.8840048],[-98.9456535,19.8838021],[-98.9457036,19.8838231],[-98.9462815,19.8842074]]]},"properties":{"locality":"Constituyentes","official_key":"1306900020008","CVE_ENT":"13","CVE_MUN":"069","CVE_LOC":"0002","CVE_ASEN":"0008","settlement_type":"COLONIA","source":"INEGI DCAH 2025"}},{"type":"Feature","geometry":{"type":"Polygon","coordinates":[[[-98.9604956,19.8815786],[-98.9607996,19.8808263],[-98.9612175,19.8809022],[-98.9612704,19.8809145],[-98.9616522,19.8809734],[-98.9620367,19.8810302],[-98.9621098,19.8810421],[-98.962373,19.8810877],[-98.9622183,19.8823328],[-98.9620497,19.8832524],[-98.9619435,19.8841358],[-98.9618922,19.8842147],[-98.9613745,19.8838855],[-98.9599599,19.883034],[-98.9600154,19.882851],[-98.96004,19.8827698],[-98.9601681,19.8824337],[-98.9603431,19.8819923],[-98.9604956,19.8815786]]]},"properties":{"locality":"Luis Donaldo Colosio II","official_key":"1306900020010","CVE_ENT":"13","CVE_MUN":"069","CVE_LOC":"0002","CVE_ASEN":"0010","settlement_type":"COLONIA","source":"INEGI DCAH 2025"}},{"type":"Feature","geometry":{"type":"Polygon","coordinates":[[[-98.953262,19.8936342],[-98.9533615,19.8934923],[-98.9534608,19.8933201],[-98.9535619,19.8931533],[-98.9536637,19.893021],[-98.9543338,19.8934495],[-98.9550363,19.8938978],[-98.9548086,19.8942122],[-98.9546042,19.894508],[-98.9544415,19.8947518],[-98.9544151,19.8947945],[-98.9541976,19.8951067],[-98.9540244,19.8953794],[-98.9539951,19.8954289],[-98.9538006,19.8957345],[-98.9535905,19.8960565],[-98.9522673,19.8952439],[-98.9523127,19.8951182],[-98.9524795,19.8948589],[-98.9525023,19.8948232],[-98.9526837,19.894539],[-98.9527101,19.8944915],[-98.9528805,19.8942479],[-98.9529726,19.8940962],[-98.9530775,19.8939448],[-98.9531648,19.893781],[-98.953262,19.8936342]]]},"properties":{"locality":"Felipe Reyes","official_key":"1306900020011","CVE_ENT":"13","CVE_MUN":"069","CVE_LOC":"0002","CVE_ASEN":"0011","settlement_type":"COLONIA","source":"INEGI DCAH 2025"}},{"type":"Feature","geometry":{"type":"Polygon","coordinates":[[[-98.9618571,19.8868063],[-98.9618181,19.8868726],[-98.9617336,19.8870189],[-98.9615046,19.8873535],[-98.9614417,19.8874448],[-98.9613005,19.887639],[-98.9610925,19.887922],[-98.9608766,19.8882235],[-98.960829,19.8882885],[-98.9607386,19.8882297],[-98.9600205,19.8877624],[-98.960535,19.8869362],[-98.9609431,19.8862689],[-98.9612135,19.886424],[-98.9618571,19.8868063]]]},"properties":{"locality":"Las Flores","official_key":"1306900020012","CVE_ENT":"13","CVE_MUN":"069","CVE_LOC":"0002","CVE_ASEN":"0012","settlement_type":"COLONIA","source":"INEGI DCAH 2025"}},{"type":"Feature","geometry":{"type":"Polygon","coordinates":[[[-98.9516664,19.8839886],[-98.952063,19.8834021],[-98.952803,19.883893],[-98.9534491,19.8843408],[-98.9532519,19.8846547],[-98.953048,19.8849834],[-98.9528643,19.8852555],[-98.9514272,19.8843663],[-98.9515014,19.8842663],[-98.9516664,19.8839886]]]},"properties":{"locality":"Gómez Morín","official_key":"1306900020013","CVE_ENT":"13","CVE_MUN":"069","CVE_LOC":"0002","CVE_ASEN":"0013","settlement_type":"COLONIA","source":"INEGI DCAH 2025"}},{"type":"Feature","geometry":{"type":"Polygon","coordinates":[[[-98.9489736,19.881999],[-98.9490916,19.8818105],[-98.9493393,19.8814496],[-98.9493947,19.8813636],[-98.9494516,19.8812754],[-98.9497792,19.8814232],[-98.9501078,19.8815909],[-98.9509765,19.8820087],[-98.9508461,19.882183],[-98.9506337,19.8825165],[-98.9505133,19.8827527],[-98.9495338,19.8822681],[-98.9489736,19.881999]]]},"properties":{"locality":"Los Laureles","official_key":"1306900020014","CVE_ENT":"13","CVE_MUN":"069","CVE_LOC":"0002","CVE_ASEN":"0014","settlement_type":"COLONIA","source":"INEGI DCAH 2025"}},{"type":"Feature","geometry":{"type":"Polygon","coordinates":[[[-98.9507644,19.890773],[-98.9504382,19.890564],[-98.9503969,19.8906065],[-98.9500366,19.8903889],[-98.9496622,19.8901629],[-98.9497166,19.8900977],[-98.9498744,19.8898577],[-98.9500773,19.8895492],[-98.9502617,19.8892665],[-98.9503263,19.8892364],[-98.9504384,19.889065],[-98.9517958,19.8898959],[-98.9516246,19.8901442],[-98.9514345,19.8904545],[-98.9512423,19.8907557],[-98.9510865,19.8909754],[-98.9507644,19.890773]]]},"properties":{"locality":"Loma del Borrego","official_key":"1306900020015","CVE_ENT":"13","CVE_MUN":"069","CVE_LOC":"0002","CVE_ASEN":"0015","settlement_type":"COLONIA","source":"INEGI DCAH 2025"}},{"type":"Feature","geometry":{"type":"Polygon","coordinates":[[[-98.9618922,19.8842147],[-98.9619435,19.8841358],[-98.9620497,19.8832524],[-98.9622183,19.8823328],[-98.962373,19.8810877],[-98.9625043,19.881106],[-98.9628443,19.8811611],[-98.9630296,19.8811912],[-98.9632033,19.8812195],[-98.9637814,19.8813136],[-98.9637535,19.8814581],[-98.9637141,19.881677],[-98.9635849,19.8823973],[-98.9635171,19.8824003],[-98.9635103,19.8824028],[-98.9634367,19.8824301],[-98.9634259,19.8824985],[-98.9633473,19.8829489],[-98.963279,19.8833583],[-98.9632599,19.8834727],[-98.9632354,19.8837772],[-98.9631052,19.8846294],[-98.9630452,19.884922],[-98.9629607,19.8848859],[-98.9618922,19.8842147]]]},"properties":{"locality":"Luis Donaldo Colosio","official_key":"1306900020016","CVE_ENT":"13","CVE_MUN":"069","CVE_LOC":"0002","CVE_ASEN":"0016","settlement_type":"COLONIA","source":"INEGI DCAH 2025"}},{"type":"Feature","geometry":{"type":"Polygon","coordinates":[[[-98.9531648,19.893781],[-98.9530775,19.8939448],[-98.9529726,19.8940962],[-98.9528805,19.8942479],[-98.9527101,19.8944915],[-98.9526837,19.894539],[-98.9525023,19.8948232],[-98.9524795,19.8948589],[-98.9523127,19.8951182],[-98.9510397,19.8943371],[-98.9512525,19.894016],[-98.9514497,19.8937033],[-98.9516414,19.8934121],[-98.9517021,19.8933119],[-98.9517204,19.8932818],[-98.9519357,19.8929527],[-98.9531648,19.893781]]]},"properties":{"locality":"Marcelino Rojas","official_key":"1306900020017","CVE_ENT":"13","CVE_MUN":"069","CVE_LOC":"0002","CVE_ASEN":"0017","settlement_type":"COLONIA","source":"INEGI DCAH 2025"}},{"type":"Feature","geometry":{"type":"Polygon","coordinates":[[[-98.9577751,19.8952256],[-98.9575744,19.8953121],[-98.9575417,19.8953262],[-98.9575168,19.8953369],[-98.9571327,19.8955025],[-98.9571312,19.8955031],[-98.9570358,19.8955443],[-98.9568065,19.8956431],[-98.9567652,19.8955895],[-98.9541976,19.8951067],[-98.9544151,19.8947945],[-98.9544415,19.8947518],[-98.9546042,19.894508],[-98.9548086,19.8942122],[-98.9550363,19.8938978],[-98.9551495,19.8937105],[-98.9552235,19.8935777],[-98.9554237,19.8932483],[-98.9555793,19.8930019],[-98.9557576,19.8927407],[-98.9558879,19.8925398],[-98.9561098,19.8928686],[-98.956345,19.893189],[-98.9565616,19.8935264],[-98.9567954,19.8938635],[-98.9569671,19.8941143],[-98.9570747,19.8942715],[-98.9577393,19.895194],[-98.9577684,19.8952178],[-98.9577751,19.8952256]]]},"properties":{"locality":"La Moraleja","official_key":"1306900020018","CVE_ENT":"13","CVE_MUN":"069","CVE_LOC":"0002","CVE_ASEN":"0018","settlement_type":"COLONIA","source":"INEGI DCAH 2025"}},{"type":"Feature","geometry":{"type":"Polygon","coordinates":[[[-98.9472495,19.8845681],[-98.9474608,19.8842611],[-98.948899,19.8853105],[-98.9486437,19.8856386],[-98.9484621,19.8859248],[-98.9482822,19.8862072],[-98.9482414,19.8862676],[-98.9481067,19.8864713],[-98.9480447,19.8865649],[-98.9469167,19.8860394],[-98.9464842,19.8858005],[-98.9467823,19.8852988],[-98.9468671,19.8851788],[-98.947045,19.8849077],[-98.9470885,19.8848251],[-98.9472495,19.8845681]]]},"properties":{"locality":"San Ángel","official_key":"1306900020019","CVE_ENT":"13","CVE_MUN":"069","CVE_LOC":"0002","CVE_ASEN":"0019","settlement_type":"COLONIA","source":"INEGI DCAH 2025"}},{"type":"Feature","geometry":{"type":"Polygon","coordinates":[[[-98.9516731,19.8809334],[-98.9513728,19.8813845],[-98.9512243,19.8816453],[-98.9509765,19.8820087],[-98.9501078,19.8815909],[-98.9497792,19.8814232],[-98.9494516,19.8812754],[-98.9496608,19.8809506],[-98.9498625,19.8806375],[-98.9499072,19.8805557],[-98.9499414,19.8804929],[-98.9516731,19.8809334]]]},"properties":{"locality":"El Olivar","official_key":"1306900020020","CVE_ENT":"13","CVE_MUN":"069","CVE_LOC":"0002","CVE_ASEN":"0020","settlement_type":"COLONIA","source":"INEGI DCAH 2025"}},{"type":"Feature","geometry":{"type":"Polygon","coordinates":[[[-98.9493488,19.8780244],[-98.9494377,19.8778872],[-98.9512492,19.8783462],[-98.9511668,19.8784751],[-98.9510866,19.8786107],[-98.9509878,19.8787661],[-98.9509539,19.8788236],[-98.9508781,19.8789538],[-98.9506991,19.8792424],[-98.9484497,19.8795405],[-98.9484039,19.8795225],[-98.9485515,19.8792924],[-98.9493488,19.8780244]]]},"properties":{"locality":"La Perla","official_key":"1306900020021","CVE_ENT":"13","CVE_MUN":"069","CVE_LOC":"0002","CVE_ASEN":"0021","settlement_type":"COLONIA","source":"INEGI DCAH 2025"}},{"type":"Feature","geometry":{"type":"Polygon","coordinates":[[[-98.9494377,19.8778872],[-98.949528,19.8777491],[-98.9497812,19.8773434],[-98.9498892,19.8771423],[-98.9500258,19.8768188],[-98.9500096,19.8766688],[-98.9519241,19.8772811],[-98.9517342,19.8775828],[-98.9516328,19.8777489],[-98.9515302,19.8779168],[-98.9515169,19.8779379],[-98.9513353,19.8782164],[-98.9512943,19.8782793],[-98.9512492,19.8783462],[-98.9494377,19.8778872]]]},"properties":{"locality":"Los Alcatraces","official_key":"1306900020022","CVE_ENT":"13","CVE_MUN":"069","CVE_LOC":"0002","CVE_ASEN":"0022","settlement_type":"COLONIA","source":"INEGI DCAH 2025"}},{"type":"Feature","geometry":{"type":"Polygon","coordinates":[[[-98.9528026,19.8792365],[-98.9509539,19.8788236],[-98.9509878,19.8787661],[-98.9510866,19.8786107],[-98.9511668,19.8784751],[-98.9512492,19.8783462],[-98.9512943,19.8782793],[-98.9513353,19.8782164],[-98.9515169,19.8779379],[-98.9515302,19.8779168],[-98.9516328,19.8777489],[-98.9534506,19.8782511],[-98.9533072,19.8784647],[-98.9529356,19.8790338],[-98.9528026,19.8792365]]]},"properties":{"locality":"Los Pirules","official_key":"1306900020024","CVE_ENT":"13","CVE_MUN":"069","CVE_LOC":"0002","CVE_ASEN":"0024","settlement_type":"COLONIA","source":"INEGI DCAH 2025"}},{"type":"Feature","geometry":{"type":"Polygon","coordinates":[[[-98.9523527,19.8860189],[-98.9526245,19.8856071],[-98.9540443,19.8864093],[-98.9535773,19.8870476],[-98.9539047,19.8872379],[-98.9543106,19.8874789],[-98.9541934,19.8876418],[-98.9541421,19.8877131],[-98.9540683,19.8878156],[-98.9535587,19.8885235],[-98.9535548,19.888529],[-98.9535469,19.8885399],[-98.9531793,19.8883084],[-98.952951,19.8881719],[-98.9515584,19.8872324],[-98.9521045,19.8863987],[-98.9523527,19.8860189]]]},"properties":{"locality":"El Porvenir","official_key":"1306900020025","CVE_ENT":"13","CVE_MUN":"069","CVE_LOC":"0002","CVE_ASEN":"0025","settlement_type":"COLONIA","source":"INEGI DCAH 2025"}},{"type":"Feature","geometry":{"type":"Polygon","coordinates":[[[-98.9599599,19.883034],[-98.9613745,19.8838855],[-98.961288,19.8840297],[-98.9611395,19.8843136],[-98.9609485,19.8846102],[-98.960903,19.8846954],[-98.9607469,19.8849287],[-98.9603212,19.8856269],[-98.960205,19.8858271],[-98.9592333,19.8852362],[-98.9591364,19.8851622],[-98.9595163,19.8841647],[-98.9595241,19.884148],[-98.9596601,19.8837933],[-98.9596738,19.8837492],[-98.9597763,19.8834742],[-98.9598825,19.8832301],[-98.9599599,19.883034]]]},"properties":{"locality":"Quezada","official_key":"1306900020026","CVE_ENT":"13","CVE_MUN":"069","CVE_LOC":"0002","CVE_ASEN":"0026","settlement_type":"COLONIA","source":"INEGI DCAH 2025"}},{"type":"Feature","geometry":{"type":"Polygon","coordinates":[[[-98.9512874,19.8845213],[-98.9514272,19.8843663],[-98.9528643,19.8852555],[-98.9526245,19.8856071],[-98.9523527,19.8860189],[-98.9511865,19.8851619],[-98.9509956,19.8850601],[-98.9509297,19.8850197],[-98.9512874,19.8845213]]]},"properties":{"locality":"Real Campestre","official_key":"1306900020027","CVE_ENT":"13","CVE_MUN":"069","CVE_LOC":"0002","CVE_ASEN":"0027","settlement_type":"COLONIA","source":"INEGI DCAH 2025"}},{"type":"Feature","geometry":{"type":"Polygon","coordinates":[[[-98.9589678,19.8810013],[-98.9587751,19.8809352],[-98.9589416,19.8803661],[-98.958987,19.8801013],[-98.9590326,19.8797361],[-98.9590911,19.8793492],[-98.9591151,19.8792228],[-98.9591489,19.8790458],[-98.9592371,19.8786158],[-98.9593237,19.8781935],[-98.9594188,19.8776312],[-98.9594634,19.8773227],[-98.9596159,19.8774011],[-98.9599604,19.877578],[-98.9601581,19.8776637],[-98.9601517,19.8776995],[-98.9600494,19.8782764],[-98.9599778,19.8787032],[-98.9599123,19.8790716],[-98.9591232,19.88106],[-98.9589678,19.8810013]]]},"properties":{"locality":"Reforma","official_key":"1306900020028","CVE_ENT":"13","CVE_MUN":"069","CVE_LOC":"0002","CVE_ASEN":"0028","settlement_type":"COLONIA","source":"INEGI DCAH 2025"}},{"type":"Feature","geometry":{"type":"Polygon","coordinates":[[[-98.9566135,19.8836569],[-98.9561943,19.8834938],[-98.9560074,19.8834277],[-98.9559958,19.8834237],[-98.9556041,19.8832876],[-98.9550891,19.8831019],[-98.9544308,19.8828678],[-98.9546317,19.8825386],[-98.9548141,19.8822736],[-98.9549339,19.8820941],[-98.9550618,19.8819024],[-98.9552426,19.881622],[-98.9556679,19.8818005],[-98.9574598,19.8825632],[-98.9575527,19.8826027],[-98.9573923,19.8827785],[-98.9571972,19.8830939],[-98.9570204,19.8834901],[-98.9572383,19.8835522],[-98.9571294,19.8837241],[-98.9570582,19.8838458],[-98.9569798,19.8838161],[-98.9566135,19.8836569]]]},"properties":{"locality":"Los Remedios","official_key":"1306900020029","CVE_ENT":"13","CVE_MUN":"069","CVE_LOC":"0002","CVE_ASEN":"0029","settlement_type":"COLONIA","source":"INEGI DCAH 2025"}},{"type":"Feature","geometry":{"type":"Polygon","coordinates":[[[-98.9461449,19.8843812],[-98.9462815,19.8842074],[-98.9465533,19.8843596],[-98.9469191,19.8838584],[-98.9472586,19.8841205],[-98.9474608,19.8842611],[-98.9472495,19.8845681],[-98.9470885,19.8848251],[-98.947045,19.8849077],[-98.9468671,19.8851788],[-98.9467823,19.8852988],[-98.9464842,19.8858005],[-98.9462536,19.8861886],[-98.9461941,19.8862957],[-98.946046,19.886562],[-98.9459962,19.8866342],[-98.944939,19.8863226],[-98.9453065,19.8857327],[-98.9453522,19.8856547],[-98.9455533,19.885338],[-98.9457575,19.8850246],[-98.9459535,19.8846929],[-98.9461449,19.8843812]]]},"properties":{"locality":"El Rosal","official_key":"1306900020030","CVE_ENT":"13","CVE_MUN":"069","CVE_LOC":"0002","CVE_ASEN":"0030","settlement_type":"COLONIA","source":"INEGI DCAH 2025"}},{"type":"Feature","geometry":{"type":"Polygon","coordinates":[[[-98.9508461,19.882183],[-98.9509765,19.8820087],[-98.9512243,19.8816453],[-98.9523412,19.8824384],[-98.9525972,19.8826145],[-98.9523654,19.8829127],[-98.952368,19.8829664],[-98.9522164,19.8831849],[-98.9508461,19.882183]]]},"properties":{"locality":"El Rosario","official_key":"1306900020031","CVE_ENT":"13","CVE_MUN":"069","CVE_LOC":"0002","CVE_ASEN":"0031","settlement_type":"COLONIA","source":"INEGI DCAH 2025"}},{"type":"Feature","geometry":{"type":"Polygon","coordinates":[[[-98.9539113,19.8836417],[-98.9540478,19.8834373],[-98.9541232,19.8833533],[-98.9542602,19.8831234],[-98.9543073,19.883062],[-98.9544308,19.8828678],[-98.9550891,19.8831019],[-98.9556041,19.8832876],[-98.9559958,19.8834237],[-98.9558456,19.8836662],[-98.9556778,19.8839123],[-98.9555609,19.8841499],[-98.955532,19.8841959],[-98.9539113,19.8836417]]]},"properties":{"locality":"San Fernando","official_key":"1306900020033","CVE_ENT":"13","CVE_MUN":"069","CVE_LOC":"0002","CVE_ASEN":"0033","settlement_type":"UNIDAD HABITACIONAL","source":"INEGI DCAH 2025"}},{"type":"Feature","geometry":{"type":"Polygon","coordinates":[[[-98.9516341,19.8962504],[-98.9517394,19.8961037],[-98.9518362,19.8959434],[-98.9521474,19.8954344],[-98.9522673,19.8952439],[-98.9535905,19.8960565],[-98.9533698,19.8963848],[-98.9531622,19.8967092],[-98.9531254,19.8967661],[-98.9529286,19.897062],[-98.9525535,19.8968262],[-98.9522843,19.8966528],[-98.9519753,19.89645],[-98.9516341,19.8962504]]]},"properties":{"locality":"Jardines de San Vicente","official_key":"1306900020034","CVE_ENT":"13","CVE_MUN":"069","CVE_LOC":"0002","CVE_ASEN":"0034","settlement_type":"COLONIA","source":"INEGI DCAH 2025"}},{"type":"Feature","geometry":{"type":"Polygon","coordinates":[[[-98.9504384,19.889065],[-98.9505339,19.8889209],[-98.9506253,19.8887829],[-98.9507623,19.8885679],[-98.9508334,19.8884563],[-98.9509491,19.8882599],[-98.9523128,19.8891072],[-98.9521975,19.8892572],[-98.9520045,19.8895798],[-98.9517958,19.8898959],[-98.9504384,19.889065]]]},"properties":{"locality":"Santa Mónica","official_key":"1306900020035","CVE_ENT":"13","CVE_MUN":"069","CVE_LOC":"0002","CVE_ASEN":"0035","settlement_type":"COLONIA","source":"INEGI DCAH 2025"}},{"type":"Feature","geometry":{"type":"Polygon","coordinates":[[[-98.9551717,19.8784105],[-98.9569366,19.8788683],[-98.9564774,19.8795844],[-98.9560891,19.8802128],[-98.9546834,19.8792591],[-98.9547901,19.8791347],[-98.9549731,19.8788913],[-98.9551666,19.8785438],[-98.9551717,19.8784105]]]},"properties":{"locality":"Bicentenario","official_key":"1306900020036","CVE_ENT":"13","CVE_MUN":"069","CVE_LOC":"0002","CVE_ASEN":"0036","settlement_type":"FRACCIONAMIENTO","source":"INEGI DCAH 2025"}},{"type":"Feature","geometry":{"type":"Polygon","coordinates":[[[-98.949983,19.8865527],[-98.9502167,19.8862103],[-98.9515584,19.8872324],[-98.9509491,19.8882599],[-98.9508334,19.8884563],[-98.9507623,19.8885679],[-98.9506253,19.8887829],[-98.9505339,19.8889209],[-98.9504384,19.889065],[-98.9503263,19.8892364],[-98.9502617,19.8892665],[-98.9500773,19.8895492],[-98.9498744,19.8898577],[-98.9497166,19.8900977],[-98.9495753,19.8899984],[-98.9492197,19.8896014],[-98.9491908,19.889524],[-98.9491599,19.8894413],[-98.9491248,19.8893117],[-98.949085,19.8892509],[-98.9490111,19.8891505],[-98.9489472,19.8890352],[-98.9488751,19.8888569],[-98.9487292,19.888581],[-98.9489862,19.8881738],[-98.9491163,19.8879623],[-98.9493072,19.8876234],[-98.9495705,19.8872175],[-98.9496709,19.8870444],[-98.9497625,19.8868865],[-98.949983,19.8865527]]]},"properties":{"locality":"Los Tulipanes","official_key":"1306900020037","CVE_ENT":"13","CVE_MUN":"069","CVE_LOC":"0002","CVE_ASEN":"0037","settlement_type":"COLONIA","source":"INEGI DCAH 2025"}},{"type":"Feature","geometry":{"type":"Polygon","coordinates":[[[-98.9534821,19.8811645],[-98.9535313,19.8810667],[-98.9535679,19.880994],[-98.9535753,19.8809608],[-98.9537066,19.8807653],[-98.9537908,19.8806396],[-98.9539019,19.8804346],[-98.9539254,19.8803599],[-98.9538627,19.8803072],[-98.9540034,19.8800823],[-98.9555683,19.8811162],[-98.9554254,19.8813398],[-98.9554,19.8813872],[-98.9552426,19.881622],[-98.9550618,19.8819024],[-98.9549339,19.8820941],[-98.9534821,19.8811645]]]},"properties":{"locality":"Niños Héroes I","official_key":"1306900020038","CVE_ENT":"13","CVE_MUN":"069","CVE_LOC":"0002","CVE_ASEN":"0038","settlement_type":"COLONIA","source":"INEGI DCAH 2025"}},{"type":"Feature","geometry":{"type":"Polygon","coordinates":[[[-98.94771,19.8839055],[-98.9479866,19.8835223],[-98.9496463,19.884254],[-98.9493092,19.8847341],[-98.9489464,19.8852564],[-98.948899,19.8853105],[-98.9474608,19.8842611],[-98.94771,19.8839055]]]},"properties":{"locality":"Vicente Guerrero II","official_key":"1306900020039","CVE_ENT":"13","CVE_MUN":"069","CVE_LOC":"0002","CVE_ASEN":"0039","settlement_type":"COLONIA","source":"INEGI DCAH 2025"}},{"type":"Feature","geometry":{"type":"Polygon","coordinates":[[[-98.9618181,19.8868726],[-98.9618571,19.8868063],[-98.9621505,19.886411],[-98.9624586,19.8859465],[-98.9626096,19.8857231],[-98.9628653,19.8853597],[-98.962951,19.8852477],[-98.9632499,19.8854125],[-98.9635922,19.8856012],[-98.9638194,19.8857363],[-98.9630486,19.8870999],[-98.962682,19.8868579],[-98.9623993,19.8872234],[-98.9621548,19.8870996],[-98.9618181,19.8868726]]]},"properties":{"locality":"Villas del Carmen","official_key":"1306900020040","CVE_ENT":"13","CVE_MUN":"069","CVE_LOC":"0002","CVE_ASEN":"0040","settlement_type":"COLONIA","source":"INEGI DCAH 2025"}},{"type":"Feature","geometry":{"type":"Polygon","coordinates":[[[-98.9523127,19.8951182],[-98.9522673,19.8952439],[-98.9521474,19.8954344],[-98.9518362,19.8959434],[-98.9517394,19.8961037],[-98.9516341,19.8962504],[-98.9509723,19.8958309],[-98.9504009,19.8954832],[-98.9503184,19.8954327],[-98.9504148,19.8952818],[-98.9504455,19.8952346],[-98.9506092,19.8949835],[-98.9508233,19.8946489],[-98.9508636,19.8945861],[-98.9510397,19.8943371],[-98.9523127,19.8951182]]]},"properties":{"locality":"Ingeniero Rafael Mireles Muñoz","official_key":"1306900020041","CVE_ENT":"13","CVE_MUN":"069","CVE_LOC":"0002","CVE_ASEN":"0041","settlement_type":"COLONIA","source":"INEGI DCAH 2025"}},{"type":"Feature","geometry":{"type":"Polygon","coordinates":[[[-98.9535622,19.8903055],[-98.954936,19.8910977],[-98.9547897,19.8913212],[-98.9544437,19.8918465],[-98.9541187,19.891639],[-98.9537777,19.8914343],[-98.9534304,19.8912324],[-98.9531055,19.891019],[-98.9535622,19.8903055]]]},"properties":{"locality":"Lagos","official_key":"1306900020046","CVE_ENT":"13","CVE_MUN":"069","CVE_LOC":"0002","CVE_ASEN":"0046","settlement_type":"FRACCIONAMIENTO","source":"INEGI DCAH 2025"}},{"type":"Feature","geometry":{"type":"Polygon","coordinates":[[[-98.9569151,19.892123],[-98.9575808,19.8911257],[-98.9581043,19.8914626],[-98.9582939,19.8915846],[-98.9582967,19.8915864],[-98.9584776,19.8917028],[-98.9584235,19.8917354],[-98.9573419,19.8933529],[-98.9571214,19.8932138],[-98.9564604,19.8928383],[-98.9566655,19.8925138],[-98.9569151,19.892123]]]},"properties":{"locality":"Bosques del Carmen","official_key":"1306900020047","CVE_ENT":"13","CVE_MUN":"069","CVE_LOC":"0002","CVE_ASEN":"0047","settlement_type":"COLONIA","source":"INEGI DCAH 2025"}},{"type":"Feature","geometry":{"type":"Polygon","coordinates":[[[-98.9553923,19.8903962],[-98.9556746,19.8899403],[-98.9557479,19.8899462],[-98.9560492,19.8901401],[-98.9565553,19.8904658],[-98.9569899,19.8907455],[-98.9570813,19.8908043],[-98.9563496,19.8918098],[-98.956133,19.8921413],[-98.9553914,19.8917096],[-98.955074,19.8915005],[-98.9547897,19.8913212],[-98.954936,19.8910977],[-98.9550374,19.8909588],[-98.9553923,19.8903962]]]},"properties":{"locality":"Carlos Castillo Pedraza","official_key":"1306900020048","CVE_ENT":"13","CVE_MUN":"069","CVE_LOC":"0002","CVE_ASEN":"0048","settlement_type":"COLONIA","source":"INEGI DCAH 2025"}},{"type":"Feature","geometry":{"type":"Polygon","coordinates":[[[-98.9547897,19.8913212],[-98.955074,19.8915005],[-98.9553914,19.8917096],[-98.956133,19.8921413],[-98.9559596,19.8924204],[-98.9558879,19.8925398],[-98.9557576,19.8927407],[-98.9555793,19.8930019],[-98.9554237,19.8932483],[-98.9552235,19.8935777],[-98.9551495,19.8937105],[-98.9550363,19.8938978],[-98.9543338,19.8934495],[-98.9536637,19.893021],[-98.9537664,19.8928527],[-98.9538699,19.8927145],[-98.9538814,19.8926991],[-98.9539809,19.8925596],[-98.9541971,19.8922373],[-98.9544437,19.8918465],[-98.9547897,19.8913212]]]},"properties":{"locality":"El Carmen","official_key":"1306900020049","CVE_ENT":"13","CVE_MUN":"069","CVE_LOC":"0002","CVE_ASEN":"0049","settlement_type":"AMPLIACIÓN","source":"INEGI DCAH 2025"}},{"type":"Feature","geometry":{"type":"Polygon","coordinates":[[[-98.9551717,19.8784105],[-98.9558993,19.8774312],[-98.9564534,19.877574],[-98.9575234,19.8778496],[-98.9575791,19.8778639],[-98.9574798,19.8780198],[-98.9574565,19.8780564],[-98.9572422,19.8783721],[-98.9572208,19.8784073],[-98.9570963,19.8786129],[-98.9570566,19.8786785],[-98.9569366,19.8788683],[-98.9551717,19.8784105]]]},"properties":{"locality":"Los Cedros","official_key":"1306900020050","CVE_ENT":"13","CVE_MUN":"069","CVE_LOC":"0002","CVE_ASEN":"0050","settlement_type":"COLONIA","source":"INEGI DCAH 2025"}},{"type":"Feature","geometry":{"type":"Polygon","coordinates":[[[-98.9525992,19.8918291],[-98.9538699,19.8927145],[-98.9537664,19.8928527],[-98.9536637,19.893021],[-98.9535619,19.8931533],[-98.9534608,19.8933201],[-98.9533615,19.8934923],[-98.953262,19.8936342],[-98.9531648,19.893781],[-98.9519357,19.8929527],[-98.9520542,19.8927612],[-98.9521278,19.8926423],[-98.9522992,19.8923531],[-98.9525048,19.8920046],[-98.9525592,19.8919002],[-98.9525992,19.8918291]]]},"properties":{"locality":"Fernando Montes de Oca","official_key":"1306900020051","CVE_ENT":"13","CVE_MUN":"069","CVE_LOC":"0002","CVE_ASEN":"0051","settlement_type":"COLONIA","source":"INEGI DCAH 2025"}},{"type":"Feature","geometry":{"type":"Polygon","coordinates":[[[-98.9594634,19.8773227],[-98.9594188,19.8776312],[-98.9593237,19.8781935],[-98.9592371,19.8786158],[-98.9591489,19.8790458],[-98.9591151,19.8792228],[-98.9570963,19.8786129],[-98.9572208,19.8784073],[-98.9572422,19.8783721],[-98.9574565,19.8780564],[-98.9574798,19.8780198],[-98.9575791,19.8778639],[-98.9576923,19.8776861],[-98.9579316,19.8773504],[-98.9580497,19.8772061],[-98.9581621,19.8770501],[-98.9582437,19.8769334],[-98.9583666,19.8769507],[-98.9585713,19.8769848],[-98.9586807,19.877003],[-98.9589315,19.8770929],[-98.9592718,19.8772403],[-98.959346,19.8772722],[-98.9594634,19.8773227]]]},"properties":{"locality":"Niños Héroes II","official_key":"1306900020052","CVE_ENT":"13","CVE_MUN":"069","CVE_LOC":"0002","CVE_ASEN":"0052","settlement_type":"FRACCIONAMIENTO","source":"INEGI DCAH 2025"}},{"type":"Feature","geometry":{"type":"Polygon","coordinates":[[[-98.9479866,19.8835223],[-98.9483466,19.8829495],[-98.948461,19.8827843],[-98.9500629,19.8835834],[-98.9499639,19.8837561],[-98.9497632,19.8840819],[-98.9496463,19.884254],[-98.9479866,19.8835223]]]},"properties":{"locality":"Nuevo México Ill","official_key":"1306900020053","CVE_ENT":"13","CVE_MUN":"069","CVE_LOC":"0002","CVE_ASEN":"0053","settlement_type":"COLONIA","source":"INEGI DCAH 2025"}},{"type":"Feature","geometry":{"type":"Polygon","coordinates":[[[-98.9613745,19.8838855],[-98.9618922,19.8842147],[-98.9629607,19.8848859],[-98.9630452,19.884922],[-98.9630165,19.8850537],[-98.962951,19.8852477],[-98.9628653,19.8853597],[-98.9626096,19.8857231],[-98.9624586,19.8859465],[-98.9607469,19.8849287],[-98.960903,19.8846954],[-98.9609485,19.8846102],[-98.9611395,19.8843136],[-98.961288,19.8840297],[-98.9613745,19.8838855]]]},"properties":{"locality":"El Paraíso","official_key":"1306900020054","CVE_ENT":"13","CVE_MUN":"069","CVE_LOC":"0002","CVE_ASEN":"0054","settlement_type":"COLONIA","source":"INEGI DCAH 2025"}},{"type":"Feature","geometry":{"type":"Polygon","coordinates":[[[-98.9486437,19.8856386],[-98.948899,19.8853105],[-98.9494953,19.8857352],[-98.9502167,19.8862103],[-98.949983,19.8865527],[-98.9497625,19.8868865],[-98.9496709,19.8870444],[-98.9495705,19.8872175],[-98.9493072,19.8876234],[-98.9491163,19.8879623],[-98.9489862,19.8881738],[-98.9487292,19.888581],[-98.9486773,19.88849],[-98.9485987,19.8883978],[-98.9481248,19.888056],[-98.9477663,19.8878489],[-98.9473622,19.8875523],[-98.9473584,19.8875495],[-98.9475647,19.8872772],[-98.9478121,19.8869177],[-98.9480447,19.8865649],[-98.9481067,19.8864713],[-98.9482414,19.8862676],[-98.9482822,19.8862072],[-98.9484621,19.8859248],[-98.9486437,19.8856386]]]},"properties":{"locality":"El Peñal","official_key":"1306900020055","CVE_ENT":"13","CVE_MUN":"069","CVE_LOC":"0002","CVE_ASEN":"0055","settlement_type":"COLONIA","source":"INEGI DCAH 2025"}},{"type":"Feature","geometry":{"type":"Polygon","coordinates":[[[-98.9560664,19.8802667],[-98.9560891,19.8802128],[-98.9564774,19.8795844],[-98.9567244,19.8796527],[-98.9585712,19.8802497],[-98.9586953,19.8802899],[-98.9587804,19.8803187],[-98.9589416,19.8803661],[-98.9587751,19.8809352],[-98.9587073,19.8811782],[-98.9586453,19.8812287],[-98.9585369,19.8812363],[-98.9584588,19.8812202],[-98.9582996,19.8811946],[-98.9576577,19.8809943],[-98.9559625,19.8804444],[-98.9560664,19.8802667]]]},"properties":{"locality":"Reforma II","official_key":"1306900020056","CVE_ENT":"13","CVE_MUN":"069","CVE_LOC":"0002","CVE_ASEN":"0056","settlement_type":"COLONIA","source":"INEGI DCAH 2025"}},{"type":"Feature","geometry":{"type":"Polygon","coordinates":[[[-98.9506075,19.8854373],[-98.9509297,19.8850197],[-98.9509956,19.8850601],[-98.9511865,19.8851619],[-98.9523527,19.8860189],[-98.9521045,19.8863987],[-98.9515584,19.8872324],[-98.9502167,19.8862103],[-98.9504598,19.8856396],[-98.9505448,19.8855232],[-98.9506075,19.8854373]]]},"properties":{"locality":"Santos Rivero","official_key":"1306900020057","CVE_ENT":"13","CVE_MUN":"069","CVE_LOC":"0002","CVE_ASEN":"0057","settlement_type":"COLONIA","source":"INEGI DCAH 2025"}},{"type":"Feature","geometry":{"type":"Polygon","coordinates":[[[-98.9558879,19.8925398],[-98.9559596,19.8924204],[-98.956133,19.8921413],[-98.9563496,19.8918098],[-98.9570813,19.8908043],[-98.9572501,19.8909129],[-98.9574701,19.8910545],[-98.9575779,19.8911239],[-98.9575808,19.8911257],[-98.9569151,19.892123],[-98.9566655,19.8925138],[-98.9564604,19.8928383],[-98.9571214,19.8932138],[-98.9573419,19.8933529],[-98.957571,19.8935409],[-98.9570747,19.8942715],[-98.9569671,19.8941143],[-98.9567954,19.8938635],[-98.9565616,19.8935264],[-98.956345,19.893189],[-98.9561098,19.8928686],[-98.9558879,19.8925398]]]},"properties":{"locality":"Valle del Carmen","official_key":"1306900020058","CVE_ENT":"13","CVE_MUN":"069","CVE_LOC":"0002","CVE_ASEN":"0058","settlement_type":"COLONIA","source":"INEGI DCAH 2025"}},{"type":"Feature","geometry":{"type":"Polygon","coordinates":[[[-98.9638194,19.8857363],[-98.9635922,19.8856012],[-98.9632499,19.8854125],[-98.962951,19.8852477],[-98.9630165,19.8850537],[-98.9630452,19.884922],[-98.9631052,19.8846294],[-98.9632354,19.8837772],[-98.9632599,19.8834727],[-98.963522,19.8835096],[-98.9640717,19.883595],[-98.9651059,19.883751],[-98.9653531,19.8837918],[-98.9652974,19.8838678],[-98.9639485,19.8857069],[-98.9639341,19.8857264],[-98.9639121,19.8857564],[-98.9638943,19.8857808],[-98.9638272,19.8857409],[-98.9638194,19.8857363]]]},"properties":{"locality":"Las Margaritas","official_key":"1306900020060","CVE_ENT":"13","CVE_MUN":"069","CVE_LOC":"0002","CVE_ASEN":"0060","settlement_type":"COLONIA","source":"INEGI DCAH 2025"}},{"type":"Feature","geometry":{"type":"Polygon","coordinates":[[[-98.9536116,19.8780125],[-98.9537302,19.8778355],[-98.9539065,19.8775306],[-98.9541246,19.877169],[-98.9542248,19.8769996],[-98.9542535,19.877007],[-98.9558993,19.8774312],[-98.9551717,19.8784105],[-98.9536116,19.8780125]]]},"properties":{"locality":"Arboledas el Carmen","official_key":"1306900020064","CVE_ENT":"13","CVE_MUN":"069","CVE_LOC":"0002","CVE_ASEN":"0064","settlement_type":"COLONIA","source":"INEGI DCAH 2025"}},{"type":"Feature","geometry":{"type":"Polygon","coordinates":[[[-98.949388,19.8968701],[-98.9495938,19.8965615],[-98.9497875,19.8962458],[-98.9500014,19.8959383],[-98.950251,19.8955401],[-98.9503184,19.8954327],[-98.9504009,19.8954832],[-98.9509723,19.8958309],[-98.9516341,19.8962504],[-98.9515134,19.8964268],[-98.9513125,19.8967274],[-98.9512723,19.8967996],[-98.951141,19.8969797],[-98.9510467,19.8970066],[-98.9507094,19.8970976],[-98.950642,19.8971841],[-98.950534,19.8973186],[-98.950777,19.8974761],[-98.9506777,19.8976376],[-98.9500406,19.8972594],[-98.949388,19.8968701]]]},"properties":{"locality":"El Carmen I","official_key":"1306900020065","CVE_ENT":"13","CVE_MUN":"069","CVE_LOC":"0002","CVE_ASEN":"0065","settlement_type":"FRACCIONAMIENTO","source":"INEGI DCAH 2025"}},{"type":"Feature","geometry":{"type":"Polygon","coordinates":[[[-98.949388,19.8968701],[-98.9500406,19.8972594],[-98.9506777,19.8976376],[-98.9504801,19.897933],[-98.9503039,19.8982133],[-98.9501001,19.8985248],[-98.9495127,19.8994226],[-98.9493661,19.8993142],[-98.9490957,19.8991143],[-98.9487045,19.8988526],[-98.9482327,19.8985811],[-98.9482304,19.8985798],[-98.9482076,19.8985666],[-98.9481985,19.8985614],[-98.9478694,19.8984579],[-98.9476437,19.8983869],[-98.9474832,19.8983467],[-98.9474274,19.8983328],[-98.9470704,19.8982434],[-98.9470704,19.8982434],[-98.9467725,19.8981688],[-98.9466686,19.8981444],[-98.9464684,19.8980973],[-98.9460032,19.8979878],[-98.9460031,19.8979877],[-98.9459209,19.8979684],[-98.9458884,19.8979607],[-98.9458438,19.8979502],[-98.9456725,19.8979099],[-98.9455932,19.8979169],[-98.9455638,19.8979116],[-98.9453394,19.8979107],[-98.9450691,19.8979161],[-98.9449315,19.8976716],[-98.945265,19.8971608],[-98.9454667,19.8968158],[-98.9456641,19.8964995],[-98.9457995,19.8962883],[-98.9470586,19.897123],[-98.9471726,19.8969673],[-98.9474073,19.8966489],[-98.947773,19.8961496],[-98.9480366,19.8963218],[-98.9483304,19.8965137],[-98.9486564,19.8967391],[-98.9490086,19.8969735],[-98.9492312,19.8971104],[-98.949388,19.8968701]]]},"properties":{"locality":"El Carmen II","official_key":"1306900020066","CVE_ENT":"13","CVE_MUN":"069","CVE_LOC":"0002","CVE_ASEN":"0066","settlement_type":"FRACCIONAMIENTO","source":"INEGI DCAH 2025"}},{"type":"Feature","geometry":{"type":"Polygon","coordinates":[[[-98.9535622,19.8903055],[-98.9543361,19.889211],[-98.9543636,19.8891744],[-98.9544406,19.8891058],[-98.9545249,19.8891592],[-98.9545631,19.8891838],[-98.9546968,19.8892698],[-98.9552235,19.8896088],[-98.955664,19.8898923],[-98.9557479,19.8899462],[-98.9556746,19.8899403],[-98.9553923,19.8903962],[-98.9550374,19.8909588],[-98.954936,19.8910977],[-98.9535622,19.8903055]]]},"properties":{"locality":"Costa de Oro","official_key":"1306900020067","CVE_ENT":"13","CVE_MUN":"069","CVE_LOC":"0002","CVE_ASEN":"0067","settlement_type":"COLONIA","source":"INEGI DCAH 2025"}},{"type":"Feature","geometry":{"type":"Polygon","coordinates":[[[-98.9533239,19.9023853],[-98.9533857,19.9020701],[-98.9534549,19.9020909],[-98.9535577,19.9021181],[-98.9537643,19.9021552],[-98.9541347,19.9022118],[-98.9545337,19.9022733],[-98.9548789,19.9023075],[-98.955282,19.9023586],[-98.9557223,19.9024126],[-98.9560673,19.9024549],[-98.956217,19.9024736],[-98.9562433,19.9024769],[-98.9563522,19.9030359],[-98.9565057,19.9038617],[-98.9558881,19.9037878],[-98.9555362,19.903741],[-98.9550886,19.9036816],[-98.9550846,19.903681],[-98.9546791,19.9036355],[-98.9546603,19.9036328],[-98.9543302,19.9035853],[-98.9539183,19.9035219],[-98.9535513,19.9034723],[-98.9535448,19.903468],[-98.953165,19.9032213],[-98.9533239,19.9023853]]]},"properties":{"locality":"La Escondida","official_key":"1306900020068","CVE_ENT":"13","CVE_MUN":"069","CVE_LOC":"0002","CVE_ASEN":"0068","settlement_type":"COLONIA","source":"INEGI DCAH 2025"}},{"type":"Feature","geometry":{"type":"Polygon","coordinates":[[[-98.9530169,19.9041293],[-98.953165,19.9032213],[-98.9535448,19.903468],[-98.9535513,19.9034723],[-98.9539183,19.9035219],[-98.9543302,19.9035853],[-98.9546603,19.9036328],[-98.9546791,19.9036355],[-98.9550846,19.903681],[-98.9550886,19.9036816],[-98.9555362,19.903741],[-98.9558881,19.9037878],[-98.9565057,19.9038617],[-98.9565058,19.9038619],[-98.9565811,19.9042668],[-98.9565811,19.904267],[-98.9565812,19.9042675],[-98.9567499,19.9051745],[-98.9568055,19.905352],[-98.9568179,19.9053914],[-98.9568913,19.9056204],[-98.9569391,19.9058076],[-98.956781,19.9057838],[-98.9557849,19.9056573],[-98.955705,19.9056471],[-98.9548795,19.9055322],[-98.9539477,19.9054079],[-98.9530201,19.9052657],[-98.9530631,19.9048744],[-98.9531747,19.9043093],[-98.9530169,19.9041293]]]},"properties":{"locality":"Felipe Reyes","official_key":"1306900020069","CVE_ENT":"13","CVE_MUN":"069","CVE_LOC":"0002","CVE_ASEN":"0069","settlement_type":"AMPLIACIÓN","source":"INEGI DCAH 2025"}},{"type":"Feature","geometry":{"type":"Polygon","coordinates":[[[-98.950861,19.9002107],[-98.9508756,19.9001744],[-98.9508835,19.9001757],[-98.9540576,19.9006237],[-98.9539853,19.901075],[-98.9536239,19.9008968],[-98.9536288,19.9009487],[-98.9536188,19.901033],[-98.9535035,19.9014701],[-98.9533857,19.9020701],[-98.9533239,19.9023853],[-98.953165,19.9032213],[-98.9530169,19.9041293],[-98.9526479,19.9040931],[-98.9522548,19.9040478],[-98.9519013,19.903999],[-98.9515676,19.9039534],[-98.9511806,19.9039067],[-98.9507606,19.9038498],[-98.9507627,19.9038193],[-98.9507679,19.9037203],[-98.9507787,19.9035169],[-98.950795,19.9032098],[-98.9507952,19.9031716],[-98.9507969,19.9028747],[-98.9507978,19.9027203],[-98.950798,19.9026889],[-98.9507995,19.9024245],[-98.950801,19.9023672],[-98.9508093,19.9020514],[-98.9508096,19.9020388],[-98.95081,19.9020155],[-98.9508103,19.9019865],[-98.9508153,19.9016139],[-98.9508031,19.9004794],[-98.9508235,19.9003035],[-98.950861,19.9002107]]]},"properties":{"locality":"Lomas del Real I","official_key":"1306900020070","CVE_ENT":"13","CVE_MUN":"069","CVE_LOC":"0002","CVE_ASEN":"0070","settlement_type":"COLONIA","source":"INEGI DCAH 2025"}},{"type":"Feature","geometry":{"type":"Polygon","coordinates":[[[-98.9552579,19.8974188],[-98.9552934,19.8976012],[-98.9552997,19.8976336],[-98.9553734,19.8980117],[-98.9554438,19.898373],[-98.955512,19.898723],[-98.9555938,19.8991428],[-98.9556017,19.8991835],[-98.9556543,19.8994538],[-98.9556543,19.8994538],[-98.9557481,19.8999354],[-98.9539915,19.8996951],[-98.9542307,19.8987957],[-98.9519659,19.8984962],[-98.9521169,19.8982619],[-98.9523268,19.8979541],[-98.9523592,19.8979005],[-98.9525652,19.8975988],[-98.9526738,19.8974575],[-98.9529286,19.897062],[-98.9552579,19.8974188]]]},"properties":{"locality":"Las Margaritas","official_key":"1306900020071","CVE_ENT":"13","CVE_MUN":"069","CVE_LOC":"0002","CVE_ASEN":"0071","settlement_type":"FRACCIONAMIENTO","source":"INEGI DCAH 2025"}},{"type":"Feature","geometry":{"type":"Polygon","coordinates":[[[-98.9523592,19.8979005],[-98.9520227,19.8976571],[-98.9517469,19.897473],[-98.9515954,19.8973529],[-98.9515363,19.8972731],[-98.9514705,19.8971316],[-98.9514314,19.8970656],[-98.9513477,19.8969104],[-98.9512723,19.8967996],[-98.9513125,19.8967274],[-98.9515134,19.8964268],[-98.9516341,19.8962504],[-98.9519753,19.89645],[-98.9522843,19.8966528],[-98.9525535,19.8968262],[-98.9529286,19.897062],[-98.9526738,19.8974575],[-98.9525652,19.8975988],[-98.9523592,19.8979005]]]},"properties":{"locality":"El Mezquital","official_key":"1306900020072","CVE_ENT":"13","CVE_MUN":"069","CVE_LOC":"0002","CVE_ASEN":"0072","settlement_type":"FRACCIONAMIENTO","source":"INEGI DCAH 2025"}},{"type":"Feature","geometry":{"type":"Polygon","coordinates":[[[-98.9522417,19.8768481],[-98.9523559,19.8766925],[-98.9528217,19.875968],[-98.9528968,19.8757953],[-98.9531248,19.87577],[-98.9534681,19.8757398],[-98.9538637,19.875841],[-98.9542173,19.8759184],[-98.9543788,19.8759738],[-98.9545572,19.8760245],[-98.9547143,19.8760601],[-98.9548115,19.8760763],[-98.9547704,19.876152],[-98.9546864,19.8762571],[-98.9545536,19.8764439],[-98.9543434,19.8767992],[-98.9543011,19.8768707],[-98.9542248,19.8769996],[-98.9522417,19.8768481]]]},"properties":{"locality":"El Mineral","official_key":"1306900020073","CVE_ENT":"13","CVE_MUN":"069","CVE_LOC":"0002","CVE_ASEN":"0073","settlement_type":"COLONIA","source":"INEGI DCAH 2025"}},{"type":"Feature","geometry":{"type":"Polygon","coordinates":[[[-98.9632599,19.8834727],[-98.963279,19.8833583],[-98.9633473,19.8829489],[-98.9634259,19.8824985],[-98.9634367,19.8824301],[-98.9635103,19.8824028],[-98.9635171,19.8824003],[-98.9635849,19.8823973],[-98.9642684,19.882492],[-98.9646092,19.8825382],[-98.965019,19.8825974],[-98.9653889,19.8826411],[-98.9657723,19.8826857],[-98.9660838,19.8827308],[-98.9657063,19.8832695],[-98.9654862,19.883595],[-98.9653531,19.8837918],[-98.9651059,19.883751],[-98.9640717,19.883595],[-98.963522,19.8835096],[-98.9632599,19.8834727]]]},"properties":{"locality":"Rincón de Tizayuca","official_key":"1306900020074","CVE_ENT":"13","CVE_MUN":"069","CVE_LOC":"0002","CVE_ASEN":"0074","settlement_type":"FRACCIONAMIENTO","source":"INEGI DCAH 2025"}},{"type":"Feature","geometry":{"type":"Polygon","coordinates":[[[-98.952063,19.8834021],[-98.9522164,19.8831849],[-98.952368,19.8829664],[-98.9523654,19.8829127],[-98.9525972,19.8826145],[-98.9527786,19.8823003],[-98.9529948,19.8819898],[-98.9532113,19.8816643],[-98.9534131,19.8813339],[-98.9534821,19.8811645],[-98.9549339,19.8820941],[-98.9548141,19.8822736],[-98.9546317,19.8825386],[-98.9544308,19.8828678],[-98.9543073,19.883062],[-98.9542602,19.8831234],[-98.9541232,19.8833533],[-98.9540478,19.8834373],[-98.9539113,19.8836417],[-98.9538495,19.8837341],[-98.9536953,19.8839649],[-98.9534491,19.8843408],[-98.952803,19.883893],[-98.952063,19.8834021]]]},"properties":{"locality":"Ampliación el Rosario","official_key":"1306900020075","CVE_ENT":"13","CVE_MUN":"069","CVE_LOC":"0002","CVE_ASEN":"0075","settlement_type":"COLONIA","source":"INEGI DCAH 2025"}},{"type":"Feature","geometry":{"type":"Polygon","coordinates":[[[-98.9568065,19.8956431],[-98.9567873,19.8956514],[-98.9565652,19.8957471],[-98.9565644,19.8957475],[-98.9562315,19.895891],[-98.9558443,19.8960578],[-98.955413,19.8962438],[-98.9550587,19.8963965],[-98.9550687,19.8964476],[-98.9552162,19.8972047],[-98.9552579,19.8974188],[-98.9529286,19.897062],[-98.9531254,19.8967661],[-98.9531622,19.8967092],[-98.9533698,19.8963848],[-98.9535905,19.8960565],[-98.9538006,19.8957345],[-98.9539951,19.8954289],[-98.9540244,19.8953794],[-98.9541976,19.8951067],[-98.9567652,19.8955895],[-98.9568065,19.8956431]]]},"properties":{"locality":"San Ernesto","official_key":"1306900020076","CVE_ENT":"13","CVE_MUN":"069","CVE_LOC":"0002","CVE_ASEN":"0076","settlement_type":"FRACCIONAMIENTO","source":"INEGI DCAH 2025"}},{"type":"Feature","geometry":{"type":"Polygon","coordinates":[[[-98.9587073,19.8811782],[-98.9587751,19.8809352],[-98.9589678,19.8810013],[-98.9587561,19.8814559],[-98.9585685,19.8818628],[-98.9583771,19.8822763],[-98.958308,19.8823742],[-98.9580255,19.8822778],[-98.9578851,19.8823819],[-98.9576736,19.882518],[-98.9575527,19.8826027],[-98.9574598,19.8825632],[-98.9556679,19.8818005],[-98.9552426,19.881622],[-98.9554,19.8813872],[-98.9554254,19.8813398],[-98.9555683,19.8811162],[-98.9557602,19.8807938],[-98.9559293,19.8805014],[-98.9559625,19.8804444],[-98.9576577,19.8809943],[-98.9582996,19.8811946],[-98.9584588,19.8812202],[-98.9585369,19.8812363],[-98.9586453,19.8812287],[-98.9587073,19.8811782]]]},"properties":{"locality":"San José","official_key":"1306900020077","CVE_ENT":"13","CVE_MUN":"069","CVE_LOC":"0002","CVE_ASEN":"0077","settlement_type":"COLONIA","source":"INEGI DCAH 2025"}},{"type":"Feature","geometry":{"type":"Polygon","coordinates":[[[-98.9452374,19.8812228],[-98.94686,19.8819678],[-98.9468317,19.8820128],[-98.9460974,19.8832249],[-98.9460507,19.8831889],[-98.9457718,19.8829702],[-98.9457201,19.8829335],[-98.9454196,19.8827206],[-98.9452991,19.8826351],[-98.9450401,19.8824443],[-98.9449555,19.882382],[-98.9445668,19.8820875],[-98.9444625,19.8820085],[-98.9452374,19.8812228]]]},"properties":{"locality":"La Virgen","official_key":"1306900020078","CVE_ENT":"13","CVE_MUN":"069","CVE_LOC":"0002","CVE_ASEN":"0078","settlement_type":"COLONIA","source":"INEGI DCAH 2025"}},{"type":"Feature","geometry":{"type":"Polygon","coordinates":[[[-98.9484039,19.8795225],[-98.9484497,19.8795405],[-98.9506991,19.8792424],[-98.9503307,19.8798306],[-98.9501185,19.8801687],[-98.9499414,19.8804929],[-98.9499072,19.8805557],[-98.9498625,19.8806375],[-98.9496608,19.8809506],[-98.9494516,19.8812754],[-98.9493947,19.8813636],[-98.9493393,19.8814496],[-98.9476914,19.880633],[-98.9478206,19.8804487],[-98.9479873,19.8801849],[-98.9482733,19.8797326],[-98.9484039,19.8795225]]]},"properties":{"locality":"Jacintos","official_key":"1306900020084","CVE_ENT":"13","CVE_MUN":"069","CVE_LOC":"0002","CVE_ASEN":"0084","settlement_type":"COLONIA","source":"INEGI DCAH 2025"}},{"type":"Feature","geometry":{"type":"Polygon","coordinates":[[[-98.9546834,19.8792591],[-98.95417,19.8799812],[-98.9528026,19.8792365],[-98.9529356,19.8790338],[-98.9533072,19.8784647],[-98.9534506,19.8782511],[-98.9536116,19.8780125],[-98.9551717,19.8784105],[-98.9551666,19.8785438],[-98.9549731,19.8788913],[-98.9547901,19.8791347],[-98.9546834,19.8792591]]]},"properties":{"locality":"Ampliación Bicentenario","official_key":"1306900020085","CVE_ENT":"13","CVE_MUN":"069","CVE_LOC":"0002","CVE_ASEN":"0085","settlement_type":"COLONIA","source":"INEGI DCAH 2025"}},{"type":"Feature","geometry":{"type":"Polygon","coordinates":[[[-98.9500705,19.9001399],[-98.9495797,19.8994722],[-98.9495797,19.8994721],[-98.9495669,19.8994626],[-98.9495127,19.8994226],[-98.9501001,19.8985248],[-98.9503039,19.8982133],[-98.9515759,19.8991014],[-98.9508756,19.9001744],[-98.950861,19.9002107],[-98.9508235,19.9003035],[-98.9508031,19.9004794],[-98.9508153,19.9016139],[-98.9508109,19.9015924],[-98.9506872,19.9009858],[-98.9506551,19.9009525],[-98.9505639,19.9008579],[-98.9505575,19.9008486],[-98.9503901,19.900605],[-98.9502712,19.9004319],[-98.9501558,19.9002639],[-98.9500705,19.9001399]]]},"properties":{"locality":"La Mina","official_key":"1306900020086","CVE_ENT":"13","CVE_MUN":"069","CVE_LOC":"0002","CVE_ASEN":"0086","settlement_type":"COLONIA","source":"INEGI DCAH 2025"}},{"type":"Feature","geometry":{"type":"Polygon","coordinates":[[[-98.9496463,19.884254],[-98.9497632,19.8840819],[-98.9499639,19.8837561],[-98.9500629,19.8835834],[-98.950109,19.8835028],[-98.9501803,19.8833861],[-98.9502308,19.8833057],[-98.9503036,19.8831631],[-98.9516664,19.8839886],[-98.9515014,19.8842663],[-98.9514272,19.8843663],[-98.9512874,19.8845213],[-98.9509297,19.8850197],[-98.9496463,19.884254]]]},"properties":{"locality":"Pinos el Carmen","official_key":"1306900020087","CVE_ENT":"13","CVE_MUN":"069","CVE_LOC":"0002","CVE_ASEN":"0087","settlement_type":"COLONIA","source":"INEGI DCAH 2025"}},{"type":"Feature","geometry":{"type":"Polygon","coordinates":[[[-98.9558993,19.8774312],[-98.9542535,19.877007],[-98.9542248,19.8769996],[-98.9543011,19.8768707],[-98.9543434,19.8767992],[-98.9545536,19.8764439],[-98.9546864,19.8762571],[-98.9547704,19.876152],[-98.9548115,19.8760763],[-98.9549088,19.8760914],[-98.9553158,19.8761759],[-98.9556841,19.8762644],[-98.9558698,19.8763106],[-98.9560484,19.8763608],[-98.9564002,19.8764567],[-98.956628,19.8765224],[-98.9567589,19.8765551],[-98.9571208,19.8766469],[-98.957473,19.8767428],[-98.9578393,19.876835],[-98.9582137,19.8769292],[-98.9582437,19.8769334],[-98.9581621,19.8770501],[-98.9580497,19.8772061],[-98.9579316,19.8773504],[-98.9576923,19.8776861],[-98.9575791,19.8778639],[-98.9575234,19.8778496],[-98.9564534,19.877574],[-98.9558993,19.8774312]]]},"properties":{"locality":"San Miguel","official_key":"1306900020088","CVE_ENT":"13","CVE_MUN":"069","CVE_LOC":"0002","CVE_ASEN":"0088","settlement_type":"COLONIA","source":"INEGI DCAH 2025"}},{"type":"Feature","geometry":{"type":"Polygon","coordinates":[[[-98.9640565,19.8877716],[-98.9620568,19.8890874],[-98.9618597,19.8889591],[-98.9616373,19.8888145],[-98.9616248,19.8888063],[-98.9609227,19.8883495],[-98.9608805,19.888322],[-98.960852,19.8883035],[-98.960829,19.8882885],[-98.9608766,19.8882235],[-98.9610925,19.887922],[-98.9613005,19.887639],[-98.9614417,19.8874448],[-98.9615046,19.8873535],[-98.9617336,19.8870189],[-98.9618181,19.8868726],[-98.9621548,19.8870996],[-98.9623993,19.8872234],[-98.962682,19.8868579],[-98.9630486,19.8870999],[-98.9640565,19.8877716]]]},"properties":{"locality":"San Simón","official_key":"1306900020089","CVE_ENT":"13","CVE_MUN":"069","CVE_LOC":"0002","CVE_ASEN":"0089","settlement_type":"FRACCIONAMIENTO","source":"INEGI DCAH 2025"}},{"type":"Feature","geometry":{"type":"Polygon","coordinates":[[[-98.9540443,19.8864093],[-98.9526245,19.8856071],[-98.9528643,19.8852555],[-98.953048,19.8849834],[-98.9532519,19.8846547],[-98.9534491,19.8843408],[-98.954804,19.8852676],[-98.9546118,19.8855421],[-98.9542067,19.8861761],[-98.9540443,19.8864093]]]},"properties":{"locality":"Santa Teresa","official_key":"1306900020090","CVE_ENT":"13","CVE_MUN":"069","CVE_LOC":"0002","CVE_ASEN":"0090","settlement_type":"COLONIA","source":"INEGI DCAH 2025"}},{"type":"Feature","geometry":{"type":"Polygon","coordinates":[[[-98.9537066,19.8807653],[-98.9535753,19.8809608],[-98.9535679,19.880994],[-98.9535313,19.8810667],[-98.9534821,19.8811645],[-98.9534131,19.8813339],[-98.9532113,19.8816643],[-98.9529948,19.8819898],[-98.9527786,19.8823003],[-98.9525972,19.8826145],[-98.9523412,19.8824384],[-98.9512243,19.8816453],[-98.9513728,19.8813845],[-98.9516731,19.8809334],[-98.9517515,19.8808155],[-98.9518282,19.8807003],[-98.9519894,19.8804665],[-98.9522344,19.8801113],[-98.9523746,19.8798852],[-98.9537066,19.8807653]]]},"properties":{"locality":"Valle Real","official_key":"1306900020091","CVE_ENT":"13","CVE_MUN":"069","CVE_LOC":"0002","CVE_ASEN":"0091","settlement_type":"FRACCIONAMIENTO","source":"INEGI DCAH 2025"}},{"type":"Feature","geometry":{"type":"Polygon","coordinates":[[[-98.9651391,19.8884993],[-98.9630021,19.8897025],[-98.9620568,19.8890874],[-98.9640565,19.8877716],[-98.9648855,19.8883481],[-98.9651391,19.8884993]]]},"properties":{"locality":"Cipreses el Carmen","official_key":"1306900020092","CVE_ENT":"13","CVE_MUN":"069","CVE_LOC":"0002","CVE_ASEN":"0092","settlement_type":"COLONIA","source":"INEGI DCAH 2025"}},{"type":"Feature","geometry":{"type":"Polygon","coordinates":[[[-98.9525992,19.8918291],[-98.952685,19.8916762],[-98.952895,19.8913596],[-98.9531055,19.891019],[-98.9534304,19.8912324],[-98.9537777,19.8914343],[-98.9541187,19.891639],[-98.9544437,19.8918465],[-98.9541971,19.8922373],[-98.9539809,19.8925596],[-98.9538814,19.8926991],[-98.9538699,19.8927145],[-98.9525992,19.8918291]]]},"properties":{"locality":"Arboledas del Carmen","official_key":"1306900020093","CVE_ENT":"13","CVE_MUN":"069","CVE_LOC":"0002","CVE_ASEN":"0093","settlement_type":"COLONIA","source":"INEGI DCAH 2025"}},{"type":"Feature","geometry":{"type":"Polygon","coordinates":[[[-98.9607996,19.8808263],[-98.9612737,19.8795173],[-98.9613494,19.8793084],[-98.9614062,19.8791473],[-98.9614943,19.8791577],[-98.9621908,19.87926],[-98.962564,19.8793087],[-98.9629309,19.879366],[-98.9632968,19.8794213],[-98.9636649,19.8794728],[-98.964048,19.8795313],[-98.9639144,19.8804671],[-98.9638989,19.8805742],[-98.9638672,19.8807636],[-98.9638169,19.8811163],[-98.9637814,19.8813136],[-98.9632033,19.8812195],[-98.9630296,19.8811912],[-98.9628443,19.8811611],[-98.9625043,19.881106],[-98.962373,19.8810877],[-98.9621098,19.8810421],[-98.9620367,19.8810302],[-98.9616522,19.8809734],[-98.9612704,19.8809145],[-98.9612175,19.8809022],[-98.9607996,19.8808263]]]},"properties":{"locality":"Cumbres del Valle","official_key":"1306900020094","CVE_ENT":"13","CVE_MUN":"069","CVE_LOC":"0002","CVE_ASEN":"0094","settlement_type":"COLONIA","source":"INEGI DCAH 2025"}},{"type":"Feature","geometry":{"type":"Polygon","coordinates":[[[-98.9651391,19.8884993],[-98.9648855,19.8883481],[-98.9640565,19.8877716],[-98.9630486,19.8870999],[-98.9638194,19.8857363],[-98.9638272,19.8857409],[-98.9638943,19.8857808],[-98.9638757,19.8858152],[-98.9638955,19.8858407],[-98.9639373,19.8858946],[-98.9640267,19.8859404],[-98.9640662,19.8859606],[-98.9644111,19.8860091],[-98.9647804,19.8860587],[-98.9651795,19.8861316],[-98.9655446,19.8861781],[-98.9658797,19.8862122],[-98.9654816,19.8884439],[-98.9654118,19.8886683],[-98.9653015,19.8885963],[-98.9651391,19.8884993]]]},"properties":{"locality":"Praderas","official_key":"1306900020095","CVE_ENT":"13","CVE_MUN":"069","CVE_LOC":"0002","CVE_ASEN":"0095","settlement_type":"COLONIA","source":"INEGI DCAH 2025"}},{"type":"Feature","geometry":{"type":"Polygon","coordinates":[[[-98.9630021,19.8897025],[-98.9651391,19.8884993],[-98.9653015,19.8885963],[-98.9654118,19.8886683],[-98.9656586,19.888855],[-98.963983,19.8898047],[-98.9637886,19.8898451],[-98.9634703,19.8900071],[-98.9630021,19.8897025]]]},"properties":{"locality":"Quintas el Carmen","official_key":"1306900020096","CVE_ENT":"13","CVE_MUN":"069","CVE_LOC":"0002","CVE_ASEN":"0096","settlement_type":"FRACCIONAMIENTO","source":"INEGI DCAH 2025"}},{"type":"Feature","geometry":{"type":"Polygon","coordinates":[[[-98.948461,19.8827843],[-98.9485872,19.8826003],[-98.9486973,19.8824292],[-98.9488746,19.8821569],[-98.9489736,19.881999],[-98.9495338,19.8822681],[-98.9505133,19.8827527],[-98.9503036,19.8831631],[-98.9502308,19.8833057],[-98.9501803,19.8833861],[-98.950109,19.8835028],[-98.9500629,19.8835834],[-98.948461,19.8827843]]]},"properties":{"locality":"Los Pinos de el Carmen","official_key":"1306900020097","CVE_ENT":"13","CVE_MUN":"069","CVE_LOC":"0002","CVE_ASEN":"0097","settlement_type":"COLONIA","source":"INEGI DCAH 2025"}},{"type":"Feature","geometry":{"type":"Polygon","coordinates":[[[-98.9249804,19.8471057],[-98.9237052,19.8482669],[-98.9227351,19.849241],[-98.9222822,19.849718],[-98.9219056,19.8500675],[-98.9216791,19.8501849],[-98.9214485,19.8501589],[-98.9208381,19.8499186],[-98.9206747,19.8499176],[-98.9204397,19.8499226],[-98.9202971,19.8498925],[-98.9200219,19.8498329],[-98.9195658,19.8497305],[-98.9191472,19.8496319],[-98.918765,19.8495475],[-98.9183463,19.8494526],[-98.9179253,19.8493482],[-98.9175601,19.8492552],[-98.9173526,19.8492069],[-98.917162,19.8491785],[-98.917002,19.8491649],[-98.9168339,19.8491631],[-98.9166096,19.8491697],[-98.9164763,19.8491888],[-98.9161579,19.8492702],[-98.9155292,19.8494288],[-98.9150773,19.8495461],[-98.9145715,19.8496784],[-98.914488,19.8495403],[-98.9150216,19.849153],[-98.9155261,19.848765],[-98.9160793,19.8483385],[-98.9167234,19.8478416],[-98.9171907,19.8474823],[-98.9172442,19.8473981],[-98.9172394,19.8473323],[-98.9170854,19.8472197],[-98.9143232,19.8492977],[-98.9142142,19.8491686],[-98.9142227,19.8490783],[-98.9142769,19.8489396],[-98.9143446,19.8487684],[-98.9143165,19.8486574],[-98.9143195,19.8485234],[-98.9143442,19.8484154],[-98.9143732,19.8480943],[-98.9144018,19.847755],[-98.9145222,19.8472264],[-98.9146022,19.8468516],[-98.9147318,19.8465367],[-98.9149889,19.8460845],[-98.9150523,19.8459544],[-98.9151278,19.8457469],[-98.9152011,19.8456252],[-98.9152852,19.8455701],[-98.9153259,19.8455624],[-98.9154086,19.8455971],[-98.9155381,19.8457284],[-98.9155992,19.845338],[-98.9156797,19.8451005],[-98.9158145,19.844748],[-98.9160274,19.8441625],[-98.9153802,19.8438766],[-98.9151084,19.8434875],[-98.9154756,19.8427705],[-98.916515,19.8431913],[-98.9166031,19.843288],[-98.917514,19.8436937],[-98.9182704,19.8440948],[-98.9191687,19.8452933],[-98.9183794,19.8458982],[-98.9177058,19.8463974],[-98.9171651,19.846869],[-98.9170031,19.8469718],[-98.9173132,19.847014],[-98.9200884,19.8448973],[-98.9249804,19.8471057]]]},"properties":{"locality":"El Chopo","official_key":"1306900040001","CVE_ENT":"13","CVE_MUN":"069","CVE_LOC":"0004","CVE_ASEN":"0001","settlement_type":"PUEBLO","source":"INEGI DCAH 2025"}},{"type":"Feature","geometry":{"type":"Polygon","coordinates":[[[-98.9544668,19.8682619],[-98.9542096,19.8678448],[-98.9538933,19.867394],[-98.9537673,19.867204],[-98.9536721,19.867114],[-98.953598,19.8670804],[-98.9537573,19.8667565],[-98.9539138,19.8664575],[-98.9540528,19.8661293],[-98.954203,19.8658228],[-98.9543609,19.8655023],[-98.9545893,19.8650513],[-98.9546634,19.8649051],[-98.9547498,19.8647071],[-98.9538192,19.8642545],[-98.9540166,19.8641095],[-98.9543154,19.8634123],[-98.9544689,19.863054],[-98.954554,19.8628647],[-98.9545813,19.8629021],[-98.9549926,19.8634405],[-98.9554168,19.8640271],[-98.9559102,19.8647219],[-98.9561689,19.8650857],[-98.9563323,19.8653163],[-98.9575202,19.86432],[-98.9575479,19.8642774],[-98.9575998,19.8642217],[-98.9578448,19.8639961],[-98.9581585,19.8637341],[-98.9585201,19.8634319],[-98.9587846,19.86318],[-98.9592576,19.8627186],[-98.9598799,19.8621296],[-98.9595907,19.8617087],[-98.9595003,19.8617111],[-98.9585322,19.8614998],[-98.9580455,19.8613535],[-98.9578422,19.8612861],[-98.9576289,19.8612213],[-98.9571482,19.8617318],[-98.9568245,19.8620127],[-98.9562725,19.862515],[-98.9553114,19.8611218],[-98.955194,19.8613906],[-98.9551705,19.8614184],[-98.9548118,19.862263],[-98.9547075,19.8625491],[-98.9545547,19.8628631],[-98.9526533,19.8622032],[-98.9532735,19.8607308],[-98.9530717,19.8606637],[-98.9527003,19.8605396],[-98.9521507,19.8603419],[-98.9518254,19.86023],[-98.951587,19.860148],[-98.9515062,19.8603526],[-98.9514089,19.860605],[-98.9512781,19.8609353],[-98.9504635,19.8608066],[-98.9495243,19.8606623],[-98.9496577,19.8603755],[-98.949842,19.8599829],[-98.9500093,19.8596755],[-98.9507862,19.8581383],[-98.9508565,19.8580282],[-98.9510215,19.8576546],[-98.9512162,19.8572187],[-98.9512878,19.8571561],[-98.9519712,19.8557993],[-98.9520014,19.8558267],[-98.9520974,19.8559517],[-98.9521765,19.8558976],[-98.9522828,19.8558576],[-98.9523746,19.8558345],[-98.9525512,19.8558303],[-98.9527154,19.8558336],[-98.9528214,19.855807],[-98.952981,19.8557469],[-98.9531475,19.8556466],[-98.9533248,19.8555196],[-98.9534003,19.8554981],[-98.9535644,19.8554151],[-98.9537236,19.855282],[-98.9538085,19.8552031],[-98.9539234,19.8550538],[-98.9541649,19.8547766],[-98.9544852,19.8544223],[-98.9546062,19.8542731],[-98.9548114,19.8540238],[-98.9554664,19.8533261],[-98.9556911,19.8529569],[-98.9560687,19.8534188],[-98.956342,19.8537781],[-98.9564281,19.8538962],[-98.9567609,19.8543714],[-98.9573209,19.8540583],[-98.957823,19.8537726],[-98.9585606,19.8534169],[-98.9587846,19.8533046],[-98.9590997,19.8531584],[-98.9593526,19.8535356],[-98.9595739,19.8538426],[-98.9597643,19.8541471],[-98.9599886,19.854473],[-98.9599986,19.8546299],[-98.9600308,19.8547996],[-98.9600102,19.8548673],[-98.9598524,19.8549517],[-98.959508,19.8551607],[-98.9591856,19.8553872],[-98.9589308,19.8555159],[-98.958844,19.8556113],[-98.9588178,19.8556693],[-98.9587443,19.8558623],[-98.9589891,19.8562059],[-98.9596802,19.8571764],[-98.9602624,19.8579883],[-98.9605098,19.8583645],[-98.9604354,19.8584091],[-98.9596898,19.8588329],[-98.959697,19.8592578],[-98.9597078,19.8597351],[-98.9597202,19.8603112],[-98.960282,19.8603049],[-98.9603155,19.8603603],[-98.960413,19.860541],[-98.9607,19.8605327],[-98.9608215,19.8605627],[-98.9610444,19.860647],[-98.9613526,19.8607637],[-98.9614081,19.8607704],[-98.9614974,19.8607812],[-98.9618085,19.8608188],[-98.9621714,19.8609148],[-98.9626549,19.8606297],[-98.9624794,19.8603857],[-98.9626241,19.8603005],[-98.9626673,19.8602733],[-98.9627073,19.8602503],[-98.9636077,19.8596811],[-98.963651,19.8596503],[-98.9638208,19.8595509],[-98.9639408,19.8597789],[-98.9641072,19.8596645],[-98.9642457,19.8595917],[-98.9644413,19.8595188],[-98.964754,19.8595383],[-98.9649985,19.8596583],[-98.965139,19.8594541],[-98.9654179,19.8591171],[-98.9645022,19.8577276],[-98.9642959,19.8574146],[-98.9632938,19.8580382],[-98.962927,19.858233],[-98.9622945,19.8572865],[-98.9622701,19.857231],[-98.9625436,19.8570443],[-98.963241,19.8566255],[-98.9636246,19.8563959],[-98.9638993,19.8562237],[-98.9641923,19.8560659],[-98.9642829,19.8560146],[-98.9640791,19.8557026],[-98.9638258,19.8553217],[-98.9636279,19.855017],[-98.9633981,19.8546564],[-98.9633843,19.8546193],[-98.9635989,19.8544881],[-98.9635367,19.8543994],[-98.9634219,19.8542358],[-98.9643183,19.8537277],[-98.9644579,19.8539363],[-98.964713,19.8542979],[-98.9649608,19.854691],[-98.965186,19.8549985],[-98.9654042,19.8553424],[-98.9652091,19.855464],[-98.965019,19.8555806],[-98.9655398,19.8563416],[-98.9657162,19.8562262],[-98.9660323,19.8560382],[-98.9663424,19.8558444],[-98.9672631,19.857294],[-98.9673501,19.8572433],[-98.9682927,19.8567712],[-98.9684758,19.8566745],[-98.9687084,19.8565516],[-98.9688135,19.8564999],[-98.968834,19.8559379],[-98.9688179,19.8552489],[-98.9688311,19.855123],[-98.9689883,19.8545507],[-98.9690735,19.8542403],[-98.9690676,19.8541595],[-98.9690024,19.8542253],[-98.9688639,19.8543099],[-98.968483,19.8545427],[-98.9680361,19.8548158],[-98.9670149,19.8533132],[-98.9665809,19.8535894],[-98.9664625,19.8536722],[-98.9656199,19.8523947],[-98.9695192,19.8519983],[-98.9696624,19.8519838],[-98.9697251,19.8520318],[-98.9697331,19.8520379],[-98.9717172,19.8535572],[-98.9716725,19.8536659],[-98.9716453,19.8537323],[-98.971579,19.8539251],[-98.9714572,19.8543017],[-98.9714094,19.8544393],[-98.9712811,19.8547441],[-98.9711456,19.8550219],[-98.9709712,19.8553846],[-98.9706494,19.8558185],[-98.9705015,19.8560316],[-98.9700787,19.8564588],[-98.9689655,19.8575792],[-98.9681567,19.8583754],[-98.9664728,19.8600161],[-98.9661807,19.8603036],[-98.9655157,19.8609584],[-98.9653256,19.8611516],[-98.9651098,19.8613712],[-98.9617194,19.8648462],[-98.9609956,19.8656087],[-98.9606492,19.8659529],[-98.9594827,19.8670891],[-98.9585778,19.8679934],[-98.9573913,19.869183],[-98.9563785,19.8702892],[-98.9561175,19.8705312],[-98.9559698,19.8703385],[-98.9548236,19.8687217],[-98.954627,19.8684808],[-98.9544668,19.8682619]],[[-98.9540186,19.8575873],[-98.9540579,19.8575771],[-98.95421,19.8575358],[-98.9544042,19.8575004],[-98.9546424,19.8574571],[-98.954606,19.8572429],[-98.9548178,19.8572028],[-98.9554524,19.8570889],[-98.9555229,19.8570467],[-98.9558889,19.8569407],[-98.9553865,19.8552989],[-98.955258,19.8553749],[-98.954976,19.8555181],[-98.9548373,19.8555948],[-98.9544995,19.8557377],[-98.9543285,19.855765],[-98.9542619,19.8557448],[-98.9540606,19.8557227],[-98.9539409,19.8557448],[-98.9537406,19.8558282],[-98.9535961,19.855907],[-98.9534449,19.8559913],[-98.9534575,19.856025],[-98.9535438,19.8562557],[-98.9535548,19.8562851],[-98.9536403,19.8566092],[-98.9536136,19.8566476],[-98.9536684,19.8568603],[-98.953649,19.8569893],[-98.9536706,19.8570458],[-98.9536719,19.8570891],[-98.9534593,19.8569692],[-98.9531395,19.8568741],[-98.9528254,19.8568265],[-98.9525665,19.8568398],[-98.9524562,19.8568854],[-98.9523802,19.8569404],[-98.9522422,19.8572191],[-98.9520988,19.8575181],[-98.9519208,19.8578588],[-98.9517667,19.8581415],[-98.9515758,19.8584918],[-98.952178,19.8587403],[-98.9525428,19.858916],[-98.9532515,19.8588561],[-98.9534557,19.8585485],[-98.9536302,19.8582103],[-98.9537914,19.8578906],[-98.9539458,19.8576081],[-98.9539833,19.8575974],[-98.9540186,19.8575873]],[[-98.9572072,19.8550471],[-98.957095,19.8549064],[-98.9567729,19.8544259],[-98.9567455,19.8543612],[-98.9565942,19.8544718],[-98.9563228,19.8546411],[-98.9562085,19.8547124],[-98.9558807,19.8549144],[-98.955825,19.8549537],[-98.9556186,19.855099],[-98.9555806,19.8551996],[-98.9557723,19.8556524],[-98.9559305,19.8559474],[-98.956034,19.8561088],[-98.956118,19.8562398],[-98.9564395,19.8566833],[-98.9564994,19.8567639],[-98.9566639,19.856985],[-98.956777,19.8571544],[-98.9580303,19.8560218],[-98.9579728,19.8559638],[-98.9579001,19.8559201],[-98.9578626,19.8558976],[-98.9576551,19.855676],[-98.9572072,19.8550471]]]},"properties":{"locality":"Centro","official_key":"1306900050001","CVE_ENT":"13","CVE_MUN":"069","CVE_LOC":"0005","CVE_ASEN":"0001","settlement_type":"COLONIA","source":"INEGI DCAH 2025"}},{"type":"Feature","geometry":{"type":"Polygon","coordinates":[[[-98.9493694,19.8610448],[-98.9495243,19.8606623],[-98.9504635,19.8608066],[-98.9512781,19.8609353],[-98.9511416,19.8612799],[-98.9510534,19.8615198],[-98.9510103,19.8616369],[-98.9512683,19.8617485],[-98.9510236,19.8622772],[-98.9509586,19.8622896],[-98.9507961,19.8622741],[-98.9505271,19.8622412],[-98.9500601,19.8621843],[-98.9489814,19.8619711],[-98.9491953,19.86144],[-98.9492534,19.8613081],[-98.9493694,19.8610448]]]},"properties":{"locality":"Ampliación Colonizadores","official_key":"1306900050002","CVE_ENT":"13","CVE_MUN":"069","CVE_LOC":"0005","CVE_ASEN":"0002","settlement_type":"COLONIA","source":"INEGI DCAH 2025"}},{"type":"Feature","geometry":{"type":"Polygon","coordinates":[[[-98.9509586,19.8622896],[-98.9510236,19.8622772],[-98.9512683,19.8617485],[-98.9515259,19.861831],[-98.9524118,19.8621239],[-98.9526533,19.8622032],[-98.9545547,19.8628631],[-98.954554,19.8628647],[-98.9544689,19.863054],[-98.9543154,19.8634123],[-98.9540166,19.8641095],[-98.9538192,19.8642545],[-98.9515954,19.8630484],[-98.9510797,19.8626737],[-98.9509586,19.8622896]]]},"properties":{"locality":"Colorines","official_key":"1306900050003","CVE_ENT":"13","CVE_MUN":"069","CVE_LOC":"0005","CVE_ASEN":"0003","settlement_type":"FRACCIONAMIENTO","source":"INEGI DCAH 2025"}},{"type":"Feature","geometry":{"type":"Polygon","coordinates":[[[-98.9590997,19.8531584],[-98.95911,19.8531528],[-98.9593691,19.8530555],[-98.9600095,19.8528149],[-98.960042,19.8528028],[-98.9606329,19.8525818],[-98.9612468,19.8523533],[-98.9618138,19.8521467],[-98.9618581,19.8520889],[-98.9621344,19.8521469],[-98.9627835,19.8523134],[-98.9633114,19.8524127],[-98.9633116,19.8524129],[-98.9633117,19.8524128],[-98.9633199,19.8524143],[-98.9638242,19.8525253],[-98.9636391,19.8526313],[-98.9632891,19.8528256],[-98.9629611,19.8530117],[-98.962643,19.8531832],[-98.9620372,19.8536096],[-98.9613905,19.8540133],[-98.9612059,19.8541343],[-98.9601579,19.8547815],[-98.9600102,19.8548673],[-98.9600308,19.8547996],[-98.9599986,19.8546299],[-98.9599886,19.854473],[-98.9597643,19.8541471],[-98.9595739,19.8538426],[-98.9593526,19.8535356],[-98.9590997,19.8531584]]]},"properties":{"locality":"La Cruz","official_key":"1306900050004","CVE_ENT":"13","CVE_MUN":"069","CVE_LOC":"0005","CVE_ASEN":"0004","settlement_type":"FRACCIONAMIENTO","source":"INEGI DCAH 2025"}},{"type":"Feature","geometry":{"type":"Polygon","coordinates":[[[-98.9537072,19.8643359],[-98.9538192,19.8642545],[-98.9547498,19.8647071],[-98.9546634,19.8649051],[-98.9545893,19.8650513],[-98.9543609,19.8655023],[-98.954203,19.8658228],[-98.9540528,19.8661293],[-98.9539138,19.8664575],[-98.9537573,19.8667565],[-98.953598,19.8670804],[-98.9533624,19.8669735],[-98.9530273,19.8668066],[-98.9525956,19.8665791],[-98.952494,19.8665075],[-98.9524839,19.866435],[-98.9525291,19.8663512],[-98.9526226,19.8661665],[-98.952788,19.8658576],[-98.9529473,19.8655527],[-98.9529922,19.8654777],[-98.953133,19.8652167],[-98.9533131,19.8648849],[-98.953462,19.8646633],[-98.9535769,19.8644735],[-98.9537072,19.8643359]]]},"properties":{"locality":"Diamante","official_key":"1306900050005","CVE_ENT":"13","CVE_MUN":"069","CVE_LOC":"0005","CVE_ASEN":"0005","settlement_type":"FRACCIONAMIENTO","source":"INEGI DCAH 2025"}},{"type":"Feature","geometry":{"type":"Polygon","coordinates":[[[-98.9562725,19.862515],[-98.9568245,19.8620127],[-98.9571482,19.8617318],[-98.9576289,19.8612213],[-98.9578422,19.8612861],[-98.9580455,19.8613535],[-98.9585322,19.8614998],[-98.9595003,19.8617111],[-98.9595907,19.8617087],[-98.9598799,19.8621296],[-98.9592576,19.8627186],[-98.9587846,19.86318],[-98.9585201,19.8634319],[-98.9581585,19.8637341],[-98.9578448,19.8639961],[-98.9575998,19.8642217],[-98.9575479,19.8642774],[-98.9574009,19.8642006],[-98.9573032,19.8641218],[-98.9571256,19.8638983],[-98.9571728,19.8638551],[-98.9571529,19.863832],[-98.9562725,19.862515]]]},"properties":{"locality":"Emiliano Zapata","official_key":"1306900050006","CVE_ENT":"13","CVE_MUN":"069","CVE_LOC":"0005","CVE_ASEN":"0006","settlement_type":"AMPLIACIÓN","source":"INEGI DCAH 2025"}},{"type":"Feature","geometry":{"type":"Polygon","coordinates":[[[-98.9600102,19.8548673],[-98.960034,19.8548991],[-98.9602511,19.8552064],[-98.9605881,19.8556824],[-98.960932,19.8561689],[-98.9613408,19.856747],[-98.961681,19.8572281],[-98.9618502,19.8574672],[-98.9618999,19.8575387],[-98.9617256,19.8576359],[-98.9615673,19.8577431],[-98.9614037,19.8578289],[-98.9610711,19.8580357],[-98.9609122,19.8581274],[-98.9607171,19.8582401],[-98.9605098,19.8583645],[-98.9602624,19.8579883],[-98.9596802,19.8571764],[-98.9589891,19.8562059],[-98.9587443,19.8558623],[-98.9588178,19.8556693],[-98.958844,19.8556113],[-98.9589308,19.8555159],[-98.9591856,19.8553872],[-98.959508,19.8551607],[-98.9598524,19.8549517],[-98.9600102,19.8548673]]]},"properties":{"locality":"Esmeralda","official_key":"1306900050007","CVE_ENT":"13","CVE_MUN":"069","CVE_LOC":"0005","CVE_ASEN":"0007","settlement_type":"FRACCIONAMIENTO","source":"INEGI DCAH 2025"}},{"type":"Feature","geometry":{"type":"Polygon","coordinates":[[[-98.9613905,19.8540133],[-98.9620372,19.8536096],[-98.962643,19.8531832],[-98.9629359,19.8535808],[-98.9630823,19.8537696],[-98.9632073,19.8539381],[-98.9634219,19.8542358],[-98.9635367,19.8543994],[-98.9635989,19.8544881],[-98.9633843,19.8546193],[-98.9633981,19.8546564],[-98.9636279,19.855017],[-98.9638258,19.8553217],[-98.9640791,19.8557026],[-98.9642829,19.8560146],[-98.9641923,19.8560659],[-98.9638993,19.8562237],[-98.9636246,19.8563959],[-98.963241,19.8566255],[-98.9630647,19.8563325],[-98.9630218,19.8562661],[-98.9627893,19.855952],[-98.9625829,19.8556564],[-98.9624227,19.8554279],[-98.9623893,19.8553804],[-98.9623049,19.855264],[-98.9621195,19.8550174],[-98.9620833,19.8549692],[-98.961918,19.8547473],[-98.9618627,19.8546731],[-98.9616545,19.8543894],[-98.9616385,19.8543675],[-98.9613905,19.8540133]]]},"properties":{"locality":"Expresidentes","official_key":"1306900050008","CVE_ENT":"13","CVE_MUN":"069","CVE_LOC":"0005","CVE_ASEN":"0008","settlement_type":"COLONIA","source":"INEGI DCAH 2025"}},{"type":"Feature","geometry":{"type":"Polygon","coordinates":[[[-98.9527423,19.8681376],[-98.9526889,19.8681295],[-98.9526744,19.8681541],[-98.9523627,19.8680822],[-98.9512045,19.8678148],[-98.9511611,19.8677745],[-98.9511086,19.8677611],[-98.9512313,19.8673385],[-98.9512683,19.8672229],[-98.9513529,19.8668456],[-98.9514007,19.8665041],[-98.9514443,19.8661121],[-98.9514814,19.865809],[-98.9516054,19.8657816],[-98.9518981,19.8657211],[-98.952103,19.8656788],[-98.952379,19.8656218],[-98.9529241,19.8654937],[-98.9529419,19.8655182],[-98.9529473,19.8655527],[-98.952788,19.8658576],[-98.9526226,19.8661665],[-98.9525291,19.8663512],[-98.9524839,19.866435],[-98.952494,19.8665075],[-98.9525956,19.8665791],[-98.9530273,19.8668066],[-98.9533624,19.8669735],[-98.953598,19.8670804],[-98.9536721,19.867114],[-98.9537673,19.867204],[-98.9538933,19.867394],[-98.9542096,19.8678448],[-98.9544668,19.8682619],[-98.9544282,19.8682887],[-98.9543157,19.8684927],[-98.9541419,19.8684518],[-98.9527423,19.8681376]]]},"properties":{"locality":"La Gloria","official_key":"1306900050009","CVE_ENT":"13","CVE_MUN":"069","CVE_LOC":"0005","CVE_ASEN":"0009","settlement_type":"FRACCIONAMIENTO","source":"INEGI DCAH 2025"}},{"type":"Feature","geometry":{"type":"Polygon","coordinates":[[[-98.9504791,19.8657564],[-98.9508483,19.8657786],[-98.9511162,19.8658063],[-98.951228,19.865805],[-98.9513068,19.8658057],[-98.9514499,19.8658071],[-98.9514814,19.865809],[-98.9514443,19.8661121],[-98.9514007,19.8665041],[-98.9513529,19.8668456],[-98.9512683,19.8672229],[-98.9512313,19.8673385],[-98.9511086,19.8677611],[-98.9511611,19.8677745],[-98.9512045,19.8678148],[-98.9511509,19.8679964],[-98.9470793,19.869061],[-98.9462857,19.8684571],[-98.9467068,19.8672214],[-98.947364,19.8657435],[-98.9483298,19.8661933],[-98.9491928,19.8664778],[-98.9491955,19.8664675],[-98.9492537,19.8662498],[-98.9495853,19.8662476],[-98.9496321,19.8660935],[-98.9497186,19.8657394],[-98.9504791,19.8657564]]]},"properties":{"locality":"La Gloria","official_key":"1306900050010","CVE_ENT":"13","CVE_MUN":"069","CVE_LOC":"0005","CVE_ASEN":"0010","settlement_type":"AMPLIACIÓN","source":"INEGI DCAH 2025"}},{"type":"Feature","geometry":{"type":"Polygon","coordinates":[[[-98.9618581,19.8520889],[-98.9618138,19.8521467],[-98.9612468,19.8523533],[-98.9606329,19.8525818],[-98.960042,19.8528028],[-98.9600095,19.8528149],[-98.9593691,19.8530555],[-98.95911,19.8531528],[-98.9590997,19.8531584],[-98.9587846,19.8533046],[-98.9584597,19.852827],[-98.9582796,19.8525623],[-98.9581801,19.8524207],[-98.9581324,19.8523437],[-98.9580418,19.8522263],[-98.9577902,19.8518415],[-98.9574982,19.8513665],[-98.957468,19.8513261],[-98.9573843,19.8511947],[-98.9572657,19.8510383],[-98.9571949,19.8509253],[-98.959243,19.8514658],[-98.9599007,19.8516225],[-98.9618579,19.8520888],[-98.9618581,19.8520889]]]},"properties":{"locality":"Jacarandas","official_key":"1306900050011","CVE_ENT":"13","CVE_MUN":"069","CVE_LOC":"0005","CVE_ASEN":"0011","settlement_type":"FRACCIONAMIENTO","source":"INEGI DCAH 2025"}},{"type":"Feature","geometry":{"type":"Polygon","coordinates":[[[-98.9519712,19.8557993],[-98.9520538,19.8555752],[-98.9522211,19.8551518],[-98.9524741,19.8546981],[-98.9525797,19.8545106],[-98.9527422,19.8542354],[-98.9527604,19.8541594],[-98.9533978,19.8528623],[-98.9542417,19.8512228],[-98.9543308,19.8515085],[-98.9546491,19.8514533],[-98.9548284,19.8514317],[-98.9549938,19.8524979],[-98.9550562,19.8524963],[-98.9551921,19.8524877],[-98.9555537,19.8524472],[-98.9557257,19.8524214],[-98.9558738,19.8523966],[-98.9558926,19.852395],[-98.9558432,19.8525744],[-98.9556911,19.8529569],[-98.9554664,19.8533261],[-98.9548114,19.8540238],[-98.9546062,19.8542731],[-98.9544852,19.8544223],[-98.9541649,19.8547766],[-98.9539234,19.8550538],[-98.9538085,19.8552031],[-98.9537236,19.855282],[-98.9535644,19.8554151],[-98.9534003,19.8554981],[-98.9533248,19.8555196],[-98.9531475,19.8556466],[-98.952981,19.8557469],[-98.9528214,19.855807],[-98.9527154,19.8558336],[-98.9525512,19.8558303],[-98.9523746,19.8558345],[-98.9522828,19.8558576],[-98.9521765,19.8558976],[-98.9520974,19.8559517],[-98.9520014,19.8558267],[-98.9519712,19.8557993]]]},"properties":{"locality":"Loma Bonita","official_key":"1306900050012","CVE_ENT":"13","CVE_MUN":"069","CVE_LOC":"0005","CVE_ASEN":"0012","settlement_type":"FRACCIONAMIENTO","source":"INEGI DCAH 2025"}},{"type":"Feature","geometry":{"type":"Polygon","coordinates":[[[-98.9562725,19.862515],[-98.9571529,19.863832],[-98.9571728,19.8638551],[-98.9571256,19.8638983],[-98.9573032,19.8641218],[-98.9574009,19.8642006],[-98.9575479,19.8642774],[-98.9575202,19.86432],[-98.9563323,19.8653163],[-98.9561689,19.8650857],[-98.9559102,19.8647219],[-98.9554168,19.8640271],[-98.9549926,19.8634405],[-98.9545813,19.8629021],[-98.954554,19.8628647],[-98.9545547,19.8628631],[-98.9547075,19.8625491],[-98.9548118,19.862263],[-98.9551705,19.8614184],[-98.955194,19.8613906],[-98.9553114,19.8611218],[-98.9562725,19.862515]]]},"properties":{"locality":"Manuel de Jesus Clouthier","official_key":"1306900050013","CVE_ENT":"13","CVE_MUN":"069","CVE_LOC":"0005","CVE_ASEN":"0013","settlement_type":"FRACCIONAMIENTO","source":"INEGI DCAH 2025"}},{"type":"Feature","geometry":{"type":"Polygon","coordinates":[[[-98.9674138,19.8551681],[-98.9684758,19.8566745],[-98.9682927,19.8567712],[-98.9673501,19.8572433],[-98.9672631,19.857294],[-98.9663424,19.8558444],[-98.9664939,19.8557377],[-98.9666958,19.8555957],[-98.966986,19.8554297],[-98.9672651,19.8552579],[-98.9674138,19.8551681]]]},"properties":{"locality":"Las Maravillas del Ángel","official_key":"1306900050014","CVE_ENT":"13","CVE_MUN":"069","CVE_LOC":"0005","CVE_ASEN":"0014","settlement_type":"FRACCIONAMIENTO","source":"INEGI DCAH 2025"}},{"type":"Feature","geometry":{"type":"Polygon","coordinates":[[[-98.9522205,19.864467],[-98.9513068,19.8658057],[-98.951228,19.865805],[-98.9511162,19.8658063],[-98.9508483,19.8657786],[-98.9504791,19.8657564],[-98.9505087,19.8655583],[-98.9501601,19.865465],[-98.949774,19.8654095],[-98.9499246,19.8647485],[-98.9500726,19.8640042],[-98.9504644,19.8640988],[-98.9508111,19.8641845],[-98.9512203,19.8642691],[-98.9520599,19.8644534],[-98.9522205,19.864467]]]},"properties":{"locality":"Pintores","official_key":"1306900050015","CVE_ENT":"13","CVE_MUN":"069","CVE_LOC":"0005","CVE_ASEN":"0015","settlement_type":"COLONIA","source":"INEGI DCAH 2025"}},{"type":"Feature","geometry":{"type":"Polygon","coordinates":[[[-98.9526744,19.8681541],[-98.9526889,19.8681295],[-98.9527423,19.8681376],[-98.9541419,19.8684518],[-98.9543157,19.8684927],[-98.9542093,19.8686858],[-98.953884,19.8692526],[-98.9533873,19.8701188],[-98.9531298,19.8705454],[-98.9529133,19.8709021],[-98.9529265,19.8709529],[-98.9527052,19.8712858],[-98.9525134,19.8712505],[-98.9511227,19.8709314],[-98.9511609,19.8707908],[-98.9511881,19.8707766],[-98.9526744,19.8681541]]]},"properties":{"locality":"Antorcha Campesina","official_key":"1306900050016","CVE_ENT":"13","CVE_MUN":"069","CVE_LOC":"0005","CVE_ASEN":"0016","settlement_type":"COLONIA","source":"INEGI DCAH 2025"}},{"type":"Feature","geometry":{"type":"Polygon","coordinates":[[[-98.9556911,19.8529569],[-98.9558432,19.8525744],[-98.9558926,19.852395],[-98.9558738,19.8523966],[-98.9557257,19.8524214],[-98.9555537,19.8524472],[-98.9551921,19.8524877],[-98.9550562,19.8524963],[-98.9549938,19.8524979],[-98.9548284,19.8514317],[-98.9546491,19.8514533],[-98.9543308,19.8515085],[-98.9542417,19.8512228],[-98.9542775,19.8511533],[-98.9546045,19.8505507],[-98.9546029,19.8504446],[-98.9564573,19.8507941],[-98.9571949,19.8509253],[-98.9572657,19.8510383],[-98.9573843,19.8511947],[-98.957468,19.8513261],[-98.9574982,19.8513665],[-98.9577902,19.8518415],[-98.9580418,19.8522263],[-98.9581324,19.8523437],[-98.9581801,19.8524207],[-98.9582796,19.8525623],[-98.9584597,19.852827],[-98.9587846,19.8533046],[-98.9585606,19.8534169],[-98.957823,19.8537726],[-98.9573209,19.8540583],[-98.9567609,19.8543714],[-98.9564281,19.8538962],[-98.956342,19.8537781],[-98.9560687,19.8534188],[-98.9556911,19.8529569]]]},"properties":{"locality":"El Recinto","official_key":"1306900050017","CVE_ENT":"13","CVE_MUN":"069","CVE_LOC":"0005","CVE_ASEN":"0017","settlement_type":"FRACCIONAMIENTO","source":"INEGI DCAH 2025"}},{"type":"Feature","geometry":{"type":"Polygon","coordinates":[[[-98.9664939,19.8557377],[-98.9663424,19.8558444],[-98.9660323,19.8560382],[-98.9657162,19.8562262],[-98.9655398,19.8563416],[-98.965019,19.8555806],[-98.9652091,19.855464],[-98.9654042,19.8553424],[-98.9655258,19.8552826],[-98.9658536,19.8550896],[-98.9660358,19.8549858],[-98.9664939,19.8557377]]]},"properties":{"locality":"San Andrés","official_key":"1306900050018","CVE_ENT":"13","CVE_MUN":"069","CVE_LOC":"0005","CVE_ASEN":"0018","settlement_type":"FRACCIONAMIENTO","source":"INEGI DCAH 2025"}},{"type":"Feature","geometry":{"type":"Polygon","coordinates":[[[-98.9600102,19.8548673],[-98.9601579,19.8547815],[-98.9612059,19.8541343],[-98.9613905,19.8540133],[-98.9616385,19.8543675],[-98.9616545,19.8543894],[-98.9618627,19.8546731],[-98.961918,19.8547473],[-98.9620833,19.8549692],[-98.9621195,19.8550174],[-98.9623049,19.855264],[-98.9623893,19.8553804],[-98.9624227,19.8554279],[-98.9625829,19.8556564],[-98.9627893,19.855952],[-98.9630218,19.8562661],[-98.9630647,19.8563325],[-98.963241,19.8566255],[-98.9625436,19.8570443],[-98.9622701,19.857231],[-98.9622945,19.8572865],[-98.962927,19.858233],[-98.9638208,19.8595509],[-98.963651,19.8596503],[-98.9636077,19.8596811],[-98.9627073,19.8602503],[-98.9626673,19.8602733],[-98.9626241,19.8603005],[-98.9624794,19.8603857],[-98.9621747,19.8599631],[-98.9620018,19.8597232],[-98.9619571,19.8595851],[-98.9618302,19.8594069],[-98.9615097,19.8589601],[-98.961183,19.8585052],[-98.9609122,19.8581274],[-98.9610711,19.8580357],[-98.9614037,19.8578289],[-98.9615673,19.8577431],[-98.9617256,19.8576359],[-98.9618999,19.8575387],[-98.9618502,19.8574672],[-98.961681,19.8572281],[-98.9613408,19.856747],[-98.960932,19.8561689],[-98.9605881,19.8556824],[-98.9602511,19.8552064],[-98.960034,19.8548991],[-98.9600102,19.8548673]]]},"properties":{"locality":"San Carlos","official_key":"1306900050019","CVE_ENT":"13","CVE_MUN":"069","CVE_LOC":"0005","CVE_ASEN":"0019","settlement_type":"FRACCIONAMIENTO","source":"INEGI DCAH 2025"}},{"type":"Feature","geometry":{"type":"Polygon","coordinates":[[[-98.9529265,19.8709529],[-98.9529133,19.8709021],[-98.9531298,19.8705454],[-98.9533873,19.8701188],[-98.953884,19.8692526],[-98.9542093,19.8686858],[-98.9543157,19.8684927],[-98.9544282,19.8682887],[-98.9544668,19.8682619],[-98.954627,19.8684808],[-98.9548236,19.8687217],[-98.9559698,19.8703385],[-98.9561175,19.8705312],[-98.9556629,19.8709597],[-98.9553232,19.8713114],[-98.9549956,19.8716471],[-98.9547678,19.8718751],[-98.9546281,19.871837],[-98.9532631,19.8714645],[-98.9534294,19.871182],[-98.953066,19.8710184],[-98.9529265,19.8709529]]]},"properties":{"locality":"San Fernando","official_key":"1306900050020","CVE_ENT":"13","CVE_MUN":"069","CVE_LOC":"0005","CVE_ASEN":"0020","settlement_type":"FRACCIONAMIENTO","source":"INEGI DCAH 2025"}},{"type":"Feature","geometry":{"type":"Polygon","coordinates":[[[-98.9572072,19.8550471],[-98.9576551,19.855676],[-98.9578626,19.8558976],[-98.9579001,19.8559201],[-98.9579728,19.8559638],[-98.9580303,19.8560218],[-98.956777,19.8571544],[-98.9566639,19.856985],[-98.9564994,19.8567639],[-98.9564395,19.8566833],[-98.956118,19.8562398],[-98.956034,19.8561088],[-98.9559305,19.8559474],[-98.9557723,19.8556524],[-98.9555806,19.8551996],[-98.9556186,19.855099],[-98.955825,19.8549537],[-98.9558807,19.8549144],[-98.9562085,19.8547124],[-98.9563228,19.8546411],[-98.9565942,19.8544718],[-98.9567455,19.8543612],[-98.9567729,19.8544259],[-98.957095,19.8549064],[-98.9572072,19.8550471]]]},"properties":{"locality":"Unidad Deportiva II","official_key":"1306900050021","CVE_ENT":"13","CVE_MUN":"069","CVE_LOC":"0005","CVE_ASEN":"0021","settlement_type":"COLONIA","source":"INEGI DCAH 2025"}},{"type":"Feature","geometry":{"type":"Polygon","coordinates":[[[-98.9674138,19.8551681],[-98.9675817,19.8550666],[-98.9677085,19.8550682],[-98.9678431,19.8549773],[-98.9680137,19.8548723],[-98.9680361,19.8548158],[-98.968483,19.8545427],[-98.9688639,19.8543099],[-98.9690024,19.8542253],[-98.9690676,19.8541595],[-98.9690735,19.8542403],[-98.9689883,19.8545507],[-98.9688311,19.855123],[-98.9688179,19.8552489],[-98.968834,19.8559379],[-98.9688135,19.8564999],[-98.9687084,19.8565516],[-98.9684758,19.8566745],[-98.9674138,19.8551681]]]},"properties":{"locality":"Valle Diamante","official_key":"1306900050022","CVE_ENT":"13","CVE_MUN":"069","CVE_LOC":"0005","CVE_ASEN":"0022","settlement_type":"FRACCIONAMIENTO","source":"INEGI DCAH 2025"}},{"type":"Feature","geometry":{"type":"Polygon","coordinates":[[[-98.9493547,19.8524781],[-98.9491321,19.8524113],[-98.9488706,19.853059],[-98.948489,19.8529161],[-98.9482299,19.852827],[-98.9486573,19.8517591],[-98.9489953,19.8509266],[-98.9494888,19.8497068],[-98.9499716,19.8484668],[-98.9500306,19.8484933],[-98.9504903,19.8487216],[-98.9525173,19.8495549],[-98.9524278,19.8497456],[-98.9530151,19.8499635],[-98.9530679,19.8498342],[-98.9529714,19.8497397],[-98.9533075,19.8498788],[-98.9536556,19.8500226],[-98.9539904,19.8501545],[-98.9543311,19.850288],[-98.9544554,19.8503783],[-98.9546029,19.8504446],[-98.9546045,19.8505507],[-98.9542775,19.8511533],[-98.9542417,19.8512228],[-98.9533978,19.8528623],[-98.9527604,19.8541594],[-98.9527422,19.8542354],[-98.9525797,19.8545106],[-98.9524741,19.8546981],[-98.9523963,19.8546855],[-98.949282,19.8534321],[-98.9489738,19.8533081],[-98.9490543,19.8531214],[-98.9493547,19.8524781]]]},"properties":{"locality":"Villa los Milagros","official_key":"1306900050023","CVE_ENT":"13","CVE_MUN":"069","CVE_LOC":"0005","CVE_ASEN":"0023","settlement_type":"FRACCIONAMIENTO","source":"INEGI DCAH 2025"}},{"type":"Feature","geometry":{"type":"Polygon","coordinates":[[[-98.9512683,19.8617485],[-98.9510103,19.8616369],[-98.9510534,19.8615198],[-98.9511416,19.8612799],[-98.9512781,19.8609353],[-98.9514089,19.860605],[-98.9515062,19.8603526],[-98.951587,19.860148],[-98.9518254,19.86023],[-98.9521507,19.8603419],[-98.9527003,19.8605396],[-98.9530717,19.8606637],[-98.9532735,19.8607308],[-98.9526533,19.8622032],[-98.9524118,19.8621239],[-98.9515259,19.861831],[-98.9512683,19.8617485]]]},"properties":{"locality":"Colonizadores","official_key":"1306900050024","CVE_ENT":"13","CVE_MUN":"069","CVE_LOC":"0005","CVE_ASEN":"0024","settlement_type":"COLONIA","source":"INEGI DCAH 2025"}},{"type":"Feature","geometry":{"type":"Polygon","coordinates":[[[-98.9624794,19.8603857],[-98.9626549,19.8606297],[-98.9621714,19.8609148],[-98.9618085,19.8608188],[-98.9614974,19.8607812],[-98.9614081,19.8607704],[-98.9613526,19.8607637],[-98.9610444,19.860647],[-98.9608215,19.8605627],[-98.9607,19.8605327],[-98.961682,19.8595068],[-98.961719,19.8595382],[-98.9618082,19.8595399],[-98.9618715,19.8595652],[-98.9619355,19.8596429],[-98.9620018,19.8597232],[-98.9621747,19.8599631],[-98.9624794,19.8603857]]]},"properties":{"locality":"La Nopalera","official_key":"1306900050025","CVE_ENT":"13","CVE_MUN":"069","CVE_LOC":"0005","CVE_ASEN":"0025","settlement_type":"COLONIA","source":"INEGI DCAH 2025"}},{"type":"Feature","geometry":{"type":"Polygon","coordinates":[[[-98.9654179,19.8591171],[-98.965139,19.8594541],[-98.9649985,19.8596583],[-98.964754,19.8595383],[-98.9644413,19.8595188],[-98.9642457,19.8595917],[-98.9641072,19.8596645],[-98.9639408,19.8597789],[-98.9638208,19.8595509],[-98.962927,19.858233],[-98.9632938,19.8580382],[-98.9642959,19.8574146],[-98.9645022,19.8577276],[-98.9654179,19.8591171]]]},"properties":{"locality":"Quimera","official_key":"1306900050026","CVE_ENT":"13","CVE_MUN":"069","CVE_LOC":"0005","CVE_ASEN":"0026","settlement_type":"COLONIA","source":"INEGI DCAH 2025"}},{"type":"Feature","geometry":{"type":"Polygon","coordinates":[[[-98.9544042,19.8575004],[-98.95421,19.8575358],[-98.9540579,19.8575771],[-98.9540186,19.8575873],[-98.9539206,19.8572383],[-98.953852,19.8571719],[-98.9538061,19.8571753],[-98.9537584,19.8571412],[-98.9536719,19.8570891],[-98.9536706,19.8570458],[-98.953649,19.8569893],[-98.9536684,19.8568603],[-98.9536136,19.8566476],[-98.9536403,19.8566092],[-98.9535548,19.8562851],[-98.9535438,19.8562557],[-98.9534575,19.856025],[-98.9534449,19.8559913],[-98.9535961,19.855907],[-98.9537406,19.8558282],[-98.9539409,19.8557448],[-98.9540606,19.8557227],[-98.9542619,19.8557448],[-98.9543022,19.8561212],[-98.9543362,19.8564759],[-98.9543532,19.8566751],[-98.9544042,19.8575004]]]},"properties":{"locality":"Renacimiento","official_key":"1306900050027","CVE_ENT":"13","CVE_MUN":"069","CVE_LOC":"0005","CVE_ASEN":"0027","settlement_type":"COLONIA","source":"INEGI DCAH 2025"}},{"type":"Feature","geometry":{"type":"Polygon","coordinates":[[[-98.9630823,19.8537696],[-98.9629359,19.8535808],[-98.962643,19.8531832],[-98.9629611,19.8530117],[-98.9632891,19.8528256],[-98.9636391,19.8526313],[-98.9638242,19.8525253],[-98.9640833,19.8525894],[-98.9644481,19.8525591],[-98.9644517,19.8526075],[-98.9646029,19.8528301],[-98.9650958,19.8535539],[-98.9644579,19.8539363],[-98.9643183,19.8537277],[-98.9634219,19.8542358],[-98.9632073,19.8539381],[-98.9630823,19.8537696]]]},"properties":{"locality":"San Felipe","official_key":"1306900050028","CVE_ENT":"13","CVE_MUN":"069","CVE_LOC":"0005","CVE_ASEN":"0028","settlement_type":"COLONIA","source":"INEGI DCAH 2025"}},{"type":"Feature","geometry":{"type":"Polygon","coordinates":[[[-98.9650958,19.8535539],[-98.9652524,19.8534557],[-98.9655353,19.8538603],[-98.9657282,19.854169],[-98.9662172,19.8548826],[-98.9660358,19.8549858],[-98.9658536,19.8550896],[-98.9655258,19.8552826],[-98.9654042,19.8553424],[-98.965186,19.8549985],[-98.9649608,19.854691],[-98.964713,19.8542979],[-98.9644579,19.8539363],[-98.9650958,19.8535539]]]},"properties":{"locality":"San Gabriel","official_key":"1306900050029","CVE_ENT":"13","CVE_MUN":"069","CVE_LOC":"0005","CVE_ASEN":"0029","settlement_type":"COLONIA","source":"INEGI DCAH 2025"}},{"type":"Feature","geometry":{"type":"Polygon","coordinates":[[[-98.9522422,19.8572191],[-98.9523802,19.8569404],[-98.9524562,19.8568854],[-98.9525665,19.8568398],[-98.9528254,19.8568265],[-98.9531395,19.8568741],[-98.9534593,19.8569692],[-98.9536719,19.8570891],[-98.9537584,19.8571412],[-98.9538061,19.8571753],[-98.953852,19.8571719],[-98.9539206,19.8572383],[-98.9540186,19.8575873],[-98.9539833,19.8575974],[-98.9539458,19.8576081],[-98.9537914,19.8578906],[-98.9536302,19.8582103],[-98.9534557,19.8585485],[-98.9532515,19.8588561],[-98.9525428,19.858916],[-98.952178,19.8587403],[-98.9515758,19.8584918],[-98.9517667,19.8581415],[-98.9519208,19.8578588],[-98.9520988,19.8575181],[-98.9522422,19.8572191]]]},"properties":{"locality":"San José","official_key":"1306900050030","CVE_ENT":"13","CVE_MUN":"069","CVE_LOC":"0005","CVE_ASEN":"0030","settlement_type":"COLONIA","source":"INEGI DCAH 2025"}},{"type":"Feature","geometry":{"type":"Polygon","coordinates":[[[-98.9603155,19.8603603],[-98.960282,19.8603049],[-98.9597202,19.8603112],[-98.9597078,19.8597351],[-98.959697,19.8592578],[-98.9596898,19.8588329],[-98.9604354,19.8584091],[-98.9605098,19.8583645],[-98.9607171,19.8582401],[-98.9609122,19.8581274],[-98.961183,19.8585052],[-98.9615097,19.8589601],[-98.9618302,19.8594069],[-98.9619571,19.8595851],[-98.9620018,19.8597232],[-98.9619355,19.8596429],[-98.9618715,19.8595652],[-98.9618082,19.8595399],[-98.961719,19.8595382],[-98.961682,19.8595068],[-98.9607,19.8605327],[-98.960413,19.860541],[-98.9603155,19.8603603]]]},"properties":{"locality":"Santa María","official_key":"1306900050031","CVE_ENT":"13","CVE_MUN":"069","CVE_LOC":"0005","CVE_ASEN":"0031","settlement_type":"COLONIA","source":"INEGI DCAH 2025"}},{"type":"Feature","geometry":{"type":"Polygon","coordinates":[[[-98.9546424,19.8574571],[-98.9544042,19.8575004],[-98.9543532,19.8566751],[-98.9543362,19.8564759],[-98.9543022,19.8561212],[-98.9542619,19.8557448],[-98.9543285,19.855765],[-98.9544995,19.8557377],[-98.9548373,19.8555948],[-98.954976,19.8555181],[-98.955258,19.8553749],[-98.9553865,19.8552989],[-98.9558889,19.8569407],[-98.9555229,19.8570467],[-98.9554524,19.8570889],[-98.9548178,19.8572028],[-98.954606,19.8572429],[-98.9546424,19.8574571]]]},"properties":{"locality":"Tercera Ampliación Emiliano Zapata","official_key":"1306900050032","CVE_ENT":"13","CVE_MUN":"069","CVE_LOC":"0005","CVE_ASEN":"0032","settlement_type":"COLONIA","source":"INEGI DCAH 2025"}},{"type":"Feature","geometry":{"type":"Polygon","coordinates":[[[-98.9655353,19.8538603],[-98.9652524,19.8534557],[-98.9650958,19.8535539],[-98.9646029,19.8528301],[-98.9644517,19.8526075],[-98.9644481,19.8525591],[-98.9646086,19.8525295],[-98.9649953,19.8524582],[-98.9653758,19.8524195],[-98.9656199,19.8523947],[-98.9664625,19.8536722],[-98.9662558,19.8538167],[-98.9657282,19.854169],[-98.9655353,19.8538603]]]},"properties":{"locality":"La Unión","official_key":"1306900050033","CVE_ENT":"13","CVE_MUN":"069","CVE_LOC":"0005","CVE_ASEN":"0033","settlement_type":"COLONIA","source":"INEGI DCAH 2025"}},{"type":"Feature","geometry":{"type":"Polygon","coordinates":[[[-98.9665809,19.8535894],[-98.9670149,19.8533132],[-98.9680361,19.8548158],[-98.9680137,19.8548723],[-98.9678431,19.8549773],[-98.9677085,19.8550682],[-98.9675817,19.8550666],[-98.9674138,19.8551681],[-98.9672651,19.8552579],[-98.966986,19.8554297],[-98.9666958,19.8555957],[-98.9664939,19.8557377],[-98.9660358,19.8549858],[-98.9662172,19.8548826],[-98.9657282,19.854169],[-98.9662558,19.8538167],[-98.9664625,19.8536722],[-98.9665809,19.8535894]]]},"properties":{"locality":"Valle Dorado","official_key":"1306900050034","CVE_ENT":"13","CVE_MUN":"069","CVE_LOC":"0005","CVE_ASEN":"0034","settlement_type":"COLONIA","source":"INEGI DCAH 2025"}},{"type":"Feature","geometry":{"type":"Polygon","coordinates":[[[-98.9522205,19.864467],[-98.952284,19.8644724],[-98.952805,19.8645227],[-98.953462,19.8646633],[-98.9533131,19.8648849],[-98.953133,19.8652167],[-98.9529922,19.8654777],[-98.9529473,19.8655527],[-98.9529419,19.8655182],[-98.9529241,19.8654937],[-98.952379,19.8656218],[-98.952103,19.8656788],[-98.9518981,19.8657211],[-98.9516054,19.8657816],[-98.9514814,19.865809],[-98.9514499,19.8658071],[-98.9513068,19.8658057],[-98.9522205,19.864467]]]},"properties":{"locality":"La Herradura","official_key":"1306900050036","CVE_ENT":"13","CVE_MUN":"069","CVE_LOC":"0005","CVE_ASEN":"0036","settlement_type":"COLONIA","source":"INEGI DCAH 2025"}},{"type":"Feature","geometry":{"type":"Polygon","coordinates":[[[-98.9590167,19.8218904],[-98.9585038,19.821674],[-98.9584023,19.821537],[-98.9583195,19.8214973],[-98.9583706,19.8210414],[-98.9584165,19.8207974],[-98.9584789,19.8204914],[-98.9584843,19.8204744],[-98.9572772,19.819978],[-98.9571598,19.8199523],[-98.9569817,19.8199671],[-98.9564066,19.8200145],[-98.9563575,19.8200186],[-98.9560791,19.8200659],[-98.9554909,19.8196748],[-98.9549819,19.8193004],[-98.9550066,19.8192638],[-98.9542467,19.818752],[-98.9541925,19.8187119],[-98.9538353,19.8184991],[-98.9536842,19.8182477],[-98.9531212,19.8179012],[-98.9530176,19.8178534],[-98.9526498,19.8176837],[-98.9524012,19.8175689],[-98.9519413,19.8173363],[-98.9519122,19.8173302],[-98.9516932,19.8172839],[-98.9515758,19.8172818],[-98.9513779,19.8173201],[-98.9511408,19.8173419],[-98.9510601,19.8173629],[-98.9509493,19.8173971],[-98.950839,19.8174265],[-98.9507914,19.8174556],[-98.9504592,19.8175381],[-98.9502002,19.8176024],[-98.9494675,19.8178094],[-98.9481412,19.8179565],[-98.9480511,19.8180726],[-98.947988,19.8181322],[-98.9479357,19.8182013],[-98.9479361,19.8182999],[-98.9480096,19.8183918],[-98.9481257,19.8184639],[-98.9484914,19.818644],[-98.9486052,19.8186973],[-98.9488242,19.8187532],[-98.9493649,19.8209681],[-98.9500735,19.8213284],[-98.9491649,19.8220349],[-98.9482068,19.8227698],[-98.9481801,19.8226817],[-98.9479892,19.82208],[-98.9475488,19.8206914],[-98.9475466,19.8206848],[-98.9471971,19.819611],[-98.9467968,19.8183809],[-98.9466703,19.8180393],[-98.9460854,19.8161905],[-98.945877,19.8155942],[-98.9455473,19.8145655],[-98.9453945,19.814013],[-98.9453337,19.8137736],[-98.9452689,19.8134316],[-98.9452406,19.8130671],[-98.9452242,19.8128313],[-98.9452309,19.8124651],[-98.9453,19.8121082],[-98.9458514,19.8103247],[-98.9458736,19.8101861],[-98.9464691,19.8100459],[-98.9469334,19.8099113],[-98.9471971,19.8097895],[-98.9473899,19.8096794],[-98.9478739,19.8094505],[-98.9480515,19.8093696],[-98.9482681,19.8089635],[-98.9483183,19.8089862],[-98.9495242,19.8094573],[-98.9497768,19.809556],[-98.9500449,19.8096543],[-98.9506352,19.8081344],[-98.950572,19.8081164],[-98.950052,19.8079764],[-98.9496425,19.8078866],[-98.9491861,19.8077743],[-98.9488976,19.8076688],[-98.9488505,19.807654],[-98.9477927,19.8072795],[-98.9470519,19.8070171],[-98.9469664,19.8069869],[-98.9468426,19.8069433],[-98.9472818,19.8054625],[-98.9474133,19.8049284],[-98.9474463,19.8047947],[-98.9475122,19.8045266],[-98.9475474,19.8045371],[-98.9478552,19.8035098],[-98.9482534,19.8021805],[-98.9483227,19.8019948],[-98.9483754,19.8018537],[-98.9484995,19.8013516],[-98.9485605,19.8011536],[-98.9485669,19.8011331],[-98.9485748,19.8011072],[-98.94863,19.8009281],[-98.9487585,19.8005109],[-98.9495173,19.7999723],[-98.9500424,19.7996413],[-98.9502571,19.7996267],[-98.9506517,19.7996],[-98.9511519,19.7996867],[-98.9516846,19.7997689],[-98.9523666,19.8000137],[-98.9526781,19.8000844],[-98.9530157,19.8001612],[-98.9530292,19.8002329],[-98.9530015,19.8005325],[-98.9530248,19.800905],[-98.9530215,19.8011862],[-98.9528445,19.8019398],[-98.9526043,19.803123],[-98.9525803,19.8032925],[-98.9524781,19.8043345],[-98.9524581,19.8053649],[-98.9524743,19.8054811],[-98.9525137,19.8056161],[-98.9525455,19.8058178],[-98.9525752,19.8061021],[-98.9525857,19.8061548],[-98.952596,19.8062069],[-98.9527214,19.8065011],[-98.9527874,19.8065766],[-98.9531883,19.8070329],[-98.9536164,19.8076826],[-98.9536971,19.8078287],[-98.953946,19.8080272],[-98.9544607,19.80856],[-98.9548939,19.8090974],[-98.954929,19.8091342],[-98.9551422,19.8089467],[-98.9551604,19.808916],[-98.9551917,19.8088867],[-98.9557399,19.8080418],[-98.9558997,19.8071469],[-98.9562146,19.8072452],[-98.9571691,19.8076075],[-98.9572179,19.807626],[-98.957215,19.8060812],[-98.9575989,19.8050225],[-98.9577413,19.8045839],[-98.9580916,19.8035291],[-98.9584394,19.8025523],[-98.9588111,19.8023009],[-98.9588417,19.8022875],[-98.9589469,19.8025021],[-98.9591469,19.8027682],[-98.9594023,19.8028586],[-98.9597291,19.8029391],[-98.9599648,19.8028399],[-98.9602748,19.8029891],[-98.9605083,19.8031133],[-98.9606403,19.8032594],[-98.9607219,19.8034677],[-98.9607215,19.8037321],[-98.9610287,19.8038612],[-98.9613591,19.8039081],[-98.9609171,19.8050944],[-98.9625877,19.8057439],[-98.9626641,19.8057736],[-98.9638438,19.8062322],[-98.963844,19.8062323],[-98.9638443,19.8062324],[-98.9641611,19.8063555],[-98.9644682,19.8064747],[-98.96449,19.8064831],[-98.9657374,19.806967],[-98.9677382,19.8077431],[-98.9701948,19.8086959],[-98.9701984,19.8086973],[-98.9701986,19.8086974],[-98.9701987,19.8086974],[-98.9702019,19.8086986],[-98.9702053,19.8087],[-98.9703583,19.8087593],[-98.9703587,19.8087594],[-98.9703591,19.8087596],[-98.9703637,19.8087614],[-98.9743536,19.8115461],[-98.974869,19.8119059],[-98.9749855,19.8119872],[-98.9749856,19.8119872],[-98.9749856,19.8119872],[-98.9757576,19.8125481],[-98.9763314,19.812965],[-98.9763993,19.8130483],[-98.9752365,19.8134271],[-98.9752112,19.8134353],[-98.9751395,19.8134587],[-98.9751091,19.8134682],[-98.974989,19.8135057],[-98.9747927,19.8136525],[-98.9739822,19.8142995],[-98.9735406,19.8146166],[-98.9727439,19.8151853],[-98.9718821,19.815773],[-98.9710428,19.8163684],[-98.9705158,19.8167515],[-98.9701979,19.8169826],[-98.969706,19.8172913],[-98.9696311,19.8173546],[-98.9669011,19.8194299],[-98.9644813,19.8212349],[-98.9636002,19.8218869],[-98.9629915,19.8222324],[-98.9626789,19.8223442],[-98.9623606,19.8224235],[-98.9617528,19.8224815],[-98.961477,19.8224986],[-98.9618302,19.8229063],[-98.9618936,19.8231307],[-98.9609458,19.8228074],[-98.9601219,19.8223348],[-98.9590167,19.8218904]],[[-98.9485236,19.8131288],[-98.9489252,19.8131173],[-98.9490272,19.8131144],[-98.9492633,19.8131367],[-98.9493281,19.8131385],[-98.9494031,19.8131405],[-98.9496613,19.8123852],[-98.9490536,19.812299],[-98.9495323,19.8111041],[-98.9493917,19.8109389],[-98.9492343,19.8107913],[-98.9491966,19.8107703],[-98.9491079,19.8107258],[-98.9490137,19.8106935],[-98.9488432,19.810639],[-98.9487763,19.8106081],[-98.9486445,19.8105259],[-98.9485545,19.8103979],[-98.9485213,19.8103299],[-98.9482895,19.8111374],[-98.9481388,19.8115277],[-98.9478015,19.8118759],[-98.9477519,19.8120524],[-98.9478082,19.8122484],[-98.9474413,19.8129449],[-98.9475747,19.812966],[-98.9477359,19.8130072],[-98.9480746,19.8131104],[-98.9483287,19.8131481],[-98.9485236,19.8131288]]]},"properties":{"locality":"Centro","official_key":"1306900080001","CVE_ENT":"13","CVE_MUN":"069","CVE_LOC":"0008","CVE_ASEN":"0001","settlement_type":"COLONIA","source":"INEGI DCAH 2025"}},{"type":"Feature","geometry":{"type":"Polygon","coordinates":[[[-98.9515758,19.8172818],[-98.9516932,19.8172839],[-98.9519122,19.8173302],[-98.9519413,19.8173363],[-98.9524012,19.8175689],[-98.9526498,19.8176837],[-98.9530176,19.8178534],[-98.9531212,19.8179012],[-98.9536842,19.8182477],[-98.9535191,19.8184123],[-98.9534267,19.8185556],[-98.9532789,19.8187009],[-98.9527836,19.8191304],[-98.9527488,19.8191585],[-98.952656,19.8192336],[-98.9521197,19.8196673],[-98.9520603,19.8197299],[-98.9513243,19.8203198],[-98.9512412,19.8203871],[-98.9512274,19.8203963],[-98.9511659,19.8204371],[-98.9505872,19.8209013],[-98.9503157,19.8211401],[-98.9500735,19.8213284],[-98.9493649,19.8209681],[-98.9488242,19.8187532],[-98.9486052,19.8186973],[-98.9484914,19.818644],[-98.9481257,19.8184639],[-98.9480096,19.8183918],[-98.9479361,19.8182999],[-98.9479357,19.8182013],[-98.947988,19.8181322],[-98.9480511,19.8180726],[-98.9481412,19.8179565],[-98.9494675,19.8178094],[-98.9502002,19.8176024],[-98.9504592,19.8175381],[-98.9507914,19.8174556],[-98.950839,19.8174265],[-98.9509493,19.8173971],[-98.9510601,19.8173629],[-98.9511408,19.8173419],[-98.9513779,19.8173201],[-98.9515758,19.8172818]]]},"properties":{"locality":"Las Granjas","official_key":"1306900080002","CVE_ENT":"13","CVE_MUN":"069","CVE_LOC":"0008","CVE_ASEN":"0002","settlement_type":"COLONIA","source":"INEGI DCAH 2025"}},{"type":"Feature","geometry":{"type":"Polygon","coordinates":[[[-98.952596,19.8062069],[-98.9525857,19.8061548],[-98.9548449,19.8064915],[-98.9548248,19.8068067],[-98.9548964,19.8068327],[-98.9554251,19.807],[-98.955627,19.8070617],[-98.9558997,19.8071469],[-98.9557399,19.8080418],[-98.9551917,19.8088867],[-98.9551604,19.808916],[-98.9551422,19.8089467],[-98.954929,19.8091342],[-98.9548939,19.8090974],[-98.9544607,19.80856],[-98.953946,19.8080272],[-98.9536971,19.8078287],[-98.9536164,19.8076826],[-98.9531883,19.8070329],[-98.9527874,19.8065766],[-98.9527214,19.8065011],[-98.952596,19.8062069]]]},"properties":{"locality":"Colonial Huitzila","official_key":"1306900080003","CVE_ENT":"13","CVE_MUN":"069","CVE_LOC":"0008","CVE_ASEN":"0003","settlement_type":"FRACCIONAMIENTO","source":"INEGI DCAH 2025"}},{"type":"Feature","geometry":{"type":"Polygon","coordinates":[[[-98.9562146,19.8072452],[-98.956281,19.806287],[-98.9563437,19.8057064],[-98.9563453,19.8056868],[-98.9566369,19.804156],[-98.9563666,19.8040568],[-98.9563591,19.8040756],[-98.9558529,19.8056204],[-98.9552616,19.8055816],[-98.9554785,19.8062246],[-98.9551832,19.8062022],[-98.9548635,19.8061824],[-98.9548449,19.8064915],[-98.9525857,19.8061548],[-98.9525752,19.8061021],[-98.9525455,19.8058178],[-98.9525137,19.8056161],[-98.9524743,19.8054811],[-98.9524581,19.8053649],[-98.9524781,19.8043345],[-98.9525803,19.8032925],[-98.9526043,19.803123],[-98.9528445,19.8019398],[-98.9530215,19.8011862],[-98.9530248,19.800905],[-98.9530015,19.8005325],[-98.9530292,19.8002329],[-98.9530157,19.8001612],[-98.9534244,19.7992401],[-98.9540519,19.7985735],[-98.9548264,19.7986836],[-98.9553994,19.7988303],[-98.954683,19.8005431],[-98.9550599,19.8007469],[-98.9551871,19.8007934],[-98.9553307,19.8007935],[-98.9555004,19.8008182],[-98.9556179,19.8009047],[-98.9557093,19.8010405],[-98.9558398,19.8011022],[-98.9562419,19.8011434],[-98.9566885,19.8012136],[-98.9571455,19.8013124],[-98.9574718,19.8015224],[-98.9576676,19.8016634],[-98.9579478,19.801797],[-98.9585293,19.8020288],[-98.9587513,19.802103],[-98.958839,19.802282],[-98.9588417,19.8022875],[-98.9588111,19.8023009],[-98.9584394,19.8025523],[-98.9580916,19.8035291],[-98.9577413,19.8045839],[-98.9575989,19.8050225],[-98.957215,19.8060812],[-98.9572179,19.807626],[-98.9571691,19.8076075],[-98.9562146,19.8072452]]]},"properties":{"locality":"La Joya","official_key":"1306900080004","CVE_ENT":"13","CVE_MUN":"069","CVE_LOC":"0008","CVE_ASEN":"0004","settlement_type":"COLONIA","source":"INEGI DCAH 2025"}},{"type":"Feature","geometry":{"type":"Polygon","coordinates":[[[-98.9482068,19.8227698],[-98.9491649,19.8220349],[-98.9500735,19.8213284],[-98.9503157,19.8211401],[-98.9505872,19.8209013],[-98.9511659,19.8204371],[-98.9512274,19.8203963],[-98.9512412,19.8203871],[-98.9513243,19.8203198],[-98.9520603,19.8197299],[-98.9521197,19.8196673],[-98.952656,19.8192336],[-98.9527488,19.8191585],[-98.9527836,19.8191304],[-98.9532789,19.8187009],[-98.9534267,19.8185556],[-98.9535191,19.8184123],[-98.9536842,19.8182477],[-98.9538353,19.8184991],[-98.9541925,19.8187119],[-98.9542467,19.818752],[-98.9550066,19.8192638],[-98.9549819,19.8193004],[-98.9554909,19.8196748],[-98.9560791,19.8200659],[-98.9563575,19.8200186],[-98.9564066,19.8200145],[-98.9569817,19.8199671],[-98.9571598,19.8199523],[-98.9572772,19.819978],[-98.9584843,19.8204744],[-98.9584789,19.8204914],[-98.9584165,19.8207974],[-98.9583706,19.8210414],[-98.9583195,19.8214973],[-98.9584023,19.821537],[-98.9585038,19.821674],[-98.9590167,19.8218904],[-98.95844,19.8222244],[-98.9578872,19.8235626],[-98.9575386,19.8245135],[-98.9575203,19.824557],[-98.9571597,19.8254143],[-98.956964,19.8254706],[-98.9568553,19.825484],[-98.9560914,19.8255782],[-98.9542059,19.8256684],[-98.9533484,19.8257242],[-98.95251,19.8259364],[-98.9524085,19.8260034],[-98.9494747,19.8268573],[-98.9488509,19.8248813],[-98.9487557,19.8245798],[-98.9482536,19.8229241],[-98.9482068,19.8227698]]]},"properties":{"locality":"La Palma","official_key":"1306900080006","CVE_ENT":"13","CVE_MUN":"069","CVE_LOC":"0008","CVE_ASEN":"0006","settlement_type":"COLONIA","source":"INEGI DCAH 2025"}},{"type":"Feature","geometry":{"type":"Polygon","coordinates":[[[-98.9548449,19.8064915],[-98.9548635,19.8061824],[-98.9551832,19.8062022],[-98.9554785,19.8062246],[-98.9552616,19.8055816],[-98.9558529,19.8056204],[-98.9563591,19.8040756],[-98.9563666,19.8040568],[-98.9566369,19.804156],[-98.9563453,19.8056868],[-98.9563437,19.8057064],[-98.956281,19.806287],[-98.9562146,19.8072452],[-98.9558997,19.8071469],[-98.955627,19.8070617],[-98.9554251,19.807],[-98.9548964,19.8068327],[-98.9548248,19.8068067],[-98.9548449,19.8064915]]]},"properties":{"locality":"La Palma","official_key":"1306900080007","CVE_ENT":"13","CVE_MUN":"069","CVE_LOC":"0008","CVE_ASEN":"0007","settlement_type":"COLONIA","source":"INEGI DCAH 2025"}},{"type":"Feature","geometry":{"type":"Polygon","coordinates":[[[-98.9464806,19.8081637],[-98.947124,19.8084232],[-98.9474952,19.8085938],[-98.9479591,19.8088142],[-98.9482681,19.8089635],[-98.9480515,19.8093696],[-98.9478739,19.8094505],[-98.9473899,19.8096794],[-98.9471971,19.8097895],[-98.9469334,19.8099113],[-98.9464691,19.8100459],[-98.9458736,19.8101861],[-98.9458966,19.8101095],[-98.9464806,19.8081637]]]},"properties":{"locality":"Los Armandos","official_key":"1306900080008","CVE_ENT":"13","CVE_MUN":"069","CVE_LOC":"0008","CVE_ASEN":"0008","settlement_type":"COLONIA","source":"INEGI DCAH 2025"}},{"type":"Feature","geometry":{"type":"Polygon","coordinates":[[[-98.9483287,19.8131481],[-98.9480746,19.8131104],[-98.9477359,19.8130072],[-98.9475747,19.812966],[-98.9474413,19.8129449],[-98.9478082,19.8122484],[-98.9477519,19.8120524],[-98.9478015,19.8118759],[-98.9481388,19.8115277],[-98.9482895,19.8111374],[-98.9485213,19.8103299],[-98.9485545,19.8103979],[-98.9486445,19.8105259],[-98.9487763,19.8106081],[-98.9488432,19.810639],[-98.9490137,19.8106935],[-98.9491079,19.8107258],[-98.9491966,19.8107703],[-98.9492343,19.8107913],[-98.9493917,19.8109389],[-98.9495323,19.8111041],[-98.9490536,19.812299],[-98.9496613,19.8123852],[-98.9494031,19.8131405],[-98.9493281,19.8131385],[-98.9492633,19.8131367],[-98.9490272,19.8131144],[-98.9489252,19.8131173],[-98.9485236,19.8131288],[-98.9483287,19.8131481]]]},"properties":{"locality":"San Antonio","official_key":"1306900080009","CVE_ENT":"13","CVE_MUN":"069","CVE_LOC":"0008","CVE_ASEN":"0009","settlement_type":"COLONIA","source":"INEGI DCAH 2025"}},{"type":"Feature","geometry":{"type":"Polygon","coordinates":[[[-98.9500449,19.8096543],[-98.9497768,19.809556],[-98.9495242,19.8094573],[-98.9483183,19.8089862],[-98.9482681,19.8089635],[-98.9483045,19.808915],[-98.9484141,19.8087105],[-98.9484406,19.8086611],[-98.9485736,19.8083723],[-98.9487109,19.8080681],[-98.9488976,19.8076688],[-98.9491861,19.8077743],[-98.9496425,19.8078866],[-98.950052,19.8079764],[-98.950572,19.8081164],[-98.9506352,19.8081344],[-98.9500449,19.8096543]]]},"properties":{"locality":"San Gabriel","official_key":"1306900080010","CVE_ENT":"13","CVE_MUN":"069","CVE_LOC":"0008","CVE_ASEN":"0010","settlement_type":"COLONIA","source":"INEGI DCAH 2025"}},{"type":"Feature","geometry":{"type":"Polygon","coordinates":[[[-98.9464806,19.8081637],[-98.9468426,19.8069433],[-98.9469664,19.8069869],[-98.9470519,19.8070171],[-98.9477927,19.8072795],[-98.9488505,19.807654],[-98.9488976,19.8076688],[-98.9487109,19.8080681],[-98.9485736,19.8083723],[-98.9484406,19.8086611],[-98.9484141,19.8087105],[-98.9483045,19.808915],[-98.9482681,19.8089635],[-98.9479591,19.8088142],[-98.9474952,19.8085938],[-98.947124,19.8084232],[-98.9464806,19.8081637]]]},"properties":{"locality":"San Mauricio","official_key":"1306900080011","CVE_ENT":"13","CVE_MUN":"069","CVE_LOC":"0008","CVE_ASEN":"0011","settlement_type":"COLONIA","source":"INEGI DCAH 2025"}},{"type":"Feature","geometry":{"type":"Polygon","coordinates":[[[-98.9053159,19.8634883],[-98.9069255,19.861222],[-98.9069701,19.8611077],[-98.9070351,19.8610148],[-98.9071517,19.860848],[-98.9073201,19.8606854],[-98.9074434,19.8604514],[-98.9074123,19.8594976],[-98.9075177,19.8591279],[-98.9077129,19.8588727],[-98.9077742,19.8586698],[-98.9086748,19.8573239],[-98.9097881,19.8584693],[-98.9093644,19.8587866],[-98.9094154,19.8588404],[-98.9109026,19.8604086],[-98.9104468,19.8610203],[-98.9104433,19.8610251],[-98.9105289,19.8611244],[-98.9118913,19.8615209],[-98.9142279,19.8619417],[-98.9135215,19.8633291],[-98.910643,19.8632325],[-98.9104141,19.86368],[-98.9102688,19.8639642],[-98.910434,19.8640842],[-98.9121495,19.8653292],[-98.912242,19.8661948],[-98.91173,19.8662467],[-98.9108952,19.8660331],[-98.9104896,19.8659002],[-98.9101386,19.8658479],[-98.9094895,19.8655664],[-98.9087874,19.8654177],[-98.9087101,19.8653868],[-98.9081689,19.8651258],[-98.9078677,19.8649629],[-98.9066193,19.8642694],[-98.9053159,19.8634883]]]},"properties":{"locality":"Mogotes","official_key":"1306900090001","CVE_ENT":"13","CVE_MUN":"069","CVE_LOC":"0009","CVE_ASEN":"0001","settlement_type":"COLONIA","source":"INEGI DCAH 2025"}},{"type":"Feature","geometry":{"type":"Polygon","coordinates":[[[-98.9330001,19.8751162],[-98.9328298,19.8750283],[-98.9324935,19.8748483],[-98.9323261,19.8747633],[-98.9321624,19.8746847],[-98.9319215,19.8745762],[-98.9311354,19.8741797],[-98.9303976,19.8738068],[-98.9296234,19.8734266],[-98.9289811,19.8731262],[-98.9285363,19.8729142],[-98.9274828,19.8724078],[-98.9266261,19.8719759],[-98.9262876,19.8718071],[-98.9250214,19.8712248],[-98.9239956,19.8709612],[-98.9223725,19.8704972],[-98.9221145,19.8704209],[-98.9214437,19.8702154],[-98.921081,19.8701121],[-98.9206234,19.8699838],[-98.9203352,19.8699031],[-98.919902,19.8697866],[-98.9195312,19.8696526],[-98.9194759,19.8696213],[-98.9191164,19.8693879],[-98.9183272,19.8686899],[-98.9180933,19.8685098],[-98.9179868,19.8684279],[-98.9181526,19.8683554],[-98.9186075,19.8677116],[-98.9189365,19.8671234],[-98.919517,19.8658904],[-98.9199534,19.8651375],[-98.9207854,19.8637154],[-98.9214064,19.8627852],[-98.9217005,19.8623],[-98.9218768,19.8619963],[-98.9258474,19.8623391],[-98.9261083,19.8623788],[-98.9263077,19.8624503],[-98.9264195,19.8624618],[-98.9265768,19.8623019],[-98.9267763,19.8619565],[-98.9269032,19.8618823],[-98.9271601,19.8618939],[-98.9272597,19.8619824],[-98.9271914,19.8622007],[-98.9294561,19.8617165],[-98.9294939,19.8617085],[-98.9298758,19.8616294],[-98.9342457,19.8607552],[-98.9343076,19.8607453],[-98.9343076,19.8607453],[-98.934308,19.8614163],[-98.9342991,19.8617865],[-98.9343011,19.8621795],[-98.934297,19.8625106],[-98.934296,19.8625959],[-98.9343017,19.8628615],[-98.9342759,19.8635793],[-98.9342758,19.8635814],[-98.9343078,19.8637805],[-98.9342728,19.864751],[-98.9342758,19.8649114],[-98.9342766,19.8650725],[-98.9342734,19.8654424],[-98.9342787,19.8655356],[-98.9342863,19.8656688],[-98.9342863,19.8656691],[-98.9342862,19.8656712],[-98.9342781,19.8659413],[-98.934264,19.8664079],[-98.934259,19.8665754],[-98.9342412,19.8668109],[-98.93423,19.8670074],[-98.9342099,19.8671706],[-98.9341937,19.8672817],[-98.9341113,19.8676115],[-98.9340545,19.8678304],[-98.9339562,19.8681851],[-98.9339323,19.8682714],[-98.9338709,19.868493],[-98.9337548,19.8688636],[-98.9336785,19.869073],[-98.9336595,19.8691555],[-98.933659,19.8691577],[-98.9336595,19.8691579],[-98.9338859,19.8692415],[-98.9353107,19.8697756],[-98.935433,19.8698246],[-98.9354339,19.869825],[-98.935433,19.869827],[-98.9344338,19.871949],[-98.9342949,19.8722754],[-98.9340616,19.8728263],[-98.9339185,19.8731356],[-98.9337446,19.8734833],[-98.9336102,19.8737845],[-98.9334861,19.8741162],[-98.9333654,19.8744022],[-98.9330823,19.8750816],[-98.9330276,19.875055],[-98.9330001,19.8751162]]]},"properties":{"locality":"El Cid","official_key":"1306900100001","CVE_ENT":"13","CVE_MUN":"069","CVE_LOC":"0010","CVE_ASEN":"0001","settlement_type":"COLONIA","source":"INEGI DCAH 2025"}},{"type":"Feature","geometry":{"type":"Polygon","coordinates":[[[-98.9245222,19.8711393],[-98.9241622,19.8718883],[-98.9239936,19.8722145],[-98.9238338,19.8725494],[-98.9236758,19.8728721],[-98.9235212,19.8731879],[-98.9233467,19.8735511],[-98.9224942,19.8753262],[-98.9223821,19.8752936],[-98.9217613,19.8751692],[-98.9237534,19.8709527],[-98.9243878,19.8710942],[-98.9245222,19.8711393]]]},"properties":{"locality":"Ampliación Lomas del Pedregal","official_key":"1306900110001","CVE_ENT":"13","CVE_MUN":"069","CVE_LOC":"0011","CVE_ASEN":"0001","settlement_type":"COLONIA","source":"INEGI DCAH 2025"}},{"type":"Feature","geometry":{"type":"Polygon","coordinates":[[[-98.9215702,19.8703247],[-98.9215073,19.8704563],[-98.9214597,19.8705558],[-98.9214294,19.87062],[-98.9213931,19.8706956],[-98.9213752,19.8707333],[-98.921332,19.8708238],[-98.9213074,19.8708744],[-98.921221,19.8710554],[-98.9211772,19.8711479],[-98.9211465,19.8712116],[-98.9211058,19.8712968],[-98.9209816,19.8715566],[-98.9208803,19.8717674],[-98.9208465,19.8718393],[-98.9208327,19.8718667],[-98.920789,19.8719532],[-98.9207536,19.8720242],[-98.9207091,19.8721108],[-98.920681,19.8721658],[-98.9206565,19.8722152],[-98.9206311,19.872264],[-98.9206041,19.8723177],[-98.920574,19.8723774],[-98.920533,19.8724568],[-98.9204949,19.8725327],[-98.9204576,19.8726061],[-98.9204166,19.8726867],[-98.9203773,19.8727642],[-98.9203461,19.8728257],[-98.9203129,19.8728915],[-98.9202788,19.8729582],[-98.9202537,19.8730079],[-98.9202233,19.873068],[-98.9201903,19.8731329],[-98.9201647,19.8731834],[-98.9201396,19.8732325],[-98.9201056,19.8732989],[-98.9200865,19.8733369],[-98.9200657,19.8733778],[-98.9200283,19.873452],[-98.920004,19.8734992],[-98.9199692,19.8735683],[-98.9199393,19.8736265],[-98.9199043,19.8736961],[-98.9198747,19.8737545],[-98.9198404,19.8738226],[-98.9198081,19.8738854],[-98.9197656,19.8739692],[-98.9197248,19.8740499],[-98.9196863,19.8741252],[-98.9196438,19.8742092],[-98.9196019,19.8742916],[-98.9195463,19.8744015],[-98.9195292,19.8744348],[-98.9195194,19.8744603],[-98.9193537,19.8744087],[-98.9190679,19.8743009],[-98.9190316,19.8742587],[-98.9188416,19.8742002],[-98.9208984,19.8700925],[-98.92103,19.8701272],[-98.9210558,19.87017],[-98.9214089,19.8702785],[-98.9214597,19.870293],[-98.9215702,19.8703247]]]},"properties":{"locality":"Los Olmos","official_key":"1306900110002","CVE_ENT":"13","CVE_MUN":"069","CVE_LOC":"0011","CVE_ASEN":"0002","settlement_type":"FRACCIONAMIENTO","source":"INEGI DCAH 2025"}},{"type":"Feature","geometry":{"type":"Polygon","coordinates":[[[-98.9271003,19.882248],[-98.9270604,19.881374],[-98.9270424,19.8808025],[-98.9270382,19.8806652],[-98.9270044,19.8802332],[-98.9270361,19.8801773],[-98.928793,19.8810463],[-98.9284566,19.881175],[-98.9280181,19.8812925],[-98.9274152,19.8809628],[-98.927425,19.8813693],[-98.9277812,19.8813606],[-98.9280478,19.8813513],[-98.9281542,19.8814155],[-98.9286712,19.8817278],[-98.928289,19.8822437],[-98.9278589,19.8823345],[-98.9274669,19.8823636],[-98.9271093,19.8823972],[-98.9271003,19.882248]]]},"properties":{"locality":"Cuauhtémoc","official_key":"1306900110004","CVE_ENT":"13","CVE_MUN":"069","CVE_LOC":"0011","CVE_ASEN":"0004","settlement_type":"COLONIA","source":"INEGI DCAH 2025"}},{"type":"Feature","geometry":{"type":"Polygon","coordinates":[[[-98.9186748,19.8723359],[-98.917868,19.8739506],[-98.9177554,19.873922],[-98.917673,19.8739011],[-98.9175816,19.8738589],[-98.9173437,19.8736667],[-98.9171791,19.8735244],[-98.9170425,19.8733786],[-98.9170025,19.8732909],[-98.9170443,19.8731464],[-98.9170709,19.8730862],[-98.9173565,19.8726307],[-98.9175445,19.8722584],[-98.9175608,19.8721205],[-98.917565,19.8720256],[-98.9175818,19.8719559],[-98.9176111,19.8718975],[-98.9186748,19.8723359]]]},"properties":{"locality":"Cumbre del Campestre","official_key":"1306900110005","CVE_ENT":"13","CVE_MUN":"069","CVE_LOC":"0011","CVE_ASEN":"0005","settlement_type":"COLONIA","source":"INEGI DCAH 2025"}},{"type":"Feature","geometry":{"type":"Polygon","coordinates":[[[-98.9292062,19.8784024],[-98.9292175,19.8782153],[-98.9292273,19.8780238],[-98.9293828,19.8776775],[-98.9295637,19.8772821],[-98.9296987,19.8769666],[-98.9298753,19.8766225],[-98.9300381,19.8763217],[-98.9301886,19.8759963],[-98.9303402,19.8756977],[-98.9305425,19.8753274],[-98.9307283,19.8749679],[-98.9309331,19.8745742],[-98.9311301,19.8742099],[-98.9317587,19.8745213],[-98.9311962,19.8756177],[-98.9305364,19.8769148],[-98.9298636,19.8782925],[-98.929753,19.878259],[-98.9295486,19.8782669],[-98.9293496,19.8783302],[-98.9292468,19.8784557],[-98.9292062,19.8784024]]]},"properties":{"locality":"El Potrero I","official_key":"1306900110006","CVE_ENT":"13","CVE_MUN":"069","CVE_LOC":"0011","CVE_ASEN":"0006","settlement_type":"COLONIA","source":"INEGI DCAH 2025"}},{"type":"Feature","geometry":{"type":"Polygon","coordinates":[[[-98.9285013,19.8764076],[-98.9293213,19.8748919],[-98.9299423,19.8736281],[-98.930403,19.8738446],[-98.9305516,19.8739193],[-98.9291585,19.8767104],[-98.9285013,19.8764076]]]},"properties":{"locality":"El Potrero II","official_key":"1306900110007","CVE_ENT":"13","CVE_MUN":"069","CVE_LOC":"0011","CVE_ASEN":"0007","settlement_type":"COLONIA","source":"INEGI DCAH 2025"}},{"type":"Feature","geometry":{"type":"Polygon","coordinates":[[[-98.926439,19.8723427],[-98.9266046,19.8720163],[-98.9269592,19.8721843],[-98.9274479,19.8724381],[-98.9279554,19.8726777],[-98.9259489,19.8767272],[-98.9257579,19.8766356],[-98.925387,19.8764609],[-98.9245893,19.8760851],[-98.9249271,19.8754473],[-98.9250553,19.8751621],[-98.9252149,19.8748331],[-98.9258006,19.8736276],[-98.9259365,19.8733688],[-98.9259557,19.8733331],[-98.9259711,19.8733045],[-98.9261298,19.8730092],[-98.926291,19.8726636],[-98.926439,19.8723427]]]},"properties":{"locality":"Magiasterio Olmos","official_key":"1306900110008","CVE_ENT":"13","CVE_MUN":"069","CVE_LOC":"0011","CVE_ASEN":"0008","settlement_type":"COLONIA","source":"INEGI DCAH 2025"}},{"type":"Feature","geometry":{"type":"Polygon","coordinates":[[[-98.9266046,19.8720163],[-98.926439,19.8723427],[-98.926291,19.8726636],[-98.9261298,19.8730092],[-98.9259711,19.8733045],[-98.9259557,19.8733331],[-98.9259365,19.8733688],[-98.9258006,19.8736276],[-98.9252149,19.8748331],[-98.9250553,19.8751621],[-98.9249271,19.8754473],[-98.9245893,19.8760851],[-98.924253,19.8759266],[-98.9238695,19.8757361],[-98.9234692,19.8756122],[-98.9254677,19.8714625],[-98.9258886,19.8716413],[-98.9259151,19.87167],[-98.9262634,19.8718449],[-98.9266046,19.8720163]]]},"properties":{"locality":"La Cañada","official_key":"1306900110009","CVE_ENT":"13","CVE_MUN":"069","CVE_LOC":"0011","CVE_ASEN":"0009","settlement_type":"COLONIA","source":"INEGI DCAH 2025"}},{"type":"Feature","geometry":{"type":"Polygon","coordinates":[[[-98.9207115,19.8748374],[-98.9228252,19.8706671],[-98.9232356,19.8707959],[-98.9236898,19.8709385],[-98.9237534,19.8709527],[-98.9217613,19.8751692],[-98.9216892,19.8751547],[-98.9211477,19.874979],[-98.9207115,19.8748374]]]},"properties":{"locality":"Monarca","official_key":"1306900110010","CVE_ENT":"13","CVE_MUN":"069","CVE_LOC":"0011","CVE_ASEN":"0010","settlement_type":"COLONIA","source":"INEGI DCAH 2025"}},{"type":"Feature","geometry":{"type":"Polygon","coordinates":[[[-98.9254677,19.8714625],[-98.9234692,19.8756122],[-98.9233015,19.8755602],[-98.9224942,19.8753262],[-98.9233467,19.8735511],[-98.9235212,19.8731879],[-98.9236758,19.8728721],[-98.9238338,19.8725494],[-98.9239936,19.8722145],[-98.9241622,19.8718883],[-98.9245222,19.8711393],[-98.9248846,19.8712197],[-98.9252374,19.8713646],[-98.9254677,19.8714625]]]},"properties":{"locality":"Lomas del Pedregal","official_key":"1306900110012","CVE_ENT":"13","CVE_MUN":"069","CVE_LOC":"0011","CVE_ASEN":"0012","settlement_type":"COLONIA","source":"INEGI DCAH 2025"}},{"type":"Feature","geometry":{"type":"Polygon","coordinates":[[[-98.9223644,19.8705224],[-98.9218706,19.8715194],[-98.9217069,19.8718375],[-98.9207397,19.8737322],[-98.9202932,19.8747017],[-98.9195194,19.8744603],[-98.9195292,19.8744348],[-98.9195463,19.8744015],[-98.9196019,19.8742916],[-98.9196438,19.8742092],[-98.9196863,19.8741252],[-98.9197248,19.8740499],[-98.9197656,19.8739692],[-98.9198081,19.8738854],[-98.9198404,19.8738226],[-98.9198747,19.8737545],[-98.9199043,19.8736961],[-98.9199393,19.8736265],[-98.9199692,19.8735683],[-98.920004,19.8734992],[-98.9200283,19.873452],[-98.9200657,19.8733778],[-98.9200865,19.8733369],[-98.9201056,19.8732989],[-98.9201396,19.8732325],[-98.9201647,19.8731834],[-98.9201903,19.8731329],[-98.9202233,19.873068],[-98.9202537,19.8730079],[-98.9202788,19.8729582],[-98.9203129,19.8728915],[-98.9203461,19.8728257],[-98.9203773,19.8727642],[-98.9204166,19.8726867],[-98.9204576,19.8726061],[-98.9204949,19.8725327],[-98.920533,19.8724568],[-98.920574,19.8723774],[-98.9206041,19.8723177],[-98.9206311,19.872264],[-98.9206565,19.8722152],[-98.920681,19.8721658],[-98.9207091,19.8721108],[-98.9207536,19.8720242],[-98.920789,19.8719532],[-98.9208327,19.8718667],[-98.9208465,19.8718393],[-98.9208803,19.8717674],[-98.9209816,19.8715566],[-98.9211058,19.8712968],[-98.9211465,19.8712116],[-98.9211772,19.8711479],[-98.921221,19.8710554],[-98.9213074,19.8708744],[-98.921332,19.8708238],[-98.9213752,19.8707333],[-98.9213931,19.8706956],[-98.9214294,19.87062],[-98.9214597,19.8705558],[-98.9215073,19.8704563],[-98.9215702,19.8703247],[-98.9216337,19.8703429],[-98.9216691,19.8703531],[-98.9220766,19.8704699],[-98.9220904,19.8704739],[-98.9221295,19.8704527],[-98.9223644,19.8705224]]]},"properties":{"locality":"Pueblo Nuevo","official_key":"1306900110013","CVE_ENT":"13","CVE_MUN":"069","CVE_LOC":"0011","CVE_ASEN":"0013","settlement_type":"COLONIA","source":"INEGI DCAH 2025"}},{"type":"Feature","geometry":{"type":"Polygon","coordinates":[[[-98.9298636,19.8782925],[-98.9305364,19.8769148],[-98.9311962,19.8756177],[-98.9317587,19.8745213],[-98.9319054,19.8745939],[-98.9314841,19.8754213],[-98.9317696,19.8755386],[-98.9321913,19.8747226],[-98.9322946,19.8747728],[-98.9302068,19.8788783],[-98.930135,19.8788459],[-98.930139,19.8787708],[-98.9301022,19.878735],[-98.930098,19.8785725],[-98.9300568,19.8784107],[-98.9299095,19.8783064],[-98.9298636,19.8782925]]]},"properties":{"locality":"Magisterio Olmos","official_key":"1306900110014","CVE_ENT":"13","CVE_MUN":"069","CVE_LOC":"0011","CVE_ASEN":"0014","settlement_type":"COLONIA","source":"INEGI DCAH 2025"}},{"type":"Feature","geometry":{"type":"Polygon","coordinates":[[[-98.9265174,19.8769999],[-98.9267946,19.8771756],[-98.9268748,19.8772741],[-98.9268756,19.8773587],[-98.9274343,19.8776769],[-98.9277247,19.8778298],[-98.9282455,19.8781088],[-98.9288012,19.8783869],[-98.9289549,19.8784629],[-98.9291483,19.8785523],[-98.9285217,19.8795901],[-98.9283378,19.8799088],[-98.9283496,19.8799341],[-98.9286605,19.8802767],[-98.9289781,19.8805039],[-98.9289609,19.880982],[-98.928793,19.8810463],[-98.9270361,19.8801773],[-98.9270044,19.8802332],[-98.9270382,19.8806652],[-98.9270424,19.8808025],[-98.9270604,19.881374],[-98.9271003,19.882248],[-98.9270502,19.8822478],[-98.9264047,19.8822728],[-98.9263562,19.8822192],[-98.9263452,19.8821631],[-98.9263108,19.8820908],[-98.9262641,19.8820471],[-98.9261262,19.8819908],[-98.926309,19.8814011],[-98.9263071,19.881373],[-98.9252102,19.8807564],[-98.9253656,19.8804991],[-98.9251176,19.8803645],[-98.9245768,19.8800693],[-98.9239976,19.8797793],[-98.9242668,19.8792679],[-98.9244056,19.8790148],[-98.9240059,19.8788149],[-98.924516,19.8779243],[-98.9245765,19.8778774],[-98.9248154,19.8777879],[-98.9250863,19.8777463],[-98.9253573,19.8777613],[-98.9255528,19.8777971],[-98.9257971,19.8778671],[-98.9259847,19.8779619],[-98.9265174,19.8769999]]]},"properties":{"locality":"Olmos","official_key":"1306900110015","CVE_ENT":"13","CVE_MUN":"069","CVE_LOC":"0011","CVE_ASEN":"0015","settlement_type":"COLONIA","source":"INEGI DCAH 2025"}},{"type":"Feature","geometry":{"type":"Polygon","coordinates":[[[-98.924516,19.8779243],[-98.9240059,19.8788149],[-98.9244056,19.8790148],[-98.9242668,19.8792679],[-98.9239976,19.8797793],[-98.9245768,19.8800693],[-98.9251176,19.8803645],[-98.9253656,19.8804991],[-98.9252102,19.8807564],[-98.9263071,19.881373],[-98.9256828,19.8813676],[-98.9255885,19.8813533],[-98.9256218,19.8813057],[-98.9255473,19.8812845],[-98.9253762,19.8811573],[-98.9251056,19.8809296],[-98.9245362,19.8806504],[-98.9242323,19.8804746],[-98.9240781,19.8803396],[-98.9237549,19.8801769],[-98.9235434,19.8800951],[-98.9233317,19.8800428],[-98.9232702,19.880036],[-98.923051,19.8804545],[-98.9226762,19.8802778],[-98.9222346,19.8800736],[-98.9218153,19.8798989],[-98.9213907,19.8797164],[-98.9213217,19.8797022],[-98.9213194,19.8799701],[-98.9212431,19.8802326],[-98.9213273,19.8801759],[-98.9216851,19.8801899],[-98.9214341,19.8805645],[-98.92133,19.8806635],[-98.9212726,19.8806979],[-98.9211991,19.8804927],[-98.9210975,19.8806426],[-98.9195484,19.8797428],[-98.9195739,19.8796682],[-98.9196173,19.8795417],[-98.9196781,19.8793646],[-98.9196518,19.8792966],[-98.919593,19.8792247],[-98.9191265,19.8789637],[-98.9190382,19.8791796],[-98.9187326,19.8791156],[-98.9186427,19.8790848],[-98.9184914,19.878838],[-98.9184005,19.8788658],[-98.9182758,19.8788787],[-98.9179929,19.8788134],[-98.9175325,19.8786226],[-98.9177782,19.8782444],[-98.9180828,19.8779067],[-98.918323,19.8776444],[-98.9185477,19.877473],[-98.919223,19.8769055],[-98.9199862,19.8767568],[-98.9203839,19.8766875],[-98.9209747,19.8766106],[-98.9215479,19.8765605],[-98.9217954,19.8765543],[-98.9220281,19.8766594],[-98.9224494,19.8768462],[-98.9228705,19.8770617],[-98.923269,19.8772758],[-98.9236667,19.8774721],[-98.924088,19.8776978],[-98.924516,19.8779243]]]},"properties":{"locality":"Precursores Ejidales","official_key":"1306900110016","CVE_ENT":"13","CVE_MUN":"069","CVE_LOC":"0011","CVE_ASEN":"0016","settlement_type":"COLONIA","source":"INEGI DCAH 2025"}},{"type":"Feature","geometry":{"type":"Polygon","coordinates":[[[-98.9228252,19.8706671],[-98.9207115,19.8748374],[-98.9202932,19.8747017],[-98.9207397,19.8737322],[-98.9217069,19.8718375],[-98.9218706,19.8715194],[-98.9223644,19.8705224],[-98.9228252,19.8706671]]]},"properties":{"locality":"Santa Martha","official_key":"1306900110017","CVE_ENT":"13","CVE_MUN":"069","CVE_LOC":"0011","CVE_ASEN":"0017","settlement_type":"COLONIA","source":"INEGI DCAH 2025"}},{"type":"Feature","geometry":{"type":"Polygon","coordinates":[[[-98.928531,19.8729495],[-98.9289676,19.8731842],[-98.9296154,19.8734745],[-98.9299423,19.8736281],[-98.9293213,19.8748919],[-98.9285013,19.8764076],[-98.9271378,19.8757965],[-98.9272067,19.8756296],[-98.9273733,19.8752696],[-98.92754,19.8749618],[-98.9276956,19.8746355],[-98.9278665,19.8742747],[-98.928022,19.8739739],[-98.9281782,19.8736562],[-98.928351,19.8733061],[-98.928531,19.8729495]]]},"properties":{"locality":"San Luis","official_key":"1306900110018","CVE_ENT":"13","CVE_MUN":"069","CVE_LOC":"0011","CVE_ASEN":"0018","settlement_type":"COLONIA","source":"INEGI DCAH 2025"}},{"type":"Feature","geometry":{"type":"Polygon","coordinates":[[[-98.9179959,19.8712631],[-98.9189009,19.8692207],[-98.9190338,19.8693309],[-98.9191271,19.8694081],[-98.9192774,19.8695356],[-98.9194453,19.8696375],[-98.9195047,19.869649],[-98.9196014,19.8697001],[-98.9198698,19.8698042],[-98.9203137,19.8699384],[-98.9203278,19.8699421],[-98.9203282,19.869943],[-98.9201084,19.870378],[-98.9199308,19.8707349],[-98.919783,19.8710321],[-98.919632,19.8713358],[-98.9194622,19.8716682],[-98.9192869,19.8720173],[-98.9191412,19.8723127],[-98.9190527,19.8724916],[-98.9189817,19.8726352],[-98.9188228,19.8729565],[-98.9186644,19.8732768],[-98.918512,19.8735849],[-98.9182915,19.8740307],[-98.9182346,19.8740435],[-98.917868,19.8739506],[-98.9186748,19.8723359],[-98.9176111,19.8718975],[-98.9176285,19.8718628],[-98.9177628,19.8717111],[-98.9179631,19.8713134],[-98.9179959,19.8712631]]]},"properties":{"locality":"San Marino","official_key":"1306900110019","CVE_ENT":"13","CVE_MUN":"069","CVE_LOC":"0011","CVE_ASEN":"0019","settlement_type":"COLONIA","source":"INEGI DCAH 2025"}},{"type":"Feature","geometry":{"type":"Polygon","coordinates":[[[-98.9182915,19.8740307],[-98.918512,19.8735849],[-98.9186644,19.8732768],[-98.9188228,19.8729565],[-98.9189817,19.8726352],[-98.9190527,19.8724916],[-98.9191412,19.8723127],[-98.9192869,19.8720173],[-98.9194622,19.8716682],[-98.919632,19.8713358],[-98.919783,19.8710321],[-98.9199308,19.8707349],[-98.9201084,19.870378],[-98.9203282,19.869943],[-98.9203278,19.8699421],[-98.9206412,19.8700247],[-98.9206731,19.8700331],[-98.9208984,19.8700925],[-98.9188416,19.8742002],[-98.9182915,19.8740307]]]},"properties":{"locality":"Ampliación los Olmos","official_key":"1306900110021","CVE_ENT":"13","CVE_MUN":"069","CVE_LOC":"0011","CVE_ASEN":"0021","settlement_type":"FRACCIONAMIENTO","source":"INEGI DCAH 2025"}},{"type":"Feature","geometry":{"type":"Polygon","coordinates":[[[-98.9411751,19.8474808],[-98.9416434,19.846026],[-98.9410956,19.8460902],[-98.9400675,19.8461288],[-98.9405601,19.8449972],[-98.9406013,19.8449579],[-98.9406512,19.8449435],[-98.9408326,19.8443598],[-98.9410299,19.8444191],[-98.9410647,19.8444295],[-98.9412019,19.8444706],[-98.9422652,19.8447891],[-98.9422719,19.84454],[-98.9422835,19.8438618],[-98.9422848,19.8437915],[-98.9422886,19.8433804],[-98.9422917,19.8430529],[-98.9424617,19.8424205],[-98.9425716,19.8420099],[-98.9426507,19.8417531],[-98.9426625,19.8416968],[-98.9421012,19.8417329],[-98.9419496,19.8417303],[-98.9417602,19.8417457],[-98.9417188,19.8417491],[-98.9414603,19.84177],[-98.9414578,19.8417702],[-98.9414364,19.841772],[-98.9414339,19.8417722],[-98.941433,19.8417722],[-98.9414314,19.8417724],[-98.9414294,19.8417725],[-98.9414293,19.8417725],[-98.9414276,19.8417727],[-98.9414252,19.8417729],[-98.9414247,19.8417729],[-98.9414238,19.841773],[-98.9414231,19.841773],[-98.9414231,19.841773],[-98.9409026,19.8418371],[-98.9407446,19.8418522],[-98.940638,19.8418624],[-98.9398024,19.8419421],[-98.9396209,19.8419595],[-98.9393027,19.8420329],[-98.9398575,19.8404492],[-98.9402781,19.8405457],[-98.9404006,19.8401333],[-98.9412033,19.8403833],[-98.9416449,19.840525],[-98.9417018,19.8404047],[-98.9419384,19.8402045],[-98.9419688,19.8401315],[-98.9419635,19.8400786],[-98.9422176,19.8392955],[-98.9422248,19.8392733],[-98.9425274,19.838342],[-98.942786,19.8374162],[-98.9428056,19.8373462],[-98.9428256,19.8372688],[-98.9418434,19.8368688],[-98.9413703,19.8366559],[-98.9409249,19.8364513],[-98.9403468,19.8361857],[-98.9412952,19.8352496],[-98.9413818,19.835155],[-98.9405968,19.8348859],[-98.9402647,19.8347392],[-98.9389916,19.8341178],[-98.9392568,19.8333963],[-98.940469,19.8336387],[-98.9406709,19.8336757],[-98.9414609,19.8338237],[-98.9422593,19.8339503],[-98.9422765,19.8339135],[-98.9432854,19.8317483],[-98.9451498,19.8318934],[-98.9453038,19.8319054],[-98.9457786,19.831964],[-98.9469778,19.8320668],[-98.9473814,19.8321237],[-98.9477582,19.8321367],[-98.9480051,19.8321309],[-98.9484352,19.8320732],[-98.949149,19.8319013],[-98.9493411,19.8318255],[-98.9498215,19.8317109],[-98.9505132,19.8315261],[-98.9506468,19.8315013],[-98.9508427,19.8314516],[-98.9508954,19.8319782],[-98.9509,19.8325506],[-98.9508543,19.8334559],[-98.9508001,19.8347085],[-98.9507742,19.8351161],[-98.9507467,19.8359467],[-98.9518482,19.8360785],[-98.9521195,19.8361109],[-98.9527698,19.8361826],[-98.9534977,19.8362812],[-98.9539705,19.8363389],[-98.9543222,19.8363561],[-98.9544718,19.8363636],[-98.9550032,19.8364609],[-98.9553798,19.8365328],[-98.9560814,19.8366688],[-98.9560978,19.8367171],[-98.9562769,19.8373215],[-98.956277,19.8373216],[-98.9563163,19.8374544],[-98.956189,19.8376126],[-98.9559438,19.8377805],[-98.9558204,19.8378836],[-98.9557477,19.8378912],[-98.9540717,19.8384376],[-98.9538658,19.8384815],[-98.9536131,19.8385354],[-98.9535225,19.8384532],[-98.9534475,19.8383114],[-98.9532916,19.838257],[-98.953192,19.8382222],[-98.9526153,19.8380191],[-98.9511742,19.8375115],[-98.9510255,19.8374511],[-98.9509381,19.8375415],[-98.950782,19.8377748],[-98.9506915,19.8379586],[-98.9506133,19.8381564],[-98.9505264,19.8383583],[-98.9504647,19.839706],[-98.9504246,19.8410674],[-98.9504215,19.8417181],[-98.9504026,19.8417809],[-98.950388,19.8434768],[-98.9503606,19.843993],[-98.9503378,19.8445122],[-98.9503102,19.8449438],[-98.9502914,19.8455006],[-98.9502651,19.8459974],[-98.9498423,19.8459235],[-98.9494682,19.8458775],[-98.9492482,19.8458441],[-98.949127,19.8458257],[-98.9490969,19.8458231],[-98.948535,19.8458875],[-98.9477509,19.8464858],[-98.9473232,19.8470145],[-98.9471437,19.8469298],[-98.9458122,19.8464218],[-98.9449591,19.8461042],[-98.9447176,19.8460197],[-98.9443809,19.8459221],[-98.9443539,19.8459072],[-98.9436788,19.8456297],[-98.9435794,19.8455829],[-98.9434935,19.845604],[-98.9433825,19.8456391],[-98.9433394,19.8456527],[-98.9432276,19.8456898],[-98.9430766,19.8457393],[-98.9428007,19.8461103],[-98.9425026,19.8465111],[-98.9424393,19.846593],[-98.9424013,19.8466474],[-98.9419029,19.8473629],[-98.9417161,19.8476002],[-98.941092,19.8483935],[-98.9409835,19.848533],[-98.9409794,19.8485261],[-98.9408879,19.8483739],[-98.9411751,19.8474808]],[[-98.9489322,19.8333325],[-98.9479991,19.8329615],[-98.9479548,19.8330894],[-98.9479382,19.8331353],[-98.9479242,19.8331805],[-98.9477944,19.8335959],[-98.9478788,19.8336147],[-98.9479167,19.8335925],[-98.9481699,19.8336533],[-98.9489205,19.8338336],[-98.9489395,19.8335139],[-98.9489425,19.8334615],[-98.9489467,19.8333907],[-98.9489569,19.8333383],[-98.9489322,19.8333325]]]},"properties":{"locality":"Centro","official_key":"1306900190001","CVE_ENT":"13","CVE_MUN":"069","CVE_LOC":"0019","CVE_ASEN":"0001","settlement_type":"COLONIA","source":"INEGI DCAH 2025"}},{"type":"Feature","geometry":{"type":"Polygon","coordinates":[[[-98.950723,19.8459899],[-98.9505302,19.8459784],[-98.9504064,19.8459898],[-98.9502651,19.8459974],[-98.9502914,19.8455006],[-98.9503102,19.8449438],[-98.9503378,19.8445122],[-98.9503606,19.843993],[-98.950388,19.8434768],[-98.9507073,19.8433731],[-98.9516113,19.8430719],[-98.9521029,19.8429055],[-98.9525318,19.8427702],[-98.9528917,19.8426599],[-98.9530707,19.842608],[-98.9541167,19.8423051],[-98.9542358,19.842233],[-98.9543706,19.8422128],[-98.9560672,19.8416954],[-98.9563671,19.8416039],[-98.9572149,19.841345],[-98.9579148,19.8411224],[-98.9579573,19.8412199],[-98.9584823,19.8424216],[-98.9584824,19.8424221],[-98.9584826,19.8424225],[-98.9584385,19.842484],[-98.9563798,19.843802],[-98.9566443,19.8438875],[-98.9585257,19.8444931],[-98.9587449,19.8444627],[-98.9589948,19.8443989],[-98.9596259,19.8443032],[-98.9594197,19.8444003],[-98.9594122,19.8444477],[-98.9593934,19.844568],[-98.9593633,19.8446659],[-98.9593535,19.844698],[-98.9588252,19.8453066],[-98.9585475,19.8456636],[-98.958172,19.8460643],[-98.9580927,19.8461631],[-98.9579776,19.8463442],[-98.9578549,19.8464626],[-98.9577471,19.8465448],[-98.957274,19.8467905],[-98.9567419,19.846992],[-98.9555376,19.8478556],[-98.9551042,19.8481738],[-98.9549727,19.8482998],[-98.9546829,19.848459],[-98.9545594,19.8485162],[-98.9545331,19.8485539],[-98.9544239,19.8486273],[-98.9542145,19.8486987],[-98.9539622,19.848613],[-98.9536815,19.8484941],[-98.9531865,19.8482466],[-98.9529602,19.8481394],[-98.9528853,19.8481364],[-98.9528082,19.8481037],[-98.9527615,19.848025],[-98.9525903,19.847784],[-98.951767,19.8467515],[-98.9514231,19.8464531],[-98.9512202,19.8462554],[-98.9510694,19.8461687],[-98.9508265,19.8460206],[-98.950723,19.8459899]]]},"properties":{"locality":"Los Castro","official_key":"1306900190003","CVE_ENT":"13","CVE_MUN":"069","CVE_LOC":"0019","CVE_ASEN":"0003","settlement_type":"BARRIO","source":"INEGI DCAH 2025"}},{"type":"Feature","geometry":{"type":"Polygon","coordinates":[[[-98.9504647,19.839706],[-98.9505264,19.8383583],[-98.9506133,19.8381564],[-98.9506915,19.8379586],[-98.950782,19.8377748],[-98.9509381,19.8375415],[-98.9510255,19.8374511],[-98.9511742,19.8375115],[-98.9526153,19.8380191],[-98.953192,19.8382222],[-98.9532916,19.838257],[-98.9534475,19.8383114],[-98.9535225,19.8384532],[-98.9536131,19.8385354],[-98.9538658,19.8384815],[-98.953879,19.8385359],[-98.9539647,19.8387383],[-98.9530773,19.8425634],[-98.9530707,19.842608],[-98.9528917,19.8426599],[-98.9525318,19.8427702],[-98.9521029,19.8429055],[-98.9516113,19.8430719],[-98.9507073,19.8433731],[-98.950388,19.8434768],[-98.9504026,19.8417809],[-98.9504215,19.8417181],[-98.9504246,19.8410674],[-98.9504647,19.839706]]]},"properties":{"locality":"Jardines II","official_key":"1306900190004","CVE_ENT":"13","CVE_MUN":"069","CVE_LOC":"0019","CVE_ASEN":"0004","settlement_type":"FRACCIONAMIENTO","source":"INEGI DCAH 2025"}},{"type":"Feature","geometry":{"type":"Polygon","coordinates":[[[-98.9538658,19.8384815],[-98.9540717,19.8384376],[-98.9557477,19.8378912],[-98.9558204,19.8378836],[-98.9559438,19.8377805],[-98.956189,19.8376126],[-98.9563163,19.8374544],[-98.957468,19.8400972],[-98.9578982,19.8410843],[-98.9579148,19.8411224],[-98.9572149,19.841345],[-98.9563671,19.8416039],[-98.9560672,19.8416954],[-98.9543706,19.8422128],[-98.9542358,19.842233],[-98.9541167,19.8423051],[-98.9530707,19.842608],[-98.9530773,19.8425634],[-98.9539647,19.8387383],[-98.953879,19.8385359],[-98.9538658,19.8384815]]]},"properties":{"locality":"Refugio","official_key":"1306900190005","CVE_ENT":"13","CVE_MUN":"069","CVE_LOC":"0019","CVE_ASEN":"0005","settlement_type":"COLONIA","source":"INEGI DCAH 2025"}},{"type":"Feature","geometry":{"type":"Polygon","coordinates":[[[-98.9481699,19.8336533],[-98.9479167,19.8335925],[-98.9478788,19.8336147],[-98.9477944,19.8335959],[-98.9479242,19.8331805],[-98.9479382,19.8331353],[-98.9479548,19.8330894],[-98.9479991,19.8329615],[-98.9489322,19.8333325],[-98.9489569,19.8333383],[-98.9489467,19.8333907],[-98.9489425,19.8334615],[-98.9489395,19.8335139],[-98.9489205,19.8338336],[-98.9481699,19.8336533]]]},"properties":{"locality":"La Tropicana","official_key":"1306900190006","CVE_ENT":"13","CVE_MUN":"069","CVE_LOC":"0019","CVE_ASEN":"0006","settlement_type":"PRIVADA","source":"INEGI DCAH 2025"}},{"type":"Feature","geometry":{"type":"Polygon","coordinates":[[[-98.9404085,19.849268],[-98.9404882,19.8491668],[-98.9406033,19.8490209],[-98.9408683,19.848682],[-98.9408991,19.8486426],[-98.9409415,19.8485883],[-98.9409835,19.848533],[-98.941092,19.8483935],[-98.9417161,19.8476002],[-98.9419029,19.8473629],[-98.9424013,19.8466474],[-98.9424393,19.846593],[-98.9425026,19.8465111],[-98.9428007,19.8461103],[-98.9430766,19.8457393],[-98.9432276,19.8456898],[-98.9433394,19.8456527],[-98.9433825,19.8456391],[-98.9434935,19.845604],[-98.9435794,19.8455829],[-98.9436788,19.8456297],[-98.9443539,19.8459072],[-98.9443809,19.8459221],[-98.9447176,19.8460197],[-98.9449591,19.8461042],[-98.9458122,19.8464218],[-98.9471437,19.8469298],[-98.9464009,19.8481621],[-98.9435953,19.8473333],[-98.9422642,19.8492882],[-98.9423006,19.849284],[-98.9435052,19.8498464],[-98.9421611,19.8514241],[-98.9419401,19.8513574],[-98.9393818,19.8505854],[-98.9399933,19.8497949],[-98.9402421,19.8494792],[-98.9404085,19.849268]]]},"properties":{"locality":"Marbella","official_key":"1306900190007","CVE_ENT":"13","CVE_MUN":"069","CVE_LOC":"0019","CVE_ASEN":"0007","settlement_type":"FRACCIONAMIENTO","source":"INEGI DCAH 2025"}},{"type":"Feature","geometry":{"type":"Polygon","coordinates":[[[-98.9584385,19.842484],[-98.9584826,19.8424225],[-98.9585818,19.8426496],[-98.9591481,19.8438935],[-98.9592504,19.843979],[-98.9593621,19.8440832],[-98.9594231,19.8441336],[-98.9596037,19.8442847],[-98.9596259,19.8443032],[-98.9589948,19.8443989],[-98.9587449,19.8444627],[-98.9585257,19.8444931],[-98.9566443,19.8438875],[-98.9563798,19.843802],[-98.9584385,19.842484]]]},"properties":{"locality":"Ampliación Residencial San Ángel","official_key":"1306900190008","CVE_ENT":"13","CVE_MUN":"069","CVE_LOC":"0019","CVE_ASEN":"0008","settlement_type":"FRACCIONAMIENTO","source":"INEGI DCAH 2025"}},{"type":"Feature","geometry":{"type":"Polygon","coordinates":[[[-98.9393027,19.8420329],[-98.9396209,19.8419595],[-98.9398024,19.8419421],[-98.940638,19.8418624],[-98.9407446,19.8418522],[-98.9409026,19.8418371],[-98.9414231,19.841773],[-98.9414231,19.841773],[-98.9414238,19.841773],[-98.9414247,19.8417729],[-98.9414252,19.8417729],[-98.9414276,19.8417727],[-98.9414293,19.8417725],[-98.9414294,19.8417725],[-98.9414314,19.8417724],[-98.941433,19.8417722],[-98.9414339,19.8417722],[-98.9414364,19.841772],[-98.9414578,19.8417702],[-98.9414603,19.84177],[-98.9417188,19.8417491],[-98.9417602,19.8417457],[-98.9419496,19.8417303],[-98.9421012,19.8417329],[-98.9426625,19.8416968],[-98.9426507,19.8417531],[-98.9425716,19.8420099],[-98.9424617,19.8424205],[-98.9422917,19.8430529],[-98.9422886,19.8433804],[-98.9422848,19.8437915],[-98.9422835,19.8438618],[-98.9422719,19.84454],[-98.9422652,19.8447891],[-98.9412019,19.8444706],[-98.9410647,19.8444295],[-98.9410299,19.8444191],[-98.9408326,19.8443598],[-98.9406512,19.8449435],[-98.9406013,19.8449579],[-98.9404325,19.8449222],[-98.9396466,19.8447548],[-98.9394246,19.8447075],[-98.9396982,19.8438747],[-98.9396068,19.8437154],[-98.9394604,19.8434597],[-98.9392004,19.8433537],[-98.9388651,19.8421012],[-98.9390588,19.8420567],[-98.9393027,19.8420329]]]},"properties":{"locality":"Vista Hermosa","official_key":"1306900190009","CVE_ENT":"13","CVE_MUN":"069","CVE_LOC":"0019","CVE_ASEN":"0009","settlement_type":"FRACCIONAMIENTO","source":"INEGI DCAH 2025"}},{"type":"Feature","geometry":{"type":"Polygon","coordinates":[[[-99.0064254,19.8492558],[-99.0019086,19.8481256],[-99.0027562,19.8453504],[-99.0071872,19.8466522],[-99.0064254,19.8492558]]]},"properties":{"locality":"San Juan","official_key":"1306900210001","CVE_ENT":"13","CVE_MUN":"069","CVE_LOC":"0021","CVE_ASEN":"0001","settlement_type":"COLONIA","source":"INEGI DCAH 2025"}},{"type":"Feature","geometry":{"type":"Polygon","coordinates":[[[-98.9398688,19.8733887],[-98.9399601,19.8731567],[-98.9406238,19.8734211],[-98.9409658,19.8735614],[-98.941376,19.8737278],[-98.9417198,19.8738463],[-98.9417662,19.8738149],[-98.9421483,19.8739593],[-98.942545,19.8740912],[-98.9429264,19.87425],[-98.9431281,19.8743236],[-98.9424612,19.875902],[-98.9426492,19.8759838],[-98.9425795,19.8762455],[-98.9423821,19.8761547],[-98.9410079,19.8755449],[-98.9402501,19.8752162],[-98.9399206,19.8750687],[-98.9395207,19.8749028],[-98.9393686,19.8748492],[-98.9393072,19.8748276],[-98.9393681,19.8746697],[-98.9394842,19.8743687],[-98.9395422,19.8742183],[-98.9396173,19.8740276],[-98.9397488,19.8736934],[-98.9398688,19.8733887]]]},"properties":{"locality":"Plazas Sección Ll","official_key":"1306900290001","CVE_ENT":"13","CVE_MUN":"069","CVE_LOC":"0029","CVE_ASEN":"0001","settlement_type":"FRACCIONAMIENTO","source":"INEGI DCAH 2025"}},{"type":"Feature","geometry":{"type":"Polygon","coordinates":[[[-98.9409976,19.8706293],[-98.943256,19.8650329],[-98.9433249,19.8650916],[-98.9436324,19.8654094],[-98.945896,19.8679275],[-98.9458427,19.8680601],[-98.9458037,19.8680614],[-98.9457714,19.8680785],[-98.945148,19.8695513],[-98.9444955,19.8710955],[-98.9438865,19.872535],[-98.9433242,19.8738583],[-98.9431281,19.8743236],[-98.9429264,19.87425],[-98.942545,19.8740912],[-98.9421483,19.8739593],[-98.9417662,19.8738149],[-98.9417198,19.8738463],[-98.941376,19.8737278],[-98.9409658,19.8735614],[-98.9406238,19.8734211],[-98.9399601,19.8731567],[-98.9401383,19.872704],[-98.9401393,19.8727014],[-98.9402622,19.8723893],[-98.9402631,19.8723868],[-98.9404022,19.8720336],[-98.9404032,19.872031],[-98.9405123,19.8717538],[-98.9405134,19.8717509],[-98.9405304,19.8717078],[-98.9407415,19.8712204],[-98.9409976,19.8706293]]]},"properties":{"locality":"Plazas I","official_key":"1306900290002","CVE_ENT":"13","CVE_MUN":"069","CVE_LOC":"0029","CVE_ASEN":"0002","settlement_type":"FRACCIONAMIENTO","source":"INEGI DCAH 2025"}},{"type":"Feature","geometry":{"type":"Polygon","coordinates":[[[-98.9421943,19.8774976],[-98.940782,19.8770087],[-98.940439,19.8779917],[-98.9402918,19.8783987],[-98.9400737,19.8785944],[-98.9398495,19.8784045],[-98.940423,19.8769839],[-98.9404104,19.8769305],[-98.9404174,19.8768238],[-98.9404582,19.8767489],[-98.9405382,19.8766994],[-98.9409523,19.8756688],[-98.9410079,19.8755449],[-98.9423821,19.8761547],[-98.9425795,19.8762455],[-98.9426492,19.8759838],[-98.9424612,19.875902],[-98.9431281,19.8743236],[-98.9433242,19.8738583],[-98.9438865,19.872535],[-98.9444955,19.8710955],[-98.945148,19.8695513],[-98.9457714,19.8680785],[-98.9458037,19.8680614],[-98.9458427,19.8680601],[-98.9462229,19.8685261],[-98.9456818,19.8699051],[-98.9453652,19.8706479],[-98.9443189,19.8731145],[-98.9441906,19.8733928],[-98.9439765,19.8738678],[-98.9432389,19.8756512],[-98.9429112,19.8763896],[-98.942903,19.8764082],[-98.9427154,19.8768401],[-98.9424877,19.8773426],[-98.9424293,19.8774234],[-98.9421943,19.8774976]]]},"properties":{"locality":"Valle Soleado","official_key":"1306900290003","CVE_ENT":"13","CVE_MUN":"069","CVE_LOC":"0029","CVE_ASEN":"0003","settlement_type":"RESIDENCIAL","source":"INEGI DCAH 2025"}},{"type":"Feature","geometry":{"type":"Polygon","coordinates":[[[-98.937124,19.8505549],[-98.9358808,19.8509526],[-98.9357424,19.850552],[-98.9356845,19.8503797],[-98.9355041,19.8498621],[-98.9351969,19.8489789],[-98.9364125,19.8487146],[-98.937124,19.8505549]]]},"properties":{"locality":"El Vergel","official_key":"1306900320001","CVE_ENT":"13","CVE_MUN":"069","CVE_LOC":"0032","CVE_ASEN":"0001","settlement_type":"COLONIA","source":"INEGI DCAH 2025"}},{"type":"Feature","geometry":{"type":"Polygon","coordinates":[[[-98.9353067,19.8523652],[-98.9351672,19.8523485],[-98.9348479,19.8523665],[-98.9346376,19.8523],[-98.9342022,19.852259],[-98.9339066,19.8521595],[-98.9336549,19.8520031],[-98.9334488,19.8517132],[-98.9333848,19.8515136],[-98.9329826,19.8502588],[-98.9318146,19.8466821],[-98.9317562,19.8466448],[-98.9317568,19.8466357],[-98.931975,19.843742],[-98.9317501,19.8437011],[-98.9308822,19.843632],[-98.930058,19.8435865],[-98.9282163,19.8434772],[-98.9276459,19.8434053],[-98.9283605,19.8414816],[-98.9290535,19.8397203],[-98.9303638,19.8401527],[-98.9308956,19.8403257],[-98.9305618,19.8410824],[-98.9307688,19.8411929],[-98.9308769,19.8414595],[-98.930916,19.841821],[-98.9309783,19.841999],[-98.9312369,19.8420827],[-98.9315802,19.8421987],[-98.9319557,19.8422946],[-98.9320866,19.842283],[-98.9321575,19.8421258],[-98.9321286,19.8420573],[-98.9323088,19.8416356],[-98.9329478,19.8418598],[-98.933039,19.8418587],[-98.9335325,19.8421201],[-98.9334044,19.8422909],[-98.9335187,19.8423147],[-98.9340445,19.8424704],[-98.9346116,19.8418273],[-98.9347172,19.8417701],[-98.9348765,19.8417231],[-98.9350252,19.8417063],[-98.9351463,19.8416155],[-98.935127,19.8411649],[-98.9366925,19.8410041],[-98.9367969,19.8422203],[-98.9357797,19.8423225],[-98.9357492,19.8439175],[-98.9356283,19.8439354],[-98.9368593,19.846345],[-98.9377342,19.8463251],[-98.938408,19.8462586],[-98.9387676,19.8462232],[-98.9399334,19.8462045],[-98.9415897,19.8461017],[-98.9411751,19.8474808],[-98.9408879,19.8483739],[-98.9409794,19.8485261],[-98.9409835,19.848533],[-98.9409415,19.8485883],[-98.9408991,19.8486426],[-98.9408683,19.848682],[-98.9406033,19.8490209],[-98.9404882,19.8491668],[-98.9404085,19.849268],[-98.9402421,19.8494792],[-98.9399933,19.8497949],[-98.9394917,19.8504265],[-98.9394558,19.8504532],[-98.9392673,19.8505929],[-98.9385026,19.850895],[-98.9374349,19.8513997],[-98.937371,19.8515132],[-98.9372532,19.8516015],[-98.9370665,19.851661],[-98.937099,19.8516797],[-98.9371173,19.8516902],[-98.9371523,19.8517138],[-98.9371681,19.8517244],[-98.9368944,19.8519474],[-98.936717,19.8520473],[-98.9367092,19.8520518],[-98.936633,19.8521031],[-98.9366182,19.8521719],[-98.9366101,19.8522099],[-98.9364156,19.8525235],[-98.9363061,19.852598],[-98.9361385,19.8526232],[-98.935979,19.8525816],[-98.9359223,19.8525668],[-98.9354535,19.8524206],[-98.9353067,19.8523652]],[[-98.937124,19.8505549],[-98.9364125,19.8487146],[-98.9351969,19.8489789],[-98.9355041,19.8498621],[-98.9356845,19.8503797],[-98.9357424,19.850552],[-98.9358808,19.8509526],[-98.937124,19.8505549]]]},"properties":{"locality":"La Posta","official_key":"1306900320002","CVE_ENT":"13","CVE_MUN":"069","CVE_LOC":"0032","CVE_ASEN":"0002","settlement_type":"COLONIA","source":"INEGI DCAH 2025"}},{"type":"Feature","geometry":{"type":"Polygon","coordinates":[[[-98.932002,19.8753852],[-98.9321676,19.8750619],[-98.9323261,19.8747633],[-98.9324935,19.8748483],[-98.9328298,19.8750283],[-98.9330001,19.8751162],[-98.9330276,19.875055],[-98.9330823,19.8750816],[-98.9333654,19.8744022],[-98.9334861,19.8741162],[-98.9336102,19.8737845],[-98.9337446,19.8734833],[-98.9339185,19.8731356],[-98.9340616,19.8728263],[-98.9342949,19.8722754],[-98.9344338,19.871949],[-98.935433,19.869827],[-98.9354339,19.869825],[-98.935433,19.8698246],[-98.9353107,19.8697756],[-98.9338859,19.8692415],[-98.9336595,19.8691579],[-98.933659,19.8691577],[-98.9336595,19.8691555],[-98.9336785,19.869073],[-98.9337548,19.8688636],[-98.9338709,19.868493],[-98.9339323,19.8682714],[-98.9339562,19.8681851],[-98.9340545,19.8678304],[-98.9341113,19.8676115],[-98.9341937,19.8672817],[-98.9342099,19.8671706],[-98.93423,19.8670074],[-98.9342412,19.8668109],[-98.934259,19.8665754],[-98.934264,19.8664079],[-98.9342781,19.8659413],[-98.9342862,19.8656712],[-98.9342863,19.8656691],[-98.9342863,19.8656688],[-98.9342787,19.8655356],[-98.9342734,19.8654424],[-98.9342766,19.8650725],[-98.9342758,19.8649114],[-98.9342728,19.864751],[-98.9343078,19.8637805],[-98.9342758,19.8635814],[-98.9342759,19.8635793],[-98.9343017,19.8628615],[-98.934296,19.8625959],[-98.934297,19.8625106],[-98.9343011,19.8621795],[-98.9342991,19.8617865],[-98.934308,19.8614163],[-98.9343076,19.8607453],[-98.9343076,19.8607429],[-98.9343076,19.8606148],[-98.9342139,19.8605897],[-98.934055,19.8595547],[-98.9339719,19.8591842],[-98.9339005,19.858822],[-98.9339004,19.8588219],[-98.9338983,19.8588111],[-98.9338301,19.858459],[-98.9337487,19.858118],[-98.9338247,19.8580494],[-98.9338374,19.857746],[-98.9338448,19.8573795],[-98.933852,19.8572859],[-98.9341069,19.8571058],[-98.9344037,19.8568835],[-98.9346915,19.856675],[-98.9349825,19.856455],[-98.9352676,19.8562179],[-98.9355655,19.8559855],[-98.9356815,19.855855],[-98.9360396,19.8555913],[-98.9363307,19.8553339],[-98.9368604,19.8548045],[-98.9372982,19.8549643],[-98.937627,19.8547173],[-98.9377613,19.8548569],[-98.9380892,19.8548635],[-98.9396655,19.8582213],[-98.9411568,19.8589379],[-98.9416708,19.8591969],[-98.9417084,19.8592985],[-98.9415056,19.8593396],[-98.940907,19.859516],[-98.9404508,19.8596505],[-98.9404886,19.8597153],[-98.9403469,19.8602896],[-98.9403313,19.8603525],[-98.9404344,19.8604021],[-98.941003,19.8614275],[-98.9414346,19.8621794],[-98.9418492,19.8628665],[-98.9415362,19.86365],[-98.9415251,19.8636778],[-98.941403,19.8639697],[-98.9412602,19.8643111],[-98.9411052,19.8646814],[-98.9410983,19.864698],[-98.9404631,19.866353],[-98.9401234,19.8671627],[-98.9400936,19.8672336],[-98.9400814,19.8672654],[-98.9400644,19.8673098],[-98.9396579,19.8683688],[-98.9395512,19.8686128],[-98.9395222,19.8686791],[-98.9399231,19.8689667],[-98.9397896,19.8691658],[-98.9395356,19.8695449],[-98.9391818,19.8700386],[-98.9390345,19.8702135],[-98.9391175,19.8702627],[-98.9393457,19.8704383],[-98.9393723,19.8705237],[-98.9393766,19.8706555],[-98.9392912,19.8708675],[-98.9391986,19.8710997],[-98.9391759,19.8711628],[-98.9402486,19.8715626],[-98.9403869,19.8715657],[-98.9405304,19.8717078],[-98.9405134,19.8717509],[-98.9405123,19.8717538],[-98.9404032,19.872031],[-98.9404022,19.8720336],[-98.9402631,19.8723868],[-98.9402622,19.8723893],[-98.9401393,19.8727014],[-98.9401383,19.872704],[-98.9399601,19.8731567],[-98.9398688,19.8733887],[-98.9397488,19.8736934],[-98.9396173,19.8740276],[-98.9395422,19.8742183],[-98.9394842,19.8743687],[-98.9393681,19.8746697],[-98.9393072,19.8748276],[-98.9393686,19.8748492],[-98.9392593,19.8751037],[-98.938513,19.8769847],[-98.9383204,19.8776064],[-98.9381742,19.878255],[-98.9380995,19.8785864],[-98.937948,19.8799958],[-98.9378291,19.8811295],[-98.9377424,19.8820047],[-98.9376767,19.8827576],[-98.9376028,19.8835141],[-98.9375327,19.8834996],[-98.9372851,19.883439],[-98.9364216,19.8830381],[-98.936293,19.882979],[-98.9359551,19.8828237],[-98.9357595,19.8827339],[-98.9357064,19.8827095],[-98.9355459,19.8826357],[-98.9354369,19.8825816],[-98.9351124,19.8824207],[-98.9347773,19.8822545],[-98.9345649,19.8821372],[-98.9346815,19.8818938],[-98.9341968,19.8816812],[-98.9330147,19.8811634],[-98.9324454,19.8809191],[-98.932713,19.8804045],[-98.9328255,19.8801568],[-98.9327633,19.8801323],[-98.9324302,19.8799917],[-98.932092,19.8798288],[-98.931756,19.8796689],[-98.931419,19.8795085],[-98.931214,19.8794109],[-98.9311631,19.8793866],[-98.931108,19.8793604],[-98.9310524,19.879334],[-98.930991,19.8793047],[-98.9307296,19.879175],[-98.9303637,19.8790115],[-98.930198,19.8789167],[-98.9303839,19.8785463],[-98.9305502,19.8782302],[-98.9307024,19.8779204],[-98.930868,19.8775937],[-98.9310387,19.8772844],[-98.9311949,19.8769709],[-98.9313604,19.876649],[-98.931518,19.8763369],[-98.9316772,19.8760264],[-98.9318399,19.8756991],[-98.932002,19.8753852]]]},"properties":{"locality":"Rancho Don Antonio","official_key":"1306900420001","CVE_ENT":"13","CVE_MUN":"069","CVE_LOC":"0042","CVE_ASEN":"0001","settlement_type":"FRACCIONAMIENTO","source":"INEGI DCAH 2025"}},{"type":"Feature","geometry":{"type":"Polygon","coordinates":[[[-98.9679382,19.8862443],[-98.9678829,19.8862311],[-98.9678286,19.8862161],[-98.9677985,19.8862078],[-98.9676657,19.8861826],[-98.9674108,19.8861341],[-98.9672632,19.886106],[-98.967184,19.8860863],[-98.9671587,19.8860703],[-98.9671663,19.8860046],[-98.9672113,19.8857279],[-98.9672367,19.8856565],[-98.9673488,19.8855065],[-98.9673693,19.8854562],[-98.9673928,19.885272],[-98.9675532,19.88437],[-98.9675198,19.8843233],[-98.9674805,19.8842669],[-98.9674397,19.8841877],[-98.9673495,19.884175],[-98.9669893,19.8841193],[-98.966615,19.8840684],[-98.9662453,19.8840095],[-98.9658774,19.8839524],[-98.9652974,19.8838678],[-98.9653531,19.8837918],[-98.9654862,19.883595],[-98.9657063,19.8832695],[-98.9660838,19.8827308],[-98.9657723,19.8826857],[-98.9653889,19.8826411],[-98.965019,19.8825974],[-98.9646092,19.8825382],[-98.9642684,19.882492],[-98.9642694,19.8824825],[-98.9642919,19.8822603],[-98.9643372,19.8819119],[-98.9643532,19.8817846],[-98.9637141,19.881677],[-98.9637535,19.8814581],[-98.9637814,19.8813136],[-98.9638169,19.8811163],[-98.9638672,19.8807636],[-98.9638989,19.8805742],[-98.9639144,19.8804671],[-98.964048,19.8795313],[-98.9636649,19.8794728],[-98.9632968,19.8794213],[-98.9629309,19.879366],[-98.962564,19.8793087],[-98.9621908,19.87926],[-98.9614943,19.8791577],[-98.9614062,19.8791473],[-98.9613494,19.8793084],[-98.9612737,19.8795173],[-98.960868,19.8793872],[-98.9605161,19.8792815],[-98.9605065,19.8792786],[-98.9605051,19.8792782],[-98.9601536,19.8791772],[-98.9599936,19.8791382],[-98.9599123,19.8790716],[-98.9599778,19.8787032],[-98.9600494,19.8782764],[-98.9601517,19.8776995],[-98.9601581,19.8776637],[-98.9599604,19.877578],[-98.9596159,19.8774011],[-98.9594634,19.8773227],[-98.959346,19.8772722],[-98.9592718,19.8772403],[-98.9589315,19.8770929],[-98.9586807,19.877003],[-98.9585713,19.8769848],[-98.9583666,19.8769507],[-98.9582437,19.8769334],[-98.9582137,19.8769292],[-98.9578393,19.876835],[-98.957473,19.8767428],[-98.9571208,19.8766469],[-98.9567589,19.8765551],[-98.956628,19.8765224],[-98.9564002,19.8764567],[-98.9560484,19.8763608],[-98.9558698,19.8763106],[-98.9556841,19.8762644],[-98.9553158,19.8761759],[-98.9549088,19.8760914],[-98.9548115,19.8760763],[-98.9547143,19.8760601],[-98.9545572,19.8760245],[-98.9543788,19.8759738],[-98.9542173,19.8759184],[-98.9538637,19.875841],[-98.9534681,19.8757398],[-98.9531248,19.87577],[-98.9528968,19.8757953],[-98.9527233,19.8758194],[-98.9523269,19.875857],[-98.952044,19.8758681],[-98.9518844,19.8758613],[-98.9517305,19.8757671],[-98.9512878,19.8753884],[-98.9512949,19.8753811],[-98.9515281,19.8751429],[-98.9517554,19.8749096],[-98.9520348,19.8746228],[-98.9523451,19.8743043],[-98.952539,19.8741052],[-98.9526244,19.8740205],[-98.9529018,19.8740946],[-98.9531671,19.8743242],[-98.9552672,19.8747479],[-98.9554189,19.8746834],[-98.9556845,19.8735358],[-98.9557864,19.8730099],[-98.9558743,19.8728257],[-98.9560942,19.8727612],[-98.9563595,19.8728043],[-98.9565797,19.8718432],[-98.9568676,19.8718989],[-98.9595984,19.8723063],[-98.9606808,19.8724792],[-98.9607176,19.8725325],[-98.9608562,19.872733],[-98.9609407,19.8728637],[-98.9612864,19.8728137],[-98.9628502,19.8732265],[-98.9628525,19.8732596],[-98.9635823,19.8734025],[-98.9638786,19.8726201],[-98.9639008,19.8725613],[-98.9639301,19.872484],[-98.9639553,19.8724173],[-98.9642611,19.8716097],[-98.9642878,19.8715393],[-98.9646572,19.8705806],[-98.9655438,19.8706058],[-98.9663055,19.8706159],[-98.9670733,19.8706258],[-98.9671911,19.8698989],[-98.9673652,19.869913],[-98.9673692,19.8699133],[-98.9677514,19.8699442],[-98.9679443,19.8699594],[-98.9681265,19.8699746],[-98.9684699,19.8701466],[-98.9688151,19.8703196],[-98.9691632,19.870494],[-98.969511,19.8706683],[-98.9698562,19.8708413],[-98.9701897,19.8710083],[-98.9702013,19.8710438],[-98.970493,19.87155],[-98.9706069,19.8717476],[-98.9706712,19.8718591],[-98.9709839,19.8716795],[-98.970993,19.8716742],[-98.9713293,19.8714873],[-98.9715398,19.8716889],[-98.9715463,19.8716945],[-98.9716915,19.8718293],[-98.9720371,19.8722977],[-98.9723934,19.8722262],[-98.9722079,19.8725706],[-98.9722497,19.8725951],[-98.9723249,19.8726283],[-98.9749966,19.873129],[-98.9753407,19.8732744],[-98.9756806,19.873418],[-98.9760268,19.8735643],[-98.9763629,19.8737063],[-98.976701,19.8738492],[-98.9770404,19.8739926],[-98.9773854,19.8741383],[-98.9775412,19.8742042],[-98.9774805,19.8746962],[-98.9789637,19.8749464],[-98.9789941,19.8752669],[-98.9789985,19.8758529],[-98.9789988,19.875896],[-98.9789876,19.8761845],[-98.9789771,19.876456],[-98.9789262,19.8771526],[-98.9789207,19.8775123],[-98.9789185,19.8777234],[-98.9782917,19.8776341],[-98.9779149,19.8775882],[-98.9776796,19.8775668],[-98.9769254,19.877489],[-98.9767957,19.8775203],[-98.9767042,19.8775432],[-98.976618,19.8775863],[-98.9754825,19.8766806],[-98.9756602,19.8762705],[-98.9755824,19.876241],[-98.9755234,19.8762165],[-98.9755474,19.8761583],[-98.9752697,19.8760232],[-98.9749331,19.8758857],[-98.9745398,19.8757214],[-98.9733425,19.8753086],[-98.9732505,19.8754462],[-98.973321,19.8762771],[-98.9730022,19.8763343],[-98.9728353,19.8763629],[-98.972509,19.8764205],[-98.9723127,19.8764556],[-98.9721864,19.8764775],[-98.9720053,19.8765103],[-98.9718343,19.8765397],[-98.9716411,19.8765738],[-98.9715214,19.8768196],[-98.9713542,19.8771409],[-98.9711879,19.8774604],[-98.9710492,19.8777269],[-98.9710239,19.8777752],[-98.9708568,19.8780939],[-98.9706897,19.8784125],[-98.9708634,19.8785135],[-98.9710173,19.8785927],[-98.971631,19.8792386],[-98.9716954,19.8792328],[-98.9724584,19.8797958],[-98.9727565,19.8800113],[-98.9730545,19.8802268],[-98.9732866,19.8804246],[-98.9735029,19.880606],[-98.9734602,19.8808244],[-98.9734353,19.8809616],[-98.9733495,19.8813879],[-98.9732985,19.8817284],[-98.9732583,19.8819761],[-98.973237,19.8820536],[-98.9732096,19.8822575],[-98.9731614,19.8825984],[-98.9731103,19.8829596],[-98.9730386,19.8833876],[-98.9730258,19.8837339],[-98.9729932,19.8840008],[-98.9728946,19.8847297],[-98.9728739,19.8848569],[-98.9728702,19.8848802],[-98.9728545,19.8849764],[-98.9728109,19.8852451],[-98.972753,19.8856018],[-98.9726962,19.885952],[-98.9726399,19.8862987],[-98.9725842,19.8866416],[-98.972537,19.8869323],[-98.9725364,19.8869359],[-98.9722277,19.8868898],[-98.971865,19.8868356],[-98.9714959,19.8867804],[-98.9711171,19.8867239],[-98.9707606,19.8866706],[-98.9701995,19.8865868],[-98.9698351,19.8865324],[-98.9694654,19.8864772],[-98.9690968,19.8864221],[-98.9687259,19.8863667],[-98.9683606,19.8863121],[-98.9679932,19.8862574],[-98.9679382,19.8862443]]]},"properties":{"locality":"Haciendas de Tizayuca","official_key":"1306900440001","CVE_ENT":"13","CVE_MUN":"069","CVE_LOC":"0044","CVE_ASEN":"0001","settlement_type":"FRACCIONAMIENTO","source":"INEGI DCAH 2025"}},{"type":"Feature","geometry":{"type":"Polygon","coordinates":[[[-98.9730386,19.8833876],[-98.9731103,19.8829596],[-98.9731614,19.8825984],[-98.9732096,19.8822575],[-98.973237,19.8820536],[-98.9732583,19.8819761],[-98.9732985,19.8817284],[-98.9733495,19.8813879],[-98.9734353,19.8809616],[-98.9740929,19.8813642],[-98.9744735,19.8814948],[-98.9747323,19.8815449],[-98.9750848,19.8814912],[-98.9754876,19.8813866],[-98.9757058,19.8813038],[-98.975935,19.881258],[-98.9762954,19.8810938],[-98.9763778,19.8809805],[-98.9765739,19.8808433],[-98.9768161,19.8805802],[-98.9768359,19.8805587],[-98.9769165,19.8803608],[-98.977061,19.8801097],[-98.9771287,19.8799398],[-98.9772019,19.8799643],[-98.9772257,19.8799723],[-98.9773144,19.880002],[-98.9774263,19.8801289],[-98.977608,19.8803351],[-98.9776256,19.8803551],[-98.9776256,19.8801584],[-98.9776289,19.8797639],[-98.9776295,19.8795965],[-98.9776315,19.8793739],[-98.9776312,19.8790129],[-98.9776445,19.8786105],[-98.9775746,19.8782339],[-98.9774847,19.8781188],[-98.9773612,19.8780041],[-98.9772484,19.8778996],[-98.9769878,19.8777031],[-98.9767957,19.8775203],[-98.9769254,19.877489],[-98.9776796,19.8775668],[-98.9779149,19.8775882],[-98.9782917,19.8776341],[-98.9789185,19.8777234],[-98.9788703,19.8795615],[-98.9786617,19.879553],[-98.9784692,19.8795495],[-98.9784383,19.8799915],[-98.9783549,19.8799977],[-98.9783383,19.8807063],[-98.9786914,19.880721],[-98.9787451,19.8807891],[-98.9790777,19.881233],[-98.978096,19.8818586],[-98.9777258,19.8821108],[-98.9776239,19.8822168],[-98.9775917,19.8823277],[-98.9776132,19.8824589],[-98.9777097,19.8825598],[-98.9778092,19.882589],[-98.9780104,19.8826218],[-98.978402,19.8826419],[-98.9785575,19.8826672],[-98.9786058,19.882705],[-98.9785871,19.8841957],[-98.978553,19.8849809],[-98.9785415,19.8852475],[-98.9785532,19.8856115],[-98.9785265,19.8860876],[-98.9785245,19.8860885],[-98.9783178,19.8861856],[-98.9779611,19.8863551],[-98.9775883,19.8865185],[-98.9772358,19.8866765],[-98.9771201,19.8867258],[-98.9768829,19.8868267],[-98.9766328,19.8869513],[-98.9765861,19.8869732],[-98.9754253,19.8875158],[-98.9754265,19.8874988],[-98.9754441,19.8872626],[-98.9754748,19.8868491],[-98.9755209,19.886375],[-98.9755813,19.8859396],[-98.9756975,19.8853778],[-98.9755001,19.8853144],[-98.9750785,19.8852605],[-98.974637,19.8852041],[-98.9742561,19.8851555],[-98.9738734,19.8851066],[-98.9734577,19.8850535],[-98.9730868,19.8850061],[-98.9728545,19.8849764],[-98.9728702,19.8848802],[-98.9728739,19.8848569],[-98.9728946,19.8847297],[-98.9729932,19.8840008],[-98.9730258,19.8837339],[-98.9730386,19.8833876]]]},"properties":{"locality":"Paseos del Pedregal","official_key":"1306900440002","CVE_ENT":"13","CVE_MUN":"069","CVE_LOC":"0044","CVE_ASEN":"0002","settlement_type":"FRACCIONAMIENTO","source":"INEGI DCAH 2025"}},{"type":"Feature","geometry":{"type":"Polygon","coordinates":[[[-98.9254147,19.8499702],[-98.9252331,19.8496614],[-98.9250172,19.849761],[-98.9246324,19.8491829],[-98.9243121,19.8493414],[-98.9241166,19.8490077],[-98.9246608,19.8487323],[-98.9247447,19.8487601],[-98.924904,19.8486751],[-98.9249775,19.8487414],[-98.9255645,19.8484502],[-98.925526,19.8483725],[-98.9257388,19.8482675],[-98.9258969,19.8481699],[-98.9259477,19.8482237],[-98.9264463,19.847968],[-98.9264135,19.8478905],[-98.9266163,19.8477961],[-98.9268045,19.8476935],[-98.926845,19.8477482],[-98.9275292,19.8474093],[-98.9275273,19.8474475],[-98.9275209,19.8475744],[-98.9275192,19.8476083],[-98.9275832,19.8476186],[-98.9275795,19.8477099],[-98.9274825,19.8480724],[-98.9274303,19.8482766],[-98.9273516,19.848817],[-98.9273515,19.8490705],[-98.9272989,19.8497275],[-98.9272503,19.8500725],[-98.9271642,19.8508283],[-98.927056,19.8510924],[-98.9269591,19.8512719],[-98.9266044,19.8517947],[-98.9264454,19.852059],[-98.926232,19.8519894],[-98.9240099,19.8511518],[-98.9240788,19.8509594],[-98.9241029,19.8508909],[-98.9252687,19.850257],[-98.9251778,19.8500923],[-98.9254147,19.8499702]]]},"properties":{"locality":"El Manantial","official_key":"1306900450001","CVE_ENT":"13","CVE_MUN":"069","CVE_LOC":"0045","CVE_ASEN":"0001","settlement_type":"FRACCIONAMIENTO","source":"INEGI DCAH 2025"}},{"type":"Feature","geometry":{"type":"Polygon","coordinates":[[[-98.9486862,19.8917705],[-98.9488706,19.8914848],[-98.9501432,19.89238],[-98.9500852,19.8924556],[-98.9500182,19.8926376],[-98.9499189,19.8928058],[-98.9496903,19.893076],[-98.9495756,19.8932583],[-98.9491706,19.8929997],[-98.9488919,19.8928099],[-98.948885,19.8927752],[-98.9485723,19.8925563],[-98.9485331,19.8925063],[-98.9483249,19.8923151],[-98.9483257,19.892314],[-98.9486557,19.8918172],[-98.9486712,19.8917938],[-98.9486862,19.8917705]]]},"properties":{"locality":"Bicentenario II","official_key":"1306900490001","CVE_ENT":"13","CVE_MUN":"069","CVE_LOC":"0049","CVE_ASEN":"0001","settlement_type":"COLONIA","source":"INEGI DCAH 2025"}},{"type":"Feature","geometry":{"type":"Polygon","coordinates":[[[-98.9505847,19.8917801],[-98.9492485,19.8908855],[-98.9495254,19.89047],[-98.9497876,19.8906342],[-98.9498453,19.8906703],[-98.9498757,19.8906899],[-98.9501449,19.890863],[-98.9501878,19.8908874],[-98.9501917,19.8908896],[-98.9503969,19.8906065],[-98.9504382,19.890564],[-98.9507644,19.890773],[-98.9510865,19.8909754],[-98.9508921,19.8913059],[-98.9505847,19.8917801]]]},"properties":{"locality":"La Escondida 2","official_key":"1306900490002","CVE_ENT":"13","CVE_MUN":"069","CVE_LOC":"0049","CVE_ASEN":"0002","settlement_type":"COLONIA","source":"INEGI DCAH 2025"}},{"type":"Feature","geometry":{"type":"Polygon","coordinates":[[[-98.9492485,19.8908855],[-98.9505847,19.8917801],[-98.9504695,19.8919541],[-98.9501432,19.89238],[-98.9488706,19.8914848],[-98.9492485,19.8908855]]]},"properties":{"locality":"Lucerna","official_key":"1306900490003","CVE_ENT":"13","CVE_MUN":"069","CVE_LOC":"0049","CVE_ASEN":"0003","settlement_type":"COLONIA","source":"INEGI DCAH 2025"}},{"type":"Feature","geometry":{"type":"Polygon","coordinates":[[[-98.9477731,19.8961321],[-98.9478517,19.8960112],[-98.947935,19.896051],[-98.9481149,19.8957337],[-98.9481406,19.8956516],[-98.9481566,19.8955626],[-98.9482216,19.8954673],[-98.9482572,19.895435],[-98.9483015,19.8953816],[-98.9482397,19.8953331],[-98.9482194,19.8952808],[-98.9482567,19.8952191],[-98.9482956,19.8951946],[-98.9497747,19.8962268],[-98.9496722,19.8963845],[-98.9494664,19.8966995],[-98.9492767,19.8969717],[-98.9492126,19.8970785],[-98.9477731,19.8961321]]]},"properties":{"locality":"Nuevo México","official_key":"1306900490004","CVE_ENT":"13","CVE_MUN":"069","CVE_LOC":"0049","CVE_ASEN":"0004","settlement_type":"COLONIA","source":"INEGI DCAH 2025"}},{"type":"Feature","geometry":{"type":"Polygon","coordinates":[[[-98.9493424,19.8935675],[-98.9493998,19.8934966],[-98.9509098,19.8945102],[-98.9508314,19.894629],[-98.9508099,19.8946515],[-98.9507755,19.8946632],[-98.9504014,19.8952137],[-98.9503118,19.8953696],[-98.9492764,19.8946999],[-98.9488509,19.8944302],[-98.9493879,19.8936106],[-98.9493424,19.8935675]]]},"properties":{"locality":"Nuevo México II","official_key":"1306900490005","CVE_ENT":"13","CVE_MUN":"069","CVE_LOC":"0049","CVE_ASEN":"0005","settlement_type":"COLONIA","source":"INEGI DCAH 2025"}},{"type":"Feature","geometry":{"type":"Polygon","coordinates":[[[-98.9499189,19.8928058],[-98.9500182,19.8926376],[-98.9515032,19.8935832],[-98.9514041,19.8937361],[-98.9512425,19.8939971],[-98.9511881,19.8940362],[-98.9510107,19.8942963],[-98.9509888,19.8943245],[-98.9510026,19.8943695],[-98.9509098,19.8945102],[-98.9493998,19.8934966],[-98.949482,19.8934049],[-98.9495756,19.8932583],[-98.9496903,19.893076],[-98.9499189,19.8928058]]]},"properties":{"locality":"San Marino III","official_key":"1306900490006","CVE_ENT":"13","CVE_MUN":"069","CVE_LOC":"0049","CVE_ASEN":"0006","settlement_type":"COLONIA","source":"INEGI DCAH 2025"}},{"type":"Feature","geometry":{"type":"Polygon","coordinates":[[[-98.9501432,19.89238],[-98.9504695,19.8919541],[-98.9506099,19.892033],[-98.9507222,19.8918707],[-98.9520313,19.8927407],[-98.9519036,19.8929123],[-98.9517338,19.8927975],[-98.9517102,19.8928302],[-98.9516842,19.892861],[-98.9513819,19.8932373],[-98.9513727,19.8932637],[-98.9516092,19.8934197],[-98.9515032,19.8935832],[-98.9500182,19.8926376],[-98.9500852,19.8924556],[-98.9501432,19.89238]]]},"properties":{"locality":"San Pedro","official_key":"1306900490007","CVE_ENT":"13","CVE_MUN":"069","CVE_LOC":"0049","CVE_ASEN":"0007","settlement_type":"COLONIA","source":"INEGI DCAH 2025"}},{"type":"Feature","geometry":{"type":"Polygon","coordinates":[[[-98.9487169,19.8950101],[-98.9486174,19.8951282],[-98.9484564,19.8950322],[-98.9487047,19.8946519],[-98.9488509,19.8944302],[-98.9492764,19.8946999],[-98.9503118,19.8953696],[-98.9502567,19.8954655],[-98.9502349,19.8955224],[-98.9499638,19.8959358],[-98.9497747,19.8962268],[-98.9482956,19.8951946],[-98.9483125,19.8951839],[-98.9483704,19.8951741],[-98.9484352,19.8951696],[-98.9485167,19.8951378],[-98.9485551,19.8951634],[-98.9497017,19.8959252],[-98.949849,19.8956984],[-98.94981,19.8956771],[-98.9487169,19.8950101]]]},"properties":{"locality":"Villas de Tizayuca","official_key":"1306900490008","CVE_ENT":"13","CVE_MUN":"069","CVE_LOC":"0049","CVE_ASEN":"0008","settlement_type":"COLONIA","source":"INEGI DCAH 2025"}},{"type":"Feature","geometry":{"type":"Polygon","coordinates":[[[-98.9774653,19.8735783],[-98.978353,19.8726724],[-98.9778994,19.8720924],[-98.9778778,19.8719241],[-98.976162,19.8722271],[-98.9762755,19.8715917],[-98.9752558,19.8717387],[-98.973566,19.872001],[-98.972772,19.8716882],[-98.972654,19.8717084],[-98.9726539,19.8717084],[-98.9723268,19.8715924],[-98.9717153,19.87133],[-98.9714256,19.8712039],[-98.9711198,19.8710727],[-98.9707765,19.8709214],[-98.9702454,19.8706843],[-98.9697304,19.8704472],[-98.9698806,19.8695491],[-98.9700849,19.8684576],[-98.9683655,19.8680881],[-98.9682004,19.8692455],[-98.9681554,19.8696605],[-98.9681265,19.8699746],[-98.9679443,19.8699594],[-98.9677514,19.8699442],[-98.9673692,19.8699133],[-98.9673652,19.869913],[-98.9671911,19.8698989],[-98.9671892,19.8698782],[-98.9668378,19.8698703],[-98.9659316,19.8698742],[-98.9650167,19.8698779],[-98.9656593,19.8686057],[-98.96614,19.8677331],[-98.9661648,19.86767],[-98.9662545,19.8674881],[-98.9662906,19.867402],[-98.9664487,19.8670885],[-98.9665536,19.8669039],[-98.9667366,19.8665823],[-98.9669204,19.8662593],[-98.9670042,19.8659055],[-98.9672207,19.8655387],[-98.967382,19.8655668],[-98.9674966,19.8655829],[-98.9678662,19.8656353],[-98.968242,19.8656968],[-98.9683582,19.8657114],[-98.9686118,19.8657432],[-98.9688092,19.865778],[-98.9687048,19.8662372],[-98.9686378,19.8665917],[-98.9685739,19.8669123],[-98.9702365,19.8672022],[-98.9708102,19.8640741],[-98.9734384,19.8645576],[-98.9734295,19.8646088],[-98.9733642,19.8648546],[-98.973051,19.8660352],[-98.973448,19.8661235],[-98.9738235,19.8661891],[-98.9741776,19.8662484],[-98.9745532,19.8662875],[-98.9749289,19.8663556],[-98.9752833,19.8664111],[-98.9756487,19.8664817],[-98.9763383,19.8666451],[-98.9758029,19.8675513],[-98.9755736,19.867888],[-98.975355,19.8682046],[-98.9747479,19.8691233],[-98.9751191,19.8691751],[-98.9752381,19.8691989],[-98.9755778,19.8692526],[-98.9760544,19.8687908],[-98.9760503,19.8687239],[-98.9763353,19.8684684],[-98.9770491,19.8682427],[-98.9771808,19.8679905],[-98.977253,19.8678528],[-98.9773691,19.8676512],[-98.9775426,19.8673294],[-98.9777048,19.8669402],[-98.9779779,19.866331],[-98.9788974,19.86634],[-98.9788922,19.8676663],[-98.9788923,19.8687958],[-98.9789245,19.8702892],[-98.9795086,19.8702994],[-98.9801846,19.8703498],[-98.980839,19.8704104],[-98.9819012,19.870481],[-98.9833896,19.8709873],[-98.9847897,19.8713909],[-98.9854066,19.8715574],[-98.9861421,19.8717845],[-98.9862374,19.8718139],[-98.9859042,19.8722247],[-98.9855038,19.8728041],[-98.9853348,19.8731321],[-98.9861629,19.873654],[-98.9863198,19.8734329],[-98.9865075,19.873122],[-98.9875536,19.8734134],[-98.987902,19.8736125],[-98.9887922,19.8741562],[-98.9892603,19.8744468],[-98.9891557,19.874591],[-98.9892107,19.8746281],[-98.9894911,19.8747872],[-98.9890324,19.8754936],[-98.9892943,19.8754941],[-98.9894455,19.8756375],[-98.9895409,19.8755977],[-98.9903939,19.8758666],[-98.9905576,19.8759299],[-98.9902695,19.8762425],[-98.9898959,19.8765309],[-98.9891274,19.8769425],[-98.9889287,19.8770449],[-98.9883939,19.8773002],[-98.9876531,19.8776808],[-98.9871233,19.8767856],[-98.9863941,19.8771952],[-98.9856287,19.8768854],[-98.9856261,19.8768844],[-98.9855464,19.8770018],[-98.9848382,19.8766866],[-98.9847792,19.8763839],[-98.9838382,19.8759782],[-98.9837661,19.8759493],[-98.983704,19.8759244],[-98.9827702,19.8755916],[-98.9818931,19.8753292],[-98.9826768,19.8728486],[-98.9812762,19.8724],[-98.9811256,19.8729098],[-98.9810805,19.8730651],[-98.9810224,19.8732597],[-98.9809289,19.8735758],[-98.9805111,19.8742356],[-98.9802892,19.8746154],[-98.9789722,19.8741235],[-98.9785355,19.8739826],[-98.9780554,19.8737997],[-98.9774653,19.8735783]]]},"properties":{"locality":"Fuentes de Tizayuca","official_key":"1306900500001","CVE_ENT":"13","CVE_MUN":"069","CVE_LOC":"0050","CVE_ASEN":"0001","settlement_type":"FRACCIONAMIENTO","source":"INEGI DCAH 2025"}},{"type":"Feature","geometry":{"type":"Polygon","coordinates":[[[-98.9777404,19.8651469],[-98.9788299,19.8652136],[-98.978817,19.8652954],[-98.9784773,19.8657016],[-98.9779779,19.866331],[-98.9777048,19.8669402],[-98.9775426,19.8673294],[-98.9773691,19.8676512],[-98.977253,19.8678528],[-98.9771808,19.8679905],[-98.9770491,19.8682427],[-98.9763353,19.8684684],[-98.9760503,19.8687239],[-98.9760544,19.8687908],[-98.9755778,19.8692526],[-98.9752381,19.8691989],[-98.9751191,19.8691751],[-98.9747479,19.8691233],[-98.975355,19.8682046],[-98.9755736,19.867888],[-98.9758029,19.8675513],[-98.9763383,19.8666451],[-98.9764894,19.8664261],[-98.9772222,19.8654548],[-98.9775859,19.8652996],[-98.9776806,19.865169],[-98.9777404,19.8651469]]]},"properties":{"locality":"Monarca","official_key":"1306900500002","CVE_ENT":"13","CVE_MUN":"069","CVE_LOC":"0050","CVE_ASEN":"0002","settlement_type":"FRACCIONAMIENTO","source":"INEGI DCAH 2025"}},{"type":"Feature","geometry":{"type":"Polygon","coordinates":[[[-98.976162,19.8722271],[-98.9778778,19.8719241],[-98.9778994,19.8720924],[-98.978353,19.8726724],[-98.9774653,19.8735783],[-98.9768364,19.8733844],[-98.9760042,19.8731197],[-98.9760522,19.8729621],[-98.9760694,19.8727963],[-98.9761317,19.8723968],[-98.976162,19.8722271]]]},"properties":{"locality":"La Peña","official_key":"1306900500003","CVE_ENT":"13","CVE_MUN":"069","CVE_LOC":"0050","CVE_ASEN":"0003","settlement_type":"COLONIA","source":"INEGI DCAH 2025"}},{"type":"Feature","geometry":{"type":"Polygon","coordinates":[[[-98.9469762,19.8943771],[-98.9455792,19.8935257],[-98.9456007,19.8935041],[-98.9456843,19.8933513],[-98.9457687,19.8931837],[-98.9457668,19.8931456],[-98.9458313,19.8928582],[-98.9458326,19.8928046],[-98.9458475,19.8926819],[-98.9458925,19.8925979],[-98.9459032,19.8925779],[-98.9460379,19.8924123],[-98.9462012,19.8920881],[-98.9463264,19.8920507],[-98.9464633,19.8920451],[-98.946627,19.8919638],[-98.9471744,19.8923309],[-98.9471761,19.8923282],[-98.9479454,19.892838],[-98.9478804,19.8929434],[-98.9477706,19.8931197],[-98.94757,19.8934262],[-98.947391,19.8937255],[-98.947198,19.8940274],[-98.9470986,19.8941813],[-98.9469762,19.8943771]]]},"properties":{"locality":"Nueva Unión","official_key":"1306900520001","CVE_ENT":"13","CVE_MUN":"069","CVE_LOC":"0052","CVE_ASEN":"0001","settlement_type":"COLONIA","source":"INEGI DCAH 2025"}},{"type":"Feature","geometry":{"type":"Polygon","coordinates":[[[-98.9458912,19.8925703],[-98.9459032,19.8925779],[-98.9458925,19.8925979],[-98.9458475,19.8926819],[-98.9458326,19.8928046],[-98.9458313,19.8928582],[-98.9457668,19.8931456],[-98.9457687,19.8931837],[-98.9456843,19.8933513],[-98.9456007,19.8935041],[-98.9455792,19.8935257],[-98.9454325,19.8937739],[-98.9439668,19.8928275],[-98.9441201,19.8926137],[-98.9441396,19.8925863],[-98.9443401,19.8922989],[-98.9444111,19.8921943],[-98.9429499,19.8914106],[-98.9430843,19.8911839],[-98.9432616,19.8908929],[-98.9434694,19.8906402],[-98.9435827,19.8904653],[-98.9450716,19.8912077],[-98.9449256,19.8914048],[-98.9447158,19.8916749],[-98.9446615,19.8917886],[-98.9458912,19.8925703]]]},"properties":{"locality":"Ampliación Nueva Unión","official_key":"1306900520002","CVE_ENT":"13","CVE_MUN":"069","CVE_LOC":"0052","CVE_ASEN":"0002","settlement_type":"COLONIA","source":"INEGI DCAH 2025"}},{"type":"Feature","geometry":{"type":"Polygon","coordinates":[[[-98.9471761,19.8923282],[-98.9476184,19.8916369],[-98.9468386,19.8905458],[-98.9468171,19.8903252],[-98.9468549,19.8902554],[-98.9469605,19.8900737],[-98.9488314,19.8914603],[-98.9488415,19.8914679],[-98.9487234,19.8916454],[-98.9486447,19.8917626],[-98.9485388,19.8919044],[-98.9483223,19.8922274],[-98.948244,19.8923614],[-98.9479454,19.892838],[-98.9471761,19.8923282]]]},"properties":{"locality":"Villas la Union","official_key":"1306900520003","CVE_ENT":"13","CVE_MUN":"069","CVE_LOC":"0052","CVE_ASEN":"0003","settlement_type":"COLONIA","source":"INEGI DCAH 2025"}},{"type":"Feature","geometry":{"type":"Polygon","coordinates":[[[-98.9654118,19.8886683],[-98.9654816,19.8884439],[-98.9658797,19.8862122],[-98.9661471,19.8861334],[-98.9661876,19.8861011],[-98.9662068,19.8859368],[-98.9671587,19.8860703],[-98.967184,19.8860863],[-98.9672632,19.886106],[-98.9674108,19.8861341],[-98.9676657,19.8861826],[-98.9677985,19.8862078],[-98.9678286,19.8862161],[-98.9678829,19.8862311],[-98.9679382,19.8862443],[-98.9679568,19.8862491],[-98.9679499,19.8862983],[-98.9678727,19.8863772],[-98.9678099,19.886404],[-98.9674762,19.8887866],[-98.9667413,19.8886681],[-98.9667065,19.8887841],[-98.9666099,19.8894096],[-98.9656586,19.888855],[-98.9654118,19.8886683]]]},"properties":{"locality":"Valle de Tizayuca","official_key":"1306900530001","CVE_ENT":"13","CVE_MUN":"069","CVE_LOC":"0053","CVE_ASEN":"0001","settlement_type":"COLONIA","source":"INEGI DCAH 2025"}},{"type":"Feature","geometry":{"type":"Polygon","coordinates":[[[-98.9973817,19.8564079],[-98.9974035,19.8562029],[-98.999854,19.8571625],[-99.00011,19.8573129],[-99.0007737,19.8576449],[-99.0013287,19.857904],[-98.9981466,19.8607292],[-98.9978646,19.8604347],[-98.9975474,19.8601035],[-98.9972545,19.8597976],[-98.9973151,19.8597254],[-98.9972308,19.8596355],[-98.9967608,19.8591344],[-98.9970308,19.8589274],[-98.9970597,19.8589062],[-98.9971529,19.8584775],[-98.9971574,19.8584569],[-98.9972147,19.8579217],[-98.9972644,19.8575693],[-98.9972679,19.8575367],[-98.9973259,19.8570037],[-98.9973817,19.8564079]]]},"properties":{"locality":"Ciudad Natura","official_key":"1306900540001","CVE_ENT":"13","CVE_MUN":"069","CVE_LOC":"0054","CVE_ASEN":"0001","settlement_type":"FRACCIONAMIENTO","source":"INEGI DCAH 2025"}},{"type":"Feature","geometry":{"type":"MultiPolygon","coordinates":[[[[-98.9914555,19.8700405],[-98.9916634,19.8697656],[-98.9929361,19.8707569],[-98.993964,19.871561],[-98.9928584,19.87282],[-98.9918094,19.8720516],[-98.9905488,19.8711336],[-98.9907567,19.8709061],[-98.9910109,19.8706234],[-98.9912329,19.8703407],[-98.9914555,19.8700405]]],[[[-98.9958857,19.8774841],[-98.9982246,19.8748658],[-98.9991302,19.8756009],[-98.9997116,19.8749274],[-98.9996207,19.8748525],[-98.9983572,19.8738817],[-98.9971899,19.8729526],[-98.9962336,19.8722476],[-98.9946028,19.8709662],[-98.9934334,19.8700682],[-98.9916148,19.8686253],[-98.9915103,19.8685436],[-98.9900406,19.8673957],[-98.989472,19.867991],[-98.9885485,19.8690593],[-98.9884689,19.8691514],[-98.987522,19.8701781],[-98.9871848,19.8698899],[-98.9867026,19.8695108],[-98.9875784,19.8684602],[-98.987971,19.8679793],[-98.9875941,19.8677035],[-98.987475,19.8676134],[-98.9869431,19.8681863],[-98.9858852,19.867411],[-98.9853558,19.8669929],[-98.9850662,19.8667634],[-98.9847845,19.8665616],[-98.9846462,19.8664715],[-98.9842861,19.8661933],[-98.9840152,19.8659877],[-98.9837081,19.8657638],[-98.9834681,19.8655726],[-98.9835298,19.8653014],[-98.9836398,19.8646316],[-98.9836993,19.864155],[-98.9837163,19.8640188],[-98.9838269,19.8638786],[-98.9839949,19.8638337],[-98.9841647,19.8638517],[-98.9841861,19.8638199],[-98.984635,19.8631532],[-98.9841843,19.8627849],[-98.9840862,19.8627094],[-98.9838303,19.8625124],[-98.9847905,19.8619927],[-98.9850722,19.8618237],[-98.9854436,19.861608],[-98.9858279,19.8613816],[-98.9860297,19.8612713],[-98.9863301,19.8617455],[-98.9875532,19.8613217],[-98.9877222,19.8612183],[-98.9876106,19.8609855],[-98.9891754,19.8600388],[-98.9887323,19.8593159],[-98.9888772,19.8592049],[-98.9892044,19.8589476],[-98.9895531,19.8587004],[-98.989891,19.8584279],[-98.9902344,19.8581756],[-98.9906174,19.8579432],[-98.9909446,19.8585033],[-98.9913308,19.8583014],[-98.9916688,19.8580694],[-98.9919907,19.8577969],[-98.9923179,19.8575245],[-98.9918136,19.8569392],[-98.9921516,19.8566768],[-98.9924896,19.8564195],[-98.9928329,19.8561571],[-98.9931547,19.8559049],[-98.9935034,19.8556576],[-98.9937663,19.8554608],[-98.9944959,19.8563943],[-98.9945388,19.8565658],[-98.9946709,19.8568342],[-98.9946729,19.8568383],[-98.9947491,19.8570069],[-98.9952033,19.8578581],[-98.9953249,19.8580888],[-98.9956119,19.8586488],[-98.995797,19.859002],[-98.9961054,19.85962],[-98.9963455,19.859422],[-98.9967608,19.8591344],[-98.9972308,19.8596355],[-98.9973151,19.8597254],[-98.9972545,19.8597976],[-98.9975474,19.8601035],[-98.9978646,19.8604347],[-98.9981466,19.8607292],[-98.998245,19.860945],[-98.99565,19.8632501],[-98.9954341,19.8634286],[-98.9951363,19.8636897],[-98.9949054,19.8638968],[-98.9947926,19.8639979],[-98.9951497,19.8640018],[-98.9955816,19.8639953],[-98.9958405,19.8643806],[-98.9959485,19.864558],[-98.995638,19.8649399],[-98.9957175,19.8650842],[-98.9959133,19.8654475],[-98.9961037,19.8658208],[-98.9962754,19.866174],[-98.9964551,19.8665322],[-98.9968505,19.8673135],[-98.9972046,19.8679265],[-98.9972683,19.8680539],[-98.9979592,19.8693161],[-98.9985819,19.8704591],[-98.9986619,19.8706025],[-98.9987312,19.8707281],[-98.9988572,19.8706966],[-98.9992901,19.8704759],[-98.9997729,19.8702413],[-99.0002503,19.8700067],[-99.0006066,19.8698575],[-99.0016252,19.869407],[-99.0025689,19.8711244],[-99.0027209,19.8714433],[-99.0028946,19.8717982],[-99.0031283,19.8722734],[-99.0031772,19.8723327],[-99.003349,19.8726477],[-99.0034912,19.8729121],[-99.003804,19.8734935],[-99.0044735,19.8747391],[-99.0040174,19.8749551],[-99.0023222,19.8756892],[-99.0019038,19.8758783],[-99.0015324,19.8760413],[-99.0013917,19.8761061],[-99.0001719,19.8765912],[-98.9998607,19.8767375],[-98.9994229,19.876938],[-98.9988884,19.8771688],[-98.9984398,19.8773794],[-98.997958,19.8775957],[-98.9975084,19.8777843],[-98.996453,19.878256],[-98.996229,19.8783316],[-98.9958857,19.8774841]],[[-98.9927356,19.8641372],[-98.9930612,19.8638708],[-98.9933689,19.8636519],[-98.9936997,19.8634113],[-98.9939886,19.8632001],[-98.994262,19.8629707],[-98.9941133,19.8626124],[-98.9938945,19.8621811],[-98.9937638,19.861898],[-98.9936405,19.8616659],[-98.9935968,19.8615604],[-98.9935896,19.8615659],[-98.9912307,19.8633655],[-98.9919427,19.8647476],[-98.9921659,19.8645847],[-98.9924491,19.8643671],[-98.9927356,19.8641372]]]]},"properties":{"locality":"Los Héroes de Tizayuca","official_key":"1306900550001","CVE_ENT":"13","CVE_MUN":"069","CVE_LOC":"0055","CVE_ASEN":"0001","settlement_type":"FRACCIONAMIENTO","source":"INEGI DCAH 2025"}},{"type":"Feature","geometry":{"type":"Polygon","coordinates":[[[-98.9979592,19.8693161],[-98.9972683,19.8680539],[-98.9972046,19.8679265],[-98.9974617,19.8675592],[-98.998155,19.8671972],[-98.9982945,19.8673435],[-98.9996332,19.866698],[-99.0000064,19.8665167],[-99.0003665,19.8663509],[-99.0011564,19.8678505],[-99.0007933,19.868018],[-99.0004187,19.8681907],[-98.9993808,19.8686729],[-98.999083,19.8688066],[-98.9983266,19.8691345],[-98.9979592,19.8693161]]]},"properties":{"locality":"Ciudad Natura","official_key":"1306900550002","CVE_ENT":"13","CVE_MUN":"069","CVE_LOC":"0055","CVE_ASEN":"0002","settlement_type":"FRACCIONAMIENTO","source":"INEGI DCAH 2025"}},{"type":"Feature","geometry":{"type":"MultiPolygon","coordinates":[[[[-98.9933339,19.8484047],[-98.9937848,19.8477749],[-98.9939672,19.849329],[-98.9939739,19.8500317],[-98.9939779,19.8504491],[-98.9931443,19.8503634],[-98.9920145,19.8502473],[-98.9920432,19.8502073],[-98.9926784,19.8493201],[-98.9930044,19.8488648],[-98.9933339,19.8484047]]],[[[-98.9890442,19.8543465],[-98.9881441,19.8536547],[-98.9880231,19.8537999],[-98.9861341,19.8523451],[-98.9861687,19.8521627],[-98.9862764,19.8516721],[-98.9862842,19.8512296],[-98.9868844,19.8511644],[-98.987457,19.8510591],[-98.9877842,19.8510096],[-98.9881042,19.8509612],[-98.988509,19.8508999],[-98.9886663,19.8508761],[-98.9888945,19.8508322],[-98.9892604,19.8507619],[-98.9893034,19.8507537],[-98.9896587,19.8506854],[-98.9898186,19.8506547],[-98.9900305,19.850614],[-98.9903954,19.8505439],[-98.9904967,19.850527],[-98.9912783,19.8503962],[-98.9912369,19.8505916],[-98.9922451,19.8505624],[-98.9922042,19.8510735],[-98.9922378,19.8513893],[-98.992195,19.8517087],[-98.9921791,19.8517808],[-98.9939443,19.8520472],[-98.9939359,19.8523868],[-98.9939236,19.8528465],[-98.993914,19.8532104],[-98.9940131,19.8538651],[-98.9944053,19.8544342],[-98.9943468,19.8546148],[-98.9917986,19.8536752],[-98.9905998,19.8531983],[-98.9904791,19.8532048],[-98.9890453,19.854585],[-98.9889143,19.8544833],[-98.9890442,19.8543465]]]]},"properties":{"locality":"El Pedregal","official_key":"1306900560001","CVE_ENT":"13","CVE_MUN":"069","CVE_LOC":"0056","CVE_ASEN":"0001","settlement_type":"BARRIO","source":"INEGI DCAH 2025"}},{"type":"Feature","geometry":{"type":"MultiPolygon","coordinates":[[[[-98.9458103,19.8768709],[-98.944948,19.8757282],[-98.9432389,19.8756512],[-98.9439765,19.8738678],[-98.9441906,19.8733928],[-98.9443189,19.8731145],[-98.9453652,19.8706479],[-98.9456818,19.8699051],[-98.9466557,19.8702784],[-98.9466828,19.8702278],[-98.9469356,19.8703701],[-98.9476851,19.8708876],[-98.9479197,19.8710418],[-98.9484,19.8701843],[-98.949146,19.8705707],[-98.9494254,19.8706506],[-98.9493775,19.8708314],[-98.9496956,19.870876],[-98.9497523,19.8708795],[-98.9498865,19.8709754],[-98.9494543,19.8717329],[-98.9492853,19.8719948],[-98.9492271,19.8720908],[-98.9491801,19.8721606],[-98.9490877,19.8723021],[-98.9490257,19.8724004],[-98.9488912,19.8726046],[-98.9488053,19.8727588],[-98.9487068,19.8729127],[-98.9485161,19.8732177],[-98.9483288,19.8735138],[-98.9479875,19.8740427],[-98.9478131,19.8740442],[-98.9477954,19.8739768],[-98.9476694,19.8737409],[-98.9474984,19.873671],[-98.947373,19.8735648],[-98.9473103,19.8734657],[-98.947287,19.873327],[-98.9473509,19.8731038],[-98.9469828,19.8729174],[-98.9469136,19.8729314],[-98.9467911,19.8730537],[-98.9467379,19.8730756],[-98.946673,19.8730662],[-98.9463589,19.8729169],[-98.9463281,19.8730141],[-98.9462526,19.8733664],[-98.9462571,19.8734923],[-98.9462872,19.8736346],[-98.9463494,19.8737466],[-98.9464666,19.8739066],[-98.9466469,19.8740296],[-98.9467101,19.8741215],[-98.9468054,19.8744893],[-98.9475001,19.874332],[-98.9475471,19.8745225],[-98.9475672,19.8745881],[-98.9479114,19.8744929],[-98.9479615,19.8747434],[-98.9479996,19.8749672],[-98.9479968,19.8750919],[-98.9479742,19.8751946],[-98.9478949,19.8753369],[-98.947716,19.8755132],[-98.9472943,19.8758862],[-98.9471236,19.8760338],[-98.9469862,19.8761678],[-98.9469022,19.8762957],[-98.9468365,19.8765102],[-98.9468348,19.8766997],[-98.9468504,19.8767936],[-98.9467196,19.8768002],[-98.9465157,19.8766565],[-98.946336,19.87678],[-98.9461858,19.8769137],[-98.9459793,19.8770853],[-98.9458103,19.8768709]]],[[[-98.9463453,19.8780315],[-98.9469059,19.877237],[-98.9471125,19.8773631],[-98.9472949,19.8774816],[-98.9468979,19.8780164],[-98.9466592,19.8780189],[-98.9463453,19.8780315]]]]},"properties":{"locality":"Hacienda de Guadalupe","official_key":"1306900580001","CVE_ENT":"13","CVE_MUN":"069","CVE_LOC":"0058","CVE_ASEN":"0001","settlement_type":"FRACCIONAMIENTO","source":"INEGI DCAH 2025"}},{"type":"Feature","geometry":{"type":"Polygon","coordinates":[[[-98.9386971,19.8832388],[-98.9385105,19.8831476],[-98.9386811,19.8828487],[-98.9384804,19.8827753],[-98.9382153,19.8826615],[-98.9398881,19.8794687],[-98.9400088,19.8792366],[-98.9392685,19.8787675],[-98.9395206,19.8784295],[-98.9405939,19.8791902],[-98.9403039,19.8796869],[-98.9404504,19.8797666],[-98.9401456,19.8803969],[-98.9401322,19.8804095],[-98.9401188,19.8804322],[-98.9398586,19.8809594],[-98.9397636,19.8811544],[-98.9397611,19.8811934],[-98.939507,19.8816705],[-98.9389574,19.8827452],[-98.9386971,19.8832388]]]},"properties":{"locality":"Nueva Italia II","official_key":"1306900590001","CVE_ENT":"13","CVE_MUN":"069","CVE_LOC":"0059","CVE_ASEN":"0001","settlement_type":"FRACCIONAMIENTO","source":"INEGI DCAH 2025"}},{"type":"Feature","geometry":{"type":"Polygon","coordinates":[[[-98.9525895,19.8712725],[-98.9522851,19.871727],[-98.9520444,19.8720628],[-98.951673,19.8726405],[-98.9516196,19.8727024],[-98.9515743,19.8727744],[-98.9514909,19.8729649],[-98.9514173,19.8730851],[-98.9512579,19.873276],[-98.9506531,19.8737532],[-98.9505977,19.8738205],[-98.9506195,19.8740318],[-98.9507415,19.8741895],[-98.949277,19.8754759],[-98.9492582,19.8757256],[-98.9489069,19.87537],[-98.9486172,19.8751076],[-98.9485223,19.8750191],[-98.9486114,19.8746562],[-98.9486677,19.8745756],[-98.9485519,19.8744382],[-98.9481024,19.8739155],[-98.9482129,19.8737071],[-98.9483288,19.8735138],[-98.9485161,19.8732177],[-98.9487068,19.8729127],[-98.9488053,19.8727588],[-98.9488912,19.8726046],[-98.9490257,19.8724004],[-98.9499443,19.8725759],[-98.9500247,19.8722833],[-98.9492271,19.8720908],[-98.9492853,19.8719948],[-98.9494543,19.8717329],[-98.9501408,19.8719232],[-98.9506905,19.8720353],[-98.9507526,19.8718214],[-98.9508655,19.871446],[-98.9509466,19.8711191],[-98.9510264,19.8711277],[-98.9511159,19.8709453],[-98.9525895,19.8712725]]]},"properties":{"locality":"Miguel Hidalgo","official_key":"1306900610001","CVE_ENT":"13","CVE_MUN":"069","CVE_LOC":"0061","CVE_ASEN":"0001","settlement_type":"COLONIA","source":"INEGI DCAH 2025"}},{"type":"Feature","geometry":{"type":"Polygon","coordinates":[[[-98.9388164,19.8833942],[-98.9388044,19.8833883],[-98.9387235,19.8835152],[-98.9384602,19.8833899],[-98.938568,19.8831817],[-98.9386971,19.8832388],[-98.9389574,19.8827452],[-98.939507,19.8816705],[-98.9397611,19.8811934],[-98.9397636,19.8811544],[-98.9398586,19.8809594],[-98.9401188,19.8804322],[-98.9401322,19.8804095],[-98.9401456,19.8803969],[-98.9404504,19.8797666],[-98.9403039,19.8796869],[-98.9405939,19.8791902],[-98.9412861,19.8797081],[-98.9408527,19.8804658],[-98.9406722,19.8807659],[-98.9403517,19.8813596],[-98.9401723,19.8816672],[-98.9400572,19.8818941],[-98.9399066,19.8821699],[-98.9397239,19.8825063],[-98.9391425,19.8835562],[-98.9391188,19.8835444],[-98.9388164,19.8833942]]]},"properties":{"locality":"Nueva Italia","official_key":"1306900620001","CVE_ENT":"13","CVE_MUN":"069","CVE_LOC":"0062","CVE_ASEN":"0001","settlement_type":"FRACCIONAMIENTO","source":"INEGI DCAH 2025"}},{"type":"Feature","geometry":{"type":"Polygon","coordinates":[[[-98.9408527,19.8804658],[-98.9412861,19.8797081],[-98.9428917,19.8808863],[-98.9420231,19.8825112],[-98.9429798,19.8833516],[-98.9430573,19.8834197],[-98.9427468,19.8836941],[-98.942466,19.8839585],[-98.9423874,19.8838878],[-98.9400572,19.8818941],[-98.9403517,19.8813596],[-98.9406722,19.8807659],[-98.9408527,19.8804658]]]},"properties":{"locality":"Reino Unido","official_key":"1306900630001","CVE_ENT":"13","CVE_MUN":"069","CVE_LOC":"0063","CVE_ASEN":"0001","settlement_type":"COLONIA","source":"INEGI DCAH 2025"}},{"type":"Feature","geometry":{"type":"Polygon","coordinates":[[[-98.9716368,19.8875798],[-98.9713233,19.8892887],[-98.9695904,19.8890957],[-98.9696278,19.8888573],[-98.9696866,19.8885723],[-98.9694289,19.8885394],[-98.9696596,19.8872733],[-98.969901,19.8873439],[-98.9702691,19.8873912],[-98.9706265,19.8874284],[-98.9710194,19.8874826],[-98.9713976,19.8875406],[-98.9716368,19.8875798]]]},"properties":{"locality":"San José ll","official_key":"1306900640001","CVE_ENT":"13","CVE_MUN":"069","CVE_LOC":"0064","CVE_ASEN":"0001","settlement_type":"FRACCIONAMIENTO","source":"INEGI DCAH 2025"}},{"type":"Feature","geometry":{"type":"Polygon","coordinates":[[[-98.9716368,19.8875798],[-98.9716751,19.8873516],[-98.9717242,19.8869873],[-98.9751563,19.8874793],[-98.9746042,19.8877572],[-98.9739818,19.8880531],[-98.9733873,19.8883282],[-98.9728385,19.8885655],[-98.9723882,19.8887833],[-98.9713998,19.8892504],[-98.9713233,19.8892887],[-98.9716368,19.8875798]]]},"properties":{"locality":"Colinas de Plata","official_key":"1306900640002","CVE_ENT":"13","CVE_MUN":"069","CVE_LOC":"0064","CVE_ASEN":"0002","settlement_type":"FRACCIONAMIENTO","source":"INEGI DCAH 2025"}},{"type":"Feature","geometry":{"type":"MultiPolygon","coordinates":[[[[-98.9456775,19.8248321],[-98.9480969,19.8229144],[-98.9481092,19.8229523],[-98.9487264,19.8248455],[-98.9487352,19.8248725],[-98.9471903,19.8267043],[-98.9456775,19.8248321]]],[[[-98.9345572,19.8370419],[-98.9336741,19.8367572],[-98.9336117,19.8369001],[-98.932602,19.8365954],[-98.933005,19.8352432],[-98.9321426,19.8352334],[-98.9311473,19.8359657],[-98.9316084,19.8361334],[-98.930932,19.8382954],[-98.9296999,19.8378611],[-98.9300439,19.8370481],[-98.9301042,19.8368275],[-98.9319996,19.8320414],[-98.9320215,19.8319862],[-98.935331,19.8327005],[-98.9354649,19.8326882],[-98.9395142,19.8299043],[-98.9413948,19.8308378],[-98.9426896,19.8279994],[-98.9423177,19.8276096],[-98.942003,19.8275157],[-98.9447961,19.8254501],[-98.9465681,19.8272635],[-98.9464242,19.8273931],[-98.9470711,19.8273368],[-98.9470343,19.8280998],[-98.9470834,19.8287014],[-98.9473577,19.8294746],[-98.9464113,19.8294978],[-98.946378,19.8300544],[-98.9445052,19.8300703],[-98.9441989,19.8304899],[-98.9444074,19.8305035],[-98.9456725,19.8305862],[-98.9454299,19.8312022],[-98.9451498,19.8318934],[-98.9432854,19.8317483],[-98.9422765,19.8339135],[-98.9422593,19.8339503],[-98.9414609,19.8338237],[-98.9406709,19.8336757],[-98.940469,19.8336387],[-98.9392568,19.8333963],[-98.9389633,19.8333498],[-98.9389513,19.8333705],[-98.9379585,19.8355877],[-98.9402545,19.836323],[-98.9390422,19.8372955],[-98.9372399,19.8366266],[-98.9376801,19.8355512],[-98.9374124,19.835454],[-98.9384091,19.8332598],[-98.9380544,19.8332062],[-98.9370097,19.8352924],[-98.9366235,19.8351709],[-98.9362748,19.8362254],[-98.9371304,19.8365255],[-98.9367374,19.8374073],[-98.9383293,19.8379358],[-98.9369355,19.8391986],[-98.9360259,19.8389105],[-98.9364564,19.837654],[-98.9345572,19.8370419]]]]},"properties":{"locality":"Huitzila-Tepojaco","official_key":"1306900650001","CVE_ENT":"13","CVE_MUN":"069","CVE_LOC":"0065","CVE_ASEN":"0001","settlement_type":"CORREDOR INDUSTRIAL","source":"INEGI DCAH 2025"}},{"type":"Feature","geometry":{"type":"Polygon","coordinates":[[[-98.9374421,19.8210486],[-98.9380818,19.8192318],[-98.9382561,19.819281],[-98.9382601,19.8193277],[-98.9393022,19.8196545],[-98.9402892,19.8199598],[-98.9396428,19.8218523],[-98.9386504,19.821499],[-98.9376486,19.8211218],[-98.9374421,19.8210486]]]},"properties":{"locality":"Pamit","official_key":"1306900650002","CVE_ENT":"13","CVE_MUN":"069","CVE_LOC":"0065","CVE_ASEN":"0002","settlement_type":"CORREDOR INDUSTRIAL","source":"INEGI DCAH 2025"}},{"type":"Feature","geometry":{"type":"Polygon","coordinates":[[[-99.0005564,19.8609095],[-98.9976891,19.8622364],[-98.9986306,19.863832],[-98.9968444,19.8641308],[-98.9961767,19.8631165],[-98.9958391,19.8634492],[-98.9956446,19.8632644],[-99.00147,19.8581224],[-99.0016301,19.8582685],[-99.0022516,19.8591764],[-99.0001595,19.8601628],[-99.0005564,19.8609095]]]},"properties":{"locality":"José Humberto González","official_key":"1306900660001","CVE_ENT":"13","CVE_MUN":"069","CVE_LOC":"0066","CVE_ASEN":"0001","settlement_type":"COLONIA","source":"INEGI DCAH 2025"}},{"type":"Feature","geometry":{"type":"Polygon","coordinates":[[[-98.9443264,19.879627],[-98.9426179,19.8783683],[-98.9427211,19.8782283],[-98.9430926,19.8785007],[-98.943539,19.8779356],[-98.9435369,19.877822],[-98.943445,19.8776617],[-98.9435527,19.8775001],[-98.9436738,19.877346],[-98.9439024,19.8770955],[-98.9440424,19.8769372],[-98.9441764,19.8767112],[-98.9443144,19.8763958],[-98.9445276,19.8772925],[-98.9448468,19.8780908],[-98.9450332,19.8788766],[-98.9449782,19.8788822],[-98.9447341,19.8790758],[-98.9446647,19.8790629],[-98.9445853,19.8792186],[-98.9444979,19.8793717],[-98.9444708,19.879395],[-98.944421,19.879499],[-98.9443264,19.879627]]]},"properties":{"locality":"San José","official_key":"1306900670001","CVE_ENT":"13","CVE_MUN":"069","CVE_LOC":"0067","CVE_ASEN":"0001","settlement_type":"COLONIA","source":"INEGI DCAH 2025"}},{"type":"Feature","geometry":{"type":"Polygon","coordinates":[[[-98.9322943,19.886658],[-98.9321515,19.8865766],[-98.9312275,19.8883637],[-98.9309888,19.8882552],[-98.9296825,19.8875832],[-98.9293457,19.8873912],[-98.9279042,19.8866662],[-98.9268528,19.8861264],[-98.9266195,19.8860129],[-98.9258032,19.885588],[-98.9257303,19.8855501],[-98.9266659,19.8835519],[-98.9266724,19.8835379],[-98.9267846,19.8832114],[-98.9269479,19.8826043],[-98.9269935,19.8824404],[-98.9275997,19.8823824],[-98.9277767,19.8824127],[-98.9281173,19.8825315],[-98.9282104,19.8825159],[-98.9287981,19.8828133],[-98.9291463,19.8831184],[-98.9297452,19.8835508],[-98.9300532,19.8835296],[-98.9308482,19.8833449],[-98.9310955,19.8832525],[-98.9312618,19.8833477],[-98.9317458,19.8822281],[-98.9317909,19.8821178],[-98.9323319,19.8810092],[-98.9323911,19.8808926],[-98.9324454,19.8809191],[-98.9330147,19.8811634],[-98.9341968,19.8816812],[-98.9346815,19.8818938],[-98.9345649,19.8821372],[-98.9347773,19.8822545],[-98.9351124,19.8824207],[-98.9354369,19.8825816],[-98.9355459,19.8826357],[-98.9357064,19.8827095],[-98.9357595,19.8827339],[-98.9359551,19.8828237],[-98.936293,19.882979],[-98.9364216,19.8830381],[-98.9372851,19.883439],[-98.9375327,19.8834996],[-98.9376028,19.8835141],[-98.9374807,19.8848709],[-98.937123,19.8858619],[-98.937067,19.8866688],[-98.9369618,19.8872856],[-98.9368097,19.8877287],[-98.9362624,19.88861],[-98.9343307,19.887669],[-98.9339954,19.8875047],[-98.9322943,19.886658]]]},"properties":{"locality":"Adalucia","official_key":"1306900680001","CVE_ENT":"13","CVE_MUN":"069","CVE_LOC":"0068","CVE_ASEN":"0001","settlement_type":"FRACCIONAMIENTO","source":"INEGI DCAH 2025"}}]}