{"type":"FeatureCollection","name":"inegi-hidalgo-071","metadata":{"state":"Hidalgo","CVE_ENT":"13","CVE_MUN":"071","municipality":"Tlahuiltepa","sources":["INEGI Gaia — Servicio vectorial del Marco Geoestadístico","INEGI DCAH 2025"],"source_urls":["https://gaia.inegi.org.mx/wscatgeo/v2/geo/mgem/13","https://gaia.inegi.org.mx/wscatgeo/v2/geo/localidades/pol/13/071","https://www.inegi.org.mx/contenidos/productos/prod_serv/contenidos/espanol/bvinegi/productos/geografia/delimitaciones/794551163078/13_hidalgo.zip"],"geometry_policy":"Solo se publican polígonos de INEGI; no se generan puntos ni geometrías sintéticas.","locality_polygon_count":33,"settlement_polygon_count":2},"municipality":{"type":"Feature","geometry":{"type":"MultiPolygon","crs":{"type":"name","properties":{"name":"EPSG:6365"}},"coordinates":[[[[-98.97039515,21.03447458],[-98.96966331,21.03418315],[-98.96867794,21.03373729],[-98.96774535,21.03330795],[-98.96720506,21.03276763],[-98.96627945,21.03234935],[-98.96521672,21.03183458],[-98.96422258,21.03131982],[-98.96312558,21.03080502],[-98.96199666,21.03038912],[-98.96137718,21.03029006],[-98.9601692,21.03060454],[-98.95919017,21.030941],[-98.95849697,21.03128635],[-98.95814002,21.03171823],[-98.95797463,21.03188612],[-98.95684411,21.03149729],[-98.95542957,21.03086445],[-98.95414015,21.03028582],[-98.95331257,21.03006874],[-98.95268705,21.02996014],[-98.95202308,21.02974311],[-98.95164783,21.02945386],[-98.950647,21.02934515],[-98.949319,21.02906466],[-98.94766391,21.02850395],[-98.94697118,21.02797066],[-98.94587628,21.01943948],[-98.94501035,21.0200058],[-98.94408403,21.02051543],[-98.942755,21.02113826],[-98.94094295,21.02126985],[-98.93931334,21.02140826],[-98.93852423,21.02142605],[-98.93813549,21.02142398],[-98.93818058,21.02116482],[-98.93822795,21.02080702],[-98.93868854,21.01978472],[-98.93931231,21.01910792],[-98.93992283,21.01817809],[-98.94032922,21.01746665],[-98.94057563,21.01668888],[-98.94093918,21.01605071],[-98.94146526,21.01530105],[-98.94189258,21.01460311],[-98.9421364,21.014062],[-98.94226074,21.01341662],[-98.94199663,21.01302297],[-98.94134395,21.01305754],[-98.94028583,21.01275445],[-98.93867688,21.01248749],[-98.93706785,21.01248691],[-98.93578135,21.012585],[-98.93484352,21.01209365],[-98.93460752,21.01115405],[-98.93422943,21.00999957],[-98.93329603,21.00904478],[-98.93270822,21.00771688],[-98.93107252,21.00669528],[-98.93103695,21.00615745],[-98.93094569,21.00516023],[-98.93123015,21.00424986],[-98.93149086,21.00351714],[-98.93195252,21.00270428],[-98.93234637,21.00186377],[-98.9325762,21.00119837],[-98.93299983,21.0004526],[-98.93354398,20.99935977],[-98.93364723,20.99881675],[-98.93418895,20.99814949],[-98.93442554,20.99741957],[-98.93434502,20.99626314],[-98.93403792,20.99473452],[-98.93363383,20.99344777],[-98.93332025,20.99273346],[-98.93291645,20.99213506],[-98.93255926,20.99156586],[-98.93215537,20.99120092],[-98.93176709,20.99070466],[-98.93122389,20.99034145],[-98.92989669,20.98992126],[-98.92787338,20.98521662],[-98.91924115,20.98845198],[-98.91904145,20.98944857],[-98.918301391,20.990728945],[-98.91817755,20.9909432],[-98.91661946,20.99225518],[-98.91661028,20.99222575],[-98.915605164,20.992639272],[-98.915518979,20.992674731],[-98.915427736,20.992712269],[-98.915224654,20.992795819],[-98.91518892,20.99281052],[-98.91299788,20.99299629],[-98.91107255,20.99293302],[-98.910931654,20.992901668],[-98.91064609,20.99283812],[-98.91043631,20.99267391],[-98.91013903,20.99259171],[-98.90977168,20.99268997],[-98.9094392,20.99296877],[-98.90910675,20.99318192],[-98.90880932,20.99332946],[-98.90838955,20.99336206],[-98.9078124,20.99332894],[-98.90677345,20.99321902],[-98.90637434,20.99293063],[-98.90582177,20.99252688],[-98.90533037,20.99249778],[-98.9046544,20.99292966],[-98.90357485,20.9941176],[-98.90296971,20.99500863],[-98.90249394,20.99618334],[-98.90197515,20.9970744],[-98.90167278,20.99719577],[-98.89944954,20.99424658],[-98.89884203,20.99285626],[-98.89867517,20.99159732],[-98.89809378,20.98952735],[-98.89759985,20.98813406],[-98.89721537,20.98751471],[-98.893747041,20.989135723],[-98.89202151,20.98994215],[-98.892069296,20.990208867],[-98.89216592,20.99074817],[-98.89226165,20.99189737],[-98.89200755,20.99231285],[-98.89150992,20.99268514],[-98.89048717,20.99285552],[-98.88958749,20.99299017],[-98.88873208,20.99297274],[-98.88783328,20.99306914],[-98.88733652,20.9934032],[-98.88684595,20.99346968],[-98.88599142,20.99341402],[-98.88557177,20.99356988],[-98.88523502,20.99369203],[-98.88497723,20.99379735],[-98.88485303,20.99407131],[-98.88474805,20.99436408],[-98.88463645,20.99451848],[-98.88443051,20.99450506],[-98.88426362,20.99450165],[-98.88417314,20.99459197],[-98.88406003,20.99481085],[-98.88384343,20.99483408],[-98.88368678,20.99481245],[-98.88353249,20.99468948],[-98.8832032,20.99448923],[-98.88282354,20.99434323],[-98.88249809,20.99440111],[-98.88176525,20.99447852],[-98.88143872,20.99458245],[-98.88130685,20.99476408],[-98.88124325,20.99496552],[-98.88105737,20.99493408],[-98.8807744,20.99485457],[-98.88035654,20.99466171],[-98.8800328,20.99464588],[-98.87970672,20.99473138],[-98.87953557,20.9949122],[-98.87941648,20.99496506],[-98.87853423,20.99513288],[-98.87815608,20.99534632],[-98.87764709,20.99569535],[-98.87713895,20.99600752],[-98.8770156,20.99624462],[-98.87679643,20.99637837],[-98.87672835,20.99634932],[-98.87719526,20.99514145],[-98.87718166,20.99431131],[-98.87699405,20.99362191],[-98.87657769,20.99311892],[-98.87614669,20.99223814],[-98.87538614,20.99131958],[-98.87470062,20.99035042],[-98.87389168,20.98959022],[-98.8730186,20.98898668],[-98.87240852,20.98893169],[-98.87147895,20.98879469],[-98.8704912,20.98871215],[-98.87011354,20.98868462],[-98.86804525,20.98865311],[-98.86733231,20.98877058],[-98.86691288,20.98890797],[-98.86649389,20.98879532],[-98.86603011,20.98869248],[-98.86532088,20.98846134],[-98.86478905,20.98842355],[-98.86424337,20.98837189],[-98.86397088,20.98794894],[-98.86369858,20.98732103],[-98.86342589,20.98677222],[-98.86318712,20.98624346],[-98.86272248,20.98594202],[-98.8622172,20.98557802],[-98.86168858,20.98535211],[-98.86135575,20.98510175],[-98.86113392,20.98494251],[-98.86100998,20.98477105],[-98.8607972,20.98423249],[-98.860793,20.98373834],[-98.86072923,20.98344002],[-98.86052435,20.98286445],[-98.86025775,20.98230923],[-98.86004809,20.98207632],[-98.85976228,20.98166432],[-98.85951448,20.98141348],[-98.85901875,20.98105502],[-98.85825575,20.98087535],[-98.85775978,20.98076752],[-98.85730195,20.98069552],[-98.85679231,20.98052706],[-98.85636794,20.98043843],[-98.85560695,20.98024872],[-98.85531243,20.98018195],[-98.85514965,20.98007226],[-98.8549418,20.97996989],[-98.85480323,20.97991403],[-98.85473617,20.97973312],[-98.85493606,20.9793732],[-98.85526517,20.97910818],[-98.8555486,20.97890417],[-98.85578534,20.97848692],[-98.85599438,20.97795226],[-98.85647146,20.97742657],[-98.85691258,20.97723555],[-98.85745106,20.97700745],[-98.858192,20.97678005],[-98.85878088,20.97657603],[-98.85943408,20.97643038],[-98.86017305,20.976253],[-98.86071248,20.97591617],[-98.86126986,20.9755452],[-98.86196546,20.97494748],[-98.86215914,20.97429497],[-98.86204395,20.97356969],[-98.86114606,20.97274978],[-98.86058046,20.97220335],[-98.85996729,20.97209955],[-98.859416979,20.972025321],[-98.858965219,20.971746661],[-98.858533539,20.97117369],[-98.857923649,20.970839151],[-98.857491059,20.970720061],[-98.857179819,20.970168861],[-98.857070379,20.969531751],[-98.857052709,20.968825851],[-98.857069419,20.967733021],[-98.857483519,20.966976571],[-98.857732249,20.966258781],[-98.857813709,20.965413091],[-98.857860489,20.965339911],[-98.857789279,20.965042451],[-98.857340599,20.964246891],[-98.857050319,20.963590081],[-98.857031309,20.962578081],[-98.856545719,20.961816851],[-98.855791939,20.960847351],[-98.855220979,20.9600282],[-98.854918479,20.959371321],[-98.854239779,20.958103201],[-98.853841909,20.956974401],[-98.853579379,20.955719751],[-98.853266399,20.954740851],[-98.852234979,20.953057051],[-98.851595119,20.951409621],[-98.851053319,20.949739651],[-98.850607519,20.948426621],[-98.850173089,20.947274621],[-98.849480619,20.946305351],[-98.848347649,20.94529946],[-98.847667419,20.944330231],[-98.847147399,20.943166311],[-98.846798319,20.942083691],[-98.846715889,20.941485341],[-98.846132429,20.940735061],[-98.845291579,20.940041031],[-98.844417179,20.938771861],[-98.844113429,20.938356401],[-98.844015349,20.936927511],[-98.844205649,20.936237831],[-98.844324649,20.935748371],[-98.844633029,20.935459351],[-98.844870289,20.935192521],[-98.844894719,20.934480451],[-98.845233309,20.934033341],[-98.848436539,20.932788831],[-98.850284089,20.930129371],[-98.850451049,20.929940291],[-98.851878449,20.92945758],[-98.852998379,20.928490711],[-98.854070569,20.927622111],[-98.854474019,20.927126981],[-98.854652489,20.926549771],[-98.856084549,20.925878311],[-98.857712579,20.924589981],[-98.858774619,20.922385121],[-98.859695369,20.921043491],[-98.860364149,20.918307691],[-98.861737089,20.915008371],[-98.861241579,20.914146231],[-98.861551819,20.913223181],[-98.861707539,20.911524371],[-98.861690999,20.91141502],[-98.861539659,20.90990048],[-98.861702379,20.90959511],[-98.861654579,20.909293521],[-98.861528339,20.909161261],[-98.861425909,20.908655541],[-98.861474489,20.908327221],[-98.861227649,20.906908401],[-98.861308649,20.906221461],[-98.861123629,20.90517442],[-98.860921509,20.904604891],[-98.860944169,20.904264651],[-98.861731819,20.903517721],[-98.861947709,20.903449321],[-98.86263057,20.9023778],[-98.86273518,20.90235614],[-98.86579188,20.89870397],[-98.8684028,20.89558688],[-98.87349705,20.8897544],[-98.87430218,20.88815269],[-98.87635497,20.88723702],[-98.87794555,20.88679305],[-98.87861074,20.88635671],[-98.87912006,20.88630397],[-98.87948732,20.885489],[-98.87969715,20.88456062],[-98.87972534,20.88325151],[-98.87976911,20.88165683],[-98.88041114,20.87968828],[-98.88143134,20.87807549],[-98.8818032,20.87614097],[-98.88337109,20.87460357],[-98.88371472,20.87212165],[-98.88397702,20.87108478],[-98.88396178,20.87094245],[-98.88401694,20.87024091],[-98.88415894,20.86967663],[-98.88427618,20.86907806],[-98.88451492,20.86837511],[-98.88486431,20.86772878],[-98.88522622,20.86711683],[-98.88553609,20.86614897],[-98.88558558,20.86570486],[-98.88591952,20.86503703],[-98.88541189,20.86522522],[-98.88514722,20.86528718],[-98.88468406,20.86532829],[-98.88402251,20.86528642],[-98.88371377,20.86528622],[-98.88340506,20.86524457],[-98.88216317,20.86477971],[-98.88213745,20.86401857],[-98.88239171,20.86346246],[-98.88289969,20.86306546],[-98.88357677,20.86282752],[-98.884423,20.86266917],[-98.8851002,20.86227228],[-98.88535457,20.86155723],[-98.88543985,20.86068314],[-98.88569422,20.85996809],[-98.8862872,20.85901486],[-98.88656898,20.85831372],[-98.88709366,20.85817612],[-98.88767614,20.85825014],[-98.88770514,20.85825518],[-98.888469,20.8586734],[-98.8890662,20.85898706],[-98.88957885,20.85937811],[-98.88999548,20.8596264],[-98.89030108,20.85973102],[-98.89063451,20.85975734],[-98.89085689,20.85964],[-98.89102377,20.85944431],[-98.89123251,20.85898757],[-98.89137172,20.85859606],[-98.89153882,20.85807403],[-98.89167625,20.85729169],[-98.89172923,20.85640654],[-98.89186855,20.85571686],[-98.89346357,20.85429212],[-98.89294383,20.85072352],[-98.8949384,20.85004572],[-98.89692115,20.85051018],[-98.89738589,20.85148626],[-98.89787432,20.85157542],[-98.89856745,20.85190163],[-98.89934506,20.8519722],[-98.89998575,20.85176918],[-98.90126258,20.85110351],[-98.90116855,20.85031855],[-98.90090129,20.8493558],[-98.9001512,20.8486362],[-98.89958868,20.84780985],[-98.89910165,20.84737814],[-98.8989878,20.84718802],[-98.8989416,20.84688868],[-98.89897312,20.84666735],[-98.8989578,20.84653298],[-98.89893822,20.84642237],[-98.89890611,20.84632375],[-98.89965869,20.84479648],[-98.89893812,20.84462275],[-98.89867574,20.84385723],[-98.89868548,20.84256129],[-98.89804231,20.84238789],[-98.8979588,20.84103374],[-98.898960969,20.840333541],[-98.89923348,20.83956728],[-98.89992546,20.839015461],[-98.900928879,20.838171451],[-98.90221435,20.837847461],[-98.902161579,20.837781601],[-98.902162679,20.83757834],[-98.90206371,20.837353111],[-98.902257919,20.83680078],[-98.902504566,20.836594947],[-98.90279572,20.836351971],[-98.902969589,20.836381636],[-98.90370797,20.83650762],[-98.90395192,20.836481721],[-98.904553649,20.835701751],[-98.904756679,20.835564781],[-98.90485463,20.835301311],[-98.905131544,20.834874267],[-98.905731799,20.83394857],[-98.90574572,20.83297737],[-98.90585063,20.832620851],[-98.905895,20.83256249],[-98.906320716,20.831891182],[-98.906343796,20.831854785],[-98.906575219,20.83148985],[-98.907091579,20.830951881],[-98.90747517,20.830660081],[-98.907801199,20.830405001],[-98.90794535,20.830419741],[-98.908892889,20.83051402],[-98.909514909,20.830572371],[-98.910101259,20.830701601],[-98.910115489,20.830700171],[-98.910502579,20.830839421],[-98.91094634,20.830452631],[-98.911415599,20.82954651],[-98.911911229,20.828261081],[-98.912355919,20.827377851],[-98.91270149,20.82674708],[-98.91312015,20.826174151],[-98.91351428,20.82561262],[-98.91426869,20.823925981],[-98.915253089,20.822700341],[-98.916533089,20.82105068],[-98.917271879,20.820030831],[-98.917666539,20.81935432],[-98.91806271,20.81837888],[-98.91707315,20.81710688],[-98.91620526,20.81602383],[-98.915148659,20.814780951],[-98.914380649,20.813785491],[-98.913781659,20.81306648],[-98.915169949,20.81191471],[-98.916622719,20.810823631],[-98.918850399,20.808944371],[-98.919574019,20.808454001],[-98.920719399,20.807934231],[-98.922036649,20.807235121],[-98.922609509,20.806607431],[-98.92302988,20.80563877],[-98.92377945,20.80393],[-98.92395514,20.80232015],[-98.92473103,20.801683799],[-98.925110248,20.801372776],[-98.925289279,20.801225941],[-98.92643895,20.800146091],[-98.926795509,20.79923242],[-98.928369179,20.797993021],[-98.929310539,20.796572461],[-98.929471289,20.79610694],[-98.92970606,20.79581855],[-98.929841539,20.795598021],[-98.930137819,20.795300431],[-98.930289461,20.795360348],[-98.930645939,20.7955012],[-98.931249373,20.795506063],[-98.931631509,20.795509141],[-98.93342494,20.795541651],[-98.93457248,20.795933938],[-98.935934119,20.7963994],[-98.93602658,20.796190837],[-98.936104219,20.79601571],[-98.93551711,20.794461741],[-98.93606788,20.79266383],[-98.937065139,20.79155765],[-98.937779369,20.79133132],[-98.939486649,20.79133338],[-98.94103203,20.79009491],[-98.941810979,20.79021091],[-98.94195445,20.790361831],[-98.94240429,20.790360581],[-98.9426826,20.7903064],[-98.942887089,20.79019434],[-98.942926939,20.78998077],[-98.942824779,20.789793851],[-98.942705569,20.78964431],[-98.942358799,20.789254491],[-98.942381219,20.78859435],[-98.941840089,20.78806434],[-98.941885479,20.787280201],[-98.94192874,20.78603648],[-98.940452509,20.78376571],[-98.9386288,20.782614571],[-98.936251749,20.7804658],[-98.93406908,20.77860091],[-98.932282259,20.776954181],[-98.92997985,20.77531409],[-98.928066119,20.775200951],[-98.92669072,20.774975681],[-98.926152739,20.774413691],[-98.92525592,20.773907721],[-98.924059829,20.773907201],[-98.923864629,20.773524181],[-98.92508557,20.773105551],[-98.92607351,20.77251543],[-98.927121279,20.77192526],[-98.928737629,20.77158846],[-98.9301746,20.77063283],[-98.931013,20.76978946],[-98.931582049,20.768861621],[-98.93227066,20.768327551],[-98.933498399,20.766724971],[-98.934426619,20.76571286],[-98.93457672,20.76458797],[-98.93454292,20.76387983],[-98.934784599,20.76350862],[-98.935001089,20.763122171],[-98.935113969,20.763122221],[-98.93652558,20.763415081],[-98.93712375,20.76302206],[-98.937900489,20.76273052],[-98.938020889,20.76268534],[-98.93957578,20.76246118],[-98.94131006,20.762293251],[-98.94172868,20.762237221],[-98.942386289,20.76274302],[-98.943702279,20.76167611],[-98.944658829,20.762350521],[-98.94585468,20.762800311],[-98.94663217,20.762575861],[-98.947529259,20.762295251],[-98.9480676,20.761902181],[-98.94842643,20.76178994],[-98.94908415,20.762014831],[-98.950758799,20.76122886],[-98.95207445,20.76106071],[-98.95410778,20.76055568],[-98.955801659,20.760266711],[-98.957277429,20.75954532],[-98.958945249,20.75917],[-98.96038709,20.759096651],[-98.961654459,20.759236491],[-98.962351169,20.75942365],[-98.962710109,20.758806201],[-98.962922829,20.758470051],[-98.963309519,20.75811574],[-98.96377349,20.757906851],[-98.96416015,20.757770631],[-98.965242569,20.757679151],[-98.96613588,20.75763835],[-98.966865749,20.75763851],[-98.967199539,20.75758225],[-98.967218519,20.75743028],[-98.96739515,20.75727806],[-98.96780426,20.75689825],[-98.968168369,20.75611334],[-98.968433049,20.754915631],[-98.968409169,20.754124651],[-98.96792854,20.75351437],[-98.967538889,20.753104781],[-98.96723658,20.75265452],[-98.967063079,20.75226689],[-98.966998089,20.75175686],[-98.967106719,20.751144861],[-98.96723697,20.75085928],[-98.96764928,20.75071655],[-98.968300229,20.75065548],[-98.968744079,20.750674621],[-98.96943954,20.750897881],[-98.96969117,20.75095434],[-98.96984077,20.750961771],[-98.97031815,20.75085985],[-98.9706528,20.75040235],[-98.97114575,20.750041651],[-98.97150652,20.749810001],[-98.97200406,20.749753431],[-98.97245671,20.749795351],[-98.972920089,20.74985949],[-98.973186709,20.749770321],[-98.973523,20.74941169],[-98.97402992,20.749023231],[-98.97429211,20.74879557],[-98.974539219,20.748511031],[-98.97502652,20.74845438],[-98.975366179,20.74824383],[-98.97585285,20.74819995],[-98.976097939,20.74815663],[-98.97627025,20.748089951],[-98.97632095,20.747985141],[-98.97652368,20.74788034],[-98.976871,20.747696291],[-98.977205659,20.747551491],[-98.977499149,20.747292951],[-98.9778844,20.747154941],[-98.97812977,20.74697663],[-98.9782938,20.74653226],[-98.978255059,20.746168721],[-98.97819817,20.7457228],[-98.978213679,20.74532948],[-98.9783128,20.74509778],[-98.97840443,20.74489491],[-98.978511249,20.74476162],[-98.978716,20.744571511],[-98.978954259,20.744400781],[-98.97912292,20.74429754],[-98.979297309,20.7441842],[-98.97952426,20.74406569],[-98.97972589,20.74401805],[-98.979874569,20.74390158],[-98.97990232,20.743721151],[-98.979958349,20.74342028],[-98.979944429,20.743200461],[-98.979868919,20.742994551],[-98.9796774,20.74268949],[-98.97947554,20.74234262],[-98.979306939,20.741842311],[-98.97937658,20.7414082],[-98.979643399,20.74128735],[-98.97992837,20.74121688],[-98.98027329,20.74116052],[-98.980475259,20.74084954],[-98.9806878,20.740689711],[-98.98064128,20.740465141],[-98.980625119,20.740329571],[-98.98066022,20.74004772],[-98.980782549,20.739862491],[-98.98072989,20.739735371],[-98.98064214,20.739574751],[-98.98055012,20.739401181],[-98.980506939,20.739086861],[-98.980605999,20.738741021],[-98.980839879,20.738503621],[-98.981094179,20.738363311],[-98.981438739,20.738328381],[-98.981616479,20.73835674],[-98.98173635,20.738421491],[-98.981862599,20.73836026],[-98.98184034,20.73823905],[-98.98177028,20.738180651],[-98.981905889,20.738071831],[-98.982110619,20.73792014],[-98.982321179,20.73781631],[-98.982472259,20.73774232],[-98.982646349,20.73770297],[-98.98303138,20.737784891],[-98.98317598,20.737632141],[-98.98329642,20.737538251],[-98.983407709,20.737394631],[-98.98348431,20.737166921],[-98.983563939,20.73709515],[-98.98368751,20.73723818],[-98.98374934,20.73739546],[-98.983892079,20.737554151],[-98.98409937,20.73752823],[-98.98422845,20.7374702],[-98.984609969,20.73739077],[-98.984957969,20.737266151],[-98.9851016,20.736996111],[-98.985388859,20.736617],[-98.98571529,20.73610422],[-98.98580858,20.73588495],[-98.98581638,20.735636451],[-98.98564538,20.73546103],[-98.98553658,20.735307541],[-98.985396659,20.735329451],[-98.985264519,20.73530751],[-98.98517903,20.735197881],[-98.985142889,20.73466392],[-98.985361689,20.734489081],[-98.9854164,20.734262801],[-98.985383599,20.73407766],[-98.985219519,20.73404678],[-98.985055459,20.733974771],[-98.98482578,20.733470771],[-98.984582139,20.73288889],[-98.984238539,20.732466321],[-98.98407114,20.732317151],[-98.983869139,20.73208398],[-98.98404663,20.73181035],[-98.98440865,20.73149671],[-98.98443488,20.731362201],[-98.98429129,20.73113263],[-98.984197969,20.730909831],[-98.984194429,20.73030343],[-98.984224769,20.73000889],[-98.984214709,20.72973335],[-98.984073249,20.729571821],[-98.983861059,20.72951478],[-98.98372971,20.72950528],[-98.983568089,20.729001691],[-98.98335592,20.728773631],[-98.98326502,20.72849808],[-98.983174109,20.72827005],[-98.98306449,20.72819012],[-98.98267402,20.728347421],[-98.98239372,20.72845765],[-98.982261579,20.72856275],[-98.98213962,20.72867742],[-98.981875179,20.72879002],[-98.98153212,20.728801981],[-98.981313659,20.728858921],[-98.981038169,20.729135291],[-98.980846919,20.72933572],[-98.98070655,20.72954688],[-98.980472829,20.7296292],[-98.980256889,20.729861181],[-98.98011292,20.730170521],[-98.97990729,20.730344511],[-98.979732509,20.73038315],[-98.979506339,20.730344451],[-98.979321289,20.730228431],[-98.979156849,20.72992872],[-98.97904378,20.72974503],[-98.97872509,20.729677321],[-98.978478349,20.729715971],[-98.978190489,20.72970626],[-98.97804031,20.72969929],[-98.977847089,20.72946862],[-98.977594419,20.72923095],[-98.977334279,20.72915405],[-98.976984939,20.72919592],[-98.976754509,20.729265781],[-98.976501779,20.729300691],[-98.97624469,20.729262451],[-98.975953659,20.729209451],[-98.97576592,20.72904169],[-98.97570028,20.72860029],[-98.97568157,20.72823835],[-98.97557834,20.72797351],[-98.975428149,20.72779694],[-98.975249819,20.727673321],[-98.97503391,20.72755852],[-98.97481394,20.727472111],[-98.97462395,20.727191261],[-98.974644349,20.72690406],[-98.974746199,20.72671898],[-98.97488874,20.726616891],[-98.975031259,20.72675732],[-98.975214479,20.726910521],[-98.975479179,20.726968001],[-98.97570995,20.72688506],[-98.975853969,20.726739381],[-98.975854,20.72656446],[-98.976066629,20.726389551],[-98.97614638,20.726214631],[-98.976146419,20.72600222],[-98.97631917,20.72585231],[-98.976744399,20.72572742],[-98.976943719,20.72562748],[-98.97677166,20.725034821],[-98.97692598,20.72493811],[-98.97696891,20.72463178],[-98.977071819,20.7243416],[-98.97725185,20.724261001],[-98.977592059,20.724052401],[-98.977911119,20.72389029],[-98.97810943,20.723744371],[-98.978135339,20.723533571],[-98.978057769,20.723347081],[-98.97760335,20.72302486],[-98.977471059,20.722922371],[-98.97749445,20.722680861],[-98.977439999,20.722439321],[-98.977323279,20.72224169],[-98.97705866,20.722146511],[-98.976832979,20.72202938],[-98.97651389,20.72188295],[-98.976358229,20.72188294],[-98.976186979,20.721985371],[-98.97603912,20.721919491],[-98.97593798,20.72167063],[-98.975775059,20.72107328],[-98.975446479,20.721032031],[-98.975293109,20.72116591],[-98.975063089,20.721186481],[-98.974975479,20.721155571],[-98.974931689,20.721001061],[-98.974811219,20.72094954],[-98.974592169,20.720867111],[-98.97378557,20.7207296],[-98.97239911,20.72003937],[-98.972317119,20.71975234],[-98.97244212,20.71939355],[-98.97288254,20.7191876],[-98.97333878,20.71909706],[-98.9737526,20.71895546],[-98.97237308,20.71670034],[-98.971411849,20.71582255],[-98.970912629,20.71511838],[-98.97043611,20.71443555],[-98.96966597,20.714407951],[-98.969188709,20.714337001],[-98.968045779,20.71417143],[-98.96697826,20.71386412],[-98.96620886,20.713425171],[-98.96567271,20.713177681],[-98.965345419,20.712909691],[-98.965236139,20.71262222],[-98.96506322,20.712325521],[-98.965053149,20.711827891],[-98.96531118,20.7116078],[-98.965201579,20.71107809],[-98.965731579,20.71056535],[-98.965989379,20.71022248],[-98.96596362,20.709894231],[-98.965338749,20.709436461],[-98.965789109,20.70881295],[-98.96626766,20.708193421],[-98.965528279,20.707565051],[-98.96527017,20.70717868],[-98.96529732,20.70594388],[-98.964094549,20.70584805],[-98.96412314,20.705597661],[-98.964283089,20.705126831],[-98.964764479,20.70445465],[-98.96502178,20.70403137],[-98.965354089,20.70362828],[-98.965472109,20.70306386],[-98.965643149,20.70290866],[-98.966496449,20.70283383],[-98.966533749,20.70160108],[-98.966736949,20.701373661],[-98.967757749,20.701422121],[-98.968183569,20.700934581],[-98.9692284,20.7007364],[-98.97000002,20.69939492],[-98.97051266,20.698704571],[-98.971162029,20.69790954],[-98.9714408,20.69741875],[-98.97111671,20.69732322],[-98.9711168,20.69687515],[-98.971404649,20.69657831],[-98.972085339,20.695951951],[-98.97242815,20.695626221],[-98.97250095,20.69524142],[-98.972146659,20.69449395],[-98.971685369,20.69354238],[-98.9694162,20.692240511],[-98.96842137,20.691884351],[-98.966883939,20.691534691],[-98.966067349,20.691540571],[-98.965814349,20.69211415],[-98.96576866,20.69271417],[-98.965069949,20.69272831],[-98.96462946,20.69277108],[-98.964219249,20.693256721],[-98.964052,20.69394242],[-98.96397589,20.694671],[-98.963945829,20.695118921],[-98.963673119,20.695284311],[-98.96317958,20.69520928],[-98.96258306,20.695626621],[-98.962194659,20.69571785],[-98.961584309,20.69593948],[-98.961370549,20.696609291],[-98.961098519,20.69715262],[-98.95986437,20.695886911],[-98.95863458,20.69487098],[-98.957881429,20.694267231],[-98.957122739,20.69316366],[-98.956499289,20.692255261],[-98.955828399,20.69102769],[-98.95573629,20.69020998],[-98.955782079,20.68928515],[-98.95593838,20.68818434],[-98.956090859,20.68713335],[-98.955463309,20.686253461],[-98.955827779,20.68550625],[-98.956021219,20.684997221],[-98.95590449,20.684141121],[-98.955590619,20.683451741],[-98.955276599,20.68326565],[-98.955404689,20.68280614],[-98.954765,20.68253245],[-98.95443943,20.68210565],[-98.954499379,20.68164666],[-98.954645769,20.68101743],[-98.954069909,20.67973188],[-98.954326259,20.67912838],[-98.954360579,20.67822108],[-98.95428749,20.67770828],[-98.9533858,20.677246461],[-98.95312903,20.67730968],[-98.95286495,20.677300061],[-98.95263134,20.677261771],[-98.95256028,20.67714711],[-98.95258065,20.676956021],[-98.952743179,20.67687963],[-98.95289555,20.676841451],[-98.95297686,20.676707711],[-98.95293626,20.676602601],[-98.95289905,20.67647372],[-98.9525532,20.67604957],[-98.95272115,20.675775751],[-98.95275326,20.67554975],[-98.952609139,20.675399031],[-98.95241692,20.675398981],[-98.952032429,20.67553448],[-98.95180818,20.67548922],[-98.951776199,20.675308401],[-98.95190443,20.67508242],[-98.952096679,20.674992061],[-98.952176799,20.67490168],[-98.952192879,20.674690721],[-98.952128879,20.67446469],[-98.952176969,20.67432909],[-98.952353249,20.67410314],[-98.95246543,20.67392235],[-98.952481539,20.673651141],[-98.952385489,20.673425091],[-98.95220935,20.67322915],[-98.951808949,20.673063311],[-98.951568709,20.67297283],[-98.951312489,20.672746741],[-98.951232509,20.672415231],[-98.95139271,20.672355],[-98.951520889,20.67221943],[-98.95164914,20.67191809],[-98.95171332,20.671556491],[-98.951767019,20.671076061],[-98.951824689,20.67070783],[-98.951870829,20.67046955],[-98.952032999,20.670329951],[-98.95280829,20.670426141],[-98.953421459,20.670542981],[-98.95380892,20.670646181],[-98.954000459,20.67110088],[-98.95426109,20.671177261],[-98.95466591,20.671123661],[-98.9550876,20.67121752],[-98.955132219,20.67156972],[-98.955427599,20.67187546],[-98.955779859,20.67213878],[-98.956023769,20.672147311],[-98.95623226,20.67198397],[-98.95659129,20.67192958],[-98.95683448,20.671929651],[-98.956891619,20.67189503],[-98.957023709,20.672026091],[-98.957131769,20.672175621],[-98.957391969,20.67229014],[-98.957709859,20.6723014],[-98.95793091,20.67234377],[-98.95787823,20.672442381],[-98.957828709,20.672627031],[-98.95787498,20.672813051],[-98.95797382,20.6729052],[-98.957903659,20.67311298],[-98.957913199,20.67336554],[-98.95802395,20.67360029],[-98.95821771,20.673707721],[-98.95838734,20.67375295],[-98.9584622,20.673773201],[-98.95859528,20.67386337],[-98.95873869,20.67409605],[-98.95884403,20.674344201],[-98.95907802,20.674380121],[-98.959178629,20.674444831],[-98.95928137,20.67471185],[-98.95948548,20.67484038],[-98.95963388,20.675098491],[-98.959822019,20.675227681],[-98.960038969,20.675158251],[-98.960217259,20.675114151],[-98.960352689,20.675156711],[-98.96043572,20.67523371],[-98.960514979,20.67535405],[-98.96060186,20.67545846],[-98.96070506,20.67552909],[-98.96079432,20.67555363],[-98.96091431,20.675537261],[-98.961047679,20.67551702],[-98.96116892,20.67554235],[-98.961230939,20.675658401],[-98.96132226,20.675833151],[-98.96145817,20.67600911],[-98.96165038,20.676031711],[-98.961882019,20.675969771],[-98.962049979,20.676200221],[-98.96228406,20.67623197],[-98.9623856,20.676357121],[-98.96259868,20.676534311],[-98.962993749,20.676606981],[-98.96314477,20.676695481],[-98.96335717,20.676614221],[-98.963507849,20.676513031],[-98.963567,20.67654338],[-98.96364274,20.67662198],[-98.96373332,20.67674503],[-98.963834019,20.676799121],[-98.96415488,20.676774121],[-98.96449362,20.676810581],[-98.96485365,20.676898581],[-98.965088509,20.676907521],[-98.965446349,20.67675757],[-98.96556957,20.67665332],[-98.9656866,20.676601201],[-98.96590832,20.67656069],[-98.966203969,20.676473851],[-98.966328119,20.67628322],[-98.966214179,20.676052261],[-98.966144079,20.675887311],[-98.9661792,20.675648121],[-98.966328309,20.67540897],[-98.96655632,20.675219321],[-98.966749259,20.674963681],[-98.9670316,20.67465345],[-98.96725212,20.674396321],[-98.967463819,20.674139221],[-98.96765789,20.673848911],[-98.96779018,20.673724511],[-98.96805475,20.673674781],[-98.968372249,20.67357531],[-98.968807429,20.673432381],[-98.96920843,20.67334865],[-98.96962058,20.673170601],[-98.969984919,20.672903571],[-98.97065569,20.672177511],[-98.97107394,20.671996141],[-98.97149203,20.67203935],[-98.97231278,20.67167945],[-98.972447539,20.67155054],[-98.972553349,20.67145011],[-98.97270748,20.671381401],[-98.97285537,20.67134846],[-98.97298794,20.67126908],[-98.97316352,20.671216171],[-98.97332935,20.6711118],[-98.973528429,20.67098248],[-98.97368303,20.670893281],[-98.974018999,20.67073589],[-98.97535937,20.669863821],[-98.973735679,20.668865371],[-98.97280551,20.668537081],[-98.97214663,20.668391141],[-98.970867649,20.66802631],[-98.970363879,20.66747931],[-98.970286549,20.666531321],[-98.97028665,20.666057321],[-98.969976679,20.665510371],[-98.969976799,20.664927],[-98.969744349,20.66438003],[-98.9693504,20.66398909],[-98.96866954,20.663781741],[-98.96792858,20.66363089],[-98.96724768,20.66361192],[-98.96652678,20.66334803],[-98.96612634,20.662990001],[-98.966046309,20.66263203],[-98.966091119,20.661947051],[-98.966267419,20.66081145],[-98.96631786,20.660149021],[-98.96606645,20.65979408],[-98.96576471,20.659604741],[-98.965312029,20.659581],[-98.964834139,20.65988846],[-98.964205369,20.660030291],[-98.963576659,20.659982831],[-98.96257071,20.65995897],[-98.961256749,20.659771911],[-98.960472599,20.65991451],[-98.959890859,20.659795381],[-98.95963791,20.65984292],[-98.95938491,20.66003323],[-98.95895491,20.660080721],[-98.958423709,20.660104381],[-98.958069549,20.66022328],[-98.957715339,20.66058012],[-98.957411689,20.660960781],[-98.95705752,20.661151061],[-98.95645038,20.66136508],[-98.955280169,20.66163418],[-98.954732139,20.661741451],[-98.954252629,20.661741311],[-98.953818829,20.66159083],[-98.95333938,20.661397381],[-98.952951219,20.661397281],[-98.952631519,20.6615046],[-98.95208352,20.66146148],[-98.951718229,20.661311021],[-98.95151285,20.660945781],[-98.95094354,20.660377511],[-98.95042842,20.65983443],[-98.94983077,20.659562801],[-98.94950103,20.659426951],[-98.949027119,20.658926601],[-98.948944849,20.658422421],[-98.94884012,20.658177691],[-98.948703109,20.65805885],[-98.94867398,20.657691061],[-98.94882685,20.657403121],[-98.948945479,20.657163851],[-98.948892029,20.65688369],[-98.948860479,20.65651615],[-98.948964949,20.656161511],[-98.94923015,20.65586066],[-98.949708179,20.655528081],[-98.95008103,20.655339351],[-98.950329579,20.65522252],[-98.950524849,20.655014181],[-98.9505788,20.65483311],[-98.95057888,20.65458682],[-98.9504404,20.654253571],[-98.95028645,20.65409415],[-98.950221369,20.65399612],[-98.95014146,20.65392315],[-98.950029679,20.653741351],[-98.94997009,20.65343902],[-98.950029149,20.653096451],[-98.95012745,20.65275728],[-98.950165319,20.652550651],[-98.950156319,20.652414111],[-98.949964449,20.652353451],[-98.9497492,20.652303821],[-98.94954045,20.65209574],[-98.949184419,20.65150626],[-98.949110829,20.65117112],[-98.94898808,20.6509284],[-98.94871935,20.650776891],[-98.94845066,20.650748721],[-98.948191969,20.65057075],[-98.94760506,20.64986837],[-98.947167429,20.649147311],[-98.946731489,20.648192021],[-98.946521539,20.647823031],[-98.946110939,20.646771971],[-98.945998309,20.64625186],[-98.945942049,20.64583791],[-98.945818049,20.64557252],[-98.945463049,20.64524185],[-98.94529997,20.64508065],[-98.945173,20.64270497],[-98.945316109,20.64269103],[-98.945371709,20.64251862],[-98.945427679,20.64233297],[-98.945482289,20.64220432],[-98.945612419,20.64210105],[-98.945724709,20.64201411],[-98.945797909,20.64190206],[-98.945814579,20.64174648],[-98.945756519,20.64154608],[-98.945763289,20.64133628],[-98.945841919,20.64110971],[-98.945871979,20.640927],[-98.945811519,20.64054131],[-98.945822909,20.64003863],[-98.945914849,20.63991089],[-98.946003399,20.63983742],[-98.946097379,20.63976265],[-98.946244429,20.63967548],[-98.946344029,20.63957372],[-98.946383079,20.63947278],[-98.946406849,20.63928205],[-98.946472369,20.639034],[-98.946540139,20.63884294],[-98.946845859,20.63870623],[-98.947010599,20.63866752],[-98.947118689,20.63870631],[-98.947170149,20.63878382],[-98.947231889,20.63888555],[-98.947353339,20.63905658],[-98.947429339,20.63913745],[-98.947528379,20.63915569],[-98.947621509,20.63914943],[-98.947713509,20.63909634],[-98.947725139,20.63896435],[-98.947681449,20.63879806],[-98.947553979,20.63850663],[-98.947456539,20.63832158],[-98.947378649,20.63821314],[-98.947264289,20.63815931],[-98.947118169,20.63814731],[-98.946800459,20.63814123],[-98.946546309,20.63812322],[-98.946298519,20.63806934],[-98.946236829,20.63800646],[-98.946198139,20.63791028],[-98.946251419,20.63783018],[-98.946344579,20.63779217],[-98.946428019,20.63778388],[-98.946577509,20.63779969],[-98.946727019,20.63781408],[-98.946838689,20.63781842],[-98.947029319,20.63778857],[-98.947264229,20.63770871],[-98.947593449,20.63763654],[-98.947790969,20.63764692],[-98.947955539,20.63775022],[-98.948109109,20.63788448],[-98.948286349,20.63803103],[-98.948516399,20.63824525],[-98.948690509,20.63841122],[-98.948888029,20.63844225],[-98.948984079,20.63834786],[-98.948927319,20.6381804],[-98.948806139,20.63807772],[-98.948515109,20.63791557],[-98.948338079,20.63766445],[-98.948170179,20.63737857],[-98.948059479,20.63722566],[-98.947872849,20.63712623],[-98.947667109,20.63712211],[-98.947349319,20.63712931],[-98.947058719,20.63710489],[-98.946903249,20.63701975],[-98.946790419,20.6368694],[-98.946770019,20.63659502],[-98.946780169,20.63636054],[-98.946820289,20.63619274],[-98.946875259,20.63603631],[-98.946959549,20.63594914],[-98.947110859,20.63594225],[-98.947350889,20.63591152],[-98.947601859,20.63579868],[-98.947812739,20.63560746],[-98.947873659,20.63537628],[-98.947870259,20.63520534],[-98.947952599,20.63509762],[-98.948147599,20.63507002],[-98.948474889,20.63512143],[-98.948823949,20.63526525],[-98.949118509,20.63534746],[-98.949303979,20.63531672],[-98.949642179,20.63533735],[-98.949947659,20.63533743],[-98.950260019,20.63537215],[-98.951133919,20.63570075],[-98.951481079,20.63582185],[-98.951727019,20.63595277],[-98.952222509,20.63614668],[-98.952644749,20.63638078],[-98.953116399,20.63647883],[-98.953563289,20.63648494],[-98.953990049,20.63641915],[-98.955400599,20.63606812],[-98.955734949,20.6359608],[-98.956134539,20.63579978],[-98.956319199,20.63565815],[-98.956220739,20.63550982],[-98.956082859,20.63534292],[-98.956122379,20.63493508],[-98.956161859,20.63467554],[-98.956516479,20.63478686],[-98.957214719,20.63475752],[-98.957341519,20.63450582],[-98.957541179,20.63420594],[-98.957667279,20.63387663],[-98.957681379,20.63354729],[-98.957667509,20.63305986],[-98.957625629,20.63262514],[-98.957961819,20.6320324],[-98.958255859,20.63186122],[-98.958549889,20.63176908],[-98.958983919,20.63174283],[-98.959150339,20.63187555],[-98.959346829,20.63167023],[-98.959368779,20.63121842],[-98.959499909,20.63062286],[-98.963969649,20.63082429],[-98.964318459,20.63057537],[-98.965010119,20.63168798],[-98.965019629,20.63184142],[-98.964802459,20.63253562],[-98.964346519,20.63345438],[-98.964235029,20.63403126],[-98.964096179,20.63432143],[-98.964096049,20.63488729],[-98.964219289,20.63536614],[-98.964128829,20.63637312],[-98.964176799,20.63684815],[-98.964441119,20.63739109],[-98.964325539,20.63894043],[-98.964410829,20.63947086],[-98.965008569,20.64029074],[-98.965948429,20.64131523],[-98.966492519,20.64157131],[-98.966873369,20.64182737],[-98.967403849,20.64218585],[-98.967947909,20.64256992],[-98.968192739,20.64277477],[-98.968180619,20.64311082],[-98.968418479,20.64336391],[-98.968968029,20.64374878],[-98.969118829,20.64402654],[-98.969179599,20.64414614],[-98.969240939,20.64413306],[-98.972198799,20.64325063],[-98.972291619,20.64311472],[-98.973393089,20.64314585],[-98.973759079,20.64277783],[-98.973937229,20.64240208],[-98.973984089,20.64229225],[-98.975128109,20.64123975],[-98.975886489,20.64064529],[-98.976644119,20.64077962],[-98.977414689,20.64092257],[-98.977665179,20.6410498],[-98.978068919,20.64088008],[-98.978367429,20.64080295],[-98.979204649,20.64112078],[-98.979711139,20.64157909],[-98.979441139,20.64187969],[-98.980100379,20.64188203],[-98.980445019,20.64218305],[-98.980556399,20.64247658],[-98.980612019,20.64308817],[-98.981042339,20.64370091],[-98.981414659,20.64402905],[-98.982178249,20.64518717],[-98.982211139,20.64522769],[-98.982597549,20.64580154],[-98.982838619,20.64621552],[-98.983132249,20.64634317],[-98.983311489,20.64614548],[-98.98412426,20.64540988],[-98.984767569,20.64526918],[-98.985552859,20.64544706],[-98.986189259,20.64559618],[-98.986808079,20.64558792],[-98.987719049,20.64564986],[-98.988294739,20.64591902],[-98.989629599,20.6473882],[-98.989820719,20.64714597],[-98.989917979,20.64717525],[-98.990142659,20.64688882],[-98.990620309,20.64713611],[-98.991224399,20.64752152],[-98.991797429,20.64779775],[-98.992492249,20.64850452],[-98.992948249,20.64856923],[-98.993194369,20.64873603],[-98.993520919,20.64901062],[-98.993631379,20.64910592],[-98.993442109,20.64946751],[-98.993432739,20.65019591],[-98.993481579,20.65049809],[-98.993888649,20.65114882],[-98.994430309,20.6508962],[-98.994434149,20.65081986],[-98.995489179,20.65142911],[-98.995700289,20.65133497],[-98.996353459,20.6510836],[-98.996665079,20.65077583],[-98.997030879,20.65064302],[-98.998072119,20.65118915],[-98.998721049,20.65183651],[-98.999270199,20.65203789],[-99.000820059,20.65181458],[-99.001041089,20.65194757],[-99.001338749,20.65220562],[-99.001798089,20.65256938],[-99.002296419,20.65266497],[-99.002814969,20.65216152],[-99.003970139,20.65102566],[-99.004286594,20.651253542],[-99.004287479,20.65125418],[-99.005326779,20.65142986],[-99.005518539,20.65854358],[-99.007230969,20.66113283],[-99.008660599,20.66197388],[-99.009760199,20.66458866],[-99.009711399,20.66482412],[-99.009496279,20.66543109],[-99.008820089,20.6660092],[-99.008512769,20.66681849],[-99.008482079,20.66765669],[-99.008051819,20.66898626],[-99.008205579,20.6704314],[-99.008174939,20.67207888],[-99.008146019,20.67325242],[-99.008637889,20.674264],[-99.00894535,20.67539122],[-99.008459619,20.67601572],[-99.007657949,20.67643977],[-99.006906399,20.67705226],[-99.006054649,20.67780609],[-99.005754059,20.6793608],[-99.004852199,20.68058574],[-99.004229619,20.68094498],[-99.005214739,20.68341],[-99.009094199,20.68679082],[-99.009464259,20.68742918],[-99.009599319,20.68785597],[-99.009579419,20.68814651],[-99.009509709,20.68845577],[-99.009479849,20.68878378],[-99.009579479,20.68906494],[-99.009848449,20.68939294],[-99.010777179,20.68961362],[-99.011418599,20.68993454],[-99.011882719,20.69043555],[-99.012143459,20.69113729],[-99.012428949,20.69180158],[-99.01269774,20.69217331],[-99.012924219,20.69229938],[-99.013594539,20.69257857],[-99.013856859,20.69267771],[-99.014535089,20.69309374],[-99.015076059,20.693665],[-99.016092909,20.69471072],[-99.016894799,20.69574711],[-99.017477509,20.69688972],[-99.017936719,20.69791995],[-99.018158419,20.69891331],[-99.017968919,20.69981748],[-99.017560949,20.70080694],[-99.016234419,20.70152797],[-99.016135019,20.70481148],[-99.020117889,20.70817689],[-99.020977319,20.70991334],[-99.021621859,20.71080172],[-99.021836739,20.71132669],[-99.021613489,20.71169577],[-99.021291179,20.71191629],[-99.021056779,20.71215055],[-99.020661199,20.71226085],[-99.020163029,20.7123298],[-99.019445139,20.71281215],[-99.019096109,20.71321655],[-99.019335909,20.7133722],[-99.019777599,20.71372852],[-99.020246979,20.71397055],[-99.020645109,20.71414177],[-99.020523449,20.71455258],[-99.020415949,20.71489477],[-99.020735279,20.71525943],[-99.021093249,20.71598152],[-99.021030629,20.71646286],[-99.021098649,20.71707402],[-99.02143712,20.71762312],[-99.021849149,20.71816263],[-99.022341309,20.71846272],[-99.022771779,20.71878423],[-99.023422259,20.71909988],[-99.023951739,20.71980335],[-99.023919829,20.72049242],[-99.023849019,20.72126097],[-99.023577629,20.72178292],[-99.022991249,20.72221631],[-99.022610969,20.72248317],[-99.022310049,20.72240874],[-99.021536599,20.72213718],[-99.020807779,20.72188757],[-99.019817979,20.721572],[-99.019216509,20.72161246],[-99.018744019,20.72250097],[-99.018271579,20.72387411],[-99.017558999,20.72511238],[-99.017403049,20.72586726],[-99.017146849,20.72671155],[-99.016806579,20.72784078],[-99.016419779,20.72860082],[-99.015821939,20.72942695],[-99.015282549,20.72971354],[-99.014445749,20.72966445],[-99.013713579,20.72986112],[-99.012876879,20.73069682],[-99.01210125,20.73156077],[-99.011780969,20.73196642],[-99.011476489,20.73240343],[-99.010878879,20.73293968],[-99.010362739,20.73337378],[-99.009574939,20.73375685],[-99.008922919,20.73345048],[-99.008605819,20.73378249],[-99.008370149,20.73357325],[-99.008080739,20.73288877],[-99.007618909,20.73276112],[-99.007155449,20.73247075],[-99.006885379,20.73230154],[-99.006179089,20.73306758],[-99.005853149,20.73421662],[-99.005391339,20.73508478],[-99.005361259,20.73606394],[-99.005143949,20.73698317],[-99.004627799,20.73754494],[-99.00454632,20.73815775],[-99.004655019,20.73887269],[-99.004926709,20.73940889],[-99.005497229,20.73961315],[-99.005877619,20.74043022],[-99.006097659,20.74141358],[-99.006315029,20.74223066],[-99.006505249,20.74302222],[-99.006831289,20.74386482],[-99.007483399,20.74537129],[-99.007755139,20.74613729],[-99.008081179,20.74662242],[-99.008570259,20.7472352],[-99.009855909,20.74842794],[-99.010428849,20.74878226],[-99.011014691,20.748918595],[-99.011069369,20.74893132],[-99.011288769,20.74907857],[-99.011382819,20.74935837],[-99.011461179,20.74962345],[-99.011785215,20.749830492],[-99.011852919,20.74987375],[-99.011852961,20.749873778],[-99.011852983,20.749873819],[-99.01185303,20.74987392],[-99.011923979,20.75006943],[-99.011980017,20.750223806],[-99.011996259,20.75026855],[-99.012010449,20.75054349],[-99.012010449,20.750626048],[-99.012010449,20.75068251],[-99.012010459,20.75072466],[-99.012038019,20.75097052],[-99.012139199,20.75117531],[-99.012217049,20.75133285],[-99.012217063,20.751454385],[-99.012217079,20.75160458],[-99.01220842,20.751643924],[-99.012134479,20.75197986],[-99.012127999,20.752059151],[-99.012093219,20.75248454],[-99.012189629,20.75295158],[-99.012537999,20.7535092],[-99.012766479,20.7539986],[-99.012850739,20.75469849],[-99.012891052,20.754827895],[-99.013021859,20.75524778],[-99.013178619,20.7560862],[-99.013088829,20.75636518],[-99.012957659,20.75653562],[-99.012901519,20.75673291],[-99.012918489,20.75705211],[-99.012970259,20.75741329],[-99.013112519,20.75818402],[-99.013205879,20.75864351],[-99.013263859,20.75900669],[-99.013290659,20.75928751],[-99.013323889,20.75952606],[-99.013332999,20.7597978],[-99.013357539,20.76008068],[-99.013417599,20.76085029],[-99.013373339,20.76141851],[-99.013217419,20.76169703],[-99.012942829,20.76209226],[-99.012791139,20.7626714],[-99.012955029,20.76266377],[-99.013315059,20.76279697],[-99.013848429,20.76316818],[-99.014500309,20.76350226],[-99.015468279,20.76413331],[-99.016387649,20.7648676],[-99.016894939,20.76534414],[-99.017774649,20.76582617],[-99.018112379,20.76601123],[-99.019309509,20.76667969],[-99.019680399,20.76715772],[-99.020323279,20.76745588],[-99.021163449,20.76765355],[-99.021944599,20.76844902],[-99.022457879,20.76918262],[-99.023164549,20.77004595],[-99.024100139,20.77038329],[-99.024977539,20.770547],[-99.026073349,20.77080629],[-99.027006029,20.77059089],[-99.027911349,20.77054778],[-99.028822489,20.77088469],[-99.030666259,20.77173155],[-99.030746909,20.77175831],[-99.032034179,20.77288195],[-99.032170539,20.77288151],[-99.032299909,20.77277728],[-99.032466259,20.77274251],[-99.032725019,20.77274246],[-99.032928349,20.77277715],[-99.033320849,20.77288112],[-99.033417519,20.77295683],[-99.033556749,20.77299143],[-99.033687369,20.77306337],[-99.033773649,20.77324566],[-99.033906679,20.77349737],[-99.033943049,20.77377323],[-99.03403255,20.77413692],[-99.034291599,20.77434931],[-99.034642829,20.77431148],[-99.034947379,20.77423645],[-99.035479579,20.77478978],[-99.035947379,20.77498871],[-99.035998229,20.77511558],[-99.035853429,20.77521885],[-99.035841029,20.77537772],[-99.035873889,20.77550397],[-99.036186569,20.77569626],[-99.036423739,20.77575698],[-99.036553079,20.77567594],[-99.036768619,20.77547332],[-99.036833219,20.77518971],[-99.037070179,20.77441989],[-99.037307309,20.77433882],[-99.037716829,20.77397409],[-99.038212519,20.77330551],[-99.038770629,20.77258791],[-99.039266379,20.77222317],[-99.039891419,20.77161531],[-99.040430149,20.77074414],[-99.040774979,20.77039968],[-99.041637179,20.76989305],[-99.042348539,20.76967005],[-99.043124579,20.76954831],[-99.043961819,20.7695512],[-99.045990379,20.76812091],[-99.047714679,20.76702429],[-99.048881049,20.76611846],[-99.050157579,20.76552451],[-99.051190819,20.76581634],[-99.052154539,20.76572074],[-99.052864539,20.76533925],[-99.053670649,20.76522318],[-99.054827819,20.76546026],[-99.055844169,20.76534968],[-99.057344429,20.76553457],[-99.059977319,20.76580334],[-99.059926569,20.76484094],[-99.059976799,20.76415326],[-99.060009969,20.76314349],[-99.059908719,20.76188132],[-99.059986019,20.76037195],[-99.060441379,20.75964203],[-99.061759979,20.75930795],[-99.063332149,20.7588308],[-99.064194259,20.75844922],[-99.064954679,20.75749575],[-99.065512289,20.75678066],[-99.066424879,20.7558748],[-99.067388229,20.75511189],[-99.068605319,20.75468249],[-99.070108999,20.75439429],[-99.071545939,20.7547048],[-99.072983659,20.7542438],[-99.074274169,20.75381502],[-99.076558999,20.75312549],[-99.079053279,20.7523356],[-99.080812109,20.75167231],[-99.082922942,20.751039572],[-99.083315519,20.75092189],[-99.083315911,20.750921772],[-99.083403879,20.7508954],[-99.083865489,20.7513708],[-99.084382749,20.75165192],[-99.084601489,20.75202598],[-99.084709909,20.75262375],[-99.084757079,20.75296657],[-99.084799679,20.75349649],[-99.084743569,20.75401322],[-99.084710849,20.75431195],[-99.084700379,20.75464958],[-99.084509249,20.75516688],[-99.084222259,20.75545934],[-99.084174549,20.7557292],[-99.084078979,20.75599908],[-99.083911599,20.75620154],[-99.083792059,20.75638149],[-99.083696509,20.75667386],[-99.083843199,20.75702588],[-99.083742599,20.758551],[-99.083185109,20.75936146],[-99.082794219,20.76088495],[-99.081678659,20.76150505],[-99.080636719,20.76207855],[-99.080437919,20.76299652],[-99.080550179,20.76427152],[-99.080601419,20.76522466],[-99.080297349,20.76574905],[-99.079757169,20.76640529],[-99.080348819,20.76713112],[-99.080382819,20.76844135],[-99.08046686,20.76865317],[-99.08069702,20.76925515],[-99.08064229,20.76972332],[-99.08085003,20.77082782],[-99.081155,20.77197146],[-99.08090165,20.77249583],[-99.0806484,20.77321082],[-99.08054755,20.77435466],[-99.08081038,20.77512938],[-99.08076914,20.77531817],[-99.08061283,20.7755534],[-99.08064426,20.77581797],[-99.08059745,20.77603846],[-99.08040982,20.77620023],[-99.08033175,20.77647954],[-99.08036317,20.77672938],[-99.0805198,20.77712617],[-99.08111458,20.7777586],[-99.08113038,20.77803786],[-99.08098968,20.77821431],[-99.08095848,20.77837602],[-99.0807866,20.77874355],[-99.08078674,20.77899342],[-99.08077123,20.779258],[-99.0807714,20.77958135],[-99.0809434,20.7794196],[-99.08130309,20.77924305],[-99.08149078,20.77915477],[-99.08174109,20.77921345],[-99.08202269,20.779228],[-99.08247646,20.77944826],[-99.08283645,20.77978615],[-99.08325886,20.77987414],[-99.08355622,20.78009448],[-99.08383795,20.78035891],[-99.08412823,20.78087697],[-99.08425354,20.78115617],[-99.08439445,20.78136188],[-99.08459798,20.78168514],[-99.08500492,20.7820524],[-99.085271,20.78227274],[-99.085537,20.78237549],[-99.08603758,20.78234585],[-99.08642865,20.78230155],[-99.08702294,20.78200729],[-99.0884298,20.78147912],[-99.08879386,20.78156037],[-99.08934868,20.78180437],[-99.08990343,20.78193437],[-99.09045817,20.78201551],[-99.09061425,20.78216202],[-99.09123832,20.78224311],[-99.09184506,20.78235678],[-99.09271186,20.78253548],[-99.09321458,20.78261663],[-99.09609211,20.78277791],[-99.09614402,20.78264758],[-99.09605849,20.78237683],[-99.09605815,20.78183938],[-99.09610988,20.78139963],[-99.09636972,20.78113891],[-99.09671622,20.78084555],[-99.09714937,20.78056845],[-99.09757134,20.78017392],[-99.09774445,20.77983182],[-99.09783088,20.77944089],[-99.09803872,20.77921277],[-99.09843702,20.77864252],[-99.09864478,20.77828411],[-99.09900849,20.77784417],[-99.09935472,20.77717625],[-99.09982032,20.77674546],[-99.10090714,20.77973528],[-99.10102985,20.77996552],[-99.10144683,20.78033378],[-99.10181469,20.78058692],[-99.10228071,20.7809782],[-99.10255054,20.78125442],[-99.10294303,20.78166877],[-99.10345822,20.78224426],[-99.10370402,20.78320772],[-99.10358152,20.78332295],[-99.10333677,20.78389891],[-99.10321457,20.78445175],[-99.10314138,20.78495851],[-99.10321562,20.78597188],[-99.10303798,20.78667186],[-99.1028006,20.78699943],[-99.10249972,20.78713355],[-99.10213543,20.78720818],[-99.1019296,20.78734225],[-99.10169211,20.78753588],[-99.10150222,20.78781875],[-99.10140743,20.78820577],[-99.10124928,20.78859282],[-99.10124948,20.78887558],[-99.10150331,20.78945657],[-99.1015194,20.78982863],[-99.10151957,20.79008165],[-99.10150385,20.79026025],[-99.10161483,20.790409],[-99.10161497,20.79060248],[-99.10145678,20.79095977],[-99.10145697,20.79122766],[-99.10131468,20.79162958],[-99.10104557,20.79192809],[-99.10077628,20.79192825],[-99.10028523,20.79198808],[-99.10015863,20.79216674],[-99.0997944,20.79234554],[-99.0993192,20.79242023],[-99.09889148,20.7924056],[-99.09846365,20.79221237],[-99.098321,20.79210828],[-99.09817835,20.79198929],[-99.09805157,20.79188518],[-99.09784565,20.79190018],[-99.09773486,20.79207885],[-99.09768754,20.7923914],[-99.09729169,20.79268929],[-99.09662663,20.79310638],[-99.09633286,20.79376094],[-99.0963952,20.79431631],[-99.09661246,20.79450658],[-99.09687317,20.79471045],[-99.09714835,20.79491429],[-99.09751051,20.79528131],[-99.09769882,20.795458],[-99.09787266,20.79566191],[-99.09793074,20.79593389],[-99.09791642,20.79615151],[-99.09781532,20.79654377],[-99.09781543,20.79670697],[-99.09793137,20.79689731],[-99.09790255,20.79712854],[-99.09777232,20.79721022],[-99.09765655,20.79729188],[-99.09762766,20.79737351],[-99.09761332,20.79759111],[-99.09761345,20.79776792],[-99.09742525,20.79776803],[-99.09735305,20.79806728],[-99.09725188,20.79832575],[-99.09709272,20.79847545],[-99.09680323,20.7985436],[-99.09661514,20.79870692],[-99.09649946,20.79891098],[-99.09629688,20.79906703],[-99.0960944,20.79936635],[-99.09600771,20.79963842],[-99.09590651,20.79985608],[-99.09570392,20.8000194],[-99.09553035,20.80025071],[-99.09532783,20.80050923],[-99.09524022,20.80105108],[-99.09519691,20.80125511],[-99.09509557,20.80125517],[-99.09493637,20.80133686],[-99.09480617,20.80148654],[-99.09460357,20.80159545],[-99.09453123,20.80169069],[-99.09448792,20.80186752],[-99.09438666,20.80198998],[-99.09421294,20.80201728],[-99.09398132,20.802031],[-99.09388003,20.80211266],[-99.09369317,20.80234637],[-99.09352954,20.80259649],[-99.09332497,20.80286589],[-99.09324323,20.80311597],[-99.09312055,20.80338531],[-99.09289538,20.80346237],[-99.09267017,20.80346249],[-99.09254742,20.8035972],[-99.09252709,20.80384725],[-99.09250683,20.80419348],[-99.09240463,20.80448203],[-99.09222322,20.80511078],[-99.09191886,20.80554017],[-99.09155729,20.80579075],[-99.09113858,20.80600558],[-99.09085306,20.80607728],[-99.0896766,20.8060072],[-99.08910545,20.8059896],[-99.08874371,20.80597191],[-99.08855335,20.80600777],[-99.08842022,20.80622246],[-99.08828708,20.80645503],[-99.08788738,20.8066162],[-99.08705003,20.80720682],[-99.08678363,20.80742157],[-99.08651726,20.80770786],[-99.08638428,20.80820869],[-99.08619408,20.80853071],[-99.08590865,20.80878125],[-99.08571832,20.80888865],[-99.08569931,20.80894231],[-99.08600397,20.80901369],[-99.08571857,20.80931788],[-99.08568197,20.81050257],[-99.08467888,20.81148158],[-99.08225174,20.81157771],[-99.08136186,20.81329642],[-99.08092888,20.81343306],[-99.08062095,20.81346708],[-99.07991452,20.81445889],[-99.07855854,20.81511332],[-99.07831605,20.81523632],[-99.07810988,20.81518292],[-99.07770194,20.815298],[-99.07738292,20.81552014],[-99.07713848,20.81587532],[-99.07634492,20.81668808],[-99.07638606,20.81693774],[-99.07480008,20.81853438],[-99.07279666,20.82048288],[-99.0680774,20.82504397],[-99.06763028,20.825756],[-99.06706554,20.82609462],[-99.0660158,20.8270258],[-99.06512523,20.82565668],[-99.06476323,20.8252336],[-99.06412705,20.82288714],[-99.06222238,20.82271003],[-99.06151818,20.82202891],[-99.06118952,20.82024937],[-99.06103746,20.82010109],[-99.06041715,20.820307],[-99.05928117,20.82078937],[-99.058475,20.82116834],[-99.05810872,20.82175372],[-99.05730252,20.82206383],[-99.05689948,20.82237382],[-99.05656985,20.82295918],[-99.05576372,20.82351026],[-99.05429566,20.82430055],[-99.05345286,20.82485165],[-99.05268337,20.82540272],[-99.05214655,20.82567383],[-99.05199111,20.82584428],[-99.05147282,20.82596615],[-99.05118772,20.82591755],[-99.05066935,20.82582032],[-99.04991772,20.82567449],[-99.04916606,20.82545562],[-99.04856995,20.82535842],[-99.047922,20.82523688],[-99.04740366,20.82521268],[-99.04691129,20.82540755],[-99.04641894,20.82557809],[-99.04610798,20.82577294],[-99.04569337,20.82591911],[-99.04520897,20.82587054],[-99.04458686,20.82552989],[-99.04417214,20.82533526],[-99.04357603,20.82523803],[-99.04230612,20.82528705],[-99.04139908,20.82545766],[-99.04077714,20.82565257],[-99.03994785,20.82579882],[-99.03948586,20.82586342],[-99.03553906,20.824132],[-99.03214828,20.82223746],[-99.02858132,20.82051148],[-99.02620872,20.81928377],[-99.02508588,20.81971578],[-99.02417235,20.8203694],[-99.02417278,20.82042075],[-99.02418785,20.82045158],[-99.0242746,20.82071414],[-99.02427068,20.82121675],[-99.02417089,20.82122469],[-99.02414112,20.82122885],[-99.02407332,20.8209956],[-99.02400518,20.82125426],[-99.02400448,20.82152551],[-99.02357643,20.82161928],[-99.023559,20.82144132],[-99.02362426,20.82125925],[-99.02305866,20.82160374],[-99.02283311,20.82184422],[-99.02256371,20.82172828],[-99.02265094,20.82187674],[-99.02216348,20.82242757],[-99.02245445,20.82324834],[-99.02205212,20.82334958],[-99.02040097,20.82510052],[-99.01731654,20.82810706],[-99.01779634,20.82938328],[-99.01878005,20.83198928],[-99.02255969,20.83914798],[-99.02478134,20.8444058],[-99.026023623,20.847328103],[-99.026380594,20.848167801],[-99.02777948,20.85145829],[-99.03100357,20.85705778],[-99.03277406,20.86023002],[-99.03325362,20.86226051],[-99.03250966,20.86217672],[-99.03129291,20.8628124],[-99.03154368,20.86371566],[-99.03167486,20.86486331],[-99.03176232,20.86564206],[-99.03224258,20.8662158],[-99.03246097,20.86691255],[-99.03254843,20.86765032],[-99.03276685,20.86842905],[-99.03324728,20.86969958],[-99.03381486,20.87035529],[-99.03455735,20.87224058],[-99.03495038,20.87301928],[-99.03549252,20.87391395],[-99.03617643,20.8750446],[-99.03691871,20.8758642],[-99.03731169,20.87635597],[-99.03801011,20.87635582],[-99.03835914,20.87557697],[-99.03835895,20.87488017],[-99.03831509,20.87401943],[-99.0385332,20.87348654],[-99.03847675,20.87164209],[-99.040441,20.87151868],[-99.0416632,20.87151838],[-99.04253618,20.87143618],[-99.04358389,20.87172285],[-99.04397685,20.87209163],[-99.04454451,20.87278828],[-99.04502483,20.87336198],[-99.0456796,20.87336182],[-99.04602871,20.87303382],[-99.04668342,20.87286969],[-99.0475128,20.87286946],[-99.04856052,20.87323806],[-99.04991382,20.87356557],[-99.05100509,20.87356525],[-99.05267012,20.87336118],[-99.05359218,20.87529868],[-99.05660006,20.87809432],[-99.05938811,20.88226166],[-99.05595711,20.88853098],[-99.05591292,20.89024209],[-99.05658788,20.89080006],[-99.05720822,20.89104926],[-99.05793586,20.89121102],[-99.06013782,20.88959269],[-99.06265923,20.88835098],[-99.06320568,20.88909965],[-99.06278866,20.89124415],[-99.06432311,20.89242631],[-99.06740228,20.89320595],[-99.06843149,20.89442945],[-99.06871245,20.895517],[-99.06744038,20.89590943],[-99.06903437,20.90280594],[-99.06875578,20.90320069],[-99.06479988,20.90364075],[-99.06047198,20.906353],[-99.05952823,20.90694443],[-99.05953676,20.906952352],[-99.06145885,20.90873726],[-99.06189908,20.90933442],[-99.06207694,20.91039229],[-99.06000455,20.91163622],[-99.05993854,20.91221745],[-99.06100346,20.91358128],[-99.06373552,20.91541474],[-99.06553949,20.91696034],[-99.06566835,20.91807515],[-99.06482423,20.92018794],[-99.06274362,20.92202411],[-99.06045388,20.9228672],[-99.05967809,20.92440263],[-99.06005457,20.92538938],[-99.06373865,20.92897086],[-99.06401291,20.93026374],[-99.06352468,20.9320624],[-99.06416706,20.93311203],[-99.06462594,20.93336574],[-99.06501194,20.93342355],[-99.06527443,20.93348142],[-99.06553698,20.93369869],[-99.06593148,20.9341744],[-99.06650298,20.93473934],[-99.06702818,20.93534777],[-99.06732172,20.93578238],[-99.06730642,20.93607222],[-99.06716766,20.936536],[-99.06695172,20.93702878],[-99.06644411,20.93766189],[-99.06618182,20.93806775],[-99.06593495,20.93845911],[-99.06559542,20.93877806],[-99.06536388,20.93892306],[-99.0649472,20.93910822],[-99.06459198,20.93909725],[-99.06408242,20.938996],[-99.06381994,20.9389816],[-99.06337258,20.93891235],[-99.06307931,20.93911534],[-99.06297129,20.93926029],[-99.06255445,20.93933289],[-99.06206038,20.93933308],[-99.06136568,20.93955071],[-99.06093343,20.93969577],[-99.06051665,20.93991329],[-99.06019245,20.94002932],[-99.05945194,20.94029794],[-99.05828877,20.94052814],[-99.05758622,20.94056308],[-99.05673102,20.94056335],[-99.05399966,20.94182154],[-99.05388669,20.94445298],[-99.05444105,20.94798009],[-99.05092349,20.95065442],[-99.05118443,20.95184809],[-99.05196951,20.95252771],[-99.05462048,20.95287545],[-99.05558466,20.95240585],[-99.05589835,20.9521358],[-99.05613355,20.95174306],[-99.05629032,20.95139945],[-99.05683937,20.95120294],[-99.05801608,20.951178],[-99.05890842,20.95131726],[-99.05968452,20.95186162],[-99.05971608,20.95198726],[-99.05969017,20.95262532],[-99.06003688,20.95298809],[-99.05871452,20.95582338],[-99.05748846,20.95847185],[-99.05743562,20.95854068],[-99.05743886,20.95893192],[-99.05751854,20.95923682],[-99.0577642,20.95954306],[-99.05805437,20.95984918],[-99.05830831,20.96018935],[-99.05853808,20.96056355],[-99.05888658,20.96101766],[-99.05878012,20.96142545],[-99.05841777,20.96198131],[-99.057862,20.96241249],[-99.05720952,20.96280966],[-99.0561814,20.96308288],[-99.05529234,20.96310522],[-99.05481146,20.96287978],[-99.05455251,20.96267163],[-99.0541826,20.96244615],[-99.0538682,20.96230743],[-99.05385718,20.96229642],[-99.05359651,20.96107326],[-99.0540842,20.96016532],[-99.05434892,20.95957163],[-99.0545864,20.95892369],[-99.05449785,20.95815445],[-99.05420762,20.9576338],[-99.05376606,20.95716054],[-99.05340022,20.95679377],[-99.05295535,20.95647666],[-99.05227185,20.95669237],[-99.04116237,20.96054206],[-99.03992974,20.96041889],[-99.03931809,20.96034405],[-99.03706257,20.96105728],[-99.03636682,20.96151422],[-99.03633874,20.96232462],[-99.03615525,20.96355075],[-99.03596992,20.96447765],[-99.03583466,20.96500866],[-99.03555526,20.96535128],[-99.03517842,20.96563012],[-99.03478632,20.96583349],[-99.03430317,20.96596597],[-99.03340794,20.96628732],[-99.03304102,20.96648902],[-99.03268045,20.96677591],[-99.03246058,20.96698252],[-99.03235937,20.96708883],[-99.03214618,20.96741725],[-99.03198745,20.96787902],[-99.03185525,20.96827089],[-99.03178197,20.96858658],[-99.03173658,20.9691664],[-99.03171025,20.96961446],[-99.03173318,20.97007203],[-99.03188795,20.97052452],[-99.03219482,20.97118015],[-99.03239522,20.97181134],[-99.03246666,20.97230771],[-99.03237802,20.97259215],[-99.03224928,20.97289508],[-99.03208731,20.97318834],[-99.03187106,20.97345392],[-99.03155989,20.97360203],[-99.031106103,20.973625532],[-99.03096402,20.97363289],[-99.03033263,20.97355405],[-99.02978589,20.97355414],[-99.02914045,20.9734496],[-99.02857069,20.97338663],[-99.0281308,20.97328294],[-99.02767211,20.97319618],[-99.027209044,20.973129567],[-99.02718543,20.97312617],[-99.02658938,20.97300214],[-99.0260484,20.97288783],[-99.025811142,20.97281985],[-99.02562034,20.97276518],[-99.02503011,20.97260855],[-99.02453135,20.97266802],[-99.02420678,20.97276546],[-99.024034899,20.972862481],[-99.02394749,20.97291182],[-99.023882537,20.973093182],[-99.02383575,20.97322382],[-99.02380186,20.97348054],[-99.02390149,20.97403497],[-99.02401438,20.97434655],[-99.024054619,20.974534911],[-99.02407252,20.97461871],[-99.02415698,20.97486128],[-99.02422222,20.97510348],[-99.02435038,20.97570602],[-99.02448577,20.97617211],[-99.024587511,20.976590881],[-99.02459705,20.97663014],[-99.02476462,20.97710445],[-99.02523257,20.97819445],[-99.026258838,20.979814221],[-99.02630758,20.97989115],[-99.026618249,20.98022567],[-99.026618271,20.980225693],[-99.0270794,20.98072222],[-99.027432265,20.981068016],[-99.02763185,20.9812636],[-99.02798112,20.98150078],[-99.02837509,20.98177298],[-99.02904754,20.98219566],[-99.02997329,20.98272389],[-99.03047826,20.98290146],[-99.03079386,20.98298037],[-99.03148815,20.98303946],[-99.03218242,20.9830196],[-99.03256108,20.98282211],[-99.03258205,20.98248652],[-99.03266614,20.98215091],[-99.03291851,20.98173631],[-99.03321297,20.98140066],[-99.03357054,20.98100577],[-99.03406071,20.98059572],[-99.03551508,20.98039022],[-99.03618837,20.98060722],[-99.03705105,20.98102158],[-99.03757709,20.98131758],[-99.03778766,20.98206768],[-99.03829282,20.98295589],[-99.03888218,20.98404151],[-99.03930318,20.98494948],[-99.03970312,20.98566005],[-99.04025592,20.98717352],[-99.04036129,20.9878052],[-99.04064523,20.98873049],[-99.04123358,20.98961377],[-99.04181994,20.99006646],[-99.04231269,20.99023282],[-99.04289572,20.99028254],[-99.0433664,20.99025937],[-99.0437124,20.99016918],[-99.04413025,20.98994048],[-99.04440818,20.98981668],[-99.04468752,20.98962834],[-99.04510218,20.98937102],[-99.04542943,20.98920342],[-99.04590537,20.98878454],[-99.04648542,20.98822603],[-99.04705063,20.98783503],[-99.04743742,20.98776512],[-99.04795811,20.98776498],[-99.04873802,20.98815463],[-99.04962892,20.9888392],[-99.04978431,20.98934017],[-99.04997394,20.99010745],[-99.04997449,20.99054635],[-99.04994665,20.99088931],[-99.0499518,20.9911184],[-99.04993892,20.99124218],[-99.04996377,20.99150028],[-99.0499488,20.99171943],[-99.04999437,20.99195885],[-99.05002791,20.99228389],[-99.05017471,20.99302366],[-99.05037862,20.99392448],[-99.0503028,20.99505126],[-99.05019717,20.99615792],[-99.05018295,20.99680646],[-99.05019115,20.99736002],[-99.05020822,20.99799251],[-99.0501366,20.99847772],[-99.05011148,20.99869669],[-99.05000506,20.99891409],[-99.04989843,20.99914102],[-99.04983371,20.99931151],[-99.04973766,20.99951957],[-99.04957048,20.99972625],[-99.04936349,20.99989398],[-99.04906568,20.99993297],[-99.04878795,20.99991772],[-99.04846118,20.99977988],[-99.04813769,20.99937271],[-99.04786405,20.99899702],[-99.04763025,20.99856722],[-99.04744537,20.99825672],[-99.04735432,20.99803802],[-99.04730295,20.99780949],[-99.04727332,20.99761842],[-99.04725931,20.99748586],[-99.0472514,20.99733226],[-99.04722752,20.99713602],[-99.04724366,20.99691408],[-99.04723705,20.99662246],[-99.04714035,20.99636568],[-99.04680212,20.99609383],[-99.04656052,20.99585217],[-99.04622223,20.99539905],[-99.04573903,20.99499128],[-99.0452604,20.99461934],[-99.04495442,20.99443812],[-99.04429417,20.99428723],[-99.04387172,20.99423129],[-99.04331422,20.99381205],[-99.04295589,20.99353914],[-99.04258829,20.99322806],[-99.04222872,20.99301212],[-99.04183525,20.992957],[-99.04142762,20.99294338],[-99.04108949,20.99298878],[-99.04018312,20.99343855],[-99.03945065,20.99389562],[-99.03904815,20.99412232],[-99.03861349,20.99446989],[-99.03840423,20.99475698],[-99.03805005,20.99504411],[-99.03763145,20.99522549],[-99.0369668,20.99510546],[-99.03655894,20.99478409],[-99.03602065,20.99441269],[-99.03552178,20.99409288],[-99.03508703,20.9937762],[-99.03451837,20.99351354],[-99.03407362,20.99342103],[-99.03361611,20.99332826],[-99.03313122,20.99331885],[-99.03276814,20.9935754],[-99.0324428,20.99385665],[-99.0320886,20.99427077],[-99.0318752,20.994686],[-99.03164955,20.99507702],[-99.03152706,20.99542212],[-99.03144285,20.99576797],[-99.03139505,20.9961984],[-99.03136294,20.99649732],[-99.03140795,20.99691062],[-99.03161369,20.99734403],[-99.03184615,20.99778637],[-99.03211429,20.99823785],[-99.03235757,20.9985962],[-99.03289885,20.99900258],[-99.03325325,20.99937189],[-99.03400138,20.99985194],[-99.03474951,21.00025809],[-99.03534018,21.00073817],[-99.03628518,21.00121817],[-99.03707268,21.00158737],[-99.03801765,21.00184572],[-99.03880518,21.00236268],[-99.03915972,21.00310135],[-99.03927809,21.00406171],[-99.03896325,21.00457891],[-99.0380184,21.00483769],[-99.03715217,21.00457932],[-99.03609035,21.00409072],[-99.03554035,21.00373908],[-99.03466538,21.00324677],[-99.0338154,21.00270757],[-99.03234048,21.00193397],[-99.03066557,21.00097278],[-99.02934063,21.00001152],[-99.02770365,20.99864392],[-99.02671125,20.99764215],[-99.02572358,20.99636585],[-99.02513062,20.99550788],[-99.02467777,20.99480089],[-99.02423642,20.99436908],[-99.02384303,20.99395332],[-99.0233048,20.99353474],[-99.02266665,20.99326534],[-99.02211749,20.99290983],[-99.02164806,20.99257312],[-99.02109585,20.9925732],[-99.02054365,20.99267688],[-99.019881,20.99280649],[-99.01953351,20.99290608],[-99.01899749,20.99311746],[-99.01841568,20.99330909],[-99.01789989,20.99360703],[-99.01764729,20.99377203],[-99.01741497,20.99404365],[-99.01721515,20.99438095],[-99.01705918,20.99478152],[-99.01700618,20.99513097],[-99.01687438,20.99555923],[-99.01681969,20.99624608],[-99.01683098,20.99681352],[-99.01682925,20.99762165],[-99.01683308,20.99816655],[-99.01671322,20.99855231],[-99.01658742,20.99882766],[-99.01644732,20.99904882],[-99.01621038,20.99933526],[-99.01586355,20.99967051],[-99.01554798,20.99991111],[-99.01528494,21.00012762],[-99.01491975,21.00038511],[-99.01439134,21.00069234],[-99.01381234,21.0009846],[-99.01345731,21.00109568],[-99.01307545,21.00122894],[-99.01267797,21.00135348],[-99.01225994,21.00145114],[-99.01189908,21.0014474],[-99.01142569,21.00144743],[-99.01091742,21.00123829],[-99.01045915,21.00102186],[-99.00974905,21.0007258],[-99.00933482,21.00052226],[-99.00878251,21.00013366],[-99.00817103,20.99974508],[-99.00762315,20.99919306],[-99.00726495,20.99852192],[-99.00700235,20.99786143],[-99.00693262,20.99700523],[-99.00702458,20.9958628],[-99.0072808,20.99497275],[-99.0074134,20.99432234],[-99.00755374,20.99368154],[-99.00768452,20.99272752],[-99.0073642,20.99189275],[-99.00713377,20.99145768],[-99.00679486,20.99119052],[-99.0062604,20.99094602],[-99.00533649,20.99091855],[-99.00473448,20.99099946],[-99.00413168,20.99116132],[-99.00355622,20.99128237],[-99.00300994,20.99127992],[-99.00299232,20.991283397],[-99.00228297,20.99142337],[-99.001996491,20.991536992],[-99.00193669,20.99156071],[-99.0019364,20.991560825],[-99.001935538,20.991561167],[-99.001934356,20.991561635],[-99.001900083,20.991575226],[-99.001719042,20.991647015],[-99.00160731,20.99169132],[-99.00114303,20.99196343],[-99.00068848,20.99219437],[-99.00037542,20.99240326],[-99.00005169,20.99269468],[-98.99985454,20.992831353],[-98.99973845,20.99291183],[-98.99908143,20.99333385],[-98.99848997,20.99362288],[-98.99766195,20.99381965],[-98.99644645,20.99368662],[-98.99546962,20.99362566],[-98.99433795,20.99353035],[-98.993463,20.99338792],[-98.99279915,20.99324965],[-98.99270582,20.993208142],[-98.992417145,20.993079796],[-98.99239446,20.99306971],[-98.99169228,20.99245285],[-98.991098766,20.991904523],[-98.99104554,20.991855351],[-98.991004182,20.991817135],[-98.99098385,20.99179835],[-98.99049249,20.99191634],[-98.99011537,20.99231329],[-98.98993252,20.99260295],[-98.98961254,20.993075],[-98.989509083,20.993209204],[-98.98931023,20.99346715],[-98.98875412,20.99385609],[-98.98818232,20.99418323],[-98.98759314,20.99468285],[-98.98737891,20.99531508],[-98.98746374,20.99599492],[-98.9878604,20.99712329],[-98.98786883,20.99770488],[-98.98756366,20.99792995],[-98.98704378,20.99820674],[-98.98611742,20.99851314],[-98.98532345,20.998661],[-98.98451731,20.99839445],[-98.98404288,20.99823049],[-98.98368948,20.99803357],[-98.9832856,20.99786725],[-98.98273026,20.99759877],[-98.98203475,20.99761948],[-98.98111651,20.99779611],[-98.98039503,20.99813669],[-98.98008978,20.99854835],[-98.97994509,20.99886858],[-98.97982222,20.99949566],[-98.97964398,20.99997305],[-98.97944463,21.00051475],[-98.97928817,21.00090009],[-98.97905863,21.00146895],[-98.97886089,21.00193909],[-98.97880583,21.00219695],[-98.97890568,21.00257811],[-98.97901951,21.00277458],[-98.97942092,21.00334862],[-98.97961428,21.00395358],[-98.97977282,21.0043544],[-98.97995652,21.00494994],[-98.9801866,21.00567586],[-98.98004369,21.00633323],[-98.97990425,21.00683914],[-98.97973938,21.00715957],[-98.97944225,21.00722769],[-98.97853857,21.00709883],[-98.97786895,21.0069706],[-98.97716517,21.00673792],[-98.97660032,21.00644003],[-98.97638071,21.00610062],[-98.97636362,21.00554537],[-98.97635182,21.00519369],[-98.97637454,21.00462074],[-98.97630466,21.00422168],[-98.97639078,21.00347238],[-98.97639763,21.00316732],[-98.97622985,21.00265371],[-98.97592469,21.00228862],[-98.97557032,21.00227234],[-98.97520569,21.00227437],[-98.97468729,21.00254155],[-98.97410162,21.00304806],[-98.97295569,21.00390212],[-98.9725032,21.0051832],[-98.97238806,21.0059858],[-98.97223203,21.00671646],[-98.97214989,21.00726515],[-98.97210962,21.00781468],[-98.97212569,21.00847329],[-98.97234415,21.00900931],[-98.97252742,21.00982563],[-98.97265866,21.01096995],[-98.97256783,21.01156728],[-98.97205795,21.01204366],[-98.97172697,21.01277494],[-98.97165362,21.01327815],[-98.9715622,21.01366454],[-98.97148043,21.0139282],[-98.97152552,21.01477152],[-98.97179008,21.01560145],[-98.97207337,21.01677702],[-98.97222545,21.01724511],[-98.97249931,21.01796482],[-98.97246348,21.01833771],[-98.97192638,21.01893345],[-98.97177925,21.01945395],[-98.9717808,21.01999505],[-98.97186015,21.02043463],[-98.97217805,21.0208544],[-98.9727212,21.02094285],[-98.97318608,21.02123875],[-98.9739736,21.02147529],[-98.97454066,21.02147537],[-98.97491871,21.02141632],[-98.97545426,21.0214164],[-98.97617878,21.02162337],[-98.97652528,21.02191895],[-98.97757162,21.02280969],[-98.97791158,21.02318498],[-98.97879151,21.02399188],[-98.97921146,21.02447975],[-98.9794514,21.02504265],[-98.97949131,21.02571809],[-98.97905123,21.02609329],[-98.97856948,21.02634157],[-98.9782292,21.02653818],[-98.97784063,21.02671352],[-98.97730175,21.02674205],[-98.97678031,21.02670191],[-98.97588028,21.02650694],[-98.97522262,21.02618212],[-98.97466878,21.02585731],[-98.97425345,21.02550005],[-98.97387268,21.02537009],[-98.97318034,21.02536998],[-98.97245335,21.02549977],[-98.9717956,21.02566202],[-98.97061862,21.02569429],[-98.96951085,21.02582398],[-98.96881843,21.02618106],[-98.96815378,21.02677102],[-98.96784362,21.0273722],[-98.96753718,21.02809672],[-98.96742606,21.02927754],[-98.96755869,21.02979685],[-98.96787131,21.03039497],[-98.96830617,21.03086508],[-98.96879882,21.03122831],[-98.96930909,21.03145951],[-98.97000089,21.03170703],[-98.97030766,21.03165648],[-98.97061531,21.03123062],[-98.97118923,21.03138008],[-98.97175506,21.03169102],[-98.97210697,21.03193868],[-98.97258205,21.03221937],[-98.97293391,21.03266509],[-98.97318334,21.03309492],[-98.97339425,21.03361163],[-98.97347049,21.03411935],[-98.97317995,21.03448086],[-98.97284557,21.03467889],[-98.97222962,21.03479434],[-98.97134974,21.03477769],[-98.97039515,21.03447458]]]]},"properties":{"municipality":"Tlahuiltepa","official_key":"13071","CVE_ENT":"13","CVE_MUN":"071","geometry_kind":"municipality","source":"INEGI Gaia — Servicio vectorial del Marco Geoestadístico"}},"features":[{"type":"Feature","geometry":{"type":"MultiPolygon","crs":{"type":"name","properties":{"name":"EPSG:6365"}},"coordinates":[[[[-98.951546615,20.927170862],[-98.951515937,20.927167359],[-98.951130075,20.927116556],[-98.951203157,20.927008144],[-98.951208234,20.927000614],[-98.951196485,20.926994585],[-98.951128964,20.926959928],[-98.951124183,20.926934715],[-98.95110004,20.926807376],[-98.95108991,20.926662336],[-98.951078965,20.92655738],[-98.95100714,20.926376603],[-98.950919757,20.926305115],[-98.950824063,20.926234826],[-98.950756562,20.926179687],[-98.950599831,20.925989426],[-98.95050819,20.925878178],[-98.950436897,20.925776244],[-98.950414134,20.925668393],[-98.950421684,20.925592057],[-98.950462193,20.925512699],[-98.950501629,20.92542898],[-98.950502629,20.925426715],[-98.950529037,20.925366883],[-98.950545017,20.925266537],[-98.950426884,20.925266404],[-98.950157758,20.925291518],[-98.949890804,20.925268795],[-98.949650663,20.925334882],[-98.949451451,20.925400226],[-98.949369965,20.925423769],[-98.949276883,20.925491225],[-98.949145774,20.925526072],[-98.949004268,20.925484921],[-98.948864568,20.925493074],[-98.948746324,20.925517512],[-98.948598627,20.925575311],[-98.948511525,20.92526776],[-98.948410511,20.92494107],[-98.948331497,20.924605943],[-98.948034043,20.924244855],[-98.947999114,20.923950777],[-98.947915683,20.923751123],[-98.947920538,20.92336157],[-98.947948908,20.923109254],[-98.94795604,20.923066327],[-98.947996283,20.922824094],[-98.948015338,20.922673585],[-98.948053138,20.922441463],[-98.948171079,20.922246732],[-98.948298464,20.921990025],[-98.948388123,20.921755432],[-98.948466148,20.921544146],[-98.948537367,20.921297972],[-98.948567951,20.921081622],[-98.948574121,20.920825671],[-98.948621972,20.920571585],[-98.948664888,20.920515513],[-98.948783222,20.920479214],[-98.948943795,20.920585064],[-98.948991058,20.920724402],[-98.949060658,20.920921126],[-98.949144458,20.921110735],[-98.94922594,20.921278185],[-98.949212506,20.921391715],[-98.949192241,20.92153712],[-98.949232564,20.921624333],[-98.949290973,20.921688998],[-98.949383728,20.921765157],[-98.949512064,20.921835749],[-98.949663241,20.921889744],[-98.949887381,20.921915589],[-98.950059185,20.92193434],[-98.950217579,20.92197063],[-98.950346037,20.921966556],[-98.950375762,20.921972218],[-98.95056037,20.922007381],[-98.950788135,20.922085251],[-98.950922393,20.922171179],[-98.951026223,20.922230453],[-98.95111917,20.922287367],[-98.951202082,20.922307093],[-98.951204395,20.922307643],[-98.951359192,20.922295489],[-98.951527234,20.922264989],[-98.951682974,20.922240447],[-98.95185654,20.922225233],[-98.952162949,20.922219091],[-98.952289649,20.922208711],[-98.95239401,20.922184702],[-98.952602363,20.921934995],[-98.953191813,20.921557478],[-98.953533987,20.921499101],[-98.953456178,20.922803276],[-98.953226177,20.923186203],[-98.953114924,20.923371426],[-98.953157995,20.924099177],[-98.9526335,20.92438274],[-98.952728597,20.924789064],[-98.952877304,20.925552759],[-98.952954475,20.925683784],[-98.953029207,20.925735917],[-98.953143813,20.925771419],[-98.953409483,20.925865428],[-98.953488285,20.926022249],[-98.95345131,20.926376901],[-98.95346608,20.927132619],[-98.953452693,20.927124336],[-98.953309859,20.927035953],[-98.953235534,20.926784344],[-98.953215655,20.92671705],[-98.95320074,20.926565114],[-98.953179871,20.926173479],[-98.953166755,20.926117958],[-98.952835649,20.926290621],[-98.952399193,20.926584891],[-98.951910659,20.927189865],[-98.951893968,20.927210534],[-98.951712575,20.927189817],[-98.951698328,20.92718819],[-98.951546615,20.927170862]]]]},"properties":{"locality":"Tlahuiltepa","municipality":null,"official_key":"130710001","CVE_ENT":"13","CVE_MUN":"071","CVE_LOC":"0001","ambito":"URBANO","geometry_kind":"locality","source":"INEGI Gaia — Servicio vectorial del Marco Geoestadístico"}},{"type":"Feature","geometry":{"type":"MultiPolygon","crs":{"type":"name","properties":{"name":"EPSG:6365"}},"coordinates":[[[[-98.897299892,20.895688677],[-98.897285123,20.895561647],[-98.897230184,20.895377016],[-98.89724163,20.895248586],[-98.897270523,20.895096278],[-98.897275585,20.894999569],[-98.897258584,20.894817508],[-98.897222476,20.89466217],[-98.897198476,20.894477323],[-98.897191707,20.894218031],[-98.897192353,20.893941677],[-98.897175753,20.893742385],[-98.897221169,20.893582938],[-98.89725423,20.893536846],[-98.897373014,20.893766893],[-98.897489122,20.8940992],[-98.897461523,20.894198186],[-98.897349922,20.894350923],[-98.897364308,20.894498692],[-98.897534615,20.8949028],[-98.897529169,20.895044678],[-98.897471615,20.895194954],[-98.897379014,20.895437416],[-98.89737183,20.895510693],[-98.89744443,20.895603077],[-98.897505476,20.895629169],[-98.897593661,20.895649754],[-98.897703553,20.895639323],[-98.897797908,20.8956054],[-98.89786103,20.895556739],[-98.897942522,20.895496924],[-98.898057354,20.895381463],[-98.898224307,20.895303231],[-98.898430908,20.895201539],[-98.898516445,20.895199631],[-98.898599431,20.895239001],[-98.898638246,20.895301554],[-98.898665922,20.895416215],[-98.898645692,20.895495186],[-98.898605645,20.895631985],[-98.898553785,20.895815108],[-98.898532184,20.895934446],[-98.898560168,20.896020001],[-98.898637215,20.896105601],[-98.898742308,20.896210939],[-98.898767861,20.896296939],[-98.898770214,20.896304863],[-98.898738462,20.8964524],[-98.898688077,20.896611386],[-98.898606061,20.896823601],[-98.898537061,20.896980846],[-98.8985244,20.897142277],[-98.898524277,20.897313355],[-98.898615323,20.897451585],[-98.898748415,20.897616169],[-98.898853507,20.897728093],[-98.898944615,20.897774216],[-98.899035737,20.897800586],[-98.899142907,20.897821738],[-98.899280062,20.897825169],[-98.899431045,20.897881693],[-98.899512368,20.897939046],[-98.899543645,20.897985954],[-98.899553523,20.898077708],[-98.899538568,20.898138355],[-98.899406692,20.898294724],[-98.899354138,20.898432708],[-98.899330522,20.898438586],[-98.899251861,20.898332847],[-98.8992144,20.898221247],[-98.899095661,20.898128969],[-98.898970477,20.898091909],[-98.898789108,20.897997846],[-98.898732291,20.897941355],[-98.898594692,20.8978708],[-98.898463369,20.897782647],[-98.898413369,20.897688662],[-98.898332108,20.897588786],[-98.898131968,20.897488831],[-98.897900553,20.897371247],[-98.897762662,20.897254446],[-98.897700415,20.897016647],[-98.897688185,20.896848492],[-98.897691446,20.896638477],[-98.8977558,20.896478292],[-98.897877308,20.896246446],[-98.8978602,20.896081308],[-98.897784076,20.896046647],[-98.897743922,20.896028354],[-98.897563554,20.895998446],[-98.897452815,20.895948446],[-98.897375107,20.895845401],[-98.897299892,20.895688677]]],[[[-98.900300657,20.905452086],[-98.900412676,20.905394847],[-98.900589384,20.905282786],[-98.900794554,20.905140246],[-98.900951632,20.904945361],[-98.901130166,20.904622685],[-98.900773542,20.904489437],[-98.90069893,20.904366981],[-98.900685327,20.904335045],[-98.900527128,20.904449292],[-98.900170299,20.904550085],[-98.899713195,20.904150654],[-98.899741728,20.903977832],[-98.89994588,20.903448045],[-98.899999019,20.903205793],[-98.900174164,20.902520685],[-98.900181228,20.902493052],[-98.90028059,20.902074838],[-98.900271481,20.902050099],[-98.900211779,20.902017037],[-98.899815193,20.901683905],[-98.899747979,20.901485069],[-98.899781652,20.901431711],[-98.899864277,20.901300786],[-98.899971138,20.901172293],[-98.900008231,20.901107124],[-98.900097139,20.900998732],[-98.900184623,20.900892078],[-98.900201273,20.900853686],[-98.900256064,20.900727355],[-98.900316024,20.900527729],[-98.900441548,20.900500586],[-98.900444717,20.900316878],[-98.900572125,20.900219222],[-98.900613081,20.900250979],[-98.900708593,20.900147045],[-98.901105217,20.900515301],[-98.90128838,20.90066872],[-98.901492588,20.900711697],[-98.901525403,20.900718603],[-98.901757613,20.900892992],[-98.902148001,20.901126748],[-98.902241619,20.901251159],[-98.902093243,20.901379253],[-98.9021779,20.901496114],[-98.902039125,20.901690395],[-98.901852779,20.901828142],[-98.901663789,20.901841595],[-98.901717038,20.902139488],[-98.901746594,20.90245203],[-98.901757911,20.902529283],[-98.901895959,20.90250871],[-98.902117343,20.902827717],[-98.902168923,20.902933754],[-98.902252943,20.903028137],[-98.902420335,20.90321617],[-98.902749823,20.903373898],[-98.903013811,20.903437728],[-98.903138322,20.90358675],[-98.903576159,20.903805548],[-98.903985131,20.904132891],[-98.904073511,20.904526991],[-98.904040255,20.904740563],[-98.904012365,20.904853909],[-98.903630314,20.904965232],[-98.902821433,20.904863438],[-98.902713814,20.904771149],[-98.902552372,20.904837409],[-98.902500448,20.904893862],[-98.902350544,20.904905672],[-98.90216428,20.904862716],[-98.902185142,20.90479739],[-98.902068168,20.904740922],[-98.901897028,20.904740252],[-98.901717581,20.904797545],[-98.901611765,20.904848744],[-98.901456932,20.905009647],[-98.901363791,20.90520563],[-98.901300515,20.90545724],[-98.901180914,20.905438238],[-98.900914682,20.905471589],[-98.900677954,20.905562569],[-98.900461459,20.905627403],[-98.900314703,20.905597021],[-98.900300657,20.905452086]]]]},"properties":{"locality":"Acapa (Santiago Acapa)","municipality":null,"official_key":"130710002","CVE_ENT":"13","CVE_MUN":"071","CVE_LOC":"0002","ambito":"RURAL","geometry_kind":"locality","source":"INEGI Gaia — Servicio vectorial del Marco Geoestadístico"}},{"type":"Feature","geometry":{"type":"MultiPolygon","crs":{"type":"name","properties":{"name":"EPSG:6365"}},"coordinates":[[[[-99.002199561,20.975044869],[-99.002270553,20.975331893],[-99.002553452,20.97537731],[-99.002990245,20.975631684],[-99.003325638,20.976018092],[-99.003583049,20.976640655],[-99.003641601,20.977125694],[-99.003609813,20.977384801],[-99.003457139,20.977643381],[-99.0031538,20.977821447],[-99.003106538,20.977940738],[-99.003063168,20.978007677],[-99.003031369,20.978049293],[-99.002960245,20.978056585],[-99.002895461,20.977957385],[-99.002820462,20.977915785],[-99.002714784,20.977893386],[-99.002588645,20.977890185],[-99.002414784,20.977880601],[-99.002326154,20.9778614],[-99.002254554,20.977823001],[-99.00198183,20.9776278],[-99.001357968,20.977195786],[-99.000854415,20.976851723],[-99.000714646,20.976736524],[-99.000674353,20.976613015],[-99.0007152,20.976441893],[-99.000716784,20.976316508],[-99.000699491,20.976229477],[-99.000660199,20.976138015],[-99.00058163,20.976070155],[-99.000419768,20.976034755],[-99.000303477,20.976027385],[-99.000201337,20.975972801],[-99.000188753,20.975882816],[-99.000265754,20.975851831],[-99.000407214,20.975809401],[-99.000540784,20.975762201],[-99.000641353,20.975734169],[-99.000661784,20.975725323],[-99.000691646,20.975594032],[-99.000734077,20.975397831],[-99.000760784,20.975203109],[-99.00079243,20.975014646],[-99.000806569,20.974932046],[-99.000806569,20.974883369],[-99.000775045,20.974580846],[-99.000704891,20.974415585],[-99.000665014,20.974277432],[-99.000718569,20.974228015],[-99.000870507,20.974168292],[-99.000918877,20.974174677],[-99.001032283,20.974248118],[-99.001201231,20.974333321],[-99.001421107,20.974404731],[-99.001529354,20.97450997],[-99.001613785,20.974603446],[-99.001650584,20.974668478],[-99.001663568,20.974766015],[-99.001654908,20.974883878],[-99.001615954,20.975020031],[-99.001533692,20.975192769],[-99.001501241,20.975306347],[-99.001486366,20.975414246],[-99.001553929,20.975518297],[-99.001666909,20.975588961],[-99.001825553,20.975563628],[-99.001711831,20.975294258],[-99.001715582,20.975200483],[-99.001772978,20.975146778],[-99.001865231,20.975200986],[-99.001940338,20.975243292],[-99.002045462,20.975223139],[-99.002094815,20.97519897],[-99.002199561,20.975044869]]]]},"properties":{"locality":"Agua Tapada","municipality":null,"official_key":"130710004","CVE_ENT":"13","CVE_MUN":"071","CVE_LOC":"0004","ambito":"RURAL","geometry_kind":"locality","source":"INEGI Gaia — Servicio vectorial del Marco Geoestadístico"}},{"type":"Feature","geometry":{"type":"MultiPolygon","crs":{"type":"name","properties":{"name":"EPSG:6365"}},"coordinates":[[[[-98.994206463,20.990829712],[-98.994180684,20.990761156],[-98.99417636,20.990134158],[-98.994249922,20.989181404],[-98.99432031,20.989066194],[-98.99441151,20.989003671],[-98.994693145,20.989022496],[-98.99489297,20.989051941],[-98.995339559,20.98905384],[-98.995617388,20.989113077],[-98.995976251,20.989207288],[-98.996225141,20.989391653],[-98.996448552,20.989543462],[-98.996680009,20.989660211],[-98.996859946,20.989714759],[-98.997121577,20.989755807],[-98.997477698,20.989786348],[-98.997671851,20.989846696],[-98.997855276,20.989954622],[-98.998209943,20.9901734],[-98.99935553,20.990408906],[-98.999337038,20.990501671],[-98.999250509,20.990565716],[-98.999137159,20.991325934],[-98.999529793,20.991441521],[-98.99980124,20.991497248],[-98.999976128,20.991700722],[-99.000025497,20.991932378],[-98.999521102,20.992221221],[-98.999269949,20.99229696],[-98.999018792,20.992327622],[-98.998156066,20.992445849],[-98.997588385,20.992564075],[-98.997043105,20.992557619],[-98.996797443,20.992508399],[-98.996514232,20.992484218],[-98.995859786,20.992356742],[-98.995427958,20.992162787],[-98.995095371,20.991861151],[-98.995111493,20.991658785],[-98.994867438,20.991651748],[-98.994844653,20.991415338],[-98.994621366,20.991417335],[-98.99437394,20.991311652],[-98.994188975,20.991118225],[-98.994206463,20.990829712]]]]},"properties":{"locality":"Boca de León","municipality":null,"official_key":"130710006","CVE_ENT":"13","CVE_MUN":"071","CVE_LOC":"0006","ambito":"RURAL","geometry_kind":"locality","source":"INEGI Gaia — Servicio vectorial del Marco Geoestadístico"}},{"type":"Feature","geometry":{"type":"MultiPolygon","crs":{"type":"name","properties":{"name":"EPSG:6365"}},"coordinates":[[[[-98.976981863,20.983640633],[-98.976987227,20.983530443],[-98.97701673,20.983447799],[-98.977083784,20.983375174],[-98.977668508,20.983375174],[-98.978133871,20.98331507],[-98.97837393,20.983302548],[-98.978457077,20.983312566],[-98.978540225,20.983397714],[-98.97854693,20.983511661],[-98.978524132,20.983585538],[-98.978449032,20.983658164],[-98.978320285,20.983730788],[-98.978234453,20.983738302],[-98.978054745,20.983703242],[-98.977893814,20.983618095],[-98.977703376,20.98355298],[-98.977555854,20.983557991],[-98.977408333,20.983595556],[-98.977373466,20.983623102],[-98.977368099,20.983735797],[-98.977368102,20.983903587],[-98.977365418,20.984073882],[-98.977352007,20.984159028],[-98.977303727,20.984294262],[-98.97726886,20.984457043],[-98.977260812,20.984579754],[-98.977276906,20.984790116],[-98.977325186,20.984980446],[-98.9773681,20.985105661],[-98.977475388,20.985351081],[-98.977531714,20.985508854],[-98.977571949,20.985644085],[-98.977663143,20.985804362],[-98.977738246,20.985899524],[-98.977875038,20.986024738],[-98.978081567,20.986245117],[-98.978140577,20.986362819],[-98.978121801,20.98644546],[-98.978058769,20.98653311],[-98.978017195,20.986570673],[-98.977861628,20.986660826],[-98.977700694,20.986715922],[-98.97724472,20.986710912],[-98.976815566,20.986134927],[-98.976906762,20.986064807],[-98.977024778,20.985979661],[-98.976965768,20.985674139],[-98.976882619,20.985388648],[-98.976849092,20.98525592],[-98.976840712,20.985158252],[-98.976853786,20.985085627],[-98.976877257,20.984880273],[-98.976861163,20.984667406],[-98.976818247,20.984512139],[-98.976820931,20.984434503],[-98.976838365,20.984355618],[-98.976858481,20.984294262],[-98.976941628,20.984184072],[-98.977062329,20.984008768],[-98.977081103,20.983898579],[-98.977011366,20.983753328],[-98.976981863,20.983640633]]],[[[-98.979482352,20.988729976],[-98.979678824,20.988728098],[-98.979944361,20.988754393],[-98.980015441,20.988798215],[-98.980116023,20.988940959],[-98.980195147,20.989135036],[-98.979930953,20.989148811],[-98.979375733,20.989269013],[-98.978950771,20.9894465],[-98.978773913,20.989482499],[-98.978621362,20.989481873],[-98.978490604,20.989390469],[-98.978677018,20.989320352],[-98.978918752,20.988812303],[-98.979482352,20.988729976]]],[[[-98.973574984,20.991767604],[-98.972980223,20.991597315],[-98.972633616,20.991601428],[-98.972357672,20.991604702],[-98.972032448,20.991630345],[-98.971837423,20.991644688],[-98.971620941,20.991689082],[-98.971606992,20.991915771],[-98.971169255,20.992067334],[-98.970868184,20.991904329],[-98.970889761,20.99166498],[-98.970930054,20.991270917],[-98.970959617,20.990921929],[-98.970857524,20.990774951],[-98.971773415,20.990021566],[-98.971823665,20.989879017],[-98.971856836,20.989798977],[-98.971878788,20.989681328],[-98.97204009,20.989648182],[-98.972132656,20.989541911],[-98.972278866,20.989420617],[-98.972470675,20.989364072],[-98.972850894,20.989472818],[-98.973086274,20.989578703],[-98.973113476,20.989670571],[-98.973108491,20.989802507],[-98.973146423,20.98988937],[-98.973237999,20.989896095],[-98.973488204,20.989899532],[-98.973797419,20.989912983],[-98.973864833,20.990004352],[-98.973908472,20.990177074],[-98.973785812,20.990327258],[-98.973515269,20.990439913],[-98.973178831,20.990575125],[-98.973235933,20.990663123],[-98.973311493,20.990779567],[-98.973489335,20.990852241],[-98.973611967,20.990856113],[-98.974102741,20.990792368],[-98.974820943,20.990608397],[-98.975008491,20.990567694],[-98.975103702,20.99054979],[-98.975163671,20.990532935],[-98.97551551,20.990478097],[-98.97583195,20.990230819],[-98.975987669,20.990059111],[-98.976009132,20.989991348],[-98.976048216,20.98989032],[-98.976112263,20.989841042],[-98.976477219,20.989712594],[-98.97656305,20.989761353],[-98.976695759,20.989862902],[-98.976750052,20.989904313],[-98.976809613,20.989922924],[-98.976933155,20.990037083],[-98.977084285,20.990176735],[-98.977101156,20.990192325],[-98.977103664,20.990198331],[-98.977183046,20.990388439],[-98.977217615,20.990471225],[-98.977239583,20.990996038],[-98.977326345,20.991231133],[-98.977322592,20.991535024],[-98.977296407,20.991532922],[-98.97678784,20.991418938],[-98.976694999,20.991670371],[-98.976543602,20.992005173],[-98.976531113,20.992061181],[-98.976499835,20.99220145],[-98.976482196,20.992280552],[-98.976450711,20.992316424],[-98.976338932,20.992375677],[-98.975861496,20.992596717],[-98.975743312,20.992617122],[-98.975663161,20.99263096],[-98.975608056,20.992848611],[-98.975481294,20.992995493],[-98.975346152,20.99275761],[-98.975146763,20.992501936],[-98.974663061,20.992111035],[-98.974296263,20.992003509],[-98.974275012,20.991996559],[-98.973574984,20.991767604]]]]},"properties":{"locality":"Buenavista","municipality":null,"official_key":"130710007","CVE_ENT":"13","CVE_MUN":"071","CVE_LOC":"0007","ambito":"RURAL","geometry_kind":"locality","source":"INEGI Gaia — Servicio vectorial del Marco Geoestadístico"}},{"type":"Feature","geometry":{"type":"MultiPolygon","crs":{"type":"name","properties":{"name":"EPSG:6365"}},"coordinates":[[[[-98.947592536,20.865381282],[-98.947570228,20.865406504],[-98.947456966,20.865393179],[-98.94736845,20.865385565],[-98.947248525,20.86538842],[-98.947183804,20.865395083],[-98.947103854,20.865419829],[-98.947051506,20.865449335],[-98.947018193,20.865477888],[-98.946982025,20.86551596],[-98.946951568,20.865537851],[-98.946920159,20.865553079],[-98.94687257,20.865559742],[-98.946826885,20.865554031],[-98.946778344,20.865525477],[-98.946727899,20.865492165],[-98.94668031,20.865458853],[-98.94660036,20.865426492],[-98.946515651,20.86539889],[-98.946449026,20.865389372],[-98.946391919,20.865383662],[-98.946292934,20.865386517],[-98.946242489,20.865391276],[-98.946180623,20.86539889],[-98.946140648,20.865393179],[-98.946100673,20.865376047],[-98.946064505,20.865351301],[-98.946043566,20.86531323],[-98.946078782,20.865263737],[-98.946133986,20.865199015],[-98.946176816,20.865140957],[-98.946219646,20.86506291],[-98.946247248,20.864998189],[-98.94627485,20.864916335],[-98.946290078,20.864863987],[-98.946293885,20.86478023],[-98.946293885,20.864727882],[-98.946277705,20.864658402],[-98.946258669,20.864610813],[-98.946218694,20.864546091],[-98.94615778,20.864473756],[-98.946071168,20.864389047],[-98.945975038,20.864309097],[-98.94593887,20.864267218],[-98.946009302,20.864285302],[-98.94607212,20.864311001],[-98.946162539,20.86435859],[-98.946235827,20.864405227],[-98.946323391,20.864475659],[-98.946388112,20.86453467],[-98.946474724,20.864638414],[-98.946567999,20.864752629],[-98.946628913,20.864818302],[-98.946699346,20.864884927],[-98.94681356,20.864964876],[-98.946889702,20.865008659],[-98.946987736,20.865041019],[-98.947111468,20.865083849],[-98.947266133,20.865146667],[-98.94734989,20.865194256],[-98.947450779,20.865257074],[-98.947532633,20.86532941],[-98.947592536,20.865381282]]]]},"properties":{"locality":"Cerro Chato","municipality":null,"official_key":"130710009","CVE_ENT":"13","CVE_MUN":"071","CVE_LOC":"0009","ambito":"RURAL","geometry_kind":"locality","source":"INEGI Gaia — Servicio vectorial del Marco Geoestadístico"}},{"type":"Feature","geometry":{"type":"MultiPolygon","crs":{"type":"name","properties":{"name":"EPSG:6365"}},"coordinates":[[[[-98.990520272,20.890556067],[-98.990522857,20.890552147],[-98.990475499,20.890569457],[-98.99034364,20.890582462],[-98.990163387,20.89064613],[-98.989910346,20.890765981],[-98.989735896,20.890798553],[-98.989622957,20.890765114],[-98.989575243,20.89072816],[-98.98953961,20.890665035],[-98.989517732,20.890565678],[-98.989517575,20.890564966],[-98.989530819,20.89042958],[-98.989612965,20.890240335],[-98.989698996,20.890048765],[-98.989779322,20.889769452],[-98.989829799,20.889511158],[-98.989960341,20.88909959],[-98.99004179,20.888941542],[-98.990155761,20.888745641],[-98.990233427,20.888654022],[-98.990321534,20.888598139],[-98.990358562,20.888587345],[-98.990393206,20.88859187],[-98.99041742,20.888605792],[-98.990427077,20.888630951],[-98.990426894,20.88863365],[-98.990424027,20.888676027],[-98.990380133,20.888765432],[-98.990286166,20.888992138],[-98.99028254,20.889037022],[-98.990282722,20.889036928],[-98.99039496,20.888979219],[-98.990527622,20.888930217],[-98.990562149,20.888928497],[-98.99084806,20.888995357],[-98.991011684,20.88910422],[-98.991081613,20.889118804],[-98.991127122,20.889140108],[-98.991167386,20.889190359],[-98.991264228,20.889612894],[-98.991400486,20.889734663],[-98.991510731,20.889816023],[-98.99153943,20.889827673],[-98.992262023,20.89005127],[-98.99242494,20.890077529],[-98.993069863,20.890301513],[-98.993211494,20.890365765],[-98.99323651,20.890435402],[-98.993236443,20.890438401],[-98.993234882,20.890508355],[-98.993258111,20.890566432],[-98.993306088,20.890621957],[-98.993303458,20.890621993],[-98.992641668,20.890630471],[-98.992590355,20.890640264],[-98.992511747,20.890671126],[-98.992415817,20.890734057],[-98.992380192,20.890784973],[-98.992289066,20.891090483],[-98.992246602,20.891161671],[-98.992180467,20.891205983],[-98.992090635,20.89122462],[-98.991726048,20.891248643],[-98.991627698,20.891305525],[-98.991520481,20.89141625],[-98.991190472,20.891951131],[-98.991067442,20.892140772],[-98.991020325,20.892191461],[-98.990947251,20.892203225],[-98.990895223,20.892187794],[-98.99084349,20.892159164],[-98.990768703,20.892076061],[-98.990680228,20.891919462],[-98.990471934,20.891351158],[-98.990400078,20.891079647],[-98.990381915,20.890816534],[-98.99038174,20.890813993],[-98.990509772,20.890571994],[-98.990520272,20.890556067]]],[[[-98.984675703,20.89230045],[-98.984721308,20.892155701],[-98.984476222,20.892530496],[-98.984402928,20.892638194],[-98.984368529,20.892736909],[-98.984374823,20.892866678],[-98.984348631,20.892941067],[-98.984326601,20.89296656],[-98.98415395,20.893078389],[-98.984110017,20.893123617],[-98.984087567,20.893167828],[-98.984085359,20.893198036],[-98.984103633,20.893271862],[-98.984092135,20.893306207],[-98.98405775,20.893335778],[-98.984001206,20.893396602],[-98.983923389,20.893517507],[-98.983844552,20.893478495],[-98.983739024,20.893467766],[-98.983268786,20.893520412],[-98.983221095,20.893528113],[-98.983326266,20.893417833],[-98.983489435,20.893318782],[-98.983608202,20.893217414],[-98.983809028,20.89301107],[-98.983897943,20.892942243],[-98.983986534,20.892887814],[-98.984116816,20.892819804],[-98.984244164,20.892745975],[-98.984374109,20.892588494],[-98.984722411,20.89211831],[-98.984726731,20.891971858],[-98.984652959,20.891959565],[-98.984583835,20.891908982],[-98.984555998,20.891840008],[-98.984524332,20.891770959],[-98.984462505,20.891679706],[-98.984459656,20.89166108],[-98.984409872,20.891602476],[-98.984361338,20.891545097],[-98.984208724,20.891458052],[-98.984064349,20.89140238],[-98.984017086,20.891372058],[-98.983757739,20.891418947],[-98.983588116,20.891071674],[-98.983498617,20.891018288],[-98.983328975,20.890950111],[-98.983113813,20.890918248],[-98.982611948,20.890911926],[-98.982473462,20.890935597],[-98.982186169,20.891101574],[-98.982101389,20.891122706],[-98.982049416,20.891104872],[-98.981980508,20.891044689],[-98.981968076,20.890972418],[-98.982000412,20.890897431],[-98.982042399,20.890847844],[-98.98265737,20.890480674],[-98.982747485,20.890392424],[-98.982983097,20.890081373],[-98.983129268,20.889942614],[-98.983221977,20.889909635],[-98.983512346,20.889891367],[-98.983600821,20.889876311],[-98.983803319,20.889789082],[-98.983886538,20.889723503],[-98.983900299,20.889679359],[-98.983883215,20.889586589],[-98.983600785,20.888932032],[-98.983392455,20.887955973],[-98.98323046,20.88743227],[-98.983064535,20.887175462],[-98.982953714,20.886990567],[-98.982993832,20.886967353],[-98.983057778,20.886963815],[-98.983912516,20.887439871],[-98.984052461,20.887607694],[-98.984306651,20.888092884],[-98.984660801,20.888535034],[-98.984938845,20.888810622],[-98.985191421,20.889082704],[-98.98532718,20.889163737],[-98.985367006,20.889210621],[-98.985421415,20.889336539],[-98.985475719,20.889558488],[-98.985562205,20.889534225],[-98.985601133,20.88955276],[-98.985629126,20.889557635],[-98.985660537,20.889546731],[-98.98570864,20.889497744],[-98.985728618,20.889518306],[-98.985730252,20.889536585],[-98.985739977,20.889535816],[-98.985751933,20.889503881],[-98.985784833,20.889494928],[-98.985796446,20.889523967],[-98.985814489,20.889539689],[-98.985819596,20.88953979],[-98.985824047,20.889523552],[-98.985819099,20.889470636],[-98.985789336,20.889430674],[-98.985701502,20.889382843],[-98.985646955,20.889308781],[-98.985644358,20.889290292],[-98.985780652,20.889307389],[-98.986145937,20.889366222],[-98.986236536,20.889370413],[-98.986317955,20.889385225],[-98.98640533,20.889419362],[-98.986546143,20.889419989],[-98.986559011,20.889384416],[-98.986557334,20.889368057],[-98.986543549,20.889344737],[-98.98651607,20.889325996],[-98.986446428,20.889287168],[-98.98621156,20.889188417],[-98.986117919,20.889126066],[-98.986080856,20.889092682],[-98.986065329,20.889055884],[-98.986073918,20.888991711],[-98.986176723,20.88887274],[-98.986219168,20.888802513],[-98.986231156,20.888769138],[-98.986212907,20.88871692],[-98.986181887,20.888687497],[-98.9859131,20.88836912],[-98.985908045,20.888321003],[-98.98593099,20.88830033],[-98.985966061,20.888285657],[-98.986006597,20.888300862],[-98.986618804,20.888798882],[-98.986701768,20.888836052],[-98.986921216,20.888893204],[-98.987046551,20.888909123],[-98.987092326,20.888925227],[-98.987039,20.888818398],[-98.986960082,20.888714564],[-98.986873684,20.888585374],[-98.986904701,20.888295005],[-98.986994299,20.888126796],[-98.987039762,20.888081598],[-98.987091191,20.88804372],[-98.987239119,20.888008947],[-98.987366804,20.887885425],[-98.987504885,20.887686691],[-98.987516437,20.887673412],[-98.987627871,20.887554943],[-98.987677391,20.887739584],[-98.987688413,20.887863685],[-98.98775509,20.887795137],[-98.987823085,20.887760576],[-98.987941132,20.887746778],[-98.988143618,20.887754009],[-98.98822466,20.887762812],[-98.988433958,20.887931159],[-98.98851356,20.888141602],[-98.988640087,20.888515748],[-98.988863763,20.888795297],[-98.988936276,20.888842824],[-98.98904193,20.88884779],[-98.989082088,20.888834177],[-98.98942513,20.888579374],[-98.989426626,20.888578262],[-98.989452717,20.888558941],[-98.989463056,20.888553949],[-98.989618847,20.888478881],[-98.989734176,20.88846243],[-98.98993929,20.88847512],[-98.990009415,20.888492348],[-98.990104459,20.888560486],[-98.990136623,20.888630264],[-98.990136122,20.888632321],[-98.990126497,20.888671839],[-98.990049183,20.888702005],[-98.989965559,20.888671545],[-98.98986313,20.888659441],[-98.989795201,20.888681149],[-98.989310019,20.889060511],[-98.989183684,20.889226557],[-98.988920363,20.889486413],[-98.988799247,20.889556048],[-98.98876075,20.889563931],[-98.988684914,20.889527862],[-98.988660947,20.8895029],[-98.988615092,20.889428531],[-98.988567916,20.889413195],[-98.988341802,20.889379922],[-98.988181131,20.889298963],[-98.988226856,20.889036255],[-98.988155535,20.888304699],[-98.988075007,20.888493707],[-98.987987275,20.888612832],[-98.987917826,20.888640801],[-98.987861755,20.888634892],[-98.987775078,20.888569559],[-98.987716963,20.888540802],[-98.98760775,20.888512237],[-98.98749667,20.888510044],[-98.987462722,20.888542985],[-98.987400451,20.888608216],[-98.987225154,20.888605815],[-98.987264251,20.888684557],[-98.987312526,20.888787786],[-98.987313633,20.889012526],[-98.987291674,20.889171987],[-98.98727278,20.88931609],[-98.987280585,20.889435985],[-98.987278201,20.889459749],[-98.987254192,20.88952524],[-98.987186028,20.889603122],[-98.987142837,20.889706706],[-98.987102103,20.88975752],[-98.987035066,20.889785006],[-98.986707589,20.889806149],[-98.986648293,20.889830186],[-98.986584845,20.889868547],[-98.986515699,20.889933204],[-98.986230901,20.89015926],[-98.986139137,20.890264285],[-98.986089347,20.890377341],[-98.9860833,20.890419236],[-98.986088415,20.890647416],[-98.986043448,20.890716153],[-98.985954505,20.890809228],[-98.985844527,20.890871879],[-98.985734737,20.890926129],[-98.985532385,20.890949741],[-98.985466892,20.890965253],[-98.985430282,20.891002944],[-98.985414128,20.891039837],[-98.98540284,20.891087631],[-98.985416459,20.891221147],[-98.985420413,20.891272842],[-98.985427084,20.89143143],[-98.985402559,20.891556989],[-98.985384323,20.891629854],[-98.985321219,20.891938316],[-98.985326141,20.892060855],[-98.985359825,20.892153953],[-98.985400771,20.89237924],[-98.98539387,20.892516471],[-98.985394379,20.892550774],[-98.985393526,20.892567379],[-98.985367262,20.892883593],[-98.98534612,20.892937915],[-98.9853178,20.892970487],[-98.985232885,20.892997619],[-98.985118987,20.893018417],[-98.985044637,20.893052961],[-98.985017913,20.893082683],[-98.985009382,20.893121409],[-98.985007901,20.893187642],[-98.985011724,20.89322229],[-98.98510226,20.893492012],[-98.985096246,20.893555276],[-98.98504717,20.89362489],[-98.984991012,20.893668437],[-98.984927773,20.893685913],[-98.984880435,20.893677776],[-98.984833357,20.893658119],[-98.984777825,20.893605163],[-98.984723435,20.893432669],[-98.984701659,20.893309796],[-98.98469828,20.893232422],[-98.984722032,20.89285596],[-98.984698913,20.892747465],[-98.984638478,20.892479778],[-98.984675703,20.89230045]]]]},"properties":{"locality":"Cerro del Águila","municipality":null,"official_key":"130710010","CVE_ENT":"13","CVE_MUN":"071","CVE_LOC":"0010","ambito":"RURAL","geometry_kind":"locality","source":"INEGI Gaia — Servicio vectorial del Marco Geoestadístico"}},{"type":"Feature","geometry":{"type":"MultiPolygon","crs":{"type":"name","properties":{"name":"EPSG:6365"}},"coordinates":[[[[-99.004758264,20.815078291],[-99.004431034,20.815278864],[-99.004152086,20.815499491],[-99.003921414,20.815223705],[-99.003819491,20.815078291],[-99.003728296,20.815003077],[-99.003599549,20.814952933],[-99.003460075,20.814877719],[-99.003374244,20.814767405],[-99.00333133,20.814606946],[-99.003304508,20.814371274],[-99.003288414,20.814165688],[-99.003250863,20.813990185],[-99.003245499,20.813899927],[-99.003256227,20.813639183],[-99.003368881,20.813408521],[-99.003218677,20.813368407],[-99.00295582,20.813328292],[-99.002741244,20.813333307],[-99.002612498,20.813328292],[-99.002591039,20.81315279],[-99.00262859,20.812932159],[-99.002612497,20.812781727],[-99.002489115,20.812405648],[-99.002762701,20.812420692],[-99.003079202,20.812365533],[-99.003519085,20.812185016],[-99.00415745,20.811929282],[-99.004516866,20.811944324],[-99.004758264,20.811984439],[-99.00489774,20.812044612],[-99.004908469,20.812119829],[-99.004844096,20.812225131],[-99.004709984,20.81240565],[-99.004559781,20.812746626],[-99.004522231,20.812892043],[-99.00452223,20.813077574],[-99.004565146,20.813192904],[-99.004602697,20.813458666],[-99.004640248,20.813609096],[-99.004608062,20.813899928],[-99.004667069,20.814115544],[-99.004645612,20.814286031],[-99.004602696,20.81440136],[-99.004538323,20.814501646],[-99.004532958,20.814576862],[-99.004581239,20.814732305],[-99.004661705,20.814917834],[-99.004758264,20.815078291]]]]},"properties":{"locality":"La Concordia","municipality":null,"official_key":"130710011","CVE_ENT":"13","CVE_MUN":"071","CVE_LOC":"0011","ambito":"RURAL","geometry_kind":"locality","source":"INEGI Gaia — Servicio vectorial del Marco Geoestadístico"}},{"type":"Feature","geometry":{"type":"MultiPolygon","crs":{"type":"name","properties":{"name":"EPSG:6365"}},"coordinates":[[[[-98.89411194,20.95351924],[-98.89412749,20.953376939],[-98.89411982,20.953310516],[-98.894100457,20.953285632],[-98.894060735,20.953279061],[-98.894046708,20.953288861],[-98.894006759,20.953358636],[-98.893914394,20.953440311],[-98.893842854,20.953483512],[-98.893759183,20.953520706],[-98.893519792,20.953527359],[-98.893510512,20.953549261],[-98.893403708,20.953658493],[-98.893334488,20.953689737],[-98.893269798,20.953701866],[-98.893170784,20.953695049],[-98.893109801,20.953679402],[-98.893062303,20.953655386],[-98.893006605,20.953587986],[-98.892797274,20.953355153],[-98.892625186,20.953236404],[-98.892510634,20.953138633],[-98.892378249,20.953038338],[-98.892280166,20.952991204],[-98.892207943,20.952975327],[-98.89212839,20.952966985],[-98.892105066,20.953003005],[-98.892061973,20.953053989],[-98.891982334,20.953093664],[-98.891863749,20.95309317],[-98.891761912,20.953075731],[-98.891642325,20.953030079],[-98.891269068,20.952723797],[-98.891241886,20.952882668],[-98.890083675,20.952477803],[-98.888859336,20.952067628],[-98.888508158,20.951995392],[-98.888227138,20.951989663],[-98.887972888,20.952042104],[-98.88775757,20.952068926],[-98.887556633,20.952026415],[-98.887098771,20.951709755],[-98.886805072,20.951544821],[-98.887126912,20.951244061],[-98.887434357,20.950946848],[-98.887554847,20.95086479],[-98.887610473,20.950846717],[-98.887837819,20.950830223],[-98.887914671,20.950838068],[-98.888278757,20.950885779],[-98.888786152,20.951049783],[-98.88924174,20.951155106],[-98.889572167,20.951190651],[-98.889846836,20.951250029],[-98.890568515,20.951343483],[-98.891081178,20.951489819],[-98.891347293,20.951447683],[-98.891577081,20.951458366],[-98.891746262,20.951464811],[-98.891895314,20.951512864],[-98.892040618,20.95158485],[-98.89230055,20.951812231],[-98.892374977,20.951909786],[-98.892654347,20.952125557],[-98.893464126,20.95261623],[-98.893525216,20.952599465],[-98.893664263,20.952527265],[-98.893719796,20.952474373],[-98.893845309,20.95243491],[-98.894031565,20.952393682],[-98.894290429,20.952251889],[-98.894693064,20.95211002],[-98.894769656,20.952113769],[-98.895027135,20.952031972],[-98.895290724,20.951962302],[-98.895649214,20.951894863],[-98.895857556,20.951826831],[-98.896499523,20.951780296],[-98.896448417,20.951668812],[-98.896297599,20.951336814],[-98.896302752,20.951224074],[-98.896267639,20.951084103],[-98.896312717,20.950902547],[-98.89643605,20.950763398],[-98.896619082,20.950584645],[-98.896766675,20.950488056],[-98.896825371,20.950436428],[-98.897187453,20.950251711],[-98.89767873,20.950228083],[-98.897913376,20.950249658],[-98.898079886,20.950344278],[-98.898159757,20.950427534],[-98.89826323,20.950484858],[-98.898370583,20.950484639],[-98.898432614,20.950454686],[-98.898508192,20.950391397],[-98.898621139,20.950259237],[-98.898683613,20.950210086],[-98.898797013,20.950169173],[-98.898909586,20.950164257],[-98.899162225,20.950181394],[-98.899262853,20.950140221],[-98.89938164,20.950087411],[-98.89946977,20.950033979],[-98.899633618,20.94995902],[-98.899100723,20.949792134],[-98.898906,20.949701743],[-98.898593762,20.949608965],[-98.89852433,20.949516318],[-98.898431065,20.949348756],[-98.898388408,20.949314277],[-98.898301936,20.949295713],[-98.898190303,20.949259831],[-98.898046123,20.949194476],[-98.897931924,20.949048098],[-98.897977066,20.948974586],[-98.898518398,20.948663857],[-98.899024294,20.948338],[-98.899739542,20.94810707],[-98.899780216,20.948061078],[-98.899799314,20.948008645],[-98.899777592,20.947952982],[-98.899626401,20.947817498],[-98.89938449,20.947845238],[-98.898996094,20.947841189],[-98.898279542,20.947792057],[-98.898151494,20.947758724],[-98.897720885,20.947503042],[-98.897405117,20.947364092],[-98.897235301,20.947279968],[-98.897114403,20.9472026],[-98.89701265,20.947092969],[-98.896961282,20.947015094],[-98.896965183,20.946934502],[-98.897010268,20.946841301],[-98.897131324,20.946734278],[-98.897303668,20.946741863],[-98.897365094,20.946616101],[-98.897400667,20.946491974],[-98.897501919,20.946090671],[-98.897526591,20.945818424],[-98.897456094,20.945505827],[-98.897372558,20.94540425],[-98.897309725,20.945291568],[-98.897305132,20.945135893],[-98.897312837,20.945079825],[-98.897319871,20.945028631],[-98.897371351,20.944924035],[-98.897503502,20.944813726],[-98.897680669,20.944711685],[-98.897907905,20.944610661],[-98.897945619,20.944571091],[-98.89796862,20.944460155],[-98.898144071,20.944121825],[-98.898302174,20.944004029],[-98.898486802,20.943888694],[-98.898746115,20.943815211],[-98.899159378,20.943804399],[-98.899348776,20.943837058],[-98.899102,20.943987626],[-98.89890858,20.944129675],[-98.898794917,20.944359778],[-98.898785048,20.945054893],[-98.898730952,20.945184406],[-98.898686929,20.94523153],[-98.898567389,20.945361635],[-98.8984677,20.945428757],[-98.898366896,20.94545552],[-98.898308167,20.945795893],[-98.898237498,20.945934671],[-98.898009395,20.946250805],[-98.897823802,20.946496732],[-98.897824392,20.947003826],[-98.898103137,20.947208551],[-98.898104286,20.947208926],[-98.898253,20.947257545],[-98.898580713,20.947321827],[-98.89916885,20.947264628],[-98.899596065,20.947181109],[-98.899990311,20.947040638],[-98.900109413,20.946997537],[-98.900194354,20.946949322],[-98.900574726,20.946768811],[-98.900653736,20.946889502],[-98.900696324,20.947082443],[-98.900681379,20.947287662],[-98.900755851,20.947694456],[-98.900801649,20.947944373],[-98.900919638,20.948048329],[-98.901040622,20.948122093],[-98.901189254,20.948127272],[-98.901300568,20.948154741],[-98.901385644,20.948189602],[-98.901405579,20.948256273],[-98.901413054,20.948331334],[-98.901359386,20.948431085],[-98.901305229,20.948485448],[-98.901239924,20.948524458],[-98.901079822,20.948584593],[-98.900974278,20.94860622],[-98.900735264,20.948630179],[-98.900697412,20.948642376],[-98.900677072,20.948659969],[-98.900592267,20.948779976],[-98.90063248,20.948782342],[-98.900716089,20.948814292],[-98.900749678,20.948820736],[-98.900791363,20.948808617],[-98.900841613,20.948824043],[-98.900874251,20.948938511],[-98.901131516,20.949087791],[-98.901142718,20.949134117],[-98.901057405,20.949309576],[-98.901018781,20.949521997],[-98.901024954,20.949586948],[-98.9012409,20.949732509],[-98.901477063,20.949799247],[-98.901648923,20.949928065],[-98.901736005,20.950009065],[-98.901772835,20.950074638],[-98.901836536,20.950238716],[-98.901940073,20.950737816],[-98.90196239,20.950901054],[-98.901994324,20.950979493],[-98.902098923,20.95103733],[-98.902190118,20.951097982],[-98.902305819,20.951134904],[-98.902395925,20.951151138],[-98.902485865,20.951174572],[-98.90267385,20.951269143],[-98.902908504,20.951468381],[-98.903054395,20.951726324],[-98.903138907,20.951985902],[-98.902518846,20.952474642],[-98.902410302,20.952393208],[-98.902156644,20.952353487],[-98.901619476,20.95230513],[-98.90134609,20.952256363],[-98.901110183,20.952378345],[-98.901087069,20.952393157],[-98.900881376,20.952524961],[-98.900626601,20.952600461],[-98.900001397,20.952845629],[-98.899837284,20.952846619],[-98.899707562,20.952885761],[-98.899394016,20.953049381],[-98.899312178,20.953073649],[-98.899070591,20.953109078],[-98.899009481,20.95314712],[-98.898972015,20.953186936],[-98.898923925,20.953233017],[-98.898861748,20.953269209],[-98.89873612,20.953263776],[-98.898553536,20.953418614],[-98.898233909,20.953668544],[-98.898168065,20.953686414],[-98.897932761,20.953693157],[-98.897819445,20.953689526],[-98.897676754,20.953670299],[-98.897424846,20.953598913],[-98.897084856,20.95353438],[-98.896966404,20.95352813],[-98.896830247,20.953535927],[-98.89680761,20.953542189],[-98.896719686,20.9535865],[-98.896644649,20.95364836],[-98.89649857,20.953731826],[-98.896375703,20.95378407],[-98.896189008,20.953811007],[-98.895972293,20.953902098],[-98.895787082,20.954008776],[-98.895702199,20.954087483],[-98.895549797,20.95432328],[-98.895430235,20.954464907],[-98.89534617,20.95454697],[-98.895300886,20.954581318],[-98.895131489,20.954595927],[-98.894995827,20.954560033],[-98.894827171,20.954491776],[-98.894699002,20.954396972],[-98.894604754,20.954294215],[-98.894485168,20.954026714],[-98.894447843,20.953982738],[-98.894137805,20.953594676],[-98.89411194,20.95351924]]]]},"properties":{"locality":"Coyocala","municipality":null,"official_key":"130710012","CVE_ENT":"13","CVE_MUN":"071","CVE_LOC":"0012","ambito":"RURAL","geometry_kind":"locality","source":"INEGI Gaia — Servicio vectorial del Marco Geoestadístico"}},{"type":"Feature","geometry":{"type":"MultiPolygon","crs":{"type":"name","properties":{"name":"EPSG:6365"}},"coordinates":[[[[-99.063429762,20.78747343],[-99.063606517,20.786955745],[-99.065349678,20.786056898],[-99.066003592,20.785864082],[-99.066796434,20.785679062],[-99.067261558,20.785839232],[-99.066880125,20.786583092],[-99.066742398,20.786735506],[-99.066485635,20.78703294],[-99.066205711,20.787334429],[-99.065946346,20.787536046],[-99.066027163,20.787863245],[-99.065918581,20.787922907],[-99.066261214,20.788011959],[-99.066524804,20.788026557],[-99.06682572,20.788026139],[-99.067137391,20.788403867],[-99.06684919,20.788545401],[-99.066676144,20.788650203],[-99.066483426,20.788736401],[-99.06613034,20.788930998],[-99.066126009,20.789090706],[-99.066167406,20.789269762],[-99.066174784,20.789428211],[-99.066113096,20.789638623],[-99.06601708,20.78980357],[-99.065986656,20.790139673],[-99.066030452,20.790302709],[-99.066028211,20.79049456],[-99.066063519,20.790681396],[-99.066146484,20.790819332],[-99.066453577,20.790967551],[-99.067206418,20.791181604],[-99.067738195,20.791357528],[-99.068480217,20.79174994],[-99.067858707,20.791728431],[-99.067339123,20.791661786],[-99.066989576,20.791790168],[-99.066731359,20.791873975],[-99.066229646,20.791662215],[-99.066095548,20.791631481],[-99.065996312,20.791636173],[-99.065886348,20.791680988],[-99.065642377,20.791776047],[-99.065482221,20.791837356],[-99.065253714,20.791844494],[-99.06515107,20.791801402],[-99.064833849,20.791733233],[-99.064553459,20.79164705],[-99.064378916,20.791635162],[-99.064148818,20.791635489],[-99.064039133,20.791547889],[-99.063870438,20.791670921],[-99.063506229,20.791525809],[-99.062902802,20.791422413],[-99.062562306,20.791185533],[-99.062519459,20.790926667],[-99.062635725,20.790809365],[-99.062870883,20.790690532],[-99.063042106,20.7906261],[-99.063256244,20.790446322],[-99.0637507,20.789940343],[-99.063284227,20.789447744],[-99.062967959,20.788789641],[-99.063271164,20.788573431],[-99.063638744,20.788307069],[-99.06411361,20.78814101],[-99.064415417,20.787937615],[-99.063429762,20.78747343]]]]},"properties":{"locality":"Chichicaxtla","municipality":null,"official_key":"130710013","CVE_ENT":"13","CVE_MUN":"071","CVE_LOC":"0013","ambito":"RURAL","geometry_kind":"locality","source":"INEGI Gaia — Servicio vectorial del Marco Geoestadístico"}},{"type":"Feature","geometry":{"type":"MultiPolygon","crs":{"type":"name","properties":{"name":"EPSG:6365"}},"coordinates":[[[[-98.967901292,20.984165615],[-98.967905563,20.98391079],[-98.96794528,20.983641656],[-98.968102235,20.98350409],[-98.968451876,20.983419909],[-98.969003508,20.983331831],[-98.969175862,20.983341247],[-98.969328692,20.983365586],[-98.969393845,20.983424509],[-98.969426799,20.983550016],[-98.969526969,20.983643246],[-98.969841062,20.984000016],[-98.969752768,20.984060692],[-98.969680353,20.984097678],[-98.969597614,20.984139247],[-98.969485184,20.984137016],[-98.969358061,20.984105677],[-98.969236368,20.984060047],[-98.96881902,20.984079289],[-98.968522512,20.984038697],[-98.968497108,20.98425984],[-98.968457021,20.984392894],[-98.968285915,20.984474867],[-98.968153525,20.984626864],[-98.968042701,20.984687252],[-98.967745691,20.984725132],[-98.967528951,20.98507555],[-98.9673902,20.985175272],[-98.967053426,20.985316164],[-98.966388266,20.98529585],[-98.966259141,20.985230933],[-98.966268716,20.985090799],[-98.966273187,20.984963011],[-98.966495349,20.984798171],[-98.966894216,20.984692483],[-98.96731454,20.984606828],[-98.96758009,20.984512367],[-98.967808218,20.984355929],[-98.967901292,20.984165615]]]]},"properties":{"locality":"Dominí","municipality":null,"official_key":"130710014","CVE_ENT":"13","CVE_MUN":"071","CVE_LOC":"0014","ambito":"RURAL","geometry_kind":"locality","source":"INEGI Gaia — Servicio vectorial del Marco Geoestadístico"}},{"type":"Feature","geometry":{"type":"MultiPolygon","crs":{"type":"name","properties":{"name":"EPSG:6365"}},"coordinates":[[[[-98.940912362,20.98740162],[-98.940511707,20.987960785],[-98.940491691,20.988032693],[-98.940498292,20.988192123],[-98.940874384,20.988889432],[-98.940919985,20.98901397],[-98.940913153,20.98936857],[-98.940776295,20.989615274],[-98.940760094,20.989886355],[-98.940571614,20.99093082],[-98.94054211,20.991224841],[-98.940502677,20.991318092],[-98.940408685,20.991371031],[-98.940265959,20.991320496],[-98.940201161,20.991188156],[-98.940329082,20.990883603],[-98.940385078,20.990617495],[-98.940167053,20.989839001],[-98.939857418,20.989483172],[-98.939044968,20.988895475],[-98.938792507,20.988633622],[-98.938767238,20.988397982],[-98.938747094,20.988060947],[-98.93878012,20.987846649],[-98.938682925,20.987854205],[-98.938607273,20.987944339],[-98.938592164,20.988291491],[-98.93851215,20.988450058],[-98.938352349,20.988643903],[-98.938254731,20.988673584],[-98.938160326,20.988653363],[-98.938119563,20.988542991],[-98.938160363,20.98836695],[-98.938385308,20.987817985],[-98.938430815,20.987686692],[-98.938448431,20.987381369],[-98.938517492,20.986714985],[-98.938526938,20.986565385],[-98.9386332,20.986590092],[-98.938848185,20.986630693],[-98.938998337,20.986688138],[-98.939161169,20.986754909],[-98.939340323,20.986812923],[-98.939458815,20.986845538],[-98.939679492,20.986919524],[-98.939904414,20.987000446],[-98.940137368,20.987101892],[-98.940284154,20.987165308],[-98.940596738,20.987307663],[-98.940912362,20.98740162]]]]},"properties":{"locality":"Raciel Salcedo (El Duraznito)","municipality":null,"official_key":"130710015","CVE_ENT":"13","CVE_MUN":"071","CVE_LOC":"0015","ambito":"RURAL","geometry_kind":"locality","source":"INEGI Gaia — Servicio vectorial del Marco Geoestadístico"}},{"type":"Feature","geometry":{"type":"MultiPolygon","crs":{"type":"name","properties":{"name":"EPSG:6365"}},"coordinates":[[[[-98.95572282,20.803199783],[-98.955774961,20.803031673],[-98.955651947,20.80265638],[-98.955595669,20.802441186],[-98.955536685,20.802178133],[-98.955430071,20.801818979],[-98.95539537,20.80173734],[-98.955315071,20.801638148],[-98.955262454,20.801617444],[-98.955022083,20.801584203],[-98.95494367,20.801532764],[-98.954872675,20.801470004],[-98.954757508,20.80126425],[-98.954693472,20.801090942],[-98.954672352,20.800955243],[-98.954726333,20.800929869],[-98.954960444,20.800837953],[-98.955199921,20.801061968],[-98.955298,20.801209111],[-98.955456606,20.801297789],[-98.955553878,20.801404942],[-98.95568405,20.801609218],[-98.95586929,20.80181718],[-98.956108019,20.802135727],[-98.956277314,20.802252221],[-98.956590077,20.802361277],[-98.956807062,20.802447],[-98.957104065,20.802554063],[-98.957296382,20.80216347],[-98.957252665,20.802093819],[-98.95761527,20.801638731],[-98.957917146,20.801774754],[-98.957968236,20.801493301],[-98.958014086,20.801301486],[-98.957990962,20.80119868],[-98.958101625,20.801140999],[-98.95817006,20.801040686],[-98.95824256,20.800887698],[-98.958551174,20.80089013],[-98.958708403,20.800789683],[-98.958785227,20.800835383],[-98.958848637,20.800966333],[-98.95879302,20.801050389],[-98.958801423,20.801237846],[-98.958532038,20.801343484],[-98.958356441,20.80143454],[-98.958170073,20.801907574],[-98.958004468,20.801829418],[-98.957860322,20.8022076],[-98.957795707,20.802368447],[-98.957636061,20.802600877],[-98.957570754,20.802794247],[-98.957460015,20.802963616],[-98.957352337,20.803077385],[-98.957257954,20.803198738],[-98.957097999,20.803348186],[-98.956734426,20.803612118],[-98.956579631,20.803625352],[-98.956418764,20.803501386],[-98.956279354,20.80332727],[-98.956220333,20.803390924],[-98.95607178,20.803203388],[-98.955950119,20.803268307],[-98.95572282,20.803199783]]]]},"properties":{"locality":"Itztamichapa","municipality":null,"official_key":"130710016","CVE_ENT":"13","CVE_MUN":"071","CVE_LOC":"0016","ambito":"RURAL","geometry_kind":"locality","source":"INEGI Gaia — Servicio vectorial del Marco Geoestadístico"}},{"type":"Feature","geometry":{"type":"MultiPolygon","crs":{"type":"name","properties":{"name":"EPSG:6365"}},"coordinates":[[[[-99.068166003,20.774456811],[-99.067616151,20.774263709],[-99.067350613,20.774178442],[-99.067047522,20.774093175],[-99.066870497,20.774078129],[-99.066677378,20.774027972],[-99.066489624,20.773897566],[-99.06637697,20.773767158],[-99.066317962,20.773666844],[-99.066339421,20.77348628],[-99.066414521,20.773270607],[-99.066452072,20.773082519],[-99.066460119,20.772844273],[-99.066486941,20.772751482],[-99.066580819,20.772590979],[-99.066725658,20.772523267],[-99.06707971,20.772448031],[-99.067313061,20.772377812],[-99.067471311,20.772277498],[-99.067522274,20.772137059],[-99.068357782,20.772533299],[-99.068608567,20.773192863],[-99.068018482,20.773368411],[-99.068166003,20.774456811]]],[[[-99.065317289,20.768699358],[-99.065265128,20.768543425],[-99.065494259,20.76863219],[-99.065647091,20.768731991],[-99.065831591,20.768878323],[-99.066013953,20.76903664],[-99.065806877,20.769168258],[-99.065710872,20.769187564],[-99.065623988,20.769181528],[-99.065562574,20.769153531],[-99.065424585,20.76892077],[-99.065317289,20.768699358]]]]},"properties":{"locality":"Las Manzanas","municipality":null,"official_key":"130710018","CVE_ENT":"13","CVE_MUN":"071","CVE_LOC":"0018","ambito":"RURAL","geometry_kind":"locality","source":"INEGI Gaia — Servicio vectorial del Marco Geoestadístico"}},{"type":"Feature","geometry":{"type":"MultiPolygon","crs":{"type":"name","properties":{"name":"EPSG:6365"}},"coordinates":[[[[-98.888479661,20.964579455],[-98.888779253,20.964530661],[-98.888747226,20.964105211],[-98.888572135,20.96394678],[-98.889020141,20.963157416],[-98.889221433,20.963234269],[-98.889413275,20.963380394],[-98.889452868,20.963558654],[-98.889523627,20.963690363],[-98.889660931,20.96377375],[-98.890094363,20.963905613],[-98.890267622,20.963952316],[-98.890480406,20.963915132],[-98.890818815,20.963898345],[-98.890980569,20.963939586],[-98.891196475,20.964093925],[-98.891283699,20.964173449],[-98.89052661,20.964402697],[-98.889960888,20.964598668],[-98.889503004,20.96483191],[-98.888420107,20.964828505],[-98.887947207,20.964932507],[-98.887069349,20.965287083],[-98.886937081,20.965220076],[-98.886751168,20.965463646],[-98.88655663,20.965776447],[-98.88640403,20.965936663],[-98.886047368,20.965963369],[-98.885677337,20.966112139],[-98.885345462,20.966199878],[-98.884599677,20.966562277],[-98.884570431,20.966581216],[-98.884473784,20.965911493],[-98.88425483,20.965401693],[-98.884143537,20.965091323],[-98.884161045,20.964627109],[-98.884240245,20.964632431],[-98.884280892,20.964628909],[-98.884430154,20.964740585],[-98.88479783,20.964478923],[-98.884865908,20.964441509],[-98.885041738,20.964373754],[-98.88528343,20.964284432],[-98.885308292,20.964327693],[-98.885354292,20.964632508],[-98.885449462,20.964694108],[-98.885773891,20.964709031],[-98.886124537,20.964598323],[-98.886370168,20.964516201],[-98.886561922,20.964469631],[-98.886654091,20.964473139],[-98.886823662,20.964507846],[-98.887002418,20.964736828],[-98.887573352,20.96443329],[-98.888479661,20.964579455]]]]},"properties":{"locality":"Nuevo Reynosa (Cinco Palos)","municipality":null,"official_key":"130710020","CVE_ENT":"13","CVE_MUN":"071","CVE_LOC":"0020","ambito":"RURAL","geometry_kind":"locality","source":"INEGI Gaia — Servicio vectorial del Marco Geoestadístico"}},{"type":"Feature","geometry":{"type":"MultiPolygon","crs":{"type":"name","properties":{"name":"EPSG:6365"}},"coordinates":[[[[-98.999515698,20.938633247],[-98.999404536,20.938437789],[-98.999253984,20.938496292],[-98.999135488,20.938584237],[-98.999076513,20.938661827],[-98.999073229,20.938717464],[-98.999158127,20.939128247],[-98.998671462,20.93933122],[-98.998533329,20.939337482],[-98.998389831,20.939328715],[-98.998161888,20.93924503],[-98.9982609,20.939022252],[-98.99829183,20.938826946],[-98.998293808,20.938646437],[-98.998345013,20.938367018],[-98.998400671,20.93825479],[-98.998512106,20.938136191],[-98.997641494,20.937572648],[-98.99763986,20.937538045],[-98.997786604,20.93704257],[-98.997873667,20.93662763],[-98.997868656,20.936622043],[-98.997201386,20.935878074],[-98.997114289,20.93579569],[-98.997047308,20.935705059],[-98.996996665,20.9354318],[-98.996978867,20.935267229],[-98.99698064,20.935118888],[-98.99700761,20.934940791],[-98.996994939,20.934890123],[-98.996682981,20.934302006],[-98.99696187,20.934516372],[-98.997097243,20.934634279],[-98.997194234,20.934754311],[-98.997222071,20.93481248],[-98.997277498,20.935421479],[-98.997316055,20.935549006],[-98.997348491,20.935607265],[-98.997897594,20.936012775],[-98.998102951,20.936224251],[-98.998280239,20.936456784],[-98.998342142,20.936568923],[-98.998389833,20.93669951],[-98.998437742,20.936889163],[-98.998478347,20.93699368],[-98.998608438,20.937280025],[-98.998672098,20.937382116],[-98.9987169,20.937462788],[-98.998773668,20.937522023],[-98.998977112,20.937675498],[-98.998996256,20.937682523],[-98.999101556,20.937721164],[-98.999428045,20.9379331],[-98.999555201,20.938098861],[-98.999650976,20.938296658],[-98.999734328,20.938409698],[-98.999920878,20.938570864],[-99.000419359,20.938955203],[-99.000558275,20.939052047],[-99.000621618,20.939145488],[-99.000633394,20.939351236],[-99.000603946,20.939663736],[-99.000571916,20.939816764],[-99.000541074,20.940008232],[-99.000501401,20.940028882],[-99.000460297,20.939961353],[-99.000283185,20.939791163],[-99.000232402,20.939684525],[-99.000241312,20.939559853],[-99.000238122,20.939519455],[-99.000188313,20.939460854],[-98.999957649,20.939352602],[-98.999670276,20.939220186],[-98.99960323,20.939109387],[-98.999565949,20.938947313],[-98.999512952,20.938848314],[-98.999515698,20.938633247]]]]},"properties":{"locality":"Palo Perdido","municipality":null,"official_key":"130710021","CVE_ENT":"13","CVE_MUN":"071","CVE_LOC":"0021","ambito":"RURAL","geometry_kind":"locality","source":"INEGI Gaia — Servicio vectorial del Marco Geoestadístico"}},{"type":"Feature","geometry":{"type":"MultiPolygon","crs":{"type":"name","properties":{"name":"EPSG:6365"}},"coordinates":[[[[-99.000287874,20.802729866],[-99.00003592,20.802953047],[-98.999861448,20.803119649],[-98.999571159,20.803324374],[-98.999436841,20.803327497],[-98.999323773,20.803153209],[-98.999373546,20.802971721],[-98.999535976,20.802777695],[-98.999834008,20.802204101],[-99.000279979,20.801009208],[-99.000643114,20.801075172],[-99.00074813,20.800992336],[-99.000836848,20.80086316],[-99.001103829,20.800961553],[-99.00112405,20.801074989],[-99.001639856,20.801104895],[-99.002089424,20.800853791],[-99.002382437,20.800802865],[-99.002582677,20.800768062],[-99.002700814,20.800755492],[-99.002921507,20.800734555],[-99.003188316,20.800711174],[-99.003353639,20.801066144],[-99.00416753,20.80050548],[-99.004306507,20.800635357],[-99.004213396,20.800991736],[-99.004217172,20.801136124],[-99.004315354,20.801381059],[-99.004459344,20.801561044],[-99.004533828,20.801698269],[-99.004535959,20.801846975],[-99.004442294,20.801954559],[-99.004195524,20.80194789],[-99.003868967,20.802543198],[-99.003181963,20.802561349],[-99.002700479,20.802546722],[-99.002180613,20.802677076],[-99.001667733,20.802656611],[-99.001497111,20.802483112],[-99.000883408,20.802428958],[-99.000524511,20.80260799],[-99.000287874,20.802729866]]]]},"properties":{"locality":"San Andrés Miraflores","municipality":null,"official_key":"130710023","CVE_ENT":"13","CVE_MUN":"071","CVE_LOC":"0023","ambito":"RURAL","geometry_kind":"locality","source":"INEGI Gaia — Servicio vectorial del Marco Geoestadístico"}},{"type":"Feature","geometry":{"type":"MultiPolygon","crs":{"type":"name","properties":{"name":"EPSG:6365"}},"coordinates":[[[[-98.926888942,20.805077979],[-98.926734294,20.805007643],[-98.926672718,20.805020806],[-98.926313752,20.804998207],[-98.926052147,20.805005418],[-98.925713055,20.805096532],[-98.925498472,20.805101808],[-98.925402933,20.805081637],[-98.92535266,20.805047013],[-98.925326105,20.805002305],[-98.925320252,20.80494553],[-98.925326582,20.804891882],[-98.925343833,20.804851897],[-98.925380786,20.804798866],[-98.925456901,20.8047303],[-98.925655627,20.804614271],[-98.92574025,20.804575645],[-98.925950955,20.804516514],[-98.926079814,20.804508548],[-98.926231976,20.804508734],[-98.926437933,20.804523449],[-98.926787288,20.804609232],[-98.927141711,20.804651905],[-98.927314828,20.804673638],[-98.927500734,20.804716756],[-98.927919795,20.804746324],[-98.927875719,20.804663812],[-98.927817914,20.804601189],[-98.927546079,20.804474717],[-98.927306239,20.804333524],[-98.926986857,20.804104212],[-98.926773692,20.803951163],[-98.926500059,20.803814089],[-98.925925356,20.80357876],[-98.925749616,20.803537766],[-98.925675713,20.803519153],[-98.925672421,20.803518324],[-98.92565991,20.803513746],[-98.925651671,20.803513098],[-98.925546533,20.803486618],[-98.925155424,20.803485455],[-98.925089599,20.803461081],[-98.925060544,20.803436488],[-98.925052254,20.803396949],[-98.925081435,20.803326476],[-98.925257965,20.803198477],[-98.925343616,20.803114738],[-98.92536442,20.803008566],[-98.92537559,20.802966539],[-98.925265458,20.802825078],[-98.925181181,20.802759039],[-98.925123661,20.802683937],[-98.925090684,20.80260741],[-98.925090394,20.802530582],[-98.92509749,20.802443338],[-98.925120305,20.802383301],[-98.925186845,20.802286694],[-98.925331613,20.802207989],[-98.925440843,20.802165058],[-98.925583021,20.802110307],[-98.926009198,20.802006545],[-98.926049379,20.80199103],[-98.926212352,20.80187524],[-98.926285811,20.801833508],[-98.92644723,20.801785866],[-98.92650887,20.801769823],[-98.926574964,20.801737545],[-98.926595124,20.801704342],[-98.926583167,20.801646484],[-98.926556394,20.801611375],[-98.926522148,20.801590518],[-98.926459211,20.801573885],[-98.92628451,20.801606469],[-98.926249216,20.801612434],[-98.926246001,20.801613652],[-98.925697198,20.801716012],[-98.925649375,20.801708326],[-98.925617411,20.801676952],[-98.925613832,20.801654793],[-98.925617966,20.801607823],[-98.925658024,20.801552934],[-98.925895038,20.80141463],[-98.926010633,20.801361264],[-98.926271889,20.801189838],[-98.926342373,20.801144205],[-98.926682402,20.800966683],[-98.926837717,20.800917958],[-98.926937685,20.800922853],[-98.926991173,20.80095082],[-98.927056319,20.801004947],[-98.927162412,20.801144406],[-98.927258727,20.801309594],[-98.927598102,20.801967504],[-98.927685509,20.802030723],[-98.927770743,20.80209966],[-98.927830136,20.802137347],[-98.928026948,20.802284394],[-98.928140283,20.802375023],[-98.928216118,20.80240824],[-98.928316955,20.802419874],[-98.928416058,20.802418029],[-98.928460956,20.802374761],[-98.928465958,20.802334529],[-98.928435917,20.80221869],[-98.928360335,20.802084649],[-98.928358089,20.80200394],[-98.928376105,20.801930361],[-98.928431736,20.801864262],[-98.928491683,20.801832819],[-98.92855769,20.80180438],[-98.928645497,20.801805189],[-98.928712926,20.801848798],[-98.928803879,20.801969306],[-98.928855392,20.80206157],[-98.928904791,20.802134586],[-98.928936693,20.802303278],[-98.928933195,20.802456852],[-98.928875253,20.802871008],[-98.928800246,20.803025544],[-98.928717163,20.803086289],[-98.928703088,20.803098969],[-98.928588726,20.803187893],[-98.928502778,20.803239938],[-98.92846194,20.803284249],[-98.928446709,20.803325234],[-98.928403005,20.803360845],[-98.928401351,20.80338866],[-98.928475883,20.803434334],[-98.928537268,20.803519114],[-98.928571261,20.803640795],[-98.928609476,20.803711666],[-98.928568703,20.803753097],[-98.928503577,20.803698009],[-98.928349862,20.803631535],[-98.928275564,20.803620435],[-98.928186305,20.80359367],[-98.928139939,20.803566808],[-98.928079977,20.803554077],[-98.928070505,20.80356637],[-98.928088828,20.803613792],[-98.928149521,20.803684156],[-98.928219729,20.803740306],[-98.928255034,20.803804396],[-98.92807501,20.803737784],[-98.928054634,20.803734109],[-98.927945438,20.803676876],[-98.927572916,20.803621837],[-98.927350975,20.803546785],[-98.927314953,20.803536763],[-98.927250509,20.803518833],[-98.927350949,20.803639051],[-98.92737081,20.803708592],[-98.927449797,20.803805252],[-98.927794002,20.804143083],[-98.927795918,20.804144963],[-98.927858415,20.804193476],[-98.928012284,20.804278431],[-98.928097666,20.804325573],[-98.928381142,20.8044566],[-98.928447451,20.804553028],[-98.928474556,20.804592442],[-98.928554823,20.804632949],[-98.928749173,20.804708886],[-98.928748615,20.804733361],[-98.928737504,20.804750422],[-98.928638197,20.804806039],[-98.928478069,20.804841706],[-98.928339519,20.804804346],[-98.928231806,20.804767973],[-98.928269065,20.804835944],[-98.928270778,20.804850383],[-98.928268621,20.804984299],[-98.928262251,20.805308747],[-98.928312344,20.805530621],[-98.928334712,20.80565831],[-98.928350635,20.805743856],[-98.928408603,20.805889066],[-98.92848685,20.806040687],[-98.928502199,20.806151429],[-98.928477017,20.806248151],[-98.928429005,20.806338411],[-98.92834705,20.806461598],[-98.928278025,20.806536518],[-98.928238902,20.806640016],[-98.928276092,20.806752815],[-98.928329846,20.806843063],[-98.928379569,20.806916523],[-98.928452215,20.807040123],[-98.928506261,20.807162062],[-98.928573722,20.807259078],[-98.928720369,20.807365123],[-98.928775954,20.807399938],[-98.928824385,20.807481908],[-98.928853137,20.807523385],[-98.928892999,20.807592569],[-98.928896246,20.807672938],[-98.928926985,20.807803093],[-98.929001168,20.807939109],[-98.929111585,20.808108431],[-98.929109072,20.808203296],[-98.929102665,20.808204134],[-98.929102416,20.808204259],[-98.928810337,20.808204138],[-98.928624691,20.80826417],[-98.92854,20.808343631],[-98.928371614,20.808363339],[-98.928197277,20.8083428],[-98.928028277,20.808252754],[-98.927835246,20.808153769],[-98.927558276,20.8079982],[-98.927368677,20.80791717],[-98.927245337,20.807811308],[-98.927199015,20.807709663],[-98.927193815,20.807626169],[-98.92720363,20.807543647],[-98.927271291,20.807478401],[-98.927541692,20.807147478],[-98.927904845,20.806766447],[-98.927954,20.806708801],[-98.928041677,20.806577169],[-98.928058526,20.806555719],[-98.928137447,20.806453598],[-98.9282478,20.80629435],[-98.928268332,20.806212978],[-98.928277766,20.806157471],[-98.928268193,20.806129431],[-98.928070762,20.805874819],[-98.92792287,20.805642332],[-98.927789773,20.805522496],[-98.927643815,20.805429289],[-98.927470856,20.805355703],[-98.927240909,20.805273287],[-98.927083351,20.80519617],[-98.926888942,20.805077979]]],[[[-98.928950782,20.812858535],[-98.928698669,20.812829452],[-98.92839752,20.812823387],[-98.928238942,20.812779381],[-98.928135426,20.81272808],[-98.928036204,20.812656461],[-98.928015686,20.812604432],[-98.928008722,20.812517866],[-98.92803993,20.812436869],[-98.928037131,20.812279566],[-98.92842165,20.81247098],[-98.92844449,20.81240671],[-98.92853205,20.81222102],[-98.928805091,20.811940126],[-98.928931508,20.811714602],[-98.929301004,20.811073848],[-98.929301204,20.811009032],[-98.929284897,20.810940283],[-98.929253624,20.810912045],[-98.929143746,20.810747784],[-98.929070501,20.810712699],[-98.928840145,20.810664643],[-98.928540085,20.810667002],[-98.928379624,20.810705783],[-98.928297857,20.810652521],[-98.927887356,20.810627447],[-98.927761949,20.810640526],[-98.927680794,20.8106725],[-98.92749637,20.810810428],[-98.927427027,20.810828237],[-98.927346801,20.810819418],[-98.927296032,20.810806392],[-98.927247087,20.810769394],[-98.927218613,20.810730409],[-98.927176222,20.810629926],[-98.927135152,20.810583484],[-98.927093453,20.810564638],[-98.92700074,20.810543564],[-98.926889187,20.810508907],[-98.926501611,20.810262224],[-98.926391527,20.810219194],[-98.926287111,20.810207487],[-98.926136457,20.810208052],[-98.926028341,20.810246684],[-98.925956883,20.810245244],[-98.925904949,20.810227392],[-98.925852258,20.810186718],[-98.925811736,20.81011628],[-98.926225325,20.810005781],[-98.926403459,20.809975762],[-98.926507501,20.809947849],[-98.92654807,20.809904254],[-98.926592148,20.809818715],[-98.926677925,20.809752024],[-98.9268303,20.80967587],[-98.927248044,20.809382997],[-98.92778483,20.809300184],[-98.927963282,20.809312181],[-98.928212816,20.809285998],[-98.928362457,20.809302545],[-98.92842841,20.809309835],[-98.928905298,20.809222449],[-98.92896234,20.809184226],[-98.929000248,20.809134094],[-98.929442615,20.809287909],[-98.929523317,20.809305954],[-98.929559389,20.80933645],[-98.9295562,20.809379538],[-98.929554953,20.80939081],[-98.929540867,20.809463603],[-98.929507368,20.809521986],[-98.929434285,20.80956949],[-98.929389476,20.809653573],[-98.929291336,20.809725059],[-98.929043224,20.809856904],[-98.92895356,20.80989255],[-98.928839559,20.809920503],[-98.928803882,20.80993995],[-98.928798862,20.809958575],[-98.928801301,20.809985993],[-98.928923069,20.810087834],[-98.929153489,20.810194745],[-98.929300444,20.810266845],[-98.929346588,20.810344741],[-98.929443188,20.810581962],[-98.929516212,20.810761285],[-98.929519247,20.810796157],[-98.929504036,20.810847466],[-98.929461263,20.81093183],[-98.92941984,20.811069038],[-98.929393527,20.811103319],[-98.929378928,20.811239866],[-98.929289927,20.811448137],[-98.929280814,20.811567989],[-98.929322798,20.81168647],[-98.929524299,20.811919796],[-98.929593989,20.811942806],[-98.929852918,20.81195282],[-98.930196955,20.811813301],[-98.930499748,20.811690958],[-98.930855937,20.811634507],[-98.930935072,20.811691316],[-98.930971031,20.81179407],[-98.930936262,20.811919408],[-98.930843369,20.812018369],[-98.930662299,20.812065141],[-98.929926162,20.812380423],[-98.929738785,20.812479882],[-98.929666588,20.812589342],[-98.929465242,20.812595852],[-98.929324359,20.812638149],[-98.929059993,20.812855613],[-98.928950782,20.812858535]]]]},"properties":{"locality":"San Marcos","municipality":null,"official_key":"130710024","CVE_ENT":"13","CVE_MUN":"071","CVE_LOC":"0024","ambito":"RURAL","geometry_kind":"locality","source":"INEGI Gaia — Servicio vectorial del Marco Geoestadístico"}},{"type":"Feature","geometry":{"type":"MultiPolygon","crs":{"type":"name","properties":{"name":"EPSG:6365"}},"coordinates":[[[[-99.029832195,20.906190545],[-99.029998124,20.906266759],[-99.030094629,20.906339703],[-99.030131122,20.90644605],[-99.030266428,20.906706054],[-99.030520606,20.906858892],[-99.030595018,20.906914119],[-99.030635585,20.906928353],[-99.030688622,20.906933226],[-99.03077473,20.906921457],[-99.030835982,20.90692457],[-99.030906773,20.906958598],[-99.0309502,20.907028587],[-99.031057767,20.907063332],[-99.031117834,20.9071202],[-99.031217835,20.907220099],[-99.031473762,20.907386415],[-99.031522541,20.907416006],[-99.031700102,20.907442626],[-99.031776369,20.907034195],[-99.032290924,20.907157076],[-99.032321109,20.90727416],[-99.032333789,20.907533697],[-99.03230827,20.907671491],[-99.032269802,20.90774757],[-99.032198558,20.907826852],[-99.03188157,20.908112631],[-99.031848499,20.908129273],[-99.031805635,20.908126519],[-99.031722626,20.908090332],[-99.031615691,20.908026791],[-99.03151817,20.907999925],[-99.031440445,20.908002254],[-99.031384942,20.90801654],[-99.031310458,20.908057346],[-99.031242567,20.908077153],[-99.031191319,20.908083838],[-99.031107761,20.90807261],[-99.030996106,20.908037786],[-99.030655168,20.90791064],[-99.030382599,20.907757443],[-99.030299232,20.907737575],[-99.030267161,20.907755197],[-99.030190358,20.907808443],[-99.03016367,20.907813685],[-99.030108673,20.907804932],[-99.030049057,20.907774002],[-99.029929344,20.907641066],[-99.029774713,20.907376844],[-99.029694616,20.907301339],[-99.029780453,20.907491956],[-99.029737489,20.907702394],[-99.02980154,20.90804216],[-99.029850519,20.908254388],[-99.029882556,20.908307831],[-99.030054268,20.908400004],[-99.030160582,20.908445288],[-99.030204476,20.908424534],[-99.030234209,20.908350686],[-99.030308221,20.908354528],[-99.030361219,20.908384369],[-99.030406412,20.908536502],[-99.030379793,20.908816883],[-99.030339368,20.908912131],[-99.030263716,20.908982684],[-99.030143044,20.909009146],[-99.029941135,20.908986317],[-99.030392156,20.909258979],[-99.030372555,20.90976038],[-99.030538531,20.910086935],[-99.031041711,20.910290984],[-99.03094891,20.911106022],[-99.030136831,20.911440493],[-99.029510806,20.911885644],[-99.02927102,20.912180461],[-99.029282271,20.912265],[-99.029311336,20.912283485],[-99.029348599,20.912331748],[-99.029380806,20.912539808],[-99.029406317,20.912564794],[-99.029482558,20.912583564],[-99.029869432,20.912651701],[-99.030179049,20.912631691],[-99.030298165,20.912652735],[-99.030391072,20.912680472],[-99.030654318,20.912839729],[-99.030665753,20.912877405],[-99.030471366,20.912932684],[-99.0301854,20.913108624],[-99.030081109,20.913180061],[-99.029900123,20.913183742],[-99.029751128,20.913196687],[-99.029547864,20.913237387],[-99.029535977,20.91324094],[-99.029533898,20.913241149],[-99.029384305,20.913286265],[-99.029312049,20.913357714],[-99.029276401,20.913423134],[-99.029232619,20.91348024],[-99.029198354,20.91353354],[-99.029162187,20.913586841],[-99.02910508,20.913674405],[-99.029070815,20.913733415],[-99.02903084,20.913782907],[-99.028985154,20.91382098],[-99.028922337,20.913857148],[-99.028857616,20.91387999],[-99.028777665,20.913899025],[-99.028663452,20.913925675],[-99.028560658,20.913948518],[-99.028478746,20.91397957],[-99.028443054,20.914033109],[-99.028437105,20.914128286],[-99.028475771,20.914277002],[-99.028559053,20.914476283],[-99.028624488,20.914723151],[-99.028633411,20.914919458],[-99.028627461,20.914978944],[-99.028618539,20.915026533],[-99.028579873,20.915086019],[-99.028520386,20.915124685],[-99.028443053,20.915154429],[-99.028374644,20.915166327],[-99.02830326,20.915166327],[-99.028208081,20.915151454],[-99.028148595,20.915142532],[-99.028092084,20.915133608],[-99.028038546,20.915154429],[-99.027964188,20.915202018],[-99.027982034,20.915118738],[-99.028008802,20.915080072],[-99.028062339,20.915026534],[-99.028127775,20.915008687],[-99.028181313,20.914987866],[-99.028231876,20.91495515],[-99.028273518,20.914856997],[-99.028282441,20.914758844],[-99.028243773,20.914648793],[-99.028175365,20.914541719],[-99.028080186,20.914410848],[-99.027949315,20.914294848],[-99.027895777,20.914220491],[-99.027871984,20.914143159],[-99.027869008,20.914071775],[-99.02788983,20.913946853],[-99.027889829,20.913887366],[-99.027898753,20.913723778],[-99.027916598,20.913634548],[-99.027952289,20.913545319],[-99.028008803,20.913456089],[-99.028068289,20.913414449],[-99.028172391,20.913346039],[-99.028312184,20.9132925],[-99.028410337,20.91325681],[-99.028511463,20.913224091],[-99.028609615,20.913218142],[-99.028734537,20.913218142],[-99.028915972,20.913227066],[-99.029020677,20.913097463],[-99.029048516,20.912910394],[-99.029037749,20.912761331],[-99.029007861,20.912668316],[-99.028984127,20.912643846],[-99.028873125,20.912579263],[-99.028722119,20.912590728],[-99.028564946,20.912640783],[-99.028558721,20.912642766],[-99.028249133,20.912719568],[-99.028203186,20.912717473],[-99.028118076,20.912695408],[-99.028086408,20.912625167],[-99.028024224,20.912548329],[-99.027778845,20.91226265],[-99.02770128,20.91189861],[-99.027629298,20.911744755],[-99.027500465,20.911619802],[-99.027469712,20.911534589],[-99.02751763,20.911420865],[-99.027567744,20.911349815],[-99.027598121,20.911304791],[-99.027795277,20.911228203],[-99.027878196,20.911175798],[-99.02792262,20.911131047],[-99.027950443,20.911085972],[-99.027942642,20.911034202],[-99.027788767,20.910828333],[-99.027724374,20.910735847],[-99.02776103,20.910464064],[-99.027765841,20.910419742],[-99.027740558,20.910349624],[-99.027660446,20.910274838],[-99.027560754,20.910218878],[-99.027354324,20.910136829],[-99.027180514,20.910081826],[-99.026909255,20.910042929],[-99.026841198,20.910000789],[-99.026809002,20.909954546],[-99.026789729,20.909843731],[-99.026834147,20.909741359],[-99.026925946,20.90963391],[-99.027065178,20.90951898],[-99.027163983,20.909499297],[-99.027452159,20.909524118],[-99.027565223,20.909495109],[-99.027688899,20.9094483],[-99.027786341,20.909374571],[-99.027855179,20.909265473],[-99.02791524,20.908941347],[-99.027983963,20.908755399],[-99.027965986,20.908585789],[-99.027772851,20.90819069],[-99.0277779,20.908135568],[-99.027805695,20.908091694],[-99.027846877,20.908078091],[-99.027960388,20.908083521],[-99.028491666,20.908299481],[-99.028640839,20.908301425],[-99.028552564,20.908179664],[-99.028550171,20.908174036],[-99.028503983,20.908065398],[-99.028441164,20.907855301],[-99.028391967,20.907583528],[-99.028496699,20.907213916],[-99.028472631,20.90702253],[-99.028216059,20.907107136],[-99.028033414,20.907140071],[-99.027860508,20.907102132],[-99.027683898,20.907046834],[-99.027698789,20.907014887],[-99.02770777,20.906983917],[-99.028050564,20.906733222],[-99.028063288,20.906712343],[-99.02807868,20.906199822],[-99.02811443,20.906154421],[-99.028309152,20.906037211],[-99.02839274,20.905954329],[-99.028477132,20.905834969],[-99.028543063,20.905811285],[-99.02863458,20.905832273],[-99.028679106,20.905852347],[-99.029175824,20.905786101],[-99.029198113,20.905785538],[-99.029310037,20.905782711],[-99.029388342,20.905822931],[-99.029388986,20.905823262],[-99.029395822,20.905831018],[-99.029566588,20.906024789],[-99.029590365,20.906041351],[-99.029753822,20.906155212],[-99.029832195,20.906190545]]]]},"properties":{"locality":"Santiago","municipality":null,"official_key":"130710025","CVE_ENT":"13","CVE_MUN":"071","CVE_LOC":"0025","ambito":"RURAL","geometry_kind":"locality","source":"INEGI Gaia — Servicio vectorial del Marco Geoestadístico"}},{"type":"Feature","geometry":{"type":"MultiPolygon","crs":{"type":"name","properties":{"name":"EPSG:6365"}},"coordinates":[[[[-98.894749785,20.862219647],[-98.894749831,20.862155615],[-98.894788923,20.862097539],[-98.894876815,20.862092308],[-98.894911353,20.862104693],[-98.894951769,20.862132385],[-98.895003307,20.862162631],[-98.895093754,20.862177324],[-98.89519483,20.862163031],[-98.895385184,20.862052432],[-98.895600553,20.8618816],[-98.896045271,20.861609143],[-98.896199448,20.861504987],[-98.896225886,20.861488239],[-98.896505966,20.861359108],[-98.896812893,20.861252032],[-98.896999593,20.861219338],[-98.896912469,20.861321425],[-98.896788903,20.861429829],[-98.89645841,20.861539786],[-98.896367005,20.861582582],[-98.896163476,20.861749492],[-98.896149619,20.861762385],[-98.896117224,20.861792525],[-98.896055245,20.861893986],[-98.895830876,20.862196739],[-98.895647753,20.862448263],[-98.89551223,20.862593231],[-98.895351431,20.862705632],[-98.895219877,20.862735263],[-98.89518271,20.86272985],[-98.895209845,20.862676924],[-98.895183938,20.862559586],[-98.895108184,20.862500801],[-98.895024277,20.862472232],[-98.8949082,20.862436],[-98.894846708,20.862405538],[-98.894764784,20.862338108],[-98.894741554,20.862266386],[-98.894749785,20.862219647]]],[[[-98.896679414,20.87210577],[-98.896773954,20.872055323],[-98.896995492,20.872176386],[-98.89728063,20.872230123],[-98.897315153,20.872243324],[-98.897298199,20.872260662],[-98.897220308,20.872339354],[-98.897128645,20.872411015],[-98.897063184,20.872449909],[-98.8969912,20.872458063],[-98.896897415,20.872441616],[-98.896858169,20.872419047],[-98.896784046,20.872359569],[-98.896696831,20.872298046],[-98.896672846,20.872283692],[-98.896634322,20.872256015],[-98.896643476,20.872214446],[-98.896653291,20.872177709],[-98.896679414,20.87210577]]],[[[-98.898589523,20.873639355],[-98.898706277,20.87360877],[-98.898774092,20.873558109],[-98.898807785,20.873419123],[-98.898790014,20.873355354],[-98.898697754,20.873227786],[-98.898653707,20.87313797],[-98.898554954,20.873107523],[-98.898497277,20.873065616],[-98.898421123,20.872948586],[-98.898300922,20.872814292],[-98.898221445,20.872751662],[-98.898099354,20.872688047],[-98.897982445,20.872657862],[-98.897930476,20.872634231],[-98.897708676,20.872460509],[-98.897584599,20.8723462],[-98.897521508,20.872281063],[-98.897540631,20.872246047],[-98.897615337,20.8720778],[-98.897730092,20.871988432],[-98.897876107,20.871720308],[-98.89800383,20.871384463],[-98.898007184,20.871339647],[-98.898068215,20.870932785],[-98.898090077,20.870775939],[-98.898064662,20.870627324],[-98.898031708,20.870508677],[-98.897958337,20.870147955],[-98.897880338,20.869880832],[-98.897827154,20.869690492],[-98.897756231,20.869463431],[-98.897681692,20.869339863],[-98.897667569,20.869196308],[-98.897649831,20.869149554],[-98.897596599,20.869042692],[-98.897564691,20.868912462],[-98.897575446,20.868785615],[-98.897621707,20.868688815],[-98.897657308,20.868588678],[-98.897638769,20.868480077],[-98.897594553,20.86838437],[-98.897514937,20.868261615],[-98.897300775,20.867722858],[-98.896625271,20.867384601],[-98.895714149,20.86644743],[-98.895887465,20.866287388],[-98.89648086,20.866789365],[-98.896562584,20.866720628],[-98.897102962,20.867055404],[-98.897133722,20.867249826],[-98.898587152,20.867468412],[-98.899591223,20.867805745],[-98.900961518,20.868505372],[-98.901335111,20.869140019],[-98.901166009,20.86959904],[-98.900621412,20.869864148],[-98.900718337,20.870130063],[-98.900961123,20.870608263],[-98.900983985,20.870761909],[-98.901063677,20.870915815],[-98.901051292,20.871010724],[-98.901026615,20.871068585],[-98.900982215,20.871126432],[-98.900920585,20.871161124],[-98.900849107,20.871188863],[-98.900745569,20.871218909],[-98.900652876,20.871292369],[-98.900329246,20.872134139],[-98.9001008,20.872500677],[-98.900004168,20.872626739],[-98.899878215,20.872706677],[-98.899752554,20.872798493],[-98.8996344,20.872956],[-98.899574123,20.873146754],[-98.899611337,20.8733258],[-98.899558046,20.873503569],[-98.899363985,20.873678601],[-98.899330338,20.873680139],[-98.899155722,20.873649415],[-98.899057923,20.873662478],[-98.898915815,20.873745509],[-98.898859908,20.873769539],[-98.898771414,20.873791369],[-98.898703891,20.873789138],[-98.898677938,20.873787692],[-98.898573137,20.873733677],[-98.898533,20.873685309],[-98.898589523,20.873639355]]]]},"properties":{"locality":"Tlaxcantitla","municipality":null,"official_key":"130710027","CVE_ENT":"13","CVE_MUN":"071","CVE_LOC":"0027","ambito":"RURAL","geometry_kind":"locality","source":"INEGI Gaia — Servicio vectorial del Marco Geoestadístico"}},{"type":"Feature","geometry":{"type":"MultiPolygon","crs":{"type":"name","properties":{"name":"EPSG:6365"}},"coordinates":[[[[-98.989233806,20.914151992],[-98.988724187,20.914064299],[-98.988700046,20.913871377],[-98.988700047,20.913778672],[-98.988756374,20.913706012],[-98.988793925,20.913668429],[-98.988855614,20.913638364],[-98.988938764,20.913630847],[-98.989252582,20.913643376],[-98.989319637,20.913640869],[-98.989365235,20.913630847],[-98.989418878,20.913583243],[-98.989552989,20.913370274],[-98.989606634,20.913322669],[-98.98963882,20.913310143],[-98.989676372,20.913330186],[-98.989692465,20.913350231],[-98.989676372,20.913515595],[-98.989625408,20.913773661],[-98.989582494,20.913856342],[-98.989488616,20.913929002],[-98.989381328,20.913971595],[-98.989300861,20.91401419],[-98.989252583,20.914061793],[-98.989233806,20.914151992]]],[[[-98.987533876,20.913705709],[-98.987604953,20.913692015],[-98.987692446,20.913736524],[-98.987790861,20.913808432],[-98.9879148,20.9138906],[-98.988199082,20.914068009],[-98.988329941,20.914302349],[-98.988590195,20.914503646],[-98.988702589,20.914561165],[-98.988775726,20.914698386],[-98.98884507,20.914713861],[-98.988708518,20.915239776],[-98.988600612,20.915540672],[-98.988378484,20.915788456],[-98.988036769,20.915975891],[-98.987983326,20.916076925],[-98.987955076,20.916278593],[-98.987864801,20.916511605],[-98.987826023,20.916546817],[-98.987785904,20.916565117],[-98.987693817,20.91659469],[-98.987582954,20.916609231],[-98.987411646,20.916615293],[-98.987239538,20.916691218],[-98.987095012,20.91682807],[-98.986780445,20.917502477],[-98.986745108,20.917546446],[-98.986660738,20.917609876],[-98.986526656,20.917595628],[-98.986623937,20.917497693],[-98.98668023,20.917426754],[-98.986698015,20.917364154],[-98.986695061,20.917262601],[-98.986704154,20.917178954],[-98.986710614,20.917114831],[-98.986733691,20.917022093],[-98.986757954,20.916928186],[-98.986814753,20.91678517],[-98.986891923,20.916583846],[-98.986924862,20.916511678],[-98.987016322,20.916405523],[-98.987238877,20.916297247],[-98.987367676,20.916209539],[-98.987425384,20.916103663],[-98.987443445,20.915928001],[-98.987453246,20.915859447],[-98.987452662,20.915799815],[-98.987458138,20.915691893],[-98.987491614,20.915520432],[-98.987493768,20.915212877],[-98.987372123,20.915033632],[-98.987367262,20.914926415],[-98.98741983,20.914774938],[-98.987442215,20.914425908],[-98.987525384,20.914017554],[-98.987497415,20.913730555],[-98.987533876,20.913705709]]]]},"properties":{"locality":"El Venado","municipality":null,"official_key":"130710029","CVE_ENT":"13","CVE_MUN":"071","CVE_LOC":"0029","ambito":"RURAL","geometry_kind":"locality","source":"INEGI Gaia — Servicio vectorial del Marco Geoestadístico"}},{"type":"Feature","geometry":{"type":"MultiPolygon","crs":{"type":"name","properties":{"name":"EPSG:6365"}},"coordinates":[[[[-98.917366978,20.982411741],[-98.917299906,20.982326352],[-98.917271413,20.982342584],[-98.917183874,20.982369628],[-98.917153374,20.982361809],[-98.917137081,20.982291851],[-98.917152384,20.982181713],[-98.917141201,20.982111859],[-98.9171143,20.982058494],[-98.9170799,20.981997774],[-98.917056379,20.981908462],[-98.916870857,20.98174865],[-98.91710813,20.981540713],[-98.917124033,20.981426746],[-98.917132682,20.981361613],[-98.917169906,20.981298978],[-98.917212977,20.981248946],[-98.91735182,20.981124977],[-98.917375066,20.981055017],[-98.917209822,20.980902819],[-98.917075176,20.980921708],[-98.916980232,20.980993022],[-98.91694976,20.980984003],[-98.916968526,20.980945966],[-98.916978047,20.980920948],[-98.916972153,20.98089922],[-98.916854349,20.980852423],[-98.91685612,20.980719203],[-98.916626157,20.980658135],[-98.916524029,20.980652472],[-98.916494121,20.980674677],[-98.916364901,20.98084734],[-98.916112585,20.980925079],[-98.915938618,20.980927083],[-98.915923357,20.980927259],[-98.915922655,20.980978227],[-98.915889129,20.981141011],[-98.915799273,20.981278753],[-98.915606155,20.981824705],[-98.915249419,20.981797156],[-98.915197119,20.98166067],[-98.915048255,20.981444041],[-98.91517566,20.981142264],[-98.915439859,20.98080292],[-98.915678576,20.980549979],[-98.916059448,20.980539962],[-98.916191762,20.980366964],[-98.916263959,20.98023443],[-98.916393212,20.980108497],[-98.91655465,20.979991328],[-98.916946877,20.979806185],[-98.917222763,20.979776045],[-98.917602065,20.979759706],[-98.918451653,20.979737857],[-98.918854984,20.979618986],[-98.919097742,20.979571486],[-98.919347937,20.979555803],[-98.919498449,20.979557041],[-98.919610261,20.979587802],[-98.919680583,20.979693632],[-98.919728107,20.979900889],[-98.919812855,20.980151799],[-98.919937947,20.98038453],[-98.919958444,20.980483884],[-98.920015155,20.980571971],[-98.920078294,20.980605058],[-98.920169912,20.980623293],[-98.920433191,20.98059645],[-98.920560234,20.980626609],[-98.92071523,20.980788771],[-98.9209346,20.981018551],[-98.920369463,20.981635238],[-98.920500139,20.981681085],[-98.920657825,20.981720419],[-98.920870808,20.981837518],[-98.92110391,20.982036009],[-98.921074422,20.982070012],[-98.920554087,20.981888641],[-98.920362996,20.981870054],[-98.920249689,20.981813899],[-98.920190579,20.981759907],[-98.919785463,20.981536869],[-98.919736462,20.981508622],[-98.919678074,20.98178215],[-98.918698378,20.981943528],[-98.918659522,20.981955212],[-98.918457434,20.982015978],[-98.918036055,20.982108316],[-98.917987661,20.982124627],[-98.917726891,20.982212521],[-98.917661196,20.982290428],[-98.917366978,20.982411741]]]]},"properties":{"locality":"Xilocuatitla (El Puerto de Xilocuatitla)","municipality":null,"official_key":"130710030","CVE_ENT":"13","CVE_MUN":"071","CVE_LOC":"0030","ambito":"RURAL","geometry_kind":"locality","source":"INEGI Gaia — Servicio vectorial del Marco Geoestadístico"}},{"type":"Feature","geometry":{"type":"MultiPolygon","crs":{"type":"name","properties":{"name":"EPSG:6365"}},"coordinates":[[[[-98.913613861,20.908219078],[-98.913629323,20.908215124],[-98.913796461,20.908229724],[-98.91391863,20.908275954],[-98.914032322,20.908414524],[-98.914054785,20.908434324],[-98.914141831,20.908497693],[-98.914296307,20.908553169],[-98.914359538,20.908587401],[-98.914587723,20.908807709],[-98.914681799,20.908907955],[-98.914765831,20.908999923],[-98.914817277,20.909041216],[-98.915027736,20.909177114],[-98.915141288,20.90945974],[-98.91537822,20.909777445],[-98.915412203,20.909991918],[-98.915739297,20.909980002],[-98.915896006,20.910030953],[-98.915980683,20.910139775],[-98.916040943,20.910217285],[-98.916111932,20.910237167],[-98.916106024,20.910536223],[-98.916012454,20.910573382],[-98.915845377,20.910529106],[-98.915254801,20.910090274],[-98.914949089,20.909848159],[-98.914848262,20.909694641],[-98.914894984,20.909651674],[-98.914559354,20.909204063],[-98.914536938,20.909175632],[-98.914282199,20.908874216],[-98.913969538,20.908578092],[-98.913610507,20.908266986],[-98.913588876,20.908246647],[-98.913613861,20.908219078]]]]},"properties":{"locality":"Zaragoza","municipality":null,"official_key":"130710033","CVE_ENT":"13","CVE_MUN":"071","CVE_LOC":"0033","ambito":"RURAL","geometry_kind":"locality","source":"INEGI Gaia — Servicio vectorial del Marco Geoestadístico"}},{"type":"Feature","geometry":{"type":"MultiPolygon","crs":{"type":"name","properties":{"name":"EPSG:6365"}},"coordinates":[[[[-98.934958433,20.925451211],[-98.934802864,20.925589004],[-98.934352253,20.925606541],[-98.934301291,20.925751847],[-98.934333479,20.926180254],[-98.934183275,20.926172738],[-98.934051847,20.926190275],[-98.933944559,20.926195285],[-98.933493947,20.92680407],[-98.933150625,20.927097188],[-98.932898496,20.927124747],[-98.932783161,20.927217443],[-98.93275634,20.927207421],[-98.93274561,20.927177358],[-98.932925319,20.927014514],[-98.933198904,20.926794049],[-98.933397388,20.926608659],[-98.9334859,20.926465858],[-98.933767532,20.926085053],[-98.934014295,20.9257293],[-98.934067939,20.925701741],[-98.934234236,20.925320937],[-98.934478317,20.925027814],[-98.934607063,20.925085436],[-98.934802864,20.925343484],[-98.934958433,20.925451211]]],[[[-98.937106169,20.931057831],[-98.937054954,20.9310318],[-98.936945584,20.931038262],[-98.936893768,20.931057247],[-98.936859861,20.93106997],[-98.936499337,20.93094177],[-98.936253846,20.930912862],[-98.936174108,20.930920585],[-98.936027045,20.930922155],[-98.935901354,20.930820047],[-98.935827462,20.930783077],[-98.935889953,20.930554186],[-98.935892308,20.930496923],[-98.935894784,20.930386985],[-98.935870431,20.930313677],[-98.935736307,20.930244923],[-98.935577753,20.930254015],[-98.935448462,20.930313524],[-98.935243584,20.930311154],[-98.935092368,20.9302882],[-98.935019199,20.930265263],[-98.934972876,20.930221723],[-98.934941215,20.930127816],[-98.934907077,20.93008657],[-98.934774046,20.930044015],[-98.934728461,20.930042862],[-98.934535368,20.930055185],[-98.934333876,20.930040463],[-98.934276476,20.930022093],[-98.9342102,20.929978738],[-98.93416323,20.929935385],[-98.934148153,20.929874709],[-98.934153199,20.929834524],[-98.934193508,20.929773077],[-98.934270738,20.929699046],[-98.934409168,20.929597924],[-98.934541137,20.929468524],[-98.934605338,20.929416108],[-98.934784814,20.929349216],[-98.935207923,20.929404755],[-98.935275261,20.929392138],[-98.935310615,20.929368446],[-98.935436585,20.929251385],[-98.935658353,20.929061201],[-98.935930184,20.928900139],[-98.936140031,20.928725615],[-98.936316476,20.928613754],[-98.936609845,20.928500555],[-98.936698584,20.928406201],[-98.936757754,20.928313215],[-98.936757845,20.928100815],[-98.93664963,20.927808509],[-98.936579108,20.927551462],[-98.936567368,20.927458877],[-98.936593876,20.927403615],[-98.936657199,20.927288954],[-98.936785,20.927180586],[-98.936816076,20.927159108],[-98.936959907,20.92733337],[-98.937042462,20.927462123],[-98.937098876,20.927579555],[-98.937148584,20.927689432],[-98.937175431,20.927792969],[-98.937195554,20.927904092],[-98.937214353,20.927988878],[-98.937221584,20.928107232],[-98.937233646,20.928239246],[-98.937220676,20.928356523],[-98.937256615,20.928356538],[-98.937390108,20.928363016],[-98.937400277,20.928602462],[-98.937418508,20.92876137],[-98.937449369,20.928841155],[-98.937495662,20.928931816],[-98.937594092,20.929026124],[-98.937640414,20.929053338],[-98.937809414,20.929173769],[-98.937918877,20.929286263],[-98.938011985,20.929409139],[-98.938099676,20.929550123],[-98.938118138,20.929597246],[-98.938133368,20.929628415],[-98.938232291,20.929713077],[-98.938290585,20.929751263],[-98.938377815,20.929771432],[-98.938504108,20.9297756],[-98.9385918,20.929771277],[-98.938663614,20.929723724],[-98.938714307,20.929668231],[-98.938791846,20.929392],[-98.938817999,20.929379523],[-98.938887845,20.929442186],[-98.938957692,20.929524216],[-98.939021169,20.929616693],[-98.939067184,20.929698738],[-98.939078277,20.929765846],[-98.939076646,20.929867247],[-98.939111553,20.9299612],[-98.939111523,20.930037262],[-98.939103507,20.930153138],[-98.939006892,20.930322769],[-98.939006261,20.930343309],[-98.939011862,20.930399646],[-98.939026046,20.930454523],[-98.939092491,20.930586878],[-98.939140753,20.930670892],[-98.939162108,20.930711046],[-98.939184307,20.930736554],[-98.939243092,20.930748693],[-98.939326246,20.930755446],[-98.939200708,20.930816109],[-98.939139368,20.930824309],[-98.939037138,20.930835246],[-98.938975814,20.930821508],[-98.938950507,20.930820139],[-98.938746877,20.930777246],[-98.93870963,20.930777246],[-98.938584384,20.930783554],[-98.938480553,20.930817415],[-98.938392569,20.930775001],[-98.938271937,20.930757246],[-98.938133277,20.930812431],[-98.938109708,20.930841508],[-98.937945108,20.931032216],[-98.937793354,20.931100755],[-98.9377416,20.931212986],[-98.937720107,20.931305554],[-98.937604385,20.931374215],[-98.937504661,20.931431092],[-98.937434277,20.931426478],[-98.937362184,20.931316615],[-98.937161537,20.931091646],[-98.937106169,20.931057831]]]]},"properties":{"locality":"La Unión","municipality":null,"official_key":"130710035","CVE_ENT":"13","CVE_MUN":"071","CVE_LOC":"0035","ambito":"RURAL","geometry_kind":"locality","source":"INEGI Gaia — Servicio vectorial del Marco Geoestadístico"}},{"type":"Feature","geometry":{"type":"MultiPolygon","crs":{"type":"name","properties":{"name":"EPSG:6365"}},"coordinates":[[[[-98.904018486,20.97704697],[-98.903880351,20.977233551],[-98.903736854,20.977356895],[-98.903663763,20.977413558],[-98.903589331,20.977465213],[-98.903507524,20.977506535],[-98.903389507,20.977537841],[-98.903294288,20.97754285],[-98.90300327,20.977451438],[-98.902873183,20.977451439],[-98.902755165,20.977465212],[-98.902625077,20.977541598],[-98.902166421,20.977233552],[-98.902339422,20.977113339],[-98.902747118,20.976964325],[-98.903058255,20.976895451],[-98.903116592,20.976903591],[-98.903191025,20.976939279],[-98.903288924,20.976981856],[-98.903581285,20.977083285],[-98.903728807,20.977115844],[-98.903848165,20.977100816],[-98.904018486,20.97704697]]],[[[-98.896311799,20.982188139],[-98.896130971,20.982226658],[-98.896086169,20.982446153],[-98.896001134,20.982547941],[-98.89587546,20.982549493],[-98.895396881,20.982324876],[-98.895125403,20.982180012],[-98.894852872,20.982017424],[-98.894547628,20.981928614],[-98.894260896,20.981776524],[-98.894265051,20.981690461],[-98.894339548,20.981576054],[-98.894312122,20.98145664],[-98.894713699,20.981371375],[-98.894884605,20.981381278],[-98.894904552,20.98132595],[-98.894923572,20.981121912],[-98.89484562,20.981034458],[-98.894781176,20.980889211],[-98.894744825,20.980783004],[-98.894383174,20.980433127],[-98.894300474,20.980288609],[-98.893953262,20.98000382],[-98.893618748,20.979915703],[-98.893311993,20.979844613],[-98.892983914,20.979814687],[-98.892470137,20.979903323],[-98.892310369,20.979924493],[-98.891750077,20.9796338],[-98.891388569,20.979594231],[-98.891047985,20.979613311],[-98.891188784,20.979557754],[-98.891381137,20.9794932],[-98.891528815,20.979309031],[-98.891721168,20.979189831],[-98.891867479,20.979145578],[-98.892043984,20.979169169],[-98.892146312,20.979201925],[-98.892283763,20.97924968],[-98.892438056,20.97925691],[-98.8925732,20.979210446],[-98.892656553,20.979202847],[-98.892853007,20.979169944],[-98.893202437,20.979175795],[-98.893589417,20.979211699],[-98.893707631,20.97915577],[-98.893745968,20.979004538],[-98.893777445,20.978937878],[-98.894080168,20.978676493],[-98.894284361,20.9784915],[-98.89436201,20.97845895],[-98.894609501,20.978447967],[-98.894768609,20.978464184],[-98.894910738,20.978495155],[-98.895072184,20.978524401],[-98.895406676,20.978555338],[-98.895560245,20.978563662],[-98.8957222,20.978635323],[-98.895893584,20.978724986],[-98.896034584,20.978803601],[-98.896153908,20.978900078],[-98.896246246,20.979014339],[-98.896302276,20.979078431],[-98.896340323,20.979111062],[-98.896422,20.979139601],[-98.896538337,20.979172277],[-98.896605984,20.979197662],[-98.896638722,20.979267754],[-98.896679569,20.979357924],[-98.896771262,20.979450493],[-98.896944769,20.979519754],[-98.897080031,20.979522492],[-98.897241015,20.979545124],[-98.897466369,20.979651938],[-98.897789415,20.979791892],[-98.897914891,20.979863509],[-98.8980694,20.97998037],[-98.898164323,20.980072263],[-98.898147231,20.980071816],[-98.897931385,20.980060401],[-98.897625877,20.980144632],[-98.897456214,20.980118892],[-98.897157831,20.98008537],[-98.8969244,20.980028154],[-98.896541337,20.980016554],[-98.896185677,20.979964786],[-98.896013035,20.979943646],[-98.896149339,20.979995687],[-98.896178352,20.980032702],[-98.89618712,20.980130671],[-98.896246591,20.980150203],[-98.896295335,20.980179752],[-98.896322389,20.980212684],[-98.89632262,20.980265652],[-98.89629122,20.980312169],[-98.896241045,20.980323627],[-98.896196232,20.980335085],[-98.896205065,20.98039162],[-98.896313624,20.980391936],[-98.896363174,20.980422303],[-98.896394341,20.980469755],[-98.896398685,20.980517207],[-98.896407373,20.980602096],[-98.896381835,20.980666686],[-98.896411223,20.980725746],[-98.896711015,20.980804877],[-98.896871308,20.980831292],[-98.897046308,20.9808264],[-98.897194585,20.980828985],[-98.897424291,20.980899308],[-98.897608645,20.980903185],[-98.89772483,20.980957139],[-98.897773553,20.9810026],[-98.897725492,20.981011524],[-98.897522215,20.981027538],[-98.897167323,20.981038815],[-98.896756354,20.981079046],[-98.896688522,20.981115631],[-98.896616523,20.981237031],[-98.896640999,20.981497278],[-98.896679953,20.981669832],[-98.896840122,20.981831847],[-98.896813323,20.98194557],[-98.896749584,20.982005278],[-98.896599554,20.982059169],[-98.896311799,20.982188139]]]]},"properties":{"locality":"Nuevo Monterrey","municipality":null,"official_key":"130710037","CVE_ENT":"13","CVE_MUN":"071","CVE_LOC":"0037","ambito":"RURAL","geometry_kind":"locality","source":"INEGI Gaia — Servicio vectorial del Marco Geoestadístico"}},{"type":"Feature","geometry":{"type":"MultiPolygon","crs":{"type":"name","properties":{"name":"EPSG:6365"}},"coordinates":[[[[-99.012100414,20.752057062],[-99.011570722,20.752030323],[-99.011543969,20.752030323],[-99.011551292,20.751956985],[-99.011672122,20.751275093],[-99.011797584,20.750834247],[-99.011918507,20.750436723],[-99.011965077,20.750496154],[-99.011994882,20.750688537],[-99.011997301,20.750826646],[-99.012023353,20.750988431],[-99.012175266,20.751331101],[-99.01220035,20.751576936],[-99.012100414,20.752057062]]]]},"properties":{"locality":"El Palmar","municipality":null,"official_key":"130710038","CVE_ENT":"13","CVE_MUN":"071","CVE_LOC":"0038","ambito":"RURAL","geometry_kind":"locality","source":"INEGI Gaia — Servicio vectorial del Marco Geoestadístico"}},{"type":"Feature","geometry":{"type":"MultiPolygon","crs":{"type":"name","properties":{"name":"EPSG:6365"}},"coordinates":[[[[-98.972455259,20.810285435],[-98.972295258,20.810162224],[-98.971933923,20.809949619],[-98.971898988,20.809928008],[-98.971674129,20.809942284],[-98.971552776,20.809903023],[-98.971374317,20.809906593],[-98.971238688,20.809924438],[-98.971160728,20.809942568],[-98.97115177,20.809944652],[-98.970972345,20.809940897],[-98.970911446,20.809924082],[-98.970760055,20.80990067],[-98.970640845,20.809922309],[-98.970562145,20.809959156],[-98.970473046,20.8100042],[-98.970390518,20.810040973],[-98.970201098,20.810062417],[-98.970002539,20.809979249],[-98.968897297,20.809360505],[-98.968751816,20.809282197],[-98.969004462,20.808899505],[-98.969147814,20.808911356],[-98.969655193,20.808630354],[-98.969873666,20.808991799],[-98.969965301,20.809032631],[-98.970060801,20.809043531],[-98.97036196,20.809039311],[-98.970687524,20.80892673],[-98.970985989,20.808829887],[-98.971434675,20.808624539],[-98.971560787,20.808565052],[-98.971653585,20.808548396],[-98.971736867,20.808548396],[-98.971822526,20.808572191],[-98.971917705,20.808629299],[-98.972029542,20.808745891],[-98.972131857,20.808867244],[-98.972203241,20.808898177],[-98.972305876,20.80890722],[-98.972568806,20.808867193],[-98.972626368,20.808896184],[-98.972611299,20.808941093],[-98.972612137,20.808972896],[-98.972636882,20.808990028],[-98.973112069,20.809164914],[-98.973889332,20.809374621],[-98.974219926,20.809441847],[-98.974190518,20.809557698],[-98.974190674,20.809664532],[-98.974040946,20.80996525],[-98.973953452,20.810166373],[-98.973883049,20.810288613],[-98.973871026,20.810312382],[-98.973765152,20.810365497],[-98.973592307,20.810389027],[-98.97343015,20.810361802],[-98.972884085,20.810231389],[-98.972829805,20.810376895],[-98.972455259,20.810285435]]]]},"properties":{"locality":"Lázaro Cárdenas","municipality":null,"official_key":"130710040","CVE_ENT":"13","CVE_MUN":"071","CVE_LOC":"0040","ambito":"RURAL","geometry_kind":"locality","source":"INEGI Gaia — Servicio vectorial del Marco Geoestadístico"}},{"type":"Feature","geometry":{"type":"MultiPolygon","crs":{"type":"name","properties":{"name":"EPSG:6365"}},"coordinates":[[[[-98.928501639,20.919429679],[-98.928311282,20.919376141],[-98.92794544,20.919242296],[-98.927817544,20.91918281],[-98.927540932,20.919057888],[-98.927418984,20.91898353],[-98.92732678,20.918909172],[-98.927252422,20.918840762],[-98.927184012,20.918730712],[-98.927118577,20.918617688],[-98.927076937,20.918570099],[-98.926999604,20.918510612],[-98.926833042,20.918427331],[-98.926734889,20.918379742],[-98.926785453,20.918352973],[-98.926847914,20.918320255],[-98.926892528,20.918284563],[-98.926910374,20.918245897],[-98.926940118,20.91814477],[-98.926978784,20.918079335],[-98.927053142,20.918016874],[-98.927124526,20.917984156],[-98.927291088,20.917930618],[-98.927344626,20.918043643],[-98.927404113,20.918156667],[-98.927460625,20.918228051],[-98.92752606,20.918287538],[-98.927582572,20.918367844],[-98.92761529,20.918451125],[-98.92763611,20.918516561],[-98.927671802,20.918570099],[-98.927769955,20.918715841],[-98.927868107,20.918831839],[-98.92796626,20.918927018],[-98.928064413,20.919010299],[-98.928150668,20.919066811],[-98.928216104,20.919120349],[-98.928284513,20.919188758],[-98.928376717,20.919286911],[-98.92845405,20.919364244],[-98.928501639,20.919429679]]]]},"properties":{"locality":"El Borbollón","municipality":null,"official_key":"130710065","CVE_ENT":"13","CVE_MUN":"071","CVE_LOC":"0065","ambito":"RURAL","geometry_kind":"locality","source":"INEGI Gaia — Servicio vectorial del Marco Geoestadístico"}},{"type":"Feature","geometry":{"type":"MultiPolygon","crs":{"type":"name","properties":{"name":"EPSG:6365"}},"coordinates":[[[[-98.909402085,20.913781625],[-98.909520438,20.913817642],[-98.909593194,20.913832362],[-98.9096636,20.91382923],[-98.90968774,20.913871197],[-98.909707858,20.913884352],[-98.909758819,20.913868067],[-98.909832579,20.914082286],[-98.909713221,20.914217584],[-98.909600568,20.914225099],[-98.909686399,20.914271452],[-98.909739373,20.914448714],[-98.909639462,20.914480659],[-98.909738703,20.91462723],[-98.90987013,20.914708658],[-98.910021677,20.914614703],[-98.910132987,20.914889055],[-98.909827216,20.915299953],[-98.909826546,20.915336908],[-98.909622028,20.915208502],[-98.909376604,20.915033119],[-98.909233107,20.915001802],[-98.90906815,20.914998042],[-98.908877713,20.915039382],[-98.908774449,20.915094503],[-98.908596081,20.915243579],[-98.908542437,20.915267382],[-98.908495499,20.915190966],[-98.908504886,20.914988019],[-98.908516286,20.914955449],[-98.908297016,20.914828922],[-98.90797381,20.914248901],[-98.908044888,20.914003362],[-98.907945645,20.913827977],[-98.908343955,20.913442131],[-98.908624245,20.913794153],[-98.908762378,20.914065373],[-98.908775119,20.91396437],[-98.908797248,20.913832049],[-98.908824739,20.91376174],[-98.90889959,20.913695794],[-98.9089503,20.913679958],[-98.908998076,20.913715934],[-98.909138308,20.913912126],[-98.90916953,20.913834838],[-98.909206117,20.913780099],[-98.909263197,20.913760192],[-98.909402085,20.913781625]]]]},"properties":{"locality":"Calderones","municipality":null,"official_key":"130710066","CVE_ENT":"13","CVE_MUN":"071","CVE_LOC":"0066","ambito":"RURAL","geometry_kind":"locality","source":"INEGI Gaia — Servicio vectorial del Marco Geoestadístico"}},{"type":"Feature","geometry":{"type":"MultiPolygon","crs":{"type":"name","properties":{"name":"EPSG:6365"}},"coordinates":[[[[-99.017798854,20.939281296],[-99.0176111,20.938998222],[-99.017570867,20.938872968],[-99.017565502,20.938757735],[-99.017578912,20.938687592],[-99.017627193,20.938650015],[-99.017702295,20.93865252],[-99.017852498,20.938665046],[-99.017946376,20.938655026],[-99.018126083,20.938519751],[-99.018313839,20.939078384],[-99.018128766,20.939143517],[-99.018048299,20.939035798],[-99.018016113,20.939035799],[-99.017997338,20.939053334],[-99.017975879,20.939291315],[-99.017844451,20.939238709],[-99.017798854,20.939281296]]],[[[-99.01351318,20.937479535],[-99.01387257,20.937704235],[-99.014609584,20.938131334],[-99.015017953,20.938294416],[-99.015153553,20.938357786],[-99.015512061,20.938617969],[-99.015906399,20.938957278],[-99.015975,20.938999647],[-99.016374754,20.939189678],[-99.016717107,20.939389831],[-99.017203614,20.939714308],[-99.017366354,20.939855186],[-99.017542968,20.940040493],[-99.017660199,20.94017997],[-99.017686491,20.940227539],[-99.017731537,20.940331508],[-99.017770968,20.940437246],[-99.017824154,20.940522815],[-99.017990923,20.940653278],[-99.018171123,20.940805386],[-99.01833143,20.940935954],[-99.018494425,20.941119357],[-99.018943905,20.941500689],[-99.019256771,20.941704806],[-99.019351951,20.941836724],[-99.019443323,20.942116615],[-99.019525945,20.942327176],[-99.019089112,20.942286549],[-99.018481522,20.942063832],[-99.018449508,20.942045801],[-99.018080169,20.941712738],[-99.017874676,20.941368462],[-99.017603291,20.940916724],[-99.017566708,20.940476385],[-99.017306184,20.940283815],[-99.017235414,20.940232293],[-99.017019477,20.940051969],[-99.016859953,20.939953092],[-99.016676153,20.939867585],[-99.016569062,20.939804569],[-99.016444385,20.939695031],[-99.016368568,20.939623278],[-99.016308322,20.939583692],[-99.016132185,20.939515323],[-99.015415853,20.939167315],[-99.015054201,20.938903429],[-99.014877293,20.938906488],[-99.014680489,20.938972231],[-99.014374528,20.938831072],[-99.013844304,20.93858329],[-99.013691833,20.938577585],[-99.01356082,20.938601939],[-99.013009431,20.938823892],[-99.012891308,20.938808047],[-99.012674031,20.938750631],[-99.0125152,20.938644909],[-99.012473184,20.938583554],[-99.012494185,20.938500262],[-99.012536184,20.938465201],[-99.012634215,20.938430124],[-99.012806922,20.938362186],[-99.012855937,20.938327109],[-99.013056707,20.938143847],[-99.013162061,20.938023923],[-99.013224477,20.93791257],[-99.013221938,20.937855385],[-99.013182599,20.937780339],[-99.013131845,20.937758908],[-99.013089984,20.937766062],[-99.013044322,20.937773215],[-99.012831199,20.937848263],[-99.012663754,20.937932847],[-99.012495631,20.937999078],[-99.012363999,20.938019909],[-99.012276707,20.938008201],[-99.012224061,20.937983492],[-99.012192184,20.937954863],[-99.012175554,20.937905431],[-99.012194953,20.937858585],[-99.012232185,20.937782709],[-99.012613414,20.937459015],[-99.012743876,20.9373886],[-99.012855799,20.937364109],[-99.01300603,20.937359785],[-99.013217599,20.937395754],[-99.013307507,20.937421785],[-99.01351318,20.937479535]]]]},"properties":{"locality":"El Duraznito","municipality":null,"official_key":"130710069","CVE_ENT":"13","CVE_MUN":"071","CVE_LOC":"0069","ambito":"RURAL","geometry_kind":"locality","source":"INEGI Gaia — Servicio vectorial del Marco Geoestadístico"}},{"type":"Feature","geometry":{"type":"MultiPolygon","crs":{"type":"name","properties":{"name":"EPSG:6365"}},"coordinates":[[[[-98.912053128,20.98593447],[-98.911895417,20.986066938],[-98.912205964,20.985954986],[-98.912321177,20.985947713],[-98.912554381,20.985993358],[-98.912649501,20.986011976],[-98.91267005,20.986014811],[-98.91297571,20.986056987],[-98.912994905,20.986075262],[-98.913084451,20.986160514],[-98.913148347,20.986221346],[-98.913736628,20.986655816],[-98.913735937,20.986661068],[-98.913712644,20.986837825],[-98.913441006,20.987178079],[-98.913312339,20.987437669],[-98.913211292,20.987496132],[-98.913124208,20.987547674],[-98.912953457,20.987568712],[-98.912457821,20.987553014],[-98.912413702,20.987626947],[-98.912405233,20.988000157],[-98.912366513,20.988329383],[-98.91224397,20.988625375],[-98.912226107,20.98866852],[-98.912261798,20.988735757],[-98.912326208,20.988756081],[-98.912354636,20.988765051],[-98.912725945,20.988734854],[-98.91290631,20.988943632],[-98.912853916,20.989239914],[-98.912874818,20.989475304],[-98.911930484,20.989927117],[-98.911651601,20.989896454],[-98.911182065,20.989903782],[-98.91098564,20.989927862],[-98.910842541,20.989889001],[-98.910755769,20.989797551],[-98.910610257,20.989408966],[-98.910596217,20.989134665],[-98.910527923,20.98884015],[-98.91057896,20.988593489],[-98.910797673,20.988340253],[-98.910788547,20.988190722],[-98.91076601,20.988041189],[-98.91064853,20.987937328],[-98.910381044,20.987784051],[-98.910342779,20.987688067],[-98.910537988,20.987157498],[-98.910350975,20.98709301],[-98.909980134,20.98679313],[-98.909818504,20.9865809],[-98.909749579,20.986463538],[-98.909521857,20.985811746],[-98.909369239,20.985831104],[-98.909267846,20.985804708],[-98.909247451,20.985591641],[-98.909362232,20.985030272],[-98.909647954,20.984922372],[-98.910465913,20.984734108],[-98.910695159,20.984717069],[-98.911419349,20.984925286],[-98.911899453,20.984735681],[-98.912038904,20.984777192],[-98.91216663,20.984929676],[-98.912267533,20.985087169],[-98.912430012,20.985792219],[-98.912265172,20.985829512],[-98.912053128,20.98593447]]]]},"properties":{"locality":"La Nueva Era","municipality":null,"official_key":"130710078","CVE_ENT":"13","CVE_MUN":"071","CVE_LOC":"0078","ambito":"RURAL","geometry_kind":"locality","source":"INEGI Gaia — Servicio vectorial del Marco Geoestadístico"}},{"type":"Feature","geometry":{"type":"MultiPolygon","crs":{"type":"name","properties":{"name":"EPSG:6365"}},"coordinates":[[[[-98.946139971,20.91939342],[-98.945965843,20.919474182],[-98.94566297,20.919324445],[-98.945330808,20.919245449],[-98.945111732,20.919112511],[-98.945059817,20.919039547],[-98.945036457,20.918861053],[-98.945072882,20.918666914],[-98.945159142,20.91820097],[-98.945119767,20.917870381],[-98.94514026,20.917760394],[-98.945481654,20.917277354],[-98.945541417,20.917141317],[-98.9455529,20.916990245],[-98.945606883,20.916929644],[-98.945685335,20.916943739],[-98.945743673,20.917074335],[-98.945796646,20.917234996],[-98.945863703,20.917158579],[-98.94593344,20.917003243],[-98.946085657,20.916720871],[-98.946194954,20.91672913],[-98.946233848,20.91662539],[-98.946536937,20.916534723],[-98.946518163,20.91686795],[-98.946746149,20.91687797],[-98.946826617,20.916865443],[-98.947009304,20.917113163],[-98.947114206,20.917170467],[-98.947192585,20.917169824],[-98.947311792,20.917171045],[-98.94742414,20.917165971],[-98.947501314,20.917163343],[-98.94754033,20.917248279],[-98.947489614,20.917460741],[-98.947759313,20.917728335],[-98.947583273,20.917989407],[-98.947366998,20.918255492],[-98.947210005,20.918229967],[-98.947082516,20.918282111],[-98.946965756,20.918364321],[-98.946825945,20.918713202],[-98.946707259,20.918939941],[-98.946609357,20.919042662],[-98.946456471,20.919137868],[-98.946349184,20.919172944],[-98.94637064,20.919298215],[-98.946139971,20.91939342]]]]},"properties":{"locality":"Lindavista","municipality":null,"official_key":"130710094","CVE_ENT":"13","CVE_MUN":"071","CVE_LOC":"0094","ambito":"RURAL","geometry_kind":"locality","source":"INEGI Gaia — Servicio vectorial del Marco Geoestadístico"}},{"type":"Feature","geometry":{"type":"MultiPolygon","crs":{"type":"name","properties":{"name":"EPSG:6365"}},"coordinates":[[[[-98.954186534,21.023260832],[-98.954106798,21.023138575],[-98.953625734,21.023313922],[-98.953749622,21.023444034],[-98.95347308,21.023657615],[-98.953269274,21.023512296],[-98.952589909,21.023006116],[-98.952571011,21.023019089],[-98.952524545,21.02303833],[-98.952428806,21.023065233],[-98.952389802,21.023072058],[-98.952131319,21.023013116],[-98.95197682,21.022969695],[-98.951366356,21.022824973],[-98.951194194,21.022838823],[-98.951025253,21.022891155],[-98.95095973,21.022893688],[-98.950772209,21.022863053],[-98.95071256,21.022877228],[-98.950571725,21.022953172],[-98.950510031,21.022967306],[-98.950430324,21.022963794],[-98.950388295,21.022922618],[-98.950395734,21.02286514],[-98.950513292,21.022823308],[-98.950629675,21.022743036],[-98.950728917,21.022696996],[-98.950887416,21.02265406],[-98.951006809,21.022654243],[-98.951474417,21.022208618],[-98.951603215,21.022094565],[-98.95144955,21.021867371],[-98.951557861,21.02168957],[-98.951805848,21.021239635],[-98.951720484,21.021137754],[-98.951535032,21.021178185],[-98.951023967,21.020943276],[-98.950845494,21.020758666],[-98.950867272,21.020498777],[-98.950760255,21.02020391],[-98.950741751,21.020066778],[-98.950782176,21.019720953],[-98.950760216,21.019674414],[-98.950692214,21.019628397],[-98.950505535,21.019538232],[-98.950379777,21.019468011],[-98.950313961,21.019393225],[-98.950268605,21.019295797],[-98.950251505,21.01917012],[-98.950256758,21.019141412],[-98.95027862,21.019124562],[-98.95029252,21.019120518],[-98.950317771,21.019133327],[-98.950352978,21.01920421],[-98.95040955,21.019282524],[-98.950440767,21.019315562],[-98.950468312,21.019341323],[-98.950520304,21.019360369],[-98.951154691,21.019464275],[-98.951219163,21.019496775],[-98.95126055,21.019532416],[-98.951296798,21.019625581],[-98.951346533,21.0196878],[-98.951396921,21.01972122],[-98.951481814,21.019755329],[-98.951640071,21.019768092],[-98.951810131,21.019767885],[-98.952067609,21.019690188],[-98.952164982,21.019681326],[-98.952268613,21.019735017],[-98.952315385,21.019815185],[-98.952347449,21.019980297],[-98.952352183,21.020110048],[-98.952318024,21.020287952],[-98.952347009,21.020396078],[-98.952373033,21.020471154],[-98.952431248,21.020488647],[-98.952493192,21.020487765],[-98.952600453,21.02044664],[-98.95279842,21.020385157],[-98.953262789,21.020407998],[-98.9534632,21.020442805],[-98.95360326,21.020509516],[-98.953691964,21.020608591],[-98.9537742,21.020655257],[-98.954000769,21.020666063],[-98.954136635,21.020616104],[-98.954294392,21.020692138],[-98.954353597,21.020815095],[-98.954385978,21.020840408],[-98.95439125,21.020803884],[-98.954506479,21.020816164],[-98.954546605,21.020973659],[-98.954674388,21.021153072],[-98.954716802,21.02133673],[-98.954752253,21.021441058],[-98.954844025,21.021655902],[-98.95495302,21.021812519],[-98.955210075,21.022086504],[-98.955320061,21.022132276],[-98.955405877,21.022209339],[-98.955473189,21.022297022],[-98.955487758,21.022381765],[-98.955464425,21.02248268],[-98.955299746,21.022574089],[-98.955099258,21.022669829],[-98.955015073,21.022728657],[-98.955025642,21.022768168],[-98.954864708,21.022828347],[-98.95466481,21.022957324],[-98.95467723,21.023046308],[-98.954650728,21.023181109],[-98.954597785,21.023221571],[-98.954662872,21.023539],[-98.954679421,21.023684342],[-98.954614118,21.023734709],[-98.954481091,21.023725921],[-98.954356735,21.0236105],[-98.954186534,21.023260832]]]]},"properties":{"locality":"Xuchiatipa","municipality":null,"official_key":"130710097","CVE_ENT":"13","CVE_MUN":"071","CVE_LOC":"0097","ambito":"RURAL","geometry_kind":"locality","source":"INEGI Gaia — Servicio vectorial del Marco Geoestadístico"}},{"type":"Feature","geometry":{"type":"Polygon","coordinates":[[[-98.950529,20.9253669],[-98.950545,20.9252665],[-98.9504269,20.9252664],[-98.9501578,20.9252915],[-98.9498908,20.9252688],[-98.9496507,20.9253349],[-98.9494515,20.9254002],[-98.94937,20.9254238],[-98.9492769,20.9254912],[-98.9491458,20.9255261],[-98.9490043,20.9254849],[-98.9488646,20.9254931],[-98.9487463,20.9255175],[-98.9485986,20.9255753],[-98.9485115,20.9252678],[-98.9484105,20.9249411],[-98.9483315,20.9246059],[-98.948034,20.9242449],[-98.9479991,20.9239508],[-98.9479157,20.9237511],[-98.9479205,20.9233616],[-98.9479489,20.9231093],[-98.947956,20.9230663],[-98.9479963,20.9228241],[-98.9480153,20.9226736],[-98.9480531,20.9224415],[-98.9481711,20.9222467],[-98.9482985,20.92199],[-98.9483881,20.9217554],[-98.9484661,20.9215441],[-98.9485374,20.921298],[-98.948568,20.9210816],[-98.9485741,20.9208257],[-98.948622,20.9205716],[-98.9486649,20.9205155],[-98.9487832,20.9204792],[-98.9489438,20.9205851],[-98.9489911,20.9207244],[-98.9490607,20.9209211],[-98.9491445,20.9211107],[-98.9492259,20.9212782],[-98.9492125,20.9213917],[-98.9491922,20.9215371],[-98.9492326,20.9216243],[-98.949291,20.921689],[-98.9493837,20.9217652],[-98.9495121,20.9218357],[-98.9496632,20.9218897],[-98.9498874,20.9219156],[-98.9500592,20.9219343],[-98.9502176,20.9219706],[-98.950346,20.9219666],[-98.9505604,20.9220074],[-98.9507881,20.9220853],[-98.9509224,20.9221712],[-98.9510262,20.9222305],[-98.9511192,20.9222874],[-98.9512044,20.9223076],[-98.9513592,20.9222955],[-98.9515272,20.922265],[-98.951683,20.9222404],[-98.9518565,20.9222252],[-98.9521629,20.9222191],[-98.9522896,20.9222087],[-98.952394,20.9221847],[-98.952519,20.9222582],[-98.9525383,20.9223176],[-98.9525245,20.9223886],[-98.9523849,20.9226727],[-98.95229,20.9228475],[-98.9522027,20.9230033],[-98.9521603,20.9230687],[-98.952107,20.9231214],[-98.9519993,20.9231836],[-98.9518817,20.9232302],[-98.9515377,20.9233444],[-98.9511926,20.9234652],[-98.9510391,20.923562],[-98.9509698,20.9235953],[-98.9510014,20.9236919],[-98.951074,20.9237788],[-98.9511173,20.9238113],[-98.9512308,20.9238991],[-98.9512831,20.9239808],[-98.951339,20.9240781],[-98.9513239,20.9241641],[-98.9513285,20.9242324],[-98.9513619,20.9243377],[-98.9515598,20.9245788],[-98.951611,20.924679],[-98.9516853,20.9249554],[-98.9517073,20.9250639],[-98.9517104,20.9250839],[-98.9517326,20.9253036],[-98.9517268,20.9253755],[-98.9517052,20.9254269],[-98.9514867,20.9256475],[-98.9513487,20.9257952],[-98.9513176,20.9258375],[-98.9513003,20.9259247],[-98.9513088,20.9260035],[-98.9513633,20.9261023],[-98.9513991,20.9261833],[-98.9514286,20.9263022],[-98.951427,20.9263405],[-98.9514115,20.9264748],[-98.9513518,20.9267269],[-98.9513122,20.9269393],[-98.9512932,20.9269677],[-98.9512082,20.9270006],[-98.9511965,20.9269946],[-98.951129,20.9269599],[-98.9511,20.9268074],[-98.9510899,20.9266623],[-98.951079,20.9265574],[-98.9510071,20.9263766],[-98.9509198,20.9263051],[-98.9508241,20.9262348],[-98.9507566,20.9261797],[-98.9505998,20.9259894],[-98.9505082,20.9258782],[-98.9504369,20.9257762],[-98.9504141,20.9256684],[-98.9504217,20.9255921],[-98.9504622,20.9255127],[-98.9505016,20.925429],[-98.9505026,20.9254267],[-98.950529,20.9253669]]]},"properties":{"locality":"CENTRO","official_key":"1307100010001","CVE_ENT":"13","CVE_MUN":"071","CVE_LOC":"0001","CVE_ASEN":"0001","settlement_type":"BARRIO","source":"INEGI DCAH 2025"}},{"type":"Feature","geometry":{"type":"Polygon","coordinates":[[[-98.9513633,20.9261023],[-98.9513088,20.9260035],[-98.9513003,20.9259247],[-98.9513176,20.9258375],[-98.9513487,20.9257952],[-98.9514867,20.9256475],[-98.9517052,20.9254269],[-98.9517268,20.9253755],[-98.9517326,20.9253036],[-98.9517104,20.9250839],[-98.9517073,20.9250639],[-98.9516853,20.9249554],[-98.951611,20.924679],[-98.9515598,20.9245788],[-98.9513619,20.9243377],[-98.9513285,20.9242324],[-98.9513239,20.9241641],[-98.951339,20.9240781],[-98.9512831,20.9239808],[-98.9512308,20.9238991],[-98.9511173,20.9238113],[-98.951074,20.9237788],[-98.9510014,20.9236919],[-98.9509698,20.9235953],[-98.9510391,20.923562],[-98.9511926,20.9234652],[-98.9515377,20.9233444],[-98.9518817,20.9232302],[-98.9519993,20.9231836],[-98.952107,20.9231214],[-98.9521603,20.9230687],[-98.9522027,20.9230033],[-98.95229,20.9228475],[-98.9523849,20.9226727],[-98.9525245,20.9223886],[-98.9525383,20.9223176],[-98.952519,20.9222582],[-98.952394,20.9221847],[-98.9526024,20.921935],[-98.9531918,20.9215575],[-98.953534,20.9214991],[-98.9534562,20.9228033],[-98.9532262,20.9231862],[-98.9531149,20.9233714],[-98.953158,20.9240992],[-98.9526335,20.9243827],[-98.9527286,20.9247891],[-98.9528773,20.9255528],[-98.9529545,20.9256838],[-98.9530292,20.9257359],[-98.9531438,20.9257714],[-98.9534059,20.9258641],[-98.9534883,20.9260222],[-98.9534513,20.9263769],[-98.9534661,20.9271326],[-98.9533099,20.927036],[-98.9532157,20.926717],[-98.9532007,20.9265651],[-98.9531799,20.9261735],[-98.9531668,20.926118],[-98.9528356,20.9262906],[-98.9523992,20.9265849],[-98.9519107,20.9271899],[-98.951894,20.9272105],[-98.9517126,20.9271898],[-98.9516983,20.9271882],[-98.9515159,20.9271674],[-98.9511301,20.9271166],[-98.9512032,20.9270081],[-98.9512082,20.9270006],[-98.9512932,20.9269677],[-98.9513122,20.9269393],[-98.9513518,20.9267269],[-98.9514115,20.9264748],[-98.951427,20.9263405],[-98.9514286,20.9263022],[-98.9513991,20.9261833],[-98.9513633,20.9261023]]]},"properties":{"locality":"LA REFORMA","official_key":"1307100010002","CVE_ENT":"13","CVE_MUN":"071","CVE_LOC":"0001","CVE_ASEN":"0002","settlement_type":"BARRIO","source":"INEGI DCAH 2025"}}]}