{"type":"FeatureCollection","name":"inegi-hidalgo-077","metadata":{"state":"Hidalgo","CVE_ENT":"13","CVE_MUN":"077","municipality":"Tulancingo de Bravo","sources":["INEGI Gaia — Servicio vectorial del Marco Geoestadístico","INEGI DCAH 2025"],"source_urls":["https://gaia.inegi.org.mx/wscatgeo/v2/geo/mgem/13","https://gaia.inegi.org.mx/wscatgeo/v2/geo/localidades/pol/13/077","https://www.inegi.org.mx/contenidos/productos/prod_serv/contenidos/espanol/bvinegi/productos/geografia/delimitaciones/794551163078/13_hidalgo.zip"],"geometry_policy":"Solo se publican polígonos de INEGI; no se generan puntos ni geometrías sintéticas.","locality_polygon_count":41,"settlement_polygon_count":259},"municipality":{"type":"Feature","geometry":{"type":"MultiPolygon","crs":{"type":"name","properties":{"name":"EPSG:6365"}},"coordinates":[[[[-98.283370149,20.205235091],[-98.27915629,20.20879868],[-98.27897686,20.20887394],[-98.27879809,20.20880565],[-98.27872743,20.208594251],[-98.2784736,20.20824771],[-98.278196509,20.207953971],[-98.27811105,20.20786888],[-98.277999169,20.207430091],[-98.27769086,20.20719415],[-98.277430139,20.20680295],[-98.2764542,20.205971081],[-98.275833059,20.20544162],[-98.276264399,20.20515828],[-98.276541919,20.20486629],[-98.27673346,20.204360171],[-98.276952919,20.20371125],[-98.277073399,20.203191861],[-98.27702557,20.202590781],[-98.277017191,20.202570986],[-98.27698502,20.20249498],[-98.27646557,20.20182403],[-98.27640022,20.20173962],[-98.276298019,20.20169903],[-98.27613114,20.201632741],[-98.276106073,20.201605701],[-98.274442484,20.199811176],[-98.274236968,20.19958948],[-98.274236909,20.199589417],[-98.273854936,20.19917735],[-98.273640457,20.19894599],[-98.27360329,20.198905899],[-98.27357077,20.19887082],[-98.273519628,20.198808695],[-98.273282974,20.198521217],[-98.272886479,20.198039571],[-98.272252078,20.19728645],[-98.272229765,20.197259959],[-98.27222018,20.197248581],[-98.27217454,20.1968288],[-98.272185518,20.196806752],[-98.272206182,20.196765254],[-98.272227009,20.196723427],[-98.272343429,20.196489621],[-98.27296429,20.195824581],[-98.27398408,20.195173321],[-98.28043502,20.19209311],[-98.28216042,20.19275189],[-98.28282026,20.19292766],[-98.283515399,20.193543001],[-98.284092399,20.194177801],[-98.28464057,20.194407651],[-98.284684479,20.19442345],[-98.284954849,20.19458237],[-98.28623494,20.19386597],[-98.28680771,20.194618181],[-98.287652019,20.19413018],[-98.28821446,20.19482988],[-98.288237539,20.194859581],[-98.288270379,20.194836551],[-98.288888399,20.195595511],[-98.289668019,20.19512169],[-98.290546229,20.19461302],[-98.29141718,20.194100951],[-98.29266026,20.19336766],[-98.29165371,20.191667151],[-98.29153602,20.191367861],[-98.291437569,20.191087221],[-98.291188659,20.190912091],[-98.291322939,20.190853351],[-98.29173443,20.189226981],[-98.29161905,20.18815877],[-98.29070878,20.18500311],[-98.289433549,20.18465002],[-98.288163279,20.18504162],[-98.287118719,20.184686341],[-98.2865426,20.183738971],[-98.28658842,20.183453621],[-98.28629608,20.183133291],[-98.285344769,20.18315878],[-98.285379459,20.18313232],[-98.28411691,20.182492291],[-98.283887659,20.182098201],[-98.2848056,20.18159352],[-98.28496723,20.181703261],[-98.28600194,20.18116782],[-98.28790028,20.18008495],[-98.290311489,20.17813909],[-98.290279569,20.17802878],[-98.29027085,20.176826911],[-98.28946577,20.17552649],[-98.28909949,20.175144121],[-98.28891118,20.17478488],[-98.288859479,20.17462203],[-98.28831369,20.174881431],[-98.288076939,20.174470311],[-98.287827109,20.174084061],[-98.28551569,20.17563875],[-98.285443119,20.175679831],[-98.28238085,20.17643563],[-98.28195185,20.17520931],[-98.281787281,20.174737566],[-98.281784649,20.174730021],[-98.281751098,20.174620095],[-98.281741073,20.174587247],[-98.28147834,20.173726407],[-98.280766136,20.17139283],[-98.280750414,20.171341316],[-98.280741999,20.17131374],[-98.280738333,20.171301727],[-98.28073671,20.171296411],[-98.279563059,20.167450711],[-98.27879329,20.16496383],[-98.27875326,20.164834511],[-98.278460377,20.164291089],[-98.27776989,20.163009921],[-98.277205647,20.162849204],[-98.276909653,20.162764892],[-98.276902141,20.162762752],[-98.276884338,20.16275768],[-98.276880026,20.162775222],[-98.276625664,20.163809858],[-98.276095079,20.16596802],[-98.275957488,20.166148421],[-98.275915599,20.166203343],[-98.275849732,20.166289705],[-98.275780481,20.166380502],[-98.275622618,20.16658748],[-98.275602166,20.166594315],[-98.2740442,20.167114942],[-98.274023909,20.167121722],[-98.273986669,20.167135165],[-98.273909478,20.167163031],[-98.273401629,20.167346351],[-98.272650289,20.167617552],[-98.27254001,20.167657362],[-98.272229509,20.167769451],[-98.27218383,20.16778594],[-98.272184281,20.167769374],[-98.272184841,20.16774873],[-98.27218566,20.167718583],[-98.27205238,20.166905031],[-98.271829649,20.16615137],[-98.27178406,20.166026061],[-98.27141066,20.165100662],[-98.270953979,20.163817151],[-98.27051766,20.162538262],[-98.270499739,20.162478461],[-98.270288868,20.16185842],[-98.270169779,20.16150825],[-98.269857259,20.16064609],[-98.269859569,20.160568721],[-98.269505818,20.159527481],[-98.2692778,20.15880762],[-98.269260678,20.15872648],[-98.26904126,20.158087001],[-98.268856369,20.157527982],[-98.268733,20.15723714],[-98.268636119,20.15685845],[-98.268630319,20.1568434],[-98.268628141,20.15683775],[-98.268617278,20.15680957],[-98.268319015,20.155845562],[-98.268309806,20.1558158],[-98.26830972,20.155815521],[-98.268273734,20.15582062],[-98.267708271,20.155900727],[-98.267600879,20.15591594],[-98.267364418,20.15595168],[-98.267276859,20.15594602],[-98.26720272,20.155931851],[-98.267137106,20.155914668],[-98.266729689,20.155807978],[-98.266550888,20.155761155],[-98.26630278,20.155696181],[-98.26616798,20.155611681],[-98.266133479,20.15555245],[-98.265950102,20.15521797],[-98.265947569,20.15521335],[-98.265947377,20.155213354],[-98.265939919,20.155213521],[-98.265939125,20.155213552],[-98.26593349,20.155213771],[-98.265928046,20.155213982],[-98.265882643,20.155215748],[-98.26578409,20.15521958],[-98.265613684,20.155226201],[-98.265460549,20.155232151],[-98.265231451,20.155211058],[-98.264747649,20.155166511],[-98.264032889,20.15510431],[-98.264011619,20.155075291],[-98.263669121,20.154608612],[-98.263621901,20.154544273],[-98.26358273,20.1544909],[-98.263551599,20.154448481],[-98.263513854,20.15415156],[-98.263503311,20.154068626],[-98.26349145,20.153975324],[-98.2634898,20.153962341],[-98.26348951,20.153960061],[-98.263341938,20.153852524],[-98.262580255,20.153297472],[-98.26196938,20.152852311],[-98.261967209,20.152850729],[-98.261931305,20.152824564],[-98.26191143,20.152810081],[-98.261790684,20.152395557],[-98.26176231,20.15229815],[-98.26174869,20.152251401],[-98.261743982,20.152248446],[-98.261717291,20.152231694],[-98.26143495,20.152054481],[-98.261273247,20.15198528],[-98.261256339,20.151978044],[-98.261113019,20.151916711],[-98.260633849,20.15186229],[-98.25895205,20.15084909],[-98.257473073,20.150051113],[-98.257314119,20.14996535],[-98.25712842,20.14982698],[-98.257106706,20.149810801],[-98.257016932,20.149743907],[-98.25680326,20.149584691],[-98.256709459,20.14938375],[-98.256641605,20.149238339],[-98.25660817,20.14916669],[-98.256843522,20.148756783],[-98.25684561,20.148753148],[-98.256870296,20.148710153],[-98.256880661,20.148692102],[-98.256906782,20.148646607],[-98.25690818,20.148644171],[-98.256905715,20.148640595],[-98.256804627,20.14849399],[-98.256753953,20.148420498],[-98.256325496,20.147799107],[-98.256268999,20.14771717],[-98.256215916,20.147582148],[-98.25603565,20.14712362],[-98.255874367,20.146925437],[-98.255808754,20.146844811],[-98.255466461,20.146424198],[-98.25515378,20.14603997],[-98.254319368,20.145362496],[-98.254165173,20.145237302],[-98.254104279,20.145187861],[-98.254046912,20.145152613],[-98.253657852,20.144913559],[-98.253520061,20.144828894],[-98.253339364,20.144717866],[-98.25333706,20.14471645],[-98.253333387,20.144712766],[-98.252847322,20.144225191],[-98.252793149,20.14417085],[-98.252751089,20.144120791],[-98.252503025,20.143825542],[-98.252473709,20.14379065],[-98.25227165,20.14343385],[-98.252191765,20.14307395],[-98.25218048,20.14302311],[-98.25208755,20.14231063],[-98.251976459,20.14133005],[-98.251981272,20.141280545],[-98.252041219,20.14066389],[-98.252084064,20.140501565],[-98.252116459,20.140378831],[-98.25215628,20.14023486],[-98.252321994,20.139910922],[-98.25235697,20.139842551],[-98.25250911,20.13971418],[-98.25262957,20.139612541],[-98.252764279,20.139363281],[-98.252635029,20.139063281],[-98.252537569,20.13886008],[-98.252514603,20.13880749],[-98.252458539,20.13867911],[-98.25229171,20.138596911],[-98.25219514,20.138574171],[-98.252097909,20.13853343],[-98.251972908,20.138503372],[-98.251866889,20.13847788],[-98.251811909,20.138445829],[-98.251629479,20.138339481],[-98.251149465,20.13807834],[-98.2511416,20.138074061],[-98.250799073,20.137875301],[-98.25079123,20.13787075],[-98.250669876,20.137784679],[-98.25062462,20.137752581],[-98.250588313,20.137662276],[-98.25052829,20.137512981],[-98.250505778,20.13747812],[-98.250454717,20.137399054],[-98.250394617,20.137305992],[-98.250350569,20.137237785],[-98.250331287,20.137207926],[-98.250309814,20.137174676],[-98.250259864,20.137097331],[-98.250023085,20.136730684],[-98.24998451,20.13667095],[-98.249924347,20.136562016],[-98.249392029,20.13559815],[-98.248968739,20.134749971],[-98.248953519,20.13428995],[-98.24881611,20.13391154],[-98.248590659,20.133746311],[-98.24847009,20.133482951],[-98.24841977,20.133088491],[-98.248387089,20.13264482],[-98.24839166,20.13252654],[-98.248234709,20.13249891],[-98.24802063,20.13247103],[-98.247849979,20.132322031],[-98.247807919,20.13216011],[-98.247766309,20.131903821],[-98.247695749,20.131728281],[-98.247596569,20.131566111],[-98.24748303,20.131417351],[-98.247383459,20.131336051],[-98.247098119,20.131280911],[-98.246884769,20.13110477],[-98.246656819,20.130995951],[-98.246615849,20.130604881],[-98.246556949,20.129152351],[-98.24671065,20.128507821],[-98.24681717,20.128038051],[-98.2468658,20.12755709],[-98.2470534,20.12708766],[-98.247259169,20.12616311],[-98.247354059,20.125579751],[-98.247266779,20.123296451],[-98.247214849,20.12263489],[-98.24710574,20.122404061],[-98.247043849,20.12218088],[-98.24727952,20.115906341],[-98.24748278,20.110592051],[-98.247944919,20.110833661],[-98.248420769,20.11107918],[-98.249550399,20.11114486],[-98.25137335,20.111179091],[-98.252306059,20.11106448],[-98.253154579,20.110712921],[-98.25381595,20.11013858],[-98.254572259,20.10938708],[-98.2551452,20.10761372],[-98.255105289,20.10659748],[-98.254432459,20.10491172],[-98.25486675,20.10305215],[-98.254808799,20.10289023],[-98.254565689,20.10247437],[-98.255325519,20.10188922],[-98.25586412,20.101744121],[-98.25616658,20.101526121],[-98.255743709,20.10144702],[-98.25610862,20.10115978],[-98.255991019,20.100687171],[-98.256165579,20.10055971],[-98.256812509,20.10071369],[-98.25706942,20.10089649],[-98.2571004,20.10070414],[-98.257499109,20.100357691],[-98.26059405,20.10150914],[-98.263606709,20.09553168],[-98.26408646,20.094957061],[-98.264699,20.09503195],[-98.266556169,20.095416221],[-98.267426769,20.095088021],[-98.26785775,20.09520278],[-98.26838765,20.09546152],[-98.26845692,20.095399291],[-98.26851246,20.095406621],[-98.268854599,20.095546221],[-98.26918043,20.09525231],[-98.2692682,20.095236831],[-98.269862979,20.095660551],[-98.26993831,20.09568312],[-98.270635489,20.095916941],[-98.270818169,20.095400631],[-98.276334709,20.09107875],[-98.277826679,20.089887891],[-98.278456919,20.089412751],[-98.27900908,20.08934989],[-98.27928442,20.089481231],[-98.27962754,20.089873291],[-98.27983302,20.090199661],[-98.28010746,20.09052632],[-98.28052077,20.090658231],[-98.28107322,20.090530261],[-98.28146045,20.09042117],[-98.281745779,20.090484571],[-98.282161719,20.09081814],[-98.282645279,20.091571021],[-98.28301538,20.09177757],[-98.283458419,20.0918648],[-98.283829769,20.091797951],[-98.28400838,20.09156868],[-98.284039519,20.09126291],[-98.28426277,20.089071051],[-98.28513812,20.08780035],[-98.285814179,20.08729215],[-98.286049969,20.08788311],[-98.286420179,20.088765601],[-98.28674615,20.089123831],[-98.28733675,20.08991383],[-98.288147459,20.09025788],[-98.288914769,20.09021835],[-98.289550339,20.089368971],[-98.28973983,20.088446371],[-98.2898228,20.08836365],[-98.29066378,20.08785423],[-98.291028489,20.08810645],[-98.2910374,20.08812003],[-98.29173729,20.089213921],[-98.29249131,20.090343521],[-98.29300652,20.090987321],[-98.29371629,20.09157077],[-98.29404012,20.09165622],[-98.294449949,20.09147194],[-98.29495797,20.091507051],[-98.29685426,20.09182294],[-98.29713469,20.09203642],[-98.297353369,20.092253681],[-98.29763954,20.09246195],[-98.297931859,20.09245651],[-98.29818169,20.092592181],[-98.298318029,20.09273857],[-98.298488739,20.09285926],[-98.29880826,20.09308168],[-98.299077649,20.093163651],[-98.299286319,20.093173281],[-98.29949771,20.092992971],[-98.29971849,20.09315877],[-98.29975691,20.093155831],[-98.299905569,20.093079201],[-98.29996218,20.092997371],[-98.3001298,20.09317512],[-98.300656489,20.09369058],[-98.3012554,20.094317261],[-98.30165342,20.094650621],[-98.302211489,20.09492428],[-98.302881749,20.09512297],[-98.30336,20.09538123],[-98.303554859,20.09556105],[-98.304705109,20.096273081],[-98.305397049,20.096731351],[-98.305984109,20.096079351],[-98.30746234,20.09704755],[-98.307544829,20.097096091],[-98.30755563,20.09711262],[-98.307619019,20.09627015],[-98.307967179,20.095681881],[-98.30805063,20.09550877],[-98.30806143,20.09531798],[-98.308056979,20.09486969],[-98.30799363,20.09433397],[-98.30822717,20.09414138],[-98.30828074,20.09381963],[-98.308559459,20.09360857],[-98.30886435,20.0935076],[-98.308979819,20.093405891],[-98.30917691,20.093202341],[-98.30931963,20.093056051],[-98.30945454,20.09314597],[-98.309568569,20.093369881],[-98.30973686,20.09356209],[-98.30990583,20.09360106],[-98.31018395,20.093436141],[-98.310270859,20.093102681],[-98.310465979,20.09288198],[-98.310626679,20.092646401],[-98.310802819,20.09223092],[-98.311059489,20.09175815],[-98.311406819,20.09133338],[-98.31168135,20.09113289],[-98.31196546,20.091099691],[-98.312306199,20.091328521],[-98.31238675,20.09149085],[-98.312451379,20.09171966],[-98.312443769,20.092035201],[-98.312578049,20.092566401],[-98.31307374,20.09338975],[-98.313341179,20.09344971],[-98.31351571,20.09354085],[-98.313762659,20.093573571],[-98.314027379,20.09373369],[-98.314265249,20.09383972],[-98.31452106,20.094001951],[-98.314785369,20.094213081],[-98.315219799,20.094228181],[-98.31540874,20.094285291],[-98.315711449,20.09441423],[-98.31643497,20.09440146],[-98.31766862,20.094315951],[-98.31786589,20.09531422],[-98.31792152,20.09533232],[-98.31770426,20.095821541],[-98.31816252,20.09593955],[-98.31887617,20.096000221],[-98.31904638,20.09534883],[-98.319086949,20.095354751],[-98.319395979,20.094196221],[-98.31943706,20.094364771],[-98.32010178,20.09474863],[-98.321243599,20.09532309],[-98.321643679,20.095494],[-98.322408519,20.09573646],[-98.3235058,20.096073061],[-98.323609349,20.096165481],[-98.323537719,20.09596706],[-98.32359486,20.0954346],[-98.325194879,20.094089541],[-98.32622694,20.09316295],[-98.325847049,20.09061471],[-98.32540465,20.08771452],[-98.325710689,20.087625081],[-98.328038149,20.087251911],[-98.328544712,20.086659753],[-98.328547709,20.08665625],[-98.32790232,20.085864381],[-98.328434199,20.08568803],[-98.327301349,20.084557851],[-98.32744955,20.08406215],[-98.32789277,20.08338383],[-98.32789369,20.08369718],[-98.329425279,20.0846686],[-98.329422779,20.084523],[-98.32981474,20.083702281],[-98.33080723,20.08351712],[-98.330807459,20.083448971],[-98.33073966,20.083045381],[-98.330449399,20.08171802],[-98.33043203,20.081621771],[-98.3301878,20.080480751],[-98.330363559,20.079859477],[-98.330371119,20.079832751],[-98.33043606,20.079307351],[-98.330453117,20.079146891],[-98.330455837,20.079121319],[-98.330499529,20.078710479],[-98.330565211,20.078092838],[-98.330565699,20.078088243],[-98.33056826,20.07806417],[-98.33057632,20.078046693],[-98.330593752,20.078008941],[-98.33087577,20.077398181],[-98.33094566,20.07710886],[-98.33185866,20.07570471],[-98.33202717,20.07534025],[-98.33120709,20.07506488],[-98.331047259,20.07409809],[-98.331048082,20.074097489],[-98.33106331,20.0740864],[-98.33107889,20.07407505],[-98.331515909,20.073756658],[-98.331547119,20.07373392],[-98.33166845,20.07328046],[-98.332243169,20.07243377],[-98.332512149,20.07192803],[-98.332868879,20.071621111],[-98.332887837,20.071589576],[-98.332906391,20.071558711],[-98.332914185,20.071545744],[-98.33291592,20.07154286],[-98.332985668,20.071465988],[-98.332998949,20.07145135],[-98.33308426,20.07143537],[-98.333147599,20.071419001],[-98.333291119,20.071381911],[-98.33358194,20.071192681],[-98.333784019,20.071068111],[-98.333897149,20.070985111],[-98.33398949,20.0709608],[-98.33408,20.07096114],[-98.334189709,20.070941831],[-98.33431903,20.07081414],[-98.33450263,20.070575401],[-98.3345788,20.07038054],[-98.33458723,20.07026098],[-98.33462492,20.07016306],[-98.334710649,20.070040181],[-98.334721049,20.06994549],[-98.33474806,20.06980103],[-98.33486985,20.069711751],[-98.335097879,20.06957974],[-98.33526205,20.06935494],[-98.33540385,20.069200711],[-98.335622079,20.069140341],[-98.335660819,20.06912182],[-98.33583491,20.068940861],[-98.336121199,20.06865412],[-98.33632891,20.068398941],[-98.336426379,20.06821386],[-98.336459728,20.068112004],[-98.3364864,20.06803054],[-98.33649696,20.06801199],[-98.33660383,20.06782425],[-98.33672642,20.067646231],[-98.33687577,20.06747589],[-98.33717365,20.067338891],[-98.33750735,20.06711552],[-98.337687538,20.067000419],[-98.337715808,20.066982361],[-98.337739961,20.066966933],[-98.33782403,20.066913231],[-98.337896612,20.066862952],[-98.338053938,20.066753972],[-98.33811437,20.066712111],[-98.338215865,20.066553728],[-98.33824949,20.066505021],[-98.33826897,20.06647682],[-98.338364353,20.066442929],[-98.338387182,20.066434819],[-98.338542199,20.06637974],[-98.338571036,20.066342976],[-98.338582598,20.066328235],[-98.338588555,20.066320642],[-98.338630229,20.06626751],[-98.338670383,20.066211071],[-98.33870794,20.06615828],[-98.33879508,20.06610385],[-98.338892379,20.066071941],[-98.33898412,20.066076851],[-98.339091388,20.066073621],[-98.33911934,20.06607278],[-98.3392672,20.06607314],[-98.33940254,20.06603714],[-98.33951643,20.065968751],[-98.339599569,20.06586157],[-98.33971589,20.065759321],[-98.339823169,20.065675021],[-98.339927259,20.06560925],[-98.340035029,20.065536111],[-98.340131489,20.065458601],[-98.340206509,20.065392421],[-98.34035172,20.06524714],[-98.34045509,20.065159281],[-98.340583579,20.06508663],[-98.34067726,20.065016891],[-98.34077803,20.064949541],[-98.340867659,20.06488378],[-98.340945739,20.06479046],[-98.34099792,20.06472374],[-98.34106294,20.064635251],[-98.34114817,20.064558091],[-98.341234369,20.06448277],[-98.341477489,20.064214511],[-98.341572649,20.064098651],[-98.341647859,20.06397772],[-98.341678429,20.06392223],[-98.34171802,20.063879151],[-98.34176766,20.063842451],[-98.341817719,20.063820111],[-98.34189731,20.063781911],[-98.34192783,20.06375466],[-98.341991909,20.063697461],[-98.34205838,20.06359911],[-98.342133279,20.063526971],[-98.342556577,20.063171338],[-98.34257589,20.063155111],[-98.34223734,20.062730821],[-98.342228679,20.06272017],[-98.34219992,20.062684821],[-98.34225595,20.06263783],[-98.342282489,20.062568141],[-98.34238318,20.062466401],[-98.34239546,20.062411001],[-98.342395429,20.062305971],[-98.34238511,20.06215766],[-98.342403719,20.06206808],[-98.34248798,20.06198563],[-98.34259049,20.06190671],[-98.34265625,20.061889711],[-98.343108519,20.061979921],[-98.34338229,20.06213825],[-98.343642319,20.06235603],[-98.344222969,20.06326815],[-98.344697679,20.063750891],[-98.344906587,20.064044565],[-98.344948969,20.06410414],[-98.345017649,20.064393511],[-98.34501698,20.064553661],[-98.345016696,20.064623174],[-98.345016689,20.064624861],[-98.345016567,20.064627971],[-98.344977631,20.065616171],[-98.34497746,20.06562051],[-98.344977501,20.065620967],[-98.345023579,20.0661278],[-98.345123987,20.06627132],[-98.34514348,20.066299181],[-98.34537543,20.06639723],[-98.345724657,20.066422672],[-98.34576677,20.066425741],[-98.345966453,20.066457164],[-98.345980736,20.066459411],[-98.34614842,20.0664858],[-98.346450153,20.066459127],[-98.34660645,20.06644531],[-98.346688879,20.066408083],[-98.347056012,20.066242271],[-98.34708048,20.066231221],[-98.34753218,20.066122721],[-98.347547429,20.066114756],[-98.347802528,20.065981524],[-98.34808618,20.065833381],[-98.348358604,20.065657589],[-98.348593497,20.065506016],[-98.348683162,20.065448157],[-98.348824466,20.065356975],[-98.349179575,20.065127826],[-98.34921394,20.06510565],[-98.349468739,20.06496412],[-98.349731,20.06476137],[-98.34983955,20.06470169],[-98.349843586,20.064701781],[-98.349959462,20.064704347],[-98.349959619,20.06470435],[-98.34995959,20.06469955],[-98.349958909,20.064586949],[-98.34995888,20.064582151],[-98.349959038,20.064582154],[-98.35107591,20.064601061],[-98.35219295,20.064619941],[-98.353309979,20.06463883],[-98.35442702,20.06465771],[-98.35554406,20.064676571],[-98.35618517,20.06587906],[-98.356372581,20.066230572],[-98.35682629,20.06708155],[-98.357674909,20.067629091],[-98.358523519,20.068176631],[-98.358790479,20.067803461],[-98.358803509,20.06776405],[-98.358608139,20.067699781],[-98.35825423,20.06753112],[-98.3580658,20.06741142],[-98.358032179,20.06736654],[-98.358014849,20.067115401],[-98.358040569,20.067001371],[-98.358091379,20.066930021],[-98.358095909,20.06670518],[-98.358082109,20.066548431],[-98.358106539,20.066477251],[-98.35820702,20.06642362],[-98.35831834,20.066399081],[-98.358613399,20.06632623],[-98.358812402,20.06631459],[-98.358931889,20.066307601],[-98.359217399,20.06626337],[-98.35922189,20.066261083],[-98.359396549,20.066172181],[-98.359580749,20.06598165],[-98.35970272,20.06587071],[-98.35981878,20.06584172],[-98.36004652,20.065828521],[-98.360049596,20.06582851],[-98.36031409,20.06582754],[-98.360478019,20.065826921],[-98.360650219,20.06581191],[-98.360727312,20.065816285],[-98.360774119,20.065818941],[-98.360983562,20.065763499],[-98.36104997,20.06574592],[-98.36122028,20.065734911],[-98.361336909,20.065700431],[-98.361570049,20.065656732],[-98.361632032,20.065645113],[-98.361632331,20.065645057],[-98.36163263,20.065645001],[-98.361710369,20.065630421],[-98.362207309,20.06553155],[-98.362210567,20.065551326],[-98.36229289,20.06605091],[-98.3624502,20.066047921],[-98.362950539,20.06603848],[-98.363453,20.066028121],[-98.363701829,20.066063891],[-98.364003539,20.065983],[-98.364100279,20.065964461],[-98.364131969,20.06596589],[-98.364175629,20.06601294],[-98.364170845,20.065983171],[-98.364158879,20.065908691],[-98.36394232,20.06518911],[-98.36389152,20.06502029],[-98.363819327,20.064780397],[-98.36376057,20.064585151],[-98.363676629,20.06453449],[-98.36353682,20.064518741],[-98.363429419,20.064470081],[-98.363225079,20.06444138],[-98.36307092,20.064419401],[-98.36293538,20.06387231],[-98.36291934,20.06380754],[-98.36291668,20.063796771],[-98.362838649,20.063353851],[-98.362692979,20.063410401],[-98.362659141,20.063334267],[-98.36254432,20.06307592],[-98.362448584,20.062896314],[-98.36236286,20.06273549],[-98.362176983,20.062506886],[-98.362148919,20.06247237],[-98.36209457,20.062408933],[-98.36204482,20.062350861],[-98.361985488,20.06214547],[-98.361974739,20.062108261],[-98.361908379,20.06186929],[-98.361841379,20.0616328],[-98.361694779,20.061120341],[-98.36167297,20.0610362],[-98.361638649,20.060916771],[-98.361607817,20.060804717],[-98.361604919,20.06079418],[-98.36162522,20.060783111],[-98.361544119,20.06056457],[-98.361540679,20.06055371],[-98.361466479,20.06032032],[-98.36141375,20.060154521],[-98.361413555,20.060153843],[-98.3613368,20.059884891],[-98.36136622,20.05976783],[-98.36135852,20.059743691],[-98.361342939,20.05969475],[-98.361318179,20.059495511],[-98.361309489,20.05925615],[-98.36126554,20.059065891],[-98.361245327,20.059001017],[-98.36122975,20.058951021],[-98.36122097,20.058922851],[-98.36111317,20.05872632],[-98.361016939,20.058531941],[-98.36100478,20.05850738],[-98.360954309,20.058353311],[-98.36090352,20.058274681],[-98.36084289,20.05825937],[-98.360762919,20.058289251],[-98.360689289,20.058331231],[-98.360594319,20.05831389],[-98.3605712,20.058309681],[-98.36048523,20.05824298],[-98.36045857,20.058187681],[-98.36041238,20.058091851],[-98.36039197,20.05798906],[-98.360340219,20.05772866],[-98.36031777,20.05767348],[-98.360296169,20.057486311],[-98.36024546,20.05734992],[-98.36019818,20.05719586],[-98.36017337,20.05701171],[-98.360183819,20.05686725],[-98.360186979,20.05682328],[-98.360202147,20.056739314],[-98.36021108,20.056689861],[-98.36021966,20.05664235],[-98.360239429,20.056491551],[-98.36024682,20.056264081],[-98.360263449,20.056101181],[-98.36026782,20.055811521],[-98.360220849,20.05552008],[-98.360255736,20.055433205],[-98.360258908,20.055425306],[-98.360269249,20.05539955],[-98.360296833,20.055294656],[-98.36025718,20.055221481],[-98.36009435,20.055090971],[-98.360059029,20.05506266],[-98.360048941,20.055043411],[-98.360031212,20.055009588],[-98.35981183,20.05459103],[-98.35980612,20.05442092],[-98.359809279,20.05418382],[-98.359815309,20.053729951],[-98.36039272,20.053634011],[-98.36061602,20.053596911],[-98.361125689,20.05527434],[-98.361210859,20.05551715],[-98.36205132,20.055388364],[-98.362098859,20.05538108],[-98.362116819,20.05547057],[-98.362113379,20.05556575],[-98.36207597,20.055756031],[-98.362017139,20.055951981],[-98.3620166,20.05608758],[-98.362055939,20.05626452],[-98.36211338,20.056411861],[-98.36218303,20.05662057],[-98.362252629,20.05678238],[-98.362359339,20.05695969],[-98.362526619,20.05713628],[-98.362624829,20.05725866],[-98.36283486,20.0574354],[-98.36298111,20.057525351],[-98.36314028,20.057536891],[-98.36354165,20.057483781],[-98.36368926,20.057475781],[-98.363767489,20.057493121],[-98.363884769,20.057539081],[-98.364005079,20.05757932],[-98.36411029,20.057630911],[-98.36426728,20.05769434],[-98.36439358,20.057743151],[-98.364495819,20.057786201],[-98.36458292,20.057843421],[-98.36468494,20.057940491],[-98.3648452,20.058052741],[-98.364977319,20.058152781],[-98.365025449,20.05817002],[-98.365291289,20.058174081],[-98.365426659,20.058217231],[-98.365541029,20.05823755],[-98.36566758,20.05822378],[-98.365818289,20.058193031],[-98.36599088,20.05814814],[-98.366087279,20.058145651],[-98.366153489,20.05815726],[-98.36626174,20.058200321],[-98.366424649,20.058292371],[-98.366547939,20.058341171],[-98.366650259,20.058361461],[-98.366806879,20.058362021],[-98.36699758,20.058380221],[-98.36709377,20.058431771],[-98.367343149,20.05858058],[-98.367397349,20.05866655],[-98.36744788,20.05883743],[-98.36747392,20.05898225],[-98.3675132,20.059117151],[-98.367548859,20.059277431],[-98.36759349,20.05941414],[-98.367692679,20.059465691],[-98.36785871,20.05953211],[-98.367973,20.059572341],[-98.368068979,20.05966942],[-98.3681618,20.05980914],[-98.36825188,20.05988058],[-98.368411149,20.05996649],[-98.36850505,20.060032881],[-98.368613319,20.06007309],[-98.36872471,20.06008486],[-98.36887529,20.06008825],[-98.36899346,20.060143751],[-98.36908626,20.06026897],[-98.369167139,20.06037735],[-98.369251,20.060497141],[-98.36933211,20.060632031],[-98.36940389,20.06075746],[-98.369442749,20.06082872],[-98.369554059,20.06086326],[-98.36964728,20.06090342],[-98.369710229,20.0609776],[-98.36977589,20.06112862],[-98.369793799,20.06129183],[-98.369904879,20.061356031],[-98.370011629,20.06140775],[-98.37014625,20.06150763],[-98.370194249,20.061555381],[-98.370283459,20.061614741],[-98.370404859,20.06162655],[-98.370475884,20.061618525],[-98.370530429,20.061612361],[-98.3705538,20.06160972],[-98.370613859,20.061623001],[-98.370730279,20.061660651],[-98.37085203,20.06167748],[-98.371140689,20.061640421],[-98.371363849,20.061644181],[-98.37152525,20.061662821],[-98.37166028,20.061693001],[-98.37177638,20.06174389],[-98.371945749,20.06183357],[-98.37209131,20.06190308],[-98.372248059,20.06200162],[-98.372380969,20.062051921],[-98.372447766,20.062053503],[-98.37256542,20.062056291],[-98.37274595,20.06205692],[-98.37287931,20.062079651],[-98.37308835,20.062147431],[-98.3733158,20.06219645],[-98.373539629,20.062163861],[-98.37378117,20.062090351],[-98.37406777,20.062069121],[-98.37425234,20.062040121],[-98.37442149,20.061944311],[-98.37461142,20.061786861],[-98.37466692,20.061740851],[-98.37484769,20.06168215],[-98.37507526,20.0616978],[-98.375275349,20.061713341],[-98.37545575,20.061747341],[-98.375592859,20.061814571],[-98.37564994,20.06168631],[-98.375695919,20.061703861],[-98.375825489,20.06154783],[-98.375909379,20.061296031],[-98.375882149,20.06119162],[-98.37660478,20.060133571],[-98.37669675,20.06016868],[-98.376914949,20.060016491],[-98.377336249,20.05837025],[-98.37788972,20.056347801],[-98.37878197,20.05707728],[-98.379548769,20.05779762],[-98.381040429,20.05907843],[-98.381738939,20.05972277],[-98.38208485,20.06005258],[-98.382442029,20.060215751],[-98.382727829,20.060378261],[-98.382981319,20.060548821],[-98.3831546,20.060625491],[-98.383296659,20.060760551],[-98.38337714,20.060790091],[-98.383500849,20.060860741],[-98.383506489,20.061001181],[-98.38370466,20.06130368],[-98.383837379,20.06135035],[-98.384019079,20.0614038],[-98.384081417,20.061428284],[-98.3841378,20.06145043],[-98.384228509,20.061510171],[-98.384256049,20.06162251],[-98.38417185,20.061688231],[-98.38408091,20.061687911],[-98.384074267,20.061696204],[-98.384038719,20.06174058],[-98.38403102,20.061925421],[-98.384066012,20.062005515],[-98.38410035,20.06208411],[-98.38419077,20.062216481],[-98.384351229,20.06232926],[-98.384452582,20.062344119],[-98.384581939,20.062363081],[-98.38558263,20.06244014],[-98.385780549,20.062464082],[-98.387294679,20.062647231],[-98.38795734,20.06274637],[-98.388625659,20.06289769],[-98.388854339,20.06295808],[-98.38900423,20.062980951],[-98.389146229,20.06300378],[-98.38928017,20.063063851],[-98.389437819,20.063123981],[-98.38967445,20.06316951],[-98.39015458,20.063312891],[-98.39063562,20.06343375],[-98.390820356,20.063513764],[-98.390895659,20.06354638],[-98.39118714,20.0636964],[-98.39185443,20.063959431],[-98.39238243,20.06418475],[-98.392634679,20.064275021],[-98.392918829,20.06427598],[-98.393912649,20.064212351],[-98.39509583,20.064059951],[-98.395680049,20.064032151],[-98.39610615,20.064070861],[-98.39664938,20.064124861],[-98.39697168,20.06415606],[-98.39759532,20.064143291],[-98.39797414,20.064159481],[-98.398269979,20.06415523],[-98.398592149,20.06419874],[-98.39874308,20.06421912],[-98.399284419,20.064503741],[-98.399499659,20.06465069],[-98.39969643,20.06473325],[-98.39995406,20.06472105],[-98.40010069,20.064802931],[-98.400159659,20.06483586],[-98.40022379,20.064894614],[-98.400223829,20.06489465],[-98.400276873,20.06494324],[-98.40028291,20.064948771],[-98.400291279,20.064941251],[-98.400311949,20.064922658],[-98.400327033,20.06490909],[-98.400836979,20.0644504],[-98.400839931,20.064447876],[-98.401230323,20.064114122],[-98.40204321,20.063419159],[-98.402107683,20.063364039],[-98.40222818,20.06326102],[-98.402305549,20.06331891],[-98.402347271,20.063350134],[-98.402983977,20.06382662],[-98.40300755,20.063844261],[-98.403125819,20.064002381],[-98.40349494,20.06454083],[-98.403514488,20.064569347],[-98.403535479,20.064599971],[-98.40365337,20.064771951],[-98.403678309,20.064808322],[-98.403701307,20.064841863],[-98.40373568,20.064892015],[-98.404082049,20.06539728],[-98.404326533,20.065753904],[-98.40466662,20.066249981],[-98.405150522,20.066955862],[-98.405256089,20.06710985],[-98.40539975,20.067166431],[-98.40575873,20.067760707],[-98.406108169,20.068339183],[-98.405845971,20.069441791],[-98.405838022,20.069475221],[-98.405814689,20.069573341],[-98.40472325,20.0696928],[-98.404718823,20.069693284],[-98.40386057,20.069787231],[-98.403014951,20.069966351],[-98.401685769,20.07024789],[-98.401691999,20.070282661],[-98.401702895,20.070343325],[-98.401705919,20.07036016],[-98.401706224,20.070361856],[-98.40192055,20.07155508],[-98.401934924,20.071695027],[-98.40193841,20.071728966],[-98.401939843,20.071742909],[-98.401949013,20.071832193],[-98.401961508,20.071953846],[-98.402069628,20.073006492],[-98.402079687,20.073104425],[-98.402084607,20.073152318],[-98.402113142,20.073430134],[-98.402116199,20.073459895],[-98.402120656,20.073503283],[-98.40214945,20.073783611],[-98.402153288,20.073820978],[-98.402158591,20.073872605],[-98.402186726,20.074146523],[-98.402190188,20.074180228],[-98.402194012,20.074217457],[-98.40220512,20.0743256],[-98.40242649,20.074308921],[-98.40285163,20.074311481],[-98.402883192,20.074442798],[-98.402895889,20.074495624],[-98.40292358,20.074610831],[-98.402925769,20.07463372],[-98.40295899,20.074981795],[-98.40299388,20.075347351],[-98.403021671,20.075450594],[-98.40318606,20.07606128],[-98.403210389,20.076154607],[-98.403220545,20.076193565],[-98.403378169,20.076798201],[-98.40356923,20.077811231],[-98.403588144,20.077912851],[-98.40362834,20.078128821],[-98.403736349,20.07870914],[-98.403760851,20.078907876],[-98.40376951,20.07897811],[-98.403934905,20.078847301],[-98.403943909,20.07884018],[-98.403964719,20.078823721],[-98.403973419,20.078830551],[-98.403991399,20.07884472],[-98.40399831,20.079017993],[-98.403998319,20.07901811],[-98.404011693,20.079352728],[-98.4040216,20.079600621],[-98.40401737,20.079887421],[-98.404017097,20.079890864],[-98.403996629,20.080149091],[-98.40397995,20.08037935],[-98.403977218,20.080450655],[-98.403974508,20.080521381],[-98.403974468,20.080521565],[-98.403916849,20.08077255],[-98.403909339,20.08080526],[-98.403940592,20.080804498],[-98.40396102,20.080804],[-98.40396429,20.08080362],[-98.403994255,20.080800074],[-98.40545583,20.080627121],[-98.405548016,20.08061941],[-98.405569744,20.080617592],[-98.405591299,20.080615789],[-98.40657383,20.080533601],[-98.406749979,20.080516327],[-98.40758715,20.080434231],[-98.408339395,20.080365491],[-98.408372999,20.08036242],[-98.40837311,20.08036241],[-98.40837322,20.0803624],[-98.40839658,20.080217744],[-98.408399198,20.080201534],[-98.408409979,20.080134771],[-98.408416081,20.080126643],[-98.40843366,20.080103231],[-98.408433923,20.08010288],[-98.408434712,20.08010183],[-98.408455266,20.080074461],[-98.408481138,20.080040011],[-98.40884705,20.07955278],[-98.408874691,20.079515973],[-98.408922599,20.07945218],[-98.40892506,20.079276981],[-98.408934339,20.078868631],[-98.408989119,20.078857321],[-98.408940739,20.07837318],[-98.408877399,20.07773955],[-98.40885211,20.077344521],[-98.408784489,20.07633443],[-98.40871972,20.07437597],[-98.408710041,20.074131047],[-98.40869186,20.07367098],[-98.408684849,20.07295991],[-98.408638194,20.072941571],[-98.408579549,20.07291852],[-98.40854962,20.07214474],[-98.408515209,20.070959296],[-98.40849815,20.0703716],[-98.408485509,20.06992077],[-98.408466224,20.069251809],[-98.40846185,20.069100091],[-98.40889834,20.068974251],[-98.409658149,20.0687552],[-98.410872739,20.06840502],[-98.41152165,20.068285061],[-98.411976084,20.068201051],[-98.412075529,20.068182667],[-98.413290139,20.06795811],[-98.41338602,20.06794588],[-98.413438799,20.067939144],[-98.413557148,20.067924037],[-98.41406266,20.067859511],[-98.414288998,20.067830622],[-98.41547674,20.06767903],[-98.415767275,20.067640938],[-98.416214799,20.067582263],[-98.41659358,20.0675326],[-98.41690565,20.06749169],[-98.417218489,20.067450681],[-98.417298511,20.067440672],[-98.41793828,20.067360641],[-98.419514349,20.06716346],[-98.419849829,20.067121494],[-98.4203354,20.06706075],[-98.421002849,20.06697722],[-98.422152,20.066833461],[-98.422666569,20.06676908],[-98.423455489,20.066670351],[-98.423499198,20.066664886],[-98.423989214,20.066603567],[-98.424388629,20.06655358],[-98.424707489,20.066513681],[-98.426098779,20.066339581],[-98.42640108,20.06629292],[-98.426622396,20.066258773],[-98.42695497,20.066207461],[-98.427582969,20.066132581],[-98.42819232,20.066059936],[-98.428626677,20.066008156],[-98.429055,20.065957082],[-98.43020631,20.065819818],[-98.430499033,20.065784915],[-98.430624279,20.06576998],[-98.430717071,20.065758921],[-98.43099517,20.065725771],[-98.431339551,20.065689602],[-98.432547,20.065562781],[-98.433222712,20.065414485],[-98.433718598,20.065305653],[-98.434164539,20.06520778],[-98.43518235,20.064830621],[-98.435724399,20.064622251],[-98.43600531,20.064462921],[-98.436586784,20.064221775],[-98.43858085,20.06339478],[-98.439136741,20.063197093],[-98.439548973,20.063050492],[-98.439619655,20.063025355],[-98.439785523,20.062966368],[-98.44013346,20.06284263],[-98.440317927,20.062772583],[-98.440669949,20.06263891],[-98.441641074,20.062227054],[-98.442085399,20.062038612],[-98.44208783,20.06203758],[-98.442197487,20.061991039],[-98.442245766,20.061970547],[-98.44235362,20.06192477],[-98.442622679,20.061810571],[-98.442655319,20.061822031],[-98.442676817,20.061829585],[-98.442812648,20.061877311],[-98.442851779,20.061891061],[-98.442858254,20.061894235],[-98.44290836,20.061918797],[-98.443180139,20.062052021],[-98.443229471,20.062079525],[-98.44329199,20.062114379],[-98.443360778,20.062152729],[-98.443432595,20.062192767],[-98.443468619,20.062212851],[-98.44375755,20.06224197],[-98.444022217,20.062211544],[-98.444047236,20.062208668],[-98.44408331,20.062204521],[-98.444106154,20.062201894],[-98.444150469,20.062196797],[-98.444264949,20.062183631],[-98.44524355,20.062027311],[-98.446138183,20.061608663],[-98.44641987,20.061476845],[-98.44721075,20.061106741],[-98.447253027,20.061071548],[-98.44788685,20.06054392],[-98.44803955,20.06032895],[-98.448066119,20.06017277],[-98.44813457,20.060058291],[-98.448190939,20.060010481],[-98.448580769,20.05979711],[-98.44859085,20.05969194],[-98.449006719,20.05937885],[-98.4493504,20.05932755],[-98.449418479,20.059086221],[-98.44950486,20.05893277],[-98.449706179,20.058713981],[-98.44999882,20.058545921],[-98.45059082,20.058346],[-98.45122105,20.05800045],[-98.45189637,20.057763601],[-98.45242434,20.057525981],[-98.453376967,20.057031403],[-98.45503549,20.05617032],[-98.45631017,20.054929291],[-98.458516457,20.053207836],[-98.45919528,20.05267817],[-98.45923217,20.052657],[-98.459273453,20.052633327],[-98.459642587,20.052421653],[-98.459918819,20.052263251],[-98.4600246,20.052173751],[-98.462740286,20.054921391],[-98.462740402,20.054921508],[-98.463479229,20.055669001],[-98.463255831,20.05579808],[-98.463181409,20.055841081],[-98.46318129,20.05584115],[-98.463106867,20.05588415],[-98.463106748,20.055884219],[-98.46283889,20.056038981],[-98.462347093,20.056318019],[-98.462257448,20.056368881],[-98.462232509,20.056383021],[-98.462736819,20.056404951],[-98.464757679,20.056468551],[-98.46590629,20.056529751],[-98.467403459,20.056564661],[-98.469000179,20.056614381],[-98.469704629,20.056637051],[-98.47094186,20.056703481],[-98.47195011,20.056752428],[-98.472174319,20.056763311],[-98.472461782,20.056772371],[-98.475271149,20.056860881],[-98.47673545,20.05692009],[-98.478267384,20.056947486],[-98.478267891,20.056947496],[-98.479090539,20.056962201],[-98.480196979,20.056975351],[-98.481045785,20.056995064],[-98.481046292,20.056995076],[-98.481085612,20.056995989],[-98.48108612,20.056996001],[-98.48158057,20.057007481],[-98.482070369,20.057042461],[-98.482069779,20.057138971],[-98.482069778,20.057138999],[-98.48205663,20.0577835],[-98.482055437,20.057783898],[-98.482055382,20.057783916],[-98.481555981,20.057946042],[-98.48110428,20.05809268],[-98.481103776,20.058092844],[-98.481084647,20.058099054],[-98.481084145,20.058099216],[-98.480827538,20.05818252],[-98.48074877,20.058208091],[-98.48069152,20.058233717],[-98.48056035,20.058292431],[-98.480563872,20.058311148],[-98.480601667,20.05851203],[-98.48076033,20.059355306],[-98.480957022,20.060400688],[-98.480982693,20.060537121],[-98.481009815,20.060681268],[-98.481039659,20.060839891],[-98.48096577,20.061980269],[-98.480901954,20.062965143],[-98.480803799,20.064479981],[-98.481959999,20.064489351],[-98.48197743,20.06448949],[-98.481988079,20.064511891],[-98.482083969,20.064512941],[-98.482159516,20.064513766],[-98.483476885,20.064528149],[-98.492466057,20.064625987],[-98.49440014,20.064646968],[-98.494486822,20.064647907],[-98.496153939,20.064665971],[-98.496741812,20.064677471],[-98.496742319,20.064677481],[-98.49575662,20.066374571],[-98.49537802,20.066830141],[-98.495338019,20.066959081],[-98.49526378,20.067049341],[-98.496117779,20.06768126],[-98.497444909,20.068611281],[-98.49869629,20.069505581],[-98.49933052,20.069974551],[-98.499278079,20.071583921],[-98.499476259,20.073293001],[-98.49994831,20.075237111],[-98.50003715,20.075494891],[-98.500376419,20.076399481],[-98.501103719,20.077743401],[-98.501354859,20.078060381],[-98.502156739,20.078541551],[-98.502163849,20.079702721],[-98.50215085,20.080599541],[-98.50192028,20.081940771],[-98.50091745,20.081145951],[-98.500905199,20.081131421],[-98.500211579,20.08050532],[-98.49912595,20.080421371],[-98.498410949,20.080608091],[-98.497895219,20.081038061],[-98.497117119,20.081234221],[-98.49667014,20.081064121],[-98.49640952,20.08095295],[-98.495803219,20.081132881],[-98.494931459,20.081387891],[-98.493987519,20.081161941],[-98.49317749,20.080802821],[-98.49263358,20.080018061],[-98.492198539,20.079386691],[-98.49176102,20.078442201],[-98.49144582,20.077908971],[-98.49149091,20.077912891],[-98.491654319,20.076956401],[-98.488174309,20.075009341],[-98.48814831,20.074989951],[-98.488117769,20.074982451],[-98.48690252,20.074270821],[-98.48668585,20.07413846],[-98.48569655,20.073513941],[-98.485401379,20.073367661],[-98.48439488,20.07275778],[-98.48402692,20.072588021],[-98.48307625,20.071985061],[-98.48274895,20.071789911],[-98.48103218,20.074137771],[-98.480998779,20.074115691],[-98.480708888,20.074746222],[-98.480205769,20.075840521],[-98.480193991,20.07587374],[-98.480153109,20.075989051],[-98.480146869,20.076002033],[-98.480028207,20.076248871],[-98.479781448,20.076762172],[-98.47976358,20.076799341],[-98.47975405,20.076819171],[-98.479710825,20.076800016],[-98.479707435,20.076798513],[-98.47801897,20.07605023],[-98.477793802,20.075945445],[-98.477614766,20.075862129],[-98.47721246,20.07567491],[-98.477022088,20.075598353],[-98.476976531,20.075580033],[-98.476967275,20.075576311],[-98.476770429,20.075497152],[-98.47651238,20.075393381],[-98.476319829,20.07531397],[-98.476223558,20.075274261],[-98.476167993,20.075251342],[-98.476063428,20.075208212],[-98.476040829,20.075198891],[-98.476019265,20.075189997],[-98.475951797,20.075162169],[-98.475923679,20.075150571],[-98.475826346,20.075108339],[-98.475751638,20.075075924],[-98.475075079,20.074782373],[-98.474715489,20.07544818],[-98.474697015,20.075479427],[-98.474675519,20.075515781],[-98.474664938,20.07552875],[-98.474164768,20.076141738],[-98.473805751,20.076581732],[-98.473788028,20.076603454],[-98.47377322,20.0766216],[-98.473772754,20.076622367],[-98.473737787,20.076679878],[-98.473716199,20.076715384],[-98.473668249,20.076794251],[-98.473636399,20.07684662],[-98.473271167,20.077056952],[-98.473188619,20.07710449],[-98.47299382,20.07720328],[-98.472832549,20.07728506],[-98.47264502,20.077443807],[-98.472588401,20.077491735],[-98.472219619,20.07780391],[-98.472119837,20.077867319],[-98.472034963,20.077921254],[-98.471777549,20.07808483],[-98.470825279,20.07840914],[-98.470375059,20.07858251],[-98.469679219,20.07911269],[-98.469687322,20.079193514],[-98.469692749,20.079247644],[-98.46970058,20.07932575],[-98.469679253,20.079362272],[-98.469677322,20.079365578],[-98.46955583,20.079573631],[-98.469383369,20.08005651],[-98.469221935,20.080171819],[-98.46886531,20.080426551],[-98.468655579,20.080588491],[-98.46839683,20.080692221],[-98.467965649,20.08084188],[-98.46764548,20.08091058],[-98.467435709,20.08108414],[-98.46718894,20.081280801],[-98.467016079,20.081454461],[-98.46679349,20.08177894],[-98.46645562,20.082231451],[-98.46622088,20.08250943],[-98.46583782,20.082984371],[-98.465519139,20.08350589],[-98.46499508,20.084083921],[-98.46468615,20.08461915],[-98.46416238,20.08511025],[-98.46357745,20.08552871],[-98.463077629,20.085757061],[-98.46258435,20.08579988],[-98.46209092,20.085898091],[-98.46149123,20.086162171],[-98.460508779,20.08639077],[-98.460299419,20.086451821],[-98.460155,20.0866364],[-98.460206909,20.08674757],[-98.46033708,20.08690832],[-98.46046728,20.087056751],[-98.46047955,20.087291151],[-98.46022949,20.087784201],[-98.459993399,20.088017851],[-98.459822679,20.088251691],[-98.459704259,20.08847337],[-98.45958569,20.088744381],[-98.45949245,20.089249831],[-98.459399819,20.08958262],[-98.459259346,20.089793182],[-98.459137019,20.089976541],[-98.458520249,20.09023594],[-98.458322139,20.09035315],[-98.45810289,20.090568491],[-98.457915059,20.09072502],[-98.457810769,20.090793431],[-98.457654289,20.09091078],[-98.457445539,20.09109669],[-98.457146479,20.091322151],[-98.45703126,20.09153782],[-98.456822749,20.091655001],[-98.456509919,20.09185042],[-98.456332659,20.091957881],[-98.456207369,20.09208514],[-98.456081819,20.092281121],[-98.45598763,20.09243794],[-98.45579975,20.09260428],[-98.455455659,20.09280942],[-98.45540301,20.09283842],[-98.45462165,20.09326878],[-98.454319219,20.093464231],[-98.453975019,20.09369882],[-98.453744969,20.09402212],[-98.453608779,20.094286821],[-98.4534294,20.09500343],[-98.45333545,20.095091511],[-98.453314229,20.09520926],[-98.453365819,20.09533706],[-98.45359466,20.09535742],[-98.453646689,20.095357571],[-98.453782079,20.095328541],[-98.45391714,20.09538786],[-98.454010449,20.09548634],[-98.45406206,20.09560432],[-98.454009629,20.095721981],[-98.45388425,20.095868881],[-98.453675689,20.095995881],[-98.45358302,20.096408541],[-98.453478689,20.09648677],[-98.453280849,20.09652543],[-98.45307265,20.096554251],[-98.452822489,20.09667129],[-98.452818704,20.096673358],[-98.452697379,20.09673963],[-98.452589526,20.09681412],[-98.452530364,20.096854981],[-98.45249922,20.09687649],[-98.45233235,20.09698397],[-98.45223812,20.0971506],[-98.452219015,20.097179997],[-98.452091649,20.097375981],[-98.45181888,20.098013741],[-98.45158917,20.09823886],[-98.45147403,20.09843488],[-98.45117151,20.098649951],[-98.450911909,20.09879658],[-98.450641149,20.098854661],[-98.450308109,20.09887326],[-98.45008955,20.0988824],[-98.449964309,20.098990021],[-98.449776019,20.09927417],[-98.449598399,20.09947982],[-98.44946243,20.099675771],[-98.449263769,20.09995008],[-98.44877635,20.100233851],[-98.448616829,20.10036269],[-98.448595259,20.10053262],[-98.44857935,20.100616721],[-98.44855491,20.100716781],[-98.448493569,20.100885171],[-98.44841977,20.10102805],[-98.448221309,20.101243451],[-98.44801475,20.101402571],[-98.447961509,20.101593571],[-98.4478566,20.101778291],[-98.447772289,20.10196714],[-98.44765657,20.102046821],[-98.447522829,20.102141],[-98.44739531,20.10223223],[-98.44732152,20.10231143],[-98.447259679,20.102411511],[-98.44719852,20.102545421],[-98.44711586,20.10269363],[-98.44708165,20.10286477],[-98.447050539,20.10303255],[-98.44693826,20.10335772],[-98.44687771,20.10364489],[-98.44669255,20.10385314],[-98.446681215,20.103861125],[-98.446598494,20.103919391],[-98.446502379,20.10398709],[-98.446338119,20.104065031],[-98.446069179,20.104136981],[-98.44578385,20.10432195],[-98.445658843,20.104405751],[-98.445654979,20.104408341],[-98.44565392,20.104409928],[-98.44561159,20.104473362],[-98.44558971,20.10450615],[-98.445599321,20.104584216],[-98.445606539,20.10464285],[-98.445633493,20.104740425],[-98.44565928,20.10483378],[-98.445586116,20.10495592],[-98.445561999,20.10499618],[-98.445477587,20.10508929],[-98.44541058,20.105163201],[-98.445387569,20.105194191],[-98.445250359,20.105378984],[-98.445184116,20.1054682],[-98.44512389,20.105549311],[-98.445060343,20.105745784],[-98.44505658,20.105757421],[-98.445042229,20.105770307],[-98.444942149,20.105860181],[-98.444805549,20.105925021],[-98.44476228,20.105933471],[-98.444679854,20.105949568],[-98.444670059,20.10595148],[-98.444635535,20.105985275],[-98.444102711,20.106506832],[-98.443985902,20.106621169],[-98.443901527,20.106703759],[-98.443813155,20.106790262],[-98.44368382,20.106916861],[-98.443679449,20.10732211],[-98.44380221,20.107282797],[-98.443874773,20.10725956],[-98.443901219,20.10725109],[-98.443909769,20.107267715],[-98.4440462,20.107533001],[-98.44402917,20.10754611],[-98.444002054,20.107566973],[-98.443943914,20.107611704],[-98.44394054,20.107614301],[-98.443924231,20.107626849],[-98.441918169,20.10917028],[-98.440348029,20.110259141],[-98.437407509,20.112377662],[-98.436862278,20.112770464],[-98.436818309,20.11280214],[-98.43678242,20.112827999],[-98.436777572,20.112831492],[-98.436770016,20.112836937],[-98.436719018,20.11287368],[-98.436644773,20.112909781],[-98.436390781,20.11303328],[-98.435592539,20.11361111],[-98.43547415,20.113685231],[-98.435462219,20.113691341],[-98.435495531,20.113739261],[-98.435506249,20.11375468],[-98.435479858,20.113776568],[-98.435404117,20.113839382],[-98.435095149,20.114095621],[-98.433590998,20.115143321],[-98.432452349,20.115852691],[-98.431728019,20.116200911],[-98.430883029,20.11653935],[-98.429993769,20.11692306],[-98.429704071,20.117048464],[-98.428590849,20.117530341],[-98.428368884,20.117638513],[-98.428324569,20.117660111],[-98.427601339,20.118008111],[-98.426785507,20.118516033],[-98.426317748,20.118873921],[-98.426064599,20.11907417],[-98.425606429,20.119456461],[-98.425576928,20.119493685],[-98.425572169,20.11949969],[-98.425472252,20.119512355],[-98.423461783,20.119767222],[-98.42168289,20.119992709],[-98.421362365,20.120033335],[-98.421357675,20.120033929],[-98.421323981,20.1200382],[-98.421522085,20.120378251],[-98.421547814,20.120422418],[-98.422351329,20.121880737],[-98.422413952,20.121994391],[-98.422429248,20.122022151],[-98.421817087,20.122525111],[-98.421750603,20.122568569],[-98.421643888,20.122638321],[-98.421568946,20.122687314],[-98.421512368,20.122738232],[-98.42140621,20.122821229],[-98.421283047,20.12291752],[-98.420757769,20.123328181],[-98.420349302,20.123675533],[-98.420333138,20.12370631],[-98.420299078,20.123771167],[-98.419752828,20.124187758],[-98.419251489,20.124570094],[-98.419224418,20.12459075],[-98.419164416,20.12463651],[-98.41916354,20.124637179],[-98.418826201,20.124894444],[-98.418659769,20.12502137],[-98.418239733,20.125352304],[-98.41803629,20.125512593],[-98.417594012,20.125861049],[-98.417377757,20.126023131],[-98.417344924,20.12604774],[-98.417332441,20.126057097],[-98.417333455,20.126053495],[-98.417341451,20.126025028],[-98.417342185,20.126022414],[-98.417350947,20.125991221],[-98.4172892,20.12602897],[-98.41723618,20.126055578],[-98.417224709,20.126061335],[-98.4172072,20.126070122],[-98.417116211,20.126141229],[-98.417026135,20.126211624],[-98.416970313,20.126255248],[-98.41583492,20.127142541],[-98.414981349,20.12781631],[-98.41408485,20.128538911],[-98.412990859,20.12940165],[-98.411642029,20.130479851],[-98.408447249,20.133043911],[-98.408409539,20.13307723],[-98.405650369,20.13523097],[-98.40469055,20.13603708],[-98.404389059,20.136298281],[-98.404320349,20.136292371],[-98.403049309,20.13516865],[-98.401815649,20.133552371],[-98.401229949,20.13278665],[-98.401182117,20.132771136],[-98.401152449,20.132761513],[-98.40110666,20.13277412],[-98.401104855,20.132774617],[-98.400847709,20.132845421],[-98.400485208,20.132609316],[-98.400448889,20.132585661],[-98.400395915,20.132551158],[-98.400261969,20.132463921],[-98.399247896,20.131767703],[-98.399235399,20.131759122],[-98.39921046,20.131742],[-98.39919377,20.131687921],[-98.399190345,20.131676823],[-98.399176619,20.13163235],[-98.399170769,20.131621501],[-98.399162329,20.131605851],[-98.399153879,20.131590182],[-98.398214581,20.130854781],[-98.398214429,20.130854662],[-98.398214406,20.130854643],[-98.398117861,20.130779058],[-98.39748291,20.130281941],[-98.397442346,20.130306271],[-98.397441365,20.13030686],[-98.397085489,20.13052032],[-98.397012659,20.130472181],[-98.397003246,20.130465958],[-98.396898619,20.1303968],[-98.39602595,20.12992374],[-98.39601738,20.129935103],[-98.396015698,20.129937333],[-98.395929259,20.130051948],[-98.395318804,20.130736711],[-98.394942819,20.13078957],[-98.394864213,20.130752014],[-98.394850622,20.130745521],[-98.394256109,20.13046148],[-98.394244093,20.130465072],[-98.394239176,20.130466543],[-98.39403366,20.13052798],[-98.393803969,20.130749551],[-98.393635979,20.13082345],[-98.393548634,20.130784629],[-98.393526727,20.130774892],[-98.393454769,20.13074291],[-98.393424955,20.130702402],[-98.393404306,20.130674351],[-98.39337052,20.13062845],[-98.393361181,20.130629519],[-98.393176819,20.13065062],[-98.393130141,20.130776814],[-98.393129317,20.130779042],[-98.393123521,20.130794713],[-98.393094428,20.130873368],[-98.393054519,20.130981261],[-98.392968079,20.131052497],[-98.392864219,20.13113809],[-98.392770676,20.131215179],[-98.39275103,20.13123137],[-98.392750471,20.131231761],[-98.392737113,20.131241068],[-98.392711365,20.131259006],[-98.392675196,20.131284206],[-98.392602971,20.131334527],[-98.392362937,20.131501766],[-98.392343596,20.131515241],[-98.392343561,20.131515265],[-98.392302699,20.131543735],[-98.392276152,20.131562232],[-98.392238805,20.131588253],[-98.392229279,20.13159489],[-98.392210509,20.131594825],[-98.392147468,20.131594607],[-98.392093615,20.131594421],[-98.391986928,20.131594052],[-98.391977651,20.13159402],[-98.391823366,20.131593487],[-98.39075295,20.131589781],[-98.389708253,20.131553678],[-98.389661478,20.131552061],[-98.38965189,20.13155174],[-98.389229549,20.13124203],[-98.389020109,20.131046911],[-98.388799461,20.130841313],[-98.388614629,20.13066909],[-98.388412454,20.130493709],[-98.388252418,20.13035488],[-98.388081565,20.130206681],[-98.38700643,20.128946981],[-98.386986849,20.1289284],[-98.386972028,20.128914336],[-98.386938601,20.128882616],[-98.38672485,20.12867978],[-98.38669937,20.128447821],[-98.38640526,20.12813234],[-98.38645288,20.12796809],[-98.386617889,20.12778375],[-98.386644079,20.127760461],[-98.38665772,20.12773168],[-98.386073,20.12716188],[-98.385195289,20.12627438],[-98.38522602,20.126805461],[-98.385405909,20.128925481],[-98.385433139,20.12920272],[-98.385533803,20.130295026],[-98.385535677,20.130315351],[-98.38554446,20.13041066],[-98.38555229,20.130495631],[-98.38555432,20.130517661],[-98.385568925,20.13056997],[-98.385643874,20.130838405],[-98.385651431,20.130865471],[-98.385661353,20.130901009],[-98.38566306,20.130907121],[-98.38582112,20.13125843],[-98.386067549,20.13150009],[-98.38620472,20.131662571],[-98.38618835,20.131699876],[-98.38617783,20.131723851],[-98.386175769,20.13172854],[-98.386162464,20.131744239],[-98.386139711,20.131771083],[-98.386108513,20.131807891],[-98.386108427,20.131807993],[-98.38598051,20.131958912],[-98.38551029,20.13251368],[-98.38594318,20.132933182],[-98.38604606,20.13326774],[-98.385964554,20.133302883],[-98.385868799,20.13334417],[-98.38563702,20.13343326],[-98.385609449,20.133523061],[-98.385658829,20.133866371],[-98.38513423,20.134137941],[-98.384590089,20.134621111],[-98.384214749,20.134972581],[-98.38401908,20.13505169],[-98.383841629,20.135006981],[-98.383691859,20.135050551],[-98.383607139,20.135200181],[-98.38358769,20.13539415],[-98.383503059,20.13551732],[-98.383305829,20.13574594],[-98.38302443,20.13598309],[-98.382846139,20.13615003],[-98.382677179,20.13632583],[-98.382508309,20.136475171],[-98.382255749,20.13650957],[-98.38217378,20.136624421],[-98.382098139,20.136844651],[-98.38195689,20.13709991],[-98.38165675,20.1373458],[-98.381244429,20.137591311],[-98.381009829,20.13781097],[-98.38072962,20.1381102],[-98.380401149,20.13842655],[-98.38020466,20.13846995],[-98.38009249,20.13846074],[-98.380055489,20.1383636],[-98.38003742,20.138204771],[-98.379944449,20.13807215],[-98.37983254,20.138001221],[-98.379608119,20.138009231],[-98.37947689,20.13809697],[-98.37939215,20.1382466],[-98.379166799,20.13849275],[-98.378904679,20.13858003],[-98.378670849,20.138605661],[-98.37852057,20.138781521],[-98.378127819,20.13916846],[-98.377809519,20.139273181],[-98.377425419,20.139474681],[-98.377134539,20.13973823],[-98.376918879,20.139896221],[-98.37688057,20.140125381],[-98.376898619,20.14029303],[-98.376944549,20.140496031],[-98.37698111,20.140707831],[-98.3767832,20.14110402],[-98.37659562,20.14125328],[-98.37644669,20.14150886],[-98.375931199,20.14183335],[-98.375513599,20.14183188],[-98.375280619,20.141645851],[-98.37520642,20.14149565],[-98.375057739,20.141265821],[-98.3747878,20.140965],[-98.374461249,20.140796281],[-98.374162249,20.14075111],[-98.373890909,20.140803061],[-98.373451139,20.14088969],[-98.373002349,20.14089692],[-98.372535139,20.140833521],[-98.372293019,20.140594521],[-98.372200459,20.14035608],[-98.37197865,20.140356551],[-98.37122066,20.14058732],[-98.37049223,20.14070832],[-98.36992466,20.140651371],[-98.36939975,20.14061122],[-98.369595199,20.141494],[-98.369702089,20.14205555],[-98.369702059,20.14215588],[-98.369776659,20.142435481],[-98.36990155,20.142595881],[-98.37059377,20.14314749],[-98.37081968,20.14336642],[-98.37104485,20.14381503],[-98.371239289,20.144415491],[-98.371454079,20.14483705],[-98.371793519,20.145436681],[-98.37200952,20.14581254],[-98.372234849,20.146261371],[-98.3723322,20.14706288],[-98.37253922,20.148573121],[-98.372637379,20.14887268],[-98.372915229,20.149365111],[-98.373879829,20.15143623],[-98.37454685,20.15289758],[-98.37467292,20.15320574],[-98.375508399,20.154932],[-98.375950031,20.155824288],[-98.37633883,20.15660982],[-98.376563429,20.15702154],[-98.377146417,20.158269704],[-98.377752818,20.159567971],[-98.378126662,20.160333579],[-98.37840478,20.16090314],[-98.37892058,20.161855582],[-98.379278849,20.16258234],[-98.379128649,20.163564201],[-98.378745949,20.166145021],[-98.37835737,20.16946705],[-98.37805874,20.17158825],[-98.37795688,20.172249371],[-98.377909833,20.172325916],[-98.37783877,20.172441536],[-98.377558939,20.172896821],[-98.376805309,20.174323721],[-98.376504969,20.174834651],[-98.374713289,20.176619341],[-98.374659029,20.176713169],[-98.374571078,20.176865254],[-98.37452495,20.17694502],[-98.374531471,20.177286855],[-98.37453269,20.177350771],[-98.374610386,20.177668553],[-98.37470752,20.17806583],[-98.374768587,20.178251524],[-98.3749108,20.178683971],[-98.37483505,20.1789224],[-98.374820816,20.178947672],[-98.37474085,20.17908965],[-98.374512371,20.179171589],[-98.37449734,20.17917698],[-98.373982939,20.179183981],[-98.372963829,20.17910978],[-98.372086834,20.17912366],[-98.37205395,20.179124181],[-98.371891803,20.179164731],[-98.37181055,20.179185051],[-98.371631636,20.179243887],[-98.371332949,20.17934211],[-98.370920679,20.179534681],[-98.37068595,20.17976317],[-98.37040394,20.180123771],[-98.368949679,20.181274781],[-98.36878992,20.181468261],[-98.368685749,20.181785401],[-98.368646999,20.18212043],[-98.368646973,20.182126874],[-98.368646583,20.182223633],[-98.368645969,20.182376221],[-98.368706113,20.18244332],[-98.368860109,20.18261512],[-98.36944702,20.183446251],[-98.369597,20.183699233],[-98.36976526,20.183983051],[-98.370097539,20.18465726],[-98.370156058,20.184831685],[-98.37015909,20.184840721],[-98.370158691,20.184845169],[-98.36998565,20.186777511],[-98.36994522,20.18774498],[-98.370565549,20.188886341],[-98.37072803,20.189067861],[-98.371195829,20.18946512],[-98.37149126,20.189694861],[-98.37231722,20.190422451],[-98.37246392,20.190821751],[-98.37211138,20.19137425],[-98.371280875,20.192039332],[-98.37061857,20.19256971],[-98.370314259,20.19300312],[-98.369882059,20.194417201],[-98.369330743,20.195875667],[-98.369294509,20.19597152],[-98.369188643,20.195945842],[-98.36897515,20.195894061],[-98.36850588,20.19606228],[-98.36841628,20.19634794],[-98.368625222,20.196652728],[-98.368671489,20.19672022],[-98.369101429,20.196397771],[-98.36929123,20.196611741],[-98.36885594,20.197000181],[-98.368385554,20.197036614],[-98.36836572,20.197038151],[-98.368364883,20.197052668],[-98.368340549,20.19747483],[-98.368082649,20.197271871],[-98.36805126,20.19724717],[-98.367656169,20.19745808],[-98.367666816,20.197594836],[-98.36774169,20.19855674],[-98.367892179,20.20097255],[-98.367391289,20.204763121],[-98.372381419,20.20506548],[-98.375191119,20.20523215],[-98.37514406,20.208947881],[-98.373048849,20.20904178],[-98.36917968,20.208685781],[-98.368437629,20.208421691],[-98.367130059,20.20833289],[-98.366787489,20.20851385],[-98.365340219,20.20878597],[-98.364451479,20.209009321],[-98.36178975,20.207279421],[-98.361769919,20.20726548],[-98.361729542,20.207237095],[-98.36167178,20.20719649],[-98.36174794,20.20697235],[-98.361675335,20.20698781],[-98.361182339,20.207092781],[-98.360629249,20.20617978],[-98.36119997,20.206176521],[-98.36123382,20.205874001],[-98.361252309,20.205752981],[-98.360268649,20.205888571],[-98.360181088,20.205900629],[-98.36012735,20.20590803],[-98.360125987,20.205901823],[-98.360077402,20.20568059],[-98.359917259,20.204951381],[-98.359916313,20.204947059],[-98.35990662,20.20490286],[-98.359499058,20.204906284],[-98.35945066,20.204906691],[-98.359449685,20.20490146],[-98.359442507,20.204862934],[-98.359435936,20.204827664],[-98.359429079,20.204790861],[-98.35935265,20.20430471],[-98.358140059,20.20423385],[-98.357671325,20.204618245],[-98.357659226,20.204628167],[-98.357643199,20.204641311],[-98.35763194,20.204650541],[-98.357592475,20.204586721],[-98.357535357,20.204494349],[-98.357532489,20.204489711],[-98.357531862,20.204489329],[-98.35748342,20.204459873],[-98.357456579,20.204443551],[-98.357431014,20.204378535],[-98.357367294,20.204216483],[-98.357134339,20.20362403],[-98.35709786,20.203531291],[-98.35705003,20.203540246],[-98.356949013,20.203559161],[-98.355619229,20.203808141],[-98.355618638,20.203763457],[-98.355618431,20.203747774],[-98.355593909,20.201892031],[-98.35467954,20.20206751],[-98.35460935,20.20222548],[-98.35453518,20.20217335],[-98.354473932,20.202130309],[-98.354385337,20.202068049],[-98.354294739,20.202004381],[-98.3524102,20.200680001],[-98.35010311,20.199068757],[-98.349955543,20.198965695],[-98.34531497,20.195724551],[-98.34299989,20.194088892],[-98.342899885,20.194018235],[-98.34055497,20.19236142],[-98.335790969,20.188979341],[-98.333778559,20.188197078],[-98.333742859,20.1881832],[-98.33374111,20.188196259],[-98.333737124,20.188225889],[-98.333618349,20.189108771],[-98.333439309,20.190211251],[-98.332978262,20.192632242],[-98.332975023,20.19264925],[-98.332972996,20.192659894],[-98.33257766,20.194735773],[-98.332573242,20.194758965],[-98.332569431,20.194778981],[-98.332373049,20.19581014],[-98.33168074,20.19933923],[-98.331642448,20.199527812],[-98.331521633,20.200122819],[-98.331461529,20.200418826],[-98.330971169,20.202833751],[-98.33092999,20.203037454],[-98.330929983,20.203037486],[-98.33082145,20.203574371],[-98.330818377,20.203589293],[-98.330624657,20.204529951],[-98.330624649,20.204529987],[-98.330599127,20.204653915],[-98.330599091,20.204654088],[-98.330516659,20.205054351],[-98.330357267,20.205799394],[-98.33020609,20.206506031],[-98.33019852,20.206700139],[-98.330196357,20.20675564],[-98.330192458,20.206855674],[-98.330192361,20.206858167],[-98.33019079,20.206898467],[-98.330189139,20.206940831],[-98.32944322,20.20651254],[-98.329136265,20.206307512],[-98.328604535,20.205952343],[-98.328480529,20.205869514],[-98.32831388,20.2057582],[-98.326741386,20.204805695],[-98.326551324,20.204690568],[-98.32645751,20.204633741],[-98.325943639,20.204295408],[-98.32515272,20.203774661],[-98.324745657,20.203526359],[-98.324423999,20.203330151],[-98.324181971,20.203184219],[-98.32351694,20.202783199],[-98.32265903,20.20226586],[-98.321448074,20.201466639],[-98.32127818,20.201354511],[-98.321078642,20.20121745],[-98.320187829,20.200605552],[-98.319647269,20.200234228],[-98.319616339,20.200212981],[-98.31940752,20.200076401],[-98.318247029,20.199301151],[-98.316816284,20.198373974],[-98.316789969,20.198356921],[-98.316483102,20.198158058],[-98.316171088,20.197955858],[-98.316151617,20.19794324],[-98.316131293,20.197930069],[-98.315666437,20.19762882],[-98.314597509,20.19693609],[-98.314318539,20.196665803],[-98.31422769,20.196577781],[-98.314222998,20.196573236],[-98.31414069,20.196493482],[-98.314126197,20.196479438],[-98.31405655,20.196411951],[-98.310942289,20.193373421],[-98.31091968,20.193402977],[-98.310893185,20.193437614],[-98.310842506,20.193503867],[-98.309763859,20.194913961],[-98.306607167,20.199040437],[-98.306543686,20.199123418],[-98.302918321,20.203862171],[-98.302917383,20.203863396],[-98.30182283,20.20529402],[-98.301758289,20.205372615],[-98.301593395,20.205573416],[-98.30157889,20.20559108],[-98.301507779,20.205165571],[-98.30137028,20.20490206],[-98.301198379,20.20463685],[-98.300948659,20.2044276],[-98.300704539,20.204302821],[-98.300490049,20.204223151],[-98.30016243,20.20408115],[-98.30002922,20.20401703],[-98.300054289,20.203880691],[-98.299974539,20.203673321],[-98.29991229,20.203450281],[-98.299827519,20.203113891],[-98.29937211,20.20291957],[-98.29920634,20.20264309],[-98.299039859,20.20252369],[-98.29858963,20.20278243],[-98.29767545,20.20356523],[-98.29764534,20.20359337],[-98.295980229,20.205279221],[-98.28936715,20.21229849],[-98.283370149,20.205235091]]]]},"properties":{"municipality":"Tulancingo de Bravo","official_key":"13077","CVE_ENT":"13","CVE_MUN":"077","geometry_kind":"municipality","source":"INEGI Gaia — Servicio vectorial del Marco Geoestadístico"}},"features":[{"type":"Feature","geometry":{"type":"MultiPolygon","crs":{"type":"name","properties":{"name":"EPSG:6365"}},"coordinates":[[[[-98.364893216,20.128596565],[-98.364764205,20.128310457],[-98.364617565,20.128046545],[-98.364584788,20.127989874],[-98.364465571,20.127802943],[-98.364443108,20.127791867],[-98.364340815,20.127741432],[-98.364334846,20.127740209],[-98.36422529,20.12771777],[-98.363133384,20.127494123],[-98.362304337,20.127313155],[-98.361520091,20.127090123],[-98.361238723,20.127034185],[-98.360725999,20.126954201],[-98.360661634,20.126856351],[-98.360605853,20.126771549],[-98.360605824,20.126771506],[-98.360593095,20.126752373],[-98.360328959,20.126378312],[-98.360303859,20.126342768],[-98.360301861,20.12633994],[-98.360298098,20.12634263],[-98.3602484,20.12637817],[-98.359763133,20.126671081],[-98.359636292,20.126490446],[-98.359572451,20.126357639],[-98.359468567,20.126155538],[-98.359427037,20.125991084],[-98.359323116,20.125764295],[-98.359241615,20.125679985],[-98.359179584,20.125559432],[-98.359137246,20.125313585],[-98.359117102,20.12515765],[-98.35894013,20.125189085],[-98.358641484,20.125174536],[-98.358412578,20.125154951],[-98.358407522,20.125094454],[-98.358407337,20.125092236],[-98.358375137,20.124706945],[-98.358376791,20.124706633],[-98.358481787,20.124686887],[-98.358482838,20.124685581],[-98.358516511,20.12464373],[-98.358650121,20.124477667],[-98.358727624,20.124296655],[-98.358751981,20.124051203],[-98.358753363,20.124051623],[-98.358954025,20.124112631],[-98.359243471,20.124123241],[-98.359443739,20.123985786],[-98.359811528,20.123914286],[-98.359956547,20.123977374],[-98.360090835,20.124020312],[-98.360307092,20.12403804],[-98.360550669,20.123906671],[-98.360550922,20.123905974],[-98.360615953,20.123726803],[-98.36062366,20.123529807],[-98.360610985,20.123233321],[-98.360612601,20.123233192],[-98.360902988,20.123210038],[-98.361223956,20.123130561],[-98.361594804,20.122960253],[-98.361595914,20.122959058],[-98.361768353,20.122773446],[-98.361895533,20.122588778],[-98.361998555,20.122412435],[-98.362071532,20.122047857],[-98.362147708,20.12179497],[-98.362223368,20.121626769],[-98.362261215,20.121529585],[-98.362264607,20.121420522],[-98.362264753,20.121415815],[-98.362264736,20.121415725],[-98.36223262,20.121250401],[-98.362232585,20.121250216],[-98.362232749,20.121245605],[-98.362239677,20.121052309],[-98.362267123,20.120894155],[-98.362294045,20.120821708],[-98.362313013,20.12070533],[-98.362313262,20.120703816],[-98.362313142,20.120700533],[-98.362306202,20.120507641],[-98.362306184,20.120507169],[-98.362306331,20.120502845],[-98.362311214,20.120358005],[-98.362311368,20.120353401],[-98.362311343,20.120353208],[-98.362297277,20.120250509],[-98.36227224,20.120102891],[-98.361571626,20.118871529],[-98.361508171,20.118736072],[-98.361534441,20.118541781],[-98.361513189,20.118072922],[-98.36138016,20.117168779],[-98.361252419,20.116932852],[-98.361257065,20.116851261],[-98.36137593,20.116656049],[-98.361545719,20.116483099],[-98.361974993,20.11604583],[-98.362021521,20.115778138],[-98.362021785,20.115776954],[-98.36202165,20.115773342],[-98.362004106,20.1153024],[-98.362004014,20.115299923],[-98.362004235,20.115297603],[-98.36204866,20.114831492],[-98.362049091,20.114826969],[-98.362048789,20.114826695],[-98.361598938,20.114418985],[-98.361318339,20.114129418],[-98.357785723,20.11288481],[-98.356831168,20.11249157],[-98.35672077,20.112293309],[-98.356559411,20.112087492],[-98.356531732,20.111978094],[-98.356502228,20.111928979],[-98.356797272,20.111576367],[-98.356684284,20.111492621],[-98.356585058,20.111424232],[-98.356584706,20.111423987],[-98.356215097,20.111927338],[-98.356213891,20.11192898],[-98.355991071,20.111779324],[-98.355441337,20.11139677],[-98.355440323,20.111396031],[-98.355441466,20.111391974],[-98.3554494,20.111363801],[-98.355491087,20.111277322],[-98.35549303,20.111273293],[-98.355491216,20.111272525],[-98.354838368,20.110996846],[-98.354768062,20.110984338],[-98.35424298,20.110857177],[-98.354092777,20.111194678],[-98.353996473,20.111165797],[-98.353422209,20.110993572],[-98.353329661,20.111038955],[-98.353029522,20.110961887],[-98.352370689,20.110776567],[-98.351769579,20.110544456],[-98.351175743,20.110244526],[-98.351069372,20.11042112],[-98.350710874,20.110308067],[-98.350476737,20.110168389],[-98.350605963,20.109925847],[-98.350092597,20.109571432],[-98.350169318,20.109463849],[-98.350115898,20.109417774],[-98.349898741,20.109230476],[-98.34961459,20.10903319],[-98.349267482,20.108791851],[-98.34932058,20.108728074],[-98.349382817,20.108653322],[-98.349087774,20.108449308],[-98.348622964,20.108109588],[-98.348625338,20.108108809],[-98.348845587,20.108036545],[-98.349261331,20.107910611],[-98.349376665,20.107845122],[-98.349377551,20.107844104],[-98.349655405,20.107524657],[-98.349657531,20.107522212],[-98.349759368,20.107415262],[-98.349764674,20.107126951],[-98.349764761,20.107122155],[-98.349764803,20.107122156],[-98.349766296,20.107122198],[-98.349770521,20.107122314],[-98.349770563,20.107122313],[-98.349877737,20.107125262],[-98.349878796,20.107123846],[-98.350444568,20.106368139],[-98.350631199,20.106118863],[-98.350745815,20.105965769],[-98.3510114,20.105611047],[-98.351445001,20.10507857],[-98.351112122,20.104832951],[-98.350842896,20.104627163],[-98.350062856,20.104030922],[-98.349950598,20.103811781],[-98.349742521,20.103405586],[-98.34974133,20.103403011],[-98.349740672,20.103401589],[-98.349739478,20.103399008],[-98.349739373,20.103398203],[-98.349264674,20.102161169],[-98.350454508,20.102172719],[-98.350466502,20.102043512],[-98.350087394,20.102043145],[-98.348572139,20.102040352],[-98.348191787,20.102019512],[-98.348024362,20.101985276],[-98.347968793,20.101944945],[-98.347925346,20.101871132],[-98.347882165,20.101713322],[-98.347860441,20.101371639],[-98.347791402,20.10112091],[-98.347793393,20.101121065],[-98.348133686,20.101147523],[-98.348300323,20.101137308],[-98.348843299,20.10123173],[-98.349076133,20.101276414],[-98.349513793,20.101367768],[-98.349787231,20.101444908],[-98.349954014,20.101529831],[-98.350026692,20.101561462],[-98.350108355,20.101568384],[-98.350113092,20.101568785],[-98.350114115,20.101568523],[-98.350277892,20.101526386],[-98.350432507,20.101404524],[-98.35043301,20.101403955],[-98.350517815,20.101308277],[-98.350619891,20.101182923],[-98.35062071,20.101182431],[-98.350746784,20.101106832],[-98.350890492,20.101077585],[-98.351058615,20.101078201],[-98.351182092,20.101078463],[-98.351343507,20.101006263],[-98.35134389,20.101005389],[-98.351407137,20.100860908],[-98.351517,20.100641723],[-98.351600862,20.100419463],[-98.351605523,20.100407123],[-98.351665507,20.100298154],[-98.351666764,20.100297305],[-98.3516858,20.100284447],[-98.351891661,20.100145492],[-98.351891764,20.100145074],[-98.351937953,20.099960369],[-98.352027261,20.099533878],[-98.352049708,20.099241709],[-98.35208523,20.099119401],[-98.352170399,20.098959877],[-98.352222931,20.098761392],[-98.352223769,20.098758231],[-98.35222306,20.098756596],[-98.352157846,20.098605786],[-98.352045662,20.098425631],[-98.351878169,20.098272831],[-98.351813727,20.098087756],[-98.351812415,20.098083985],[-98.351813858,20.09808296],[-98.35181406,20.098082818],[-98.351889015,20.098029539],[-98.352241431,20.097772523],[-98.352645384,20.097477938],[-98.352952814,20.097214677],[-98.353316639,20.096903112],[-98.353319554,20.096900615],[-98.353319565,20.096900541],[-98.353320222,20.09689632],[-98.353368975,20.096603764],[-98.353369301,20.096601806],[-98.3534984,20.096168601],[-98.353699491,20.095495478],[-98.353895597,20.094750951],[-98.353896784,20.094746447],[-98.353895726,20.094746155],[-98.353426862,20.094616923],[-98.353095862,20.094528832],[-98.352795491,20.094455323],[-98.352491261,20.094381631],[-98.352485885,20.094380143],[-98.352215446,20.094305323],[-98.351899292,20.094225846],[-98.351632646,20.094161138],[-98.351425327,20.094102762],[-98.351424262,20.094102462],[-98.351425456,20.094097965],[-98.351682123,20.093131585],[-98.35175365,20.092809123],[-98.351754708,20.092804354],[-98.351753779,20.092804327],[-98.351246738,20.092789877],[-98.350770262,20.092734923],[-98.350399676,20.092693234],[-98.350399092,20.092693169],[-98.350399806,20.092688438],[-98.350405338,20.092651785],[-98.350440217,20.091711695],[-98.350440385,20.091707154],[-98.350440346,20.091706899],[-98.350334215,20.091018837],[-98.350334062,20.091017846],[-98.349771723,20.090930724],[-98.349000508,20.090773046],[-98.348643999,20.09065637],[-98.348061185,20.090486939],[-98.3476498,20.090418631],[-98.347266767,20.090374587],[-98.347266214,20.090374524],[-98.347261007,20.090374449],[-98.346988811,20.090370527],[-98.346983215,20.090370446],[-98.346983051,20.090370388],[-98.346809785,20.090309093],[-98.346459292,20.090143447],[-98.346070354,20.090093432],[-98.345816269,20.090000134],[-98.345812071,20.089998592],[-98.345810708,20.089998092],[-98.34581051,20.089999995],[-98.345775545,20.090336086],[-98.3457754,20.090337477],[-98.345161508,20.09034245],[-98.345160096,20.090342461],[-98.345159937,20.090342463],[-98.345159966,20.090347258],[-98.345166754,20.091465538],[-98.345173845,20.091579801],[-98.345211645,20.092188877],[-98.34524884,20.092750728],[-98.345249076,20.092754286],[-98.345249154,20.092755462],[-98.345248711,20.092755523],[-98.344983984,20.092791878],[-98.344736095,20.092804398],[-98.3443946,20.092821646],[-98.344115334,20.092864398],[-98.343880862,20.092900292],[-98.343358569,20.092977031],[-98.343302389,20.092983462],[-98.342891015,20.093030554],[-98.341579036,20.093137959],[-98.341578357,20.093138014],[-98.3415772,20.093138108],[-98.341578227,20.09314281],[-98.341744462,20.093903831],[-98.341823746,20.094779553],[-98.341825981,20.094804242],[-98.341826323,20.094808015],[-98.341825851,20.094809038],[-98.341822885,20.094815481],[-98.341637862,20.095217292],[-98.341570428,20.095301592],[-98.341569338,20.095302954],[-98.341566283,20.095303217],[-98.341464319,20.095311999],[-98.341458938,20.095312462],[-98.341458559,20.09531186],[-98.341316169,20.095085938],[-98.3412286,20.0950136],[-98.341049742,20.094770063],[-98.341049662,20.094769954],[-98.341049871,20.094765266],[-98.3410647,20.094433497],[-98.341064892,20.094429215],[-98.34106483,20.094428701],[-98.340927438,20.09328584],[-98.340920814,20.093230743],[-98.340920692,20.093229723],[-98.340915054,20.093230604],[-98.340497277,20.093295877],[-98.340457292,20.093295877],[-98.340400494,20.093300799],[-98.339932861,20.093341324],[-98.339733347,20.093343627],[-98.339732405,20.093343638],[-98.339731585,20.093343647],[-98.339732276,20.093348434],[-98.339852537,20.094181323],[-98.340028645,20.09464657],[-98.340076231,20.0947132],[-98.340204723,20.094955908],[-98.340406491,20.095309969],[-98.340632589,20.095542739],[-98.340936073,20.096175499],[-98.341120002,20.096365935],[-98.341170135,20.096599752],[-98.341170393,20.096600951],[-98.340917981,20.096629038],[-98.340494047,20.096685902],[-98.340392051,20.096709297],[-98.339965804,20.096760621],[-98.339960181,20.096761298],[-98.339960044,20.096760482],[-98.339929317,20.096578228],[-98.339931072,20.09657797],[-98.340123099,20.096549666],[-98.340122111,20.096548639],[-98.339951768,20.096371657],[-98.338999749,20.095854437],[-98.33900208,20.095853452],[-98.339490759,20.095647043],[-98.339490417,20.095646444],[-98.339379877,20.095452985],[-98.339369184,20.095427929],[-98.339343831,20.095368509],[-98.339257691,20.095189093],[-98.339186308,20.095055846],[-98.338996435,20.094780695],[-98.338994523,20.094777923],[-98.338990675,20.094780556],[-98.338931083,20.094821319],[-98.338372793,20.095203214],[-98.338368743,20.095205984],[-98.338367033,20.095203075],[-98.337984346,20.094551851],[-98.337863161,20.094281862],[-98.337853536,20.093785738],[-98.337800661,20.093556431],[-98.337797816,20.093178164],[-98.3377978,20.093176063],[-98.337797946,20.093173367],[-98.337810636,20.092938322],[-98.337810891,20.092933601],[-98.337810766,20.092933525],[-98.337606831,20.092810386],[-98.337476722,20.092764709],[-98.336760985,20.092464315],[-98.336759138,20.092463539],[-98.336761115,20.092459518],[-98.33687903,20.092219724],[-98.336886069,20.092205387],[-98.336886199,20.092205124],[-98.336886198,20.092202597],[-98.336886198,20.092200591],[-98.336886199,20.091612667],[-98.3368862,20.091607878],[-98.336886329,20.09160787],[-98.336887762,20.091607799],[-98.336981103,20.091603138],[-98.336981384,20.091603123],[-98.336981342,20.091601802],[-98.336981233,20.091598342],[-98.336962507,20.09100359],[-98.336962354,20.090998738],[-98.336962636,20.090998794],[-98.33696397,20.090999052],[-98.337036055,20.091013005],[-98.337036108,20.091013015],[-98.337036135,20.091011316],[-98.337036184,20.091008209],[-98.337043246,20.090563293],[-98.337057427,20.089851838],[-98.337057523,20.089847077],[-98.337057556,20.089847042],[-98.337089329,20.089814539],[-98.337092984,20.0898108],[-98.337089459,20.089809743],[-98.336793399,20.08972097],[-98.335923254,20.08617544],[-98.335921938,20.086170077],[-98.335923384,20.086170643],[-98.335924048,20.086170903],[-98.336175631,20.086269463],[-98.336229369,20.086290509],[-98.336368537,20.086359632],[-98.336567646,20.086458523],[-98.336807323,20.086600615],[-98.33693952,20.086678669],[-98.337280863,20.086926158],[-98.337281362,20.086926514],[-98.337349908,20.086975493],[-98.337547722,20.087119278],[-98.3376072,20.087165078],[-98.33770383,20.087247308],[-98.337775937,20.087307555],[-98.337844292,20.087355785],[-98.338010968,20.087369708],[-98.338080785,20.087448185],[-98.338131323,20.087505955],[-98.338145984,20.087530679],[-98.338185708,20.087597663],[-98.338228614,20.087656601],[-98.338277892,20.087714354],[-98.338336077,20.087813263],[-98.338433615,20.0878664],[-98.338511215,20.0879064],[-98.338551277,20.087901477],[-98.338767399,20.087874985],[-98.338851455,20.087919383],[-98.338851582,20.087919451],[-98.338852057,20.087919701],[-98.338933537,20.087962739],[-98.339149568,20.088085232],[-98.339299646,20.08816377],[-98.339343554,20.088175215],[-98.33946083,20.088226616],[-98.339543337,20.0882756],[-98.339579108,20.088292677],[-98.339694968,20.088303278],[-98.339727153,20.088321646],[-98.339758553,20.0883396],[-98.339825476,20.088390877],[-98.339941215,20.088427432],[-98.340020492,20.08842897],[-98.340122322,20.088452724],[-98.340145676,20.088578631],[-98.340210954,20.088680477],[-98.340248554,20.088689507],[-98.340311214,20.088704555],[-98.340320888,20.088720588],[-98.340370537,20.088802877],[-98.340446538,20.088778169],[-98.340453477,20.088775924],[-98.340484492,20.088765831],[-98.340606799,20.088792354],[-98.340684907,20.088817169],[-98.340696139,20.088819028],[-98.340755553,20.088828847],[-98.34086763,20.088827631],[-98.340900384,20.088829386],[-98.340990676,20.088815865],[-98.341028708,20.088810169],[-98.341113276,20.088782801],[-98.341206476,20.08876197],[-98.341328231,20.088757508],[-98.3414248,20.088756247],[-98.341527985,20.088816909],[-98.341615754,20.088861201],[-98.341727631,20.088903985],[-98.341792539,20.088922583],[-98.341826431,20.088932293],[-98.34188323,20.088938139],[-98.341980569,20.088942709],[-98.342050061,20.088944369],[-98.342120614,20.088953769],[-98.342142708,20.088956338],[-98.342305723,20.088975278],[-98.342365815,20.088994446],[-98.342419615,20.089005631],[-98.342532554,20.089011016],[-98.342552153,20.089012571],[-98.342578677,20.089014676],[-98.3426194,20.089017908],[-98.342700492,20.089046108],[-98.34276243,20.089060277],[-98.342900308,20.089083263],[-98.343098522,20.089044785],[-98.343307724,20.089029528],[-98.343309261,20.089029415],[-98.343308882,20.089028155],[-98.343307854,20.089024732],[-98.343324247,20.088867156],[-98.343372828,20.088538285],[-98.343405458,20.088173299],[-98.343418881,20.088073536],[-98.34345554,20.087745118],[-98.34351434,20.087401431],[-98.343561785,20.087039447],[-98.343606403,20.086684419],[-98.343613477,20.086628139],[-98.343650641,20.086317338],[-98.343662153,20.086221062],[-98.343696508,20.085978909],[-98.343731754,20.085750524],[-98.343760151,20.085568985],[-98.343802954,20.085295355],[-98.343827402,20.085141062],[-98.343828551,20.085133809],[-98.343840958,20.085055515],[-98.343861738,20.084924369],[-98.343863111,20.084924165],[-98.344684107,20.0848026],[-98.344684556,20.084802555],[-98.344685753,20.084802437],[-98.345603431,20.08471197],[-98.345822938,20.084671663],[-98.346092903,20.084642433],[-98.34620262,20.084630553],[-98.346203753,20.084630431],[-98.346203494,20.084629226],[-98.34620275,20.084625758],[-98.346132677,20.084299278],[-98.346078289,20.083651233],[-98.346077891,20.083646477],[-98.34607842,20.083646437],[-98.34607956,20.083646351],[-98.346366262,20.083624831],[-98.346317691,20.083312847],[-98.346245182,20.082959764],[-98.346174755,20.082596958],[-98.346104423,20.082274354],[-98.346041416,20.082251601],[-98.345975056,20.082211852],[-98.345950733,20.082167356],[-98.345886873,20.08195022],[-98.345894849,20.081894622],[-98.34580887,20.081565377],[-98.345663993,20.081307895],[-98.346032856,20.08126086],[-98.346003815,20.081201724],[-98.345998508,20.081180734],[-98.345670646,20.079883954],[-98.345605968,20.079618863],[-98.345533697,20.079343706],[-98.345508156,20.079246456],[-98.345507107,20.079242463],[-98.345508287,20.079241659],[-98.345508745,20.079241347],[-98.345862114,20.07900084],[-98.345864277,20.07899937],[-98.34586433,20.078998993],[-98.345864758,20.078995977],[-98.34587311,20.078937071],[-98.345873646,20.078933292],[-98.345873239,20.078932275],[-98.345889314,20.078736584],[-98.345887383,20.078722087],[-98.345820695,20.078221353],[-98.34582239,20.07822095],[-98.346029615,20.078171702],[-98.346089771,20.078157407],[-98.346089611,20.078156414],[-98.346063534,20.0779943],[-98.34604118,20.077855323],[-98.346008167,20.077715716],[-98.345908148,20.077307643],[-98.345649076,20.077491724],[-98.34508203,20.07791981],[-98.345005047,20.077971694],[-98.345004256,20.077972228],[-98.344899117,20.078090827],[-98.344893975,20.078217885],[-98.344893115,20.078239116],[-98.344893092,20.078239715],[-98.344674186,20.078354035],[-98.344344893,20.078527493],[-98.344118916,20.078661351],[-98.343982753,20.078758671],[-98.343982643,20.07875875],[-98.343853135,20.07887682],[-98.343851835,20.078878005],[-98.343655073,20.079041145],[-98.343485911,20.079182218],[-98.343466436,20.079194653],[-98.343382887,20.079248],[-98.343304723,20.079256753],[-98.343291055,20.079257131],[-98.343170235,20.07926047],[-98.343091458,20.079273155],[-98.343023411,20.079316072],[-98.342931637,20.079353524],[-98.342826237,20.079390293],[-98.342750112,20.079391274],[-98.342637414,20.079355133],[-98.342505855,20.079317281],[-98.342267346,20.079304124],[-98.342166749,20.079311875],[-98.342051691,20.079320741],[-98.341786034,20.079341212],[-98.341753448,20.079343723],[-98.341796325,20.079034444],[-98.341846671,20.078671275],[-98.341894844,20.078323791],[-98.341928632,20.077898185],[-98.341962274,20.077429641],[-98.34198026,20.077037386],[-98.341883822,20.077048188],[-98.339624163,20.07730128],[-98.339590939,20.076863448],[-98.339590411,20.076856489],[-98.339494609,20.075308623],[-98.339379276,20.074194663],[-98.339112769,20.074236216],[-98.338446862,20.074349724],[-98.338209707,20.074442108],[-98.338011971,20.074519125],[-98.338011814,20.074519185],[-98.337452646,20.075052785],[-98.337099054,20.075490548],[-98.337097646,20.075492293],[-98.337063631,20.075415864],[-98.337063508,20.075415585],[-98.337063761,20.075411068],[-98.337070845,20.0752848],[-98.337159579,20.07492151],[-98.337160708,20.074916892],[-98.337159709,20.074916713],[-98.336926367,20.074879304],[-98.336905505,20.074620466],[-98.336397744,20.074057102],[-98.336397678,20.074057029],[-98.336205948,20.074246053],[-98.336204461,20.074247519],[-98.335926251,20.074013204],[-98.335927945,20.074011912],[-98.336159003,20.073835573],[-98.336158892,20.073835448],[-98.335757299,20.073383317],[-98.335515029,20.073436509],[-98.33551361,20.07343682],[-98.335488521,20.073628883],[-98.335064586,20.074121435],[-98.334764071,20.074466288],[-98.334762693,20.074467869],[-98.334616369,20.074325878],[-98.333874029,20.074265473],[-98.333811178,20.07426009],[-98.333203086,20.074208003],[-98.332893615,20.074185045],[-98.332781782,20.074176748],[-98.332565622,20.074134901],[-98.332662423,20.074002434],[-98.332663236,20.074001322],[-98.332747192,20.073882062],[-98.332059404,20.07403751],[-98.332037908,20.074042369],[-98.331939591,20.074023917],[-98.331802821,20.073983393],[-98.331719144,20.0739586],[-98.331677298,20.074002285],[-98.331614574,20.074067765],[-98.331366816,20.073994834],[-98.331332387,20.073984698],[-98.331415228,20.07383001],[-98.331539421,20.073598103],[-98.331524181,20.073373139],[-98.331580979,20.07318879],[-98.331661024,20.0732152],[-98.33197208,20.072710002],[-98.331965451,20.072640128],[-98.331953734,20.072516618],[-98.332144918,20.072227207],[-98.332360767,20.071924216],[-98.33264971,20.071772545],[-98.332868879,20.071621111],[-98.332868951,20.071620991],[-98.332887837,20.071589576],[-98.332906391,20.071558711],[-98.332914185,20.071545744],[-98.332915919,20.07154286],[-98.332985668,20.071465988],[-98.332998949,20.07145135],[-98.332999299,20.071451285],[-98.33308426,20.07143537],[-98.333147599,20.071419001],[-98.333291119,20.071381911],[-98.33358194,20.071192681],[-98.333784019,20.071068111],[-98.333897149,20.070985111],[-98.33398949,20.0709608],[-98.33408,20.07096114],[-98.334189709,20.070941831],[-98.334191099,20.070940459],[-98.33431903,20.07081414],[-98.33450263,20.070575401],[-98.3345788,20.07038054],[-98.33458723,20.07026098],[-98.33462492,20.07016306],[-98.334710649,20.070040181],[-98.334721049,20.06994549],[-98.33474806,20.06980103],[-98.334749566,20.069799926],[-98.33486985,20.069711751],[-98.335097879,20.06957974],[-98.335098509,20.069578877],[-98.33526205,20.06935494],[-98.33540385,20.069200711],[-98.335404216,20.06920061],[-98.335622079,20.069140341],[-98.335660819,20.06912182],[-98.335661988,20.069120606],[-98.33583491,20.068940861],[-98.336121199,20.06865412],[-98.33632891,20.068398941],[-98.336426379,20.06821386],[-98.336459728,20.068112004],[-98.3364864,20.06803054],[-98.33649696,20.06801199],[-98.33660383,20.06782425],[-98.33672642,20.067646231],[-98.33687577,20.06747589],[-98.336876327,20.067475634],[-98.33717365,20.067338891],[-98.33750735,20.06711552],[-98.337687538,20.067000419],[-98.337715808,20.066982361],[-98.337739961,20.066966933],[-98.33782403,20.066913231],[-98.337896612,20.066862952],[-98.338053938,20.066753972],[-98.33811437,20.066712111],[-98.338114738,20.066711535],[-98.338215865,20.066553728],[-98.33824949,20.066505021],[-98.33826897,20.06647682],[-98.338269756,20.066476541],[-98.338364353,20.066442929],[-98.338387182,20.066434819],[-98.338542199,20.06637974],[-98.33854312,20.066378566],[-98.338571036,20.066342976],[-98.338582598,20.066328235],[-98.338588555,20.066320642],[-98.338630229,20.06626751],[-98.338670383,20.066211071],[-98.33870794,20.06615828],[-98.338708955,20.066157645],[-98.33879508,20.06610385],[-98.338892379,20.066071941],[-98.33898412,20.066076851],[-98.339091388,20.066073621],[-98.33911934,20.06607278],[-98.3392672,20.06607314],[-98.33940254,20.06603714],[-98.33951643,20.065968751],[-98.339517105,20.065967881],[-98.339599569,20.06586157],[-98.339601059,20.06586026],[-98.339675723,20.065794628],[-98.33971589,20.065759321],[-98.339823169,20.065675021],[-98.339927259,20.06560925],[-98.340035029,20.065536111],[-98.340131489,20.065458601],[-98.340206509,20.065392421],[-98.340206716,20.065392214],[-98.34035172,20.06524714],[-98.340352785,20.065246235],[-98.34045509,20.065159281],[-98.340583579,20.06508663],[-98.34067726,20.065016891],[-98.34077803,20.064949541],[-98.340867659,20.06488378],[-98.340868214,20.064883116],[-98.340945739,20.06479046],[-98.34099792,20.06472374],[-98.34106294,20.064635251],[-98.341064495,20.064633843],[-98.34114817,20.064558092],[-98.341148539,20.064557768],[-98.341234369,20.06448277],[-98.341234533,20.064482589],[-98.341477489,20.064214511],[-98.341572649,20.064098651],[-98.341647859,20.06397772],[-98.341678429,20.06392223],[-98.34171802,20.063879151],[-98.341718872,20.063878522],[-98.34176766,20.063842451],[-98.341817719,20.063820111],[-98.34189731,20.063781911],[-98.341898876,20.063780512],[-98.34192783,20.06375466],[-98.341929396,20.063753262],[-98.341991909,20.06369746],[-98.34205838,20.06359911],[-98.342133279,20.063526971],[-98.342134108,20.063526274],[-98.342556577,20.063171338],[-98.34257589,20.063155111],[-98.342575847,20.063155057],[-98.34223734,20.062730821],[-98.342228679,20.06272017],[-98.34219992,20.062684821],[-98.342201527,20.062683473],[-98.34225595,20.06263783],[-98.342256001,20.062637695],[-98.342282489,20.062568141],[-98.34238318,20.062466401],[-98.34239546,20.062411001],[-98.342395429,20.062305971],[-98.34238511,20.06215766],[-98.342403719,20.06206808],[-98.34248798,20.06198563],[-98.342488584,20.061985166],[-98.34259049,20.06190671],[-98.34265625,20.061889711],[-98.343108519,20.061979921],[-98.34338229,20.06213825],[-98.343642319,20.06235603],[-98.344222969,20.06326815],[-98.344697679,20.063750891],[-98.344906587,20.064044565],[-98.344948969,20.06410414],[-98.345017649,20.064393511],[-98.34501698,20.064553661],[-98.345016696,20.064623174],[-98.345016689,20.064624861],[-98.345016567,20.064627971],[-98.344977631,20.065616171],[-98.34497746,20.06562051],[-98.344977501,20.065620967],[-98.345023579,20.0661278],[-98.345123987,20.06627132],[-98.34514348,20.066299181],[-98.34537543,20.06639723],[-98.345724657,20.066422672],[-98.34576677,20.066425741],[-98.345966453,20.066457164],[-98.345980736,20.066459411],[-98.34614842,20.0664858],[-98.346450153,20.066459127],[-98.34660645,20.06644531],[-98.346688879,20.066408083],[-98.347056012,20.066242271],[-98.34708048,20.066231221],[-98.34753218,20.066122721],[-98.347547429,20.066114756],[-98.347802528,20.065981524],[-98.34808618,20.065833381],[-98.348358604,20.065657589],[-98.348593497,20.065506016],[-98.348683162,20.065448157],[-98.348824466,20.065356975],[-98.349179575,20.065127826],[-98.34921394,20.06510565],[-98.349468739,20.06496412],[-98.349731,20.06476137],[-98.34983955,20.06470169],[-98.349842281,20.064701751],[-98.349843585,20.064701781],[-98.349959462,20.064704347],[-98.349959619,20.06470435],[-98.34995961,20.064702914],[-98.349959589,20.06469955],[-98.349958908,20.064586949],[-98.34995888,20.064582151],[-98.349959037,20.064582155],[-98.349960449,20.064582178],[-98.35104981,20.06460062],[-98.35177865,20.063870429],[-98.352477262,20.064408311],[-98.352815836,20.064619307],[-98.352918375,20.064538053],[-98.353289762,20.064451118],[-98.35554406,20.064676571],[-98.35618517,20.06587906],[-98.356372581,20.066230572],[-98.35682629,20.06708155],[-98.357674909,20.067629091],[-98.358523519,20.068176631],[-98.358524699,20.068174982],[-98.358790479,20.067803461],[-98.358803509,20.06776405],[-98.358608139,20.067699781],[-98.35825423,20.06753112],[-98.3580658,20.06741142],[-98.358032179,20.06736654],[-98.358014849,20.067115401],[-98.358040569,20.067001371],[-98.358091379,20.066930021],[-98.358095909,20.06670518],[-98.358082109,20.066548431],[-98.358106539,20.066477251],[-98.358107861,20.066476545],[-98.35820702,20.06642362],[-98.35831834,20.066399081],[-98.358613399,20.06632623],[-98.358812402,20.06631459],[-98.358931889,20.066307601],[-98.359217399,20.06626337],[-98.35922189,20.066261083],[-98.359396549,20.066172181],[-98.359397706,20.066170985],[-98.359580749,20.06598165],[-98.359582301,20.065980239],[-98.359702739,20.065870713],[-98.35981878,20.06584172],[-98.36004652,20.065828521],[-98.360049596,20.06582851],[-98.36031409,20.06582754],[-98.360478019,20.065826921],[-98.360650219,20.06581191],[-98.360727312,20.065816285],[-98.360774119,20.065818941],[-98.360983562,20.065763499],[-98.36104997,20.06574592],[-98.36122028,20.065734911],[-98.361336909,20.065700431],[-98.361570049,20.065656732],[-98.361632032,20.065645113],[-98.361632331,20.065645057],[-98.36163263,20.065645001],[-98.361710369,20.065630421],[-98.362207309,20.06553155],[-98.362210567,20.065551326],[-98.362291362,20.066041635],[-98.36229289,20.06605091],[-98.362402447,20.066048828],[-98.3624502,20.066047923],[-98.362950539,20.06603848],[-98.363453,20.066028121],[-98.363701829,20.066063891],[-98.36388387,20.066015084],[-98.364003539,20.065983],[-98.364100279,20.065964461],[-98.364131969,20.06596589],[-98.364173205,20.066010328],[-98.364175629,20.06601294],[-98.364175029,20.066009209],[-98.364170845,20.065983172],[-98.364158879,20.065908691],[-98.36394232,20.06518911],[-98.363925554,20.06513339],[-98.36389152,20.06502029],[-98.363819327,20.064780397],[-98.36376057,20.064585151],[-98.363676629,20.06453449],[-98.36353682,20.064518741],[-98.363429419,20.064470081],[-98.363225079,20.06444138],[-98.36307092,20.064419401],[-98.36293538,20.06387231],[-98.36291934,20.06380754],[-98.36291668,20.063796771],[-98.362838649,20.063353851],[-98.362692979,20.063410401],[-98.362659141,20.063334267],[-98.36254432,20.06307592],[-98.362448584,20.062896314],[-98.36236286,20.06273549],[-98.362176983,20.062506886],[-98.362148919,20.06247237],[-98.36209457,20.062408933],[-98.36204482,20.062350861],[-98.361985488,20.06214547],[-98.361974739,20.062108261],[-98.361908379,20.06186929],[-98.361841379,20.0616328],[-98.361694779,20.061120341],[-98.36167297,20.0610362],[-98.361638649,20.060916771],[-98.361607817,20.060804717],[-98.361604919,20.06079418],[-98.361606613,20.060793257],[-98.36162522,20.060783111],[-98.36162505,20.060782653],[-98.361544119,20.06056457],[-98.361540679,20.06055371],[-98.361466479,20.06032032],[-98.36141375,20.060154521],[-98.361413555,20.060153843],[-98.3613368,20.059884891],[-98.36136622,20.05976783],[-98.36135852,20.059743691],[-98.361342939,20.05969475],[-98.361318179,20.059495511],[-98.361309489,20.05925615],[-98.36126554,20.059065891],[-98.361245327,20.059001017],[-98.36122975,20.058951021],[-98.36122097,20.058922851],[-98.36111317,20.05872632],[-98.361016939,20.058531941],[-98.36100478,20.05850738],[-98.360954309,20.058353311],[-98.36090352,20.058274681],[-98.36084289,20.05825937],[-98.360762919,20.058289251],[-98.360689289,20.058331231],[-98.360594319,20.05831389],[-98.3605712,20.058309681],[-98.36048523,20.05824298],[-98.36045857,20.058187681],[-98.36041238,20.058091851],[-98.36039197,20.05798906],[-98.360340219,20.05772866],[-98.36031777,20.05767348],[-98.360296169,20.057486311],[-98.36024546,20.05734992],[-98.36019818,20.05719586],[-98.36017337,20.05701171],[-98.360183819,20.05686725],[-98.360186979,20.05682328],[-98.360202147,20.056739315],[-98.36021108,20.056689861],[-98.36021966,20.05664235],[-98.360239429,20.056491551],[-98.36024682,20.056264081],[-98.360263449,20.056101181],[-98.36026782,20.055811521],[-98.360220849,20.05552008],[-98.360255736,20.055433205],[-98.360258908,20.055425306],[-98.360269249,20.05539955],[-98.360296833,20.055294656],[-98.36025718,20.055221481],[-98.36009435,20.055090971],[-98.360059029,20.05506266],[-98.360048941,20.055043411],[-98.360031212,20.055009588],[-98.35981183,20.05459103],[-98.35980612,20.05442092],[-98.359809279,20.05418382],[-98.359815309,20.053729951],[-98.359816855,20.053729694],[-98.36039272,20.053634011],[-98.36061602,20.053596911],[-98.361125689,20.05527434],[-98.361210859,20.05551715],[-98.361212688,20.05551687],[-98.36205132,20.055388364],[-98.362098859,20.05538108],[-98.362116819,20.05547057],[-98.362113379,20.05556575],[-98.36207597,20.055756031],[-98.362017139,20.055951981],[-98.3620166,20.05608758],[-98.362055939,20.05626452],[-98.36211338,20.056411861],[-98.36218303,20.05662057],[-98.362252629,20.05678238],[-98.362359339,20.05695969],[-98.362526619,20.05713628],[-98.362624829,20.05725866],[-98.36283486,20.0574354],[-98.36298111,20.057525351],[-98.36314028,20.057536891],[-98.36354165,20.057483781],[-98.36368926,20.057475781],[-98.363767489,20.057493121],[-98.363884769,20.057539081],[-98.364005079,20.05757932],[-98.36411029,20.057630911],[-98.36426728,20.05769434],[-98.36439358,20.057743151],[-98.364495819,20.057786201],[-98.36458292,20.057843421],[-98.36468494,20.057940491],[-98.3648452,20.058052741],[-98.364977319,20.058152781],[-98.365025449,20.05817002],[-98.365291289,20.058174081],[-98.365426659,20.058217231],[-98.365541029,20.05823755],[-98.36566758,20.05822378],[-98.365818289,20.058193031],[-98.36599088,20.05814814],[-98.366087279,20.058145651],[-98.366153489,20.05815726],[-98.36626174,20.058200321],[-98.366424649,20.058292371],[-98.366547939,20.058341171],[-98.366650259,20.058361461],[-98.366806879,20.058362021],[-98.36699758,20.058380221],[-98.36709377,20.058431771],[-98.367343149,20.05858058],[-98.367397349,20.05866655],[-98.36744788,20.05883743],[-98.36747392,20.05898225],[-98.3675132,20.059117151],[-98.367548859,20.059277431],[-98.36759349,20.05941414],[-98.367692679,20.059465691],[-98.36785871,20.05953211],[-98.367973,20.059572341],[-98.368068979,20.05966942],[-98.3681618,20.05980914],[-98.36825188,20.05988058],[-98.368411149,20.05996649],[-98.36850505,20.060032881],[-98.368613319,20.06007309],[-98.36872471,20.06008486],[-98.36887529,20.06008825],[-98.36899346,20.060143751],[-98.36908626,20.06026897],[-98.369167139,20.06037735],[-98.369251,20.060497141],[-98.36933211,20.060632031],[-98.36940389,20.06075746],[-98.369409066,20.060766952],[-98.369442749,20.06082872],[-98.369554059,20.06086326],[-98.36964728,20.06090342],[-98.369710229,20.0609776],[-98.369711822,20.060981261],[-98.3697506,20.061070454],[-98.36977589,20.06112862],[-98.369793799,20.06129183],[-98.369801885,20.061296504],[-98.369904879,20.061356031],[-98.370011629,20.06140775],[-98.37014625,20.06150763],[-98.370194249,20.061555381],[-98.370283459,20.061614741],[-98.370404859,20.06162655],[-98.370475884,20.061618525],[-98.370530429,20.061612361],[-98.3705538,20.06160972],[-98.370556317,20.061610277],[-98.370613859,20.061623001],[-98.370730279,20.061660651],[-98.37085203,20.06167748],[-98.371140689,20.061640421],[-98.371363849,20.061644181],[-98.37152525,20.061662821],[-98.37166028,20.061693001],[-98.37177638,20.06174389],[-98.371945749,20.06183357],[-98.37209131,20.06190308],[-98.372248059,20.06200162],[-98.372380969,20.062051921],[-98.372447766,20.062053503],[-98.37256542,20.062056291],[-98.37274595,20.06205692],[-98.37287931,20.062079651],[-98.37308835,20.062147431],[-98.3733158,20.06219645],[-98.373539629,20.062163861],[-98.37378117,20.062090351],[-98.37406777,20.062069121],[-98.37425234,20.062040121],[-98.37442149,20.061944311],[-98.37461142,20.061786861],[-98.374848504,20.061787223],[-98.375162593,20.061872883],[-98.375369606,20.062051343],[-98.375475566,20.062299675],[-98.375475738,20.062300077],[-98.375475438,20.062304471],[-98.37546763,20.062418812],[-98.375467385,20.062422385],[-98.375467501,20.062423609],[-98.375482278,20.062579927],[-98.375482462,20.062581877],[-98.375482149,20.062584723],[-98.375466169,20.062730138],[-98.375410477,20.062919031],[-98.37537455,20.063105706],[-98.375373892,20.063109123],[-98.375374421,20.063110502],[-98.375459354,20.063331877],[-98.375462606,20.063472063],[-98.375462708,20.063476492],[-98.375462478,20.063476859],[-98.375332369,20.063683677],[-98.375276501,20.063885225],[-98.375276315,20.063885897],[-98.375275723,20.063888031],[-98.375276373,20.063890021],[-98.3753002,20.063963046],[-98.375349154,20.064116169],[-98.375400323,20.064284815],[-98.375434092,20.064403323],[-98.375455969,20.064589185],[-98.375498169,20.064777262],[-98.375532354,20.064859815],[-98.375622338,20.064971185],[-98.375710138,20.065061185],[-98.375766246,20.065163892],[-98.375788385,20.065281415],[-98.375808031,20.065458738],[-98.3758346,20.065714462],[-98.375826462,20.066058262],[-98.375846477,20.066238677],[-98.375902723,20.066305077],[-98.376042723,20.066344015],[-98.376155538,20.066402077],[-98.376248015,20.066453662],[-98.376297415,20.066534985],[-98.376334877,20.066676338],[-98.376393262,20.066847369],[-98.376423754,20.066961908],[-98.376553862,20.0671112],[-98.376714262,20.0672944],[-98.376780185,20.067356738],[-98.376841446,20.067414662],[-98.376921446,20.067576831],[-98.3769546,20.067702262],[-98.376982123,20.067858277],[-98.377051877,20.068014446],[-98.377109462,20.068096385],[-98.377240646,20.068250338],[-98.37731386,20.06837242],[-98.377316876,20.068372408],[-98.377318974,20.068372401],[-98.3775164,20.068371816],[-98.377969662,20.068385738],[-98.378302876,20.068414386],[-98.3784052,20.068424849],[-98.378534717,20.068438092],[-98.378736721,20.068481304],[-98.379141685,20.068604293],[-98.379182593,20.068616716],[-98.380102715,20.069060976],[-98.380624969,20.069310477],[-98.380932698,20.06945749],[-98.381110391,20.069555308],[-98.381743471,20.069873504],[-98.382089848,20.068826858],[-98.382121744,20.068763704],[-98.382293909,20.068422824],[-98.38020529,20.067558198],[-98.380929877,20.067004924],[-98.38093041,20.067004215],[-98.380990954,20.0669238],[-98.380991948,20.06692315],[-98.381791892,20.066400246],[-98.381852922,20.066360369],[-98.38657259,20.068172663],[-98.386573179,20.068170886],[-98.386573415,20.068170181],[-98.386713184,20.0677498],[-98.387113431,20.066454015],[-98.387236337,20.066034631],[-98.387237436,20.066034803],[-98.387657202,20.066099979],[-98.388021658,20.067453901],[-98.388022485,20.067456975],[-98.388049293,20.067439309],[-98.388138468,20.067380545],[-98.388143925,20.067376948],[-98.388143956,20.06737681],[-98.388144025,20.067376508],[-98.388265724,20.066845397],[-98.388266919,20.066845594],[-98.390168562,20.067151148],[-98.390182695,20.066421628],[-98.391842982,20.066693722],[-98.391778608,20.067119498],[-98.392481347,20.067283256],[-98.392440908,20.068108536],[-98.392368545,20.069324243],[-98.392368488,20.069325382],[-98.391449665,20.069486527],[-98.391448319,20.069486763],[-98.391225164,20.070696898],[-98.391224246,20.070701877],[-98.391225036,20.070701694],[-98.392976462,20.070297878],[-98.393167907,20.070462862],[-98.393285386,20.070628818],[-98.393336813,20.070921141],[-98.393337307,20.070923938],[-98.393336685,20.070925937],[-98.393299327,20.071046291],[-98.393207705,20.071168642],[-98.393008143,20.071435126],[-98.392893991,20.071603697],[-98.392821733,20.071710404],[-98.392801962,20.071832375],[-98.392801178,20.071837202],[-98.392800687,20.071840236],[-98.392800168,20.071843447],[-98.392800559,20.071845032],[-98.392816232,20.071908309],[-98.392850278,20.07204577],[-98.392893322,20.072264461],[-98.392894027,20.072268042],[-98.392894215,20.072268995],[-98.392893194,20.072269257],[-98.392616707,20.072340304],[-98.392228597,20.072440032],[-98.39222782,20.072440231],[-98.392226861,20.072440477],[-98.392227414,20.07244351],[-98.392227692,20.072445027],[-98.392255455,20.072596973],[-98.392735985,20.075226902],[-98.393141282,20.077632885],[-98.393190078,20.077951351],[-98.393241746,20.078288558],[-98.39329781,20.078654446],[-98.393352649,20.079012343],[-98.393410478,20.079389748],[-98.393510039,20.080039499],[-98.393605504,20.080730838],[-98.393616856,20.080816881],[-98.393677881,20.081279428],[-98.393678016,20.081280449],[-98.393677753,20.081284224],[-98.393655775,20.081600501],[-98.393649836,20.081685966],[-98.393618999,20.082298549],[-98.393611852,20.082440546],[-98.393582385,20.082619223],[-98.393550434,20.082719559],[-98.393550375,20.082719745],[-98.393481375,20.082775621],[-98.393319942,20.082791711],[-98.393042095,20.082827888],[-98.392416237,20.08288598],[-98.391790318,20.082961219],[-98.391766005,20.082907211],[-98.3917428,20.082855662],[-98.391489584,20.082401708],[-98.391204153,20.081830723],[-98.391181231,20.081784815],[-98.390878138,20.0811284],[-98.390853568,20.081077892],[-98.390758522,20.080870923],[-98.390516723,20.081028954],[-98.390285354,20.080657523],[-98.388816938,20.078816969],[-98.387699477,20.077626615],[-98.387347015,20.077510246],[-98.387072427,20.077517856],[-98.387071743,20.077517875],[-98.387070568,20.077517908],[-98.387071614,20.077522672],[-98.387170045,20.07797057],[-98.387206676,20.0781742],[-98.387281153,20.078588201],[-98.387320582,20.078855357],[-98.387320997,20.078858166],[-98.387321368,20.078860677],[-98.387320455,20.078860153],[-98.387006776,20.078680223],[-98.387006307,20.078679955],[-98.386800511,20.078994649],[-98.38679823,20.078998139],[-98.386800383,20.078999446],[-98.386913659,20.079068101],[-98.386915907,20.079069462],[-98.386913531,20.079072897],[-98.386788538,20.079253615],[-98.386577337,20.079587015],[-98.386383722,20.079881847],[-98.386212092,20.080154785],[-98.385986645,20.080505708],[-98.385863638,20.08067635],[-98.385862737,20.0806776],[-98.385802369,20.080691585],[-98.385667686,20.080652452],[-98.385227062,20.08053053],[-98.385226477,20.080530369],[-98.383636582,20.083077649],[-98.382368995,20.085016715],[-98.382342589,20.085054478],[-98.381948429,20.085738544],[-98.381802031,20.085761449],[-98.381610988,20.08577065],[-98.381704227,20.086933998],[-98.381704291,20.086934754],[-98.381704213,20.08693637],[-98.381704099,20.086938794],[-98.381690738,20.087219785],[-98.381506646,20.087594292],[-98.381307984,20.088169477],[-98.381163045,20.088531369],[-98.381117133,20.088598983],[-98.380926382,20.088879849],[-98.380924491,20.088882631],[-98.380722032,20.089226398],[-98.380721908,20.089231191],[-98.380712923,20.089581881],[-98.380712798,20.089586677],[-98.380784062,20.089864031],[-98.380880938,20.090125878],[-98.381034476,20.090939523],[-98.381035031,20.091122924],[-98.381035618,20.091323374],[-98.381035631,20.091327709],[-98.38103549,20.09132817],[-98.380929108,20.091676369],[-98.380817677,20.091915938],[-98.380727907,20.092090601],[-98.380697214,20.092150293],[-98.380573214,20.092522586],[-98.380504138,20.093009046],[-98.380446169,20.093417386],[-98.380396691,20.093744555],[-98.3803756,20.093882872],[-98.380375046,20.093886509],[-98.380290754,20.0942878],[-98.380161462,20.094725078],[-98.379945954,20.095368463],[-98.379748153,20.096014492],[-98.379737707,20.096048601],[-98.379564644,20.096691034],[-98.379424938,20.097259708],[-98.379227277,20.098201709],[-98.378964522,20.099206216],[-98.378718769,20.100012878],[-98.378582107,20.100508769],[-98.378436831,20.100905723],[-98.378301846,20.101248538],[-98.378193323,20.101659523],[-98.378186308,20.101686062],[-98.378064276,20.102257692],[-98.377949322,20.102558001],[-98.37778177,20.10276124],[-98.377781585,20.102761463],[-98.377499877,20.103002615],[-98.377093325,20.1033587],[-98.377091934,20.103359918],[-98.376743584,20.103735723],[-98.376437476,20.104208077],[-98.37621363,20.10455937],[-98.376052123,20.104781201],[-98.375902422,20.104918954],[-98.375900968,20.104920292],[-98.375737014,20.105018615],[-98.375539877,20.105102324],[-98.375264062,20.105183555],[-98.375022014,20.105260524],[-98.374731461,20.105374909],[-98.374446172,20.10560048],[-98.374444891,20.105601493],[-98.37430003,20.105802585],[-98.374191045,20.106004415],[-98.3741122,20.106188432],[-98.374077031,20.106270523],[-98.373985107,20.10650117],[-98.373833369,20.106858801],[-98.373715214,20.107081001],[-98.373589569,20.107385923],[-98.37334283,20.107744186],[-98.373338199,20.107750908],[-98.373180368,20.108151478],[-98.373049737,20.108418847],[-98.372952928,20.10869004],[-98.372952585,20.108691001],[-98.372952799,20.108694837],[-98.372983348,20.109241034],[-98.37298335,20.109241154],[-98.372983215,20.10924583],[-98.372983214,20.10924595],[-98.372971151,20.109663021],[-98.372971015,20.109667817],[-98.372839923,20.109909816],[-98.372682784,20.110099385],[-98.372504569,20.110300231],[-98.372343491,20.110506215],[-98.372064076,20.11086357],[-98.371866353,20.111141154],[-98.371770687,20.111350293],[-98.371770477,20.111350755],[-98.371770559,20.11135509],[-98.371779643,20.111833466],[-98.371779662,20.111834462],[-98.371779514,20.111838262],[-98.371744938,20.112729369],[-98.371703046,20.113300846],[-98.371589015,20.113515692],[-98.371386886,20.113717423],[-98.371385802,20.113718505],[-98.371086092,20.11391957],[-98.370958784,20.114004955],[-98.370528262,20.114372647],[-98.370102332,20.114692258],[-98.369709894,20.115013887],[-98.369708461,20.115015062],[-98.369476569,20.115425769],[-98.369337446,20.1157178],[-98.36919683,20.116110015],[-98.369058538,20.116485615],[-98.369046031,20.116675924],[-98.369005604,20.116883925],[-98.36899683,20.116929062],[-98.368865923,20.117232892],[-98.368676784,20.117509662],[-98.368653276,20.117539385],[-98.368366991,20.117901225],[-98.368363738,20.117905338],[-98.368363973,20.117905389],[-98.368364037,20.117905403],[-98.368366864,20.117906021],[-98.368451769,20.117924569],[-98.368515522,20.117938502],[-98.368824231,20.118005969],[-98.368941985,20.118031708],[-98.369364369,20.118089292],[-98.369623015,20.118134462],[-98.369711738,20.118141754],[-98.3697432,20.11821106],[-98.369743508,20.118211738],[-98.369743071,20.118215856],[-98.369723015,20.118404938],[-98.369633108,20.118652831],[-98.369459477,20.11892],[-98.3692132,20.119246246],[-98.369039154,20.119511615],[-98.368986631,20.119700046],[-98.368848877,20.120150369],[-98.368778923,20.120382969],[-98.368681646,20.120629892],[-98.368649846,20.1206936],[-98.368614062,20.120765277],[-98.368559277,20.120875],[-98.368484833,20.121025869],[-98.368484723,20.121026092],[-98.368484704,20.121030666],[-98.368484077,20.121184431],[-98.368500415,20.121399708],[-98.368504315,20.121635373],[-98.368504385,20.121639569],[-98.368504186,20.121640169],[-98.368451908,20.121798554],[-98.368407061,20.121928652],[-98.368407015,20.121928785],[-98.368406932,20.121933448],[-98.368403831,20.122108077],[-98.368459723,20.122361323],[-98.368518877,20.122464846],[-98.368593257,20.122580031],[-98.368595253,20.122583121],[-98.368595523,20.122583538],[-98.368593129,20.122584827],[-98.368124565,20.122837054],[-98.368124109,20.122837298],[-98.368122292,20.122838277],[-98.368124436,20.12284185],[-98.368232477,20.123021908],[-98.368619246,20.123666585],[-98.3691162,20.124494908],[-98.369458985,20.125066215],[-98.36961106,20.125319698],[-98.369612942,20.125322835],[-98.369613169,20.125323215],[-98.369639758,20.12537473],[-98.369731277,20.125542442],[-98.369857569,20.125776847],[-98.37025103,20.126436539],[-98.370508066,20.12689437],[-98.369590761,20.12708746],[-98.3695806,20.127089599],[-98.369576735,20.127092306],[-98.36939573,20.127219076],[-98.368757097,20.128296588],[-98.368729728,20.12831366],[-98.368639275,20.128370078],[-98.367536944,20.12844425],[-98.366802295,20.128478503],[-98.366534596,20.128453899],[-98.366504959,20.130558221],[-98.366250209,20.13037168],[-98.365907732,20.130020209],[-98.365657834,20.129768651],[-98.365361951,20.129528204],[-98.365136535,20.129265448],[-98.365004539,20.128925434],[-98.364980306,20.128865056],[-98.364893216,20.128596565]]]]},"properties":{"locality":"Tulancingo","municipality":null,"official_key":"130770001","CVE_ENT":"13","CVE_MUN":"077","CVE_LOC":"0001","ambito":"URBANO","geometry_kind":"locality","source":"INEGI Gaia — Servicio vectorial del Marco Geoestadístico"}},{"type":"Feature","geometry":{"type":"MultiPolygon","crs":{"type":"name","properties":{"name":"EPSG:6365"}},"coordinates":[[[[-98.360148815,20.206933046],[-98.360123584,20.205940277],[-98.360125986,20.205901823],[-98.360166093,20.204990255],[-98.359927959,20.205000102],[-98.359829587,20.205004169],[-98.359367405,20.20496362],[-98.359102209,20.204855782],[-98.357544153,20.204698834],[-98.35728747,20.204379399],[-98.357059862,20.203641877],[-98.355580866,20.203919811],[-98.355528016,20.201994684],[-98.354618944,20.202278629],[-98.354611095,20.203468761],[-98.354724144,20.204117193],[-98.354448953,20.206965521],[-98.350318352,20.203199863],[-98.350096672,20.199064262],[-98.350020354,20.197640403],[-98.349691481,20.197529292],[-98.349388091,20.193029185],[-98.352060629,20.19437649],[-98.354561507,20.195844615],[-98.354738393,20.195894154],[-98.355035169,20.195933794],[-98.355484471,20.19613538],[-98.356005661,20.196385248],[-98.35673796,20.196743178],[-98.357201624,20.197086462],[-98.357396178,20.197289823],[-98.357464176,20.197560883],[-98.357618744,20.198231033],[-98.357737145,20.198416395],[-98.358042432,20.198652995],[-98.35825814,20.198761824],[-98.358574307,20.198846431],[-98.358726877,20.198844338],[-98.358818015,20.198858031],[-98.359021415,20.19885947],[-98.359207657,20.198963055],[-98.359869754,20.19958672],[-98.36007874,20.199796152],[-98.360348351,20.19997179],[-98.360530374,20.200278154],[-98.360525713,20.200763551],[-98.360325878,20.20113936],[-98.360307567,20.201464482],[-98.360178328,20.201812097],[-98.359840946,20.202734861],[-98.359748091,20.203096463],[-98.359799762,20.203389617],[-98.359778816,20.20353357],[-98.359930346,20.203725376],[-98.360179229,20.203893023],[-98.360370457,20.204148252],[-98.360464439,20.204551735],[-98.360444688,20.204797114],[-98.360792662,20.2048812],[-98.361558307,20.204843863],[-98.361811046,20.204823046],[-98.361885908,20.204761478],[-98.362047876,20.204410186],[-98.362183908,20.204115878],[-98.362227876,20.204068939],[-98.362281076,20.20405677],[-98.3625744,20.204112062],[-98.362748631,20.204139],[-98.362929507,20.204160586],[-98.363034462,20.204172724],[-98.363114445,20.204147754],[-98.363144061,20.204076246],[-98.363197092,20.203948155],[-98.363277646,20.203902092],[-98.363416634,20.203955207],[-98.363488486,20.204130011],[-98.363529441,20.204305002],[-98.363533778,20.2045077],[-98.363571734,20.204827299],[-98.363555986,20.204962956],[-98.363458163,20.205069168],[-98.363321782,20.205135167],[-98.36309497,20.205212224],[-98.363029035,20.205275923],[-98.36300068,20.205378287],[-98.363130574,20.205661886],[-98.363337169,20.205970946],[-98.363372003,20.20612157],[-98.363288713,20.206235921],[-98.363179806,20.206285348],[-98.362997067,20.206326125],[-98.362704461,20.206348157],[-98.362172987,20.206328944],[-98.362096751,20.206366029],[-98.362041357,20.206437419],[-98.361912489,20.206621086],[-98.361767176,20.206852284],[-98.361721937,20.206977887],[-98.361710204,20.207010464],[-98.361622961,20.207284889],[-98.361558144,20.207509158],[-98.361457886,20.207638506],[-98.361290215,20.207713404],[-98.36090898,20.207752179],[-98.360592612,20.207792041],[-98.360348149,20.207838175],[-98.360276205,20.207846905],[-98.360221044,20.207924912],[-98.360193214,20.207996739],[-98.360197031,20.208138416],[-98.360185692,20.208370924],[-98.360207585,20.208597032],[-98.360247046,20.208830754],[-98.360289522,20.208960877],[-98.360293937,20.208974401],[-98.360347846,20.209090186],[-98.360458153,20.209327109],[-98.360524907,20.209491892],[-98.360628937,20.209796386],[-98.3606684,20.209922493],[-98.360701261,20.210024078],[-98.360709353,20.210101063],[-98.360682153,20.210167601],[-98.360618938,20.210218078],[-98.360456661,20.210288462],[-98.3601178,20.210419663],[-98.35994683,20.210473832],[-98.359849661,20.210271691],[-98.359799981,20.210161219],[-98.359766939,20.21007611],[-98.359726951,20.209967952],[-98.35962452,20.209710678],[-98.359560999,20.209650322],[-98.359501969,20.209622218],[-98.359369709,20.20958231],[-98.359242829,20.209572153],[-98.359094138,20.209555662],[-98.358981582,20.20955214],[-98.358877248,20.209524892],[-98.358791677,20.209470648],[-98.358714769,20.209410217],[-98.358666769,20.209311618],[-98.358651078,20.209259018],[-98.358600616,20.209220818],[-98.35853606,20.209185231],[-98.358563508,20.209117508],[-98.358567708,20.20903697],[-98.358582185,20.208952847],[-98.358593999,20.208891692],[-98.358613984,20.208828816],[-98.358652584,20.208754863],[-98.358709261,20.208689032],[-98.358785722,20.208606154],[-98.358893814,20.20852357],[-98.359019322,20.208427693],[-98.359141614,20.208323108],[-98.359274014,20.208220693],[-98.359334183,20.208172168],[-98.359441615,20.208085524],[-98.359593753,20.207949016],[-98.359665092,20.207857615],[-98.359714262,20.207768569],[-98.359741231,20.207673216],[-98.359745738,20.207581169],[-98.359741708,20.207504278],[-98.359721891,20.207399893],[-98.359719031,20.207288723],[-98.359735615,20.207220246],[-98.359798308,20.207138955],[-98.359857491,20.207093338],[-98.359924954,20.207080555],[-98.360016877,20.207065478],[-98.360083107,20.207041139],[-98.360119291,20.207000262],[-98.360148815,20.206933046]]]]},"properties":{"locality":"Acocul la Palma","municipality":null,"official_key":"130770002","CVE_ENT":"13","CVE_MUN":"077","CVE_LOC":"0002","ambito":"RURAL","geometry_kind":"locality","source":"INEGI Gaia — Servicio vectorial del Marco Geoestadístico"}},{"type":"Feature","geometry":{"type":"MultiPolygon","crs":{"type":"name","properties":{"name":"EPSG:6365"}},"coordinates":[[[[-98.418757438,20.088282067],[-98.418369041,20.088266901],[-98.418057986,20.088258844],[-98.418047574,20.088258574],[-98.417951776,20.088256094],[-98.417897973,20.088253877],[-98.417405797,20.088233609],[-98.417262763,20.088226911],[-98.417013129,20.088215225],[-98.416909619,20.088210378],[-98.416702704,20.088204218],[-98.416484334,20.088195538],[-98.416291788,20.088187052],[-98.415840247,20.088167149],[-98.41568999,20.088158649],[-98.415592193,20.088153116],[-98.414919258,20.088129303],[-98.414680154,20.088123655],[-98.414584801,20.08812123],[-98.413749674,20.088099985],[-98.413497282,20.088093564],[-98.413489262,20.08809336],[-98.413476746,20.087954889],[-98.413358483,20.087156246],[-98.413315567,20.087073118],[-98.413240465,20.086942126],[-98.413165364,20.086760754],[-98.413095626,20.086695259],[-98.413097153,20.086670856],[-98.413099164,20.086638768],[-98.41310099,20.086609611],[-98.41311172,20.086458467],[-98.41321738,20.086428697],[-98.413219008,20.086428238],[-98.41321899,20.086428154],[-98.413090261,20.085833738],[-98.412972245,20.085334961],[-98.413015087,20.08532128],[-98.413240466,20.085249311],[-98.413106355,20.084513737],[-98.412895386,20.084531751],[-98.412850245,20.084535605],[-98.411885615,20.084617965],[-98.411867175,20.084619539],[-98.41184413,20.084341275],[-98.411829623,20.084166102],[-98.411792073,20.083813427],[-98.412886414,20.083712662],[-98.413272652,20.083677394],[-98.413133178,20.082679824],[-98.412684659,20.082741354],[-98.412671008,20.08265964],[-98.412636625,20.082436573],[-98.412603819,20.082223742],[-98.412537518,20.081802263],[-98.412513292,20.081571192],[-98.41251117,20.081411575],[-98.412487473,20.081251448],[-98.41242799,20.081021813],[-98.41239225,20.080820949],[-98.412391172,20.080814325],[-98.412343321,20.080520336],[-98.412317078,20.080396771],[-98.412307603,20.080332305],[-98.412306241,20.080330711],[-98.412280703,20.080300822],[-98.412265559,20.080283097],[-98.412484646,20.080270092],[-98.412674308,20.08026577],[-98.412856908,20.080250878],[-98.412980277,20.080234078],[-98.413328491,20.080186662],[-98.413425644,20.080175367],[-98.413968784,20.080112215],[-98.414242169,20.080084231],[-98.414368553,20.080071297],[-98.414568062,20.080050879],[-98.414601585,20.08004745],[-98.414867077,20.080020323],[-98.414928154,20.080012132],[-98.415002692,20.080002138],[-98.415092874,20.079990044],[-98.415239122,20.079970431],[-98.415448631,20.080468243],[-98.415918309,20.080085704],[-98.415919659,20.080084604],[-98.416065473,20.080296348],[-98.416403459,20.080072186],[-98.416811194,20.079823337],[-98.417344953,20.079785551],[-98.417412008,20.079463095],[-98.41820326,20.079591572],[-98.418362851,20.07960291],[-98.418715563,20.079563862],[-98.419171537,20.079515998],[-98.419621692,20.079455493],[-98.420126404,20.079442942],[-98.420659152,20.079387773],[-98.421177831,20.079180947],[-98.42117783,20.079319502],[-98.421531596,20.079079655],[-98.421738125,20.078898274],[-98.421764947,20.078749642],[-98.421823956,20.078401992],[-98.421928563,20.0778125],[-98.421986343,20.077432492],[-98.421987026,20.077427997],[-98.422107155,20.077445847],[-98.422233929,20.077441606],[-98.422559778,20.077393416],[-98.422691127,20.077289479],[-98.42286241,20.077277923],[-98.422968612,20.077270755],[-98.422988897,20.07716666],[-98.422990984,20.077155948],[-98.423497817,20.077114949],[-98.423847164,20.077092936],[-98.423919554,20.077088374],[-98.423930208,20.077027881],[-98.423930719,20.077024988],[-98.424153063,20.076948811],[-98.425422721,20.076513814],[-98.425500554,20.076487147],[-98.425434299,20.077169439],[-98.425433506,20.077584531],[-98.425399389,20.078499515],[-98.425311594,20.079070496],[-98.425292522,20.079366427],[-98.425272285,20.079799205],[-98.42523466,20.080279635],[-98.425306755,20.080654354],[-98.425322612,20.08073677],[-98.425453628,20.081528689],[-98.425487671,20.08169968],[-98.425653042,20.082777435],[-98.425814384,20.083867485],[-98.423496949,20.084624731],[-98.423533452,20.085009994],[-98.42355882,20.085272801],[-98.423576078,20.085451595],[-98.423577864,20.085470089],[-98.423837059,20.087328258],[-98.423588418,20.087411642],[-98.422845753,20.087638357],[-98.422739646,20.0877027],[-98.422585418,20.087796223],[-98.422272594,20.087985916],[-98.422164473,20.088051479],[-98.422139891,20.087580789],[-98.422060225,20.086055283],[-98.422055239,20.085959798],[-98.421268153,20.086153542],[-98.421203489,20.086169458],[-98.421002863,20.085956952],[-98.420994117,20.085947688],[-98.420761715,20.08603327],[-98.420686594,20.086042705],[-98.420607291,20.086052664],[-98.420382306,20.086017258],[-98.42037055,20.086015408],[-98.420367603,20.086014237],[-98.420255422,20.085969678],[-98.420221647,20.085956261],[-98.419942694,20.085824909],[-98.419868373,20.085792441],[-98.419698072,20.085623307],[-98.419686227,20.085611541],[-98.419091526,20.085678295],[-98.41915025,20.086963422],[-98.419185247,20.087617472],[-98.419221367,20.088292455],[-98.418868672,20.088282243],[-98.418757438,20.088282067]],[[-98.422534768,20.079978993],[-98.422648341,20.079549162],[-98.421835281,20.079982293],[-98.421257859,20.080259449],[-98.420588275,20.080523987],[-98.420524385,20.080593275],[-98.420534015,20.080678302],[-98.420561627,20.080795761],[-98.420607621,20.081023274],[-98.420599771,20.081254172],[-98.420565003,20.081447712],[-98.420530848,20.081567239],[-98.420528172,20.081576602],[-98.421474371,20.082163975],[-98.421286308,20.082389632],[-98.420907834,20.082659228],[-98.421482729,20.082739969],[-98.421496325,20.082661385],[-98.421511504,20.082573643],[-98.421647951,20.082570746],[-98.422111218,20.082560908],[-98.42191585,20.082957498],[-98.422636886,20.082890032],[-98.422677667,20.083324341],[-98.42296788,20.083288602],[-98.423132843,20.08328197],[-98.423524559,20.083266222],[-98.424185859,20.083098508],[-98.424064226,20.082211913],[-98.424071324,20.082211493],[-98.424580284,20.082181379],[-98.424481062,20.081209896],[-98.424462096,20.080929117],[-98.424450109,20.08075163],[-98.424445998,20.080690781],[-98.424130622,20.080672613],[-98.423978502,20.080662952],[-98.423623494,20.080640405],[-98.42309635,20.080600951],[-98.422781629,20.080583656],[-98.422586959,20.080575298],[-98.422534768,20.079978993]]]]},"properties":{"locality":"Ahuehuetitla","municipality":null,"official_key":"130770003","CVE_ENT":"13","CVE_MUN":"077","CVE_LOC":"0003","ambito":"URBANO","geometry_kind":"locality","source":"INEGI Gaia — Servicio vectorial del Marco Geoestadístico"}},{"type":"Feature","geometry":{"type":"MultiPolygon","crs":{"type":"name","properties":{"name":"EPSG:6365"}},"coordinates":[[[[-98.322403484,20.199873514],[-98.320491149,20.198517235],[-98.320249807,20.198852328],[-98.319338428,20.198943388],[-98.319198695,20.19860337],[-98.31882892,20.198312754],[-98.318544152,20.198235464],[-98.317959459,20.198140488],[-98.316929443,20.198356921],[-98.314584488,20.196864727],[-98.314284081,20.196562653],[-98.314186747,20.19642411],[-98.313920723,20.19542581],[-98.313917831,20.195414955],[-98.313917299,20.195412267],[-98.313882553,20.195236585],[-98.313664462,20.194392247],[-98.313452479,20.193573826],[-98.313388792,20.193327939],[-98.313380232,20.193288072],[-98.313166768,20.192293831],[-98.313322551,20.192052771],[-98.313814876,20.190405539],[-98.313850061,20.190276801],[-98.313959508,20.190244585],[-98.315792108,20.190425738],[-98.316807076,20.190523832],[-98.318740635,20.19070221],[-98.320872722,20.190950908],[-98.324972158,20.191343458],[-98.325995245,20.191467723],[-98.326960215,20.191581078],[-98.327324168,20.191628755],[-98.329318142,20.191793169],[-98.328265195,20.19761373],[-98.330241222,20.197747403],[-98.331408944,20.192087347],[-98.33022705,20.191945244],[-98.330408244,20.190864274],[-98.331440472,20.191081329],[-98.331615417,20.191261953],[-98.331878663,20.191216567],[-98.331949879,20.190932423],[-98.331651416,20.190879545],[-98.331693415,20.1905112],[-98.332766868,20.190666144],[-98.333215612,20.190841724],[-98.333176814,20.191098431],[-98.333038138,20.1917918],[-98.332884834,20.192614694],[-98.332783445,20.193158954],[-98.332678707,20.193741093],[-98.332506677,20.1947266],[-98.332466446,20.194959154],[-98.332212984,20.196232232],[-98.332033122,20.197236],[-98.331819231,20.198433985],[-98.331647692,20.199275355],[-98.331531584,20.199987738],[-98.3312462,20.201416862],[-98.331075077,20.202223509],[-98.330849077,20.203327708],[-98.33070852,20.204015634],[-98.330300324,20.20585011],[-98.330132444,20.206604181],[-98.33012897,20.206830187],[-98.329162507,20.206242302],[-98.328228228,20.205634281],[-98.327022645,20.204837536],[-98.326867077,20.20480796],[-98.32659081,20.204675179],[-98.32662836,20.204580786],[-98.323814362,20.202887846],[-98.322966195,20.202371653],[-98.322107298,20.201784975],[-98.322403484,20.199873514]]]]},"properties":{"locality":"Axatempa","municipality":null,"official_key":"130770005","CVE_ENT":"13","CVE_MUN":"077","CVE_LOC":"0005","ambito":"RURAL","geometry_kind":"locality","source":"INEGI Gaia — Servicio vectorial del Marco Geoestadístico"}},{"type":"Feature","geometry":{"type":"MultiPolygon","crs":{"type":"name","properties":{"name":"EPSG:6365"}},"coordinates":[[[[-98.350521829,20.161700419],[-98.348898476,20.161485508],[-98.344343662,20.161429989],[-98.343973766,20.162212768],[-98.343325511,20.162202147],[-98.343634182,20.161380618],[-98.342112508,20.16123181],[-98.342547936,20.160371833],[-98.342672228,20.159612566],[-98.340414538,20.159488446],[-98.339737688,20.158882681],[-98.344335097,20.154998168],[-98.343618577,20.154462128],[-98.339125508,20.158277092],[-98.337435584,20.156837046],[-98.338920845,20.155449508],[-98.34009732,20.154344047],[-98.34178288,20.152810667],[-98.343805603,20.150902871],[-98.346415508,20.148520832],[-98.347598185,20.147418938],[-98.347672062,20.14736277],[-98.348544123,20.146595138],[-98.349520214,20.145682077],[-98.34976968,20.145435091],[-98.349878454,20.145446986],[-98.352181046,20.146665609],[-98.353831859,20.147561907],[-98.353926548,20.14751288],[-98.354005818,20.1475459],[-98.35404412,20.147640873],[-98.353920836,20.14846244],[-98.35350611,20.150109909],[-98.353131602,20.151463272],[-98.352887658,20.152420565],[-98.352177715,20.155330348],[-98.350882664,20.160498133],[-98.350521829,20.161700419]]]]},"properties":{"locality":"San Nicolás Cebolletas","municipality":null,"official_key":"130770007","CVE_ENT":"13","CVE_MUN":"077","CVE_LOC":"0007","ambito":"RURAL","geometry_kind":"locality","source":"INEGI Gaia — Servicio vectorial del Marco Geoestadístico"}},{"type":"Feature","geometry":{"type":"MultiPolygon","crs":{"type":"name","properties":{"name":"EPSG:6365"}},"coordinates":[[[[-98.436877477,20.094887415],[-98.432048354,20.091344447],[-98.432258785,20.091045847],[-98.433683323,20.091127293],[-98.433861046,20.089814369],[-98.434256723,20.089616277],[-98.43460163,20.089459709],[-98.434946799,20.089294616],[-98.43533483,20.089118509],[-98.435776276,20.088896708],[-98.436073368,20.088765138],[-98.436367,20.088616462],[-98.435875922,20.088191293],[-98.435829046,20.087979754],[-98.435825908,20.087794447],[-98.435898814,20.087404815],[-98.435965615,20.087271815],[-98.436028415,20.087163031],[-98.436224308,20.087039954],[-98.436479337,20.086978431],[-98.436791692,20.086996677],[-98.437183231,20.087118124],[-98.437451462,20.087271785],[-98.438350568,20.08682757],[-98.438409569,20.086797046],[-98.438696661,20.086647492],[-98.438738877,20.086624247],[-98.439045814,20.086446478],[-98.439146337,20.086384632],[-98.439191385,20.086351],[-98.439391369,20.086221154],[-98.439429862,20.086193955],[-98.440596814,20.085612138],[-98.4406976,20.085562938],[-98.440770661,20.085539846],[-98.440798676,20.0855312],[-98.440884554,20.085503863],[-98.440921092,20.0854964],[-98.44119063,20.085388786],[-98.441231937,20.085371292],[-98.441774137,20.085129893],[-98.442176984,20.084948708],[-98.4422276,20.084927508],[-98.442187431,20.084778709],[-98.442152676,20.084677062],[-98.442080431,20.084454092],[-98.442030061,20.084301386],[-98.441919462,20.084177723],[-98.441234599,20.083521077],[-98.441352185,20.083400339],[-98.441434477,20.083321909],[-98.441521322,20.083225493],[-98.441851799,20.082865386],[-98.441966784,20.082763323],[-98.441918399,20.0826946],[-98.441819215,20.082600416],[-98.441232491,20.082032939],[-98.441141338,20.081944569],[-98.441058814,20.081862308],[-98.440823922,20.081636631],[-98.440645507,20.081463462],[-98.440511769,20.081333138],[-98.440326646,20.081156692],[-98.440595046,20.081025123],[-98.440701631,20.080973032],[-98.440860937,20.080902154],[-98.442055307,20.080372369],[-98.442109631,20.080344477],[-98.442372154,20.08022437],[-98.442546568,20.080145631],[-98.442741154,20.080055846],[-98.442924045,20.080316601],[-98.443075137,20.080531077],[-98.443187353,20.080695569],[-98.443231138,20.080763846],[-98.443320276,20.080763262],[-98.443406599,20.080769293],[-98.443575768,20.080782615],[-98.443649123,20.080790263],[-98.444638262,20.080752954],[-98.446077814,20.079795123],[-98.4460788,20.079988909],[-98.446059322,20.080328416],[-98.446070169,20.080400416],[-98.446136645,20.080618323],[-98.446537277,20.081798231],[-98.44656483,20.081879831],[-98.446583122,20.081934586],[-98.446787108,20.082555646],[-98.446973892,20.083123354],[-98.447010753,20.083231231],[-98.447042707,20.083283585],[-98.447066123,20.083323492],[-98.447101461,20.083382538],[-98.447124908,20.083422432],[-98.447160215,20.083481492],[-98.447183677,20.083521385],[-98.44724263,20.083619863],[-98.447285584,20.083674754],[-98.4473136,20.083711569],[-98.44735663,20.083766415],[-98.447404908,20.083815492],[-98.447486107,20.083899015],[-98.447546768,20.083961046],[-98.447601891,20.084001831],[-98.447641631,20.084030708],[-98.447697369,20.084070646],[-98.447737091,20.084099539],[-98.447792845,20.084139463],[-98.447832553,20.08416837],[-98.447888337,20.084208277],[-98.447928015,20.084237201],[-98.447983814,20.084277077],[-98.448023491,20.084306047],[-98.448079292,20.084345892],[-98.448334169,20.084507755],[-98.449127062,20.085007862],[-98.449154646,20.085028078],[-98.449226707,20.085081538],[-98.449575876,20.085337785],[-98.449615846,20.085390709],[-98.449670645,20.0854984],[-98.449708154,20.08557637],[-98.450149815,20.086978415],[-98.4504496,20.087872815],[-98.450516276,20.087976739],[-98.450772291,20.088360154],[-98.450845614,20.088440939],[-98.451242523,20.088866092],[-98.451360353,20.08897737],[-98.451613799,20.089244046],[-98.45185403,20.089496047],[-98.451926891,20.0895712],[-98.452183968,20.089812708],[-98.452494461,20.090154986],[-98.452529077,20.090194478],[-98.452580569,20.090288524],[-98.452621046,20.090364031],[-98.452662831,20.090470262],[-98.452705954,20.090580832],[-98.452745292,20.090753155],[-98.452769599,20.090975123],[-98.452773185,20.09101077],[-98.452765045,20.091232909],[-98.452760091,20.091305369],[-98.452742307,20.091491386],[-98.452736769,20.091538692],[-98.452678262,20.091698169],[-98.452580353,20.091896662],[-98.452563554,20.091921354],[-98.452448538,20.092086016],[-98.452422615,20.092120554],[-98.452264845,20.092293138],[-98.452066907,20.092491693],[-98.451847308,20.092724923],[-98.451691,20.092889816],[-98.451604446,20.093001508],[-98.45154923,20.093114323],[-98.451456384,20.0934288],[-98.4514612,20.093662],[-98.451488862,20.093779],[-98.451523476,20.093921585],[-98.451453138,20.094413462],[-98.451452415,20.094520663],[-98.451452185,20.094576216],[-98.451448676,20.094753616],[-98.451401569,20.094903308],[-98.451382615,20.094960785],[-98.451336231,20.095054954],[-98.451284446,20.095124493],[-98.45122303,20.095188323],[-98.451169353,20.095210032],[-98.4510954,20.095223969],[-98.450996184,20.095231046],[-98.450943091,20.095222432],[-98.450895968,20.095175432],[-98.450846462,20.095104492],[-98.450818323,20.094945308],[-98.450809399,20.094912431],[-98.450797537,20.094906708],[-98.450777969,20.094905815],[-98.450753291,20.094914062],[-98.450724291,20.094933539],[-98.450676491,20.094991646],[-98.450579461,20.0951392],[-98.450531754,20.095213909],[-98.450498585,20.095266878],[-98.450216984,20.095399908],[-98.450072985,20.095455215],[-98.449935815,20.095496738],[-98.449819169,20.095523216],[-98.449748737,20.095538063],[-98.44952023,20.095532863],[-98.449337385,20.095516031],[-98.447856003,20.094887767],[-98.447710762,20.094613936],[-98.44802686,20.094380408],[-98.450131934,20.093683746],[-98.450235614,20.093407553],[-98.448748229,20.090258964],[-98.44588852,20.091604883],[-98.444820526,20.092185024],[-98.443454711,20.092745492],[-98.442931831,20.092501123],[-98.442563245,20.092386432],[-98.442380337,20.092557354],[-98.442045645,20.092882292],[-98.441946153,20.092985247],[-98.441304154,20.093659185],[-98.441208091,20.093762893],[-98.440363614,20.09468],[-98.440296153,20.094780416],[-98.439763692,20.095578663],[-98.439250938,20.096345062],[-98.439105815,20.096410462],[-98.439044892,20.096433832],[-98.438990676,20.096454924],[-98.438949062,20.096470847],[-98.438870676,20.096492647],[-98.438806554,20.096465985],[-98.438050754,20.095856863],[-98.4372166,20.095162078],[-98.436970615,20.094970969],[-98.436877477,20.094887415]]]]},"properties":{"locality":"Huajomulco","municipality":null,"official_key":"130770008","CVE_ENT":"13","CVE_MUN":"077","CVE_LOC":"0008","ambito":"RURAL","geometry_kind":"locality","source":"INEGI Gaia — Servicio vectorial del Marco Geoestadístico"}},{"type":"Feature","geometry":{"type":"MultiPolygon","crs":{"type":"name","properties":{"name":"EPSG:6365"}},"coordinates":[[[[-98.417155152,20.126110798],[-98.415570536,20.123846128],[-98.414799797,20.123967323],[-98.414453889,20.121093233],[-98.414426106,20.120972663],[-98.414409782,20.120929988],[-98.414333334,20.120308526],[-98.414330685,20.120262828],[-98.41413376,20.119103045],[-98.413924612,20.11915096],[-98.413923719,20.119151164],[-98.413921761,20.119142449],[-98.413545114,20.117465126],[-98.413369487,20.117493232],[-98.413329766,20.117499589],[-98.413178785,20.11752375],[-98.413173714,20.117499927],[-98.412983149,20.116604366],[-98.41297107,20.116547606],[-98.41292108,20.116312669],[-98.411660441,20.116574602],[-98.411685066,20.11680594],[-98.411780805,20.117283699],[-98.411823918,20.117495192],[-98.411884195,20.117743332],[-98.411972001,20.118213701],[-98.412038352,20.118490143],[-98.411293703,20.118675514],[-98.411490174,20.119304409],[-98.411620666,20.119751787],[-98.411623482,20.119763145],[-98.41168128,20.119996262],[-98.408834617,20.120734949],[-98.408825731,20.120425928],[-98.408814326,20.120317597],[-98.408778375,20.119976122],[-98.408796724,20.119795725],[-98.408823233,20.119535103],[-98.408824895,20.119518758],[-98.408757421,20.119055097],[-98.408652396,20.118593952],[-98.408647368,20.118539244],[-98.408606562,20.118095154],[-98.408537321,20.117650106],[-98.408654022,20.117612682],[-98.408486686,20.11719316],[-98.408945261,20.117073415],[-98.409019927,20.117053917],[-98.408971128,20.116773637],[-98.409153718,20.116733676],[-98.40852589,20.115678725],[-98.408068552,20.11507263],[-98.407884967,20.114983309],[-98.407707618,20.114850495],[-98.407403184,20.114605253],[-98.407047422,20.114303125],[-98.406106365,20.113464995],[-98.406088089,20.11334599],[-98.405725167,20.110982771],[-98.405708183,20.110774694],[-98.40570706,20.110760941],[-98.405664629,20.110241325],[-98.405479629,20.108769494],[-98.405420106,20.108265479],[-98.406639429,20.106698617],[-98.408445844,20.108008756],[-98.409180122,20.108531664],[-98.409908259,20.109065095],[-98.410672212,20.109625433],[-98.411600966,20.110321865],[-98.411711642,20.110395958],[-98.411926427,20.110539695],[-98.412062336,20.110616093],[-98.415126659,20.109965848],[-98.414952791,20.108910667],[-98.414912352,20.108665249],[-98.415105398,20.108119172],[-98.414614629,20.107799895],[-98.414167674,20.107504248],[-98.413718952,20.107207433],[-98.41330869,20.106936048],[-98.412831859,20.106624663],[-98.412341921,20.106298017],[-98.411318106,20.105607187],[-98.410381552,20.10498311],[-98.409444013,20.104366156],[-98.409217151,20.104212264],[-98.410859551,20.10351448],[-98.413215552,20.102518402],[-98.413595983,20.102357557],[-98.414728719,20.101890156],[-98.415673662,20.103189601],[-98.416010681,20.103649149],[-98.416235518,20.103747945],[-98.416492775,20.103832607],[-98.416638556,20.103836106],[-98.416811158,20.103869831],[-98.416861322,20.10393728],[-98.416891912,20.104011725],[-98.416979915,20.104054829],[-98.417086183,20.10403021],[-98.41719143,20.103965859],[-98.417281517,20.103975623],[-98.417305367,20.103978208],[-98.417440119,20.104080097],[-98.417472198,20.104124093],[-98.417569506,20.104257548],[-98.417640525,20.104426064],[-98.417709028,20.104343664],[-98.417782676,20.104255074],[-98.417989201,20.10402867],[-98.418091113,20.103933529],[-98.418182283,20.103884302],[-98.418249338,20.103881784],[-98.418319223,20.103912227],[-98.418421221,20.103980343],[-98.418496361,20.104067295],[-98.418568799,20.104115808],[-98.418642569,20.104162735],[-98.418759919,20.104208867],[-98.41882396,20.104231933],[-98.418920354,20.104381998],[-98.418890766,20.104492293],[-98.418866246,20.104561854],[-98.418824571,20.104651378],[-98.418849078,20.104773521],[-98.418833714,20.104846532],[-98.418498339,20.105117472],[-98.418459667,20.105148714],[-98.418664325,20.105416357],[-98.418774688,20.105335843],[-98.418815339,20.105306186],[-98.418837908,20.105385799],[-98.418924247,20.105690343],[-98.419247445,20.10570941],[-98.419651685,20.105733257],[-98.419643637,20.105949871],[-98.419689235,20.105997727],[-98.419763043,20.106079726],[-98.419993203,20.106266009],[-98.420492506,20.106592531],[-98.420691289,20.106606248],[-98.420997643,20.10659614],[-98.421212689,20.106777834],[-98.420969644,20.106917988],[-98.421134736,20.107269294],[-98.42118212,20.107588493],[-98.421261135,20.108205064],[-98.422036628,20.107999387],[-98.422294305,20.108599449],[-98.423145412,20.109471848],[-98.423707874,20.109061171],[-98.423804952,20.108976817],[-98.424429875,20.108433925],[-98.425818952,20.106966648],[-98.42740349,20.108873187],[-98.427623305,20.109137665],[-98.428188844,20.109818115],[-98.42820243,20.109834464],[-98.428224353,20.10987457],[-98.428281137,20.109962171],[-98.428308951,20.10998741],[-98.428346952,20.110006692],[-98.428418083,20.110056093],[-98.428769644,20.110299356],[-98.428835264,20.11035286],[-98.429030184,20.110511787],[-98.429100559,20.11057717],[-98.429452162,20.110973628],[-98.429794491,20.111426279],[-98.429854267,20.111479033],[-98.430167736,20.111837924],[-98.430275876,20.111947433],[-98.430314322,20.111978555],[-98.430338444,20.112019063],[-98.43035949,20.112124264],[-98.43038926,20.112189048],[-98.430439243,20.112252988],[-98.43062872,20.112495326],[-98.430708412,20.112568356],[-98.430826998,20.112740679],[-98.431007656,20.113021449],[-98.431176751,20.113284248],[-98.431199434,20.113314144],[-98.431346182,20.113507557],[-98.431470583,20.113639033],[-98.431590305,20.113697357],[-98.43172306,20.113716664],[-98.43179806,20.113730618],[-98.431946105,20.113863172],[-98.432674674,20.11383311],[-98.433131321,20.113788649],[-98.435132905,20.113366571],[-98.435347705,20.113526526],[-98.435400453,20.113602444],[-98.435462218,20.113691341],[-98.435495531,20.113739261],[-98.43550625,20.11375468],[-98.435479858,20.113776568],[-98.435404116,20.113839382],[-98.435095148,20.114095621],[-98.433590998,20.115143322],[-98.432452349,20.115852692],[-98.431728019,20.116200911],[-98.430883029,20.116539351],[-98.429993769,20.11692306],[-98.429704071,20.117048464],[-98.428590848,20.117530341],[-98.428368884,20.117638513],[-98.428324569,20.117660111],[-98.427601338,20.118008111],[-98.426785507,20.118516034],[-98.426317749,20.11887392],[-98.4260646,20.11907417],[-98.425606429,20.119456461],[-98.425576928,20.119493685],[-98.42557217,20.11949969],[-98.425472252,20.119512355],[-98.423461782,20.119767222],[-98.421682889,20.11999271],[-98.421362365,20.120033335],[-98.421357675,20.12003393],[-98.421323981,20.1200382],[-98.421522085,20.120378251],[-98.421547814,20.120422418],[-98.422351329,20.121880737],[-98.422413951,20.121994391],[-98.422429249,20.12202215],[-98.421817087,20.122525111],[-98.421750603,20.122568569],[-98.421643889,20.12263832],[-98.421568946,20.122687314],[-98.421512368,20.122738232],[-98.42140621,20.122821229],[-98.421283047,20.12291752],[-98.42075777,20.123328181],[-98.420349302,20.123675533],[-98.420333139,20.12370631],[-98.420299078,20.123771167],[-98.419752828,20.124187758],[-98.419251489,20.124570094],[-98.419224419,20.12459075],[-98.419164416,20.12463651],[-98.41916354,20.124637179],[-98.418826201,20.124894444],[-98.418659769,20.12502137],[-98.418239733,20.125352304],[-98.41803629,20.125512593],[-98.417594012,20.125861049],[-98.417377757,20.126023131],[-98.417344924,20.12604774],[-98.417332441,20.126057097],[-98.417333454,20.126053495],[-98.41734145,20.126025028],[-98.417342185,20.126022414],[-98.417350947,20.125991221],[-98.4172892,20.12602897],[-98.417278822,20.126034178],[-98.41723618,20.126055578],[-98.417224709,20.126061335],[-98.417207199,20.126070123],[-98.417181388,20.126090294],[-98.417155152,20.126110798]]]]},"properties":{"locality":"Jaltepec","municipality":null,"official_key":"130770010","CVE_ENT":"13","CVE_MUN":"077","CVE_LOC":"0010","ambito":"URBANO","geometry_kind":"locality","source":"INEGI Gaia — Servicio vectorial del Marco Geoestadístico"}},{"type":"Feature","geometry":{"type":"MultiPolygon","crs":{"type":"name","properties":{"name":"EPSG:6365"}},"coordinates":[[[[-98.48463426,20.06887571],[-98.485394117,20.067988979],[-98.48568083,20.067704687],[-98.485796046,20.067668364],[-98.487165337,20.066781924],[-98.48733034,20.066665925],[-98.487333201,20.066573058],[-98.488626946,20.065890368],[-98.489373868,20.065436161],[-98.49060935,20.06462057],[-98.492924231,20.064651019],[-98.494335987,20.064680638],[-98.493936825,20.065754159],[-98.493738107,20.06607349],[-98.491142684,20.067624121],[-98.490393591,20.067867737],[-98.489932462,20.068390947],[-98.489537698,20.068312832],[-98.488797145,20.068226716],[-98.488379321,20.068181056],[-98.487865083,20.068181153],[-98.487568418,20.068237273],[-98.487243125,20.068295727],[-98.487068393,20.068329518],[-98.486892685,20.068344602],[-98.486792004,20.068327955],[-98.486891024,20.068653491],[-98.485549778,20.069236776],[-98.48463426,20.06887571]]],[[[-98.477844324,20.071511733],[-98.477752103,20.071308039],[-98.477343381,20.071345806],[-98.476941567,20.0713288],[-98.476644299,20.071275829],[-98.476482668,20.071241363],[-98.47637529,20.071157534],[-98.475929401,20.070798536],[-98.475137521,20.070234991],[-98.47510862,20.07018638],[-98.475003307,20.070112063],[-98.474753589,20.069944106],[-98.475048721,20.06909316],[-98.475435198,20.068025387],[-98.472822728,20.067243857],[-98.473140907,20.067017677],[-98.472533768,20.066263677],[-98.472739163,20.066166203],[-98.472871258,20.066164475],[-98.473007553,20.066196436],[-98.473038985,20.066257153],[-98.473090969,20.066308749],[-98.473178609,20.066356375],[-98.473261921,20.066375107],[-98.47337625,20.066372965],[-98.473468363,20.066346312],[-98.473545747,20.066300122],[-98.473611441,20.066215269],[-98.473652318,20.066108244],[-98.473775467,20.065962341],[-98.473858447,20.065798708],[-98.473924901,20.065680627],[-98.474017999,20.065327327],[-98.474580048,20.064709333],[-98.474814382,20.06448683],[-98.474846395,20.064427589],[-98.474878159,20.064377938],[-98.474987139,20.064190915],[-98.475220305,20.063915597],[-98.475368518,20.063782272],[-98.47561119,20.063629545],[-98.474401404,20.062135331],[-98.47436882,20.06204102],[-98.474589239,20.062109125],[-98.474844474,20.062181039],[-98.475217785,20.062228701],[-98.475395821,20.06221784],[-98.475571231,20.062185923],[-98.475816897,20.062137641],[-98.476066749,20.062050465],[-98.476461167,20.061774692],[-98.476826871,20.062359045],[-98.47690839,20.0625199],[-98.476951844,20.062679871],[-98.476960012,20.062854019],[-98.476951602,20.06354366],[-98.476882841,20.064477095],[-98.47902982,20.06449012],[-98.48072517,20.06449568],[-98.480848276,20.064496078],[-98.48194219,20.064509064],[-98.48199238,20.064541345],[-98.481931302,20.064644304],[-98.481967558,20.06506332],[-98.482086749,20.065851897],[-98.482116431,20.066053538],[-98.482331294,20.066091511],[-98.482418466,20.066279488],[-98.482749019,20.06675204],[-98.48276716,20.067031395],[-98.483289335,20.068315198],[-98.482371713,20.06795801],[-98.481908971,20.068428415],[-98.481204135,20.069128067],[-98.480871842,20.069485077],[-98.480195969,20.070164281],[-98.479297141,20.071135842],[-98.478477364,20.071957588],[-98.478167257,20.072242165],[-98.477859957,20.071793535],[-98.477857942,20.071714786],[-98.4778737,20.071655646],[-98.477844324,20.071511733]]]]},"properties":{"locality":"La Lagunilla","municipality":null,"official_key":"130770012","CVE_ENT":"13","CVE_MUN":"077","CVE_LOC":"0012","ambito":"RURAL","geometry_kind":"locality","source":"INEGI Gaia — Servicio vectorial del Marco Geoestadístico"}},{"type":"Feature","geometry":{"type":"MultiPolygon","crs":{"type":"name","properties":{"name":"EPSG:6365"}},"coordinates":[[[[-98.396622507,20.087610847],[-98.396620214,20.087551169],[-98.396519953,20.087500801],[-98.396102107,20.0874736],[-98.396052523,20.087428278],[-98.396036985,20.087322431],[-98.396038231,20.086607401],[-98.396017414,20.086227677],[-98.396014862,20.085991878],[-98.39600623,20.085193031],[-98.396002405,20.08489463],[-98.395966331,20.084526607],[-98.39597027,20.083753485],[-98.398145234,20.083664673],[-98.398123672,20.082728177],[-98.395944821,20.082743412],[-98.395901723,20.082485355],[-98.395890185,20.082373939],[-98.395836245,20.080975463],[-98.395819338,20.080537108],[-98.39800297,20.080497721],[-98.397975214,20.078455015],[-98.397969199,20.078303123],[-98.397977938,20.077533046],[-98.398926938,20.077464523],[-98.399097491,20.077436415],[-98.399222137,20.077427538],[-98.400020937,20.077387139],[-98.400764045,20.077345169],[-98.401298461,20.077317415],[-98.401249153,20.077659601],[-98.401231908,20.077912015],[-98.401002277,20.078190878],[-98.400799353,20.078487446],[-98.40088112,20.078490292],[-98.401037071,20.078477171],[-98.401193398,20.079774141],[-98.401564302,20.079831672],[-98.4013727,20.078394919],[-98.40175069,20.078360086],[-98.402129399,20.078321984],[-98.402555644,20.078272861],[-98.40276195,20.079833497],[-98.402477185,20.080349932],[-98.402423279,20.080495117],[-98.40214512,20.080444205],[-98.401443926,20.080023234],[-98.401270354,20.07999413],[-98.401038729,20.079974539],[-98.400327467,20.080045357],[-98.400148861,20.080463677],[-98.400724746,20.080662762],[-98.400862486,20.080769861],[-98.400990363,20.080921659],[-98.401708326,20.080992841],[-98.40204401,20.080906651],[-98.402296954,20.080905569],[-98.402710491,20.080892647],[-98.402737953,20.080891785],[-98.403013353,20.080902508],[-98.4031724,20.080908693],[-98.40357103,20.080901032],[-98.403778769,20.080920355],[-98.403929159,20.080944205],[-98.404950635,20.080810038],[-98.405451817,20.080758562],[-98.40692623,20.080610635],[-98.407774282,20.080522731],[-98.408363817,20.080466242],[-98.408295414,20.080576463],[-98.408289122,20.080658031],[-98.408264999,20.080801431],[-98.408251537,20.080856031],[-98.408221338,20.080992369],[-98.408189862,20.081115292],[-98.408146765,20.08128361],[-98.408087157,20.081549445],[-98.407997968,20.081999523],[-98.407995631,20.082011277],[-98.407967015,20.082155386],[-98.407903999,20.082462938],[-98.407882031,20.082563538],[-98.407853122,20.082695938],[-98.407776137,20.083070354],[-98.40777423,20.083080724],[-98.407716291,20.083395201],[-98.407703662,20.083456477],[-98.407695814,20.0834946],[-98.407639385,20.0837254],[-98.407548922,20.084060154],[-98.407445784,20.084441801],[-98.407334707,20.084852815],[-98.407329923,20.084872724],[-98.407293681,20.085023737],[-98.407087138,20.085884354],[-98.407080984,20.085910032],[-98.407017308,20.086187786],[-98.406998692,20.086288078],[-98.406975292,20.086414124],[-98.406999614,20.086579632],[-98.407064446,20.086849386],[-98.407168322,20.087281554],[-98.407188092,20.087363816],[-98.407267553,20.087635215],[-98.407297953,20.087793309],[-98.407277429,20.08792559],[-98.407150199,20.087910815],[-98.406801123,20.087893586],[-98.406777691,20.087892431],[-98.406521845,20.087886386],[-98.406150635,20.087874316],[-98.405833831,20.087856646],[-98.405304619,20.087835883],[-98.405083225,20.087827424],[-98.404807531,20.087816689],[-98.404327262,20.087797988],[-98.404071985,20.087788046],[-98.403942923,20.087783555],[-98.403742698,20.087776592],[-98.403552307,20.08776997],[-98.403409338,20.087762815],[-98.40217043,20.087700754],[-98.401853723,20.087694786],[-98.401776446,20.087693324],[-98.40165578,20.087690507],[-98.401456185,20.087685847],[-98.400700754,20.087678801],[-98.399846614,20.087670815],[-98.398923784,20.087662201],[-98.398660445,20.087659738],[-98.398207677,20.087723862],[-98.397142892,20.0880326],[-98.396997491,20.088078909],[-98.396929769,20.088100478],[-98.396866938,20.088127755],[-98.396510414,20.088282492],[-98.3964828,20.088223092],[-98.396487784,20.088125786],[-98.396501984,20.088032877],[-98.396612877,20.087692338],[-98.396624292,20.087657278],[-98.396622507,20.087610847]]]]},"properties":{"locality":"San Nicolás el Grande","municipality":null,"official_key":"130770017","CVE_ENT":"13","CVE_MUN":"077","CVE_LOC":"0017","ambito":"RURAL","geometry_kind":"locality","source":"INEGI Gaia — Servicio vectorial del Marco Geoestadístico"}},{"type":"Feature","geometry":{"type":"MultiPolygon","crs":{"type":"name","properties":{"name":"EPSG:6365"}},"coordinates":[[[[-98.312052415,20.187631078],[-98.31181652,20.18672427],[-98.311559569,20.185663401],[-98.311256567,20.184474485],[-98.310953569,20.183285569],[-98.310772477,20.182583893],[-98.310734522,20.182592893],[-98.310610985,20.182614339],[-98.309636476,20.182427686],[-98.309144688,20.182333495],[-98.308661955,20.182241035],[-98.308583523,20.1825092],[-98.30804733,20.182397048],[-98.30703623,20.182193215],[-98.306044045,20.1819728],[-98.305770984,20.182721046],[-98.305749253,20.182711188],[-98.305705738,20.182691446],[-98.304088898,20.181957834],[-98.304049446,20.181939923],[-98.3039888,20.181923354],[-98.303999277,20.181859323],[-98.304022923,20.181670154],[-98.304121585,20.181515],[-98.3041518,20.181289046],[-98.304178153,20.181074577],[-98.304328415,20.179783938],[-98.304478677,20.178493292],[-98.304462004,20.178459374],[-98.304475349,20.178343229],[-98.304584238,20.177395831],[-98.303404231,20.177332862],[-98.302211277,20.177268062],[-98.301047108,20.177166492],[-98.299870015,20.177063108],[-98.300029892,20.175837169],[-98.300189769,20.174611231],[-98.298826431,20.174349954],[-98.297443892,20.174083408],[-98.296451907,20.173863908],[-98.296232407,20.17381534],[-98.296032154,20.173814538],[-98.295968937,20.172804423],[-98.295905722,20.1717943],[-98.295842515,20.170784185],[-98.295779308,20.169774062],[-98.295832615,20.169778116],[-98.295894399,20.169333201],[-98.296069032,20.168005083],[-98.296092322,20.167802938],[-98.29621663,20.166717623],[-98.296309984,20.165929616],[-98.29639369,20.165295471],[-98.296412689,20.165170089],[-98.296538068,20.164342601],[-98.296682445,20.163389738],[-98.296695091,20.163225632],[-98.296807907,20.162103031],[-98.296876145,20.161560449],[-98.297018431,20.16068377],[-98.297087277,20.160321123],[-98.297156499,20.160330733],[-98.2972248,20.160340215],[-98.297644553,20.160354709],[-98.298890154,20.160471815],[-98.299444307,20.160488878],[-98.300383123,20.160492615],[-98.301184022,20.160496726],[-98.301241737,20.160554501],[-98.3018214,20.161134754],[-98.301854662,20.160988447],[-98.301885061,20.160746293],[-98.302006107,20.159698931],[-98.302127154,20.158651569],[-98.302211554,20.157702292],[-98.302252907,20.157579909],[-98.30294167,20.157977443],[-98.303069953,20.158206678],[-98.303263076,20.158390415],[-98.303343,20.158588969],[-98.303423145,20.158741772],[-98.304197498,20.159065034],[-98.304445877,20.159158055],[-98.304571446,20.159413323],[-98.304667431,20.15952557],[-98.304825107,20.159557015],[-98.304962645,20.159536215],[-98.304997708,20.159699994],[-98.305158246,20.159786724],[-98.305293354,20.159815109],[-98.305568508,20.159827616],[-98.305757222,20.159807993],[-98.305857999,20.159769355],[-98.305906846,20.159691493],[-98.305939876,20.159532123],[-98.306119199,20.159605785],[-98.306363446,20.160003263],[-98.3067438,20.160568508],[-98.306899691,20.160749124],[-98.307197738,20.16092137],[-98.307573123,20.160956892],[-98.307660645,20.160893846],[-98.307624845,20.160640138],[-98.307615699,20.160430937],[-98.307947368,20.160549508],[-98.308420091,20.160850893],[-98.309044585,20.161266078],[-98.309175022,20.161358374],[-98.30923655,20.161401911],[-98.309236769,20.161474277],[-98.309240854,20.1618254],[-98.30924138,20.161963551],[-98.30924229,20.16219535],[-98.309168479,20.163181341],[-98.309165346,20.163221277],[-98.30913763,20.164077586],[-98.309168253,20.164266908],[-98.309288384,20.164668077],[-98.309327137,20.164798077],[-98.309329645,20.165120863],[-98.309325854,20.165357692],[-98.309312677,20.165409654],[-98.309299499,20.165461616],[-98.309318679,20.165460233],[-98.309565461,20.165442432],[-98.309716017,20.1655004],[-98.309827522,20.165551122],[-98.309869598,20.16559246],[-98.309911551,20.165660829],[-98.309911816,20.165661261],[-98.309911998,20.165661558],[-98.309912388,20.165661101],[-98.310310285,20.165194374],[-98.310423728,20.16508768],[-98.31049611,20.165019605],[-98.310807615,20.164810502],[-98.313849893,20.163114161],[-98.314835072,20.162593397],[-98.315368368,20.162311493],[-98.316577802,20.161639224],[-98.31726303,20.161258331],[-98.31726423,20.161257663],[-98.317689462,20.16033257],[-98.317817286,20.160252424],[-98.317913397,20.160246895],[-98.318149877,20.160319667],[-98.318276389,20.160334527],[-98.318458329,20.160332775],[-98.318604062,20.160371308],[-98.318863544,20.160584252],[-98.31945562,20.161018768],[-98.319956114,20.161160166],[-98.32026787,20.161172098],[-98.320370104,20.161209173],[-98.320448546,20.161288548],[-98.320662903,20.161621969],[-98.320883005,20.161883862],[-98.321111406,20.161949389],[-98.321336095,20.162066831],[-98.321474458,20.162195781],[-98.321534608,20.162239732],[-98.321610522,20.162157487],[-98.321640486,20.162090014],[-98.32162753,20.161992325],[-98.321606991,20.161872486],[-98.321767754,20.161796098],[-98.322070671,20.161681941],[-98.322963688,20.161906616],[-98.323172739,20.161975185],[-98.323509277,20.162050384],[-98.324189136,20.162203637],[-98.324411599,20.162208001],[-98.324671298,20.162216223],[-98.324990007,20.162249622],[-98.325159685,20.162241629],[-98.325251136,20.162160557],[-98.325280998,20.162072496],[-98.325257665,20.161962668],[-98.32524009,20.161836639],[-98.325321019,20.161704001],[-98.32548598,20.161620635],[-98.325646047,20.16154916],[-98.325814228,20.161593604],[-98.325961298,20.16167055],[-98.326103362,20.161686046],[-98.326236924,20.161648437],[-98.326370772,20.161603536],[-98.326481531,20.161560949],[-98.326611828,20.161537407],[-98.326704677,20.161579335],[-98.32683595,20.161693916],[-98.326972942,20.161889298],[-98.32725962,20.162138489],[-98.327618634,20.162394198],[-98.327886368,20.162573482],[-98.328050554,20.162631588],[-98.328288744,20.162798253],[-98.329429999,20.162489492],[-98.329543861,20.162693662],[-98.329648076,20.163003969],[-98.329558615,20.163147646],[-98.329788337,20.164378931],[-98.329798431,20.164433032],[-98.329891687,20.164931951],[-98.330100967,20.166051594],[-98.330211137,20.166655955],[-98.330292961,20.167268249],[-98.330341985,20.167710416],[-98.330341876,20.167737487],[-98.330035291,20.168997139],[-98.329947477,20.169357985],[-98.3297286,20.170257216],[-98.32941723,20.171660586],[-98.329158154,20.172809078],[-98.329011862,20.173397555],[-98.328993753,20.173434155],[-98.3287152,20.173576954],[-98.328706415,20.173602877],[-98.327916554,20.175199477],[-98.327864585,20.175285415],[-98.327385554,20.176233877],[-98.326970554,20.176982477],[-98.32667966,20.177503207],[-98.326579985,20.177887108],[-98.326484377,20.178203415],[-98.326415785,20.178373938],[-98.326449031,20.178505723],[-98.326515492,20.178733292],[-98.326543462,20.178951615],[-98.326551862,20.179238062],[-98.326507923,20.179374292],[-98.326257236,20.179761992],[-98.326000538,20.180114231],[-98.325758495,20.180478472],[-98.325198674,20.181351829],[-98.324852985,20.181905046],[-98.324643646,20.182217154],[-98.3244934,20.182430123],[-98.324312677,20.182667769],[-98.323479627,20.183864575],[-98.323048569,20.184529062],[-98.322983954,20.184633415],[-98.322961222,20.184722213],[-98.322942415,20.184795677],[-98.322898381,20.18485882],[-98.322649049,20.185168996],[-98.322237538,20.185740123],[-98.321987031,20.186103292],[-98.321937615,20.186208354],[-98.321914185,20.186258169],[-98.321757848,20.186827808],[-98.321629223,20.187431523],[-98.321561985,20.187847308],[-98.321537115,20.188048531],[-98.321515262,20.188171754],[-98.321482169,20.188404692],[-98.319889385,20.188049154],[-98.318722138,20.187760839],[-98.317822908,20.188020246],[-98.316780336,20.188283978],[-98.315737753,20.188547704],[-98.314695154,20.188811431],[-98.314262607,20.188918077],[-98.314436292,20.188179108],[-98.314344015,20.188161377],[-98.313794,20.188054277],[-98.313354785,20.187964862],[-98.313200123,20.187934085],[-98.312878754,20.187851185],[-98.312152323,20.187659523],[-98.312114254,20.187648684],[-98.312052415,20.187631078]]]]},"properties":{"locality":"Santa Ana Hueytlalpan","municipality":null,"official_key":"130770018","CVE_ENT":"13","CVE_MUN":"077","CVE_LOC":"0018","ambito":"URBANO","geometry_kind":"locality","source":"INEGI Gaia — Servicio vectorial del Marco Geoestadístico"}},{"type":"Feature","geometry":{"type":"MultiPolygon","crs":{"type":"name","properties":{"name":"EPSG:6365"}},"coordinates":[[[[-98.270953979,20.163817152],[-98.27051766,20.162538261],[-98.270499738,20.162478462],[-98.270288868,20.16185842],[-98.270169779,20.16150825],[-98.269857259,20.160646091],[-98.26985957,20.160568721],[-98.269505818,20.159527481],[-98.2692778,20.15880762],[-98.269260678,20.158726481],[-98.26904126,20.158087001],[-98.268856368,20.157527982],[-98.268733,20.15723714],[-98.268636119,20.15685845],[-98.268630319,20.1568434],[-98.268628141,20.15683775],[-98.268617279,20.15680957],[-98.268319015,20.155845563],[-98.268309806,20.1558158],[-98.26830972,20.155815522],[-98.268273733,20.15582062],[-98.26770827,20.155900727],[-98.267600878,20.15591594],[-98.267364417,20.15595168],[-98.267276859,20.155946021],[-98.26720272,20.155931851],[-98.267137105,20.155914668],[-98.266729689,20.155807979],[-98.266550888,20.155761156],[-98.26630278,20.155696181],[-98.26616798,20.155611681],[-98.266133479,20.15555245],[-98.265950102,20.15521797],[-98.265947569,20.15521335],[-98.265929757,20.155180884],[-98.265627137,20.154629231],[-98.26567463,20.154335232],[-98.265737154,20.153542463],[-98.265778646,20.153419893],[-98.265806337,20.153290985],[-98.265926676,20.15311997],[-98.265939816,20.153003679],[-98.265813584,20.152867015],[-98.265723691,20.152772663],[-98.265650862,20.152649678],[-98.265519523,20.152482078],[-98.265330462,20.152289046],[-98.265119907,20.152137478],[-98.264938707,20.151908908],[-98.264734784,20.151651678],[-98.264578387,20.151454397],[-98.264251676,20.151042278],[-98.263723614,20.150331662],[-98.263236276,20.149675832],[-98.262896503,20.149236341],[-98.262873153,20.149206139],[-98.262839909,20.148932169],[-98.262763387,20.148301561],[-98.262743768,20.148139893],[-98.262392477,20.147610508],[-98.262289445,20.147472463],[-98.261940538,20.14700497],[-98.261846031,20.146878339],[-98.261486907,20.146310369],[-98.261420478,20.146238857],[-98.2611212,20.145916677],[-98.260942799,20.145724631],[-98.260047969,20.145106754],[-98.259441661,20.144633387],[-98.259422092,20.144618109],[-98.258895245,20.144143185],[-98.258747245,20.143846431],[-98.258526068,20.143402906],[-98.258524491,20.143399738],[-98.258376107,20.1425622],[-98.258368769,20.142403463],[-98.258357815,20.142166985],[-98.258404723,20.141894586],[-98.258426399,20.141294001],[-98.258436153,20.141255354],[-98.258539092,20.140848031],[-98.258547537,20.140725846],[-98.258569985,20.140649615],[-98.258569953,20.140584801],[-98.258623107,20.140382155],[-98.2587178,20.140311309],[-98.258874431,20.14029837],[-98.258983645,20.140299862],[-98.259144184,20.140329],[-98.259549738,20.140438231],[-98.259613368,20.140452754],[-98.259748922,20.140457539],[-98.259823323,20.140413292],[-98.260018877,20.140177662],[-98.260056091,20.140099385],[-98.260284277,20.139841523],[-98.260356677,20.139814508],[-98.260455876,20.139700323],[-98.260571368,20.139492954],[-98.260593614,20.139349523],[-98.260572108,20.139245323],[-98.260062445,20.138820986],[-98.259922261,20.138762816],[-98.259806938,20.138687985],[-98.259748323,20.138657754],[-98.259498368,20.138545047],[-98.259200908,20.138275663],[-98.259156246,20.138126263],[-98.259179184,20.137461646],[-98.259192385,20.137324816],[-98.259204815,20.137195909],[-98.259274076,20.1369514],[-98.259344784,20.136580724],[-98.259448769,20.136035678],[-98.259485522,20.135664293],[-98.259493169,20.135587063],[-98.259573415,20.135219369],[-98.259578692,20.135195139],[-98.259581585,20.135055554],[-98.259583262,20.13497497],[-98.259730954,20.134576708],[-98.259875245,20.134187631],[-98.259896677,20.134129847],[-98.260143614,20.133464016],[-98.260154676,20.13343417],[-98.260416507,20.133452016],[-98.260996968,20.133575738],[-98.261259923,20.1337694],[-98.261606277,20.134145077],[-98.261629153,20.134420646],[-98.26206083,20.134964],[-98.262361708,20.1352752],[-98.262897491,20.135471246],[-98.263228292,20.135520939],[-98.2632586,20.135503846],[-98.263335799,20.135465477],[-98.263417785,20.135441108],[-98.263450723,20.135333923],[-98.26351163,20.135244232],[-98.263615153,20.135083601],[-98.263674462,20.134960277],[-98.26371143,20.134817215],[-98.263709137,20.134623985],[-98.263786354,20.134496293],[-98.263949784,20.134374338],[-98.264261015,20.134144432],[-98.264507785,20.133948923],[-98.264752785,20.1336334],[-98.264794877,20.133396862],[-98.264841461,20.132997262],[-98.264877984,20.132410247],[-98.264891908,20.132347231],[-98.26484163,20.132190015],[-98.264719937,20.132041847],[-98.264686492,20.131707232],[-98.264666537,20.1315834],[-98.264594753,20.131514446],[-98.264556615,20.131469108],[-98.264601262,20.131232647],[-98.264623923,20.131055616],[-98.264570492,20.130919924],[-98.264479292,20.130772509],[-98.264480877,20.130622555],[-98.264479277,20.130266169],[-98.264529722,20.130058939],[-98.264428722,20.129750201],[-98.264391691,20.129665292],[-98.264428753,20.129565185],[-98.264453662,20.1295418],[-98.264423215,20.129401878],[-98.264331385,20.129277232],[-98.264319862,20.129188155],[-98.264335431,20.129084155],[-98.264311861,20.128787215],[-98.264356076,20.128611923],[-98.264369691,20.128440693],[-98.264373261,20.128403585],[-98.264435737,20.128478509],[-98.264506062,20.128562831],[-98.264453753,20.128801508],[-98.264481892,20.12897857],[-98.264565123,20.129139],[-98.264533261,20.129281],[-98.264640661,20.129394016],[-98.264943061,20.129495138],[-98.265121861,20.129716862],[-98.265241137,20.130034631],[-98.265293553,20.130124231],[-98.265220277,20.130348954],[-98.265449645,20.130639447],[-98.265484168,20.1307298],[-98.265612569,20.130813938],[-98.265554354,20.131280569],[-98.26577083,20.131612246],[-98.265831276,20.131631016],[-98.267503461,20.130990615],[-98.267602491,20.131158154],[-98.267741799,20.131192292],[-98.267926646,20.131196847],[-98.268289722,20.131150092],[-98.268801492,20.130870877],[-98.269574953,20.130388831],[-98.269909062,20.1301398],[-98.269972477,20.1302018],[-98.270320491,20.130732985],[-98.270251307,20.130775955],[-98.270196031,20.130789955],[-98.270100969,20.130847138],[-98.270006446,20.130958077],[-98.269893935,20.131240631],[-98.269779338,20.131528416],[-98.269645461,20.131740139],[-98.269621062,20.1318144],[-98.269297968,20.132105939],[-98.269038691,20.132147569],[-98.268751046,20.132259524],[-98.268443399,20.132359462],[-98.268226107,20.132500015],[-98.267888353,20.1327336],[-98.267860108,20.132779292],[-98.267781985,20.132905692],[-98.267690862,20.133114615],[-98.26765983,20.133207923],[-98.267675015,20.133246693],[-98.267886661,20.1333114],[-98.2682522,20.133765769],[-98.268313123,20.134210723],[-98.268309892,20.134475569],[-98.268466169,20.134778893],[-98.268521138,20.134849355],[-98.268518753,20.135000723],[-98.268515692,20.13519477],[-98.268265984,20.135478523],[-98.268259076,20.135582015],[-98.268270492,20.135684046],[-98.268267937,20.135923955],[-98.268218337,20.13595157],[-98.268020231,20.136061832],[-98.267862385,20.136109785],[-98.267708691,20.136228877],[-98.267678092,20.136306831],[-98.267630338,20.136637769],[-98.267631031,20.136760663],[-98.267681846,20.136907801],[-98.267620892,20.13734977],[-98.267602953,20.137631524],[-98.267634368,20.137745569],[-98.267799922,20.137933938],[-98.267838722,20.138075032],[-98.267940754,20.138208078],[-98.267992091,20.138263092],[-98.268050845,20.138292678],[-98.268056523,20.138315308],[-98.268079584,20.138407308],[-98.268090938,20.138659078],[-98.268073814,20.139280647],[-98.268114799,20.139416047],[-98.268189631,20.139577215],[-98.268214338,20.139639262],[-98.268458077,20.139572292],[-98.268506415,20.139588846],[-98.268542262,20.139689555],[-98.268546384,20.139926538],[-98.268552491,20.140277247],[-98.26853043,20.140708646],[-98.268694615,20.141611123],[-98.269039414,20.141638801],[-98.269608199,20.14165277],[-98.269713245,20.141676478],[-98.269916031,20.141620015],[-98.270402322,20.139610478],[-98.270410661,20.139455185],[-98.270463723,20.139226108],[-98.270790877,20.139082492],[-98.271003445,20.139187538],[-98.271228337,20.139509815],[-98.271417507,20.140612554],[-98.2714204,20.140802693],[-98.271466568,20.141414308],[-98.271504768,20.1417332],[-98.271516154,20.141828263],[-98.271606491,20.141943755],[-98.271696677,20.141990124],[-98.271888446,20.142038986],[-98.271895446,20.142043678],[-98.272034154,20.142136631],[-98.272094168,20.1422456],[-98.272234569,20.142314324],[-98.272283646,20.142524786],[-98.2722598,20.142652816],[-98.272388245,20.142786524],[-98.272388137,20.143086001],[-98.272353953,20.1432752],[-98.272359015,20.143386677],[-98.272387014,20.143419509],[-98.272446846,20.143519369],[-98.272521337,20.143556877],[-98.2726186,20.143653662],[-98.272634308,20.143775231],[-98.272576661,20.143838601],[-98.272665071,20.144152981],[-98.272709061,20.144198216],[-98.272752,20.144207663],[-98.272806337,20.144264186],[-98.272955585,20.144372815],[-98.27305023,20.144450154],[-98.273109814,20.144455215],[-98.273395431,20.144497739],[-98.273645768,20.144600354],[-98.2737422,20.144697508],[-98.273823122,20.144723215],[-98.273898122,20.144617339],[-98.273868891,20.144403939],[-98.273820337,20.144304677],[-98.273814968,20.144222954],[-98.273876737,20.144119677],[-98.274261184,20.143747816],[-98.274404723,20.143689431],[-98.274591031,20.143680601],[-98.275112168,20.143704062],[-98.275264169,20.14376714],[-98.275284261,20.143775478],[-98.2755426,20.143805815],[-98.275808276,20.143892723],[-98.275913707,20.143939692],[-98.275980676,20.143848477],[-98.276074215,20.143854985],[-98.276298922,20.143961615],[-98.276466354,20.143959401],[-98.276674015,20.144064016],[-98.277045431,20.144134231],[-98.277103738,20.144259724],[-98.277318137,20.144337754],[-98.277382984,20.144361354],[-98.277775676,20.144453846],[-98.278200046,20.144603277],[-98.278252738,20.144611766],[-98.27846223,20.144645509],[-98.278703939,20.144671873],[-98.278805968,20.144683001],[-98.279221877,20.144643738],[-98.279350277,20.144762738],[-98.279332861,20.144909769],[-98.279534801,20.145039905],[-98.279619153,20.145094262],[-98.279752354,20.145038539],[-98.279988154,20.145147539],[-98.280021569,20.145230523],[-98.280758365,20.14558462],[-98.280880599,20.145643369],[-98.281018291,20.145860216],[-98.28112303,20.145825291],[-98.281200723,20.145799386],[-98.281394061,20.145829386],[-98.281575092,20.145901231],[-98.281617031,20.146179016],[-98.281812646,20.146206985],[-98.281974215,20.146337324],[-98.282053262,20.146465662],[-98.282158815,20.146523015],[-98.282239462,20.146430185],[-98.282352122,20.146453744],[-98.28239923,20.1464636],[-98.282458322,20.146587216],[-98.282410784,20.146855446],[-98.282416307,20.147024524],[-98.282563784,20.14707157],[-98.282579585,20.147190739],[-98.282564179,20.147270505],[-98.282618511,20.147541645],[-98.282689262,20.147675581],[-98.282710629,20.147823271],[-98.282494165,20.147994386],[-98.282508331,20.148094911],[-98.282604491,20.148134431],[-98.282692691,20.148174709],[-98.282865354,20.148277324],[-98.282949953,20.148405432],[-98.283075553,20.148584769],[-98.283146846,20.148797877],[-98.283249676,20.148929601],[-98.283327076,20.148981724],[-98.283489723,20.149072892],[-98.283754014,20.149337785],[-98.283941614,20.149569738],[-98.284002277,20.149705908],[-98.284020862,20.1498024],[-98.284032338,20.149934586],[-98.284204799,20.150205431],[-98.284283462,20.150416678],[-98.284389923,20.150575232],[-98.284553599,20.150805615],[-98.284736954,20.151020108],[-98.284866091,20.151129215],[-98.284891154,20.1511504],[-98.285007522,20.151219262],[-98.285149415,20.151187939],[-98.285226661,20.151197032],[-98.285266015,20.151244786],[-98.28527023,20.151322878],[-98.285141508,20.151522509],[-98.285166061,20.151599909],[-98.285234354,20.15165797],[-98.2852476,20.151916263],[-98.285394184,20.153010509],[-98.285481337,20.153584969],[-98.285486261,20.153601647],[-98.285552984,20.153827339],[-98.28558723,20.154088201],[-98.285646891,20.154180015],[-98.285586846,20.154231878],[-98.285583337,20.154313386],[-98.285586015,20.154401032],[-98.285672308,20.155046031],[-98.285778969,20.155843186],[-98.285806968,20.156062293],[-98.285850507,20.15640297],[-98.285981815,20.157271662],[-98.28600543,20.157431477],[-98.286060662,20.157805186],[-98.286128337,20.158269662],[-98.2861494,20.1584142],[-98.286189599,20.158735047],[-98.286199646,20.158815216],[-98.286298708,20.159646986],[-98.28633123,20.159895786],[-98.286270337,20.159962108],[-98.286044568,20.160003755],[-98.285841108,20.160039523],[-98.285777,20.1600586],[-98.285719231,20.160678846],[-98.28568583,20.161055262],[-98.285601245,20.16200838],[-98.28560123,20.16200855],[-98.285201719,20.16198483],[-98.284559429,20.162053581],[-98.284045399,20.162115881],[-98.283852229,20.162116911],[-98.283774169,20.16213858],[-98.28369974,20.16219189],[-98.28312438,20.162413941],[-98.28270151,20.1625774],[-98.282440121,20.162688952],[-98.282391046,20.162726185],[-98.282407292,20.162874415],[-98.281994646,20.163760846],[-98.281979831,20.163856477],[-98.281905,20.164063892],[-98.281776569,20.164150985],[-98.2792412,20.163342077],[-98.278939015,20.1632826],[-98.278859323,20.163269846],[-98.278124708,20.163065985],[-98.27776989,20.163009921],[-98.277205647,20.162849204],[-98.276909652,20.162764892],[-98.27690214,20.162762752],[-98.276884338,20.162757679],[-98.276880025,20.162775221],[-98.276625664,20.163809858],[-98.276095079,20.16596802],[-98.275957488,20.166148421],[-98.275915599,20.166203344],[-98.275849732,20.166289705],[-98.27578048,20.166380503],[-98.275622619,20.16658748],[-98.275602165,20.166594316],[-98.2740442,20.167114942],[-98.274023908,20.167121723],[-98.273986669,20.167135165],[-98.273909478,20.167163031],[-98.273401629,20.167346351],[-98.272650289,20.167617552],[-98.27254001,20.167657363],[-98.272229508,20.167769451],[-98.27218383,20.16778594],[-98.272184281,20.167769374],[-98.272184841,20.16774873],[-98.27218566,20.167718584],[-98.27205238,20.166905031],[-98.271829648,20.16615137],[-98.27178406,20.166026062],[-98.271410659,20.165100663],[-98.270953979,20.163817152]]]]},"properties":{"locality":"Santa María Asunción","municipality":null,"official_key":"130770020","CVE_ENT":"13","CVE_MUN":"077","CVE_LOC":"0020","ambito":"URBANO","geometry_kind":"locality","source":"INEGI Gaia — Servicio vectorial del Marco Geoestadístico"}},{"type":"Feature","geometry":{"type":"MultiPolygon","crs":{"type":"name","properties":{"name":"EPSG:6365"}},"coordinates":[[[[-98.385020091,20.113354819],[-98.38508405,20.11324308],[-98.385096877,20.113206708],[-98.386205138,20.113269785],[-98.3863534,20.113273308],[-98.387085385,20.113309538],[-98.388076108,20.113382677],[-98.388048585,20.1134154],[-98.387944123,20.113506585],[-98.387858908,20.113593246],[-98.38780408,20.11359171],[-98.386275861,20.113513339],[-98.386202951,20.113503921],[-98.38516183,20.113450339],[-98.385020091,20.113354819]]],[[[-98.392400938,20.109080246],[-98.393035215,20.108627985],[-98.393067262,20.108605123],[-98.393642677,20.108200077],[-98.394651692,20.107489785],[-98.394702682,20.107457853],[-98.394945092,20.107306046],[-98.395318062,20.107072477],[-98.395465538,20.1069716],[-98.396057631,20.106581338],[-98.396426123,20.106341585],[-98.396648292,20.106197031],[-98.397033431,20.105899031],[-98.397186043,20.105712351],[-98.397772028,20.104995536],[-98.397846754,20.104904123],[-98.3979572,20.104861601],[-98.398223,20.104759262],[-98.398492091,20.104655647],[-98.399646122,20.104147923],[-98.40030063,20.103778954],[-98.400667323,20.103572246],[-98.401031185,20.103357724],[-98.401394985,20.103569708],[-98.401868769,20.103845769],[-98.403241046,20.104645338],[-98.403343154,20.104704831],[-98.4039618,20.105059708],[-98.404658923,20.1054596],[-98.405228662,20.105802292],[-98.403399938,20.106631815],[-98.403109169,20.106819892],[-98.402768277,20.107066692],[-98.402591662,20.107205077],[-98.402421077,20.107448338],[-98.402273846,20.107716692],[-98.402168215,20.107997385],[-98.402113938,20.1082178],[-98.402055323,20.1085738],[-98.402017785,20.108977723],[-98.402021538,20.109217677],[-98.402069492,20.109399554],[-98.402131277,20.109598215],[-98.402208338,20.109758154],[-98.402354585,20.109961108],[-98.402580108,20.110211754],[-98.402630123,20.1103174],[-98.402508954,20.110281754],[-98.402420585,20.110214723],[-98.402037462,20.110006385],[-98.401739662,20.109883954],[-98.401373062,20.109782646],[-98.401136385,20.109720738],[-98.400714185,20.109603677],[-98.400142769,20.109442923],[-98.399535215,20.109286354],[-98.399191108,20.109223508],[-98.398831154,20.109189015],[-98.398518892,20.109169415],[-98.398220338,20.109162215],[-98.397993615,20.109177892],[-98.397759646,20.109195615],[-98.397449908,20.109262415],[-98.397266723,20.109292631],[-98.397057338,20.109335092],[-98.396865431,20.109365292],[-98.3950332,20.110127738],[-98.390830477,20.111875215],[-98.390338708,20.112133046],[-98.390065615,20.112270323],[-98.389778677,20.1124622],[-98.389316754,20.112770446],[-98.389173262,20.112872815],[-98.388508,20.113454877],[-98.3882336,20.113717338],[-98.388088831,20.113383615],[-98.388470985,20.113040446],[-98.388901615,20.112705154],[-98.389204969,20.112474815],[-98.389363154,20.1123538],[-98.389828369,20.112055323],[-98.390146077,20.111868215],[-98.390131615,20.111718369],[-98.390479077,20.110679354],[-98.390509769,20.110587569],[-98.390598631,20.110350923],[-98.390819123,20.110163508],[-98.391821415,20.109497446],[-98.391996138,20.109381338],[-98.392038492,20.1093532],[-98.392400938,20.109080246]]]]},"properties":{"locality":"Santa María el Chico","municipality":null,"official_key":"130770021","CVE_ENT":"13","CVE_MUN":"077","CVE_LOC":"0021","ambito":"RURAL","geometry_kind":"locality","source":"INEGI Gaia — Servicio vectorial del Marco Geoestadístico"}},{"type":"Feature","geometry":{"type":"MultiPolygon","crs":{"type":"name","properties":{"name":"EPSG:6365"}},"coordinates":[[[[-98.282416307,20.147024524],[-98.282410784,20.146855446],[-98.282458322,20.146587216],[-98.28239923,20.1464636],[-98.282352122,20.146453744],[-98.282239462,20.146430185],[-98.282158815,20.146523015],[-98.282053262,20.146465662],[-98.281974215,20.146337324],[-98.281812646,20.146206985],[-98.281617031,20.146179016],[-98.281575092,20.145901231],[-98.281394061,20.145829386],[-98.281200723,20.145799386],[-98.28112303,20.145825291],[-98.281018291,20.145860216],[-98.280880599,20.145643369],[-98.280758365,20.14558462],[-98.280021569,20.145230523],[-98.279988154,20.145147539],[-98.279752354,20.145038539],[-98.279619153,20.145094262],[-98.279534801,20.145039905],[-98.279332861,20.144909769],[-98.279350277,20.144762738],[-98.279221877,20.144643738],[-98.278805968,20.144683001],[-98.278703939,20.144671873],[-98.27846223,20.144645509],[-98.278252738,20.144611766],[-98.278200046,20.144603277],[-98.277775676,20.144453846],[-98.277382984,20.144361354],[-98.277318137,20.144337754],[-98.277103738,20.144259724],[-98.277045431,20.144134231],[-98.276674015,20.144064016],[-98.276466354,20.143959401],[-98.276298922,20.143961615],[-98.276074215,20.143854985],[-98.275980676,20.143848477],[-98.275913707,20.143939692],[-98.275808276,20.143892723],[-98.2755426,20.143805815],[-98.275284261,20.143775478],[-98.275264169,20.14376714],[-98.275112168,20.143704062],[-98.274591031,20.143680601],[-98.274404723,20.143689431],[-98.274261184,20.143747816],[-98.273876737,20.144119677],[-98.273814968,20.144222954],[-98.273820337,20.144304677],[-98.273868891,20.144403939],[-98.273898122,20.144617339],[-98.273823122,20.144723215],[-98.2737422,20.144697508],[-98.273645768,20.144600354],[-98.273395431,20.144497739],[-98.273109814,20.144455215],[-98.27305023,20.144450154],[-98.272955585,20.144372815],[-98.272806337,20.144264186],[-98.272752,20.144207663],[-98.272709061,20.144198216],[-98.272665071,20.144152981],[-98.272576661,20.143838601],[-98.272634308,20.143775231],[-98.2726186,20.143653662],[-98.272521337,20.143556877],[-98.272446846,20.143519369],[-98.272387014,20.143419509],[-98.272359015,20.143386677],[-98.272353953,20.1432752],[-98.27246472,20.143132992],[-98.272609595,20.143141025],[-98.272770561,20.143186828],[-98.272831347,20.143214604],[-98.27293775,20.143247645],[-98.273012434,20.143255199],[-98.273103571,20.143244975],[-98.273168477,20.143233524],[-98.273266054,20.143197816],[-98.273331726,20.143161279],[-98.273280307,20.142459863],[-98.273204846,20.141878246],[-98.273114671,20.141921187],[-98.271982095,20.141427871],[-98.271796839,20.141787544],[-98.271490525,20.141595056],[-98.271706946,20.140918388],[-98.271900046,20.140549166],[-98.271846564,20.140210916],[-98.271756605,20.139951978],[-98.272455216,20.139743402],[-98.272146553,20.139245669],[-98.273010521,20.139106935],[-98.273199614,20.138776558],[-98.273887275,20.138213613],[-98.275033298,20.138220786],[-98.275200161,20.13818413],[-98.275538908,20.138054569],[-98.275629138,20.138099985],[-98.27574923,20.138167724],[-98.275868185,20.138138231],[-98.276247334,20.138189817],[-98.27631429,20.138194521],[-98.276758923,20.138178077],[-98.27698983,20.138097355],[-98.277189821,20.138044371],[-98.277210335,20.138354357],[-98.277152507,20.13862451],[-98.277060883,20.138797217],[-98.277070347,20.138889879],[-98.277074096,20.138960607],[-98.277119112,20.139062168],[-98.277122563,20.139224843],[-98.277003462,20.139329543],[-98.276890937,20.139435091],[-98.276767301,20.139511364],[-98.276628782,20.139646595],[-98.276551028,20.13979778],[-98.276554286,20.13995624],[-98.276451322,20.140045278],[-98.276565509,20.140114109],[-98.276579491,20.140097539],[-98.27659478,20.14008411],[-98.276650569,20.140024049],[-98.276737754,20.139893079],[-98.276837052,20.13972611],[-98.276968303,20.139622958],[-98.277120138,20.13950571],[-98.277558906,20.139238346],[-98.27809793,20.138660592],[-98.277800515,20.136639883],[-98.277831662,20.136558539],[-98.277856954,20.136470369],[-98.277873292,20.136384385],[-98.277900784,20.136308263],[-98.277937522,20.136265969],[-98.277997307,20.136217046],[-98.278076862,20.1361422],[-98.278333292,20.135918123],[-98.278772691,20.13552957],[-98.279033599,20.13530537],[-98.279090877,20.135255186],[-98.279342057,20.135086995],[-98.279547537,20.134678462],[-98.279584585,20.13457857],[-98.279680937,20.13440097],[-98.279785307,20.134162354],[-98.279879768,20.133971447],[-98.279911338,20.133921877],[-98.279945723,20.133872323],[-98.280002938,20.133824539],[-98.280073322,20.133759063],[-98.280286676,20.133577123],[-98.280443937,20.133447786],[-98.280659291,20.133285093],[-98.280942677,20.133073092],[-98.281258338,20.132889416],[-98.281676015,20.132668093],[-98.281735662,20.132623955],[-98.281852415,20.132535631],[-98.282084845,20.132398539],[-98.282192062,20.13233397],[-98.282377108,20.132256908],[-98.282416491,20.132254292],[-98.282570399,20.132249646],[-98.283138537,20.132239569],[-98.283310184,20.13223417],[-98.283372153,20.132256538],[-98.283386692,20.132316432],[-98.283481785,20.132600724],[-98.283563185,20.132878815],[-98.283587599,20.132957262],[-98.283617631,20.13311277],[-98.283636323,20.133218816],[-98.283631322,20.133308678],[-98.283614661,20.133374663],[-98.28350363,20.133610308],[-98.28344203,20.133725185],[-98.283340969,20.133797109],[-98.283194107,20.133871492],[-98.283125923,20.133949015],[-98.283072553,20.133995708],[-98.28290683,20.134109231],[-98.282865045,20.1341502],[-98.282821677,20.134182323],[-98.282810246,20.1342306],[-98.282809954,20.134268508],[-98.282844353,20.134348863],[-98.282934236,20.134504875],[-98.283000338,20.134605953],[-98.283083491,20.134754263],[-98.283088137,20.13486237],[-98.283056845,20.134913],[-98.282977502,20.13498472],[-98.282761334,20.135139883],[-98.282565181,20.135381369],[-98.282578591,20.135913929],[-98.282602575,20.136515738],[-98.282685746,20.137532829],[-98.283002203,20.137920847],[-98.284468885,20.136443116],[-98.285736434,20.137264684],[-98.285952559,20.137240122],[-98.28655492,20.13669176],[-98.288047775,20.136284421],[-98.288506845,20.136386387],[-98.288944459,20.13666967],[-98.289425559,20.13822243],[-98.289224109,20.138462796],[-98.28848981,20.139476914],[-98.288616647,20.139689017],[-98.288625463,20.139901121],[-98.288249361,20.141352688],[-98.288176454,20.142653008],[-98.289534876,20.143273924],[-98.290116421,20.143524023],[-98.288957979,20.14530032],[-98.288698519,20.145671188],[-98.288309654,20.145977222],[-98.286655937,20.146484692],[-98.284740038,20.147038104],[-98.284742176,20.147307398],[-98.285086568,20.147532696],[-98.285516792,20.147657269],[-98.286657999,20.147850316],[-98.286826014,20.147986832],[-98.286951113,20.148183781],[-98.286965274,20.148436668],[-98.286831142,20.148686123],[-98.286171665,20.1499708],[-98.285690908,20.150806109],[-98.285464507,20.1511376],[-98.285266015,20.151244786],[-98.285226661,20.151197032],[-98.285149415,20.151187939],[-98.285007522,20.151219262],[-98.284891154,20.1511504],[-98.284866091,20.151129215],[-98.284736954,20.151020108],[-98.284553599,20.150805615],[-98.284389923,20.150575232],[-98.284283462,20.150416678],[-98.284204799,20.150205431],[-98.284032338,20.149934586],[-98.284020862,20.1498024],[-98.284002277,20.149705908],[-98.283941614,20.149569738],[-98.283754014,20.149337785],[-98.283489723,20.149072892],[-98.283327076,20.148981724],[-98.283249676,20.148929601],[-98.283146846,20.148797877],[-98.283075553,20.148584769],[-98.282949953,20.148405432],[-98.282865354,20.148277324],[-98.282692691,20.148174709],[-98.282604491,20.148134431],[-98.282508331,20.148094911],[-98.282494165,20.147994386],[-98.282710629,20.147823271],[-98.282689262,20.147675581],[-98.282618511,20.147541645],[-98.282564179,20.147270505],[-98.282579585,20.147190739],[-98.282563784,20.14707157],[-98.282416307,20.147024524]]]]},"properties":{"locality":"Tepalzingo","municipality":null,"official_key":"130770022","CVE_ENT":"13","CVE_MUN":"077","CVE_LOC":"0022","ambito":"RURAL","geometry_kind":"locality","source":"INEGI Gaia — Servicio vectorial del Marco Geoestadístico"}},{"type":"Feature","geometry":{"type":"MultiPolygon","crs":{"type":"name","properties":{"name":"EPSG:6365"}},"coordinates":[[[[-98.324254091,20.109172167],[-98.32463652,20.108850453],[-98.324323513,20.108153971],[-98.325056675,20.107390688],[-98.324926897,20.107075299],[-98.324760011,20.106667862],[-98.325178036,20.106581081],[-98.325121348,20.106300869],[-98.324657249,20.105526854],[-98.324364811,20.105052569],[-98.32436422,20.104831447],[-98.324978295,20.104867214],[-98.325090779,20.104873766],[-98.325564272,20.104965702],[-98.326544199,20.105095344],[-98.326693411,20.105170771],[-98.326982094,20.105578675],[-98.327092756,20.105421351],[-98.327848867,20.106318754],[-98.327763088,20.106408743],[-98.328154625,20.106726557],[-98.328446954,20.106720604],[-98.328563863,20.106881049],[-98.328570395,20.10722134],[-98.328464529,20.107232333],[-98.328534823,20.10762876],[-98.328855059,20.107629775],[-98.328751222,20.108336485],[-98.328645096,20.108470103],[-98.326741739,20.108716686],[-98.326292684,20.109779394],[-98.326576492,20.110417048],[-98.325378576,20.110753882],[-98.32523511,20.11028845],[-98.324051834,20.109492595],[-98.324254091,20.109172167]]]]},"properties":{"locality":"El Abra","municipality":null,"official_key":"130770024","CVE_ENT":"13","CVE_MUN":"077","CVE_LOC":"0024","ambito":"RURAL","geometry_kind":"locality","source":"INEGI Gaia — Servicio vectorial del Marco Geoestadístico"}},{"type":"Feature","geometry":{"type":"MultiPolygon","crs":{"type":"name","properties":{"name":"EPSG:6365"}},"coordinates":[[[[-98.388298131,20.083813321],[-98.388196734,20.08321822],[-98.391315967,20.083005643],[-98.391729246,20.082977751],[-98.391836538,20.082970509],[-98.392079508,20.083460027],[-98.392360917,20.084051237],[-98.392535469,20.084543388],[-98.392586592,20.084769556],[-98.392607203,20.084949289],[-98.392667886,20.085724906],[-98.392719194,20.086163321],[-98.392883641,20.086626013],[-98.392962887,20.086736106],[-98.393162857,20.087190782],[-98.393568979,20.087753366],[-98.393875087,20.08810392],[-98.394088979,20.088274566],[-98.394409194,20.088553319],[-98.394703134,20.088812258],[-98.394761225,20.088807242],[-98.395594364,20.088652335],[-98.395684056,20.088616305],[-98.396510414,20.088282492],[-98.396866938,20.088127755],[-98.396929769,20.088100478],[-98.396997491,20.088078909],[-98.397142892,20.0880326],[-98.398207677,20.087723862],[-98.398660445,20.087659738],[-98.398923784,20.087662201],[-98.399846614,20.087670815],[-98.400700754,20.087678801],[-98.401456185,20.087685847],[-98.40165578,20.087690507],[-98.401776446,20.087693324],[-98.401853723,20.087694786],[-98.40217043,20.087700754],[-98.403409338,20.087762815],[-98.403552307,20.08776997],[-98.403742698,20.087776592],[-98.403942923,20.087783555],[-98.404071985,20.087788046],[-98.404327262,20.087797988],[-98.404807531,20.087816689],[-98.405083225,20.087827424],[-98.405304619,20.087835883],[-98.405833831,20.087856646],[-98.406150635,20.087874316],[-98.406521845,20.087886386],[-98.406777691,20.087892431],[-98.406801123,20.087893586],[-98.407150199,20.087910815],[-98.407277429,20.08792559],[-98.407359753,20.087935147],[-98.40765695,20.087946586],[-98.407668032,20.087946857],[-98.408816227,20.087974969],[-98.409062719,20.087986075],[-98.409260876,20.0879906],[-98.409633947,20.088001225],[-98.409698219,20.088003669],[-98.412083645,20.088083106],[-98.412712487,20.0880979],[-98.413220542,20.088100503],[-98.413489262,20.08809336],[-98.413497282,20.088093564],[-98.413749674,20.088099985],[-98.414584801,20.08812123],[-98.414680154,20.088123655],[-98.414919258,20.088129303],[-98.415592193,20.088153116],[-98.41568999,20.088158649],[-98.415840247,20.088167149],[-98.416291788,20.088187052],[-98.416484334,20.088195538],[-98.416702704,20.088204218],[-98.416909619,20.088210378],[-98.417013129,20.088215225],[-98.417262763,20.088226911],[-98.417405797,20.088233609],[-98.417897973,20.088253877],[-98.417951776,20.088256094],[-98.418047574,20.088258574],[-98.418057986,20.088258844],[-98.418369041,20.088266901],[-98.418757438,20.088282067],[-98.418006586,20.089905057],[-98.418094529,20.090113095],[-98.418236115,20.090865237],[-98.417674903,20.09118338],[-98.417362431,20.091012775],[-98.417023805,20.090746104],[-98.41677939,20.090330641],[-98.416388962,20.090284126],[-98.416065001,20.090275981],[-98.4156348,20.090528847],[-98.415451885,20.091572194],[-98.415499903,20.091801662],[-98.415362979,20.092027231],[-98.415401807,20.092381837],[-98.416730137,20.093697708],[-98.414593054,20.094812055],[-98.41219594,20.096033905],[-98.409196887,20.097562133],[-98.408790978,20.09771534],[-98.407446326,20.098621103],[-98.406151046,20.099531013],[-98.405114841,20.100347044],[-98.405159678,20.100157363],[-98.405365445,20.099645268],[-98.405437105,20.099188585],[-98.405910134,20.099040848],[-98.406016871,20.098868728],[-98.406177254,20.097059338],[-98.407547311,20.096388476],[-98.407775832,20.096423531],[-98.40888251,20.095851635],[-98.408621261,20.095002654],[-98.409502634,20.094518914],[-98.409658604,20.094808566],[-98.411472178,20.093470983],[-98.41065967,20.091205155],[-98.408023261,20.093151048],[-98.405845708,20.094851311],[-98.403768603,20.091347335],[-98.403781477,20.092645814],[-98.401980105,20.092347921],[-98.401733878,20.093969801],[-98.40225986,20.094110697],[-98.404464769,20.096589235],[-98.40497982,20.097115643],[-98.405473414,20.097702504],[-98.405571554,20.097945164],[-98.405454327,20.098786892],[-98.405288427,20.099545281],[-98.405033814,20.100468545],[-98.404064294,20.101212283],[-98.401989705,20.100283516],[-98.400622827,20.101430306],[-98.402214709,20.102649384],[-98.401264062,20.103329911],[-98.400285329,20.102631106],[-98.398838369,20.101597147],[-98.396444406,20.099865433],[-98.397946443,20.09868157],[-98.397179404,20.098170242],[-98.398056523,20.097572009],[-98.398361633,20.09783051],[-98.398133314,20.096982431],[-98.397528826,20.095138432],[-98.397293221,20.09409413],[-98.397523136,20.093075792],[-98.396676856,20.092973794],[-98.396470114,20.092977297],[-98.395888705,20.093116569],[-98.394374348,20.098473394],[-98.394373886,20.098475029],[-98.394302025,20.098493613],[-98.394195486,20.098521182],[-98.393902075,20.098288514],[-98.393579657,20.098032842],[-98.392468235,20.097202474],[-98.392211086,20.097010351],[-98.39050897,20.095759531],[-98.388477564,20.094266674],[-98.38825884,20.094109998],[-98.387247441,20.09338552],[-98.386226485,20.092629243],[-98.386227465,20.092628013],[-98.386275763,20.092567428],[-98.38631807,20.092409458],[-98.38633858,20.092235982],[-98.386338567,20.092234608],[-98.386336134,20.091984935],[-98.385972287,20.091937275],[-98.385790162,20.092280197],[-98.385404717,20.091990475],[-98.384637133,20.09142509],[-98.38414847,20.091081458],[-98.382688671,20.090039582],[-98.382486056,20.089946458],[-98.382190364,20.089891411],[-98.381993795,20.089619905],[-98.381729949,20.089390057],[-98.38105324,20.089031813],[-98.380926202,20.088886565],[-98.380924879,20.088885053],[-98.38092444,20.088884551],[-98.380925195,20.088883437],[-98.380924931,20.088883133],[-98.380924491,20.088882631],[-98.380926382,20.088879849],[-98.381117133,20.088598983],[-98.381163045,20.088531369],[-98.381307984,20.088169477],[-98.381506646,20.087594292],[-98.381690738,20.087219785],[-98.381704099,20.086938794],[-98.381704213,20.08693637],[-98.381704291,20.086934754],[-98.381704227,20.086933998],[-98.381610988,20.08577065],[-98.381802031,20.085761449],[-98.381948429,20.085738544],[-98.382342589,20.085054478],[-98.382368995,20.085016715],[-98.383636582,20.083077649],[-98.383636644,20.083080349],[-98.383842406,20.084522587],[-98.38616116,20.084493522],[-98.386427277,20.087030013],[-98.386530807,20.086928931],[-98.386927588,20.086812403],[-98.388246183,20.086891777],[-98.388416983,20.084772268],[-98.388298131,20.083813321]]]]},"properties":{"locality":"San Antonio Farías","municipality":null,"official_key":"130770034","CVE_ENT":"13","CVE_MUN":"077","CVE_LOC":"0034","ambito":"RURAL","geometry_kind":"locality","source":"INEGI Gaia — Servicio vectorial del Marco Geoestadístico"}},{"type":"Feature","geometry":{"type":"MultiPolygon","crs":{"type":"name","properties":{"name":"EPSG:6365"}},"coordinates":[[[[-98.301806297,20.11567159],[-98.301189388,20.115827743],[-98.301055277,20.115827742],[-98.300851429,20.116054416],[-98.30047592,20.116155159],[-98.299714173,20.115948635],[-98.299735631,20.115611142],[-98.300245252,20.115626256],[-98.300497378,20.115686701],[-98.300722684,20.115686701],[-98.300980175,20.115525511],[-98.301087464,20.115535586],[-98.301538074,20.115344172],[-98.301817025,20.115359283],[-98.301908221,20.115193055],[-98.301972594,20.114931121],[-98.302165713,20.114724595],[-98.302315915,20.114694371],[-98.302428568,20.114734669],[-98.302551951,20.114946233],[-98.302669968,20.115087274],[-98.302771892,20.11509735],[-98.302927461,20.11509735],[-98.303211774,20.115082237],[-98.303512182,20.115162833],[-98.303705301,20.115273651],[-98.303447807,20.115394543],[-98.303088393,20.115500325],[-98.302761162,20.115535585],[-98.302691424,20.115525512],[-98.302450026,20.115439879],[-98.302192534,20.115308912],[-98.302079882,20.115324024],[-98.301806297,20.11567159]]],[[[-98.313205684,20.123232229],[-98.312932098,20.123373262],[-98.312744344,20.1233783],[-98.312513675,20.123448817],[-98.312250818,20.123544519],[-98.312202539,20.1233783],[-98.31231519,20.12319697],[-98.312304462,20.123106305],[-98.312084521,20.123015641],[-98.311993326,20.122924974],[-98.311853851,20.122824236],[-98.311698282,20.122819198],[-98.311607088,20.12283431],[-98.311478342,20.122612683],[-98.311365689,20.122763792],[-98.31095263,20.123151638],[-98.310341086,20.123569705],[-98.310416187,20.123060972],[-98.31034645,20.122814162],[-98.310314263,20.122597572],[-98.310110416,20.12256735],[-98.309879745,20.122416242],[-98.309751,20.122370908],[-98.309810007,20.12223491],[-98.310426916,20.122204688],[-98.31130668,20.122063652],[-98.311113562,20.121479362],[-98.310856069,20.120688551],[-98.310464467,20.120361143],[-98.310389365,20.120210033],[-98.31011578,20.120013587],[-98.310003127,20.119852402],[-98.30983683,20.119807068],[-98.309649074,20.119655957],[-98.309203828,20.118663651],[-98.308898056,20.118316092],[-98.308833683,20.118170016],[-98.308581556,20.117923197],[-98.308742488,20.117449708],[-98.308511818,20.116935919],[-98.308731759,20.11698629],[-98.308855141,20.116945995],[-98.310571754,20.117590747],[-98.310770239,20.117872826],[-98.311006273,20.118572984],[-98.311043825,20.118693874],[-98.310775602,20.118784542],[-98.310995544,20.119132101],[-98.31140324,20.119943067],[-98.311553443,20.120290624],[-98.311526622,20.12097566],[-98.311741198,20.121615361],[-98.31177875,20.122023357],[-98.311977232,20.122370908],[-98.312223995,20.122658016],[-98.312502945,20.122622757],[-98.312599506,20.122456537],[-98.312996472,20.12238602],[-98.31316277,20.122506906],[-98.313216414,20.1226832],[-98.31310376,20.122829272],[-98.312819446,20.122970308],[-98.312846268,20.12309623],[-98.313205684,20.123232229]]],[[[-98.312492287,20.120025027],[-98.312288219,20.119676705],[-98.312631169,20.119725617],[-98.312951102,20.119648841],[-98.313126982,20.119292727],[-98.313517437,20.118856017],[-98.313869197,20.11801282],[-98.314080805,20.11815046],[-98.314143693,20.1182898],[-98.315000514,20.118006022],[-98.31422507,20.118863967],[-98.31323256,20.119587783],[-98.313304934,20.119788504],[-98.313892292,20.119626558],[-98.314439276,20.119482475],[-98.31476077,20.119496531],[-98.315103351,20.119665682],[-98.315638309,20.119500278],[-98.315755178,20.11964787],[-98.315464355,20.120067463],[-98.314696671,20.121314886],[-98.31451557,20.1211816],[-98.314284692,20.120861942],[-98.313774867,20.120542282],[-98.31351459,20.120488231],[-98.313297226,20.120514771],[-98.313079864,20.120370051],[-98.313067744,20.120116359],[-98.312793462,20.120039883],[-98.312492287,20.120025027]]]]},"properties":{"locality":"San Vidal","municipality":null,"official_key":"130770041","CVE_ENT":"13","CVE_MUN":"077","CVE_LOC":"0041","ambito":"RURAL","geometry_kind":"locality","source":"INEGI Gaia — Servicio vectorial del Marco Geoestadístico"}},{"type":"Feature","geometry":{"type":"MultiPolygon","crs":{"type":"name","properties":{"name":"EPSG:6365"}},"coordinates":[[[[-98.357749216,20.139428199],[-98.355989687,20.139982205],[-98.35559272,20.139881477],[-98.355185025,20.139539],[-98.354938261,20.137836681],[-98.354723684,20.135942955],[-98.356054061,20.136073905],[-98.35616135,20.136345877],[-98.35613989,20.137866899],[-98.357727759,20.138169088],[-98.359229796,20.136265293],[-98.359347813,20.135882516],[-98.359369271,20.135328497],[-98.359369271,20.135016229],[-98.359326356,20.134714034],[-98.359755508,20.134573011],[-98.361633054,20.134260743],[-98.362491362,20.134250669],[-98.362813228,20.136003393],[-98.362169497,20.136033612],[-98.362266056,20.137897119],[-98.361976378,20.13800792],[-98.359422915,20.137917264],[-98.357835047,20.138461203],[-98.357749216,20.139428199]]],[[[-98.355359346,20.144428847],[-98.355052224,20.144322569],[-98.354841662,20.144246508],[-98.352357922,20.143281338],[-98.352158784,20.143210524],[-98.354418645,20.141128493],[-98.354833356,20.140627794],[-98.355295902,20.140493685],[-98.355629979,20.140400919],[-98.355885117,20.140358533],[-98.35768426,20.139810107],[-98.358410518,20.139946635],[-98.358381214,20.14193314],[-98.356773457,20.141840005],[-98.356690032,20.142721555],[-98.355733063,20.142660267],[-98.355697067,20.144440902],[-98.355359346,20.144428847]]],[[[-98.360997695,20.144453523],[-98.36101379,20.144836277],[-98.360930642,20.145518688],[-98.360879679,20.146377362],[-98.360600729,20.146294265],[-98.360606093,20.148356578],[-98.359506388,20.14797383],[-98.357772339,20.147343051],[-98.357760269,20.148963429],[-98.355933684,20.148265927],[-98.35592832,20.146508303],[-98.355912229,20.144629791],[-98.356802722,20.144962185],[-98.357789773,20.145339902],[-98.359648032,20.146011157],[-98.359929151,20.146088135],[-98.359976403,20.145627676],[-98.359995807,20.145331245],[-98.359916598,20.145252083],[-98.359532875,20.145244843],[-98.359033649,20.145210219],[-98.359075893,20.144647419],[-98.359975774,20.144740589],[-98.36009111,20.143869314],[-98.361040612,20.143959969],[-98.360997695,20.144453523]]]]},"properties":{"locality":"Zototlán","municipality":null,"official_key":"130770042","CVE_ENT":"13","CVE_MUN":"077","CVE_LOC":"0042","ambito":"RURAL","geometry_kind":"locality","source":"INEGI Gaia — Servicio vectorial del Marco Geoestadístico"}},{"type":"Feature","geometry":{"type":"MultiPolygon","crs":{"type":"name","properties":{"name":"EPSG:6365"}},"coordinates":[[[[-98.347645985,20.1824022],[-98.347669862,20.182277292],[-98.346670492,20.182365632],[-98.345836214,20.182435539],[-98.344957169,20.182516385],[-98.344202337,20.1825852],[-98.343364738,20.182661031],[-98.34261023,20.182717847],[-98.341686568,20.182803586],[-98.337753431,20.183165046],[-98.337745723,20.183168462],[-98.337810069,20.183088837],[-98.339595999,20.180878815],[-98.340526062,20.179719923],[-98.340599092,20.179630462],[-98.340619984,20.179604846],[-98.340672122,20.179540986],[-98.340693014,20.17951537],[-98.340745154,20.179451523],[-98.34076603,20.179425908],[-98.340818184,20.179362047],[-98.340839062,20.179336431],[-98.3408912,20.179272585],[-98.340912092,20.179246969],[-98.340985123,20.179157493],[-98.341058153,20.179068032],[-98.341131169,20.178978555],[-98.3412042,20.178889077],[-98.341256338,20.178825216],[-98.341277231,20.178799616],[-98.341312262,20.178756678],[-98.341349076,20.178709308],[-98.341383046,20.178665615],[-98.341419861,20.178618232],[-98.34145383,20.178574555],[-98.341490646,20.178527169],[-98.341524614,20.178483492],[-98.341561415,20.178436109],[-98.341595384,20.178392432],[-98.3416322,20.178345046],[-98.341666168,20.178301355],[-98.341702984,20.17825397],[-98.341736953,20.178210293],[-98.341762076,20.178177969],[-98.341804231,20.178137692],[-98.342075585,20.177811923],[-98.343051754,20.176586769],[-98.343081462,20.176547615],[-98.343121507,20.176494969],[-98.343151199,20.176455815],[-98.343191246,20.176403169],[-98.343220953,20.176364015],[-98.343261,20.17631137],[-98.343290692,20.176272216],[-98.343338692,20.176209124],[-98.343361261,20.176181],[-98.343409446,20.176120939],[-98.343433492,20.176090954],[-98.343481676,20.176030909],[-98.343505722,20.176000923],[-98.343553907,20.175940878],[-98.343577968,20.175910892],[-98.343626137,20.175850847],[-98.343650199,20.175820862],[-98.343698385,20.175760816],[-98.343722431,20.175730831],[-98.343770615,20.175670786],[-98.343794661,20.1756408],[-98.343842846,20.175580738],[-98.343866892,20.175550754],[-98.343915076,20.175490709],[-98.343939137,20.175460723],[-98.343987308,20.175400677],[-98.344011369,20.175370693],[-98.344059538,20.175310646],[-98.344083599,20.175280662],[-98.344131785,20.175220615],[-98.344155831,20.175190632],[-98.344204015,20.175130569],[-98.344228061,20.175100586],[-98.344276245,20.175040539],[-98.344300292,20.175010554],[-98.344343631,20.174956538],[-98.344372722,20.174920662],[-98.344416091,20.174867155],[-98.34444543,20.17483097],[-98.344488799,20.174777463],[-98.344518138,20.174741277],[-98.344561523,20.17468777],[-98.3445892,20.174653615],[-98.344590846,20.17465157],[-98.344609185,20.174615292],[-98.344627031,20.174592785],[-98.344698662,20.174502293],[-98.344770646,20.17441137],[-98.344823692,20.174347678],[-98.34484423,20.174323015],[-98.344897645,20.174258892],[-98.344918185,20.174234231],[-98.344971599,20.174170123],[-98.344992092,20.174145431],[-98.345065892,20.174056538],[-98.345139692,20.173967647],[-98.345213491,20.173878754],[-98.345287292,20.173789846],[-98.345361091,20.173700955],[-98.345384846,20.173671678],[-98.345427754,20.173619955],[-98.3454592,20.173582047],[-98.345501522,20.173531032],[-98.345532968,20.173493123],[-98.345575277,20.173442124],[-98.345606737,20.1734042],[-98.345649045,20.173353201],[-98.345680508,20.173315293],[-98.345722953,20.173264386],[-98.345797353,20.173175939],[-98.345871753,20.173087492],[-98.345946154,20.172999047],[-98.346020554,20.1729106],[-98.346079091,20.172841015],[-98.346105937,20.172808939],[-98.34618023,20.172720878],[-98.346254769,20.172632523],[-98.346329307,20.172544155],[-98.346403845,20.1724558],[-98.346469538,20.172377539],[-98.346541122,20.172287032],[-98.346593968,20.172220247],[-98.346612092,20.172196585],[-98.346652815,20.172142431],[-98.346722062,20.172050308],[-98.346791323,20.171958185],[-98.346860584,20.171866062],[-98.346929831,20.171773939],[-98.346999091,20.171681815],[-98.347068338,20.171589693],[-98.347126122,20.171512892],[-98.3471408,20.171496416],[-98.347457245,20.171097726],[-98.347653599,20.171059663],[-98.348096555,20.171690777],[-98.348882834,20.171959341],[-98.349639998,20.171731093],[-98.350124358,20.171919125],[-98.350470806,20.172113916],[-98.350412687,20.172563919],[-98.350038952,20.172779118],[-98.349677723,20.172967818],[-98.349341501,20.173184087],[-98.349098213,20.17353606],[-98.349040789,20.173877458],[-98.34903323,20.174237997],[-98.349425806,20.174495823],[-98.350446995,20.174447525],[-98.350665468,20.174693325],[-98.350158277,20.175587747],[-98.350302611,20.175966714],[-98.350634196,20.176080136],[-98.351039871,20.175964585],[-98.351394052,20.175897249],[-98.35161949,20.175910478],[-98.351952346,20.175443481],[-98.354035135,20.175381651],[-98.354235309,20.175203807],[-98.35444621,20.175156878],[-98.354624082,20.175229085],[-98.354801952,20.175391925],[-98.355066497,20.175450739],[-98.355073622,20.176433485],[-98.354951614,20.179022047],[-98.355006559,20.179616286],[-98.354733622,20.179933542],[-98.354460687,20.18021052],[-98.354656405,20.181157302],[-98.354606608,20.181975252],[-98.354319128,20.182800532],[-98.354868496,20.18281517],[-98.354896073,20.183921648],[-98.354814662,20.186900954],[-98.354785338,20.187872138],[-98.354605799,20.187813847],[-98.353439461,20.187353877],[-98.352384629,20.186952617],[-98.35198336,20.186799973],[-98.350395462,20.186185878],[-98.348763431,20.185558708],[-98.348474322,20.18544077],[-98.348172262,20.185331523],[-98.348039401,20.18531858],[-98.347651215,20.182611169],[-98.347645985,20.1824022]]]]},"properties":{"locality":"Acocul Guadalupe","municipality":null,"official_key":"130770048","CVE_ENT":"13","CVE_MUN":"077","CVE_LOC":"0048","ambito":"RURAL","geometry_kind":"locality","source":"INEGI Gaia — Servicio vectorial del Marco Geoestadístico"}},{"type":"Feature","geometry":{"type":"MultiPolygon","crs":{"type":"name","properties":{"name":"EPSG:6365"}},"coordinates":[[[[-98.410063488,20.080349485],[-98.410014749,20.080043358],[-98.410003029,20.080044299],[-98.409712578,20.080067621],[-98.409256277,20.080131492],[-98.40891243,20.080180308],[-98.408914247,20.080050259],[-98.408922599,20.07945218],[-98.40892506,20.079276981],[-98.408934339,20.078868631],[-98.408989119,20.078857321],[-98.408940737,20.07837318],[-98.408929812,20.078263875],[-98.408911456,20.078080248],[-98.408906376,20.078029417],[-98.4088774,20.07773955],[-98.40885211,20.077344521],[-98.40878449,20.07633443],[-98.40871972,20.07437597],[-98.408710041,20.074131047],[-98.40869186,20.07367098],[-98.408684849,20.07295991],[-98.408638194,20.072941571],[-98.408579549,20.07291852],[-98.40854962,20.07214474],[-98.408515209,20.070959296],[-98.40849815,20.0703716],[-98.408485509,20.06992077],[-98.408466223,20.069251809],[-98.408462046,20.069106866],[-98.40846185,20.069100091],[-98.40889834,20.068974251],[-98.409658149,20.0687552],[-98.410872739,20.06840502],[-98.41152165,20.068285061],[-98.411976084,20.068201051],[-98.412075529,20.068182667],[-98.413290139,20.06795811],[-98.41338602,20.06794588],[-98.413438799,20.067939144],[-98.413557148,20.067924037],[-98.41406266,20.067859511],[-98.414288998,20.067830622],[-98.41547674,20.06767903],[-98.415767275,20.067640938],[-98.416214799,20.067582263],[-98.41659358,20.0675326],[-98.41690565,20.06749169],[-98.417218488,20.067450681],[-98.417298511,20.067440672],[-98.41793828,20.067360641],[-98.419514349,20.06716346],[-98.419849829,20.067121494],[-98.4203354,20.06706075],[-98.421002849,20.06697722],[-98.422152,20.066833461],[-98.422666569,20.06676908],[-98.423455489,20.066670351],[-98.423499198,20.066664886],[-98.423989214,20.066603567],[-98.424388629,20.06655358],[-98.424707489,20.066513681],[-98.426098779,20.066339581],[-98.42603443,20.06703254],[-98.425982984,20.067573677],[-98.425936491,20.068133878],[-98.425924169,20.068289093],[-98.425895338,20.068652231],[-98.425859337,20.069135354],[-98.425912179,20.069557589],[-98.425907365,20.069705644],[-98.425883541,20.070438382],[-98.425790533,20.071520712],[-98.425771738,20.071679986],[-98.425756999,20.071988569],[-98.425740143,20.072447278],[-98.425707232,20.072892388],[-98.425644584,20.073585508],[-98.425636969,20.073624555],[-98.425579446,20.074285816],[-98.425554183,20.074613709],[-98.425562491,20.07466017],[-98.42557,20.074930801],[-98.425525846,20.074943462],[-98.425206876,20.074964846],[-98.424907292,20.074996139],[-98.424676476,20.075029016],[-98.424236923,20.075324201],[-98.424203676,20.075346201],[-98.423708538,20.075673877],[-98.423389322,20.075886615],[-98.423302677,20.075923169],[-98.423271722,20.076043155],[-98.422138386,20.076151631],[-98.422138222,20.076162354],[-98.422132872,20.076514303],[-98.422109043,20.076640701],[-98.422070919,20.076842943],[-98.421987026,20.077427997],[-98.421986343,20.077432492],[-98.421928563,20.0778125],[-98.421823956,20.078401992],[-98.421764947,20.078749642],[-98.421738125,20.078898274],[-98.421531596,20.079079655],[-98.42117783,20.079319502],[-98.421177831,20.079180947],[-98.420659152,20.079387773],[-98.420126404,20.079442942],[-98.419621692,20.079455493],[-98.419171537,20.079515998],[-98.418715563,20.079563862],[-98.418362851,20.07960291],[-98.41820326,20.079591572],[-98.417412008,20.079463095],[-98.417344953,20.079785551],[-98.416811194,20.079823337],[-98.416403459,20.080072186],[-98.416065473,20.080296348],[-98.415919659,20.080084604],[-98.415918309,20.080085704],[-98.415448631,20.080468243],[-98.415239122,20.079970431],[-98.415092874,20.079990044],[-98.415002692,20.080002138],[-98.414928154,20.080012132],[-98.414867077,20.080020323],[-98.414601585,20.08004745],[-98.414568062,20.080050879],[-98.414368553,20.080071297],[-98.414242169,20.080084231],[-98.413968784,20.080112215],[-98.413425644,20.080175367],[-98.413328491,20.080186662],[-98.412980277,20.080234078],[-98.412856908,20.080250878],[-98.412674308,20.08026577],[-98.412484646,20.080270092],[-98.412265559,20.080283097],[-98.412280703,20.080300822],[-98.412306241,20.080330711],[-98.412307603,20.080332305],[-98.412317078,20.080396771],[-98.412316814,20.080396791],[-98.411244196,20.080477385],[-98.41127166,20.080595297],[-98.410094812,20.080670387],[-98.410083914,20.08054861],[-98.410069438,20.080386861],[-98.410063488,20.080349485]]]]},"properties":{"locality":"Javier Rojo Gómez","municipality":null,"official_key":"130770053","CVE_ENT":"13","CVE_MUN":"077","CVE_LOC":"0053","ambito":"URBANO","geometry_kind":"locality","source":"INEGI Gaia — Servicio vectorial del Marco Geoestadístico"}},{"type":"Feature","geometry":{"type":"MultiPolygon","crs":{"type":"name","properties":{"name":"EPSG:6365"}},"coordinates":[[[[-98.337538461,20.137725955],[-98.336843559,20.136292629],[-98.336813872,20.136234363],[-98.336747187,20.13603231],[-98.33673905,20.136034361],[-98.336704132,20.136043163],[-98.336343884,20.136133963],[-98.336057656,20.136190818],[-98.335668983,20.136289846],[-98.335314237,20.136350389],[-98.334939949,20.136375672],[-98.334596362,20.136457053],[-98.334272623,20.135354777],[-98.334535941,20.135068113],[-98.334855584,20.134713454],[-98.335050395,20.135376478],[-98.335395941,20.135338793],[-98.335722711,20.135280963],[-98.335747733,20.135276724],[-98.336108033,20.135215666],[-98.335986022,20.134652713],[-98.335978811,20.134653185],[-98.335746976,20.134668344],[-98.335639526,20.134658072],[-98.335595306,20.134639728],[-98.335577655,20.134617355],[-98.335576997,20.134616521],[-98.335573688,20.134612329],[-98.335556445,20.134573518],[-98.335551701,20.134523492],[-98.335563675,20.134456591],[-98.335660007,20.134201674],[-98.335926929,20.13357653],[-98.336015549,20.13316831],[-98.335883645,20.133183092],[-98.335429338,20.133049077],[-98.335241184,20.132982815],[-98.335086614,20.132967092],[-98.3350098,20.132989231],[-98.334864431,20.132776892],[-98.334777615,20.132650078],[-98.334444169,20.132109309],[-98.334394908,20.132058985],[-98.334355169,20.13201837],[-98.334318108,20.131885492],[-98.334304491,20.131769923],[-98.334303646,20.13176277],[-98.334237677,20.131478015],[-98.334227062,20.131400969],[-98.334102554,20.1311196],[-98.334089246,20.130813431],[-98.334113077,20.130731216],[-98.334169414,20.130714586],[-98.334361185,20.130857093],[-98.3344328,20.130886509],[-98.334560154,20.130921877],[-98.334788353,20.131016877],[-98.335007845,20.131262138],[-98.335161168,20.131417015],[-98.335287737,20.131528062],[-98.335618754,20.13178337],[-98.336049876,20.132000154],[-98.336195784,20.132054063],[-98.33667,20.132086938],[-98.336853138,20.132079369],[-98.336847585,20.131909015],[-98.337074585,20.131506262],[-98.337162492,20.131350292],[-98.337368062,20.130983309],[-98.337621645,20.130531092],[-98.337808723,20.130190063],[-98.337973245,20.129889693],[-98.338030537,20.129785078],[-98.338241045,20.129423015],[-98.338474537,20.129020277],[-98.33855084,20.128839061],[-98.338825522,20.128758169],[-98.338850476,20.128750585],[-98.339330245,20.128604616],[-98.339398907,20.128536431],[-98.339550661,20.127875632],[-98.339733753,20.127911463],[-98.340197723,20.127982585],[-98.340321891,20.128001615],[-98.340482123,20.128065463],[-98.340594692,20.128248154],[-98.340658384,20.128306185],[-98.340780661,20.128417615],[-98.341025815,20.128582785],[-98.341251631,20.128734908],[-98.341326138,20.1287936],[-98.341400892,20.128852492],[-98.341446969,20.1289106],[-98.341415245,20.129026815],[-98.341393277,20.129067262],[-98.341289445,20.129258463],[-98.341305738,20.129318123],[-98.341384937,20.129395109],[-98.341471854,20.129480631],[-98.341761896,20.129472946],[-98.342752707,20.129687116],[-98.342831568,20.129881139],[-98.342827214,20.130042277],[-98.342823199,20.130529201],[-98.342821845,20.130692938],[-98.342809077,20.130750401],[-98.342796385,20.130807508],[-98.342837785,20.131081092],[-98.342827399,20.131511569],[-98.342825477,20.13190037],[-98.342826153,20.1319192],[-98.342829,20.131998693],[-98.342837276,20.132229078],[-98.342866491,20.132652108],[-98.343189968,20.132602954],[-98.343353508,20.132578092],[-98.343937846,20.132498878],[-98.343948677,20.132497401],[-98.344420014,20.132439769],[-98.34457603,20.132420692],[-98.344909692,20.132457601],[-98.345084169,20.132476908],[-98.345380334,20.132505282],[-98.345736391,20.132543339],[-98.345893962,20.132581396],[-98.346271877,20.132643878],[-98.346828865,20.132739499],[-98.347026799,20.132777724],[-98.348279234,20.133078205],[-98.348312715,20.133089658],[-98.348626,20.133164546],[-98.348725719,20.133270667],[-98.348740891,20.133291589],[-98.348918904,20.13358296],[-98.349109605,20.133895104],[-98.349295018,20.134162852],[-98.349482825,20.134424908],[-98.349652429,20.134230127],[-98.350293452,20.13505795],[-98.350173871,20.135196253],[-98.35012158,20.135269864],[-98.350100999,20.135298165],[-98.349662511,20.135673487],[-98.34937259,20.135909839],[-98.349316814,20.135943053],[-98.349248025,20.135950037],[-98.349196538,20.13593728],[-98.349147837,20.135914188],[-98.349143046,20.135914073],[-98.348909204,20.136021076],[-98.348542516,20.136221027],[-98.348270349,20.13636422],[-98.348101885,20.136449434],[-98.347869627,20.136525915],[-98.347469399,20.136612752],[-98.347287058,20.136647241],[-98.347190909,20.136624171],[-98.347000399,20.136656538],[-98.346743379,20.1366956],[-98.346508399,20.136731431],[-98.34636235,20.13674886],[-98.345994754,20.136792723],[-98.345693569,20.136837662],[-98.345631892,20.13684297],[-98.345455107,20.136864447],[-98.345205492,20.136894769],[-98.344931646,20.136921186],[-98.344725262,20.136919215],[-98.344436754,20.136900263],[-98.343964062,20.136904816],[-98.343814107,20.136906262],[-98.343624723,20.136901708],[-98.343541153,20.136899692],[-98.34338563,20.136895955],[-98.343064076,20.136854308],[-98.342748292,20.136786709],[-98.342558585,20.136755139],[-98.342410091,20.136750508],[-98.342136538,20.136741985],[-98.341903446,20.13667037],[-98.341681015,20.136557031],[-98.341489198,20.136423502],[-98.340963232,20.136759544],[-98.340406146,20.137095375],[-98.340319378,20.13698877],[-98.340073707,20.136658895],[-98.339890155,20.136399628],[-98.339074061,20.136891908],[-98.339050472,20.136905003],[-98.338902926,20.136986905],[-98.337907821,20.137539287],[-98.337904239,20.137541276],[-98.337805113,20.137596302],[-98.337701585,20.137653769],[-98.337538461,20.137725955]]]]},"properties":{"locality":"Napateco","municipality":null,"official_key":"130770055","CVE_ENT":"13","CVE_MUN":"077","CVE_LOC":"0055","ambito":"RURAL","geometry_kind":"locality","source":"INEGI Gaia — Servicio vectorial del Marco Geoestadístico"}},{"type":"Feature","geometry":{"type":"MultiPolygon","crs":{"type":"name","properties":{"name":"EPSG:6365"}},"coordinates":[[[[-98.349238068,20.139427668],[-98.349136525,20.139425143],[-98.349131554,20.139730572],[-98.34849925,20.139717046],[-98.348377369,20.139714114],[-98.34836221,20.140136479],[-98.348019851,20.140101219],[-98.347853085,20.140101049],[-98.347802189,20.140575223],[-98.347502543,20.140550708],[-98.347448458,20.140549407],[-98.347283989,20.140570439],[-98.34689148,20.140566892],[-98.346846517,20.14005002],[-98.346197913,20.140577629],[-98.345744204,20.140969851],[-98.345617133,20.141083896],[-98.34560608,20.141058219],[-98.345599047,20.141041884],[-98.345589389,20.141019448],[-98.345573357,20.140999036],[-98.344923861,20.140097788],[-98.345054287,20.139971057],[-98.34549519,20.139638896],[-98.345650648,20.139497237],[-98.346121235,20.13907369],[-98.3465774,20.138969401],[-98.346853349,20.138968831],[-98.3470672,20.138977111],[-98.347490251,20.138994403],[-98.347989357,20.138061773],[-98.349114042,20.138279968],[-98.349014358,20.13904929],[-98.350480005,20.139071099],[-98.351843267,20.139019876],[-98.35234934,20.139003239],[-98.352348924,20.139103525],[-98.352199633,20.140288007],[-98.352159777,20.14049511],[-98.352106558,20.140956123],[-98.352036847,20.14135567],[-98.351645894,20.141456041],[-98.351314103,20.141133714],[-98.350176089,20.140180095],[-98.350183861,20.140168803],[-98.350318084,20.139973779],[-98.350445958,20.139806478],[-98.350097605,20.139589829],[-98.349928835,20.13953538],[-98.34984755,20.139517088],[-98.349797508,20.139505827],[-98.349562464,20.139459381],[-98.349238068,20.139427668]]]]},"properties":{"locality":"Sultepec","municipality":null,"official_key":"130770057","CVE_ENT":"13","CVE_MUN":"077","CVE_LOC":"0057","ambito":"RURAL","geometry_kind":"locality","source":"INEGI Gaia — Servicio vectorial del Marco Geoestadístico"}},{"type":"Feature","geometry":{"type":"MultiPolygon","crs":{"type":"name","properties":{"name":"EPSG:6365"}},"coordinates":[[[[-98.425311594,20.079070496],[-98.425399389,20.078499515],[-98.425433506,20.077584531],[-98.425434299,20.077169439],[-98.425500554,20.076487147],[-98.42557,20.074930801],[-98.425562491,20.07466017],[-98.425554183,20.074613709],[-98.425579446,20.074285816],[-98.425636969,20.073624555],[-98.425644584,20.073585508],[-98.425707232,20.072892388],[-98.425740143,20.072447278],[-98.425756999,20.071988569],[-98.425771738,20.071679986],[-98.425790533,20.071520712],[-98.425883541,20.070438382],[-98.425907365,20.069705644],[-98.426348985,20.069580754],[-98.427056548,20.069369516],[-98.427417291,20.069273331],[-98.427475652,20.069267108],[-98.427756607,20.069248826],[-98.428367985,20.069189724],[-98.428907137,20.069184646],[-98.429061091,20.069179477],[-98.429272091,20.069154386],[-98.429492231,20.069060231],[-98.429784985,20.068936031],[-98.430673169,20.068959924],[-98.43086711,20.0689962],[-98.430975168,20.069240986],[-98.431133338,20.069084723],[-98.431421231,20.069121478],[-98.43153323,20.069208093],[-98.431721276,20.069299492],[-98.431993785,20.069319615],[-98.433563689,20.068484489],[-98.434653692,20.067919026],[-98.434466964,20.067534954],[-98.43359123,20.067461111],[-98.433718598,20.065305653],[-98.434164539,20.06520778],[-98.43518235,20.064830621],[-98.435724399,20.064622251],[-98.43600531,20.064462921],[-98.436586783,20.064221775],[-98.43858085,20.06339478],[-98.43913674,20.063197093],[-98.439548972,20.063050492],[-98.439619654,20.063025356],[-98.439785522,20.062966369],[-98.44013346,20.06284263],[-98.440317926,20.062772583],[-98.440669949,20.06263891],[-98.441565458,20.062259123],[-98.441641074,20.062227054],[-98.442085118,20.06203873],[-98.442085398,20.062038612],[-98.44208783,20.06203758],[-98.442197487,20.061991039],[-98.442245766,20.061970547],[-98.44235362,20.06192477],[-98.442622679,20.061810571],[-98.442655319,20.061822031],[-98.442676817,20.061829585],[-98.442812648,20.061877311],[-98.442851779,20.061891061],[-98.442858254,20.061894236],[-98.442908359,20.061918797],[-98.443180139,20.062052021],[-98.443229471,20.062079526],[-98.44329199,20.06211438],[-98.443360778,20.06215273],[-98.443432595,20.062192768],[-98.443432864,20.06219292],[-98.443468619,20.062212851],[-98.44375755,20.06224197],[-98.444022216,20.062211545],[-98.444047235,20.062208669],[-98.44408331,20.062204521],[-98.444106154,20.062201895],[-98.444150469,20.062196797],[-98.444264949,20.062183631],[-98.444338243,20.062428331],[-98.444373883,20.063123821],[-98.444477806,20.065151863],[-98.444505088,20.065684242],[-98.444538495,20.066336155],[-98.444777976,20.067270297],[-98.445317338,20.068509648],[-98.443987404,20.070534185],[-98.442106615,20.073295876],[-98.440776228,20.075425939],[-98.438801119,20.078641541],[-98.438434767,20.078588018],[-98.43840101,20.078272498],[-98.438023785,20.078048263],[-98.43724886,20.077902062],[-98.436930632,20.077555553],[-98.436743043,20.075921678],[-98.436089277,20.075920244],[-98.43556223,20.075919088],[-98.435227508,20.075918354],[-98.435151045,20.075966109],[-98.435095076,20.076111155],[-98.434944784,20.076653708],[-98.434821785,20.077100016],[-98.434755754,20.077454908],[-98.434733277,20.077705169],[-98.433840045,20.078778863],[-98.433294999,20.079358186],[-98.433037799,20.079143385],[-98.432543384,20.078678263],[-98.432186445,20.078403047],[-98.432064231,20.078310769],[-98.431981753,20.078248509],[-98.431135122,20.077763586],[-98.430697311,20.077567327],[-98.430699382,20.077834602],[-98.430456759,20.07817769],[-98.43001443,20.078339874],[-98.429794958,20.078472784],[-98.429495491,20.078486682],[-98.429325711,20.078443944],[-98.429002432,20.078172861],[-98.42978019,20.077144901],[-98.429209554,20.076935093],[-98.428803707,20.076781586],[-98.42860343,20.077074077],[-98.428352368,20.077204938],[-98.428166676,20.077312155],[-98.428056862,20.077431939],[-98.427941045,20.07763437],[-98.427475661,20.077947354],[-98.427385458,20.078387162],[-98.427080677,20.078786662],[-98.427069645,20.078889769],[-98.427107841,20.079046148],[-98.427285513,20.079142066],[-98.427071885,20.079667988],[-98.425311594,20.079070496]]]]},"properties":{"locality":"Ejido Mimila","municipality":null,"official_key":"130770064","CVE_ENT":"13","CVE_MUN":"077","CVE_LOC":"0064","ambito":"RURAL","geometry_kind":"locality","source":"INEGI Gaia — Servicio vectorial del Marco Geoestadístico"}},{"type":"Feature","geometry":{"type":"MultiPolygon","crs":{"type":"name","properties":{"name":"EPSG:6365"}},"coordinates":[[[[-98.365944699,20.157052801],[-98.360963195,20.15434184],[-98.360513747,20.154888844],[-98.358555729,20.157271808],[-98.355786324,20.160653724],[-98.355698107,20.160721197],[-98.35559774,20.160753362],[-98.355443309,20.160746278],[-98.355358318,20.160693844],[-98.355428054,20.156715152],[-98.355515213,20.152500611],[-98.355572001,20.150535156],[-98.355761298,20.150576114],[-98.356157734,20.150751276],[-98.356731198,20.151010791],[-98.357738649,20.151469388],[-98.358728946,20.15191571],[-98.359894148,20.152445759],[-98.36158412,20.153188069],[-98.364351098,20.154389177],[-98.364877282,20.155637835],[-98.365944699,20.157052801]]]]},"properties":{"locality":"San Rafael Loma Bonita (Ejido Santa Ana Hueytlalpan)","municipality":null,"official_key":"130770065","CVE_ENT":"13","CVE_MUN":"077","CVE_LOC":"0065","ambito":"RURAL","geometry_kind":"locality","source":"INEGI Gaia — Servicio vectorial del Marco Geoestadístico"}},{"type":"Feature","geometry":{"type":"MultiPolygon","crs":{"type":"name","properties":{"name":"EPSG:6365"}},"coordinates":[[[[-98.339003278,20.148643972],[-98.338358881,20.147572576],[-98.337511341,20.148281634],[-98.337387487,20.148163463],[-98.33738407,20.14805149],[-98.336501368,20.146763166],[-98.335782663,20.145702394],[-98.335724411,20.145690538],[-98.33569677,20.145679073],[-98.33567053,20.145662842],[-98.335528349,20.145465058],[-98.335453544,20.14546696],[-98.334999334,20.144666656],[-98.334746019,20.144201079],[-98.333441968,20.141903615],[-98.333926647,20.141623893],[-98.33380919,20.141521074],[-98.333756103,20.141556754],[-98.332761564,20.140698478],[-98.33216399,20.140139864],[-98.332263119,20.13999864],[-98.332330062,20.139842307],[-98.332184999,20.139655552],[-98.332435341,20.139421801],[-98.332460243,20.139398311],[-98.332713844,20.13915909],[-98.333062085,20.139431567],[-98.333085379,20.139451238],[-98.333561227,20.139853094],[-98.333758569,20.140021848],[-98.334043395,20.139750629],[-98.334295911,20.139510176],[-98.334120687,20.13934302],[-98.334378735,20.139071414],[-98.334090735,20.138850279],[-98.334430454,20.138647678],[-98.334614604,20.138812738],[-98.334741509,20.138689579],[-98.335142388,20.139373314],[-98.33532724,20.139255034],[-98.335959802,20.140438743],[-98.335733615,20.140575031],[-98.335830891,20.140759693],[-98.335975785,20.141027386],[-98.336178577,20.141394123],[-98.336283676,20.141580001],[-98.336402615,20.1417668],[-98.336446654,20.141758],[-98.33644491,20.141522078],[-98.336443769,20.141367077],[-98.3366597,20.140860338],[-98.336804231,20.140515601],[-98.336945153,20.140196994],[-98.338136269,20.141813029],[-98.33883123,20.141359987],[-98.338941638,20.141513629],[-98.338953542,20.141530194],[-98.339459678,20.141204549],[-98.339266584,20.140844293],[-98.339094814,20.140542461],[-98.338905092,20.140217308],[-98.338450091,20.139367154],[-98.338247599,20.1390186],[-98.338088003,20.138725207],[-98.337906922,20.138390093],[-98.337742446,20.138076477],[-98.337633463,20.137889203],[-98.337538461,20.137725955],[-98.337701585,20.137653769],[-98.337805113,20.137596302],[-98.337904239,20.137541276],[-98.337907821,20.137539287],[-98.338902926,20.136986905],[-98.339050472,20.136905003],[-98.339074061,20.136891908],[-98.339884092,20.136414738],[-98.340056637,20.136670001],[-98.340070959,20.136689191],[-98.340189211,20.136847639],[-98.340355461,20.1370704],[-98.340403867,20.137113914],[-98.34097262,20.136769616],[-98.341482494,20.136453721],[-98.341622266,20.136555826],[-98.341774855,20.1366577],[-98.341984736,20.136756695],[-98.342148427,20.136787467],[-98.342544536,20.136816723],[-98.342669744,20.136830868],[-98.342828961,20.136919599],[-98.343008671,20.137037958],[-98.343448553,20.137140786],[-98.343536248,20.137083019],[-98.343521585,20.136941831],[-98.343893183,20.136945753],[-98.344542031,20.1369526],[-98.344836339,20.13696546],[-98.34502478,20.136958586],[-98.345293185,20.136942108],[-98.345786,20.136899723],[-98.346032949,20.13686125],[-98.34660083,20.13679348],[-98.346795,20.13676385],[-98.347092815,20.1367186],[-98.34733537,20.13667737],[-98.34804737,20.136508861],[-98.348154152,20.136455659],[-98.349022437,20.135988263],[-98.349147953,20.135950487],[-98.349162134,20.135949555],[-98.349301057,20.135996763],[-98.347540804,20.137556189],[-98.346990219,20.138069273],[-98.346872397,20.138179071],[-98.346486129,20.138539025],[-98.345954938,20.13901577],[-98.345562135,20.139378881],[-98.345406678,20.139490322],[-98.344957728,20.13981241],[-98.344821937,20.140042388],[-98.345573357,20.140999036],[-98.345589389,20.141019448],[-98.345588261,20.141020464],[-98.345235538,20.141338058],[-98.344939215,20.141566091],[-98.344640379,20.141793103],[-98.344534301,20.141868544],[-98.344337738,20.142010424],[-98.344044786,20.142245256],[-98.343328243,20.142931721],[-98.343152091,20.143091533],[-98.343023451,20.14319762],[-98.342966662,20.143247323],[-98.34276368,20.143419581],[-98.342745798,20.143434755],[-98.342679391,20.14349111],[-98.342458044,20.143673593],[-98.342152104,20.143924987],[-98.341869557,20.144178323],[-98.341656,20.144359554],[-98.341577448,20.144426745],[-98.341576842,20.14442726],[-98.341370538,20.144603723],[-98.341295603,20.144669488],[-98.341007352,20.144914861],[-98.340737117,20.145159043],[-98.340447644,20.145410941],[-98.340414169,20.145443031],[-98.340258065,20.145581067],[-98.341083778,20.146279452],[-98.340951033,20.146396236],[-98.342216425,20.147673325],[-98.341424802,20.148363985],[-98.340905695,20.148814613],[-98.340543892,20.148474738],[-98.340410655,20.148596031],[-98.339789044,20.149138752],[-98.339655294,20.149251832],[-98.339664691,20.149274235],[-98.339672056,20.149330805],[-98.33967157,20.149348791],[-98.339655917,20.149410805],[-98.339448262,20.149572577],[-98.339412039,20.14953814],[-98.339305815,20.14943716],[-98.33936027,20.149349685],[-98.339351857,20.149237897],[-98.339003278,20.148643972]]]]},"properties":{"locality":"Parque Urbano Napateco","municipality":null,"official_key":"130770068","CVE_ENT":"13","CVE_MUN":"077","CVE_LOC":"0068","ambito":"URBANO","geometry_kind":"locality","source":"INEGI Gaia — Servicio vectorial del Marco Geoestadístico"}},{"type":"Feature","geometry":{"type":"MultiPolygon","crs":{"type":"name","properties":{"name":"EPSG:6365"}},"coordinates":[[[[-98.397963462,20.0773482],[-98.397960953,20.077222538],[-98.397957492,20.077125077],[-98.397954922,20.076990832],[-98.397948769,20.076750047],[-98.397939938,20.076385724],[-98.397940231,20.076012185],[-98.397941322,20.075780077],[-98.39794018,20.07562325],[-98.397942538,20.075498032],[-98.3979416,20.075395279],[-98.39793943,20.07523552],[-98.397939745,20.075224797],[-98.39795622,20.075164963],[-98.397944447,20.074859304],[-98.397943149,20.074825604],[-98.397933593,20.074347449],[-98.397926508,20.073992801],[-98.397925831,20.073766846],[-98.397927519,20.073598934],[-98.397929246,20.0734272],[-98.3979248,20.07314517],[-98.397908615,20.072602386],[-98.397901568,20.0723028],[-98.39788423,20.071828138],[-98.397867908,20.071489216],[-98.39786343,20.071376338],[-98.397859262,20.071282215],[-98.397860478,20.071171781],[-98.398790024,20.070953894],[-98.399461009,20.070789854],[-98.400693521,20.070519156],[-98.400942721,20.070459081],[-98.401233926,20.071499637],[-98.401337024,20.071902347],[-98.401294108,20.071940136],[-98.401251193,20.072073659],[-98.401252565,20.072240697],[-98.401302215,20.072790664],[-98.401371952,20.073196268],[-98.401374635,20.073523775],[-98.401433643,20.074138477],[-98.40147409,20.074428242],[-98.401485713,20.074828466],[-98.401352186,20.074863531],[-98.401378107,20.075338832],[-98.401407185,20.075978401],[-98.401424482,20.076211908],[-98.401441599,20.076442986],[-98.401514645,20.077302092],[-98.401515954,20.077328338],[-98.401376615,20.077335755],[-98.401333169,20.077315615],[-98.401298461,20.077317415],[-98.400764045,20.077345169],[-98.400020937,20.077387139],[-98.399222137,20.077427538],[-98.399097491,20.077436415],[-98.398926938,20.077464523],[-98.397977938,20.077533046],[-98.397963462,20.0773482]]]]},"properties":{"locality":"Fraccionamiento del Magisterio Tulancinguense","municipality":null,"official_key":"130770070","CVE_ENT":"13","CVE_MUN":"077","CVE_LOC":"0070","ambito":"RURAL","geometry_kind":"locality","source":"INEGI Gaia — Servicio vectorial del Marco Geoestadístico"}},{"type":"Feature","geometry":{"type":"MultiPolygon","crs":{"type":"name","properties":{"name":"EPSG:6365"}},"coordinates":[[[[-98.398555997,20.064141863],[-98.399428288,20.063090483],[-98.399712681,20.063340453],[-98.399494624,20.062334311],[-98.398949367,20.062389091],[-98.398398376,20.062429389],[-98.399227247,20.061120595],[-98.399594692,20.060765613],[-98.399929513,20.061114906],[-98.400372301,20.061442619],[-98.400447079,20.061379843],[-98.401118234,20.061963717],[-98.401487957,20.061619764],[-98.401431862,20.061551006],[-98.402007787,20.060977274],[-98.402660673,20.061789372],[-98.40386384,20.061003994],[-98.403911599,20.061069876],[-98.40465631,20.062097154],[-98.403327917,20.062778314],[-98.403144729,20.06255883],[-98.403125175,20.062535402],[-98.403057601,20.0625891],[-98.402641105,20.062954498],[-98.402410306,20.063158979],[-98.402316097,20.063249726],[-98.40234727,20.063350135],[-98.402983976,20.06382662],[-98.40300755,20.063844261],[-98.403125819,20.064002381],[-98.40349494,20.06454083],[-98.403514488,20.064569347],[-98.403535479,20.064599971],[-98.40365337,20.064771951],[-98.403678307,20.064808324],[-98.403701305,20.064841865],[-98.40373568,20.064892015],[-98.404082049,20.06539728],[-98.404326533,20.065753904],[-98.40466662,20.066249981],[-98.405150522,20.066955862],[-98.405256089,20.06710985],[-98.405260325,20.06711152],[-98.40539975,20.067166431],[-98.40540208,20.067170288],[-98.405543923,20.067405106],[-98.40575873,20.067760707],[-98.406108169,20.068339183],[-98.405845971,20.069441791],[-98.405838022,20.069475221],[-98.405819732,20.06955213],[-98.405814689,20.069573341],[-98.405351432,20.069624046],[-98.40472325,20.0696928],[-98.404718822,20.069693284],[-98.404704416,20.069694861],[-98.404697443,20.069695624],[-98.404691612,20.069696263],[-98.403950937,20.068805267],[-98.403321108,20.068089355],[-98.4031272,20.067880658],[-98.40311308,20.067865461],[-98.402914474,20.067651713],[-98.402651891,20.067369108],[-98.401009799,20.065695109],[-98.400893667,20.065574211],[-98.400385754,20.065045446],[-98.40028291,20.064948771],[-98.400276872,20.06494324],[-98.400223828,20.064894651],[-98.400223789,20.064894615],[-98.400142568,20.064838585],[-98.399950077,20.06478537],[-98.399818122,20.064780215],[-98.399649245,20.064757386],[-98.399478599,20.064676493],[-98.39919203,20.064519155],[-98.398895461,20.064343831],[-98.398592149,20.06419874],[-98.398555997,20.064141863]]]]},"properties":{"locality":"Pedregal de San Francisco","municipality":null,"official_key":"130770071","CVE_ENT":"13","CVE_MUN":"077","CVE_LOC":"0071","ambito":"RURAL","geometry_kind":"locality","source":"INEGI Gaia — Servicio vectorial del Marco Geoestadístico"}},{"type":"Feature","geometry":{"type":"MultiPolygon","crs":{"type":"name","properties":{"name":"EPSG:6365"}},"coordinates":[[[[-98.348269798,20.14274362],[-98.348044739,20.142501281],[-98.347816608,20.142402398],[-98.347616728,20.142276648],[-98.3474391,20.142117261],[-98.347137242,20.141815896],[-98.347051624,20.141753364],[-98.346951953,20.141661699],[-98.346883102,20.141557818],[-98.346699502,20.141447322],[-98.346404329,20.141715747],[-98.346059255,20.141438771],[-98.345617133,20.141083896],[-98.345744204,20.140969851],[-98.346197913,20.140577629],[-98.346846517,20.14005002],[-98.34689148,20.140566892],[-98.346947382,20.141209494],[-98.347012632,20.141277294],[-98.347300173,20.141412354],[-98.347660767,20.141548211],[-98.348342122,20.141790935],[-98.348459225,20.141829747],[-98.348574866,20.141875722],[-98.348812576,20.141917753],[-98.34952455,20.142199796],[-98.350045347,20.142372614],[-98.350495773,20.142529341],[-98.350527758,20.142549306],[-98.350545472,20.142570849],[-98.35054282,20.142593822],[-98.350536468,20.142603268],[-98.350510678,20.142623685],[-98.350460646,20.142613364],[-98.349914053,20.142577428],[-98.349703716,20.142564178],[-98.34941378,20.142557481],[-98.34947681,20.142620987],[-98.349505937,20.142671601],[-98.349506727,20.142717693],[-98.349478871,20.142770776],[-98.349428617,20.142825239],[-98.348906994,20.143248474],[-98.348531184,20.142962996],[-98.348269798,20.14274362]]]]},"properties":{"locality":"Francisco Villa Napateco","municipality":null,"official_key":"130770073","CVE_ENT":"13","CVE_MUN":"077","CVE_LOC":"0073","ambito":"RURAL","geometry_kind":"locality","source":"INEGI Gaia — Servicio vectorial del Marco Geoestadístico"}},{"type":"Feature","geometry":{"type":"MultiPolygon","crs":{"type":"name","properties":{"name":"EPSG:6365"}},"coordinates":[[[[-98.427623305,20.109137665],[-98.427396785,20.108864372],[-98.427576094,20.108759185],[-98.42813224,20.108428418],[-98.428751701,20.108088874],[-98.429745815,20.107556848],[-98.429870958,20.107693831],[-98.429900107,20.107734155],[-98.429935476,20.107766493],[-98.429979846,20.107804139],[-98.430059199,20.107888462],[-98.430936584,20.108803986],[-98.431503061,20.1093266],[-98.431907414,20.109555477],[-98.43219543,20.109643215],[-98.432386169,20.109753847],[-98.432599785,20.109894986],[-98.43320883,20.110406262],[-98.431592322,20.111377447],[-98.43035949,20.112124264],[-98.430338444,20.112019063],[-98.430314322,20.111978555],[-98.430275876,20.111947433],[-98.430167736,20.111837924],[-98.429854267,20.111479033],[-98.429794491,20.111426279],[-98.429452162,20.110973628],[-98.429100559,20.11057717],[-98.429030184,20.110511787],[-98.428835264,20.11035286],[-98.428769644,20.110299356],[-98.428418083,20.110056093],[-98.428346952,20.110006692],[-98.428308951,20.10998741],[-98.428281137,20.109962171],[-98.428224353,20.10987457],[-98.42820243,20.109834464],[-98.428188844,20.109818115],[-98.427623305,20.109137665]]]]},"properties":{"locality":"Carlos Salinas de Gortari [Fraccionamiento]","municipality":null,"official_key":"130770075","CVE_ENT":"13","CVE_MUN":"077","CVE_LOC":"0075","ambito":"RURAL","geometry_kind":"locality","source":"INEGI Gaia — Servicio vectorial del Marco Geoestadístico"}},{"type":"Feature","geometry":{"type":"MultiPolygon","crs":{"type":"name","properties":{"name":"EPSG:6365"}},"coordinates":[[[[-98.309716017,20.1655004],[-98.309565461,20.165442432],[-98.309318679,20.165460233],[-98.309299499,20.165461616],[-98.309312677,20.165409654],[-98.309325854,20.165357692],[-98.309329645,20.165120863],[-98.309327137,20.164798077],[-98.309288384,20.164668077],[-98.309168253,20.164266908],[-98.30913763,20.164077586],[-98.309165346,20.163221277],[-98.309168479,20.163181341],[-98.30924229,20.16219535],[-98.30924138,20.161963551],[-98.309240854,20.1618254],[-98.309236769,20.161474277],[-98.30923655,20.161401911],[-98.309552094,20.161283768],[-98.309581936,20.160881117],[-98.31047491,20.16066981],[-98.31098795,20.15775076],[-98.310183381,20.157887852],[-98.310076347,20.158350337],[-98.309718826,20.158341496],[-98.310120099,20.156444288],[-98.31036044,20.154456409],[-98.310879222,20.153276461],[-98.311915291,20.153644493],[-98.311412268,20.155590982],[-98.311111136,20.157610416],[-98.311732685,20.157414068],[-98.311790193,20.157401853],[-98.311812834,20.156883535],[-98.311986862,20.156330338],[-98.31199964,20.156072487],[-98.312292712,20.155901507],[-98.312347064,20.155843834],[-98.312372623,20.155796472],[-98.312347218,20.155756663],[-98.312280318,20.155736217],[-98.312240238,20.1557057],[-98.31223549,20.155452695],[-98.313121852,20.155276538],[-98.313243381,20.1545042],[-98.313711691,20.154793175],[-98.313520923,20.155480463],[-98.313530222,20.155808096],[-98.313625351,20.156196161],[-98.313795074,20.156550103],[-98.314104272,20.156783184],[-98.314340913,20.156807205],[-98.314030746,20.157965347],[-98.315597932,20.157772124],[-98.317208032,20.157478184],[-98.317423384,20.157093597],[-98.317477802,20.156457216],[-98.318526501,20.156426588],[-98.318323856,20.157526203],[-98.318321548,20.158308364],[-98.318442878,20.159287359],[-98.318688616,20.158711785],[-98.318907532,20.15860454],[-98.319195847,20.159341074],[-98.318782049,20.159447105],[-98.31846797,20.159606799],[-98.31824618,20.159710369],[-98.317953273,20.159917088],[-98.317773983,20.160029115],[-98.31726423,20.161257663],[-98.31726303,20.161258331],[-98.316577802,20.161639224],[-98.315368368,20.162311493],[-98.314835072,20.162593397],[-98.313849893,20.163114161],[-98.310807615,20.164810502],[-98.31049611,20.165019605],[-98.310423728,20.16508768],[-98.310310285,20.165194374],[-98.309912388,20.165661101],[-98.309911998,20.165661558],[-98.309911816,20.165661261],[-98.309911551,20.165660829],[-98.309869598,20.16559246],[-98.309827522,20.165551122],[-98.309716017,20.1655004]]]]},"properties":{"locality":"San Vicente","municipality":null,"official_key":"130770079","CVE_ENT":"13","CVE_MUN":"077","CVE_LOC":"0079","ambito":"RURAL","geometry_kind":"locality","source":"INEGI Gaia — Servicio vectorial del Marco Geoestadístico"}},{"type":"Feature","geometry":{"type":"MultiPolygon","crs":{"type":"name","properties":{"name":"EPSG:6365"}},"coordinates":[[[[-98.338549356,20.100200321],[-98.338812437,20.100469285],[-98.339042301,20.100234872],[-98.339573861,20.099551817],[-98.339797006,20.099753962],[-98.339899817,20.099521284],[-98.340220651,20.099116295],[-98.339595634,20.098746088],[-98.338937956,20.098456675],[-98.338696171,20.098004524],[-98.338350906,20.097621863],[-98.33804621,20.097993643],[-98.338102982,20.098148586],[-98.338073579,20.098296649],[-98.337894613,20.098527489],[-98.337639907,20.098806648],[-98.337603823,20.098851141],[-98.337301661,20.099222982],[-98.337211281,20.099183608],[-98.337002751,20.098957814],[-98.337043471,20.098905864],[-98.336764468,20.098658116],[-98.337646713,20.097576674],[-98.337296581,20.097375864],[-98.336136492,20.096460159],[-98.336499479,20.096337254],[-98.336868545,20.096212292],[-98.337096461,20.096312175],[-98.337376319,20.096265594],[-98.337863519,20.096691246],[-98.337873243,20.096699739],[-98.338166459,20.096996114],[-98.338268255,20.097089113],[-98.33847193,20.097372376],[-98.338784035,20.097756397],[-98.33919213,20.098304941],[-98.339280713,20.098457772],[-98.339493446,20.098593918],[-98.339589957,20.098688388],[-98.339625341,20.098709065],[-98.339989918,20.098438271],[-98.340235109,20.098706289],[-98.340452972,20.098791697],[-98.340968662,20.099076095],[-98.341849132,20.099642604],[-98.342488494,20.099886872],[-98.343507384,20.100357794],[-98.343754934,20.100074462],[-98.344361717,20.100345375],[-98.345788725,20.100820656],[-98.346030741,20.101086676],[-98.346013944,20.10132398],[-98.345649474,20.10143454],[-98.344149228,20.102312176],[-98.343948149,20.102441786],[-98.343879797,20.102567042],[-98.344090394,20.1028132],[-98.344095936,20.102991816],[-98.343950144,20.103103593],[-98.343653336,20.103110378],[-98.343579313,20.103238785],[-98.34369841,20.103538469],[-98.343636196,20.10404716],[-98.343492943,20.104122744],[-98.3433556,20.104150237],[-98.343346999,20.104298629],[-98.343501463,20.104575266],[-98.34332601,20.104940101],[-98.342792757,20.105393403],[-98.341045938,20.106189266],[-98.340649962,20.106244647],[-98.339475651,20.106090987],[-98.339213289,20.105967553],[-98.338225077,20.10627881],[-98.337889947,20.106131389],[-98.337742782,20.105632692],[-98.337340945,20.10505303],[-98.337222419,20.104495374],[-98.337418736,20.104325566],[-98.337567888,20.104454173],[-98.337634954,20.104565909],[-98.33771291,20.104642181],[-98.3376958,20.104517385],[-98.337718095,20.104474325],[-98.337727122,20.104374954],[-98.337840185,20.104156138],[-98.3378608,20.104120846],[-98.337952063,20.103964479],[-98.337964676,20.103873585],[-98.338290519,20.10337754],[-98.338806908,20.103179477],[-98.33934898,20.102955581],[-98.339207229,20.10278708],[-98.339130769,20.102733924],[-98.338935707,20.102598309],[-98.338449059,20.102279413],[-98.338067954,20.102028354],[-98.337733949,20.101814181],[-98.337916045,20.101596985],[-98.338291631,20.101145892],[-98.338405677,20.101008908],[-98.338479347,20.100924097],[-98.338258237,20.100398462],[-98.338549356,20.100200321]]]]},"properties":{"locality":"Viveros de la Loma","municipality":null,"official_key":"130770080","CVE_ENT":"13","CVE_MUN":"077","CVE_LOC":"0080","ambito":"RURAL","geometry_kind":"locality","source":"INEGI Gaia — Servicio vectorial del Marco Geoestadístico"}},{"type":"Feature","geometry":{"type":"MultiPolygon","crs":{"type":"name","properties":{"name":"EPSG:6365"}},"coordinates":[[[[-98.380375046,20.093886509],[-98.3803756,20.093882872],[-98.380396691,20.093744555],[-98.380446169,20.093417386],[-98.380504138,20.093009046],[-98.380573214,20.092522586],[-98.380697214,20.092150293],[-98.380727907,20.092090601],[-98.380817677,20.091915938],[-98.380929108,20.091676369],[-98.38103549,20.09132817],[-98.381035631,20.091327709],[-98.381035618,20.091323374],[-98.381035031,20.091122924],[-98.381034476,20.090939523],[-98.380880938,20.090125878],[-98.380784062,20.089864031],[-98.380712798,20.089586677],[-98.380712923,20.089581881],[-98.380721908,20.089231191],[-98.380722032,20.089226398],[-98.380924491,20.088882631],[-98.380924931,20.088883133],[-98.380925195,20.088883437],[-98.38092444,20.088884551],[-98.380924879,20.088885053],[-98.380926202,20.088886565],[-98.38105324,20.089031813],[-98.381729949,20.089390057],[-98.381993795,20.089619905],[-98.382190364,20.089891411],[-98.382486056,20.089946458],[-98.382688671,20.090039582],[-98.38414847,20.091081458],[-98.384637133,20.09142509],[-98.385404717,20.091990475],[-98.385790162,20.092280197],[-98.385972287,20.091937275],[-98.386336134,20.091984935],[-98.386338567,20.092234608],[-98.38633858,20.092235982],[-98.38631807,20.092409458],[-98.386275763,20.092567428],[-98.386227465,20.092628013],[-98.386226485,20.092629243],[-98.387247441,20.09338552],[-98.38825884,20.094109998],[-98.388477564,20.094266674],[-98.39050897,20.095759531],[-98.392211086,20.097010351],[-98.392468235,20.097202474],[-98.393579657,20.098032842],[-98.393902075,20.098288514],[-98.394195486,20.098521182],[-98.394302025,20.098493613],[-98.394373886,20.098475029],[-98.394374348,20.098473394],[-98.396246353,20.099770738],[-98.39625483,20.099833232],[-98.396267585,20.099927215],[-98.397477292,20.10076277],[-98.400857354,20.1031242],[-98.401102974,20.103292249],[-98.401031185,20.103357724],[-98.400667323,20.103572246],[-98.40030063,20.103778954],[-98.399646122,20.104147923],[-98.398492091,20.104655647],[-98.398223,20.104759262],[-98.3979572,20.104861601],[-98.397846754,20.104904123],[-98.397772028,20.104995536],[-98.397186043,20.105712351],[-98.397033431,20.105899031],[-98.396950149,20.105898712],[-98.396846988,20.105842514],[-98.39602054,20.105207647],[-98.396040629,20.105139977],[-98.396065056,20.105100244],[-98.396127749,20.104997112],[-98.396187598,20.104886234],[-98.396441213,20.104252053],[-98.396936695,20.104952967],[-98.396952713,20.104961986],[-98.397227677,20.10411709],[-98.396738292,20.103381638],[-98.396091169,20.102433426],[-98.395634538,20.103380204],[-98.39521822,20.104280635],[-98.393664424,20.102753548],[-98.391695473,20.100851082],[-98.391547738,20.100713317],[-98.391365745,20.100553391],[-98.390490857,20.099544566],[-98.390334933,20.100616436],[-98.389549587,20.100011933],[-98.388441335,20.098946969],[-98.387397456,20.097977715],[-98.386879408,20.097902706],[-98.386266646,20.097798639],[-98.385246196,20.09762343],[-98.385851853,20.095439607],[-98.384280192,20.094944046],[-98.384164175,20.094906499],[-98.383868207,20.094843892],[-98.380525152,20.094074672],[-98.380415866,20.094042473],[-98.380375803,20.093888937],[-98.380375472,20.093887669],[-98.380375046,20.093886509]]]]},"properties":{"locality":"San Nicolás el Chico [Rancho]","municipality":null,"official_key":"130770087","CVE_ENT":"13","CVE_MUN":"077","CVE_LOC":"0087","ambito":"RURAL","geometry_kind":"locality","source":"INEGI Gaia — Servicio vectorial del Marco Geoestadístico"}},{"type":"Feature","geometry":{"type":"MultiPolygon","crs":{"type":"name","properties":{"name":"EPSG:6365"}},"coordinates":[[[[-98.318863544,20.160584252],[-98.318604062,20.160371308],[-98.318458329,20.160332775],[-98.318276389,20.160334527],[-98.318149877,20.160319667],[-98.317913397,20.160246895],[-98.317817286,20.160252424],[-98.317689462,20.16033257],[-98.317774369,20.160212141],[-98.317842315,20.160099377],[-98.318087385,20.159952338],[-98.318090477,20.1599501],[-98.318091875,20.159948625],[-98.318271696,20.15980291],[-98.318464929,20.159667264],[-98.318571795,20.159602326],[-98.318632379,20.159565511],[-98.318671575,20.159541692],[-98.318703771,20.159533802],[-98.318819599,20.159482355],[-98.319019953,20.159454786],[-98.319240138,20.159364924],[-98.319745102,20.158975974],[-98.320574969,20.158292646],[-98.321219867,20.157787285],[-98.321584492,20.157491015],[-98.321730919,20.157468176],[-98.322148101,20.15730663],[-98.322457121,20.157284602],[-98.323111853,20.155696973],[-98.323316278,20.155329015],[-98.324904957,20.155609574],[-98.324696711,20.155804791],[-98.325829749,20.157103847],[-98.326984245,20.156151867],[-98.32796963,20.156376267],[-98.327760749,20.157010046],[-98.327363487,20.157348642],[-98.327094969,20.157504415],[-98.326902074,20.157625962],[-98.326676993,20.157898583],[-98.325884415,20.15866402],[-98.325561111,20.15896415],[-98.324556445,20.159869301],[-98.324070707,20.160333091],[-98.323519165,20.160964039],[-98.323233159,20.161214785],[-98.323156324,20.161528182],[-98.323274663,20.161982737],[-98.322958323,20.161881438],[-98.322666122,20.161815386],[-98.322276032,20.161706714],[-98.322121218,20.161662448],[-98.322030403,20.161675565],[-98.321716961,20.161794432],[-98.321571203,20.16186895],[-98.321616346,20.162079942],[-98.321583699,20.16214238],[-98.321526561,20.162176785],[-98.321474458,20.162195781],[-98.321336095,20.162066831],[-98.321111406,20.161949389],[-98.320883005,20.161883862],[-98.320662903,20.161621969],[-98.320448546,20.161288548],[-98.320370104,20.161209173],[-98.32026787,20.161172098],[-98.319956114,20.161160166],[-98.31945562,20.161018768],[-98.318863544,20.160584252]]]]},"properties":{"locality":"San Felipe [Colonia]","municipality":null,"official_key":"130770089","CVE_ENT":"13","CVE_MUN":"077","CVE_LOC":"0089","ambito":"RURAL","geometry_kind":"locality","source":"INEGI Gaia — Servicio vectorial del Marco Geoestadístico"}},{"type":"Feature","geometry":{"type":"MultiPolygon","crs":{"type":"name","properties":{"name":"EPSG:6365"}},"coordinates":[[[[-98.456591868,20.058509092],[-98.456248394,20.058192922],[-98.45508944,20.057178525],[-98.455219355,20.057133867],[-98.455457303,20.057033929],[-98.455644556,20.056920834],[-98.455697628,20.056888781],[-98.456002198,20.05667463],[-98.456370198,20.056446701],[-98.456821223,20.056279824],[-98.457083597,20.056616328],[-98.457153484,20.05670596],[-98.457284148,20.056788967],[-98.457499318,20.05692566],[-98.458245639,20.057629904],[-98.45780106,20.058082512],[-98.458138093,20.05840093],[-98.457768803,20.0587731],[-98.457360129,20.058424061],[-98.456964007,20.058806049],[-98.456591868,20.058509092]]]]},"properties":{"locality":"Lomas de Tulancingo","municipality":null,"official_key":"130770095","CVE_ENT":"13","CVE_MUN":"077","CVE_LOC":"0095","ambito":"RURAL","geometry_kind":"locality","source":"INEGI Gaia — Servicio vectorial del Marco Geoestadístico"}},{"type":"Feature","geometry":{"type":"MultiPolygon","crs":{"type":"name","properties":{"name":"EPSG:6365"}},"coordinates":[[[[-98.339440949,20.082517096],[-98.33942685,20.082119787],[-98.339411389,20.081778141],[-98.339418062,20.081530689],[-98.340430904,20.08149944],[-98.340424669,20.081217431],[-98.340712608,20.081237854],[-98.340705213,20.081178211],[-98.340506221,20.081099063],[-98.340342353,20.081064528],[-98.340230915,20.081107719],[-98.340244932,20.081177178],[-98.340284128,20.081272369],[-98.340199119,20.081287212],[-98.339874982,20.081193871],[-98.339771924,20.081116968],[-98.339736488,20.08107348],[-98.339675855,20.081059294],[-98.339510614,20.081103046],[-98.339528881,20.080404184],[-98.338876852,20.080386022],[-98.339157016,20.080031816],[-98.339272957,20.080036093],[-98.339277284,20.079869446],[-98.339467202,20.079841545],[-98.339457556,20.079744463],[-98.33988779,20.079722954],[-98.340592872,20.079680469],[-98.341264776,20.079633008],[-98.341969001,20.079544499],[-98.342064364,20.079909442],[-98.342142439,20.080236257],[-98.342196668,20.080456594],[-98.342396316,20.080514351],[-98.342464794,20.08054602],[-98.342726393,20.08063059],[-98.342851854,20.080638523],[-98.342821745,20.080240871],[-98.342756179,20.07960782],[-98.343424107,20.079385484],[-98.343460818,20.079467649],[-98.343532399,20.079481794],[-98.343632643,20.079459703],[-98.343709752,20.079420558],[-98.34379423,20.079322114],[-98.343888086,20.0792008],[-98.344045476,20.079131974],[-98.344795173,20.078602712],[-98.344836765,20.07837827],[-98.344867062,20.078361646],[-98.344963737,20.078340692],[-98.345070538,20.078265278],[-98.345089554,20.078148769],[-98.345054645,20.07803095],[-98.345055218,20.07802765],[-98.34508203,20.07791981],[-98.345649076,20.077491724],[-98.345908148,20.077307643],[-98.346008167,20.077715716],[-98.34604118,20.077855323],[-98.346063534,20.0779943],[-98.346089611,20.078156414],[-98.346089771,20.078157407],[-98.346029615,20.078171702],[-98.34582239,20.07822095],[-98.345820695,20.078221353],[-98.345812018,20.078260048],[-98.345481476,20.078328975],[-98.345599351,20.078908886],[-98.345209,20.079180527],[-98.345069831,20.079294467],[-98.344922941,20.079528165],[-98.345037263,20.079663045],[-98.345138175,20.079712273],[-98.345388276,20.079976996],[-98.3452823,20.079518924],[-98.345533697,20.079343706],[-98.345605968,20.079618863],[-98.345670646,20.079883954],[-98.345998508,20.081180734],[-98.346003815,20.081201724],[-98.346032856,20.08126086],[-98.345663993,20.081307895],[-98.34580887,20.081565377],[-98.345894849,20.081894622],[-98.345886873,20.08195022],[-98.345950733,20.082167356],[-98.345975056,20.082211852],[-98.346041416,20.082251601],[-98.346104423,20.082274354],[-98.346174755,20.082596958],[-98.346245182,20.082959764],[-98.346317691,20.083312847],[-98.346366262,20.083624831],[-98.34607956,20.083646351],[-98.34607842,20.083646437],[-98.346077891,20.083646477],[-98.346078289,20.083651233],[-98.346132677,20.084299278],[-98.34620275,20.084625758],[-98.346203494,20.084629226],[-98.346203753,20.084630431],[-98.34620262,20.084630553],[-98.346092903,20.084642433],[-98.345822938,20.084671663],[-98.345603431,20.08471197],[-98.344685753,20.084802437],[-98.344684556,20.084802555],[-98.344684107,20.0848026],[-98.343863111,20.084924165],[-98.343861738,20.084924369],[-98.343840958,20.085055515],[-98.343828551,20.085133809],[-98.343827402,20.085141062],[-98.343802954,20.085295355],[-98.343760151,20.085568985],[-98.343731754,20.085750524],[-98.343696508,20.085978909],[-98.343662153,20.086221062],[-98.343650641,20.086317338],[-98.343613477,20.086628139],[-98.343606403,20.086684419],[-98.343561785,20.087039447],[-98.343492884,20.087444255],[-98.343452858,20.087745118],[-98.343400105,20.088063459],[-98.343392047,20.088185896],[-98.343362099,20.088545842],[-98.343301253,20.088896345],[-98.343087557,20.088909378],[-98.342848329,20.08891788],[-98.342546682,20.088824168],[-98.342350063,20.088749876],[-98.342210772,20.088658598],[-98.341874924,20.088661064],[-98.3415061,20.088602729],[-98.341345665,20.088587854],[-98.341185552,20.088614606],[-98.340762582,20.088651432],[-98.340951236,20.087928485],[-98.340797461,20.087709333],[-98.340791208,20.087517895],[-98.340726248,20.087379175],[-98.34072352,20.08718606],[-98.340585365,20.087172632],[-98.34033724,20.087179355],[-98.339843624,20.087193658],[-98.339987037,20.086844705],[-98.339881716,20.08674958],[-98.339797854,20.086468044],[-98.339800326,20.086187539],[-98.339113763,20.086199482],[-98.339259705,20.084267848],[-98.339591591,20.084320371],[-98.339931521,20.084236864],[-98.340359258,20.084326796],[-98.340521644,20.084512481],[-98.340531937,20.084295385],[-98.340364482,20.083564754],[-98.340285456,20.083436914],[-98.340188278,20.083079516],[-98.339997221,20.0824828],[-98.339440949,20.082517096]]]]},"properties":{"locality":"Ejido el Paraíso","municipality":null,"official_key":"130770097","CVE_ENT":"13","CVE_MUN":"077","CVE_LOC":"0097","ambito":"RURAL","geometry_kind":"locality","source":"INEGI Gaia — Servicio vectorial del Marco Geoestadístico"}},{"type":"Feature","geometry":{"type":"MultiPolygon","crs":{"type":"name","properties":{"name":"EPSG:6365"}},"coordinates":[[[[-98.392255455,20.072596973],[-98.392227692,20.072445027],[-98.392227414,20.07244351],[-98.392226861,20.072440477],[-98.39222782,20.072440231],[-98.392228597,20.072440032],[-98.392616707,20.072340304],[-98.392893194,20.072269257],[-98.392894215,20.072268995],[-98.392894027,20.072268042],[-98.392893322,20.072264461],[-98.392850278,20.07204577],[-98.392816232,20.071908309],[-98.392800559,20.071845032],[-98.392800168,20.071843447],[-98.392800687,20.071840236],[-98.392801178,20.071837202],[-98.392801962,20.071832375],[-98.392821733,20.071710404],[-98.392893991,20.071603697],[-98.392894723,20.071603518],[-98.399240762,20.070050635],[-98.400848137,20.06966429],[-98.402114797,20.06944598],[-98.401977453,20.06859331],[-98.401754367,20.068172312],[-98.401509549,20.068275928],[-98.400809678,20.067522621],[-98.400088436,20.066796935],[-98.399898306,20.066605631],[-98.399851819,20.06646293],[-98.400273242,20.06610717],[-98.400893667,20.065574211],[-98.401009799,20.065695109],[-98.402651891,20.067369108],[-98.402914474,20.067651713],[-98.40311308,20.067865461],[-98.4031272,20.067880658],[-98.403321108,20.068089355],[-98.403950937,20.068805267],[-98.404691612,20.069696263],[-98.404690117,20.069696427],[-98.404597691,20.069706544],[-98.404103852,20.069760602],[-98.40386057,20.069787231],[-98.40301495,20.069966352],[-98.402883133,20.069994273],[-98.401807583,20.070222089],[-98.401685769,20.07024789],[-98.400942721,20.070459081],[-98.400693521,20.070519156],[-98.399461009,20.070789854],[-98.398790024,20.070953894],[-98.397860478,20.071171781],[-98.397859262,20.071282215],[-98.39786343,20.071376338],[-98.397867908,20.071489216],[-98.39788423,20.071828138],[-98.397901568,20.0723028],[-98.397908615,20.072602386],[-98.3979248,20.07314517],[-98.397929246,20.0734272],[-98.397927519,20.073598934],[-98.397925831,20.073766846],[-98.397926508,20.073992801],[-98.397933593,20.074347449],[-98.397943149,20.074825604],[-98.397944447,20.074859304],[-98.39795622,20.075164963],[-98.397939745,20.075224797],[-98.397871873,20.075231196],[-98.396148426,20.075393674],[-98.392817122,20.075660713],[-98.392709833,20.075048537],[-98.392383748,20.073289184],[-98.392255455,20.072596973]]]]},"properties":{"locality":"San Francisco","municipality":null,"official_key":"130770098","CVE_ENT":"13","CVE_MUN":"077","CVE_LOC":"0098","ambito":"RURAL","geometry_kind":"locality","source":"INEGI Gaia — Servicio vectorial del Marco Geoestadístico"}},{"type":"Feature","geometry":{"type":"MultiPolygon","crs":{"type":"name","properties":{"name":"EPSG:6365"}},"coordinates":[[[[-98.337609646,20.08508337],[-98.337618985,20.085427786],[-98.337615585,20.08574797],[-98.337591891,20.086040354],[-98.337554984,20.086361939],[-98.337505246,20.086871524],[-98.337312277,20.086787431],[-98.336567214,20.086324647],[-98.336410214,20.086225385],[-98.336066303,20.086042466],[-98.335396508,20.085686215],[-98.3345474,20.085371677],[-98.333894814,20.085171863],[-98.333755279,20.08513171],[-98.332716627,20.085249892],[-98.332223987,20.0852907],[-98.331731347,20.085316393],[-98.331511012,20.08343573],[-98.333579318,20.083278905],[-98.333456682,20.082942317],[-98.333406337,20.082774074],[-98.33334262,20.082561146],[-98.335428039,20.081960332],[-98.335587628,20.081893574],[-98.33563466,20.082046756],[-98.337284631,20.081507786],[-98.337329323,20.081488739],[-98.337416831,20.081481032],[-98.337402415,20.081281869],[-98.338172301,20.081158568],[-98.338350093,20.081130695],[-98.338609113,20.081165641],[-98.338767742,20.081139799],[-98.33913864,20.081062929],[-98.339419099,20.081055296],[-98.339406024,20.081433019],[-98.339418062,20.081530689],[-98.339411389,20.081778141],[-98.33942685,20.082119787],[-98.339440949,20.082517096],[-98.338648329,20.082513715],[-98.338649907,20.083178223],[-98.338650848,20.083574374],[-98.337877278,20.083603932],[-98.337868683,20.083835355],[-98.337447029,20.083865249],[-98.337434111,20.084327423],[-98.337618061,20.084350493],[-98.337619181,20.084792978],[-98.337619814,20.085043523],[-98.337609646,20.08508337]]]]},"properties":{"locality":"Lomas del Pedregal [Colonia]","municipality":null,"official_key":"130770102","CVE_ENT":"13","CVE_MUN":"077","CVE_LOC":"0102","ambito":"RURAL","geometry_kind":"locality","source":"INEGI Gaia — Servicio vectorial del Marco Geoestadístico"}},{"type":"Feature","geometry":{"type":"MultiPolygon","crs":{"type":"name","properties":{"name":"EPSG:6365"}},"coordinates":[[[[-98.333235201,20.079778593],[-98.330430837,20.079933015],[-98.330560405,20.079126738],[-98.330694337,20.078041657],[-98.33165543,20.077982154],[-98.332121907,20.077926631],[-98.332607934,20.077806809],[-98.33255444,20.076531876],[-98.332540189,20.075791439],[-98.332590312,20.075711038],[-98.332656864,20.075670158],[-98.332751292,20.075580578],[-98.333156857,20.075485961],[-98.333441931,20.075456645],[-98.33352584,20.075472676],[-98.334201959,20.074733284],[-98.334502691,20.075034154],[-98.334552096,20.074989362],[-98.3345711,20.074921292],[-98.334576384,20.074835231],[-98.334555097,20.074741578],[-98.334782938,20.074508617],[-98.335104984,20.07415085],[-98.335407979,20.074469428],[-98.336120807,20.075238282],[-98.336176493,20.075097689],[-98.336398919,20.074922003],[-98.336878553,20.074632945],[-98.336882368,20.075120954],[-98.336861231,20.075322338],[-98.336806107,20.075511754],[-98.336750492,20.075654555],[-98.336697062,20.075723985],[-98.336635245,20.07570637],[-98.336668231,20.076018432],[-98.336675368,20.076096385],[-98.336682108,20.076224138],[-98.336684046,20.076294923],[-98.336691537,20.076373109],[-98.336996701,20.076715069],[-98.337064082,20.07747458],[-98.337310723,20.077482586],[-98.339593508,20.077396446],[-98.339621535,20.077834235],[-98.339799767,20.07783872],[-98.339806339,20.078236201],[-98.339759265,20.078603451],[-98.339666851,20.078698452],[-98.338805254,20.078756029],[-98.338877063,20.078984912],[-98.338745647,20.07917977],[-98.338037547,20.0793469],[-98.337297262,20.079393108],[-98.337375985,20.080444508],[-98.3373894,20.080492892],[-98.337378491,20.0812452],[-98.337265954,20.081279923],[-98.337329323,20.081488739],[-98.337284631,20.081507786],[-98.33563466,20.082046756],[-98.335587628,20.081893574],[-98.335428039,20.081960332],[-98.33334262,20.082561146],[-98.333235352,20.081322384],[-98.333192361,20.080671409],[-98.333235201,20.079778593]]]]},"properties":{"locality":"2 de Agosto [Colonia]","municipality":null,"official_key":"130770105","CVE_ENT":"13","CVE_MUN":"077","CVE_LOC":"0105","ambito":"RURAL","geometry_kind":"locality","source":"INEGI Gaia — Servicio vectorial del Marco Geoestadístico"}},{"type":"Feature","geometry":{"type":"MultiPolygon","crs":{"type":"name","properties":{"name":"EPSG:6365"}},"coordinates":[[[[-98.404630216,20.117841553],[-98.404681954,20.117837244],[-98.405111663,20.121866725],[-98.403956077,20.121959123],[-98.403322646,20.122003646],[-98.403212723,20.122011385],[-98.401977538,20.1220982],[-98.401831492,20.122110354],[-98.4008126,20.122219015],[-98.400401785,20.122279831],[-98.399986462,20.122383246],[-98.3997806,20.122405231],[-98.399216385,20.122459369],[-98.399047708,20.122475538],[-98.398572492,20.122521123],[-98.397197538,20.122629985],[-98.397174769,20.122493154],[-98.397202815,20.1223556],[-98.397237446,20.1222758],[-98.397238308,20.122243723],[-98.397244292,20.122018723],[-98.397239723,20.1216558],[-98.397236615,20.121314015],[-98.3971772,20.120949785],[-98.397125354,20.120606862],[-98.397104831,20.120403723],[-98.397089954,20.120256631],[-98.397054415,20.119912169],[-98.397018815,20.119569631],[-98.397009323,20.119202862],[-98.397009631,20.118962031],[-98.398238985,20.1188948],[-98.398648477,20.118858662],[-98.3994166,20.118790862],[-98.400051923,20.118747031],[-98.400109462,20.118743062],[-98.400472015,20.118718062],[-98.400480446,20.118717477],[-98.400488123,20.118716938],[-98.400597785,20.118708969],[-98.400731,20.118686215],[-98.400813877,20.118607554],[-98.400848923,20.1184932],[-98.400839154,20.118327446],[-98.400837369,20.118297123],[-98.40089,20.118229538],[-98.401034824,20.11813907],[-98.401035262,20.118139033],[-98.401465954,20.118102538],[-98.401572171,20.118094226],[-98.401585862,20.118093154],[-98.401721231,20.118075477],[-98.402045754,20.118052215],[-98.402140954,20.118045138],[-98.402285062,20.118034431],[-98.402677277,20.118005277],[-98.402874,20.117991877],[-98.40308417,20.117977557],[-98.403084577,20.117977531],[-98.403084986,20.117977516],[-98.403387046,20.117967385],[-98.403581708,20.117965092],[-98.403602069,20.11796209],[-98.403781138,20.117935692],[-98.404226308,20.1178752],[-98.404630216,20.117841553]]]]},"properties":{"locality":"Rincones de la Hacienda","municipality":null,"official_key":"130770108","CVE_ENT":"13","CVE_MUN":"077","CVE_LOC":"0108","ambito":"URBANO","geometry_kind":"locality","source":"INEGI Gaia — Servicio vectorial del Marco Geoestadístico"}},{"type":"Feature","geometry":{"type":"MultiPolygon","crs":{"type":"name","properties":{"name":"EPSG:6365"}},"coordinates":[[[[-98.355822335,20.150502606],[-98.35587277,20.149815602],[-98.355957663,20.148453924],[-98.356955906,20.148851743],[-98.358123129,20.149315033],[-98.359376297,20.149816172],[-98.360353949,20.150206785],[-98.360890307,20.150406162],[-98.361513446,20.150644764],[-98.36207264,20.150882253],[-98.362306502,20.150768363],[-98.362581561,20.151062243],[-98.362650125,20.150894416],[-98.362981434,20.151401788],[-98.363171634,20.151648816],[-98.362803716,20.152053204],[-98.362834332,20.152124461],[-98.361793859,20.153162273],[-98.361745853,20.153200206],[-98.361702937,20.153187616],[-98.361651974,20.153149846],[-98.361613934,20.153157875],[-98.360849258,20.15281189],[-98.359860259,20.152356676],[-98.358617187,20.151789224],[-98.357363387,20.151211697],[-98.355822335,20.150502606]]]]},"properties":{"locality":"San Rafael Loma Bonita (Ejido Tulancingo)","municipality":null,"official_key":"130770112","CVE_ENT":"13","CVE_MUN":"077","CVE_LOC":"0112","ambito":"RURAL","geometry_kind":"locality","source":"INEGI Gaia — Servicio vectorial del Marco Geoestadístico"}},{"type":"Feature","geometry":{"type":"MultiPolygon","crs":{"type":"name","properties":{"name":"EPSG:6365"}},"coordinates":[[[[-98.401997619,20.071753049],[-98.402181348,20.071702661],[-98.4024375,20.072327447],[-98.402760433,20.073119601],[-98.40343769,20.073175104],[-98.403564585,20.0735417],[-98.403698419,20.073914959],[-98.403917805,20.074449854],[-98.402966462,20.074499603],[-98.402895889,20.074495625],[-98.40147409,20.074428242],[-98.401433643,20.074138477],[-98.401374635,20.073523775],[-98.401371952,20.073196268],[-98.401302215,20.072790664],[-98.401252565,20.072240697],[-98.401251193,20.072073659],[-98.401294108,20.071940136],[-98.401337024,20.071902347],[-98.401626413,20.07184772],[-98.401942331,20.071767149],[-98.401997619,20.071753049]]]]},"properties":{"locality":"Tollancingo","municipality":null,"official_key":"130770113","CVE_ENT":"13","CVE_MUN":"077","CVE_LOC":"0113","ambito":"RURAL","geometry_kind":"locality","source":"INEGI Gaia — Servicio vectorial del Marco Geoestadístico"}},{"type":"Feature","geometry":{"type":"MultiPolygon","crs":{"type":"name","properties":{"name":"EPSG:6365"}},"coordinates":[[[[-98.335394177,20.094924147],[-98.335450351,20.094600627],[-98.335028776,20.09486112],[-98.334649889,20.095045855],[-98.334263021,20.095074904],[-98.333895353,20.095133907],[-98.333695528,20.095154058],[-98.3335413,20.095133907],[-98.333210237,20.095211384],[-98.333096518,20.095236833],[-98.332888098,20.09528922],[-98.332543722,20.095286089],[-98.332336518,20.095283358],[-98.332184179,20.095263774],[-98.331771638,20.095212842],[-98.331345182,20.095249925],[-98.331182324,20.095026429],[-98.331103599,20.094955538],[-98.330765214,20.094065877],[-98.331102276,20.093972354],[-98.331473318,20.0938694],[-98.331430403,20.09377368],[-98.33176152,20.093655892],[-98.3321443,20.093534481],[-98.332369604,20.093480103],[-98.332750758,20.093384595],[-98.332974426,20.093354852],[-98.333042395,20.093342789],[-98.333381695,20.093264602],[-98.333817114,20.093156006],[-98.334225211,20.09301805],[-98.334252076,20.093001422],[-98.334381097,20.092964225],[-98.334474716,20.092958808],[-98.334596347,20.092969424],[-98.334960469,20.093104913],[-98.335332288,20.093268518],[-98.335608324,20.093392761],[-98.335701222,20.093620562],[-98.336002369,20.094318905],[-98.33634766,20.094650004],[-98.336465284,20.094808815],[-98.336630618,20.094987973],[-98.336683276,20.09501324],[-98.33685114,20.095098876],[-98.3372327,20.095360038],[-98.337706448,20.095875378],[-98.33776309,20.096035116],[-98.337125442,20.096038925],[-98.336732021,20.096045708],[-98.336312174,20.096091963],[-98.33633856,20.095961584],[-98.336448551,20.095388344],[-98.336449086,20.095255901],[-98.336417476,20.095072293],[-98.336304046,20.094814722],[-98.336149968,20.094595042],[-98.336180903,20.094827002],[-98.335960412,20.096142398],[-98.335908043,20.096275508],[-98.335577203,20.09633663],[-98.335502067,20.09634741],[-98.335768915,20.094879572],[-98.335394177,20.094924147]]]]},"properties":{"locality":"Santa Fe [Colonia]","municipality":null,"official_key":"130770119","CVE_ENT":"13","CVE_MUN":"077","CVE_LOC":"0119","ambito":"RURAL","geometry_kind":"locality","source":"INEGI Gaia — Servicio vectorial del Marco Geoestadístico"}},{"type":"Feature","geometry":{"type":"Polygon","coordinates":[[[-98.3517547,20.0928043],[-98.3519421,20.0920895],[-98.3521971,20.0911188],[-98.3524423,20.0911807],[-98.3527195,20.0912506],[-98.3527987,20.0912706],[-98.3530108,20.0913248],[-98.3531454,20.0913592],[-98.3533081,20.0914031],[-98.3534982,20.0914524],[-98.3535869,20.0914743],[-98.353851,20.0915396],[-98.3538881,20.0915481],[-98.3542021,20.0916202],[-98.3539543,20.0925877],[-98.353679,20.0936215],[-98.3534269,20.0946169],[-98.3530959,20.0945288],[-98.3527955,20.0944553],[-98.3524912,20.0943816],[-98.3522154,20.0943053],[-98.3518993,20.0942258],[-98.3516326,20.0941611],[-98.3514243,20.0941025],[-98.3516821,20.0931316],[-98.3517547,20.0928043]]]},"properties":{"locality":"ADOLFO LÓPEZ MATEOS","official_key":"1307700010001","CVE_ENT":"13","CVE_MUN":"077","CVE_LOC":"0001","CVE_ASEN":"0001","settlement_type":"COLONIA","source":"INEGI DCAH 2025"}},{"type":"Feature","geometry":{"type":"Polygon","coordinates":[[[-98.3539157,20.0821848],[-98.3538217,20.0822037],[-98.3537212,20.0819383],[-98.3536717,20.0817394],[-98.3534883,20.0811893],[-98.3535297,20.0810915],[-98.3535634,20.0809996],[-98.3535154,20.0808276],[-98.3534392,20.0806458],[-98.3533576,20.0805293],[-98.3532904,20.0804317],[-98.3532684,20.0803527],[-98.3544663,20.0802386],[-98.3544833,20.0804463],[-98.3544997,20.080554],[-98.3546256,20.0813771],[-98.3546767,20.0816837],[-98.354726,20.0818962],[-98.3539157,20.0821848]]]},"properties":{"locality":"ADOLFO RUÍZ CORTINEZ","official_key":"1307700010002","CVE_ENT":"13","CVE_MUN":"077","CVE_LOC":"0001","CVE_ASEN":"0002","settlement_type":"COLONIA","source":"INEGI DCAH 2025"}},{"type":"Feature","geometry":{"type":"Polygon","coordinates":[[[-98.3735873,20.0905812],[-98.3734007,20.0905303],[-98.3734883,20.09042],[-98.3736132,20.09026],[-98.3737031,20.090175],[-98.3737768,20.0898352],[-98.3737831,20.0898135],[-98.3737661,20.0898091],[-98.3737504,20.0898049],[-98.3737168,20.089796],[-98.3736911,20.0897892],[-98.373562,20.0897551],[-98.3734995,20.0897385],[-98.3734319,20.0897206],[-98.3733689,20.089704],[-98.3733055,20.0896872],[-98.3732401,20.0896699],[-98.3732231,20.0896654],[-98.3732078,20.0896614],[-98.3731782,20.0896536],[-98.3731409,20.0896437],[-98.3731171,20.0896374],[-98.3730475,20.089619],[-98.372983,20.0896019],[-98.3729583,20.0895954],[-98.3729206,20.0895854],[-98.3727879,20.0895503],[-98.3726709,20.0895067],[-98.3725891,20.0894834],[-98.3725392,20.0894694],[-98.3725212,20.0894641],[-98.3724976,20.0894571],[-98.3724776,20.0894512],[-98.3724452,20.0894416],[-98.3724144,20.0894325],[-98.3723489,20.0894137],[-98.3722868,20.0893958],[-98.3722251,20.089378],[-98.3721564,20.0893583],[-98.372098,20.0893415],[-98.372032,20.0893225],[-98.3719645,20.089305],[-98.3719317,20.0892966],[-98.371901,20.0892886],[-98.3718356,20.0892717],[-98.3717699,20.0892547],[-98.3717446,20.0892482],[-98.3717206,20.0892419],[-98.371706,20.0892382],[-98.3716322,20.089192],[-98.3715497,20.0891083],[-98.3714126,20.0890751],[-98.3714349,20.0889451],[-98.371515,20.0884995],[-98.3715638,20.0880577],[-98.37173,20.0872176],[-98.3718234,20.0867969],[-98.3720242,20.0864296],[-98.3721733,20.0862966],[-98.3724575,20.0861127],[-98.372558,20.0860704],[-98.3728332,20.0859881],[-98.3730623,20.0860086],[-98.372946,20.08643],[-98.3729846,20.0864772],[-98.3730102,20.0864843],[-98.3730959,20.0865082],[-98.3731141,20.0865132],[-98.3731606,20.0865262],[-98.3732323,20.0865461],[-98.3732697,20.0865565],[-98.3732901,20.0865622],[-98.3733213,20.0865709],[-98.3733564,20.0865806],[-98.3733673,20.0865837],[-98.3733946,20.0865913],[-98.3734263,20.0866001],[-98.3735131,20.0866242],[-98.3736787,20.0866703],[-98.3737214,20.0866818],[-98.3737553,20.086691],[-98.3737675,20.0866943],[-98.3738032,20.086704],[-98.3739031,20.086731],[-98.3739202,20.0867356],[-98.3740422,20.0867768],[-98.3741255,20.0868052],[-98.3742182,20.0868353],[-98.3742521,20.0868463],[-98.3742785,20.0868549],[-98.3743351,20.0868785],[-98.3743753,20.0868952],[-98.3744252,20.0869159],[-98.374482,20.0869397],[-98.3744196,20.0870736],[-98.3745517,20.0871174],[-98.3746838,20.087147],[-98.3748641,20.0871875],[-98.374918,20.0871996],[-98.3749776,20.087213],[-98.375073,20.0872344],[-98.3752061,20.0872643],[-98.3752813,20.0872884],[-98.3753482,20.0870455],[-98.375403,20.0868389],[-98.3754639,20.0866368],[-98.3755693,20.086277],[-98.3762486,20.0864324],[-98.3764774,20.0865194],[-98.3772079,20.0869352],[-98.3780488,20.087404],[-98.3784786,20.0876245],[-98.3787402,20.0877587],[-98.3794328,20.0881141],[-98.3795752,20.0881967],[-98.3798062,20.0883148],[-98.3806726,20.0887577],[-98.3809245,20.0888826],[-98.380722,20.0892264],[-98.3807219,20.0892312],[-98.3807129,20.0895819],[-98.3807128,20.0895867],[-98.3799322,20.0892257],[-98.379242,20.088978],[-98.3792561,20.0890781],[-98.3789422,20.0904722],[-98.3789496,20.0905882],[-98.3789581,20.0906637],[-98.3773395,20.0902394],[-98.3769296,20.0901576],[-98.3766053,20.0900754],[-98.3763556,20.0900118],[-98.3761849,20.0905106],[-98.3755024,20.0903341],[-98.3754326,20.0905824],[-98.3752555,20.0905338],[-98.3746432,20.0903939],[-98.3746179,20.0905341],[-98.37435,20.0904861],[-98.3742882,20.0907801],[-98.3735873,20.0905812]]]},"properties":{"locality":"LOS ÁLAMOS","official_key":"1307700010003","CVE_ENT":"13","CVE_MUN":"077","CVE_LOC":"0001","CVE_ASEN":"0003","settlement_type":"COLONIA","source":"INEGI DCAH 2025"}},{"type":"Feature","geometry":{"type":"Polygon","coordinates":[[[-98.3787899,20.0915316],[-98.3788449,20.0913609],[-98.3789799,20.0908343],[-98.3789741,20.0907405],[-98.3807956,20.0911229],[-98.381035,20.0911229],[-98.3810356,20.0913234],[-98.3810356,20.0913277],[-98.3810355,20.0913282],[-98.3809291,20.0916764],[-98.3808177,20.0919159],[-98.3807279,20.0920906],[-98.3805684,20.0920445],[-98.3797128,20.0917972],[-98.3796858,20.0917898],[-98.3787899,20.0915316]]]},"properties":{"locality":"INFONAVIT LOS ÁLAMOS","official_key":"1307700010004","CVE_ENT":"13","CVE_MUN":"077","CVE_LOC":"0001","CVE_ASEN":"0004","settlement_type":"FRACCIONAMIENTO","source":"INEGI DCAH 2025"}},{"type":"Feature","geometry":{"type":"Polygon","coordinates":[[[-98.3556491,20.07788],[-98.3556546,20.0780375],[-98.3556807,20.0784035],[-98.3556847,20.0784601],[-98.355788,20.0788208],[-98.3558431,20.0790133],[-98.3553415,20.0791023],[-98.3552959,20.0791539],[-98.3548636,20.0794938],[-98.3544317,20.0798164],[-98.3544402,20.0799197],[-98.3544663,20.0802386],[-98.3532684,20.0803527],[-98.3532355,20.0802342],[-98.3531775,20.0800114],[-98.3531455,20.0798922],[-98.3530443,20.0795072],[-98.3529812,20.07928],[-98.3531669,20.0791136],[-98.3532182,20.0790673],[-98.3542872,20.0782278],[-98.3545348,20.0780391],[-98.355198,20.077903],[-98.3552081,20.0779638],[-98.3556491,20.07788]]]},"properties":{"locality":"LAS ARBOLEDAS","official_key":"1307700010005","CVE_ENT":"13","CVE_MUN":"077","CVE_LOC":"0001","CVE_ASEN":"0005","settlement_type":"FRACCIONAMIENTO","source":"INEGI DCAH 2025"}},{"type":"Feature","geometry":{"type":"Polygon","coordinates":[[[-98.3935824,20.0826192],[-98.3935504,20.0827197],[-98.393494,20.0827654],[-98.3934814,20.0827756],[-98.3933199,20.0827917],[-98.3930421,20.0828279],[-98.3924162,20.082886],[-98.3917903,20.0829612],[-98.391766,20.0829072],[-98.3917428,20.0828557],[-98.3916404,20.0826721],[-98.3914896,20.0824017],[-98.3912041,20.0818307],[-98.3911812,20.0817848],[-98.3908781,20.0811284],[-98.3921418,20.0809765],[-98.3924957,20.0809417],[-98.3928828,20.0809005],[-98.3932981,20.0808533],[-98.3935766,20.0808215],[-98.3936161,20.080817],[-98.3936169,20.0808169],[-98.3936779,20.0812794],[-98.393678,20.0812804],[-98.3936778,20.0812842],[-98.3936558,20.0816005],[-98.3936498,20.081686],[-98.393619,20.0822985],[-98.3936119,20.0824405],[-98.3935824,20.0826192]]]},"properties":{"locality":"ARCO IRIS","official_key":"1307700010006","CVE_ENT":"13","CVE_MUN":"077","CVE_LOC":"0001","CVE_ASEN":"0006","settlement_type":"FRACCIONAMIENTO","source":"INEGI DCAH 2025"}},{"type":"Feature","geometry":{"type":"Polygon","coordinates":[[[-98.3689527,20.0767864],[-98.368986,20.0765425],[-98.3689982,20.076453],[-98.3690455,20.0756772],[-98.3694937,20.0756994],[-98.3697992,20.0752812],[-98.3699113,20.0751272],[-98.3702068,20.075304],[-98.3704085,20.0752898],[-98.3703856,20.0755634],[-98.370368,20.0758261],[-98.37038,20.076128],[-98.3704052,20.0764207],[-98.3704583,20.0766523],[-98.3705618,20.0769802],[-98.3706117,20.0771213],[-98.3706237,20.0771641],[-98.3706811,20.0772975],[-98.3706037,20.0773001],[-98.3704397,20.0773265],[-98.3700604,20.0773691],[-98.370068,20.0774343],[-98.3699601,20.0774497],[-98.3698801,20.0774574],[-98.3698516,20.0774619],[-98.3697765,20.0774471],[-98.3693386,20.0773442],[-98.3693166,20.0775968],[-98.3690481,20.0775867],[-98.368997,20.077722],[-98.3689352,20.0777562],[-98.3689527,20.0767864]]]},"properties":{"locality":"AURORA","official_key":"1307700010007","CVE_ENT":"13","CVE_MUN":"077","CVE_LOC":"0001","CVE_ASEN":"0007","settlement_type":"COLONIA","source":"INEGI DCAH 2025"}},{"type":"Feature","geometry":{"type":"Polygon","coordinates":[[[-98.3706117,20.0771213],[-98.3705618,20.0769802],[-98.3704583,20.0766523],[-98.3704052,20.0764207],[-98.37038,20.076128],[-98.370368,20.0758261],[-98.3703856,20.0755634],[-98.3704085,20.0752898],[-98.370861,20.0753713],[-98.3713434,20.0754569],[-98.3719314,20.0757691],[-98.3724544,20.0759463],[-98.3729439,20.076106],[-98.3734941,20.0763051],[-98.3738742,20.0764582],[-98.3741025,20.0765836],[-98.3745252,20.0768616],[-98.3743801,20.0768959],[-98.3736695,20.0770474],[-98.3727785,20.0772624],[-98.3727059,20.0769544],[-98.3722416,20.0770592],[-98.3721857,20.0768406],[-98.371642,20.0769695],[-98.3717119,20.0772362],[-98.3715078,20.0772817],[-98.3714381,20.0770166],[-98.3707474,20.0771749],[-98.3706811,20.0772975],[-98.3706237,20.0771641],[-98.3706117,20.0771213]]]},"properties":{"locality":"BENITO JUÁREZ","official_key":"1307700010008","CVE_ENT":"13","CVE_MUN":"077","CVE_LOC":"0001","CVE_ASEN":"0008","settlement_type":"COLONIA","source":"INEGI DCAH 2025"}},{"type":"Feature","geometry":{"type":"Polygon","coordinates":[[[-98.3565317,20.1119781],[-98.3565707,20.1119725],[-98.3566394,20.1119669],[-98.3567306,20.1119763],[-98.3568744,20.1120157],[-98.3571092,20.1120682],[-98.3572341,20.1121],[-98.3574113,20.112169],[-98.357543,20.1122334],[-98.3577459,20.112339],[-98.3579606,20.1124305],[-98.358191,20.1125081],[-98.3583196,20.1125435],[-98.3585929,20.1125825],[-98.3588925,20.1126365],[-98.3593523,20.1119844],[-98.3603234,20.112579],[-98.3605167,20.1126942],[-98.3607385,20.1128334],[-98.361324,20.1130548],[-98.3615731,20.1131395],[-98.3618922,20.1132354],[-98.3624118,20.1132406],[-98.3628521,20.1131907],[-98.3634064,20.1131473],[-98.3635286,20.1131378],[-98.3636624,20.1131554],[-98.3638669,20.1132611],[-98.3640067,20.113286],[-98.3645876,20.1132322],[-98.3646105,20.1124193],[-98.3646108,20.1124112],[-98.3646736,20.1116154],[-98.3648657,20.1098452],[-98.3650864,20.1078987],[-98.364949,20.1077753],[-98.3648948,20.1053027],[-98.3648878,20.1046803],[-98.3648854,20.1042722],[-98.3648861,20.1037466],[-98.3648992,20.1033572],[-98.3648932,20.1030639],[-98.3648901,20.1027124],[-98.3633065,20.1031349],[-98.3626287,20.1021428],[-98.3624,20.1018196],[-98.3621435,20.1014326],[-98.3618968,20.1010955],[-98.3616675,20.1007781],[-98.3623929,20.100275],[-98.3614262,20.0990246],[-98.3618231,20.0987835],[-98.3619222,20.0988031],[-98.3619829,20.0988123],[-98.3621008,20.0988093],[-98.3622089,20.0987947],[-98.3622984,20.098791],[-98.3623814,20.0988026],[-98.3624539,20.0988293],[-98.3625128,20.098862],[-98.3625921,20.0989736],[-98.3626858,20.0991308],[-98.3629039,20.0994925],[-98.3630341,20.0996559],[-98.3631282,20.0997205],[-98.3631951,20.0997563],[-98.3632628,20.0997903],[-98.3633573,20.0998177],[-98.3634387,20.0998137],[-98.3635561,20.0997913],[-98.3636597,20.0997638],[-98.3638003,20.09973],[-98.3639133,20.0997339],[-98.3641525,20.0997624],[-98.3643829,20.0997907],[-98.3645088,20.0997989],[-98.3645063,20.0998842],[-98.3645157,20.1000424],[-98.3645389,20.1006023],[-98.3652949,20.1009406],[-98.3658421,20.101172],[-98.3661492,20.0996438],[-98.3661505,20.0996436],[-98.3664784,20.0996149],[-98.3665195,20.0995967],[-98.3665507,20.0995725],[-98.3665808,20.0995098],[-98.3668903,20.098621],[-98.3676775,20.0988404],[-98.3677369,20.0986741],[-98.3680493,20.0977575],[-98.3681826,20.0973726],[-98.3683898,20.0968478],[-98.3690271,20.0947577],[-98.3690517,20.0946877],[-98.3691207,20.094691],[-98.3692217,20.0943484],[-98.3704485,20.0947019],[-98.3703031,20.0953492],[-98.3699858,20.0970511],[-98.3697749,20.0982043],[-98.3695827,20.0992546],[-98.3693511,20.1005106],[-98.3692564,20.1004275],[-98.3688484,20.0999416],[-98.368216,20.0997344],[-98.3681438,20.0997283],[-98.3680215,20.0997317],[-98.3680002,20.0997347],[-98.3677277,20.0998867],[-98.3676476,20.099936],[-98.3674296,20.1000573],[-98.3670467,20.1000535],[-98.3668215,20.1006441],[-98.3672698,20.1007975],[-98.3678512,20.10094],[-98.3692409,20.1011113],[-98.3693511,20.1005106],[-98.36943,20.1005866],[-98.3697002,20.1008835],[-98.3694598,20.1025432],[-98.368988,20.1024899],[-98.3684644,20.1053429],[-98.3679826,20.1079873],[-98.3677132,20.1095236],[-98.3673355,20.1117655],[-98.3664504,20.1117004],[-98.3662487,20.1122932],[-98.3662282,20.1123954],[-98.3662219,20.1124253],[-98.3662169,20.1124519],[-98.3661649,20.1127538],[-98.3661537,20.1128113],[-98.3661018,20.1131101],[-98.3660961,20.1131394],[-98.3660896,20.1131685],[-98.3659974,20.113322],[-98.3659859,20.1133504],[-98.36597,20.1133744],[-98.3659223,20.1134324],[-98.3658973,20.1134688],[-98.3659183,20.1134986],[-98.3659846,20.1135924],[-98.3662249,20.1139345],[-98.3663726,20.1141506],[-98.3665811,20.1144451],[-98.3668016,20.1147645],[-98.3666832,20.1154254],[-98.3665382,20.1164687],[-98.366341,20.1164733],[-98.3660447,20.1164799],[-98.3654694,20.1164928],[-98.3652275,20.1164863],[-98.3652093,20.1164851],[-98.3648668,20.1164629],[-98.3644771,20.1164085],[-98.3644209,20.1163961],[-98.3642708,20.1163098],[-98.364209,20.1162938],[-98.3639044,20.1162817],[-98.3637389,20.1162034],[-98.3635369,20.1161577],[-98.363356,20.1161786],[-98.3626723,20.1163532],[-98.3620803,20.1164504],[-98.3618709,20.1164993],[-98.3618267,20.1165096],[-98.3616037,20.1165657],[-98.3613759,20.116656],[-98.3615457,20.1164831],[-98.361975,20.1160458],[-98.3620215,20.1157781],[-98.3620218,20.115777],[-98.3620216,20.1157733],[-98.3620041,20.1153024],[-98.362004,20.1152999],[-98.3620042,20.1152976],[-98.3620487,20.1148315],[-98.3620491,20.114827],[-98.3620488,20.1148267],[-98.3615989,20.114419],[-98.3613183,20.1141294],[-98.3577857,20.1128848],[-98.3568312,20.1124916],[-98.3567208,20.1122933],[-98.3565594,20.1120875],[-98.3565317,20.1119781]]]},"properties":{"locality":"SAN JOSÉ CALTENGO","official_key":"1307700010009","CVE_ENT":"13","CVE_MUN":"077","CVE_LOC":"0001","CVE_ASEN":"0009","settlement_type":"COLONIA","source":"INEGI DCAH 2025"}},{"type":"Feature","geometry":{"type":"Polygon","coordinates":[[[-98.3554413,20.1113968],[-98.3554403,20.111396],[-98.3554415,20.111392],[-98.3554494,20.1113638],[-98.3554911,20.1112773],[-98.355493,20.1112733],[-98.3554912,20.1112725],[-98.3548384,20.1109968],[-98.3547681,20.1109843],[-98.354243,20.1108572],[-98.3540928,20.1111947],[-98.3539965,20.1111658],[-98.3534222,20.1109936],[-98.3533297,20.111039],[-98.3530295,20.1109619],[-98.3523707,20.1107766],[-98.3517696,20.1105445],[-98.3511757,20.1102445],[-98.3510694,20.1104211],[-98.3507109,20.1103081],[-98.3504767,20.1101684],[-98.350606,20.1099258],[-98.3500926,20.1095714],[-98.3501693,20.1094638],[-98.3503368,20.1092596],[-98.3506975,20.1088122],[-98.3510082,20.1084362],[-98.3511906,20.1082319],[-98.3513877,20.1079894],[-98.3516014,20.1076789],[-98.351619,20.1075981],[-98.3519934,20.1078088],[-98.3523246,20.1079941],[-98.3525735,20.1081297],[-98.3529007,20.1083004],[-98.3529625,20.1083108],[-98.3529839,20.1083302],[-98.3533163,20.1085058],[-98.3534836,20.108602],[-98.3536946,20.1087232],[-98.354055,20.1089304],[-98.3543746,20.1090999],[-98.3547196,20.1092798],[-98.3549524,20.1094083],[-98.3555281,20.1097104],[-98.3556091,20.1095137],[-98.3556622,20.1093709],[-98.3556808,20.1093783],[-98.356001,20.1095038],[-98.3568218,20.1072636],[-98.3565435,20.10721],[-98.3558281,20.1071143],[-98.3557912,20.1067642],[-98.3557062,20.1059604],[-98.3555143,20.1057541],[-98.3554748,20.1056722],[-98.3553034,20.1052762],[-98.3551537,20.1048825],[-98.3550474,20.104579],[-98.3550286,20.1045336],[-98.3548413,20.1045946],[-98.3544559,20.1042697],[-98.3533606,20.1055393],[-98.3540541,20.1058965],[-98.353457,20.106788],[-98.3532149,20.106749],[-98.352807,20.1067011],[-98.3525452,20.1064319],[-98.3524032,20.1066245],[-98.3523644,20.1066808],[-98.3522454,20.1067121],[-98.3521019,20.1068345],[-98.3519895,20.1068956],[-98.351803,20.1069393],[-98.3515189,20.1069451],[-98.3510902,20.1069282],[-98.3508099,20.1069793],[-98.3503718,20.1070404],[-98.3500756,20.1070715],[-98.3498777,20.1071253],[-98.3498788,20.1071238],[-98.3504446,20.1063681],[-98.3506312,20.1061189],[-98.3507458,20.1059658],[-98.3510114,20.105611],[-98.351445,20.1050786],[-98.3515292,20.1050042],[-98.3516504,20.1048644],[-98.3525468,20.1037717],[-98.3527002,20.1035661],[-98.3517067,20.1022844],[-98.35134,20.1018113],[-98.3516527,20.1016342],[-98.3520128,20.1014028],[-98.3524504,20.1010953],[-98.353577,20.1003833],[-98.3545948,20.1009291],[-98.355205,20.1012294],[-98.3561232,20.1017523],[-98.3568656,20.1021657],[-98.3578038,20.1026877],[-98.3582236,20.1031366],[-98.3586088,20.1035458],[-98.358926,20.1038184],[-98.3593533,20.1042258],[-98.3598854,20.1048064],[-98.3601717,20.1050937],[-98.3605338,20.1054852],[-98.3608972,20.1058201],[-98.3609142,20.1058393],[-98.3591791,20.1080991],[-98.3583114,20.1091555],[-98.3579188,20.1096605],[-98.357635,20.1100108],[-98.3572069,20.1105514],[-98.3571677,20.1106503],[-98.3565851,20.1114242],[-98.3565847,20.111424],[-98.3562151,20.1119273],[-98.3562139,20.111929],[-98.3559911,20.1117793],[-98.3554413,20.1113968]]]},"properties":{"locality":"LA CAÑADA","official_key":"1307700010010","CVE_ENT":"13","CVE_MUN":"077","CVE_LOC":"0001","CVE_ASEN":"0010","settlement_type":"COLONIA","source":"INEGI DCAH 2025"}},{"type":"Feature","geometry":{"type":"Polygon","coordinates":[[[-98.3721302,20.0796128],[-98.371881,20.0805997],[-98.3714861,20.0821182],[-98.3711474,20.0832768],[-98.370913,20.084324],[-98.3691508,20.0839043],[-98.3686525,20.0837958],[-98.3682736,20.0837116],[-98.3673245,20.0834807],[-98.3660084,20.0831509],[-98.365209,20.0829411],[-98.3645476,20.0827873],[-98.3648185,20.0822947],[-98.3652584,20.0815173],[-98.3654596,20.0811927],[-98.3656441,20.0808704],[-98.3659444,20.0802988],[-98.3662302,20.0797386],[-98.3663527,20.0794681],[-98.366436,20.0793253],[-98.3664593,20.0792593],[-98.3665038,20.0792236],[-98.3671238,20.0792636],[-98.3671364,20.0790977],[-98.3671413,20.078953],[-98.3671217,20.0785451],[-98.368152,20.0783333],[-98.368918,20.0781697],[-98.3708467,20.0776987],[-98.3705577,20.0787156],[-98.3703814,20.0794955],[-98.3721302,20.0796128]]]},"properties":{"locality":"CENTRO PRIMER CUADRO","official_key":"1307700010011","CVE_ENT":"13","CVE_MUN":"077","CVE_LOC":"0001","CVE_ASEN":"0011","settlement_type":"COLONIA","source":"INEGI DCAH 2025"}},{"type":"Feature","geometry":{"type":"Polygon","coordinates":[[[-98.3797914,20.0729845],[-98.3798779,20.0729942],[-98.3800775,20.0730214],[-98.3801732,20.0730358],[-98.3806811,20.0732127],[-98.3810294,20.0733387],[-98.3811128,20.0733684],[-98.381124,20.0734004],[-98.3816325,20.0733375],[-98.3820113,20.0733063],[-98.38221,20.0732808],[-98.382222,20.073317],[-98.3826725,20.0732515],[-98.383121,20.0731773],[-98.3835739,20.0746054],[-98.3834186,20.0746431],[-98.3825177,20.0748248],[-98.3820456,20.0749306],[-98.3816231,20.0750281],[-98.381146,20.0751501],[-98.3806077,20.075289],[-98.3803408,20.0753578],[-98.3801643,20.0754076],[-98.3801515,20.0750316],[-98.3800752,20.0745071],[-98.3799579,20.0740508],[-98.3798796,20.0736411],[-98.3798482,20.0732715],[-98.3797914,20.0729845]]]},"properties":{"locality":"EL CEREZO","official_key":"1307700010012","CVE_ENT":"13","CVE_MUN":"077","CVE_LOC":"0001","CVE_ASEN":"0012","settlement_type":"FRACCIONAMIENTO","source":"INEGI DCAH 2025"}},{"type":"Feature","geometry":{"type":"Polygon","coordinates":[[[-98.3504404,20.0917071],[-98.3503341,20.0910178],[-98.3504491,20.0910398],[-98.3505359,20.0907004],[-98.3507169,20.0899082],[-98.3509783,20.0899551],[-98.3510096,20.0899069],[-98.351302,20.0888065],[-98.3514191,20.0884141],[-98.3514408,20.0883739],[-98.3519488,20.088625],[-98.3520366,20.0886371],[-98.3523057,20.088798],[-98.3526828,20.0888558],[-98.3528082,20.0888829],[-98.3532913,20.0888817],[-98.3534167,20.0888881],[-98.353228,20.0896553],[-98.3530128,20.0904409],[-98.3527987,20.0912706],[-98.3527195,20.0912506],[-98.3524423,20.0911807],[-98.3521971,20.0911188],[-98.3519421,20.0920895],[-98.3517547,20.0928043],[-98.3512467,20.0927899],[-98.3507703,20.0927349],[-98.3503991,20.0926932],[-98.3504053,20.0926518],[-98.3504404,20.0917071]]]},"properties":{"locality":"LA CRUZ","official_key":"1307700010013","CVE_ENT":"13","CVE_MUN":"077","CVE_LOC":"0001","CVE_ASEN":"0013","settlement_type":"COLONIA","source":"INEGI DCAH 2025"}},{"type":"Feature","geometry":{"type":"Polygon","coordinates":[[[-98.3721869,20.0774128],[-98.372737,20.0772724],[-98.3724319,20.078478],[-98.3721302,20.0796128],[-98.3703814,20.0794955],[-98.3705577,20.0787156],[-98.3708467,20.0776987],[-98.3716651,20.077529],[-98.3721869,20.0774128]]]},"properties":{"locality":"DEL VILLAR","official_key":"1307700010014","CVE_ENT":"13","CVE_MUN":"077","CVE_LOC":"0001","CVE_ASEN":"0014","settlement_type":"FRACCIONAMIENTO","source":"INEGI DCAH 2025"}},{"type":"Feature","geometry":{"type":"Polygon","coordinates":[[[-98.3773478,20.0830087],[-98.3773099,20.0827769],[-98.3768356,20.0814257],[-98.3768519,20.081346],[-98.376778,20.0813384],[-98.3767034,20.0813337],[-98.376844,20.080741],[-98.376918,20.0804301],[-98.3770025,20.0800573],[-98.3771932,20.0791734],[-98.3772196,20.0790424],[-98.3773272,20.0790454],[-98.3774223,20.0790481],[-98.378104,20.0790655],[-98.3782459,20.077607],[-98.3787527,20.0776982],[-98.379013,20.0778184],[-98.3796021,20.0781084],[-98.3801305,20.0784119],[-98.3805614,20.0789171],[-98.380429,20.0792144],[-98.3804276,20.0792453],[-98.3805026,20.0797974],[-98.3805245,20.0800897],[-98.3807827,20.0817213],[-98.3808613,20.0822523],[-98.3809299,20.0828871],[-98.3810066,20.0834456],[-98.3806805,20.0834208],[-98.380469,20.0834099],[-98.3801896,20.0833853],[-98.3799603,20.0833472],[-98.3797095,20.0833294],[-98.3795107,20.0833293],[-98.379281,20.0833222],[-98.3790027,20.0833037],[-98.3789352,20.0832907],[-98.3781834,20.0831459],[-98.37745,20.0829902],[-98.3773478,20.0830087]]]},"properties":{"locality":"LA ESCONDIDA","official_key":"1307700010015","CVE_ENT":"13","CVE_MUN":"077","CVE_LOC":"0001","CVE_ASEN":"0015","settlement_type":"FRACCIONAMIENTO","source":"INEGI DCAH 2025"}},{"type":"Feature","geometry":{"type":"Polygon","coordinates":[[[-98.372946,20.08643],[-98.3730623,20.0860086],[-98.3728332,20.0859881],[-98.372558,20.0860704],[-98.3725928,20.0859358],[-98.3726491,20.0857255],[-98.3726658,20.0856625],[-98.3726701,20.0856488],[-98.372892,20.0857005],[-98.3731343,20.0857555],[-98.3734191,20.0858761],[-98.374713,20.0861604],[-98.3748171,20.0861263],[-98.3748352,20.0859648],[-98.3749867,20.0852802],[-98.374987,20.0851954],[-98.3750647,20.0848553],[-98.375214,20.084215],[-98.3755127,20.0829591],[-98.3759015,20.0812984],[-98.3767034,20.0813337],[-98.376778,20.0813384],[-98.3768519,20.081346],[-98.3768356,20.0814257],[-98.3773099,20.0827769],[-98.3773478,20.0830087],[-98.37733,20.0830828],[-98.3769627,20.0846114],[-98.3766878,20.0856798],[-98.3764774,20.0865194],[-98.3762486,20.0864324],[-98.3755693,20.086277],[-98.3754639,20.0866368],[-98.375403,20.0868389],[-98.3753482,20.0870455],[-98.3752813,20.0872884],[-98.3752061,20.0872643],[-98.375073,20.0872344],[-98.3749776,20.087213],[-98.374918,20.0871996],[-98.3748641,20.0871875],[-98.3746838,20.087147],[-98.3745517,20.0871174],[-98.3744196,20.0870736],[-98.374482,20.0869397],[-98.3744252,20.0869159],[-98.3743753,20.0868952],[-98.3743351,20.0868785],[-98.3742785,20.0868549],[-98.3742521,20.0868463],[-98.3742182,20.0868353],[-98.3741255,20.0868052],[-98.3740422,20.0867768],[-98.3739202,20.0867356],[-98.3739031,20.086731],[-98.3738032,20.086704],[-98.3737675,20.0866943],[-98.3737553,20.086691],[-98.3737214,20.0866818],[-98.3736787,20.0866703],[-98.3735131,20.0866242],[-98.3734263,20.0866001],[-98.3733946,20.0865913],[-98.3733673,20.0865837],[-98.3733564,20.0865806],[-98.3733213,20.0865709],[-98.3732901,20.0865622],[-98.3732697,20.0865565],[-98.3732323,20.0865461],[-98.3731606,20.0865262],[-98.3731141,20.0865132],[-98.3730959,20.0865082],[-98.3730102,20.0864843],[-98.3729846,20.0864772],[-98.372946,20.08643]]]},"properties":{"locality":"FERROCARRILERA","official_key":"1307700010017","CVE_ENT":"13","CVE_MUN":"077","CVE_LOC":"0001","CVE_ASEN":"0017","settlement_type":"COLONIA","source":"INEGI DCAH 2025"}},{"type":"Feature","geometry":{"type":"Polygon","coordinates":[[[-98.3764774,20.0865194],[-98.3766878,20.0856798],[-98.3769627,20.0846114],[-98.37733,20.0830828],[-98.3773478,20.0830087],[-98.37745,20.0829902],[-98.3781834,20.0831459],[-98.3789352,20.0832907],[-98.3790027,20.0833037],[-98.379281,20.0833222],[-98.3795107,20.0833293],[-98.3797095,20.0833294],[-98.3799603,20.0833472],[-98.3801896,20.0833853],[-98.380469,20.0834099],[-98.3806805,20.0834208],[-98.3810066,20.0834456],[-98.3811175,20.0841293],[-98.3788517,20.0839556],[-98.3787774,20.0841813],[-98.3786872,20.0844318],[-98.3811927,20.0846315],[-98.3812884,20.0853306],[-98.3808177,20.0860041],[-98.3804191,20.0865661],[-98.3794328,20.0881141],[-98.3787402,20.0877587],[-98.3784786,20.0876245],[-98.3780488,20.087404],[-98.3772079,20.0869352],[-98.3764774,20.0865194]]]},"properties":{"locality":"FELIPE ÁNGELES","official_key":"1307700010018","CVE_ENT":"13","CVE_MUN":"077","CVE_LOC":"0001","CVE_ASEN":"0018","settlement_type":"COLONIA","source":"INEGI DCAH 2025"}},{"type":"Feature","geometry":{"type":"Polygon","coordinates":[[[-98.3590579,20.0824265],[-98.3590621,20.0823164],[-98.359186,20.0823416],[-98.3591956,20.0823058],[-98.3594819,20.0819856],[-98.3598012,20.0816243],[-98.3597943,20.0812556],[-98.3598299,20.0811861],[-98.3597123,20.0804661],[-98.3596534,20.080051],[-98.3601472,20.0802753],[-98.3606849,20.0805537],[-98.3609045,20.0806502],[-98.3613949,20.0808657],[-98.3613295,20.0810314],[-98.3617427,20.0811863],[-98.3617728,20.0811592],[-98.36182,20.0811419],[-98.361933,20.0810804],[-98.3620678,20.08103],[-98.3622914,20.0810626],[-98.3624125,20.0810032],[-98.3627287,20.0806218],[-98.3628043,20.0805043],[-98.3628955,20.0805454],[-98.3629271,20.0805599],[-98.3630409,20.0807769],[-98.3637979,20.0811111],[-98.3637238,20.0808269],[-98.3640615,20.0806768],[-98.3642266,20.0806133],[-98.3645803,20.0806467],[-98.3648757,20.0807072],[-98.3649615,20.0807143],[-98.3645814,20.0813061],[-98.3640872,20.0820244],[-98.3636866,20.0826825],[-98.363261,20.0833844],[-98.3638619,20.0835168],[-98.3641216,20.0835846],[-98.3638948,20.0839967],[-98.3636368,20.0844297],[-98.3632099,20.085195],[-98.3627902,20.0859528],[-98.3623347,20.0867533],[-98.3610176,20.0870439],[-98.3604807,20.0871752],[-98.3599537,20.0872971],[-98.35938,20.0874445],[-98.3589906,20.0875408],[-98.358951,20.0872095],[-98.3588552,20.0864497],[-98.3587647,20.0860927],[-98.358704,20.0859508],[-98.3586476,20.0858348],[-98.3584066,20.0853721],[-98.3581687,20.0849149],[-98.3579512,20.0844641],[-98.3577271,20.0840466],[-98.3576039,20.0838471],[-98.3578279,20.0838652],[-98.358274,20.0834169],[-98.3582312,20.0834063],[-98.3583031,20.0829977],[-98.358268,20.08298],[-98.3583578,20.082677],[-98.3586762,20.0826271],[-98.3589679,20.0825989],[-98.3590579,20.0824265]]]},"properties":{"locality":"FRANCISCO I. MADERO","official_key":"1307700010019","CVE_ENT":"13","CVE_MUN":"077","CVE_LOC":"0001","CVE_ASEN":"0019","settlement_type":"COLONIA","source":"INEGI DCAH 2025"}},{"type":"Feature","geometry":{"type":"Polygon","coordinates":[[[-98.3549809,20.0856805],[-98.3555669,20.0855485],[-98.3561339,20.0854436],[-98.3567092,20.0853285],[-98.3572762,20.0852002],[-98.3578858,20.0850887],[-98.3576039,20.0838471],[-98.3577271,20.0840466],[-98.3579512,20.0844641],[-98.3581687,20.0849149],[-98.3584066,20.0853721],[-98.3586476,20.0858348],[-98.358704,20.0859508],[-98.3587647,20.0860927],[-98.3588552,20.0864497],[-98.358951,20.0872095],[-98.3589906,20.0875408],[-98.3584432,20.0876932],[-98.3578842,20.087854],[-98.35733,20.0880124],[-98.356768,20.0881614],[-98.3561835,20.0883338],[-98.3561139,20.0883568],[-98.3556426,20.0884842],[-98.355243,20.0868277],[-98.3549809,20.0856805]]]},"properties":{"locality":"GUADALUPE PRIMERA SECCIÓN","official_key":"1307700010020","CVE_ENT":"13","CVE_MUN":"077","CVE_LOC":"0001","CVE_ASEN":"0020","settlement_type":"COLONIA","source":"INEGI DCAH 2025"}},{"type":"Feature","geometry":{"type":"Polygon","coordinates":[[[-98.3634112,20.0634816],[-98.3633747,20.0633401],[-98.3633367,20.0632029],[-98.3632966,20.0630392],[-98.3632344,20.0628251],[-98.3631724,20.0625858],[-98.3631442,20.0624814],[-98.3630729,20.0622205],[-98.3630222,20.0620546],[-98.3629546,20.0618491],[-98.362948,20.061825],[-98.3628616,20.0615092],[-98.3627629,20.061136],[-98.3626466,20.0607965],[-98.3626289,20.0607429],[-98.3625607,20.0605168],[-98.3624854,20.0602258],[-98.3623904,20.0598973],[-98.3630792,20.0600311],[-98.3635864,20.0601377],[-98.3642662,20.0623392],[-98.3641822,20.0623501],[-98.3643415,20.0628415],[-98.3645684,20.0635265],[-98.3634112,20.0634816]]]},"properties":{"locality":"LA HERRADURA","official_key":"1307700010021","CVE_ENT":"13","CVE_MUN":"077","CVE_LOC":"0001","CVE_ASEN":"0021","settlement_type":"FRACCIONAMIENTO","source":"INEGI DCAH 2025"}},{"type":"Feature","geometry":{"type":"Polygon","coordinates":[[[-98.354739,20.1069693],[-98.3542567,20.106902],[-98.353822,20.1068448],[-98.3536409,20.1068154],[-98.353457,20.106788],[-98.3540541,20.1058965],[-98.3533606,20.1055393],[-98.3544559,20.1042697],[-98.3548413,20.1045946],[-98.3550286,20.1045336],[-98.3550474,20.104579],[-98.3551537,20.1048825],[-98.3553034,20.1052762],[-98.3554748,20.1056722],[-98.3555143,20.1057541],[-98.3557062,20.1059604],[-98.3557912,20.1067642],[-98.3558281,20.1071143],[-98.3552379,20.1070384],[-98.354739,20.1069693]]]},"properties":{"locality":"HIDALGO UNIDO","official_key":"1307700010022","CVE_ENT":"13","CVE_MUN":"077","CVE_LOC":"0001","CVE_ASEN":"0022","settlement_type":"COLONIA","source":"INEGI DCAH 2025"}},{"type":"Feature","geometry":{"type":"Polygon","coordinates":[[[-98.3603039,20.1263428],[-98.3603019,20.1263399],[-98.3602981,20.1263426],[-98.3602484,20.1263782],[-98.3597631,20.1266711],[-98.3596363,20.1264904],[-98.3595725,20.1263576],[-98.3594686,20.1261555],[-98.359427,20.1259911],[-98.3593231,20.1257643],[-98.3592416,20.12568],[-98.3591796,20.1255594],[-98.3591372,20.1253136],[-98.3591171,20.1251577],[-98.3589401,20.1251891],[-98.3586415,20.1251745],[-98.3584126,20.125155],[-98.3584075,20.1250945],[-98.3584073,20.1250922],[-98.3583751,20.1247069],[-98.3583768,20.1247066],[-98.3584818,20.1246869],[-98.3584828,20.1246856],[-98.3585165,20.1246437],[-98.3586501,20.1244777],[-98.3587276,20.1242967],[-98.358752,20.1240512],[-98.3587534,20.1240516],[-98.358954,20.1241126],[-98.3592435,20.1241232],[-98.3594437,20.1239858],[-98.3598115,20.1239143],[-98.3599565,20.1239774],[-98.3600908,20.1240203],[-98.3603071,20.124038],[-98.3605507,20.1239067],[-98.3605509,20.123906],[-98.360616,20.1237268],[-98.3606237,20.1235298],[-98.360611,20.1232333],[-98.3606126,20.1232332],[-98.360903,20.12321],[-98.361224,20.1231306],[-98.3615948,20.1229603],[-98.3615959,20.1229591],[-98.3617684,20.1227734],[-98.3618955,20.1225888],[-98.3619986,20.1224124],[-98.3620715,20.1220479],[-98.3621477,20.121795],[-98.3622234,20.1216268],[-98.3622612,20.1215296],[-98.3622646,20.1214205],[-98.3622648,20.1214158],[-98.3622647,20.1214157],[-98.3622326,20.1212504],[-98.3622326,20.1212502],[-98.3622327,20.1212456],[-98.3622397,20.1210523],[-98.3622671,20.1208942],[-98.362294,20.1208217],[-98.362313,20.1207053],[-98.3623133,20.1207038],[-98.3623131,20.1207005],[-98.3623062,20.1205076],[-98.3623062,20.1205072],[-98.3623063,20.1205028],[-98.3623112,20.120358],[-98.3623114,20.1203534],[-98.3623113,20.1203532],[-98.3622973,20.1202505],[-98.3622722,20.1201029],[-98.3615716,20.1188715],[-98.3615082,20.1187361],[-98.3615344,20.1185418],[-98.3615132,20.1180729],[-98.3613802,20.1171688],[-98.3612524,20.1169329],[-98.3612571,20.1168513],[-98.3613759,20.116656],[-98.3616037,20.1165657],[-98.3618267,20.1165096],[-98.3618709,20.1164993],[-98.3620803,20.1164504],[-98.3626723,20.1163532],[-98.363356,20.1161786],[-98.3635369,20.1161577],[-98.3637389,20.1162034],[-98.3639044,20.1162817],[-98.364209,20.1162938],[-98.3642708,20.1163098],[-98.3644209,20.1163961],[-98.3644771,20.1164085],[-98.3648668,20.1164629],[-98.3652093,20.1164851],[-98.3652275,20.1164863],[-98.3654694,20.1164928],[-98.3660447,20.1164799],[-98.366341,20.1164733],[-98.3665382,20.1164687],[-98.3666832,20.1154254],[-98.3668016,20.1147645],[-98.3669567,20.1149214],[-98.3673045,20.1153629],[-98.3671954,20.1159027],[-98.3671646,20.1160616],[-98.3671528,20.1161224],[-98.3670958,20.11641],[-98.367083,20.1164732],[-98.3670278,20.1167685],[-98.3670162,20.1168299],[-98.3669896,20.1169682],[-98.3670117,20.1171361],[-98.3669859,20.1176612],[-98.3667993,20.1182644],[-98.366198,20.1191726],[-98.3661169,20.119531],[-98.3661315,20.1195203],[-98.366178,20.1194915],[-98.36627,20.1194527],[-98.3663567,20.1194179],[-98.3664473,20.1193835],[-98.3665939,20.1193256],[-98.3667733,20.1192511],[-98.3669264,20.1191832],[-98.367018,20.1191318],[-98.3671317,20.1190611],[-98.3672236,20.1189658],[-98.3673114,20.1188828],[-98.3673883,20.1187916],[-98.36748,20.1186376],[-98.3675761,20.1184664],[-98.3676572,20.1183344],[-98.3677417,20.1181831],[-98.3678272,20.1180377],[-98.3679192,20.1178852],[-98.3679998,20.1177307],[-98.3681043,20.1175512],[-98.368209,20.1173701],[-98.3682968,20.1172087],[-98.3683866,20.1170095],[-98.3684185,20.1169127],[-98.3685493,20.1165504],[-98.3689278,20.1170893],[-98.3688659,20.1172329],[-98.3686768,20.1175097],[-98.3686533,20.1175394],[-98.368367,20.1179012],[-98.3683637,20.1179053],[-98.368364,20.1179054],[-98.368364,20.1179054],[-98.3683669,20.117906],[-98.3684518,20.1179246],[-98.3685155,20.1179385],[-98.3688242,20.118006],[-98.368942,20.1180317],[-98.3693644,20.1180893],[-98.369623,20.1181345],[-98.3697117,20.1181418],[-98.3697432,20.1182111],[-98.3697435,20.1182117],[-98.3697431,20.1182159],[-98.369723,20.1184049],[-98.3696331,20.1186528],[-98.3694595,20.11892],[-98.3692132,20.1192462],[-98.3690392,20.1195116],[-98.3689866,20.1197],[-98.3688489,20.1201504],[-98.3687789,20.120383],[-98.3686816,20.1206299],[-98.3686498,20.1206936],[-98.3686141,20.1207653],[-98.3685593,20.120875],[-98.3684848,20.1210259],[-98.3684847,20.1210261],[-98.3684847,20.1210307],[-98.3684841,20.1211844],[-98.3685004,20.1213997],[-98.3685043,20.1216354],[-98.3685044,20.1216396],[-98.3685042,20.1216402],[-98.3684519,20.1217986],[-98.3684071,20.1219287],[-98.368407,20.1219288],[-98.3684069,20.1219334],[-98.3684038,20.1221081],[-98.3684597,20.1223613],[-98.3685189,20.1224648],[-98.3685933,20.12258],[-98.3685953,20.1225831],[-98.3685955,20.1225835],[-98.3685931,20.1225848],[-98.3681246,20.1228371],[-98.3681241,20.1228373],[-98.3681223,20.1228383],[-98.3681244,20.1228419],[-98.3682325,20.1230219],[-98.3686192,20.1236666],[-98.3691162,20.1244949],[-98.369459,20.1250662],[-98.3696111,20.1253197],[-98.3696129,20.1253228],[-98.3696132,20.1253232],[-98.3696398,20.1253747],[-98.368838,20.1254131],[-98.3678674,20.1252301],[-98.3672319,20.1251112],[-98.3651826,20.1247353],[-98.3650602,20.1248803],[-98.3649711,20.1249434],[-98.3649073,20.1249726],[-98.3648583,20.1249829],[-98.3647024,20.124997],[-98.3645989,20.1251852],[-98.3645693,20.1253776],[-98.3645801,20.1256294],[-98.3646211,20.1258998],[-98.3646958,20.1262152],[-98.3647119,20.126406],[-98.3646777,20.1265291],[-98.3645927,20.1266446],[-98.364474,20.1268429],[-98.3644099,20.1269945],[-98.3643629,20.1272407],[-98.3643797,20.1275627],[-98.3643408,20.1277414],[-98.3643348,20.1277402],[-98.3642253,20.1277178],[-98.3631334,20.1274941],[-98.3623043,20.1273132],[-98.3615201,20.1270901],[-98.3612387,20.1270342],[-98.360726,20.1269542],[-98.3606616,20.1268564],[-98.3606059,20.1267715],[-98.3606058,20.1267715],[-98.3605931,20.1267524],[-98.360329,20.1263783],[-98.3603039,20.1263428]]]},"properties":{"locality":"HUAPALCALCO","official_key":"1307700010023","CVE_ENT":"13","CVE_MUN":"077","CVE_LOC":"0001","CVE_ASEN":"0023","settlement_type":"COLONIA","source":"INEGI DCAH 2025"}},{"type":"Feature","geometry":{"type":"Polygon","coordinates":[[[-98.3490813,20.0809284],[-98.3489882,20.0805708],[-98.3486339,20.0806459],[-98.3482272,20.0807051],[-98.3478929,20.0807449],[-98.3478592,20.0807489],[-98.3479367,20.0810982],[-98.3478503,20.0811092],[-98.3475505,20.0811272],[-98.3472218,20.0811863],[-98.3471554,20.0811787],[-98.3469135,20.0811999],[-98.3467862,20.0812013],[-98.3463994,20.0812323],[-98.3460329,20.0812609],[-98.3460038,20.0812017],[-98.3459985,20.0811807],[-98.3456706,20.079884],[-98.345606,20.0796189],[-98.3455337,20.0793437],[-98.3455082,20.0792465],[-98.3455071,20.0792425],[-98.3455083,20.0792417],[-98.3455087,20.0792413],[-98.3458621,20.0790008],[-98.3458643,20.0789994],[-98.3458643,20.078999],[-98.3458648,20.078996],[-98.3458731,20.0789371],[-98.3458736,20.0789333],[-98.3458732,20.0789323],[-98.3458893,20.0787366],[-98.3458874,20.0787221],[-98.3458207,20.0782214],[-98.3458224,20.078221],[-98.3460296,20.0781717],[-98.3460898,20.0781574],[-98.3460896,20.0781564],[-98.3460635,20.0779943],[-98.3460412,20.0778553],[-98.3460082,20.0777157],[-98.3459081,20.0773076],[-98.345962,20.0772241],[-98.3460267,20.0770853],[-98.3460448,20.0769777],[-98.3460523,20.0768411],[-98.3461007,20.0767415],[-98.3462354,20.0766908],[-98.3463889,20.0766513],[-98.3466087,20.0765522],[-98.3467333,20.0764508],[-98.3468785,20.0762923],[-98.3470435,20.0760757],[-98.3471158,20.0758301],[-98.3471747,20.0756228],[-98.3472813,20.0754608],[-98.3473992,20.0752313],[-98.3475083,20.0750305],[-98.3476302,20.0748798],[-98.3477593,20.0747454],[-98.3477879,20.0747245],[-98.3478164,20.0746788],[-98.3478526,20.0746464],[-98.3479126,20.0746319],[-98.3479412,20.0745369],[-98.3479253,20.0742776],[-98.3478124,20.0743284],[-98.3474092,20.0743919],[-98.3469811,20.0744219],[-98.3470613,20.0740879],[-98.3471273,20.0738457],[-98.3471307,20.0738013],[-98.3472271,20.0733078],[-98.3473048,20.0728546],[-98.3474329,20.0721912],[-98.3473405,20.07203],[-98.3474251,20.0720049],[-98.3467663,20.0706599],[-98.3467938,20.0706454],[-98.3470815,20.0705911],[-98.3475035,20.0703707],[-98.3477139,20.0702624],[-98.3477683,20.0702317],[-98.347876,20.0702672],[-98.3480326,20.0703958],[-98.3484514,20.0709246],[-98.3485995,20.0709137],[-98.3486937,20.0709084],[-98.3487792,20.0709009],[-98.3488607,20.0708971],[-98.3492961,20.0710997],[-98.3493919,20.0711444],[-98.3494491,20.0713012],[-98.3495422,20.0715231],[-98.34967,20.0717546],[-98.3497902,20.0719858],[-98.3500849,20.0726043],[-98.3498459,20.0727823],[-98.3511529,20.0738492],[-98.3516681,20.0742924],[-98.3519619,20.0745563],[-98.3534215,20.0758336],[-98.3535467,20.0759579],[-98.3536576,20.0760243],[-98.3540702,20.0761128],[-98.3542608,20.0761321],[-98.3542088,20.0763008],[-98.3541747,20.0764119],[-98.3540897,20.076689],[-98.3537011,20.0772659],[-98.3536422,20.0773851],[-98.3536341,20.0776292],[-98.353556,20.0776432],[-98.3533451,20.0780874],[-98.3531863,20.0783329],[-98.3529227,20.0788694],[-98.3529533,20.0789175],[-98.3530325,20.0789883],[-98.35313,20.0790756],[-98.3531669,20.0791136],[-98.3529812,20.07928],[-98.3528343,20.079471],[-98.3526833,20.0796659],[-98.3526548,20.0797112],[-98.3525649,20.0798541],[-98.3524779,20.0800137],[-98.3522265,20.0804118],[-98.3520961,20.0806284],[-98.3519492,20.0808577],[-98.3517266,20.0812022],[-98.3516644,20.0813029],[-98.3514074,20.0817373],[-98.3512821,20.0819582],[-98.3512267,20.0821008],[-98.35112,20.0823639],[-98.3510181,20.0826392],[-98.3509736,20.0828949],[-98.3509042,20.0833756],[-98.350311,20.083392],[-98.3498959,20.0833893],[-98.3495808,20.083418],[-98.3495043,20.0829196],[-98.3494874,20.0828095],[-98.3493577,20.0822683],[-98.3492863,20.0818092],[-98.3491791,20.0813879],[-98.3490813,20.0809284]],[[-98.3492626,20.0791815],[-98.3490391,20.0783391],[-98.3487417,20.0783896],[-98.3483719,20.0784513],[-98.3484084,20.078638],[-98.3484803,20.0789298],[-98.3485415,20.0791458],[-98.3486157,20.0793732],[-98.3490478,20.0792473],[-98.3492626,20.0791815]]]},"properties":{"locality":"EL PARAISO","official_key":"1307700010024","CVE_ENT":"13","CVE_MUN":"077","CVE_LOC":"0001","CVE_ASEN":"0024","settlement_type":"COLONIA","source":"INEGI DCAH 2025"}},{"type":"Feature","geometry":{"type":"Polygon","coordinates":[[[-98.364384,20.0888724],[-98.3645954,20.0880702],[-98.3653223,20.0882663],[-98.3660141,20.0884186],[-98.3669428,20.0886596],[-98.3678118,20.088874],[-98.3686611,20.0890715],[-98.3684432,20.0899091],[-98.3683197,20.0904177],[-98.3680684,20.0914256],[-98.367969,20.0917581],[-98.3670026,20.0920149],[-98.3668298,20.0920579],[-98.3666589,20.0920996],[-98.3659267,20.0925588],[-98.365622,20.0927255],[-98.3652252,20.092978],[-98.3647345,20.0932903],[-98.3644594,20.0934933],[-98.3638558,20.0938404],[-98.3628478,20.0944972],[-98.3630138,20.0938213],[-98.3632603,20.0929715],[-98.3634939,20.0921384],[-98.3637106,20.0913007],[-98.36393,20.0905206],[-98.3641607,20.0896825],[-98.364384,20.0888724]]]},"properties":{"locality":"INSURGENTES","official_key":"1307700010025","CVE_ENT":"13","CVE_MUN":"077","CVE_LOC":"0001","CVE_ASEN":"0025","settlement_type":"COLONIA","source":"INEGI DCAH 2025"}},{"type":"Feature","geometry":{"type":"Polygon","coordinates":[[[-98.3713434,20.0754569],[-98.3706506,20.0750932],[-98.3704494,20.0747938],[-98.3706153,20.0745731],[-98.3708316,20.0742904],[-98.3711471,20.0738253],[-98.3711719,20.0737879],[-98.3712443,20.0736788],[-98.3714349,20.0734081],[-98.3716644,20.0730861],[-98.3721171,20.0725016],[-98.3724141,20.0721503],[-98.3728134,20.0717152],[-98.3732641,20.0711794],[-98.3736817,20.0707173],[-98.3737681,20.0706352],[-98.3746484,20.0696733],[-98.3747354,20.0695716],[-98.3747916,20.0695083],[-98.3748558,20.0694388],[-98.3749376,20.069358],[-98.3750565,20.0692413],[-98.3752861,20.0690161],[-98.3755189,20.0688526],[-98.3757398,20.068694],[-98.3759182,20.0686529],[-98.376207,20.0685866],[-98.3762666,20.0686761],[-98.3780409,20.0713407],[-98.3770656,20.0720621],[-98.3763134,20.0722075],[-98.3762261,20.0722246],[-98.3765163,20.072763],[-98.3770188,20.0736915],[-98.3771939,20.0740149],[-98.377597,20.0748956],[-98.377783,20.0760169],[-98.3776483,20.0760598],[-98.377585,20.0760761],[-98.3771358,20.0761992],[-98.3767171,20.0763003],[-98.3761508,20.0764379],[-98.3754744,20.0766136],[-98.3753181,20.0766542],[-98.3745252,20.0768616],[-98.3741025,20.0765836],[-98.3738742,20.0764582],[-98.3734941,20.0763051],[-98.3729439,20.076106],[-98.3724544,20.0759463],[-98.3719314,20.0757691],[-98.3713434,20.0754569]]]},"properties":{"locality":"JARDINES DEL SUR","official_key":"1307700010026","CVE_ENT":"13","CVE_MUN":"077","CVE_LOC":"0001","CVE_ASEN":"0026","settlement_type":"FRACCIONAMIENTO","source":"INEGI DCAH 2025"}},{"type":"Feature","geometry":{"type":"Polygon","coordinates":[[[-98.3389964,20.0947807],[-98.3389945,20.0947779],[-98.3389907,20.0947806],[-98.3389311,20.0948213],[-98.3383728,20.0952032],[-98.3383687,20.095206],[-98.338367,20.0952031],[-98.3379843,20.0945519],[-98.3378632,20.0942819],[-98.3378535,20.0937857],[-98.3378007,20.0935564],[-98.3377978,20.0931782],[-98.3377978,20.0931761],[-98.3377979,20.0931734],[-98.3378106,20.0929383],[-98.3378109,20.0929336],[-98.3378108,20.0929335],[-98.3376068,20.0928104],[-98.3374767,20.0927647],[-98.336761,20.0924643],[-98.3367591,20.0924635],[-98.3367611,20.0924595],[-98.336879,20.0922197],[-98.3368861,20.0922054],[-98.3368862,20.0922051],[-98.3368862,20.0922026],[-98.3368862,20.0922006],[-98.3368862,20.0916127],[-98.3368862,20.0916079],[-98.3368863,20.0916079],[-98.3368878,20.0916078],[-98.3369811,20.0916031],[-98.3369814,20.0916031],[-98.3369813,20.0916018],[-98.3369812,20.0915983],[-98.3369625,20.0910036],[-98.3369624,20.0909987],[-98.3369626,20.0909988],[-98.336964,20.0909991],[-98.3370361,20.091013],[-98.3370361,20.091013],[-98.3370361,20.0910113],[-98.3370362,20.0910082],[-98.3370432,20.0905633],[-98.3370574,20.0898518],[-98.3370575,20.0898471],[-98.3370576,20.089847],[-98.3370893,20.0898145],[-98.337093,20.0898108],[-98.3372678,20.0899187],[-98.3377476,20.090196],[-98.3379999,20.0902469],[-98.3382032,20.0902725],[-98.3392564,20.0904924],[-98.3392452,20.0910877],[-98.3391695,20.0933797],[-98.3393618,20.0933681],[-98.3397316,20.0933436],[-98.3397323,20.0933484],[-98.3398525,20.0941813],[-98.3400286,20.0946466],[-98.3400762,20.0947132],[-98.3402047,20.0949559],[-98.3404065,20.09531],[-98.3406326,20.0955427],[-98.3405383,20.0955438],[-98.3402282,20.0955685],[-98.3394908,20.095647],[-98.3394904,20.0956464],[-98.3393799,20.095453],[-98.3393692,20.0954279],[-98.3393438,20.0953685],[-98.3392577,20.0951891],[-98.3391863,20.0950558],[-98.3389964,20.0947807]]]},"properties":{"locality":"JORGE BERGANZA","official_key":"1307700010027","CVE_ENT":"13","CVE_MUN":"077","CVE_LOC":"0001","CVE_ASEN":"0027","settlement_type":"COLONIA","source":"INEGI DCAH 2025"}},{"type":"Feature","geometry":{"type":"Polygon","coordinates":[[[-98.3630409,20.0807769],[-98.3629271,20.0805599],[-98.3628955,20.0805454],[-98.3628043,20.0805043],[-98.3627087,20.0804669],[-98.3627117,20.0803545],[-98.3624688,20.0803421],[-98.3624847,20.0799401],[-98.3627333,20.0799454],[-98.3628907,20.0798949],[-98.3634491,20.0795614],[-98.3633647,20.0794832],[-98.3630523,20.0794756],[-98.3628557,20.0795954],[-98.3627382,20.079608],[-98.3626761,20.0795963],[-98.3624725,20.0795744],[-98.3623898,20.079561],[-98.36232,20.0798804],[-98.3619117,20.0798542],[-98.3612916,20.0798143],[-98.3613005,20.0797464],[-98.3604959,20.0796888],[-98.3604568,20.0796772],[-98.3604604,20.0796587],[-98.3604115,20.0796107],[-98.3602974,20.0796168],[-98.3602945,20.0795614],[-98.3602789,20.0794073],[-98.3602423,20.0789123],[-98.3604387,20.0788869],[-98.3607141,20.0789026],[-98.3606337,20.0784439],[-98.3605508,20.0779466],[-98.3605038,20.0776105],[-98.360471,20.0772725],[-98.3603739,20.0766523],[-98.3603416,20.0764535],[-98.3603229,20.0762082],[-98.3603289,20.0760233],[-98.3607752,20.0760382],[-98.3614474,20.0760539],[-98.3619704,20.0760876],[-98.3621278,20.0760934],[-98.3624608,20.0761322],[-98.3626252,20.0761507],[-98.3631339,20.0762332],[-98.3633677,20.0762941],[-98.3639646,20.0764743],[-98.3642892,20.0766533],[-98.3648018,20.0769235],[-98.3654257,20.0773112],[-98.3656018,20.0774579],[-98.3661921,20.0779231],[-98.3662899,20.0779302],[-98.3663861,20.0782339],[-98.3664674,20.0785766],[-98.3664754,20.0787927],[-98.3664645,20.0791766],[-98.3664065,20.0791841],[-98.3658284,20.0791312],[-98.3655051,20.0791191],[-98.3655098,20.0791617],[-98.3654515,20.0795135],[-98.3654572,20.0796243],[-98.365451,20.0796184],[-98.3654532,20.0796494],[-98.3654484,20.0796797],[-98.365434,20.0797703],[-98.3654302,20.0797943],[-98.3654312,20.0797877],[-98.3654276,20.0798065],[-98.3654511,20.0798077],[-98.3654506,20.0798547],[-98.3654485,20.0798864],[-98.3654359,20.0799947],[-98.3653732,20.0799961],[-98.3653463,20.0799967],[-98.3652341,20.0799991],[-98.3652081,20.0799921],[-98.3651808,20.0800342],[-98.3651598,20.0800666],[-98.3651424,20.0800826],[-98.3650433,20.0802243],[-98.3650106,20.080271],[-98.3650056,20.0802782],[-98.3649788,20.0803166],[-98.3649693,20.0803361],[-98.3649397,20.0803794],[-98.3649195,20.0804089],[-98.3649071,20.0804269],[-98.3649554,20.0804695],[-98.3650266,20.0805323],[-98.3650456,20.0805492],[-98.3650627,20.0805642],[-98.3650847,20.0805836],[-98.3650674,20.0806453],[-98.3650594,20.0806691],[-98.3649615,20.0807143],[-98.3648757,20.0807072],[-98.3645803,20.0806467],[-98.3642266,20.0806133],[-98.3640615,20.0806768],[-98.3637238,20.0808269],[-98.3637979,20.0811111],[-98.3630409,20.0807769]]]},"properties":{"locality":"LINDAVISTA","official_key":"1307700010028","CVE_ENT":"13","CVE_MUN":"077","CVE_LOC":"0001","CVE_ASEN":"0028","settlement_type":"COLONIA","source":"INEGI DCAH 2025"}},{"type":"Feature","geometry":{"type":"Polygon","coordinates":[[[-98.3367934,20.089721],[-98.3359233,20.0861754],[-98.3359219,20.0861701],[-98.3359234,20.0861706],[-98.335924,20.0861709],[-98.3361756,20.0862695],[-98.3362294,20.0862905],[-98.3363685,20.0863596],[-98.3365676,20.0864585],[-98.3368073,20.0866006],[-98.3369395,20.0866787],[-98.3372809,20.0869262],[-98.3372814,20.0869265],[-98.3373499,20.0869755],[-98.3375477,20.0871193],[-98.3376072,20.0871651],[-98.3377038,20.0872473],[-98.3377759,20.0873076],[-98.3378443,20.0873558],[-98.338011,20.0873697],[-98.3380808,20.0874482],[-98.3381313,20.087506],[-98.338146,20.0875307],[-98.3381857,20.0875977],[-98.3382286,20.0876566],[-98.3382779,20.0877144],[-98.3383361,20.0878133],[-98.3384336,20.0878664],[-98.3385112,20.0879064],[-98.3385513,20.0879015],[-98.3387674,20.087875],[-98.338775,20.0879953],[-98.3390923,20.0888591],[-98.3393908,20.0900643],[-98.3394717,20.090424],[-98.3396221,20.0910738],[-98.3392452,20.0910877],[-98.3392564,20.0904924],[-98.3382032,20.0902725],[-98.3379999,20.0902469],[-98.3377476,20.090196],[-98.3372678,20.0899187],[-98.337093,20.0898108],[-98.3370895,20.0898097],[-98.3367934,20.089721]]]},"properties":{"locality":"LOMA BONITA","official_key":"1307700010029","CVE_ENT":"13","CVE_MUN":"077","CVE_LOC":"0001","CVE_ASEN":"0029","settlement_type":"COLONIA","source":"INEGI DCAH 2025"}},{"type":"Feature","geometry":{"type":"Polygon","coordinates":[[[-98.3549524,20.1094083],[-98.3547196,20.1092798],[-98.3543746,20.1090999],[-98.354055,20.1089304],[-98.3536946,20.1087232],[-98.3534836,20.108602],[-98.3533163,20.1085058],[-98.3529839,20.1083302],[-98.3529625,20.1083108],[-98.3529007,20.1083004],[-98.3525735,20.1081297],[-98.3523246,20.1079941],[-98.3519934,20.1078088],[-98.351619,20.1075981],[-98.3518762,20.1072922],[-98.3521143,20.1069999],[-98.3523644,20.1066808],[-98.3524032,20.1066245],[-98.3525452,20.1064319],[-98.352807,20.1067011],[-98.3532149,20.106749],[-98.353457,20.106788],[-98.3536409,20.1068154],[-98.353822,20.1068448],[-98.3542567,20.106902],[-98.354739,20.1069693],[-98.3552379,20.1070384],[-98.3558281,20.1071143],[-98.3565435,20.10721],[-98.3568218,20.1072636],[-98.356001,20.1095038],[-98.3556808,20.1093783],[-98.3556622,20.1093709],[-98.3556091,20.1095137],[-98.3555281,20.1097104],[-98.3549524,20.1094083]]]},"properties":{"locality":"LOMAS DEL PROGRESO","official_key":"1307700010030","CVE_ENT":"13","CVE_MUN":"077","CVE_LOC":"0001","CVE_ASEN":"0030","settlement_type":"COLONIA","source":"INEGI DCAH 2025"}},{"type":"Feature","geometry":{"type":"Polygon","coordinates":[[[-98.3649178,20.0624967],[-98.3647734,20.0624597],[-98.3647053,20.0624424],[-98.3644135,20.0623697],[-98.3642662,20.0623392],[-98.3635864,20.0601377],[-98.3630792,20.0600311],[-98.3623904,20.0598973],[-98.3621581,20.0590667],[-98.3619007,20.0581298],[-98.361844,20.0579252],[-98.3616891,20.0573661],[-98.3618076,20.0573329],[-98.3618328,20.0573326],[-98.3618317,20.0573284],[-98.3619203,20.0572989],[-98.362063,20.0572439],[-98.3620739,20.0572397],[-98.3621366,20.0572156],[-98.3621567,20.0572078],[-98.3621796,20.0571965],[-98.362175,20.0570963],[-98.3621727,20.0570079],[-98.3625266,20.0571363],[-98.3626248,20.0572587],[-98.3628349,20.0574354],[-98.3629811,20.0575254],[-98.3631403,20.0575369],[-98.3635416,20.0574838],[-98.3636893,20.0574758],[-98.3637675,20.0574931],[-98.3638848,20.0575391],[-98.3640051,20.0575793],[-98.3641103,20.0576309],[-98.3642673,20.0576943],[-98.3643936,20.0577432],[-98.3644958,20.0577862],[-98.3645829,20.0578434],[-98.3646849,20.0579405],[-98.3648452,20.0580527],[-98.3649773,20.0581528],[-98.3650254,20.05817],[-98.3652913,20.0581741],[-98.3654267,20.0582172],[-98.365541,20.0582376],[-98.3656676,20.0582238],[-98.3658183,20.058193],[-98.3659909,20.0581481],[-98.3660873,20.0581457],[-98.3661535,20.0581573],[-98.3662617,20.0582003],[-98.3664246,20.0582924],[-98.3665479,20.0583412],[-98.3666503,20.0583615],[-98.3668069,20.058362],[-98.3669976,20.0583802],[-98.3670938,20.0584318],[-98.3673432,20.0585806],[-98.3673974,20.0586666],[-98.3674479,20.0588374],[-98.3674739,20.0589822],[-98.3675132,20.0591172],[-98.3675489,20.0592774],[-98.3675935,20.0594141],[-98.3676927,20.0594657],[-98.3678587,20.0595321],[-98.367973,20.0595723],[-98.368069,20.0596694],[-98.3681618,20.0598091],[-98.3682519,20.0598806],[-98.3684112,20.0599665],[-98.368505,20.0600329],[-98.3686133,20.0600731],[-98.3687247,20.0600849],[-98.3688753,20.0600882],[-98.3689935,20.0601438],[-98.3690863,20.060269],[-98.3691671,20.0603774],[-98.369251,20.0604971],[-98.3693321,20.060632],[-98.3694039,20.0607575],[-98.3694091,20.060767],[-98.3694428,20.0608287],[-98.3695541,20.0608633],[-98.3696473,20.0609034],[-98.3697102,20.0609776],[-98.3697107,20.0610586],[-98.3697129,20.0614366],[-98.3693433,20.0635594],[-98.3684539,20.0633398],[-98.3670122,20.0629967],[-98.3666057,20.0629316],[-98.3664755,20.0629018],[-98.3664122,20.0628473],[-98.3661891,20.0627939],[-98.3658801,20.0627265],[-98.3656208,20.0626677],[-98.3653753,20.0626123],[-98.3649178,20.0624967]]]},"properties":{"locality":"MEDIAS TIERRAS","official_key":"1307700010031","CVE_ENT":"13","CVE_MUN":"077","CVE_LOC":"0001","CVE_ASEN":"0031","settlement_type":"COLONIA","source":"INEGI DCAH 2025"}},{"type":"Feature","geometry":{"type":"Polygon","coordinates":[[[-98.3409208,20.0932307],[-98.3409207,20.0932297],[-98.3409151,20.0932306],[-98.3404973,20.0932959],[-98.3404573,20.0932959],[-98.3404005,20.0933008],[-98.3399329,20.0933413],[-98.3397333,20.0933436],[-98.3397324,20.0933436],[-98.3397316,20.0933436],[-98.3393618,20.0933681],[-98.3391695,20.0933797],[-98.3392452,20.0910877],[-98.3396221,20.0910738],[-98.3394717,20.090424],[-98.3393908,20.0900643],[-98.3390923,20.0888591],[-98.338775,20.0879953],[-98.3387674,20.087875],[-98.3388511,20.0879192],[-98.3388515,20.0879194],[-98.3388516,20.0879194],[-98.3388521,20.0879197],[-98.3389335,20.0879627],[-98.3391496,20.0880852],[-98.3392996,20.0881638],[-98.3393436,20.0881752],[-98.3394608,20.0882266],[-98.3395433,20.0882756],[-98.3395791,20.0882927],[-98.339695,20.0883033],[-98.3397272,20.0883216],[-98.3397586,20.0883396],[-98.3398255,20.0883909],[-98.3399412,20.0884274],[-98.3400205,20.088429],[-98.3401223,20.0884527],[-98.3401457,20.0885786],[-98.340211,20.0886805],[-98.3402486,20.0886895],[-98.3403112,20.0887046],[-98.3403209,20.0887206],[-98.3403705,20.0888029],[-98.3404465,20.0887782],[-98.3404535,20.0887759],[-98.3404845,20.0887658],[-98.3406068,20.0887924],[-98.3406849,20.0888172],[-98.3406961,20.088819],[-98.3407556,20.0888288],[-98.3408676,20.0888276],[-98.3409004,20.0888294],[-98.3409907,20.0888159],[-98.3410287,20.0888102],[-98.3411133,20.0887828],[-98.3412065,20.088762],[-98.3413282,20.0887575],[-98.3414248,20.0887562],[-98.341528,20.0888169],[-98.3416158,20.0888612],[-98.3417276,20.088904],[-98.3417925,20.0889226],[-98.3418264,20.0889323],[-98.3418832,20.0889381],[-98.3419806,20.0889427],[-98.3420501,20.0889444],[-98.3421206,20.0889538],[-98.3421427,20.0889563],[-98.3423057,20.0889753],[-98.3423658,20.0889944],[-98.3424196,20.0890056],[-98.3425326,20.089011],[-98.3425522,20.0890126],[-98.3425787,20.0890147],[-98.3426194,20.0890179],[-98.3427005,20.0890461],[-98.3427624,20.0890603],[-98.3429003,20.0890833],[-98.3430985,20.0890448],[-98.3433077,20.0890295],[-98.3433093,20.0890294],[-98.3435035,20.0890541],[-98.3436565,20.0891189],[-98.3439272,20.0891798],[-98.3441248,20.0892308],[-98.3443001,20.0893114],[-98.3445168,20.0892845],[-98.3445106,20.0893604],[-98.344508,20.0894562],[-98.3446978,20.0895303],[-98.3448551,20.0896043],[-98.3453203,20.0897781],[-98.3458107,20.0899981],[-98.3458105,20.09],[-98.3457755,20.0903361],[-98.3457748,20.0903375],[-98.3451615,20.0903424],[-98.3451601,20.0903425],[-98.3451599,20.0903425],[-98.34516,20.0903473],[-98.3451668,20.0914655],[-98.3451738,20.0915798],[-98.3452116,20.0921889],[-98.3452488,20.0927507],[-98.3452491,20.0927543],[-98.3452492,20.0927555],[-98.3452487,20.0927555],[-98.344984,20.0927919],[-98.3447361,20.0928044],[-98.3443946,20.0928216],[-98.3441153,20.0928644],[-98.3438809,20.0929003],[-98.3433586,20.092977],[-98.3433024,20.0929835],[-98.342891,20.0930306],[-98.341579,20.093138],[-98.3415784,20.093138],[-98.3415772,20.0931381],[-98.3415782,20.0931428],[-98.3417445,20.0939038],[-98.3418237,20.0947796],[-98.341826,20.0948042],[-98.3418263,20.094808],[-98.3418259,20.094809],[-98.3418229,20.0948155],[-98.3416379,20.0952173],[-98.3415704,20.0953016],[-98.3415693,20.095303],[-98.3415663,20.0953032],[-98.3414643,20.095312],[-98.3414589,20.0953125],[-98.3414586,20.0953119],[-98.3413162,20.0950859],[-98.3412286,20.0950136],[-98.3410497,20.0947701],[-98.3410497,20.09477],[-98.3410499,20.0947653],[-98.3410647,20.0944335],[-98.3410649,20.0944292],[-98.3410648,20.0944287],[-98.3409274,20.0932858],[-98.3409208,20.0932307]]]},"properties":{"locality":"METILATLA","official_key":"1307700010032","CVE_ENT":"13","CVE_MUN":"077","CVE_LOC":"0001","CVE_ASEN":"0032","settlement_type":"COLONIA","source":"INEGI DCAH 2025"}},{"type":"Feature","geometry":{"type":"Polygon","coordinates":[[[-98.3738636,20.0927458],[-98.3740283,20.0925913],[-98.3748939,20.0928162],[-98.3748985,20.0928174],[-98.3754231,20.0929529],[-98.3761437,20.0931457],[-98.3760811,20.093313],[-98.3760417,20.0933456],[-98.375875,20.093717],[-98.3758262,20.0938482],[-98.3757054,20.0941766],[-98.3755477,20.0945648],[-98.3754191,20.0948606],[-98.3752996,20.0951998],[-98.3752135,20.0954846],[-98.3749333,20.0955526],[-98.3746504,20.0954685],[-98.3743034,20.0953651],[-98.3739648,20.0952643],[-98.373684,20.0951786],[-98.3735316,20.095134],[-98.3734646,20.0951061],[-98.3733219,20.095067],[-98.3732475,20.0950466],[-98.3730489,20.0949921],[-98.3729744,20.0949717],[-98.3728201,20.0949294],[-98.3727455,20.094909],[-98.3725714,20.0948613],[-98.3724883,20.094841],[-98.3722507,20.0947392],[-98.3721538,20.0946991],[-98.3722368,20.0946447],[-98.3723442,20.0945637],[-98.3724266,20.0944826],[-98.3726412,20.0942528],[-98.3729272,20.0939545],[-98.3733124,20.0935937],[-98.3734095,20.0934932],[-98.3735878,20.0931994],[-98.3736777,20.0930903],[-98.3737354,20.0930047],[-98.3738636,20.0927458]]]},"properties":{"locality":"MINERA SECCIÓN 200","official_key":"1307700010033","CVE_ENT":"13","CVE_MUN":"077","CVE_LOC":"0001","CVE_ASEN":"0033","settlement_type":"UNIDAD HABITACIONAL","source":"INEGI DCAH 2025"}},{"type":"Feature","geometry":{"type":"Polygon","coordinates":[[[-98.3564335,20.0826925],[-98.3562803,20.0817536],[-98.3565615,20.0815635],[-98.3566697,20.0814904],[-98.3570724,20.0812682],[-98.3574769,20.0810293],[-98.3577982,20.0808427],[-98.3579641,20.0809621],[-98.3582111,20.0811047],[-98.3584661,20.0812666],[-98.3589561,20.0815327],[-98.358788,20.0807634],[-98.3587536,20.0806401],[-98.3587961,20.0801764],[-98.3588241,20.0799308],[-98.3588688,20.0797555],[-98.3588429,20.0796028],[-98.3591945,20.0796687],[-98.359594,20.0796468],[-98.3599148,20.0796114],[-98.360053,20.0796051],[-98.3601472,20.0802753],[-98.3596534,20.080051],[-98.3597123,20.0804661],[-98.3598299,20.0811861],[-98.3597943,20.0812556],[-98.3598012,20.0816243],[-98.3594819,20.0819856],[-98.3591956,20.0823058],[-98.359186,20.0823416],[-98.3590621,20.0823164],[-98.3590579,20.0824265],[-98.3589679,20.0825989],[-98.3586762,20.0826271],[-98.3583578,20.082677],[-98.3582533,20.0826934],[-98.3580649,20.082644],[-98.3577656,20.0825655],[-98.3574965,20.0824946],[-98.3573051,20.0825412],[-98.3568998,20.0826678],[-98.3567254,20.0827222],[-98.3566116,20.0827457],[-98.3564335,20.0826925]]]},"properties":{"locality":"EL MIRADOR","official_key":"1307700010034","CVE_ENT":"13","CVE_MUN":"077","CVE_LOC":"0001","CVE_ASEN":"0034","settlement_type":"FRACCIONAMIENTO","source":"INEGI DCAH 2025"}},{"type":"Feature","geometry":{"type":"Polygon","coordinates":[[[-98.3717962,20.0962075],[-98.3711344,20.0958287],[-98.3706455,20.0955475],[-98.3704005,20.0954054],[-98.3703031,20.0953492],[-98.3704485,20.0947019],[-98.3705694,20.0941116],[-98.3710748,20.0910938],[-98.3711132,20.0908591],[-98.3714953,20.0907567],[-98.3719172,20.0906237],[-98.3723757,20.0905003],[-98.3727811,20.0903852],[-98.3730941,20.0903044],[-98.3734889,20.0902083],[-98.3737031,20.090175],[-98.3736132,20.09026],[-98.3734883,20.09042],[-98.3734007,20.0905303],[-98.3735873,20.0905812],[-98.3733955,20.0911085],[-98.3729734,20.0922691],[-98.3740283,20.0925913],[-98.3738636,20.0927458],[-98.3737354,20.0930047],[-98.3736777,20.0930903],[-98.3735878,20.0931994],[-98.3734095,20.0934932],[-98.3733124,20.0935937],[-98.3729272,20.0939545],[-98.3726412,20.0942528],[-98.3724266,20.0944826],[-98.3723442,20.0945637],[-98.3722368,20.0946447],[-98.3721538,20.0946991],[-98.3722507,20.0947392],[-98.3724883,20.094841],[-98.3725714,20.0948613],[-98.3727455,20.094909],[-98.3728201,20.0949294],[-98.3729744,20.0949717],[-98.3730489,20.0949921],[-98.3732475,20.0950466],[-98.3733219,20.095067],[-98.3734646,20.0951061],[-98.3735316,20.095134],[-98.373684,20.0951786],[-98.3739648,20.0952643],[-98.3743034,20.0953651],[-98.3746504,20.0954685],[-98.3749333,20.0955526],[-98.3752135,20.0954846],[-98.3751816,20.0956192],[-98.3751136,20.0958268],[-98.375051,20.0960958],[-98.3750154,20.0962617],[-98.374939,20.0966437],[-98.3748505,20.0970019],[-98.3745718,20.0969295],[-98.3743452,20.0968724],[-98.3740894,20.0968103],[-98.3738412,20.0967468],[-98.3736147,20.0966815],[-98.3733946,20.0966205],[-98.3731458,20.0965558],[-98.3729962,20.0965351],[-98.3727564,20.0964711],[-98.3725136,20.0964027],[-98.3722642,20.0963367],[-98.3720371,20.0962795],[-98.3719069,20.0962485],[-98.3717962,20.0962075]]]},"properties":{"locality":"LA MORENA SECCIÓN NORTE B","official_key":"1307700010035","CVE_ENT":"13","CVE_MUN":"077","CVE_LOC":"0001","CVE_ASEN":"0035","settlement_type":"FRACCIONAMIENTO","source":"INEGI DCAH 2025"}},{"type":"Feature","geometry":{"type":"Polygon","coordinates":[[[-98.3560639,20.0967307],[-98.3562357,20.0968018],[-98.356447,20.0968803],[-98.356431,20.09694],[-98.3564905,20.0969718],[-98.3566,20.0970286],[-98.3566788,20.0970671],[-98.3568203,20.0970835],[-98.3569611,20.0970802],[-98.3571473,20.0970257],[-98.3574073,20.0969148],[-98.3576435,20.096831],[-98.3577417,20.0969412],[-98.358183,20.0974018],[-98.3577022,20.0977616],[-98.3575929,20.0978286],[-98.3557949,20.0989882],[-98.3555779,20.0991368],[-98.353577,20.1003833],[-98.3524504,20.1010953],[-98.3520128,20.1014028],[-98.3516527,20.1016342],[-98.35134,20.1018113],[-98.3510741,20.1019501],[-98.3507801,20.1020162],[-98.3504665,20.1020435],[-98.3500874,20.1020431],[-98.3485721,20.1020404],[-98.3481918,20.1020195],[-98.3480244,20.1019853],[-98.3479688,20.1019449],[-98.3479253,20.1018711],[-98.3478822,20.1017133],[-98.3478604,20.1013716],[-98.3477914,20.1011209],[-98.3477934,20.1011211],[-98.3481337,20.1011475],[-98.3483003,20.1011373],[-98.3488433,20.1012317],[-98.3490761,20.1012764],[-98.3495138,20.1013678],[-98.3497872,20.1014449],[-98.349954,20.1015298],[-98.3500267,20.1015615],[-98.3501084,20.1015684],[-98.3501131,20.1015688],[-98.3501141,20.1015685],[-98.3502779,20.1015264],[-98.3504325,20.1014045],[-98.350433,20.101404],[-98.3505178,20.1013083],[-98.3506199,20.1011829],[-98.3506207,20.1011824],[-98.3507468,20.1011068],[-98.3508905,20.1010776],[-98.3510586,20.1010782],[-98.3511821,20.1010785],[-98.3513435,20.1010063],[-98.3513439,20.1010054],[-98.3514071,20.1008609],[-98.351517,20.1006417],[-98.3516009,20.1004195],[-98.3516055,20.1004071],[-98.3516655,20.1002982],[-98.3516668,20.1002973],[-98.3516858,20.1002844],[-98.3518917,20.1001455],[-98.3518918,20.1001451],[-98.351938,20.0999604],[-98.3520273,20.0995339],[-98.3520497,20.0992417],[-98.3520852,20.0991194],[-98.3521704,20.0989599],[-98.3522229,20.0987614],[-98.3522238,20.0987582],[-98.3522231,20.0987566],[-98.3521578,20.0986058],[-98.3520457,20.0984256],[-98.3518782,20.0982728],[-98.3518137,20.0980878],[-98.3518124,20.098084],[-98.3518139,20.098083],[-98.3518141,20.0980828],[-98.351889,20.0980295],[-98.3522414,20.0977725],[-98.3526454,20.0974779],[-98.3529528,20.0972147],[-98.3533166,20.0969031],[-98.3533195,20.0969006],[-98.3533196,20.0969005],[-98.3533202,20.0968963],[-98.353369,20.0966038],[-98.3533693,20.0966018],[-98.3535516,20.0966141],[-98.3537342,20.0967108],[-98.3538649,20.0967528],[-98.3542224,20.0967765],[-98.3543692,20.0967584],[-98.3545786,20.0967066],[-98.3550088,20.0966286],[-98.3553423,20.0966436],[-98.3557163,20.0966518],[-98.3558877,20.0966819],[-98.3560639,20.0967307]]]},"properties":{"locality":"NUEVA MORELOS","official_key":"1307700010036","CVE_ENT":"13","CVE_MUN":"077","CVE_LOC":"0001","CVE_ASEN":"0036","settlement_type":"COLONIA","source":"INEGI DCAH 2025"}},{"type":"Feature","geometry":{"type":"MultiPolygon","coordinates":[[[[-98.3609026,20.1022184],[-98.3606541,20.1018821],[-98.3604235,20.1015598],[-98.3602161,20.1012502],[-98.3600706,20.1010525],[-98.3599855,20.1009295],[-98.3597667,20.1006158],[-98.3595204,20.1002856],[-98.3597626,20.1001209],[-98.3599497,20.0999973],[-98.3601396,20.0998806],[-98.3603457,20.0997411],[-98.360751,20.0994857],[-98.3608976,20.0997008],[-98.3609613,20.0997842],[-98.3611684,20.1000674],[-98.3612252,20.1001493],[-98.3614454,20.1004608],[-98.3616675,20.1007781],[-98.3618968,20.1010955],[-98.3621435,20.1014326],[-98.3609026,20.1022184]]],[[[-98.3626287,20.1021428],[-98.3633065,20.1031349],[-98.3629787,20.1033459],[-98.3626571,20.1035551],[-98.3623244,20.1037603],[-98.3621102,20.1039017],[-98.3620036,20.1039596],[-98.3616649,20.104168],[-98.3613285,20.1043828],[-98.3609978,20.1045908],[-98.3606568,20.1048046],[-98.3603227,20.1049935],[-98.3601717,20.1050937],[-98.3598854,20.1048064],[-98.3593533,20.1042258],[-98.3596441,20.1040396],[-98.3599802,20.1038197],[-98.3603118,20.1036273],[-98.360644,20.1034145],[-98.3609773,20.1032029],[-98.3612976,20.102983],[-98.3613906,20.1029192],[-98.3616324,20.1027812],[-98.3619592,20.1025755],[-98.3622965,20.1023592],[-98.3626287,20.1021428]]]]},"properties":{"locality":"NUEVO TULANCINGO","official_key":"1307700010037","CVE_ENT":"13","CVE_MUN":"077","CVE_LOC":"0001","CVE_ASEN":"0037","settlement_type":"CONJUNTO HABITACIONAL","source":"INEGI DCAH 2025"}},{"type":"Feature","geometry":{"type":"Polygon","coordinates":[[[-98.3472668,20.0903746],[-98.3472662,20.0903745],[-98.347261,20.0903744],[-98.3469888,20.0903705],[-98.3469832,20.0903704],[-98.3469831,20.0903704],[-98.3468098,20.0903091],[-98.3464593,20.0901434],[-98.3460704,20.0900934],[-98.3458163,20.0900001],[-98.3458121,20.0899986],[-98.3458107,20.0899981],[-98.3453203,20.0897781],[-98.3448551,20.0896043],[-98.3446978,20.0895303],[-98.344508,20.0894562],[-98.3445106,20.0893604],[-98.3445168,20.0892845],[-98.3448247,20.0892138],[-98.3463676,20.0888373],[-98.3475046,20.088558],[-98.3477431,20.0884998],[-98.3481742,20.0883931],[-98.3485988,20.088296],[-98.349163,20.0881549],[-98.3491223,20.0883398],[-98.349042,20.0887046],[-98.3489608,20.0890733],[-98.3488716,20.0894783],[-98.3483456,20.0893583],[-98.3480612,20.0904869],[-98.3476498,20.0904186],[-98.3472668,20.0903746]]]},"properties":{"locality":"PARQUE DE POBLAMIENTO INDUSTRIAL","official_key":"1307700010039","CVE_ENT":"13","CVE_MUN":"077","CVE_LOC":"0001","CVE_ASEN":"0039","settlement_type":"COLONIA","source":"INEGI DCAH 2025"}},{"type":"Feature","geometry":{"type":"Polygon","coordinates":[[[-98.3712862,20.089832],[-98.371364,20.0893578],[-98.3714126,20.0890751],[-98.3715497,20.0891083],[-98.3716322,20.089192],[-98.371706,20.0892382],[-98.3717206,20.0892419],[-98.3717446,20.0892482],[-98.3717699,20.0892547],[-98.3718356,20.0892717],[-98.371901,20.0892886],[-98.3719317,20.0892966],[-98.3719645,20.089305],[-98.372032,20.0893225],[-98.372098,20.0893415],[-98.3721564,20.0893583],[-98.3722251,20.089378],[-98.3722868,20.0893958],[-98.3723489,20.0894137],[-98.3724144,20.0894325],[-98.3724452,20.0894416],[-98.3724776,20.0894512],[-98.3724976,20.0894571],[-98.3725212,20.0894641],[-98.3725392,20.0894694],[-98.3725891,20.0894834],[-98.3726709,20.0895067],[-98.3727879,20.0895503],[-98.3729206,20.0895854],[-98.3729583,20.0895954],[-98.372983,20.0896019],[-98.3730475,20.089619],[-98.3731171,20.0896374],[-98.3731409,20.0896437],[-98.3731782,20.0896536],[-98.3732078,20.0896614],[-98.3732231,20.0896654],[-98.3732401,20.0896699],[-98.3733055,20.0896872],[-98.3733689,20.089704],[-98.3734319,20.0897206],[-98.3734995,20.0897385],[-98.373562,20.0897551],[-98.3736911,20.0897892],[-98.3737168,20.089796],[-98.3737504,20.0898049],[-98.3737661,20.0898091],[-98.3737831,20.0898135],[-98.3737768,20.0898352],[-98.3737031,20.090175],[-98.3734889,20.0902083],[-98.3730941,20.0903044],[-98.3727811,20.0903852],[-98.3723757,20.0905003],[-98.3719172,20.0906237],[-98.3714953,20.0907567],[-98.3711132,20.0908591],[-98.3711794,20.0904749],[-98.3712114,20.0902826],[-98.3712862,20.089832]]]},"properties":{"locality":"PIFSAL","official_key":"1307700010040","CVE_ENT":"13","CVE_MUN":"077","CVE_LOC":"0001","CVE_ASEN":"0040","settlement_type":"FRACCIONAMIENTO","source":"INEGI DCAH 2025"}},{"type":"Feature","geometry":{"type":"Polygon","coordinates":[[[-98.353577,20.1003833],[-98.3555779,20.0991368],[-98.3557949,20.0989882],[-98.3575929,20.0978286],[-98.3577022,20.0977616],[-98.358183,20.0974018],[-98.3589118,20.0969641],[-98.3591763,20.096777],[-98.3595919,20.0965233],[-98.3597822,20.0966993],[-98.36024,20.0968419],[-98.3604089,20.0971636],[-98.3605279,20.0973767],[-98.3606391,20.0975857],[-98.3607089,20.097729],[-98.3607558,20.0977805],[-98.3608777,20.0978746],[-98.3611201,20.098022],[-98.3612052,20.098072],[-98.3613843,20.0982131],[-98.3614783,20.0983041],[-98.3615223,20.0983676],[-98.3615737,20.0984432],[-98.3616578,20.0986204],[-98.3616917,20.0986836],[-98.3617608,20.0987572],[-98.3618231,20.0987835],[-98.3614262,20.0990246],[-98.3610175,20.0992729],[-98.3611854,20.0995284],[-98.3609044,20.0996967],[-98.3608976,20.0997008],[-98.360751,20.0994857],[-98.3606262,20.0993044],[-98.3604089,20.0989959],[-98.3603263,20.0988847],[-98.3601438,20.098632],[-98.3598585,20.0982542],[-98.3591587,20.0986863],[-98.3586204,20.0990362],[-98.3587617,20.0992269],[-98.3590732,20.0996651],[-98.3591288,20.0997428],[-98.3592781,20.0999443],[-98.3595204,20.1002856],[-98.3597667,20.1006158],[-98.3599855,20.1009295],[-98.3600706,20.1010525],[-98.3602161,20.1012502],[-98.3604235,20.1015598],[-98.3606541,20.1018821],[-98.3609026,20.1022184],[-98.3607978,20.1022793],[-98.3590916,20.1032419],[-98.3589051,20.1033648],[-98.3586088,20.1035458],[-98.3582236,20.1031366],[-98.3578038,20.1026877],[-98.3568656,20.1021657],[-98.3561232,20.1017523],[-98.355205,20.1012294],[-98.3545948,20.1009291],[-98.353577,20.1003833]]]},"properties":{"locality":"LOS PINOS","official_key":"1307700010041","CVE_ENT":"13","CVE_MUN":"077","CVE_LOC":"0001","CVE_ASEN":"0041","settlement_type":"FRACCIONAMIENTO","source":"INEGI DCAH 2025"}},{"type":"Feature","geometry":{"type":"Polygon","coordinates":[[[-98.3683154,20.0729273],[-98.3682982,20.0732869],[-98.3688593,20.0736322],[-98.3692564,20.0737652],[-98.3689026,20.0738316],[-98.3676389,20.0737962],[-98.3669642,20.073784],[-98.3660772,20.0737375],[-98.3660513,20.073592],[-98.3658921,20.0728441],[-98.3658821,20.072797],[-98.3656857,20.0719082],[-98.3654893,20.0710194],[-98.365293,20.0701306],[-98.3651204,20.069351],[-98.3648917,20.0684997],[-98.365048,20.0685168],[-98.3655296,20.0685848],[-98.3661882,20.0687048],[-98.3666061,20.0687829],[-98.3685222,20.0691217],[-98.3693044,20.0692472],[-98.3695296,20.0692876],[-98.3691163,20.0719819],[-98.3683473,20.0721163],[-98.3684008,20.0722526],[-98.3682318,20.0722815],[-98.3682902,20.0728288],[-98.3683154,20.0729273]]]},"properties":{"locality":"PLAN DE AYALA","official_key":"1307700010043","CVE_ENT":"13","CVE_MUN":"077","CVE_LOC":"0001","CVE_ASEN":"0043","settlement_type":"COLONIA","source":"INEGI DCAH 2025"}},{"type":"Feature","geometry":{"type":"Polygon","coordinates":[[[-98.3527987,20.0912706],[-98.3530128,20.0904409],[-98.3533506,20.0905274],[-98.3534741,20.0905561],[-98.3536988,20.0906199],[-98.3539344,20.0906781],[-98.3540579,20.0907103],[-98.3544365,20.0907968],[-98.3549128,20.0909067],[-98.3554107,20.0910213],[-98.3558788,20.0911393],[-98.3563612,20.0912611],[-98.3568561,20.0913829],[-98.3573487,20.0914971],[-98.3571207,20.0923004],[-98.3566531,20.0921844],[-98.356155,20.092074],[-98.3556675,20.0919599],[-98.3551808,20.091846],[-98.3546981,20.0917336],[-98.3542021,20.0916202],[-98.3538881,20.0915481],[-98.353851,20.0915396],[-98.3535869,20.0914743],[-98.3534982,20.0914524],[-98.3533081,20.0914031],[-98.3531454,20.0913592],[-98.3530108,20.0913248],[-98.3527987,20.0912706]]]},"properties":{"locality":"PLUTARCO ELÍAS CALLES","official_key":"1307700010044","CVE_ENT":"13","CVE_MUN":"077","CVE_LOC":"0001","CVE_ASEN":"0044","settlement_type":"COLONIA","source":"INEGI DCAH 2025"}},{"type":"Feature","geometry":{"type":"Polygon","coordinates":[[[-98.3609026,20.1022184],[-98.3621435,20.1014326],[-98.3624,20.1018196],[-98.3626287,20.1021428],[-98.3622965,20.1023592],[-98.3619592,20.1025755],[-98.3616324,20.1027812],[-98.3613906,20.1029192],[-98.3612976,20.102983],[-98.3609773,20.1032029],[-98.360644,20.1034145],[-98.3603118,20.1036273],[-98.3599802,20.1038197],[-98.3596441,20.1040396],[-98.3593533,20.1042258],[-98.358926,20.1038184],[-98.3586088,20.1035458],[-98.3589051,20.1033648],[-98.3590916,20.1032419],[-98.3607978,20.1022793],[-98.3609026,20.1022184]]]},"properties":{"locality":"VIVIR MEJOR ES PROGRESO","official_key":"1307700010045","CVE_ENT":"13","CVE_MUN":"077","CVE_LOC":"0001","CVE_ASEN":"0045","settlement_type":"FRACCIONAMIENTO","source":"INEGI DCAH 2025"}},{"type":"Feature","geometry":{"type":"Polygon","coordinates":[[[-98.3826382,20.0721851],[-98.3829176,20.0721151],[-98.3831346,20.0729988],[-98.3828814,20.0730605],[-98.3826251,20.0731321],[-98.3824035,20.0722414],[-98.3826382,20.0721851]]]},"properties":{"locality":"QUINTA REAL","official_key":"1307700010046","CVE_ENT":"13","CVE_MUN":"077","CVE_LOC":"0001","CVE_ASEN":"0046","settlement_type":"PRIVADA","source":"INEGI DCAH 2025"}},{"type":"Feature","geometry":{"type":"Polygon","coordinates":[[[-98.372155,20.099679],[-98.372215,20.0995021],[-98.3738687,20.1008238],[-98.3738024,20.1009668],[-98.3737748,20.1010496],[-98.3737434,20.1011329],[-98.3737012,20.1012374],[-98.3736595,20.1013252],[-98.3734706,20.1016914],[-98.3733044,20.1020642],[-98.3731391,20.1024167],[-98.3724733,20.1022374],[-98.3713301,20.1019617],[-98.3714441,20.1016078],[-98.3715916,20.1012226],[-98.3717197,20.1008477],[-98.3718601,20.1004729],[-98.3720031,20.100115],[-98.372155,20.099679]]]},"properties":{"locality":"EL REFUGIO","official_key":"1307700010047","CVE_ENT":"13","CVE_MUN":"077","CVE_LOC":"0001","CVE_ASEN":"0047","settlement_type":"COLONIA","source":"INEGI DCAH 2025"}},{"type":"Feature","geometry":{"type":"Polygon","coordinates":[[[-98.374579,20.0795039],[-98.3747172,20.0788302],[-98.3763973,20.0791009],[-98.3771932,20.0791734],[-98.3770025,20.0800573],[-98.376918,20.0804301],[-98.376844,20.080741],[-98.3767034,20.0813337],[-98.3759015,20.0812984],[-98.3752488,20.0812295],[-98.374256,20.0811286],[-98.374316,20.0807163],[-98.3745197,20.079753],[-98.374579,20.0795039]]]},"properties":{"locality":"RINCÓN COLONIAL","official_key":"1307700010048","CVE_ENT":"13","CVE_MUN":"077","CVE_LOC":"0001","CVE_ASEN":"0048","settlement_type":"FRACCIONAMIENTO","source":"INEGI DCAH 2025"}},{"type":"Feature","geometry":{"type":"Polygon","coordinates":[[[-98.3703031,20.0953492],[-98.3704005,20.0954054],[-98.3706455,20.0955475],[-98.3711344,20.0958287],[-98.3717962,20.0962075],[-98.3717235,20.0964789],[-98.3716068,20.0967803],[-98.3706701,20.0980312],[-98.3697136,20.0990985],[-98.3695827,20.0992546],[-98.3697749,20.0982043],[-98.3699858,20.0970511],[-98.3703031,20.0953492]]]},"properties":{"locality":"RINCONADA LA MORENA","official_key":"1307700010049","CVE_ENT":"13","CVE_MUN":"077","CVE_LOC":"0001","CVE_ASEN":"0049","settlement_type":"FRACCIONAMIENTO","source":"INEGI DCAH 2025"}},{"type":"Feature","geometry":{"type":"Polygon","coordinates":[[[-98.3885122,20.0731048],[-98.3882226,20.0730559],[-98.3877833,20.0729728],[-98.3875401,20.072885],[-98.3861456,20.0721691],[-98.3854838,20.0718407],[-98.3859366,20.0704796],[-98.3861539,20.0698306],[-98.3862327,20.0695834],[-98.3865201,20.0696568],[-98.3869875,20.0697887],[-98.3871726,20.0698471],[-98.3871825,20.0698214],[-98.3874118,20.0691652],[-98.3874493,20.0691841],[-98.3883084,20.0695753],[-98.3882971,20.0695995],[-98.3879562,20.070327],[-98.3879565,20.0703717],[-98.3885122,20.0731048]]]},"properties":{"locality":"SAN FRANCISCO HUATENGO","official_key":"1307700010050","CVE_ENT":"13","CVE_MUN":"077","CVE_LOC":"0001","CVE_ASEN":"0050","settlement_type":"RANCHO","source":"INEGI DCAH 2025"}},{"type":"Feature","geometry":{"type":"Polygon","coordinates":[[[-98.3375629,20.0693171],[-98.337804,20.0691423],[-98.3379662,20.0690598],[-98.338219,20.0688764],[-98.3379987,20.0686745],[-98.3377755,20.0684781],[-98.337254,20.0679838],[-98.3371244,20.0678485],[-98.3369561,20.0678505],[-98.3368442,20.0678807],[-98.3365439,20.0679966],[-98.3364903,20.0680282],[-98.3364878,20.0680297],[-98.3364864,20.0680305],[-98.336497,20.068012],[-98.3366038,20.0678243],[-98.3367264,20.0676462],[-98.3368758,20.0674759],[-98.3368763,20.0674756],[-98.3371737,20.0673389],[-98.3375074,20.0671155],[-98.3376875,20.0670004],[-98.3377158,20.0669824],[-98.33774,20.0669669],[-98.337824,20.0669132],[-98.3378966,20.066863],[-98.3380539,20.066754],[-98.3381144,20.0667121],[-98.3381147,20.0667115],[-98.3382159,20.0665537],[-98.3382495,20.066505],[-98.338269,20.0664768],[-98.3382698,20.0664765],[-98.3383644,20.0664429],[-98.3383872,20.0664348],[-98.3385422,20.0663797],[-98.3385431,20.0663786],[-98.338571,20.066343],[-98.3385826,20.0663282],[-98.3385886,20.0663206],[-98.3386302,20.0662675],[-98.3386704,20.0662111],[-98.3387079,20.0661583],[-98.338709,20.0661576],[-98.3387951,20.0661039],[-98.3388924,20.0660719],[-98.3389841,20.0660769],[-98.3390914,20.0660736],[-98.3391193,20.0660728],[-98.3392672,20.0660731],[-98.3394025,20.0660371],[-98.3395164,20.0659688],[-98.3395171,20.0659679],[-98.3395996,20.0658616],[-98.3396011,20.0658603],[-98.3396757,20.0657946],[-98.3397159,20.0657593],[-98.3398232,20.065675],[-98.3399273,20.0656092],[-98.340035,20.0655361],[-98.3401315,20.0654586],[-98.3402065,20.0653924],[-98.3402067,20.0653922],[-98.3403517,20.0652471],[-98.3403528,20.0652462],[-98.3404551,20.0651593],[-98.3405836,20.0650866],[-98.3406773,20.0650169],[-98.340778,20.0649495],[-98.3408677,20.0648838],[-98.3408682,20.0648831],[-98.3409457,20.0647905],[-98.3409979,20.0647237],[-98.3410629,20.0646353],[-98.3410645,20.0646338],[-98.3411482,20.0645581],[-98.3411485,20.0645578],[-98.3412344,20.0644828],[-98.3412345,20.0644826],[-98.3414775,20.0642145],[-98.3415726,20.0640987],[-98.3416479,20.0639777],[-98.3416784,20.0639222],[-98.341718,20.0638792],[-98.3417189,20.0638785],[-98.3417677,20.0638424],[-98.3418177,20.0638201],[-98.3418973,20.0637819],[-98.3418989,20.0637805],[-98.3419278,20.0637547],[-98.3419294,20.0637533],[-98.3419919,20.0636975],[-98.3420584,20.0635991],[-98.3421333,20.063527],[-98.3421341,20.0635263],[-98.3425566,20.0631713],[-98.3425759,20.0631551],[-98.3427318,20.0633756],[-98.3432291,20.0640177],[-98.3434012,20.06424],[-98.3435377,20.0644688],[-98.3436374,20.0647519],[-98.3436504,20.0649289],[-98.3435666,20.0652829],[-98.342841,20.0653114],[-98.3430939,20.0657359],[-98.3431983,20.0661661],[-98.3432837,20.0666001],[-98.3433071,20.0666294],[-98.3433355,20.0666681],[-98.3434605,20.0667788],[-98.3434822,20.0669024],[-98.3435168,20.067099],[-98.3435232,20.067135],[-98.3435284,20.0671649],[-98.3436128,20.067644],[-98.3436153,20.067658],[-98.3436882,20.0679627],[-98.3437252,20.0679454],[-98.34378,20.0681027],[-98.3437311,20.0681327],[-98.3438321,20.0684599],[-98.3435441,20.0685922],[-98.3436744,20.0689064],[-98.3427145,20.0690773],[-98.3422848,20.0691492],[-98.3417872,20.0692498],[-98.3414118,20.069308],[-98.3413276,20.0693029],[-98.3413404,20.0694626],[-98.3409851,20.0695729],[-98.3406533,20.069644],[-98.340278,20.0697419],[-98.3398924,20.0698174],[-98.3395263,20.0698839],[-98.3392157,20.0699291],[-98.3382275,20.0701007],[-98.3370868,20.0703054],[-98.3368701,20.069779],[-98.3371963,20.0695856],[-98.3375629,20.0693171]]]},"properties":{"locality":"SAN JUAN","official_key":"1307700010051","CVE_ENT":"13","CVE_MUN":"077","CVE_LOC":"0001","CVE_ASEN":"0051","settlement_type":"COLONIA","source":"INEGI DCAH 2025"}},{"type":"Feature","geometry":{"type":"Polygon","coordinates":[[[-98.36646,20.0756713],[-98.367027,20.0756389],[-98.3679509,20.0755757],[-98.3679202,20.075095],[-98.3679087,20.0749343],[-98.3678824,20.0744294],[-98.36787,20.0740924],[-98.3677234,20.0740745],[-98.3676389,20.0737962],[-98.3689026,20.0738316],[-98.3692187,20.0739409],[-98.3704494,20.0747938],[-98.3706506,20.0750932],[-98.3713434,20.0754569],[-98.370861,20.0753713],[-98.3704085,20.0752898],[-98.3702068,20.075304],[-98.3699113,20.0751272],[-98.3697992,20.0752812],[-98.3694937,20.0756994],[-98.3690455,20.0756772],[-98.3689982,20.076453],[-98.368986,20.0765425],[-98.3689527,20.0767864],[-98.3689352,20.0777562],[-98.3686311,20.0777498],[-98.3686302,20.0777397],[-98.3684135,20.0777645],[-98.3681876,20.0777974],[-98.3681001,20.0778558],[-98.3670412,20.0779673],[-98.3669037,20.077456],[-98.3667913,20.0769537],[-98.3666611,20.0764444],[-98.3665186,20.0758663],[-98.36646,20.0756713]]]},"properties":{"locality":"SAN LUIS","official_key":"1307700010052","CVE_ENT":"13","CVE_MUN":"077","CVE_LOC":"0001","CVE_ASEN":"0052","settlement_type":"COLONIA","source":"INEGI DCAH 2025"}},{"type":"Feature","geometry":{"type":"Polygon","coordinates":[[[-98.3529812,20.07928],[-98.3530443,20.0795072],[-98.3531455,20.0798922],[-98.3531775,20.0800114],[-98.3532355,20.0802342],[-98.3532684,20.0803527],[-98.3532904,20.0804317],[-98.3533576,20.0805293],[-98.3534392,20.0806458],[-98.3535154,20.0808276],[-98.3535634,20.0809996],[-98.3535297,20.0810915],[-98.3534883,20.0811893],[-98.3536717,20.0817394],[-98.3535162,20.0818596],[-98.3530292,20.0821302],[-98.3524885,20.0823694],[-98.3525757,20.0824502],[-98.3525276,20.0825776],[-98.351931,20.0827015],[-98.3513321,20.082833],[-98.351076,20.0828772],[-98.3509736,20.0828949],[-98.3510181,20.0826392],[-98.35112,20.0823639],[-98.3512267,20.0821008],[-98.3512821,20.0819582],[-98.3514074,20.0817373],[-98.3516644,20.0813029],[-98.3517266,20.0812022],[-98.3519492,20.0808577],[-98.3520961,20.0806284],[-98.3522265,20.0804118],[-98.3524779,20.0800137],[-98.3525649,20.0798541],[-98.3526548,20.0797112],[-98.3526833,20.0796659],[-98.3528343,20.079471],[-98.3529812,20.07928]]]},"properties":{"locality":"SAN RAFAEL","official_key":"1307700010054","CVE_ENT":"13","CVE_MUN":"077","CVE_LOC":"0001","CVE_ASEN":"0054","settlement_type":"COLONIA","source":"INEGI DCAH 2025"}},{"type":"Feature","geometry":{"type":"Polygon","coordinates":[[[-98.3812884,20.0853306],[-98.3811927,20.0846315],[-98.3811575,20.0843757],[-98.3811175,20.0841293],[-98.3810066,20.0834456],[-98.3809299,20.0828871],[-98.3808613,20.0822523],[-98.3807827,20.0817213],[-98.3805245,20.0800897],[-98.3805026,20.0797974],[-98.3804276,20.0792453],[-98.380429,20.0792144],[-98.3805614,20.0789171],[-98.380477,20.078326],[-98.3802959,20.0774028],[-98.3801718,20.0755536],[-98.3801643,20.0754076],[-98.3803408,20.0753578],[-98.3806077,20.075289],[-98.381146,20.0751501],[-98.3816231,20.0750281],[-98.3820456,20.0749306],[-98.3825177,20.0748248],[-98.3834186,20.0746431],[-98.3835739,20.0746054],[-98.3835953,20.0746926],[-98.383702,20.0751265],[-98.3838132,20.0755983],[-98.3838974,20.0759023],[-98.3839974,20.0763502],[-98.3840574,20.0765222],[-98.3840794,20.0765844],[-98.3841625,20.076678],[-98.3843839,20.0768571],[-98.3848002,20.077197],[-98.3851913,20.0775141],[-98.3853298,20.0776471],[-98.3854122,20.0777411],[-98.3854502,20.0778666],[-98.3854777,20.0781257],[-98.3855212,20.0783989],[-98.3855496,20.0786855],[-98.3856032,20.0785606],[-98.3859086,20.0780881],[-98.386379,20.0783259],[-98.3867146,20.0785113],[-98.3870063,20.07868],[-98.3868005,20.0789946],[-98.3867982,20.0789981],[-98.3868004,20.0789994],[-98.3869137,20.0790681],[-98.3869159,20.0790695],[-98.3869135,20.0790729],[-98.3867885,20.0792536],[-98.3865773,20.079587],[-98.3863837,20.0798818],[-98.3862121,20.0801548],[-98.3859866,20.0805057],[-98.3858636,20.0806763],[-98.3858627,20.0806776],[-98.3858024,20.0806916],[-98.3856677,20.0806525],[-98.3852271,20.0805305],[-98.3852265,20.0805304],[-98.3836366,20.0830776],[-98.382369,20.0850167],[-98.3823426,20.0850545],[-98.3819484,20.0857385],[-98.381802,20.0857614],[-98.381611,20.0857707],[-98.3815374,20.0850917],[-98.3814782,20.0850359],[-98.3812884,20.0853306]],[[-98.3833715,20.0813363],[-98.3831036,20.0801954],[-98.3828079,20.0805893],[-98.3827947,20.0805689],[-98.382755,20.0803997],[-98.3824624,20.0803736],[-98.3821773,20.0808184],[-98.3821602,20.0808451],[-98.381919,20.0807125],[-98.381678,20.08058],[-98.3813426,20.0811551],[-98.3813548,20.0812899],[-98.3813562,20.0812979],[-98.3815781,20.0825705],[-98.382486,20.0831064],[-98.3826125,20.0832572],[-98.3834888,20.0818893],[-98.3833715,20.0813363]]]},"properties":{"locality":"SANTA ANA","official_key":"1307700010055","CVE_ENT":"13","CVE_MUN":"077","CVE_LOC":"0001","CVE_ASEN":"0055","settlement_type":"FRACCIONAMIENTO","source":"INEGI DCAH 2025"}},{"type":"Feature","geometry":{"type":"Polygon","coordinates":[[[-98.343708,20.0691115],[-98.3436744,20.0689064],[-98.343674,20.0689053],[-98.3435441,20.0685922],[-98.3438321,20.0684599],[-98.3437311,20.0681327],[-98.34378,20.0681027],[-98.3437252,20.0679454],[-98.3436882,20.0679627],[-98.3436153,20.067658],[-98.3436128,20.067644],[-98.3435284,20.0671649],[-98.3435232,20.067135],[-98.3435168,20.067099],[-98.3434822,20.0669024],[-98.3434605,20.0667788],[-98.3433355,20.0666681],[-98.3433071,20.0666294],[-98.3432837,20.0666001],[-98.3431983,20.0661661],[-98.3430939,20.0657359],[-98.342841,20.0653114],[-98.3435666,20.0652829],[-98.3435585,20.0656451],[-98.3436176,20.0659171],[-98.3436934,20.0660778],[-98.34382,20.0663351],[-98.3439024,20.0664482],[-98.3440616,20.0665891],[-98.3446794,20.0666953],[-98.3448533,20.0664963],[-98.3450768,20.0662569],[-98.345124,20.0662713],[-98.3451435,20.0662992],[-98.3453754,20.0663972],[-98.3457247,20.0664227],[-98.3457668,20.0664257],[-98.3459665,20.0664572],[-98.3459807,20.0664594],[-98.3461484,20.0664858],[-98.3464502,20.0664591],[-98.3466065,20.0664453],[-98.3466889,20.0664081],[-98.347056,20.0662423],[-98.3470805,20.0662312],[-98.3475322,20.0661227],[-98.3475474,20.0661148],[-98.3478025,20.0659815],[-98.3480862,20.0658334],[-98.3483586,20.0656576],[-98.3485935,20.065506],[-98.3486832,20.0654482],[-98.3488245,20.065357],[-98.3491796,20.0651278],[-98.3492139,20.0651057],[-98.3494687,20.0649641],[-98.349731,20.0647614],[-98.3499722,20.0650109],[-98.3500778,20.0653302],[-98.3501162,20.0656046],[-98.3501189,20.0657847],[-98.3502494,20.0660326],[-98.3504442,20.0661524],[-98.350562,20.0663064],[-98.3506493,20.0664597],[-98.3506646,20.0667408],[-98.3506049,20.0669769],[-98.3503837,20.0672667],[-98.3498433,20.0678152],[-98.3487705,20.0675047],[-98.3481484,20.0673542],[-98.3474712,20.0671855],[-98.3467883,20.067085],[-98.3468719,20.0677529],[-98.3465205,20.0678344],[-98.3465644,20.0683996],[-98.3465589,20.0684006],[-98.3459802,20.068484],[-98.3459776,20.0684843],[-98.3459193,20.0684269],[-98.3457287,20.0686115],[-98.3457286,20.0686116],[-98.345193,20.0691353],[-98.345166,20.0690029],[-98.3450974,20.0688819],[-98.3450042,20.0688055],[-98.3449094,20.0687557],[-98.3448168,20.0687248],[-98.3447443,20.0687007],[-98.3446571,20.0687421],[-98.3446174,20.0687509],[-98.3445441,20.0688033],[-98.3445126,20.0688454],[-98.3442067,20.0690755],[-98.3439491,20.0692368],[-98.3438795,20.06925],[-98.3437588,20.0691552],[-98.3437084,20.0691119],[-98.343708,20.0691115]]]},"properties":{"locality":"SANTA TERESA","official_key":"1307700010056","CVE_ENT":"13","CVE_MUN":"077","CVE_LOC":"0001","CVE_ASEN":"0056","settlement_type":"COLONIA","source":"INEGI DCAH 2025"}},{"type":"Feature","geometry":{"type":"Polygon","coordinates":[[[-98.3870063,20.07868],[-98.3867146,20.0785113],[-98.386379,20.0783259],[-98.3859086,20.0780881],[-98.3860447,20.0778784],[-98.3862993,20.0774723],[-98.3865646,20.0770493],[-98.3865762,20.0770308],[-98.3866171,20.0769655],[-98.386631,20.0769433],[-98.3866881,20.0768521],[-98.3868045,20.0769248],[-98.3869769,20.0770456],[-98.3870586,20.0774575],[-98.3870706,20.0775179],[-98.38717,20.0779706],[-98.3872067,20.0781742],[-98.3872812,20.0785882],[-98.3873214,20.0788607],[-98.3870063,20.07868]]]},"properties":{"locality":"VILLAS SOL","official_key":"1307700010058","CVE_ENT":"13","CVE_MUN":"077","CVE_LOC":"0001","CVE_ASEN":"0058","settlement_type":"FRACCIONAMIENTO","source":"INEGI DCAH 2025"}},{"type":"Feature","geometry":{"type":"Polygon","coordinates":[[[-98.3573487,20.0914971],[-98.3568561,20.0913829],[-98.3563612,20.0912611],[-98.3558788,20.0911393],[-98.3554107,20.0910213],[-98.3549128,20.0909067],[-98.3544365,20.0907968],[-98.3540579,20.0907103],[-98.3539344,20.0906781],[-98.3536988,20.0906199],[-98.3534741,20.0905561],[-98.3533506,20.0905274],[-98.3530128,20.0904409],[-98.353228,20.0896553],[-98.3534167,20.0888881],[-98.3539263,20.0888633],[-98.354463,20.0887942],[-98.3550181,20.0886531],[-98.3550797,20.0886358],[-98.3555388,20.0885071],[-98.3556426,20.0884842],[-98.3561139,20.0883568],[-98.3561835,20.0883338],[-98.356768,20.0881614],[-98.35733,20.0880124],[-98.3578842,20.087854],[-98.3584432,20.0876932],[-98.3589906,20.0875408],[-98.35938,20.0874445],[-98.3599537,20.0872971],[-98.3604807,20.0871752],[-98.3610176,20.0870439],[-98.3623347,20.0867533],[-98.3619512,20.0874784],[-98.3633529,20.0877892],[-98.3634141,20.0877905],[-98.3637096,20.0878621],[-98.3640357,20.0879435],[-98.3645954,20.0880702],[-98.364384,20.0888724],[-98.3641607,20.0896825],[-98.36393,20.0905206],[-98.3637106,20.0913007],[-98.3634939,20.0921384],[-98.3632603,20.0929715],[-98.3626048,20.0928113],[-98.3618372,20.0926051],[-98.3613805,20.0925075],[-98.3613304,20.0924822],[-98.3608951,20.0923679],[-98.3603897,20.0922449],[-98.3598615,20.0921134],[-98.3593534,20.0920011],[-98.3588467,20.0918727],[-98.3583684,20.0917474],[-98.357838,20.0916266],[-98.3573487,20.0914971]]]},"properties":{"locality":"VICENTE GUERRERO","official_key":"1307700010059","CVE_ENT":"13","CVE_MUN":"077","CVE_LOC":"0001","CVE_ASEN":"0059","settlement_type":"COLONIA","source":"INEGI DCAH 2025"}},{"type":"Feature","geometry":{"type":"Polygon","coordinates":[[[-98.3791818,20.0700239],[-98.3793684,20.0698721],[-98.381503,20.0707688],[-98.3819576,20.0723491],[-98.382196,20.0732387],[-98.38221,20.0732808],[-98.3820113,20.0733063],[-98.3816325,20.0733375],[-98.381124,20.0734004],[-98.3811128,20.0733684],[-98.3810294,20.0733387],[-98.3806811,20.0732127],[-98.3801732,20.0730358],[-98.3800775,20.0730214],[-98.3798779,20.0729942],[-98.3797914,20.0729845],[-98.3797528,20.0726769],[-98.3797032,20.0722534],[-98.3796638,20.0718254],[-98.379609,20.0714066],[-98.3795898,20.0709838],[-98.3795533,20.0706374],[-98.3794893,20.0703051],[-98.3791818,20.0700239]]]},"properties":{"locality":"VILLAS DE TULANCINGO","official_key":"1307700010060","CVE_ENT":"13","CVE_MUN":"077","CVE_LOC":"0001","CVE_ASEN":"0060","settlement_type":"FRACCIONAMIENTO","source":"INEGI DCAH 2025"}},{"type":"Feature","geometry":{"type":"Polygon","coordinates":[[[-98.3662899,20.0779302],[-98.3661921,20.0779231],[-98.3656018,20.0774579],[-98.3654257,20.0773112],[-98.3648018,20.0769235],[-98.3642892,20.0766533],[-98.3639646,20.0764743],[-98.3633677,20.0762941],[-98.3631339,20.0762332],[-98.3626252,20.0761507],[-98.3624608,20.0761322],[-98.3621278,20.0760934],[-98.3619704,20.0760876],[-98.3614474,20.0760539],[-98.3607752,20.0760382],[-98.3603289,20.0760233],[-98.3598149,20.0759981],[-98.3594557,20.0759805],[-98.358493,20.0759689],[-98.3581862,20.0759579],[-98.3579552,20.0759578],[-98.3579228,20.0757463],[-98.3581346,20.0756614],[-98.358162,20.0756456],[-98.3584505,20.07548],[-98.3592196,20.0750966],[-98.3599213,20.0747725],[-98.3599461,20.0753067],[-98.3604313,20.0751487],[-98.3611903,20.0748956],[-98.3620861,20.0746112],[-98.3626621,20.0744123],[-98.3628388,20.0743437],[-98.3631724,20.0742481],[-98.3634104,20.074249],[-98.3638907,20.0743268],[-98.3651811,20.0745501],[-98.3656796,20.0746611],[-98.3659305,20.0746975],[-98.3662578,20.0748038],[-98.3664502,20.0756335],[-98.36646,20.0756713],[-98.3665186,20.0758663],[-98.3666611,20.0764444],[-98.3667913,20.0769537],[-98.3669037,20.077456],[-98.3670412,20.0779673],[-98.3664636,20.0779607],[-98.3662899,20.0779302]]]},"properties":{"locality":"ZAPOTLÁN DE ALLENDE","official_key":"1307700010061","CVE_ENT":"13","CVE_MUN":"077","CVE_LOC":"0001","CVE_ASEN":"0061","settlement_type":"COLONIA","source":"INEGI DCAH 2025"}},{"type":"Feature","geometry":{"type":"Polygon","coordinates":[[[-98.3587064,20.0788601],[-98.3586166,20.0784397],[-98.3585403,20.0780981],[-98.358465,20.0777816],[-98.3584972,20.0777318],[-98.358451,20.0774973],[-98.358434,20.0774109],[-98.3584004,20.0772464],[-98.3583012,20.0767937],[-98.3582715,20.0766552],[-98.358231,20.0763253],[-98.3581862,20.0759579],[-98.358493,20.0759689],[-98.3594557,20.0759805],[-98.3598149,20.0759981],[-98.3603289,20.0760233],[-98.3603229,20.0762082],[-98.3603416,20.0764535],[-98.3603739,20.0766523],[-98.360471,20.0772725],[-98.3605038,20.0776105],[-98.3605508,20.0779466],[-98.3606337,20.0784439],[-98.3607141,20.0789026],[-98.3604387,20.0788869],[-98.3602423,20.0789123],[-98.3602789,20.0794073],[-98.3602945,20.0795614],[-98.360053,20.0796051],[-98.3599148,20.0796114],[-98.359594,20.0796468],[-98.3591945,20.0796687],[-98.3588429,20.0796028],[-98.3587924,20.0793167],[-98.3587298,20.0789431],[-98.3587064,20.0788601]]]},"properties":{"locality":"15 DE SEPTIEMBRE","official_key":"1307700010062","CVE_ENT":"13","CVE_MUN":"077","CVE_LOC":"0001","CVE_ASEN":"0062","settlement_type":"COLONIA","source":"INEGI DCAH 2025"}},{"type":"Feature","geometry":{"type":"Polygon","coordinates":[[[-98.3560754,20.0817492],[-98.3560306,20.0816321],[-98.3559648,20.0816295],[-98.3558745,20.0816346],[-98.3557315,20.0816635],[-98.3553095,20.0817534],[-98.3550658,20.0818155],[-98.3550452,20.081779],[-98.354726,20.0818962],[-98.3546767,20.0816837],[-98.3546256,20.0813771],[-98.3544997,20.080554],[-98.3544833,20.0804463],[-98.3544663,20.0802386],[-98.3544402,20.0799197],[-98.3544317,20.0798164],[-98.3548636,20.0794938],[-98.3552959,20.0791539],[-98.3553415,20.0791023],[-98.3558431,20.0790133],[-98.355788,20.0788208],[-98.3556847,20.0784601],[-98.3556807,20.0784035],[-98.3556546,20.0780375],[-98.3556491,20.07788],[-98.3556406,20.0776336],[-98.3568983,20.0773705],[-98.3569414,20.0777664],[-98.3576233,20.077607],[-98.3580575,20.0775003],[-98.358434,20.0774109],[-98.358451,20.0774973],[-98.3584972,20.0777318],[-98.358465,20.0777816],[-98.3585403,20.0780981],[-98.3586166,20.0784397],[-98.3587064,20.0788601],[-98.3587298,20.0789431],[-98.3587924,20.0793167],[-98.3588429,20.0796028],[-98.3588688,20.0797555],[-98.3588241,20.0799308],[-98.3587961,20.0801764],[-98.3587536,20.0806401],[-98.358788,20.0807634],[-98.3589561,20.0815327],[-98.3584661,20.0812666],[-98.3582111,20.0811047],[-98.3579641,20.0809621],[-98.3577982,20.0808427],[-98.3574769,20.0810293],[-98.3570724,20.0812682],[-98.3566697,20.0814904],[-98.3565615,20.0815635],[-98.3562803,20.0817536],[-98.3564335,20.0826925],[-98.3562471,20.0826484],[-98.3561152,20.0819248],[-98.3560917,20.081828],[-98.3560754,20.0817492]]]},"properties":{"locality":"20 DE NOVIEMBRE","official_key":"1307700010063","CVE_ENT":"13","CVE_MUN":"077","CVE_LOC":"0001","CVE_ASEN":"0063","settlement_type":"FRACCIONAMIENTO","source":"INEGI DCAH 2025"}},{"type":"Feature","geometry":{"type":"Polygon","coordinates":[[[-98.3497647,20.107127],[-98.3497648,20.1071222],[-98.3497648,20.1071222],[-98.3497663,20.1071222],[-98.3497705,20.1071223],[-98.3497706,20.1071223],[-98.3498777,20.1071253],[-98.3500756,20.1070715],[-98.3503718,20.1070404],[-98.3508099,20.1069793],[-98.3510902,20.1069282],[-98.3515189,20.1069451],[-98.351803,20.1069393],[-98.3519895,20.1068956],[-98.3521019,20.1068345],[-98.3522454,20.1067121],[-98.3523644,20.1066808],[-98.3521143,20.1069999],[-98.3518762,20.1072922],[-98.351619,20.1075981],[-98.3516014,20.1076789],[-98.3513877,20.1079894],[-98.3511906,20.1082319],[-98.3510082,20.1084362],[-98.3506975,20.1088122],[-98.3503368,20.1092596],[-98.3501693,20.1094638],[-98.3501159,20.1094178],[-98.3498987,20.1092305],[-98.3496146,20.1090332],[-98.3492675,20.1087919],[-98.3493206,20.1087281],[-98.3493828,20.1086533],[-98.3490878,20.1084493],[-98.348623,20.1081096],[-98.3486253,20.1081088],[-98.3488456,20.1080365],[-98.3492613,20.1079106],[-98.3493767,20.1078451],[-98.3493776,20.1078441],[-98.3496554,20.1075247],[-98.3496575,20.1075222],[-98.3497594,20.1074153],[-98.3497647,20.107127]]]},"properties":{"locality":"VILLAS DE LA CAÑADA","official_key":"1307700010066","CVE_ENT":"13","CVE_MUN":"077","CVE_LOC":"0001","CVE_ASEN":"0066","settlement_type":"FRACCIONAMIENTO","source":"INEGI DCAH 2025"}},{"type":"Feature","geometry":{"type":"Polygon","coordinates":[[[-98.3888169,20.078817],[-98.3876995,20.0776266],[-98.387347,20.0775102],[-98.3870724,20.0775179],[-98.3870717,20.0775179],[-98.3870706,20.0775179],[-98.3870586,20.0774575],[-98.3869769,20.0770456],[-98.3868045,20.0769248],[-98.3866881,20.0768521],[-98.3868554,20.0765854],[-98.3869923,20.0766657],[-98.3871618,20.0768072],[-98.3873465,20.0769445],[-98.3876135,20.0771569],[-98.3881199,20.0776124],[-98.3883919,20.0778636],[-98.3886065,20.0778326],[-98.3891116,20.0777598],[-98.3903661,20.0775957],[-98.3911218,20.077495],[-98.391409,20.0774701],[-98.3917677,20.0782193],[-98.3921309,20.0795307],[-98.3900851,20.0798608],[-98.3902316,20.0800713],[-98.3904549,20.0803921],[-98.3906913,20.0807489],[-98.3907585,20.0808709],[-98.3905167,20.081029],[-98.3902854,20.0806575],[-98.3888169,20.078817]]]},"properties":{"locality":"VALLE VERDE","official_key":"1307700010068","CVE_ENT":"13","CVE_MUN":"077","CVE_LOC":"0001","CVE_ASEN":"0068","settlement_type":"FRACCIONAMIENTO","source":"INEGI DCAH 2025"}},{"type":"Feature","geometry":{"type":"Polygon","coordinates":[[[-98.3430542,20.0742491],[-98.3427193,20.07442],[-98.3425836,20.0745026],[-98.3425613,20.0740305],[-98.3425215,20.0738136],[-98.342447,20.0734663],[-98.3421559,20.073668],[-98.3418098,20.0739296],[-98.3417802,20.0733314],[-98.3420104,20.0731318],[-98.3421738,20.0730062],[-98.3425117,20.0727071],[-98.3425645,20.0726599],[-98.3427782,20.0725346],[-98.3429044,20.072468],[-98.3436578,20.0720577],[-98.3438932,20.070618],[-98.3440912,20.0706233],[-98.3440574,20.0708808],[-98.3447094,20.070897],[-98.34474,20.0712412],[-98.3447456,20.0715263],[-98.3449174,20.0714737],[-98.3450928,20.0714398],[-98.3452401,20.0714474],[-98.3453418,20.071493],[-98.3454539,20.0714481],[-98.3455744,20.0712882],[-98.3456796,20.071208],[-98.345906,20.0710663],[-98.3460787,20.0709336],[-98.3462154,20.070839],[-98.3462667,20.0708266],[-98.346529,20.0707893],[-98.3467663,20.0706599],[-98.3474251,20.0720049],[-98.3473405,20.07203],[-98.3474329,20.0721912],[-98.3473048,20.0728546],[-98.3472271,20.0733078],[-98.3471307,20.0738013],[-98.3471273,20.0738457],[-98.3470613,20.0740879],[-98.3469811,20.0744219],[-98.3461076,20.0744049],[-98.3460422,20.0743],[-98.3460255,20.0742419],[-98.3448516,20.0745547],[-98.3444759,20.0746688],[-98.3444318,20.074496],[-98.3443674,20.0742535],[-98.3441952,20.0735796],[-98.3440332,20.0730458],[-98.3438061,20.0731242],[-98.3437284,20.07315],[-98.3436441,20.0732487],[-98.3435756,20.073329],[-98.3435216,20.0734758],[-98.3434929,20.0737067],[-98.3434415,20.073754],[-98.3430792,20.0742171],[-98.3430571,20.0742453],[-98.3430542,20.0742491]]]},"properties":{"locality":"LOMAS DEL PARAÍSO","official_key":"1307700010071","CVE_ENT":"13","CVE_MUN":"077","CVE_LOC":"0001","CVE_ASEN":"0071","settlement_type":"COLONIA","source":"INEGI DCAH 2025"}},{"type":"Feature","geometry":{"type":"Polygon","coordinates":[[[-98.3613585,20.0597437],[-98.3614331,20.0597314],[-98.3617911,20.0597846],[-98.361874,20.059801],[-98.3623904,20.0598973],[-98.3624854,20.0602258],[-98.3625607,20.0605168],[-98.3624546,20.0605467],[-98.3617881,20.0607131],[-98.3616345,20.0607484],[-98.3616252,20.0607831],[-98.361625,20.0607827],[-98.3615441,20.0605646],[-98.3615407,20.0605537],[-98.3614665,20.0603203],[-98.3614138,20.0601545],[-98.3614136,20.0601538],[-98.3613368,20.0598849],[-98.3613662,20.0597678],[-98.3613585,20.0597437]]]},"properties":{"locality":"AHUEHUETES","official_key":"1307700010074","CVE_ENT":"13","CVE_MUN":"077","CVE_LOC":"0001","CVE_ASEN":"0074","settlement_type":"FRACCIONAMIENTO","source":"INEGI DCAH 2025"}},{"type":"Feature","geometry":{"type":"Polygon","coordinates":[[[-98.3668016,20.1147645],[-98.3665811,20.1144451],[-98.3663726,20.1141506],[-98.3662249,20.1139345],[-98.3659846,20.1135924],[-98.3659183,20.1134986],[-98.3658973,20.1134688],[-98.3659223,20.1134324],[-98.36597,20.1133744],[-98.3659859,20.1133504],[-98.3659974,20.113322],[-98.3660896,20.1131685],[-98.3660961,20.1131394],[-98.3661018,20.1131101],[-98.3661537,20.1128113],[-98.3661649,20.1127538],[-98.3662169,20.1124519],[-98.3662219,20.1124253],[-98.3662282,20.1123954],[-98.3662487,20.1122932],[-98.3664504,20.1117004],[-98.3673355,20.1117655],[-98.3677132,20.1095236],[-98.3681281,20.1096046],[-98.3686073,20.1097313],[-98.3687778,20.109817],[-98.3689218,20.1099404],[-98.369065,20.1100926],[-98.369172,20.1102727],[-98.3692381,20.1104615],[-98.3692877,20.110683],[-98.3694188,20.111478],[-98.3694837,20.112185],[-98.3694436,20.112544],[-98.369327,20.1129156],[-98.3688147,20.1144007],[-98.3686114,20.1151589],[-98.368586,20.1155398],[-98.368576,20.1161946],[-98.3685493,20.1165504],[-98.3684185,20.1169127],[-98.3683866,20.1170095],[-98.3682968,20.1172087],[-98.368209,20.1173701],[-98.3681043,20.1175512],[-98.3679998,20.1177307],[-98.3679192,20.1178852],[-98.3678272,20.1180377],[-98.3677417,20.1181831],[-98.3676572,20.1183344],[-98.3675761,20.1184664],[-98.36748,20.1186376],[-98.3673883,20.1187916],[-98.3673114,20.1188828],[-98.3672236,20.1189658],[-98.3671317,20.1190611],[-98.367018,20.1191318],[-98.3669264,20.1191832],[-98.3667733,20.1192511],[-98.3665939,20.1193256],[-98.3664473,20.1193835],[-98.3663567,20.1194179],[-98.36627,20.1194527],[-98.366178,20.1194915],[-98.3661315,20.1195203],[-98.3661169,20.119531],[-98.366198,20.1191726],[-98.3667993,20.1182644],[-98.3669859,20.1176612],[-98.3670117,20.1171361],[-98.3669896,20.1169682],[-98.3670162,20.1168299],[-98.3670278,20.1167685],[-98.367083,20.1164732],[-98.3670958,20.11641],[-98.3671528,20.1161224],[-98.3671646,20.1160616],[-98.3671954,20.1159027],[-98.3673045,20.1153629],[-98.3669567,20.1149214],[-98.3668016,20.1147645]]]},"properties":{"locality":"LA ARGENTINA","official_key":"1307700010075","CVE_ENT":"13","CVE_MUN":"077","CVE_LOC":"0001","CVE_ASEN":"0075","settlement_type":"FRACCIONAMIENTO","source":"INEGI DCAH 2025"}},{"type":"Feature","geometry":{"type":"Polygon","coordinates":[[[-98.3655535,20.064395],[-98.3651161,20.064494],[-98.3648525,20.0637331],[-98.3644135,20.0623697],[-98.3647053,20.0624424],[-98.3647734,20.0624597],[-98.3649178,20.0624967],[-98.3655535,20.064395]]]},"properties":{"locality":"LOS CEDROS","official_key":"1307700010076","CVE_ENT":"13","CVE_MUN":"077","CVE_LOC":"0001","CVE_ASEN":"0076","settlement_type":"FRACCIONAMIENTO","source":"INEGI DCAH 2025"}},{"type":"Feature","geometry":{"type":"Polygon","coordinates":[[[-98.3619084,20.0618693],[-98.3618414,20.0616328],[-98.3616948,20.0611203],[-98.361673,20.0610362],[-98.3616386,20.0609168],[-98.3616078,20.0608047],[-98.3616049,20.0607942],[-98.3616066,20.0607933],[-98.3616252,20.0607831],[-98.3616345,20.0607484],[-98.3617881,20.0607131],[-98.3624546,20.0605467],[-98.3625607,20.0605168],[-98.3626289,20.0607429],[-98.3626466,20.0607965],[-98.3627629,20.061136],[-98.3628616,20.0615092],[-98.362948,20.061825],[-98.3629546,20.0618491],[-98.3630222,20.0620546],[-98.3622282,20.0622463],[-98.3620448,20.0623509],[-98.3619855,20.0621455],[-98.3619747,20.0621083],[-98.3619084,20.0618693]]]},"properties":{"locality":"CTM FIDEL VELÁZQUEZ","official_key":"1307700010077","CVE_ENT":"13","CVE_MUN":"077","CVE_LOC":"0001","CVE_ASEN":"0077","settlement_type":"UNIDAD HABITACIONAL","source":"INEGI DCAH 2025"}},{"type":"Feature","geometry":{"type":"Polygon","coordinates":[[[-98.361221,20.0589228],[-98.3611132,20.0587263],[-98.3610048,20.0585074],[-98.3609543,20.0583533],[-98.3609035,20.0582747],[-98.3608429,20.0582594],[-98.3607629,20.0582892],[-98.3606893,20.0583312],[-98.3605943,20.0583139],[-98.3605712,20.0583097],[-98.3604852,20.058243],[-98.3604586,20.0581877],[-98.3604124,20.0580918],[-98.360392,20.0579891],[-98.3603402,20.0577287],[-98.3603178,20.0576735],[-98.3602962,20.0574863],[-98.3602455,20.0573499],[-98.3601982,20.0571959],[-98.3601734,20.0570117],[-98.3601838,20.0568672],[-98.360187,20.0568233],[-98.3602111,20.0566899],[-98.3602197,20.0566424],[-98.3602394,20.0564916],[-98.3602468,20.0562641],[-98.3602634,20.0561012],[-98.3602678,20.0558115],[-98.3602208,20.0555201],[-98.3602692,20.0553996],[-98.3602967,20.0552952],[-98.3602968,20.0552947],[-98.3602969,20.0552945],[-98.3602572,20.0552215],[-98.3600944,20.055091],[-98.360059,20.0550627],[-98.3598118,20.054591],[-98.3598061,20.0544209],[-98.3598093,20.0541838],[-98.3598153,20.05373],[-98.3603927,20.053634],[-98.360616,20.0535969],[-98.3611257,20.0552743],[-98.3612109,20.0555172],[-98.3612127,20.0555169],[-98.3620513,20.0553884],[-98.3620989,20.0553811],[-98.3621168,20.0554706],[-98.3621134,20.0555658],[-98.362076,20.055756],[-98.3620171,20.055952],[-98.3620166,20.0560876],[-98.3620559,20.0562645],[-98.3621134,20.0564119],[-98.362183,20.0566206],[-98.3622526,20.0567824],[-98.3623593,20.0569597],[-98.3625266,20.0571363],[-98.3621727,20.0570079],[-98.362175,20.0570963],[-98.3621796,20.0571965],[-98.3621567,20.0572078],[-98.3621366,20.0572156],[-98.3620739,20.0572397],[-98.362063,20.0572439],[-98.3619203,20.0572989],[-98.3618317,20.0573284],[-98.3618328,20.0573326],[-98.3618076,20.0573329],[-98.3616891,20.0573661],[-98.361844,20.0579252],[-98.3619007,20.0581298],[-98.3621581,20.0590667],[-98.3615335,20.0589521],[-98.361221,20.0589228]]]},"properties":{"locality":"EXHACIENDA AHUEHUETITLA 1","official_key":"1307700010079","CVE_ENT":"13","CVE_MUN":"077","CVE_LOC":"0001","CVE_ASEN":"0079","settlement_type":"COLONIA","source":"INEGI DCAH 2025"}},{"type":"Feature","geometry":{"type":"Polygon","coordinates":[[[-98.3617911,20.0597846],[-98.3614331,20.0597314],[-98.3613585,20.0597437],[-98.3613429,20.0596948],[-98.3613182,20.0594955],[-98.3613095,20.0592562],[-98.3612655,20.0590659],[-98.3612297,20.058951],[-98.361221,20.0589228],[-98.3615335,20.0589521],[-98.3621581,20.0590667],[-98.3623904,20.0598973],[-98.361874,20.059801],[-98.3617911,20.0597846]]]},"properties":{"locality":"MOISÉS RIVERA","official_key":"1307700010080","CVE_ENT":"13","CVE_MUN":"077","CVE_LOC":"0001","CVE_ASEN":"0080","settlement_type":"FRACCIONAMIENTO","source":"INEGI DCAH 2025"}},{"type":"Feature","geometry":{"type":"Polygon","coordinates":[[[-98.3692217,20.0943484],[-98.3693239,20.0940388],[-98.3693288,20.0940242],[-98.3694964,20.093525],[-98.3685584,20.0932814],[-98.3686301,20.09302],[-98.3689426,20.0917244],[-98.3689625,20.0916349],[-98.3690201,20.091472],[-98.3706415,20.0910237],[-98.3711132,20.0908591],[-98.3710748,20.0910938],[-98.3705694,20.0941116],[-98.3704485,20.0947019],[-98.3692217,20.0943484]]]},"properties":{"locality":"LA MORENA SECCIÓN NORTE A","official_key":"1307700010081","CVE_ENT":"13","CVE_MUN":"077","CVE_LOC":"0001","CVE_ASEN":"0081","settlement_type":"FRACCIONAMIENTO","source":"INEGI DCAH 2025"}},{"type":"Feature","geometry":{"type":"Polygon","coordinates":[[[-98.3847326,20.0744127],[-98.3848889,20.0743752],[-98.3863658,20.0740188],[-98.3869816,20.0739181],[-98.3874796,20.0738152],[-98.3876543,20.0737776],[-98.3878583,20.0737277],[-98.3879897,20.0737213],[-98.3880555,20.0737307],[-98.3880789,20.0737348],[-98.3881185,20.0737489],[-98.3881348,20.0737559],[-98.3881805,20.0737804],[-98.3882448,20.0738239],[-98.3882628,20.0738382],[-98.3882775,20.0738565],[-98.3882972,20.0738816],[-98.3883258,20.0739266],[-98.3883313,20.0739376],[-98.3883355,20.0739461],[-98.3883396,20.0739608],[-98.3883929,20.0742487],[-98.3881002,20.074711],[-98.3869147,20.0764916],[-98.3868554,20.0765854],[-98.3867968,20.0764793],[-98.3861999,20.0758879],[-98.3855693,20.0752629],[-98.3853479,20.0750501],[-98.3847326,20.0744127]]]},"properties":{"locality":"REFORMA LA PRESA","official_key":"1307700010082","CVE_ENT":"13","CVE_MUN":"077","CVE_LOC":"0001","CVE_ASEN":"0082","settlement_type":"FRACCIONAMIENTO","source":"INEGI DCAH 2025"}},{"type":"Feature","geometry":{"type":"Polygon","coordinates":[[[-98.3620448,20.0623509],[-98.3622282,20.0622463],[-98.3630222,20.0620546],[-98.3630729,20.0622205],[-98.3631442,20.0624814],[-98.3631724,20.0625858],[-98.3632344,20.0628251],[-98.3632966,20.0630392],[-98.3633367,20.0632029],[-98.3633747,20.0633401],[-98.3634112,20.0634816],[-98.3634441,20.0636094],[-98.3629167,20.0637968],[-98.3628386,20.0633538],[-98.362693,20.0634104],[-98.3625443,20.0630759],[-98.3623629,20.0627355],[-98.3621489,20.0624724],[-98.3620448,20.0623509]]]},"properties":{"locality":"TOLLANZINGO","official_key":"1307700010083","CVE_ENT":"13","CVE_MUN":"077","CVE_LOC":"0001","CVE_ASEN":"0083","settlement_type":"FRACCIONAMIENTO","source":"INEGI DCAH 2025"}},{"type":"Feature","geometry":{"type":"Polygon","coordinates":[[[-98.3782459,20.077607],[-98.3780504,20.0775583],[-98.3777678,20.0775444],[-98.377694,20.0775408],[-98.3775544,20.077534],[-98.3775149,20.0777235],[-98.3771391,20.0777496],[-98.37688,20.0777407],[-98.3767332,20.0777136],[-98.3765681,20.0776766],[-98.37615,20.0775295],[-98.3752559,20.0773723],[-98.3751586,20.0773534],[-98.3751668,20.0772768],[-98.3743801,20.0768959],[-98.3745252,20.0768616],[-98.3753181,20.0766542],[-98.3754744,20.0766136],[-98.3761508,20.0764379],[-98.3767171,20.0763003],[-98.3771358,20.0761992],[-98.377585,20.0760761],[-98.3776483,20.0760598],[-98.377783,20.0760169],[-98.377597,20.0748956],[-98.3771939,20.0740149],[-98.3770188,20.0736915],[-98.3765163,20.072763],[-98.3762261,20.0722246],[-98.3763134,20.0722075],[-98.3770656,20.0720621],[-98.3780409,20.0713407],[-98.379226,20.0705106],[-98.3794532,20.0703281],[-98.3794893,20.0703051],[-98.3795533,20.0706374],[-98.3795898,20.0709838],[-98.379609,20.0714066],[-98.3796638,20.0718254],[-98.3797032,20.0722534],[-98.3797528,20.0726769],[-98.3797914,20.0729845],[-98.3798482,20.0732715],[-98.3798796,20.0736411],[-98.3799579,20.0740508],[-98.3800752,20.0745071],[-98.3801515,20.0750316],[-98.3801643,20.0754076],[-98.3801718,20.0755536],[-98.3802959,20.0774028],[-98.380477,20.078326],[-98.3805614,20.0789171],[-98.3801305,20.0784119],[-98.3796021,20.0781084],[-98.379013,20.0778184],[-98.3787527,20.0776982],[-98.3782459,20.077607]]]},"properties":{"locality":"ESTRELLA","official_key":"1307700010084","CVE_ENT":"13","CVE_MUN":"077","CVE_LOC":"0001","CVE_ASEN":"0084","settlement_type":"COLONIA","source":"INEGI DCAH 2025"}},{"type":"Feature","geometry":{"type":"Polygon","coordinates":[[[-98.3648932,20.1285966],[-98.3647642,20.1283105],[-98.3646176,20.1280465],[-98.3645848,20.1279899],[-98.3644656,20.1278029],[-98.3644431,20.1277919],[-98.3643408,20.1277414],[-98.3643797,20.1275627],[-98.3643629,20.1272407],[-98.3644099,20.1269945],[-98.364474,20.1268429],[-98.3645927,20.1266446],[-98.3646777,20.1265291],[-98.3647119,20.126406],[-98.3646958,20.1262152],[-98.3646211,20.1258998],[-98.3645801,20.1256294],[-98.3645693,20.1253776],[-98.3645989,20.1251852],[-98.3647024,20.124997],[-98.3648583,20.1249829],[-98.3649073,20.1249726],[-98.3649711,20.1249434],[-98.3650602,20.1248803],[-98.3651826,20.1247353],[-98.3672319,20.1251112],[-98.3678674,20.1252301],[-98.368838,20.1254131],[-98.3696398,20.1253747],[-98.3697313,20.1255424],[-98.3698576,20.1257768],[-98.370251,20.1264365],[-98.3705081,20.1268944],[-98.3695908,20.1270875],[-98.3695806,20.1270896],[-98.3695767,20.1270923],[-98.3693957,20.1272191],[-98.3687571,20.1282966],[-98.3687297,20.1283137],[-98.3686393,20.1283701],[-98.3675369,20.1284442],[-98.3668023,20.1284785],[-98.3665346,20.1284539],[-98.366505,20.1305582],[-98.3662502,20.1303717],[-98.3659077,20.1300202],[-98.3656578,20.1297687],[-98.365362,20.1295282],[-98.3651365,20.1292654],[-98.3650045,20.1289254],[-98.3649803,20.1288651],[-98.3648932,20.1285966]]]},"properties":{"locality":"LOS SABINOS","official_key":"1307700010090","CVE_ENT":"13","CVE_MUN":"077","CVE_LOC":"0001","CVE_ASEN":"0090","settlement_type":"FRACCIONAMIENTO","source":"INEGI DCAH 2025"}},{"type":"Feature","geometry":{"type":"Polygon","coordinates":[[[-98.3835739,20.0746054],[-98.3836337,20.0745909],[-98.3841446,20.0744666],[-98.3847326,20.0744127],[-98.3853479,20.0750501],[-98.3855693,20.0752629],[-98.3861999,20.0758879],[-98.3867968,20.0764793],[-98.3868554,20.0765854],[-98.3866881,20.0768521],[-98.386631,20.0769433],[-98.3866171,20.0769655],[-98.3865762,20.0770308],[-98.3865646,20.0770493],[-98.3862993,20.0774723],[-98.3860447,20.0778784],[-98.3859086,20.0780881],[-98.3856032,20.0785606],[-98.3855496,20.0786855],[-98.3855212,20.0783989],[-98.3854777,20.0781257],[-98.3854502,20.0778666],[-98.3854122,20.0777411],[-98.3853298,20.0776471],[-98.3851913,20.0775141],[-98.3848002,20.077197],[-98.3843839,20.0768571],[-98.3841625,20.076678],[-98.3840794,20.0765844],[-98.3840574,20.0765222],[-98.3839974,20.0763502],[-98.3838974,20.0759023],[-98.3838132,20.0755983],[-98.383702,20.0751265],[-98.3835953,20.0746926],[-98.3835739,20.0746054]]]},"properties":{"locality":"RANCHO SANTA CLARA","official_key":"1307700010091","CVE_ENT":"13","CVE_MUN":"077","CVE_LOC":"0001","CVE_ASEN":"0091","settlement_type":"COLONIA","source":"INEGI DCAH 2025"}},{"type":"Feature","geometry":{"type":"Polygon","coordinates":[[[-98.3599461,20.0753067],[-98.3599213,20.0747725],[-98.3601072,20.0747359],[-98.3604391,20.0746769],[-98.3607208,20.0746059],[-98.3611208,20.074491],[-98.3614359,20.0743396],[-98.3616651,20.0741923],[-98.3620064,20.0739106],[-98.3625333,20.0736959],[-98.3629247,20.0735809],[-98.3631533,20.0735657],[-98.3635082,20.0735688],[-98.363903,20.0735702],[-98.3641124,20.073587],[-98.3643974,20.0736341],[-98.3649036,20.0736482],[-98.3658547,20.0737105],[-98.3660772,20.0737375],[-98.3669642,20.073784],[-98.3676389,20.0737962],[-98.3677234,20.0740745],[-98.36787,20.0740924],[-98.3678824,20.0744294],[-98.3679087,20.0749343],[-98.3679202,20.075095],[-98.3679509,20.0755757],[-98.367027,20.0756389],[-98.36646,20.0756713],[-98.3664502,20.0756335],[-98.3662578,20.0748038],[-98.3659305,20.0746975],[-98.3656796,20.0746611],[-98.3651811,20.0745501],[-98.3638907,20.0743268],[-98.3634104,20.074249],[-98.3631724,20.0742481],[-98.3628388,20.0743437],[-98.3626621,20.0744123],[-98.3620861,20.0746112],[-98.3611903,20.0748956],[-98.3604313,20.0751487],[-98.3599461,20.0753067]]]},"properties":{"locality":"TEPEYAC","official_key":"1307700010092","CVE_ENT":"13","CVE_MUN":"077","CVE_LOC":"0001","CVE_ASEN":"0092","settlement_type":"COLONIA","source":"INEGI DCAH 2025"}},{"type":"Feature","geometry":{"type":"Polygon","coordinates":[[[-98.3769887,20.0960136],[-98.3769342,20.0959981],[-98.3767765,20.0959532],[-98.3770547,20.0951124],[-98.3772664,20.0944168],[-98.3775948,20.0933448],[-98.3771865,20.0932247],[-98.3770197,20.093763],[-98.37677,20.0945537],[-98.3763865,20.0958424],[-98.3753054,20.095535],[-98.3752135,20.0954846],[-98.3752996,20.0951998],[-98.3754191,20.0948606],[-98.3755477,20.0945648],[-98.3757054,20.0941766],[-98.3758262,20.0938482],[-98.375875,20.093717],[-98.3760417,20.0933456],[-98.3760811,20.093313],[-98.3761437,20.0931457],[-98.3754231,20.0929529],[-98.3748985,20.0928174],[-98.3749787,20.0925414],[-98.3750542,20.0921881],[-98.3764534,20.0925932],[-98.3765933,20.0922332],[-98.3770512,20.0924348],[-98.3775178,20.0926339],[-98.377774,20.0927432],[-98.3784298,20.093023],[-98.3784716,20.0930119],[-98.3785414,20.093089],[-98.3783082,20.0940193],[-98.3784619,20.0941621],[-98.3778064,20.0962581],[-98.3769887,20.0960136]]]},"properties":{"locality":"ALAMOXTITLA","official_key":"1307700010093","CVE_ENT":"13","CVE_MUN":"077","CVE_LOC":"0001","CVE_ASEN":"0093","settlement_type":"COLONIA","source":"INEGI DCAH 2025"}},{"type":"Feature","geometry":{"type":"Polygon","coordinates":[[[-98.3668903,20.098621],[-98.3668894,20.0986207],[-98.3669441,20.0984666],[-98.3670819,20.0981013],[-98.3671966,20.0977643],[-98.3672709,20.0975476],[-98.3680493,20.0977575],[-98.3677369,20.0986741],[-98.3676775,20.0988404],[-98.3668903,20.098621]]]},"properties":{"locality":"BOULEVARES DE TULANCINGO","official_key":"1307700010094","CVE_ENT":"13","CVE_MUN":"077","CVE_LOC":"0001","CVE_ASEN":"0094","settlement_type":"FRACCIONAMIENTO","source":"INEGI DCAH 2025"}},{"type":"Feature","geometry":{"type":"Polygon","coordinates":[[[-98.3504545,20.1021727],[-98.3499792,20.1029709],[-98.3506581,20.103625],[-98.3510008,20.103308],[-98.350541,20.1027401],[-98.3509347,20.1023474],[-98.3508155,20.1021252],[-98.3507459,20.1021344],[-98.3504545,20.1021727],[-98.3504665,20.1020435],[-98.3507801,20.1020162],[-98.3510741,20.1019501],[-98.35134,20.1018113],[-98.3517067,20.1022844],[-98.3527002,20.1035661],[-98.3525468,20.1037717],[-98.3516504,20.1048644],[-98.3515292,20.1050042],[-98.351445,20.1050786],[-98.3511121,20.104833],[-98.3508429,20.1046272],[-98.3500629,20.1040309],[-98.3499506,20.1038118],[-98.3497425,20.1034056],[-98.3497413,20.103403],[-98.3497407,20.1034016],[-98.3497395,20.103399],[-98.3497394,20.1033982],[-98.3492647,20.1021612],[-98.3504545,20.1021727]]]},"properties":{"locality":"LA CENTRAL","official_key":"1307700010095","CVE_ENT":"13","CVE_MUN":"077","CVE_LOC":"0001","CVE_ASEN":"0095","settlement_type":"FRACCIONAMIENTO","source":"INEGI DCAH 2025"}},{"type":"Feature","geometry":{"type":"Polygon","coordinates":[[[-98.3502282,20.0889481],[-98.3503522,20.0885555],[-98.3508183,20.0886551],[-98.3509465,20.0885812],[-98.3512653,20.0887737],[-98.351302,20.0888065],[-98.3510096,20.0899069],[-98.3509783,20.0899551],[-98.3507169,20.0899082],[-98.3505474,20.0898778],[-98.350129,20.0897853],[-98.349988,20.0897552],[-98.3501193,20.0893235],[-98.3502282,20.0889481]]]},"properties":{"locality":"LA CRUZ","official_key":"1307700010098","CVE_ENT":"13","CVE_MUN":"077","CVE_LOC":"0001","CVE_ASEN":"0098","settlement_type":"AMPLIACIÓN","source":"INEGI DCAH 2025"}},{"type":"Feature","geometry":{"type":"Polygon","coordinates":[[[-98.3769701,20.0788962],[-98.37615,20.0775295],[-98.3765681,20.0776766],[-98.3767332,20.0777136],[-98.37688,20.0777407],[-98.3771391,20.0777496],[-98.3775149,20.0777235],[-98.3772731,20.0788168],[-98.3772426,20.0789558],[-98.3771077,20.0789618],[-98.3769701,20.0788962]]]},"properties":{"locality":"ESMERALDA","official_key":"1307700010099","CVE_ENT":"13","CVE_MUN":"077","CVE_LOC":"0001","CVE_ASEN":"0099","settlement_type":"PRIVADA","source":"INEGI DCAH 2025"}},{"type":"Feature","geometry":{"type":"Polygon","coordinates":[[[-98.349042,20.0887046],[-98.3491223,20.0883398],[-98.349163,20.0881549],[-98.349831,20.0880049],[-98.3505704,20.0878271],[-98.3513471,20.0882936],[-98.3514408,20.0883739],[-98.3514191,20.0884141],[-98.351302,20.0888065],[-98.3512653,20.0887737],[-98.3509465,20.0885812],[-98.3508183,20.0886551],[-98.3503522,20.0885555],[-98.3502282,20.0889481],[-98.3501193,20.0893235],[-98.349988,20.0897552],[-98.3488716,20.0894783],[-98.3489608,20.0890733],[-98.349042,20.0887046]]]},"properties":{"locality":"RANCHO GUADALUPE","official_key":"1307700010101","CVE_ENT":"13","CVE_MUN":"077","CVE_LOC":"0001","CVE_ASEN":"0101","settlement_type":"COLONIA","source":"INEGI DCAH 2025"}},{"type":"Feature","geometry":{"type":"Polygon","coordinates":[[[-98.3657361,20.096334],[-98.3658715,20.0958343],[-98.3665447,20.096],[-98.3668495,20.0960547],[-98.3672868,20.0961521],[-98.3677028,20.0962711],[-98.3676404,20.0964645],[-98.3676183,20.0965316],[-98.3675932,20.0966046],[-98.3674096,20.0971376],[-98.3673855,20.0972075],[-98.3673398,20.0973504],[-98.3673238,20.0973957],[-98.367177,20.0973648],[-98.3670039,20.09732],[-98.3669455,20.097305],[-98.3668772,20.0972877],[-98.3666237,20.0972222],[-98.3664396,20.0971748],[-98.3661996,20.097113],[-98.3661666,20.0971049],[-98.3661341,20.0971025],[-98.365682,20.0969667],[-98.3656894,20.096787],[-98.3657131,20.0964096],[-98.3657361,20.096334]]]},"properties":{"locality":"MANUEL M PONCE","official_key":"1307700010106","CVE_ENT":"13","CVE_MUN":"077","CVE_LOC":"0001","CVE_ASEN":"0106","settlement_type":"FRACCIONAMIENTO","source":"INEGI DCAH 2025"}},{"type":"Feature","geometry":{"type":"Polygon","coordinates":[[[-98.365902,20.0677169],[-98.3661435,20.0676318],[-98.3661457,20.0676471],[-98.3662741,20.0679468],[-98.3666061,20.0687829],[-98.3661882,20.0687048],[-98.3655296,20.0685848],[-98.365048,20.0685168],[-98.3648917,20.0684997],[-98.3648313,20.0683289],[-98.3646759,20.0677393],[-98.365902,20.0677169]]]},"properties":{"locality":"MARÍA ISABEL","official_key":"1307700010107","CVE_ENT":"13","CVE_MUN":"077","CVE_LOC":"0001","CVE_ASEN":"0107","settlement_type":"FRACCIONAMIENTO","source":"INEGI DCAH 2025"}},{"type":"Feature","geometry":{"type":"Polygon","coordinates":[[[-98.3740283,20.0925913],[-98.3740764,20.0924247],[-98.3740988,20.0923302],[-98.3741461,20.0921557],[-98.3742202,20.0918875],[-98.3742311,20.0918476],[-98.3742917,20.0916257],[-98.3743669,20.0913499],[-98.3744531,20.0910141],[-98.3745436,20.0906742],[-98.3746179,20.0905341],[-98.3746432,20.0903939],[-98.3752555,20.0905338],[-98.3754326,20.0905824],[-98.3754221,20.0906196],[-98.3753107,20.0910712],[-98.3752627,20.0912517],[-98.375189,20.0915859],[-98.3751791,20.0916127],[-98.3750542,20.0921881],[-98.3749787,20.0925414],[-98.3748985,20.0928174],[-98.3748939,20.0928162],[-98.3740283,20.0925913]]]},"properties":{"locality":"LOS MESONES","official_key":"1307700010108","CVE_ENT":"13","CVE_MUN":"077","CVE_LOC":"0001","CVE_ASEN":"0108","settlement_type":"PRIVADA","source":"INEGI DCAH 2025"}},{"type":"Feature","geometry":{"type":"Polygon","coordinates":[[[-98.3723616,20.099038],[-98.372215,20.0995021],[-98.372155,20.099679],[-98.3720031,20.100115],[-98.3718601,20.1004729],[-98.3717197,20.1008477],[-98.3715916,20.1012226],[-98.3714441,20.1016078],[-98.3713301,20.1019617],[-98.3709715,20.1018812],[-98.3706742,20.1018155],[-98.3704613,20.1017202],[-98.3697002,20.1008835],[-98.36943,20.1005866],[-98.3693511,20.1005106],[-98.3695827,20.0992546],[-98.3697136,20.0990985],[-98.3706701,20.0980312],[-98.3716934,20.0986344],[-98.3720489,20.0988587],[-98.3723616,20.099038]]]},"properties":{"locality":"LA MORENA TERCERA SECCIÓN","official_key":"1307700010109","CVE_ENT":"13","CVE_MUN":"077","CVE_LOC":"0001","CVE_ASEN":"0109","settlement_type":"FRACCIONAMIENTO","source":"INEGI DCAH 2025"}},{"type":"Feature","geometry":{"type":"Polygon","coordinates":[[[-98.3685002,20.0934941],[-98.3685584,20.0932814],[-98.3694964,20.093525],[-98.3693288,20.0940242],[-98.3693239,20.0940388],[-98.3692217,20.0943484],[-98.3691207,20.094691],[-98.3690517,20.0946877],[-98.3683471,20.0946543],[-98.3681696,20.0946406],[-98.3682502,20.0944578],[-98.368337,20.0941565],[-98.3684282,20.0938007],[-98.3684646,20.0936238],[-98.3685002,20.0934941]]]},"properties":{"locality":"LA MORENA","official_key":"1307700010110","CVE_ENT":"13","CVE_MUN":"077","CVE_LOC":"0001","CVE_ASEN":"0110","settlement_type":"PRIVADA","source":"INEGI DCAH 2025"}},{"type":"Feature","geometry":{"type":"Polygon","coordinates":[[[-98.3707561,20.088329],[-98.3708542,20.0878948],[-98.3715638,20.0880577],[-98.371515,20.0884995],[-98.3714349,20.0889451],[-98.3714126,20.0890751],[-98.371364,20.0893578],[-98.3712862,20.089832],[-98.3712114,20.0902826],[-98.3711794,20.0904749],[-98.3711132,20.0908591],[-98.3706415,20.0910237],[-98.3690201,20.091472],[-98.3690735,20.0913334],[-98.3691825,20.090909],[-98.3701798,20.0906517],[-98.3702655,20.0903017],[-98.3703223,20.0900889],[-98.3704166,20.0896483],[-98.3704428,20.0895206],[-98.3705228,20.0891986],[-98.3706167,20.0888202],[-98.3706333,20.0887532],[-98.3707561,20.088329]]]},"properties":{"locality":"LA MORENA SUR","official_key":"1307700010112","CVE_ENT":"13","CVE_MUN":"077","CVE_LOC":"0001","CVE_ASEN":"0112","settlement_type":"FRACCIONAMIENTO","source":"INEGI DCAH 2025"}},{"type":"Feature","geometry":{"type":"Polygon","coordinates":[[[-98.3716068,20.0967803],[-98.3717235,20.0964789],[-98.3718222,20.0965745],[-98.3719562,20.0967043],[-98.3722587,20.0969971],[-98.3725665,20.0972952],[-98.3728651,20.0976143],[-98.3726489,20.0981969],[-98.3725086,20.0986163],[-98.3723616,20.099038],[-98.3720489,20.0988587],[-98.3716934,20.0986344],[-98.3706701,20.0980312],[-98.3716068,20.0967803]]]},"properties":{"locality":"POLANCO","official_key":"1307700010115","CVE_ENT":"13","CVE_MUN":"077","CVE_LOC":"0001","CVE_ASEN":"0115","settlement_type":"FRACCIONAMIENTO","source":"INEGI DCAH 2025"}},{"type":"Feature","geometry":{"type":"Polygon","coordinates":[[[-98.3363977,20.0740571],[-98.3363977,20.074057],[-98.3362059,20.0742461],[-98.3362045,20.0742475],[-98.3359263,20.0740132],[-98.3359279,20.0740119],[-98.336159,20.0738356],[-98.3361589,20.0738354],[-98.3357573,20.0733833],[-98.335515,20.0734365],[-98.3355136,20.0734368],[-98.3354885,20.0736289],[-98.3350646,20.0741214],[-98.3347641,20.0744663],[-98.3347627,20.0744679],[-98.3346164,20.0743259],[-98.333874,20.0742655],[-98.3338112,20.0742601],[-98.3332031,20.074208],[-98.3328936,20.074185],[-98.3327818,20.0741767],[-98.3325656,20.0741349],[-98.3326624,20.0740024],[-98.3326632,20.0740013],[-98.3327472,20.0738821],[-98.3320594,20.0740375],[-98.3320379,20.0740424],[-98.3319396,20.0740239],[-98.3318028,20.0739834],[-98.3317191,20.0739586],[-98.3316773,20.0740023],[-98.3316146,20.0740678],[-98.3313668,20.0739948],[-98.3313324,20.0739847],[-98.3310632,20.0740912],[-98.3310481,20.0740977],[-98.3310473,20.0740981],[-98.3310481,20.0740975],[-98.3310497,20.0740963],[-98.3310633,20.0740864],[-98.3310789,20.0740751],[-98.3314152,20.07383],[-98.3315394,20.0735981],[-98.3315242,20.0733731],[-98.331581,20.0731888],[-98.331661,20.0732152],[-98.3319721,20.07271],[-98.3319655,20.0726401],[-98.3319537,20.0725166],[-98.3321449,20.0722272],[-98.3323608,20.0719242],[-98.3326497,20.0717725],[-98.3328689,20.0716211],[-98.332869,20.071621],[-98.3329935,20.0715944],[-98.3331049,20.0715943],[-98.333222,20.0715392],[-98.3335156,20.0714274],[-98.3335915,20.0713984],[-98.3337448,20.0713609],[-98.3338753,20.071329],[-98.3343398,20.0713373],[-98.3343558,20.0713387],[-98.3345769,20.0713575],[-98.3347334,20.0714318],[-98.3348844,20.0714217],[-98.3366668,20.0709368],[-98.33695,20.0708631],[-98.3369821,20.0710552],[-98.3370088,20.0713822],[-98.3370123,20.0714653],[-98.3370227,20.0717137],[-98.3370247,20.0719201],[-98.3370251,20.0719359],[-98.3370396,20.0725327],[-98.3370475,20.0728612],[-98.3370436,20.0729172],[-98.3370311,20.0730964],[-98.3370458,20.0733203],[-98.337086,20.0736937],[-98.33709,20.0737309],[-98.3371107,20.0739086],[-98.3371254,20.0740349],[-98.3371607,20.0749169],[-98.3371597,20.0749167],[-98.3369264,20.0748793],[-98.3369055,20.0746205],[-98.3363977,20.0740571]]]},"properties":{"locality":"PROGRESISTAS 2000","official_key":"1307700010116","CVE_ENT":"13","CVE_MUN":"077","CVE_LOC":"0001","CVE_ASEN":"0116","settlement_type":"COLONIA","source":"INEGI DCAH 2025"}},{"type":"Feature","geometry":{"type":"Polygon","coordinates":[[[-98.3427314,20.0719016],[-98.342483,20.0718785],[-98.3422702,20.0718834],[-98.342112,20.071872],[-98.3417115,20.0718834],[-98.3417058,20.0718679],[-98.341648,20.0713732],[-98.3414916,20.0713752],[-98.3414935,20.0708531],[-98.3414737,20.0705582],[-98.3414529,20.0703328],[-98.3414121,20.0698426],[-98.3413404,20.0694626],[-98.3413276,20.0693029],[-98.3414118,20.069308],[-98.3417872,20.0692498],[-98.3422848,20.0691492],[-98.3427145,20.0690773],[-98.3436744,20.0689064],[-98.343708,20.0691115],[-98.3434493,20.0695042],[-98.3433098,20.0697176],[-98.3432215,20.069998],[-98.3432533,20.0705305],[-98.3432756,20.0709575],[-98.3433203,20.0711409],[-98.3435477,20.0719694],[-98.3432321,20.0719442],[-98.3429273,20.0719183],[-98.3427314,20.0719016]]]},"properties":{"locality":"ROMA","official_key":"1307700010117","CVE_ENT":"13","CVE_MUN":"077","CVE_LOC":"0001","CVE_ASEN":"0117","settlement_type":"COLONIA","source":"INEGI DCAH 2025"}},{"type":"Feature","geometry":{"type":"Polygon","coordinates":[[[-98.3750542,20.0921881],[-98.3751791,20.0916127],[-98.3753337,20.0916639],[-98.3758939,20.0918396],[-98.3760652,20.0912555],[-98.3768709,20.0914558],[-98.3766365,20.0920997],[-98.3765933,20.0922332],[-98.3764534,20.0925932],[-98.3750542,20.0921881]]]},"properties":{"locality":"SAN DANIEL","official_key":"1307700010118","CVE_ENT":"13","CVE_MUN":"077","CVE_LOC":"0001","CVE_ASEN":"0118","settlement_type":"PRIVADA","source":"INEGI DCAH 2025"}},{"type":"Feature","geometry":{"type":"Polygon","coordinates":[[[-98.3765933,20.0922332],[-98.3766365,20.0920997],[-98.3768709,20.0914558],[-98.3771374,20.0907641],[-98.3773395,20.0902394],[-98.3789581,20.0906637],[-98.3789496,20.0905882],[-98.3789422,20.0904722],[-98.3792561,20.0890781],[-98.379242,20.088978],[-98.3799322,20.0892257],[-98.3807128,20.0895867],[-98.3807841,20.089864],[-98.3808809,20.0901259],[-98.3810345,20.0909395],[-98.381035,20.0911229],[-98.3807956,20.0911229],[-98.3789741,20.0907405],[-98.3789799,20.0908343],[-98.3788449,20.0913609],[-98.3787899,20.0915316],[-98.3787216,20.0918475],[-98.3786245,20.0922187],[-98.3785633,20.0924577],[-98.378508,20.0927063],[-98.37844,20.0928197],[-98.3784279,20.0929167],[-98.3784716,20.0930119],[-98.3784298,20.093023],[-98.377774,20.0927432],[-98.3775178,20.0926339],[-98.3770512,20.0924348],[-98.3765933,20.0922332]]]},"properties":{"locality":"SAN DANIEL","official_key":"1307700010119","CVE_ENT":"13","CVE_MUN":"077","CVE_LOC":"0001","CVE_ASEN":"0119","settlement_type":"FRACCIONAMIENTO","source":"INEGI DCAH 2025"}},{"type":"Feature","geometry":{"type":"Polygon","coordinates":[[[-98.3432215,20.069998],[-98.3433098,20.0697176],[-98.3434493,20.0695042],[-98.343708,20.0691115],[-98.3437084,20.0691119],[-98.3437588,20.0691552],[-98.3438795,20.06925],[-98.3439491,20.0692368],[-98.3442067,20.0690755],[-98.3445126,20.0688454],[-98.3445441,20.0688033],[-98.3446174,20.0687509],[-98.3446571,20.0687421],[-98.3447443,20.0687007],[-98.3448168,20.0687248],[-98.3449094,20.0687557],[-98.3450042,20.0688055],[-98.3450974,20.0688819],[-98.345166,20.0690029],[-98.345193,20.0691353],[-98.345342,20.0693097],[-98.3449186,20.0702648],[-98.3445859,20.0702846],[-98.3445528,20.0702865],[-98.3444288,20.0702924],[-98.3441457,20.0703007],[-98.3439644,20.0699609],[-98.3432215,20.069998]]]},"properties":{"locality":"SANTA TERESA","official_key":"1307700010120","CVE_ENT":"13","CVE_MUN":"077","CVE_LOC":"0001","CVE_ASEN":"0120","settlement_type":"AMPLIACIÓN","source":"INEGI DCAH 2025"}},{"type":"Feature","geometry":{"type":"Polygon","coordinates":[[[-98.3613295,20.0810314],[-98.3613949,20.0808657],[-98.3609045,20.0806502],[-98.3606849,20.0805537],[-98.3601472,20.0802753],[-98.360053,20.0796051],[-98.3602945,20.0795614],[-98.3602974,20.0796168],[-98.3604115,20.0796107],[-98.3604604,20.0796587],[-98.3604568,20.0796772],[-98.3604959,20.0796888],[-98.3613005,20.0797464],[-98.3612916,20.0798143],[-98.3619117,20.0798542],[-98.36232,20.0798804],[-98.3623898,20.079561],[-98.3624725,20.0795744],[-98.3626761,20.0795963],[-98.3627382,20.079608],[-98.3628557,20.0795954],[-98.3630523,20.0794756],[-98.3633647,20.0794832],[-98.3634491,20.0795614],[-98.3628907,20.0798949],[-98.3627333,20.0799454],[-98.3624847,20.0799401],[-98.3624688,20.0803421],[-98.3627117,20.0803545],[-98.3627087,20.0804669],[-98.3628043,20.0805043],[-98.3627287,20.0806218],[-98.3624125,20.0810032],[-98.3622914,20.0810626],[-98.3620678,20.08103],[-98.361933,20.0810804],[-98.36182,20.0811419],[-98.3617728,20.0811592],[-98.3617427,20.0811863],[-98.3613295,20.0810314]]]},"properties":{"locality":"NICOLÁS BRAVO","official_key":"1307700010121","CVE_ENT":"13","CVE_MUN":"077","CVE_LOC":"0001","CVE_ASEN":"0121","settlement_type":"UNIDAD","source":"INEGI DCAH 2025"}},{"type":"Feature","geometry":{"type":"Polygon","coordinates":[[[-98.3576435,20.096831],[-98.3580072,20.096723],[-98.3582512,20.0966325],[-98.358236,20.0966008],[-98.3580813,20.0963918],[-98.3578893,20.0961323],[-98.3575864,20.0963087],[-98.3573911,20.0964222],[-98.3568912,20.095639],[-98.3567381,20.0961844],[-98.3570499,20.0966205],[-98.3573911,20.0964222],[-98.3575611,20.0966965],[-98.3576435,20.096831],[-98.3574073,20.0969148],[-98.3571473,20.0970257],[-98.3569611,20.0970802],[-98.3568203,20.0970835],[-98.3566788,20.0970671],[-98.3566,20.0970286],[-98.3564905,20.0969718],[-98.356431,20.09694],[-98.356447,20.0968803],[-98.3565427,20.0964106],[-98.3557893,20.0962399],[-98.3553833,20.0961479],[-98.3553785,20.0961469],[-98.3551226,20.0960889],[-98.355136,20.0960066],[-98.3550206,20.0959715],[-98.3547671,20.0959082],[-98.3545965,20.0958657],[-98.3543717,20.0967232],[-98.3543692,20.0967584],[-98.3542224,20.0967765],[-98.3538649,20.0967528],[-98.3537342,20.0967108],[-98.3535516,20.0966141],[-98.3533693,20.0966018],[-98.3534984,20.0961686],[-98.3536995,20.0954955],[-98.3538956,20.094751],[-98.3538968,20.0947464],[-98.3538957,20.0947462],[-98.3534269,20.0946169],[-98.353679,20.0936215],[-98.3539543,20.0925877],[-98.3542021,20.0916202],[-98.3546981,20.0917336],[-98.3551808,20.091846],[-98.3556675,20.0919599],[-98.356155,20.092074],[-98.3566531,20.0921844],[-98.3571207,20.0923004],[-98.3573487,20.0914971],[-98.357838,20.0916266],[-98.3583684,20.0917474],[-98.3588467,20.0918727],[-98.3593534,20.0920011],[-98.3598615,20.0921134],[-98.3603897,20.0922449],[-98.3608951,20.0923679],[-98.3613304,20.0924822],[-98.3613805,20.0925075],[-98.3618372,20.0926051],[-98.3626048,20.0928113],[-98.3632603,20.0929715],[-98.3630138,20.0938213],[-98.3628478,20.0944972],[-98.3616257,20.0952618],[-98.3607391,20.0958069],[-98.3598306,20.0963775],[-98.3595919,20.0965233],[-98.3591763,20.096777],[-98.3589118,20.0969641],[-98.358183,20.0974018],[-98.3577417,20.0969412],[-98.3576435,20.096831]]]},"properties":{"locality":"VICENTE GUERRERO","official_key":"1307700010122","CVE_ENT":"13","CVE_MUN":"077","CVE_LOC":"0001","CVE_ASEN":"0122","settlement_type":"AMPLIACIÓN","source":"INEGI DCAH 2025"}},{"type":"Feature","geometry":{"type":"Polygon","coordinates":[[[-98.3631121,20.1053032],[-98.3628157,20.1048954],[-98.3626695,20.1046849],[-98.3608972,20.1058201],[-98.3605338,20.1054852],[-98.3601717,20.1050937],[-98.3603227,20.1049935],[-98.3606568,20.1048046],[-98.3609978,20.1045908],[-98.3613285,20.1043828],[-98.3616649,20.104168],[-98.3620036,20.1039596],[-98.3621102,20.1039017],[-98.3623244,20.1037603],[-98.3626571,20.1035551],[-98.3629787,20.1033459],[-98.3633065,20.1031349],[-98.3648901,20.1027124],[-98.3648932,20.1030639],[-98.3648992,20.1033572],[-98.3648861,20.1037466],[-98.3648854,20.1042722],[-98.3648878,20.1046803],[-98.3648948,20.1053027],[-98.364949,20.1077753],[-98.3648397,20.1076771],[-98.3641751,20.1067791],[-98.3634791,20.1058255],[-98.3631121,20.1053032]]]},"properties":{"locality":"EL VOLCÁN","official_key":"1307700010123","CVE_ENT":"13","CVE_MUN":"077","CVE_LOC":"0001","CVE_ASEN":"0123","settlement_type":"RANCHO","source":"INEGI DCAH 2025"}},{"type":"Feature","geometry":{"type":"Polygon","coordinates":[[[-98.3533451,20.0780874],[-98.353556,20.0776432],[-98.3536341,20.0776292],[-98.3536422,20.0773851],[-98.3537011,20.0772659],[-98.3540897,20.076689],[-98.3541747,20.0764119],[-98.3542088,20.0763008],[-98.3542608,20.0761321],[-98.3550095,20.0760475],[-98.3557943,20.0760028],[-98.3564807,20.0759706],[-98.3570599,20.075951],[-98.3577142,20.0759578],[-98.3579552,20.0759578],[-98.3581862,20.0759579],[-98.358231,20.0763253],[-98.3582715,20.0766552],[-98.3583012,20.0767937],[-98.3584004,20.0772464],[-98.358434,20.0774109],[-98.3580575,20.0775003],[-98.3576233,20.077607],[-98.3569414,20.0777664],[-98.3568983,20.0773705],[-98.3556406,20.0776336],[-98.3556491,20.07788],[-98.3552081,20.0779638],[-98.355198,20.077903],[-98.3545348,20.0780391],[-98.3542872,20.0782278],[-98.3532182,20.0790673],[-98.3531669,20.0791136],[-98.35313,20.0790756],[-98.3530325,20.0789883],[-98.3529533,20.0789175],[-98.3529227,20.0788694],[-98.3531863,20.0783329],[-98.3533451,20.0780874]]]},"properties":{"locality":"ZAPOTLAN DE ALLENDE","official_key":"1307700010124","CVE_ENT":"13","CVE_MUN":"077","CVE_LOC":"0001","CVE_ASEN":"0124","settlement_type":"BARRIO","source":"INEGI DCAH 2025"}},{"type":"Feature","geometry":{"type":"Polygon","coordinates":[[[-98.3560639,20.0967307],[-98.3558877,20.0966819],[-98.3557163,20.0966518],[-98.3553423,20.0966436],[-98.3550088,20.0966286],[-98.3545786,20.0967066],[-98.3543692,20.0967584],[-98.3543717,20.0967232],[-98.3545965,20.0958657],[-98.3547671,20.0959082],[-98.3550206,20.0959715],[-98.355136,20.0960066],[-98.3551226,20.0960889],[-98.3553785,20.0961469],[-98.3553833,20.0961479],[-98.3557893,20.0962399],[-98.3565427,20.0964106],[-98.356447,20.0968803],[-98.3562357,20.0968018],[-98.3560639,20.0967307]]]},"properties":{"locality":"AVEMAR","official_key":"1307700010131","CVE_ENT":"13","CVE_MUN":"077","CVE_LOC":"0001","CVE_ASEN":"0131","settlement_type":"FRACCIONAMIENTO","source":"INEGI DCAH 2025"}},{"type":"Feature","geometry":{"type":"Polygon","coordinates":[[[-98.3371607,20.0749169],[-98.3371254,20.0740349],[-98.3371107,20.0739086],[-98.33709,20.0737309],[-98.337086,20.0736937],[-98.3370458,20.0733203],[-98.3370311,20.0730964],[-98.3370436,20.0729172],[-98.3370475,20.0728612],[-98.3370396,20.0725327],[-98.3370251,20.0719359],[-98.3370247,20.0719201],[-98.3374013,20.0718932],[-98.3378746,20.0718566],[-98.3383225,20.0718242],[-98.3388981,20.0717877],[-98.3393592,20.0717453],[-98.3393902,20.0721342],[-98.3394005,20.0725092],[-98.3393992,20.072773],[-98.3394104,20.0728792],[-98.3394106,20.0732616],[-98.3394074,20.0736147],[-98.3394036,20.0736471],[-98.3393793,20.0741947],[-98.3391128,20.0742362],[-98.3384469,20.0743497],[-98.3382097,20.0744421],[-98.338012,20.0745191],[-98.3380118,20.0745192],[-98.3374526,20.0750528],[-98.3370991,20.0754905],[-98.3370976,20.0754923],[-98.3370636,20.0754159],[-98.3370635,20.0754156],[-98.3370638,20.0754111],[-98.3370708,20.0752848],[-98.3371596,20.0749215],[-98.3371607,20.0749169]]]},"properties":{"locality":"BELLA VISTA","official_key":"1307700010132","CVE_ENT":"13","CVE_MUN":"077","CVE_LOC":"0001","CVE_ASEN":"0132","settlement_type":"COLONIA","source":"INEGI DCAH 2025"}},{"type":"Feature","geometry":{"type":"Polygon","coordinates":[[[-98.3573911,20.0964222],[-98.3575864,20.0963087],[-98.3578893,20.0961323],[-98.3580813,20.0963918],[-98.358236,20.0966008],[-98.3582512,20.0966325],[-98.3580072,20.096723],[-98.3576435,20.096831],[-98.3575611,20.0966965],[-98.3573911,20.0964222]]]},"properties":{"locality":"CONDESA","official_key":"1307700010133","CVE_ENT":"13","CVE_MUN":"077","CVE_LOC":"0001","CVE_ASEN":"0133","settlement_type":"PRIVADA","source":"INEGI DCAH 2025"}},{"type":"Feature","geometry":{"type":"Polygon","coordinates":[[[-98.3787774,20.0841813],[-98.3788517,20.0839556],[-98.3811175,20.0841293],[-98.3811575,20.0843757],[-98.3811927,20.0846315],[-98.3786872,20.0844318],[-98.3787774,20.0841813]]]},"properties":{"locality":"DEL VALLE","official_key":"1307700010134","CVE_ENT":"13","CVE_MUN":"077","CVE_LOC":"0001","CVE_ASEN":"0134","settlement_type":"FRACCIONAMIENTO","source":"INEGI DCAH 2025"}},{"type":"Feature","geometry":{"type":"Polygon","coordinates":[[[-98.3666061,20.0687829],[-98.3662741,20.0679468],[-98.3670223,20.0679697],[-98.3670047,20.0675848],[-98.3669339,20.067589],[-98.3668158,20.0671932],[-98.3664903,20.0672801],[-98.3665863,20.067619],[-98.3661435,20.0676318],[-98.365902,20.0677169],[-98.3646759,20.0677393],[-98.3644754,20.0671086],[-98.3641756,20.0660129],[-98.3641589,20.0659087],[-98.3639423,20.0651891],[-98.3638915,20.0650203],[-98.3637606,20.0645852],[-98.3636766,20.0645345],[-98.3635368,20.0645187],[-98.3634294,20.0644701],[-98.3632251,20.0644414],[-98.3630709,20.0644194],[-98.3629354,20.0638723],[-98.3629193,20.0638075],[-98.3629167,20.0637968],[-98.3634441,20.0636094],[-98.3634511,20.0636371],[-98.3648525,20.0637331],[-98.3651161,20.064494],[-98.3655535,20.064395],[-98.3649178,20.0624967],[-98.3653753,20.0626123],[-98.3656208,20.0626677],[-98.3658801,20.0627265],[-98.3661891,20.0627939],[-98.3664122,20.0628473],[-98.3664755,20.0629018],[-98.3666057,20.0629316],[-98.3670122,20.0629967],[-98.3684539,20.0633398],[-98.3693433,20.0635594],[-98.3691439,20.064717],[-98.3692401,20.0648012],[-98.369104,20.0656091],[-98.3679375,20.0654448],[-98.3680704,20.0661736],[-98.3690109,20.0661329],[-98.3689159,20.0667845],[-98.3688555,20.0671761],[-98.368789,20.0675001],[-98.3685222,20.0691217],[-98.3666061,20.0687829]],[[-98.368333,20.0675051],[-98.3681209,20.0663936],[-98.3679127,20.0664188],[-98.3677104,20.0664495],[-98.367927,20.0675247],[-98.36815,20.0675082],[-98.368333,20.0675051]]]},"properties":{"locality":"AHUEHUETITLA","official_key":"1307700010135","CVE_ENT":"13","CVE_MUN":"077","CVE_LOC":"0001","CVE_ASEN":"0135","settlement_type":"EXHACIENDA","source":"INEGI DCAH 2025"}},{"type":"Feature","geometry":{"type":"Polygon","coordinates":[[[-98.3425836,20.0745026],[-98.3427193,20.07442],[-98.3430542,20.0742491],[-98.3431195,20.0744258],[-98.3431603,20.0745362],[-98.3432646,20.074961],[-98.3433269,20.0750624],[-98.343356,20.075215],[-98.3433812,20.0753633],[-98.343399,20.0755063],[-98.3427877,20.0756895],[-98.3419,20.0758874],[-98.3418955,20.0756658],[-98.3419022,20.0753897],[-98.3418997,20.0751719],[-98.3418254,20.0750164],[-98.3419214,20.0748934],[-98.3422596,20.0746882],[-98.342484,20.0745631],[-98.3425836,20.0745026]]]},"properties":{"locality":"LAS FLORES","official_key":"1307700010136","CVE_ENT":"13","CVE_MUN":"077","CVE_LOC":"0001","CVE_ASEN":"0136","settlement_type":"COLONIA","source":"INEGI DCAH 2025"}},{"type":"Feature","geometry":{"type":"Polygon","coordinates":[[[-98.3435483,20.0758839],[-98.3434933,20.0754862],[-98.343399,20.0755063],[-98.3433812,20.0753633],[-98.343356,20.075215],[-98.3433269,20.0750624],[-98.3432646,20.074961],[-98.3431603,20.0745362],[-98.3431195,20.0744258],[-98.3430542,20.0742491],[-98.3430571,20.0742453],[-98.3430792,20.0742171],[-98.3434415,20.073754],[-98.3434929,20.0737067],[-98.3435216,20.0734758],[-98.3435756,20.073329],[-98.3436441,20.0732487],[-98.3437284,20.07315],[-98.3438061,20.0731242],[-98.3440332,20.0730458],[-98.3441952,20.0735796],[-98.3443674,20.0742535],[-98.3444318,20.074496],[-98.3444759,20.0746688],[-98.3445048,20.0747817],[-98.3445914,20.0750468],[-98.3446719,20.075235],[-98.3447258,20.0754668],[-98.3447572,20.0756018],[-98.3435483,20.0758839]]]},"properties":{"locality":"JARDINES DEL PARAÍSO","official_key":"1307700010137","CVE_ENT":"13","CVE_MUN":"077","CVE_LOC":"0001","CVE_ASEN":"0137","settlement_type":"COLONIA","source":"INEGI DCAH 2025"}},{"type":"Feature","geometry":{"type":"Polygon","coordinates":[[[-98.3675932,20.0966046],[-98.3683898,20.0968478],[-98.3681826,20.0973726],[-98.3674096,20.0971376],[-98.3675932,20.0966046]]]},"properties":{"locality":"KARLA","official_key":"1307700010138","CVE_ENT":"13","CVE_MUN":"077","CVE_LOC":"0001","CVE_ASEN":"0138","settlement_type":"PRIVADA","source":"INEGI DCAH 2025"}},{"type":"Feature","geometry":{"type":"Polygon","coordinates":[[[-98.3573911,20.0964222],[-98.3570499,20.0966205],[-98.3567381,20.0961844],[-98.3568912,20.095639],[-98.3573911,20.0964222]]]},"properties":{"locality":"MANUEL ÁVILA CAMACHO","official_key":"1307700010139","CVE_ENT":"13","CVE_MUN":"077","CVE_LOC":"0001","CVE_ASEN":"0139","settlement_type":"PRIVADA","source":"INEGI DCAH 2025"}},{"type":"Feature","geometry":{"type":"Polygon","coordinates":[[[-98.3673855,20.0972075],[-98.3674096,20.0971376],[-98.3681826,20.0973726],[-98.3680493,20.0977575],[-98.3672709,20.0975476],[-98.3672958,20.0974749],[-98.3673238,20.0973957],[-98.3673398,20.0973504],[-98.3673855,20.0972075]]]},"properties":{"locality":"LAS AMÉRICAS","official_key":"1307700010140","CVE_ENT":"13","CVE_MUN":"077","CVE_LOC":"0001","CVE_ASEN":"0140","settlement_type":"CONJUNTO HABITACIONAL","source":"INEGI DCAH 2025"}},{"type":"Feature","geometry":{"type":"Polygon","coordinates":[[[-98.3711719,20.0737879],[-98.3711471,20.0738253],[-98.3708316,20.0742904],[-98.3706153,20.0745731],[-98.3704494,20.0747938],[-98.3692187,20.0739409],[-98.3689026,20.0738316],[-98.3692564,20.0737652],[-98.3688593,20.0736322],[-98.3682982,20.0732869],[-98.3683154,20.0729273],[-98.3690116,20.0731364],[-98.3711719,20.0737879]]]},"properties":{"locality":"PLAN DE AYALA","official_key":"1307700010141","CVE_ENT":"13","CVE_MUN":"077","CVE_LOC":"0001","CVE_ASEN":"0141","settlement_type":"AMPLIACIÓN","source":"INEGI DCAH 2025"}},{"type":"Feature","geometry":{"type":"Polygon","coordinates":[[[-98.3510008,20.103308],[-98.3506581,20.103625],[-98.3499792,20.1029709],[-98.3504545,20.1021727],[-98.3507459,20.1021344],[-98.3508155,20.1021252],[-98.3509347,20.1023474],[-98.350541,20.1027401],[-98.3510008,20.103308]]]},"properties":{"locality":"TERRANOVA","official_key":"1307700010142","CVE_ENT":"13","CVE_MUN":"077","CVE_LOC":"0001","CVE_ASEN":"0142","settlement_type":"RESIDENCIAL","source":"INEGI DCAH 2025"}},{"type":"Feature","geometry":{"type":"Polygon","coordinates":[[[-98.3607391,20.0958069],[-98.3616257,20.0952618],[-98.3628478,20.0944972],[-98.3638558,20.0938404],[-98.3644594,20.0934933],[-98.3647345,20.0932903],[-98.3652252,20.092978],[-98.365622,20.0927255],[-98.3659267,20.0925588],[-98.3666589,20.0920996],[-98.3668298,20.0920579],[-98.3670026,20.0920149],[-98.367969,20.0917581],[-98.3690201,20.091472],[-98.3689625,20.0916349],[-98.3689426,20.0917244],[-98.3686301,20.09302],[-98.3685584,20.0932814],[-98.3685002,20.0934941],[-98.3684646,20.0936238],[-98.3684282,20.0938007],[-98.368337,20.0941565],[-98.3682502,20.0944578],[-98.3681696,20.0946406],[-98.3683471,20.0946543],[-98.3690517,20.0946877],[-98.3690271,20.0947577],[-98.3683898,20.0968478],[-98.3675932,20.0966046],[-98.3676183,20.0965316],[-98.3676404,20.0964645],[-98.3677028,20.0962711],[-98.3672868,20.0961521],[-98.3668495,20.0960547],[-98.3665447,20.096],[-98.3658715,20.0958343],[-98.3657361,20.096334],[-98.3657131,20.0964096],[-98.3656894,20.096787],[-98.365682,20.0969667],[-98.3661341,20.0971025],[-98.3661666,20.0971049],[-98.3661996,20.097113],[-98.3664396,20.0971748],[-98.3666237,20.0972222],[-98.3668772,20.0972877],[-98.3669455,20.097305],[-98.3670039,20.09732],[-98.367177,20.0973648],[-98.3673238,20.0973957],[-98.3672958,20.0974749],[-98.3672709,20.0975476],[-98.3671966,20.0977643],[-98.3670819,20.0981013],[-98.3669441,20.0984666],[-98.3668894,20.0986207],[-98.3668903,20.098621],[-98.3665808,20.0995098],[-98.3665507,20.0995725],[-98.3665195,20.0995967],[-98.3664784,20.0996149],[-98.3661505,20.0996436],[-98.3661492,20.0996438],[-98.3659803,20.0996851],[-98.3655634,20.0996961],[-98.3653691,20.0997195],[-98.3652243,20.0997314],[-98.3649157,20.0997706],[-98.3645809,20.0997939],[-98.3645687,20.0996591],[-98.3645263,20.0991907],[-98.3644564,20.0984859],[-98.3645164,20.0982354],[-98.3645578,20.098018],[-98.3635482,20.0979323],[-98.3634144,20.0979197],[-98.362923,20.0978735],[-98.3628292,20.0978646],[-98.3626149,20.0978445],[-98.3625765,20.097838],[-98.36223,20.097809],[-98.3623808,20.09697],[-98.3624027,20.0968313],[-98.3624043,20.0968216],[-98.3623791,20.0968206],[-98.3623041,20.0968176],[-98.3619161,20.0968021],[-98.361862,20.0967999],[-98.3617475,20.0967928],[-98.3616351,20.096787],[-98.3615215,20.0967812],[-98.3613903,20.0967744],[-98.3612395,20.0967653],[-98.3607391,20.0958069]],[[-98.3659361,20.0956138],[-98.3649238,20.0954405],[-98.3648874,20.095617],[-98.3658872,20.0957808],[-98.365888,20.0957809],[-98.3658897,20.0957722],[-98.3659361,20.0956138]]]},"properties":{"locality":"SAN ISIDRO CALTENGO","official_key":"1307700010143","CVE_ENT":"13","CVE_MUN":"077","CVE_LOC":"0001","CVE_ASEN":"0143","settlement_type":"COLONIA","source":"INEGI DCAH 2025"}},{"type":"Feature","geometry":{"type":"Polygon","coordinates":[[[-98.3648874,20.095617],[-98.3649238,20.0954405],[-98.3659361,20.0956138],[-98.3658897,20.0957722],[-98.365888,20.0957809],[-98.3658872,20.0957808],[-98.3648874,20.095617]]]},"properties":{"locality":"SANTA ANA CALTENGO","official_key":"1307700010144","CVE_ENT":"13","CVE_MUN":"077","CVE_LOC":"0001","CVE_ASEN":"0144","settlement_type":"PRIVADA","source":"INEGI DCAH 2025"}},{"type":"Feature","geometry":{"type":"Polygon","coordinates":[[[-98.3668215,20.1006441],[-98.3670467,20.1000535],[-98.3674296,20.1000573],[-98.3676476,20.099936],[-98.3677277,20.0998867],[-98.3680002,20.0997347],[-98.3680215,20.0997317],[-98.3681438,20.0997283],[-98.368216,20.0997344],[-98.3688484,20.0999416],[-98.3692564,20.1004275],[-98.3693511,20.1005106],[-98.3692409,20.1011113],[-98.3678512,20.10094],[-98.3672698,20.1007975],[-98.3668215,20.1006441]]]},"properties":{"locality":"SANTA CLEMENCIA","official_key":"1307700010145","CVE_ENT":"13","CVE_MUN":"077","CVE_LOC":"0001","CVE_ASEN":"0145","settlement_type":"FRACCIONAMIENTO","source":"INEGI DCAH 2025"}},{"type":"Feature","geometry":{"type":"Polygon","coordinates":[[[-98.3645389,20.1006023],[-98.3645157,20.1000424],[-98.3645063,20.0998842],[-98.3645088,20.0997989],[-98.3645103,20.0997988],[-98.3645809,20.0997939],[-98.3649157,20.0997706],[-98.3652243,20.0997314],[-98.3653691,20.0997195],[-98.3655634,20.0996961],[-98.3659803,20.0996851],[-98.3661492,20.0996438],[-98.3658421,20.101172],[-98.3652949,20.1009406],[-98.3645389,20.1006023]]]},"properties":{"locality":"EL VOLCÁN","official_key":"1307700010146","CVE_ENT":"13","CVE_MUN":"077","CVE_LOC":"0001","CVE_ASEN":"0146","settlement_type":"FRACCIONAMIENTO","source":"INEGI DCAH 2025"}},{"type":"Feature","geometry":{"type":"Polygon","coordinates":[[[-98.3784619,20.0941621],[-98.3783082,20.0940193],[-98.3785414,20.093089],[-98.3784716,20.0930119],[-98.3784279,20.0929167],[-98.37844,20.0928197],[-98.378508,20.0927063],[-98.3785633,20.0924577],[-98.3786245,20.0922187],[-98.3787216,20.0918475],[-98.3787899,20.0915316],[-98.3796858,20.0917898],[-98.3797128,20.0917972],[-98.3805684,20.0920445],[-98.3807279,20.0920906],[-98.3806972,20.0921503],[-98.3805732,20.0925226],[-98.3805041,20.093009],[-98.3804462,20.0934174],[-98.3803967,20.0937446],[-98.3803756,20.0938829],[-98.380375,20.0938865],[-98.3802908,20.0942878],[-98.3784619,20.0941621]]]},"properties":{"locality":"ALAMOXTITLA","official_key":"1307700010148","CVE_ENT":"13","CVE_MUN":"077","CVE_LOC":"0001","CVE_ASEN":"0148","settlement_type":"RANCHO","source":"INEGI DCAH 2025"}},{"type":"Feature","geometry":{"type":"Polygon","coordinates":[[[-98.357635,20.1100108],[-98.3579188,20.1096605],[-98.3583114,20.1091555],[-98.3613477,20.1104722],[-98.3612286,20.1105608],[-98.3611416,20.1106548],[-98.3610884,20.1107857],[-98.3610657,20.1108415],[-98.3609659,20.1110037],[-98.3608382,20.1112842],[-98.3606708,20.1118866],[-98.357635,20.1100108]]]},"properties":{"locality":"BUGAMBILIAS","official_key":"1307700010149","CVE_ENT":"13","CVE_MUN":"077","CVE_LOC":"0001","CVE_ASEN":"0149","settlement_type":"FRACCIONAMIENTO","source":"INEGI DCAH 2025"}},{"type":"Feature","geometry":{"type":"Polygon","coordinates":[[[-98.3496659,20.0852012],[-98.3497022,20.0847338],[-98.3489898,20.084728],[-98.3487685,20.0847418],[-98.3486408,20.0841734],[-98.3486435,20.0838493],[-98.348645,20.0834772],[-98.3495808,20.083418],[-98.3498959,20.0833893],[-98.350311,20.083392],[-98.3509042,20.0833756],[-98.350806,20.0837794],[-98.3508581,20.0839019],[-98.3507381,20.0846746],[-98.3503725,20.0846275],[-98.3502203,20.0857657],[-98.3501604,20.0858056],[-98.3501508,20.0861693],[-98.3499673,20.0861619],[-98.3495689,20.0861332],[-98.3496214,20.0856797],[-98.3496659,20.0852012]]]},"properties":{"locality":"CHAPULTEPEC","official_key":"1307700010150","CVE_ENT":"13","CVE_MUN":"077","CVE_LOC":"0001","CVE_ASEN":"0150","settlement_type":"FRACCIONAMIENTO","source":"INEGI DCAH 2025"}},{"type":"Feature","geometry":{"type":"Polygon","coordinates":[[[-98.3480612,20.0904869],[-98.3483456,20.0893583],[-98.3488716,20.0894783],[-98.349988,20.0897552],[-98.350129,20.0897853],[-98.3505474,20.0898778],[-98.3507169,20.0899082],[-98.3505359,20.0907004],[-98.3504491,20.0910398],[-98.3503341,20.0910178],[-98.3497717,20.0909307],[-98.3490005,20.090773],[-98.348644,20.0906564],[-98.3480612,20.0904869]]]},"properties":{"locality":"LA CRUZ","official_key":"1307700010151","CVE_ENT":"13","CVE_MUN":"077","CVE_LOC":"0001","CVE_ASEN":"0151","settlement_type":"AMPLIACIÓN","source":"INEGI DCAH 2025"}},{"type":"Feature","geometry":{"type":"Polygon","coordinates":[[[-98.34382,20.0663351],[-98.3436934,20.0660778],[-98.3436176,20.0659171],[-98.3435585,20.0656451],[-98.3435666,20.0652829],[-98.3436504,20.0649289],[-98.3436374,20.0647519],[-98.3435377,20.0644688],[-98.3434012,20.06424],[-98.3432291,20.0640177],[-98.3427318,20.0633756],[-98.3425759,20.0631551],[-98.3425758,20.0631551],[-98.3422373,20.0627308],[-98.3422287,20.0627202],[-98.3421999,20.0626848],[-98.3422015,20.0626835],[-98.342256,20.0626378],[-98.342256,20.0626377],[-98.3422825,20.0625681],[-98.3423832,20.0624664],[-98.3423955,20.062411],[-98.3423954,20.062306],[-98.3423851,20.0621577],[-98.3424037,20.0620681],[-98.342488,20.0619856],[-98.3424886,20.0619852],[-98.3425905,20.0619067],[-98.3426562,20.0618897],[-98.3430252,20.0619633],[-98.3430328,20.06197],[-98.3430356,20.0619654],[-98.3431085,20.0619799],[-98.3433823,20.0621383],[-98.3436423,20.062356],[-98.344223,20.0632682],[-98.3446977,20.0637509],[-98.3449066,20.0640446],[-98.344949,20.0641041],[-98.3450047,20.0643391],[-98.3450176,20.0643935],[-98.345017,20.0645537],[-98.3450167,20.0646232],[-98.3450167,20.0646249],[-98.3450166,20.064628],[-98.3449776,20.0656162],[-98.3449775,20.0656205],[-98.3449775,20.065621],[-98.3450236,20.0661278],[-98.345124,20.0662713],[-98.3450768,20.0662569],[-98.3448533,20.0664963],[-98.3446794,20.0666953],[-98.3440616,20.0665891],[-98.3439024,20.0664482],[-98.34382,20.0663351]]]},"properties":{"locality":"LA CURVA","official_key":"1307700010152","CVE_ENT":"13","CVE_MUN":"077","CVE_LOC":"0001","CVE_ASEN":"0152","settlement_type":"FRACCIONAMIENTO","source":"INEGI DCAH 2025"}},{"type":"Feature","geometry":{"type":"Polygon","coordinates":[[[-98.368333,20.0675051],[-98.36815,20.0675082],[-98.367927,20.0675247],[-98.3677104,20.0664495],[-98.3679127,20.0664188],[-98.3681209,20.0663936],[-98.368333,20.0675051]]]},"properties":{"locality":"EMILIANO DELGADILLO","official_key":"1307700010153","CVE_ENT":"13","CVE_MUN":"077","CVE_LOC":"0001","CVE_ASEN":"0153","settlement_type":"PRIVADA","source":"INEGI DCAH 2025"}},{"type":"Feature","geometry":{"type":"Polygon","coordinates":[[[-98.3615731,20.1131395],[-98.361324,20.1130548],[-98.3607385,20.1128334],[-98.3605167,20.1126942],[-98.3603234,20.112579],[-98.3593523,20.1119844],[-98.3574184,20.1108],[-98.3572903,20.1107215],[-98.3571677,20.1106503],[-98.3572069,20.1105514],[-98.357635,20.1100108],[-98.3606708,20.1118866],[-98.3608382,20.1112842],[-98.3609659,20.1110037],[-98.3610657,20.1108415],[-98.3610884,20.1107857],[-98.3611416,20.1106548],[-98.3612286,20.1105608],[-98.3613477,20.1104722],[-98.3583114,20.1091555],[-98.3591791,20.1080991],[-98.3609142,20.1058393],[-98.3609522,20.1058754],[-98.361419,20.1062697],[-98.3618396,20.1065815],[-98.3621339,20.1066855],[-98.3629808,20.1069821],[-98.3633657,20.1071256],[-98.3641762,20.1074106],[-98.3643441,20.1074706],[-98.3645739,20.1075663],[-98.3648397,20.1076771],[-98.364949,20.1077753],[-98.3650864,20.1078987],[-98.3648657,20.1098452],[-98.3646736,20.1116154],[-98.3646108,20.1124112],[-98.3646105,20.1124193],[-98.3645876,20.1132322],[-98.3640067,20.113286],[-98.3638669,20.1132611],[-98.3636624,20.1131554],[-98.3635286,20.1131378],[-98.3634064,20.1131473],[-98.3628521,20.1131907],[-98.3624118,20.1132406],[-98.3618922,20.1132354],[-98.3615731,20.1131395]]]},"properties":{"locality":"LA MESA CALTENGO","official_key":"1307700010154","CVE_ENT":"13","CVE_MUN":"077","CVE_LOC":"0001","CVE_ASEN":"0154","settlement_type":"RANCHO","source":"INEGI DCAH 2025"}},{"type":"Feature","geometry":{"type":"Polygon","coordinates":[[[-98.3571677,20.1106503],[-98.3572903,20.1107215],[-98.3574184,20.1108],[-98.3567973,20.1115764],[-98.3566843,20.1114926],[-98.3565851,20.1114242],[-98.3571677,20.1106503]]]},"properties":{"locality":"LA MESA CALTENGO","official_key":"1307700010155","CVE_ENT":"13","CVE_MUN":"077","CVE_LOC":"0001","CVE_ASEN":"0155","settlement_type":"FRACCIONAMIENTO","source":"INEGI DCAH 2025"}},{"type":"Feature","geometry":{"type":"Polygon","coordinates":[[[-98.3771374,20.0907641],[-98.3768709,20.0914558],[-98.3760652,20.0912555],[-98.3753107,20.0910712],[-98.3754221,20.0906196],[-98.3754326,20.0905824],[-98.3755024,20.0903341],[-98.3761849,20.0905106],[-98.3763556,20.0900118],[-98.3766053,20.0900754],[-98.3769296,20.0901576],[-98.3773395,20.0902394],[-98.3771374,20.0907641]]]},"properties":{"locality":"LOS MESONES SEGUNDA SECCIÓN","official_key":"1307700010156","CVE_ENT":"13","CVE_MUN":"077","CVE_LOC":"0001","CVE_ASEN":"0156","settlement_type":"PRIVADA","source":"INEGI DCAH 2025"}},{"type":"Feature","geometry":{"type":"Polygon","coordinates":[[[-98.3794328,20.0881141],[-98.3804191,20.0865661],[-98.3808177,20.0860041],[-98.3812884,20.0853306],[-98.3814782,20.0850359],[-98.3815374,20.0850917],[-98.381611,20.0857707],[-98.3817042,20.086934],[-98.3817043,20.0869348],[-98.3817042,20.0869364],[-98.3817041,20.0869388],[-98.3816907,20.0872198],[-98.3815066,20.0875943],[-98.381308,20.0881695],[-98.381163,20.0885314],[-98.3811171,20.088599],[-98.3809264,20.0888798],[-98.3809245,20.0888826],[-98.3806726,20.0887577],[-98.3798062,20.0883148],[-98.3795752,20.0881967],[-98.3794328,20.0881141]]]},"properties":{"locality":"SAN ANTONIO FARIAS","official_key":"1307700010157","CVE_ENT":"13","CVE_MUN":"077","CVE_LOC":"0001","CVE_ASEN":"0157","settlement_type":"COLONIA","source":"INEGI DCAH 2025"}},{"type":"Feature","geometry":{"type":"Polygon","coordinates":[[[-98.3761481,20.0983103],[-98.3762069,20.0981235],[-98.3763454,20.0981578],[-98.3763885,20.0980014],[-98.3765154,20.0980359],[-98.3766199,20.0976883],[-98.3780827,20.0981013],[-98.3779869,20.0984043],[-98.3779292,20.0983909],[-98.3778745,20.0985754],[-98.3779385,20.0985907],[-98.3778597,20.0988332],[-98.377552,20.0987445],[-98.3763427,20.0983928],[-98.3761737,20.0983594],[-98.3761481,20.0983103]]]},"properties":{"locality":"VILLAS DEL RECUERDO","official_key":"1307700010158","CVE_ENT":"13","CVE_MUN":"077","CVE_LOC":"0001","CVE_ASEN":"0158","settlement_type":"FRACCIONAMIENTO","source":"INEGI DCAH 2025"}},{"type":"Feature","geometry":{"type":"Polygon","coordinates":[[[-98.3751791,20.0916127],[-98.375189,20.0915859],[-98.3752627,20.0912517],[-98.3753107,20.0910712],[-98.3760652,20.0912555],[-98.3758939,20.0918396],[-98.3753337,20.0916639],[-98.3751791,20.0916127]]]},"properties":{"locality":"RIVA PALACIOS","official_key":"1307700010161","CVE_ENT":"13","CVE_MUN":"077","CVE_LOC":"0001","CVE_ASEN":"0161","settlement_type":"PRIVADA","source":"INEGI DCAH 2025"}},{"type":"Feature","geometry":{"type":"Polygon","coordinates":[[[-98.3460329,20.0812609],[-98.3463994,20.0812323],[-98.3467862,20.0812013],[-98.3469135,20.0811999],[-98.3471554,20.0811787],[-98.3472218,20.0811863],[-98.3475505,20.0811272],[-98.3478503,20.0811092],[-98.3479367,20.0810982],[-98.3478592,20.0807489],[-98.3478929,20.0807449],[-98.3482272,20.0807051],[-98.3486339,20.0806459],[-98.3489882,20.0805708],[-98.3490813,20.0809284],[-98.3491791,20.0813879],[-98.3492863,20.0818092],[-98.3493577,20.0822683],[-98.3494874,20.0828095],[-98.3495043,20.0829196],[-98.3495808,20.083418],[-98.348645,20.0834772],[-98.3476199,20.0835449],[-98.3474425,20.0835587],[-98.3472484,20.0835683],[-98.3468477,20.083589],[-98.3467656,20.0835935],[-98.3464318,20.08362],[-98.3463663,20.0836248],[-98.3463177,20.0833128],[-98.3462452,20.0829598],[-98.3461748,20.082597],[-98.3461044,20.0822744],[-98.3460414,20.0822516],[-98.3459751,20.0822119],[-98.3459507,20.0821674],[-98.3458869,20.0819502],[-98.3458948,20.0818946],[-98.3458089,20.0815654],[-98.345664,20.0813079],[-98.3460329,20.0812609]]]},"properties":{"locality":"PARAÍSO NORTE","official_key":"1307700010162","CVE_ENT":"13","CVE_MUN":"077","CVE_LOC":"0001","CVE_ASEN":"0162","settlement_type":"AMPLIACIÓN","source":"INEGI DCAH 2025"}},{"type":"Feature","geometry":{"type":"Polygon","coordinates":[[[-98.3641216,20.0835846],[-98.3638619,20.0835168],[-98.363261,20.0833844],[-98.3636866,20.0826825],[-98.3640872,20.0820244],[-98.3645814,20.0813061],[-98.3649615,20.0807143],[-98.3650594,20.0806691],[-98.3650674,20.0806453],[-98.3650847,20.0805836],[-98.3650627,20.0805642],[-98.3650456,20.0805492],[-98.3650266,20.0805323],[-98.3649554,20.0804695],[-98.3649071,20.0804269],[-98.3649195,20.0804089],[-98.3649397,20.0803794],[-98.3649693,20.0803361],[-98.3649788,20.0803166],[-98.3650056,20.0802782],[-98.3650106,20.080271],[-98.3650433,20.0802243],[-98.3651424,20.0800826],[-98.3651598,20.0800666],[-98.3651808,20.0800342],[-98.3652081,20.0799921],[-98.3652341,20.0799991],[-98.3653463,20.0799967],[-98.3653732,20.0799961],[-98.3654359,20.0799947],[-98.3654485,20.0798864],[-98.3654506,20.0798547],[-98.3654511,20.0798077],[-98.3654276,20.0798065],[-98.3654312,20.0797877],[-98.3654302,20.0797943],[-98.365434,20.0797703],[-98.3654484,20.0796797],[-98.3654532,20.0796494],[-98.365451,20.0796184],[-98.3654572,20.0796243],[-98.3654515,20.0795135],[-98.3655098,20.0791617],[-98.3655051,20.0791191],[-98.3658284,20.0791312],[-98.3664065,20.0791841],[-98.3664645,20.0791766],[-98.3664754,20.0787927],[-98.3664674,20.0785766],[-98.3663861,20.0782339],[-98.3662899,20.0779302],[-98.3664636,20.0779607],[-98.3670412,20.0779673],[-98.3681001,20.0778558],[-98.3681876,20.0777974],[-98.3684135,20.0777645],[-98.3686302,20.0777397],[-98.3686311,20.0777498],[-98.3689352,20.0777562],[-98.368997,20.077722],[-98.3690481,20.0775867],[-98.3693166,20.0775968],[-98.3693386,20.0773442],[-98.3697765,20.0774471],[-98.3698516,20.0774619],[-98.3698801,20.0774574],[-98.3699601,20.0774497],[-98.370068,20.0774343],[-98.3700604,20.0773691],[-98.3704397,20.0773265],[-98.3706037,20.0773001],[-98.3706811,20.0772975],[-98.3707474,20.0771749],[-98.3714381,20.0770166],[-98.3715078,20.0772817],[-98.3717119,20.0772362],[-98.371642,20.0769695],[-98.3721857,20.0768406],[-98.3722416,20.0770592],[-98.3727059,20.0769544],[-98.3727785,20.0772624],[-98.3736695,20.0770474],[-98.3732538,20.0786103],[-98.3729979,20.0796736],[-98.3727376,20.0806517],[-98.3723173,20.0822802],[-98.3720201,20.0834895],[-98.371721,20.0845222],[-98.371496,20.0853753],[-98.3706751,20.0851938],[-98.3697882,20.0849402],[-98.3689257,20.0847333],[-98.3680632,20.0845421],[-98.3671146,20.0843185],[-98.3657899,20.0839924],[-98.3641216,20.0835846]],[[-98.3721302,20.0796128],[-98.3724319,20.078478],[-98.372737,20.0772724],[-98.3721869,20.0774128],[-98.3716651,20.077529],[-98.3708467,20.0776987],[-98.368918,20.0781697],[-98.368152,20.0783333],[-98.3671217,20.0785451],[-98.3671413,20.078953],[-98.3671364,20.0790977],[-98.3671238,20.0792636],[-98.3665038,20.0792236],[-98.3664593,20.0792593],[-98.366436,20.0793253],[-98.3663527,20.0794681],[-98.3662302,20.0797386],[-98.3659444,20.0802988],[-98.3656441,20.0808704],[-98.3654596,20.0811927],[-98.3652584,20.0815173],[-98.3648185,20.0822947],[-98.3645476,20.0827873],[-98.365209,20.0829411],[-98.3660084,20.0831509],[-98.3673245,20.0834807],[-98.3682736,20.0837116],[-98.3686525,20.0837958],[-98.3691508,20.0839043],[-98.370913,20.084324],[-98.3711474,20.0832768],[-98.3714861,20.0821182],[-98.371881,20.0805997],[-98.3721302,20.0796128]]]},"properties":{"locality":"CENTRO SEGUNDO CUADRO","official_key":"1307700010163","CVE_ENT":"13","CVE_MUN":"077","CVE_LOC":"0001","CVE_ASEN":"0163","settlement_type":"COLONIA","source":"INEGI DCAH 2025"}},{"type":"Feature","geometry":{"type":"Polygon","coordinates":[[[-98.3819576,20.0723491],[-98.381503,20.0707688],[-98.3793684,20.0698721],[-98.3791818,20.0700239],[-98.3777989,20.0689506],[-98.3776535,20.0688387],[-98.3774883,20.0685398],[-98.377345,20.0684102],[-98.3773139,20.0683724],[-98.3773169,20.0683724],[-98.377319,20.0683724],[-98.3775164,20.0683718],[-98.3779697,20.0683857],[-98.3783029,20.0684144],[-98.3784052,20.0684248],[-98.3785347,20.0684381],[-98.3787367,20.0684813],[-98.3791417,20.0686043],[-98.3791826,20.0686167],[-98.3801027,20.069061],[-98.380625,20.0693105],[-98.3809327,20.0694575],[-98.3811104,20.0695553],[-98.3817435,20.0698735],[-98.3820898,20.0688269],[-98.3821217,20.0687637],[-98.3822939,20.0684228],[-98.38436,20.0692581],[-98.3843612,20.0692585],[-98.3850107,20.0694557],[-98.3847649,20.0701007],[-98.3846673,20.0700714],[-98.384295,20.0712318],[-98.3841342,20.0716802],[-98.3829246,20.0710978],[-98.382712,20.0709968],[-98.3826165,20.0712623],[-98.3827033,20.0713219],[-98.382732,20.0714282],[-98.3829176,20.0721151],[-98.3826382,20.0721851],[-98.3824035,20.0722414],[-98.3819576,20.0723491]]]},"properties":{"locality":"CORREDOR BICENTENARIO","official_key":"1307700010164","CVE_ENT":"13","CVE_MUN":"077","CVE_LOC":"0001","CVE_ASEN":"0164","settlement_type":"FRACCIONAMIENTO","source":"INEGI DCAH 2025"}},{"type":"Feature","geometry":{"type":"Polygon","coordinates":[[[-98.376207,20.0685866],[-98.3763099,20.068563],[-98.3765538,20.0685199],[-98.3768631,20.0684639],[-98.377345,20.0684102],[-98.3774883,20.0685398],[-98.3776535,20.0688387],[-98.3777989,20.0689506],[-98.3791818,20.0700239],[-98.3794893,20.0703051],[-98.3794532,20.0703281],[-98.379226,20.0705106],[-98.3780409,20.0713407],[-98.3762666,20.0686761],[-98.376207,20.0685866]]]},"properties":{"locality":"DESARROLLO VALLE ESMERALDA","official_key":"1307700010165","CVE_ENT":"13","CVE_MUN":"077","CVE_LOC":"0001","CVE_ASEN":"0165","settlement_type":"FRACCIONAMIENTO","source":"INEGI DCAH 2025"}},{"type":"Feature","geometry":{"type":"Polygon","coordinates":[[[-98.3527578,20.0712685],[-98.3528922,20.0711805],[-98.3529223,20.0711293],[-98.3529561,20.0710717],[-98.352947,20.0710331],[-98.3529489,20.0709611],[-98.3529665,20.0708752],[-98.3530295,20.0707999],[-98.3530779,20.0707626],[-98.3531021,20.070744],[-98.3532092,20.0707274],[-98.3533963,20.0707559],[-98.3535228,20.0707733],[-98.3536244,20.0707758],[-98.3537768,20.0707747],[-98.353935,20.0707449],[-98.3540888,20.070691],[-98.3542134,20.0705932],[-98.3543553,20.0704142],[-98.3545143,20.0701685],[-98.3546608,20.0698217],[-98.3547188,20.0695543],[-98.3547204,20.0695316],[-98.3547353,20.0693237],[-98.3548409,20.0691733],[-98.3549777,20.0691646],[-98.3550962,20.0692424],[-98.3558243,20.0700248],[-98.356139,20.0704822],[-98.3562186,20.0704721],[-98.3561949,20.070416],[-98.3560049,20.0697173],[-98.3557684,20.0690434],[-98.355554,20.0683994],[-98.3553259,20.0680869],[-98.3550657,20.0677676],[-98.3552326,20.0677405],[-98.3554535,20.0676709],[-98.3557321,20.0675786],[-98.3557999,20.0675352],[-98.3558205,20.0674787],[-98.3558222,20.0674114],[-98.3556895,20.067414],[-98.3554755,20.0673844],[-98.3552031,20.0672583],[-98.3550336,20.0671017],[-98.3549837,20.0670381],[-98.3549378,20.0669799],[-98.3547409,20.0665418],[-98.3545944,20.06621],[-98.3545107,20.0660381],[-98.3543784,20.0658347],[-98.3543138,20.0657642],[-98.3541642,20.065649],[-98.3538989,20.0654447],[-98.3536087,20.0652448],[-98.3533469,20.0650548],[-98.3528578,20.0647233],[-98.3524594,20.0644702],[-98.3524153,20.0646237],[-98.352265,20.0651458],[-98.3521894,20.0656954],[-98.35221,20.0660965],[-98.3523019,20.0680213],[-98.3517498,20.0679042],[-98.3515744,20.067882],[-98.3514604,20.0678706],[-98.3513376,20.0679612],[-98.3513267,20.0681906],[-98.3511621,20.0683906],[-98.3508777,20.0685892],[-98.3506855,20.0686364],[-98.3503721,20.0685828],[-98.3501809,20.0684381],[-98.350104,20.0684285],[-98.3500303,20.0684479],[-98.3495843,20.0687821],[-98.3495198,20.0688033],[-98.3495114,20.0685183],[-98.3495562,20.0682674],[-98.3494189,20.0681801],[-98.3492237,20.0683554],[-98.3490458,20.0685971],[-98.3488914,20.0689053],[-98.348898,20.0691685],[-98.348989,20.0695255],[-98.3491147,20.0698105],[-98.349287,20.0702465],[-98.348565,20.0701812],[-98.3477843,20.0701111],[-98.3477683,20.0702317],[-98.3477139,20.0702624],[-98.3475035,20.0703707],[-98.3470815,20.0705911],[-98.3467938,20.0706454],[-98.3467663,20.0706599],[-98.346529,20.0707893],[-98.3462667,20.0708266],[-98.3462154,20.070839],[-98.3460787,20.0709336],[-98.345906,20.0710663],[-98.3456796,20.071208],[-98.3455744,20.0712882],[-98.3454539,20.0714481],[-98.3453418,20.071493],[-98.3452401,20.0714474],[-98.3450928,20.0714398],[-98.3449174,20.0714737],[-98.3447456,20.0715263],[-98.34474,20.0712412],[-98.3447094,20.070897],[-98.3440574,20.0708808],[-98.3440912,20.0706233],[-98.3438932,20.070618],[-98.3436578,20.0720577],[-98.3435477,20.0719694],[-98.3433203,20.0711409],[-98.3432756,20.0709575],[-98.3432533,20.0705305],[-98.3432215,20.069998],[-98.3439644,20.0699609],[-98.3441457,20.0703007],[-98.3444288,20.0702924],[-98.3445528,20.0702865],[-98.3445859,20.0702846],[-98.3449186,20.0702648],[-98.345342,20.0693097],[-98.345193,20.0691353],[-98.3457286,20.0686116],[-98.3457287,20.0686115],[-98.3459193,20.0684269],[-98.3459776,20.0684843],[-98.3459802,20.068484],[-98.3465589,20.0684006],[-98.3465644,20.0683996],[-98.3465205,20.0678344],[-98.3468719,20.0677529],[-98.3467883,20.067085],[-98.3474712,20.0671855],[-98.3481484,20.0673542],[-98.3487705,20.0675047],[-98.3498433,20.0678152],[-98.3503837,20.0672667],[-98.3506049,20.0669769],[-98.3506646,20.0667408],[-98.3506493,20.0664597],[-98.350562,20.0663064],[-98.3504442,20.0661524],[-98.3502494,20.0660326],[-98.3501189,20.0657847],[-98.3501162,20.0656046],[-98.3500778,20.0653302],[-98.3499722,20.0650109],[-98.349731,20.0647614],[-98.3498395,20.0647017],[-98.3498423,20.0647018],[-98.3498436,20.0647018],[-98.3499595,20.0647043],[-98.3499596,20.0647044],[-98.3499596,20.0647029],[-98.3499596,20.0646996],[-98.3499589,20.0645869],[-98.3499589,20.0645822],[-98.349959,20.0645822],[-98.3499604,20.0645822],[-98.3510498,20.0646006],[-98.3517786,20.0638704],[-98.3524773,20.0644083],[-98.3528158,20.0646193],[-98.3529184,20.0645381],[-98.3532898,20.0644511],[-98.3555441,20.0646766],[-98.3561852,20.0658791],[-98.3563726,20.0662306],[-98.3568263,20.0670816],[-98.3576749,20.0676291],[-98.3585235,20.0681766],[-98.3585247,20.068175],[-98.3587905,20.0678035],[-98.3588035,20.0677641],[-98.3586081,20.0676998],[-98.3582542,20.0675311],[-98.3580658,20.0674114],[-98.3580322,20.0673665],[-98.3580148,20.0671154],[-98.3580406,20.0670014],[-98.3580914,20.06693],[-98.3580959,20.0667052],[-98.3580821,20.0665484],[-98.3581065,20.0664773],[-98.3581079,20.0664765],[-98.358207,20.0664236],[-98.3583183,20.0663991],[-98.3586134,20.0663262],[-98.3588124,20.0663146],[-98.3589319,20.0663076],[-98.3592174,20.0662634],[-98.3592219,20.0662611],[-98.3593965,20.0661722],[-98.3593977,20.066171],[-98.3595807,20.0659816],[-98.3595823,20.0659802],[-98.3597027,20.0658707],[-98.3598188,20.0658417],[-98.3600465,20.0658285],[-98.3600496,20.0658285],[-98.3603141,20.0658275],[-98.360478,20.0658269],[-98.3606502,20.0658119],[-98.3607273,20.0658163],[-98.3607741,20.0658189],[-98.3609836,20.0657635],[-98.36105,20.0657459],[-98.3612203,20.0657349],[-98.3613369,20.0657004],[-98.36157,20.0656567],[-98.361632,20.0656451],[-98.3616323,20.0656451],[-98.3616326,20.065645],[-98.3617104,20.0656304],[-98.3622073,20.0655316],[-98.3622106,20.0655513],[-98.3622914,20.0660416],[-98.3622929,20.0660509],[-98.3624024,20.0660488],[-98.3624502,20.0660479],[-98.3629505,20.0660385],[-98.363453,20.0660281],[-98.3637018,20.0660639],[-98.3638839,20.0660151],[-98.3640035,20.065983],[-98.3641003,20.0659645],[-98.3641268,20.0659657],[-98.364132,20.0659659],[-98.3641732,20.0660103],[-98.3641756,20.0660129],[-98.3644754,20.0671086],[-98.3646759,20.0677393],[-98.3648313,20.0683289],[-98.3648917,20.0684997],[-98.3651204,20.069351],[-98.365293,20.0701306],[-98.3654893,20.0710194],[-98.3656857,20.0719082],[-98.3658821,20.072797],[-98.3658921,20.0728441],[-98.3660513,20.073592],[-98.3660772,20.0737375],[-98.3658547,20.0737105],[-98.3649036,20.0736482],[-98.3643974,20.0736341],[-98.3641124,20.073587],[-98.363903,20.0735702],[-98.3635082,20.0735688],[-98.3631533,20.0735657],[-98.3629247,20.0735809],[-98.3625333,20.0736959],[-98.3620064,20.0739106],[-98.3616651,20.0741923],[-98.3614359,20.0743396],[-98.3611208,20.074491],[-98.3607208,20.0746059],[-98.3604391,20.0746769],[-98.3601072,20.0747359],[-98.3599213,20.0747725],[-98.3599509,20.0745722],[-98.3600233,20.07443],[-98.3600814,20.0742514],[-98.3601112,20.073993],[-98.3601108,20.0737266],[-98.3600547,20.0735453],[-98.3600039,20.0734505],[-98.3599147,20.0733692],[-98.3598401,20.0733098],[-98.3597661,20.0732289],[-98.3595862,20.0714177],[-98.3584111,20.0714831],[-98.3583793,20.0721014],[-98.358443,20.0739818],[-98.3585189,20.0745595],[-98.3581076,20.0754062],[-98.3579228,20.0757463],[-98.3579552,20.0759578],[-98.3577142,20.0759578],[-98.3570599,20.075951],[-98.3564807,20.0759706],[-98.3557943,20.0760028],[-98.3550095,20.0760475],[-98.3542608,20.0761321],[-98.3542045,20.0757138],[-98.3539146,20.0756147],[-98.3535266,20.0753678],[-98.3531705,20.0750655],[-98.3529511,20.0747248],[-98.3527793,20.0743708],[-98.3525471,20.0740404],[-98.3534846,20.0740282],[-98.3535688,20.0739259],[-98.3535478,20.0738664],[-98.3532268,20.0730378],[-98.3531539,20.0728466],[-98.3530771,20.0726776],[-98.352712,20.0723858],[-98.3523431,20.0720736],[-98.3522302,20.0720623],[-98.3523435,20.0716832],[-98.3524755,20.0713319],[-98.3526041,20.0713176],[-98.3527578,20.0712685]]]},"properties":{"locality":"EL PARAÍSO","official_key":"1307700010166","CVE_ENT":"13","CVE_MUN":"077","CVE_LOC":"0001","CVE_ASEN":"0166","settlement_type":"EJIDO","source":"INEGI DCAH 2025"}},{"type":"Feature","geometry":{"type":"Polygon","coordinates":[[[-98.3495843,20.0687821],[-98.3500303,20.0684479],[-98.350104,20.0684285],[-98.3501809,20.0684381],[-98.3503721,20.0685828],[-98.3506855,20.0686364],[-98.3508777,20.0685892],[-98.3511621,20.0683906],[-98.3513267,20.0681906],[-98.3513376,20.0679612],[-98.3514604,20.0678706],[-98.3515744,20.067882],[-98.3517498,20.0679042],[-98.3523019,20.0680213],[-98.3523512,20.0680293],[-98.3524076,20.0680452],[-98.3524701,20.0680587],[-98.3525075,20.0680898],[-98.3525292,20.0681657],[-98.3525265,20.0682657],[-98.3525149,20.0683767],[-98.3522146,20.0683455],[-98.3519815,20.0683455],[-98.3518322,20.0688624],[-98.3517575,20.0688781],[-98.3515855,20.0688829],[-98.3514594,20.0688906],[-98.3511573,20.0688874],[-98.3509182,20.0688908],[-98.3510136,20.0694438],[-98.3510887,20.069636],[-98.3511087,20.0697841],[-98.3514294,20.0702118],[-98.3513248,20.070279],[-98.35105,20.0704559],[-98.3510409,20.0704654],[-98.3504025,20.0704379],[-98.350399,20.0704465],[-98.3503794,20.070495],[-98.3505373,20.0706984],[-98.3512156,20.0712582],[-98.3509401,20.0718485],[-98.3504511,20.0714435],[-98.3499671,20.0718805],[-98.3497902,20.0719858],[-98.34967,20.0717546],[-98.3495422,20.0715231],[-98.3494491,20.0713012],[-98.3493919,20.0711444],[-98.3492961,20.0710997],[-98.3488607,20.0708971],[-98.3487792,20.0709009],[-98.3486937,20.0709084],[-98.3485995,20.0709137],[-98.3484514,20.0709246],[-98.3480326,20.0703958],[-98.347876,20.0702672],[-98.3477683,20.0702317],[-98.3477843,20.0701111],[-98.348565,20.0701812],[-98.349287,20.0702465],[-98.3491147,20.0698105],[-98.348989,20.0695255],[-98.348898,20.0691685],[-98.3488914,20.0689053],[-98.3490458,20.0685971],[-98.3492237,20.0683554],[-98.3494189,20.0681801],[-98.3495562,20.0682674],[-98.3495114,20.0685183],[-98.3495198,20.0688033],[-98.3495843,20.0687821]]]},"properties":{"locality":"LA RAYUELA","official_key":"1307700010167","CVE_ENT":"13","CVE_MUN":"077","CVE_LOC":"0001","CVE_ASEN":"0167","settlement_type":"COLONIA","source":"INEGI DCAH 2025"}},{"type":"Feature","geometry":{"type":"Polygon","coordinates":[[[-98.3898048,20.0697905],[-98.3897762,20.0698323],[-98.3885835,20.0700472],[-98.3885133,20.0699937],[-98.3884755,20.0698675],[-98.3884092,20.0695729],[-98.3883244,20.0695813],[-98.3882972,20.0692688],[-98.3882721,20.0691256],[-98.3882197,20.0688395],[-98.3889138,20.0687251],[-98.3895592,20.0686169],[-98.3895968,20.0686343],[-98.3896874,20.0692099],[-98.3898048,20.0697905]]]},"properties":{"locality":"LA TOSCANA COUNTRY CLUB","official_key":"1307700010168","CVE_ENT":"13","CVE_MUN":"077","CVE_LOC":"0001","CVE_ASEN":"0168","settlement_type":"FRACCIONAMIENTO","source":"INEGI DCAH 2025"}},{"type":"Feature","geometry":{"type":"Polygon","coordinates":[[[-98.3492626,20.0791815],[-98.3490478,20.0792473],[-98.3486157,20.0793732],[-98.3485415,20.0791458],[-98.3484803,20.0789298],[-98.3484084,20.078638],[-98.3483719,20.0784513],[-98.3487417,20.0783896],[-98.3490391,20.0783391],[-98.3492626,20.0791815]]]},"properties":{"locality":"PARAÍSO CENTRO","official_key":"1307700010169","CVE_ENT":"13","CVE_MUN":"077","CVE_LOC":"0001","CVE_ASEN":"0169","settlement_type":"FRACCIONAMIENTO","source":"INEGI DCAH 2025"}},{"type":"Feature","geometry":{"type":"Polygon","coordinates":[[[-98.3462038,20.0846304],[-98.3462035,20.0846292],[-98.3462027,20.0846258],[-98.3461327,20.0842993],[-98.3460783,20.0836512],[-98.3460779,20.0836465],[-98.3460784,20.0836464],[-98.3460796,20.0836464],[-98.3463659,20.0836249],[-98.3463663,20.0836248],[-98.3464318,20.08362],[-98.3467656,20.0835935],[-98.3468477,20.083589],[-98.3472484,20.0835683],[-98.3474425,20.0835587],[-98.3476199,20.0835449],[-98.348645,20.0834772],[-98.3486435,20.0838493],[-98.3486408,20.0841734],[-98.3487685,20.0847418],[-98.3483185,20.0847574],[-98.3481211,20.0847566],[-98.3479015,20.0847737],[-98.3478376,20.0851681],[-98.3475083,20.0851743],[-98.3474336,20.085153],[-98.3469742,20.085162],[-98.34658,20.0851811],[-98.3462951,20.0851965],[-98.3461877,20.0850356],[-98.3462038,20.0846304]]]},"properties":{"locality":"PARAÍSO NORTE","official_key":"1307700010170","CVE_ENT":"13","CVE_MUN":"077","CVE_LOC":"0001","CVE_ASEN":"0170","settlement_type":"FRACCIONAMIENTO","source":"INEGI DCAH 2025"}},{"type":"Feature","geometry":{"type":"Polygon","coordinates":[[[-98.3499671,20.0718805],[-98.3504511,20.0714435],[-98.3509401,20.0718485],[-98.3512156,20.0712582],[-98.3505373,20.0706984],[-98.3503794,20.070495],[-98.350399,20.0704465],[-98.3504025,20.0704379],[-98.3510409,20.0704654],[-98.35105,20.0704559],[-98.3513248,20.070279],[-98.3514294,20.0702118],[-98.3511087,20.0697841],[-98.3510887,20.069636],[-98.3510136,20.0694438],[-98.3509182,20.0688908],[-98.3511573,20.0688874],[-98.3514594,20.0688906],[-98.3515855,20.0688829],[-98.3517575,20.0688781],[-98.3518322,20.0688624],[-98.3519815,20.0683455],[-98.3522146,20.0683455],[-98.3525149,20.0683767],[-98.3525265,20.0682657],[-98.3525292,20.0681657],[-98.3525075,20.0680898],[-98.3524701,20.0680587],[-98.3524076,20.0680452],[-98.3523512,20.0680293],[-98.3523019,20.0680213],[-98.35221,20.0660965],[-98.3538407,20.0660922],[-98.3538736,20.0660923],[-98.3539095,20.0661788],[-98.3539259,20.0662296],[-98.353917,20.0662798],[-98.3538797,20.0663413],[-98.3538323,20.0664073],[-98.3537624,20.0666456],[-98.3536522,20.0670581],[-98.3542162,20.067146],[-98.3543706,20.0671617],[-98.3544744,20.0671738],[-98.3545402,20.067185],[-98.3545855,20.067198],[-98.3547,20.0672848],[-98.3549016,20.067532],[-98.3550657,20.0677676],[-98.3553259,20.0680869],[-98.355554,20.0683994],[-98.3557684,20.0690434],[-98.3560049,20.0697173],[-98.3561949,20.070416],[-98.3562186,20.0704721],[-98.356139,20.0704822],[-98.3558243,20.0700248],[-98.3550962,20.0692424],[-98.3549777,20.0691646],[-98.3548409,20.0691733],[-98.3547353,20.0693237],[-98.3547204,20.0695316],[-98.3547188,20.0695543],[-98.3546608,20.0698217],[-98.3545143,20.0701685],[-98.3543553,20.0704142],[-98.3542134,20.0705932],[-98.3540888,20.070691],[-98.353935,20.0707449],[-98.3537768,20.0707747],[-98.3536244,20.0707758],[-98.3535228,20.0707733],[-98.3533963,20.0707559],[-98.3532092,20.0707274],[-98.3531021,20.070744],[-98.3530779,20.0707626],[-98.3530295,20.0707999],[-98.3529665,20.0708752],[-98.3529489,20.0709611],[-98.352947,20.0710331],[-98.3529561,20.0710717],[-98.3529223,20.0711293],[-98.3528922,20.0711805],[-98.3527578,20.0712685],[-98.3526041,20.0713176],[-98.3524755,20.0713319],[-98.3523435,20.0716832],[-98.3522302,20.0720623],[-98.3523431,20.0720736],[-98.352712,20.0723858],[-98.3530771,20.0726776],[-98.3531539,20.0728466],[-98.3532268,20.0730378],[-98.3535478,20.0738664],[-98.3535688,20.0739259],[-98.3534846,20.0740282],[-98.3525471,20.0740404],[-98.3527793,20.0743708],[-98.3529511,20.0747248],[-98.3531705,20.0750655],[-98.3535266,20.0753678],[-98.3539146,20.0756147],[-98.3542045,20.0757138],[-98.3542608,20.0761321],[-98.3540702,20.0761128],[-98.3536576,20.0760243],[-98.3535467,20.0759579],[-98.3534215,20.0758336],[-98.3519619,20.0745563],[-98.3516681,20.0742924],[-98.3511529,20.0738492],[-98.3498459,20.0727823],[-98.3500849,20.0726043],[-98.3497902,20.0719858],[-98.3499671,20.0718805]]]},"properties":{"locality":"PARAÍSO SUR","official_key":"1307700010171","CVE_ENT":"13","CVE_MUN":"077","CVE_LOC":"0001","CVE_ASEN":"0171","settlement_type":"COLONIA","source":"INEGI DCAH 2025"}},{"type":"Feature","geometry":{"type":"Polygon","coordinates":[[[-98.3645954,20.0880702],[-98.3640357,20.0879435],[-98.3637096,20.0878621],[-98.3634141,20.0877905],[-98.3633529,20.0877892],[-98.3619512,20.0874784],[-98.3623347,20.0867533],[-98.3627902,20.0859528],[-98.3632099,20.085195],[-98.3636368,20.0844297],[-98.3638948,20.0839967],[-98.3641216,20.0835846],[-98.3657899,20.0839924],[-98.3671146,20.0843185],[-98.3680632,20.0845421],[-98.3689257,20.0847333],[-98.3697882,20.0849402],[-98.3706751,20.0851938],[-98.371496,20.0853753],[-98.371721,20.0845222],[-98.3720201,20.0834895],[-98.3723173,20.0822802],[-98.3727376,20.0806517],[-98.3729979,20.0796736],[-98.3732538,20.0786103],[-98.3736695,20.0770474],[-98.3743801,20.0768959],[-98.3751668,20.0772768],[-98.3751586,20.0773534],[-98.3752559,20.0773723],[-98.37615,20.0775295],[-98.3769701,20.0788962],[-98.3771077,20.0789618],[-98.3772426,20.0789558],[-98.3772196,20.0790424],[-98.3771932,20.0791734],[-98.3763973,20.0791009],[-98.3747172,20.0788302],[-98.374579,20.0795039],[-98.3745197,20.079753],[-98.374316,20.0807163],[-98.374256,20.0811286],[-98.3752488,20.0812295],[-98.3759015,20.0812984],[-98.3755127,20.0829591],[-98.375214,20.084215],[-98.3750647,20.0848553],[-98.374987,20.0851954],[-98.3749867,20.0852802],[-98.3748352,20.0859648],[-98.3748171,20.0861263],[-98.374713,20.0861604],[-98.3734191,20.0858761],[-98.3731343,20.0857555],[-98.372892,20.0857005],[-98.3726701,20.0856488],[-98.3726658,20.0856625],[-98.3726491,20.0857255],[-98.3725928,20.0859358],[-98.372558,20.0860704],[-98.3724575,20.0861127],[-98.3721733,20.0862966],[-98.3720242,20.0864296],[-98.3718234,20.0867969],[-98.37173,20.0872176],[-98.3715638,20.0880577],[-98.3708542,20.0878948],[-98.3707561,20.088329],[-98.3706333,20.0887532],[-98.3706167,20.0888202],[-98.3705228,20.0891986],[-98.3704428,20.0895206],[-98.3704166,20.0896483],[-98.3703223,20.0900889],[-98.3702655,20.0903017],[-98.3701798,20.0906517],[-98.3691825,20.090909],[-98.3690735,20.0913334],[-98.3690201,20.091472],[-98.367969,20.0917581],[-98.3680684,20.0914256],[-98.3683197,20.0904177],[-98.3684432,20.0899091],[-98.3686611,20.0890715],[-98.3678118,20.088874],[-98.3669428,20.0886596],[-98.3660141,20.0884186],[-98.3653223,20.0882663],[-98.3645954,20.0880702]]]},"properties":{"locality":"PERIFERIA CENTRO","official_key":"1307700010172","CVE_ENT":"13","CVE_MUN":"077","CVE_LOC":"0001","CVE_ASEN":"0172","settlement_type":"COLONIA","source":"INEGI DCAH 2025"}},{"type":"Feature","geometry":{"type":"Polygon","coordinates":[[[-98.3433093,20.0890294],[-98.3432503,20.0888334],[-98.3432509,20.0888301],[-98.3433031,20.0885332],[-98.3433518,20.0881582],[-98.3433626,20.0880811],[-98.3434073,20.0877602],[-98.3434741,20.0873914],[-98.3435618,20.0870394],[-98.3436135,20.0866281],[-98.3436506,20.0863173],[-98.3436622,20.0862211],[-98.3436965,20.0859789],[-98.3437318,20.0857505],[-98.3437602,20.085569],[-98.343803,20.0852954],[-98.3438274,20.0851411],[-98.3438285,20.0851338],[-98.343841,20.0850555],[-98.3438617,20.0849244],[-98.3438631,20.0849242],[-98.3446841,20.0848026],[-98.3446846,20.0848026],[-98.3446858,20.0848024],[-98.3456034,20.084712],[-98.3458229,20.0846717],[-98.3460929,20.0846424],[-98.3462026,20.0846306],[-98.3462038,20.0846304],[-98.3461877,20.0850356],[-98.3462951,20.0851965],[-98.34658,20.0851811],[-98.3469742,20.085162],[-98.3474336,20.085153],[-98.3475083,20.0851743],[-98.3478376,20.0851681],[-98.3479015,20.0847737],[-98.3481211,20.0847566],[-98.3483185,20.0847574],[-98.3487685,20.0847418],[-98.3489898,20.084728],[-98.3497022,20.0847338],[-98.3496659,20.0852012],[-98.3496214,20.0856797],[-98.3495689,20.0861332],[-98.3499673,20.0861619],[-98.3501508,20.0861693],[-98.3501604,20.0858056],[-98.3502203,20.0857657],[-98.3503725,20.0846275],[-98.3507381,20.0846746],[-98.3506457,20.0852698],[-98.3506298,20.0857685],[-98.3506032,20.0863395],[-98.3505624,20.0873462],[-98.3505704,20.0878271],[-98.349831,20.0880049],[-98.349163,20.0881549],[-98.3485988,20.088296],[-98.3481742,20.0883931],[-98.3477431,20.0884998],[-98.3475046,20.088558],[-98.3463676,20.0888373],[-98.3448247,20.0892138],[-98.3445168,20.0892845],[-98.3443001,20.0893114],[-98.3441248,20.0892308],[-98.3439272,20.0891798],[-98.3436565,20.0891189],[-98.3435035,20.0890541],[-98.3433093,20.0890294]]]},"properties":{"locality":"PARAISO NORTE","official_key":"1307700010173","CVE_ENT":"13","CVE_MUN":"077","CVE_LOC":"0001","CVE_ASEN":"0173","settlement_type":"COLONIA","source":"INEGI DCAH 2025"}},{"type":"Feature","geometry":{"type":"Polygon","coordinates":[[[-98.3907585,20.0808709],[-98.3906913,20.0807489],[-98.3904549,20.0803921],[-98.3902316,20.0800713],[-98.3900851,20.0798608],[-98.3921309,20.0795307],[-98.3917677,20.0782193],[-98.391409,20.0774701],[-98.3911218,20.077495],[-98.3903661,20.0775957],[-98.3891116,20.0777598],[-98.3886065,20.0778326],[-98.3883919,20.0778636],[-98.3881199,20.0776124],[-98.3876135,20.0771569],[-98.3873465,20.0769445],[-98.3871618,20.0768072],[-98.3869923,20.0766657],[-98.3868554,20.0765854],[-98.3869147,20.0764916],[-98.3881002,20.074711],[-98.3883929,20.0742487],[-98.3885374,20.0740331],[-98.388815,20.0736975],[-98.3888651,20.0736565],[-98.3891828,20.073382],[-98.3893556,20.0732628],[-98.3898297,20.0730054],[-98.3922269,20.0724405],[-98.3922274,20.0724435],[-98.3922277,20.072445],[-98.3922555,20.072597],[-98.392736,20.0752269],[-98.3931413,20.0776329],[-98.3931901,20.0779514],[-98.3932417,20.0782886],[-98.3932978,20.0786544],[-98.3933526,20.0790123],[-98.3934105,20.0793897],[-98.39351,20.0800395],[-98.3936055,20.0807308],[-98.3936169,20.0808169],[-98.3936161,20.080817],[-98.3935766,20.0808215],[-98.3932981,20.0808533],[-98.3928828,20.0809005],[-98.3924957,20.0809417],[-98.3921418,20.0809765],[-98.3908781,20.0811284],[-98.3908536,20.0810779],[-98.3907585,20.0808709]]]},"properties":{"locality":"RANCHO NUEVO","official_key":"1307700010174","CVE_ENT":"13","CVE_MUN":"077","CVE_LOC":"0001","CVE_ASEN":"0174","settlement_type":"FRACCIONAMIENTO","source":"INEGI DCAH 2025"}},{"type":"Feature","geometry":{"type":"Polygon","coordinates":[[[-98.3847782,20.0714793],[-98.384295,20.0712318],[-98.3846673,20.0700714],[-98.3847649,20.0701007],[-98.3850107,20.0694557],[-98.3861539,20.0698306],[-98.3859366,20.0704796],[-98.3854838,20.0718407],[-98.3847782,20.0714793]]]},"properties":{"locality":"RANCHO SAN FRANCISCO","official_key":"1307700010175","CVE_ENT":"13","CVE_MUN":"077","CVE_LOC":"0001","CVE_ASEN":"0175","settlement_type":"COLONIA","source":"INEGI DCAH 2025"}},{"type":"Feature","geometry":{"type":"Polygon","coordinates":[[[-98.38221,20.0732808],[-98.382196,20.0732387],[-98.3819576,20.0723491],[-98.3824035,20.0722414],[-98.3826251,20.0731321],[-98.3828814,20.0730605],[-98.3831346,20.0729988],[-98.3833787,20.0729386],[-98.3843278,20.0727011],[-98.3846004,20.0718879],[-98.3847782,20.0714793],[-98.3854838,20.0718407],[-98.3861456,20.0721691],[-98.3875401,20.072885],[-98.3877833,20.0729728],[-98.3882226,20.0730559],[-98.3885122,20.0731048],[-98.3885425,20.0731071],[-98.3891403,20.0731533],[-98.3892213,20.0731596],[-98.3898297,20.0730054],[-98.3893556,20.0732628],[-98.3891828,20.073382],[-98.3888651,20.0736565],[-98.388815,20.0736975],[-98.3885374,20.0740331],[-98.3883929,20.0742487],[-98.3883396,20.0739608],[-98.3883355,20.0739461],[-98.3883313,20.0739376],[-98.3883258,20.0739266],[-98.3882972,20.0738816],[-98.3882775,20.0738565],[-98.3882628,20.0738382],[-98.3882448,20.0738239],[-98.3881805,20.0737804],[-98.3881348,20.0737559],[-98.3881185,20.0737489],[-98.3880789,20.0737348],[-98.3880555,20.0737307],[-98.3879897,20.0737213],[-98.3878583,20.0737277],[-98.3876543,20.0737776],[-98.3874796,20.0738152],[-98.3869816,20.0739181],[-98.3863658,20.0740188],[-98.3848889,20.0743752],[-98.3847326,20.0744127],[-98.3841446,20.0744666],[-98.3836337,20.0745909],[-98.3835739,20.0746054],[-98.383121,20.0731773],[-98.3826725,20.0732515],[-98.382222,20.073317],[-98.38221,20.0732808]]]},"properties":{"locality":"REFRESQUERA","official_key":"1307700010176","CVE_ENT":"13","CVE_MUN":"077","CVE_LOC":"0001","CVE_ASEN":"0176","settlement_type":"COLONIA","source":"INEGI DCAH 2025"}},{"type":"Feature","geometry":{"type":"Polygon","coordinates":[[[-98.3879562,20.070327],[-98.3882971,20.0695995],[-98.3883084,20.0695753],[-98.3883244,20.0695813],[-98.3884092,20.0695729],[-98.3884755,20.0698675],[-98.3885133,20.0699937],[-98.3885835,20.0700472],[-98.3897762,20.0698323],[-98.3898048,20.0697905],[-98.3914484,20.069482],[-98.3914492,20.0694818],[-98.3914483,20.0694868],[-98.3912252,20.0706969],[-98.3912242,20.0707019],[-98.3911516,20.0707829],[-98.391028,20.0714908],[-98.3889922,20.071836],[-98.389094,20.0723063],[-98.3890517,20.0723649],[-98.3889621,20.0724891],[-98.3889369,20.0726806],[-98.3889452,20.0727539],[-98.3889753,20.0728413],[-98.3890184,20.0729417],[-98.3890889,20.0730241],[-98.3891306,20.0730668],[-98.3892213,20.0731596],[-98.3891403,20.0731533],[-98.3885425,20.0731071],[-98.3885122,20.0731048],[-98.3879565,20.0703717],[-98.3879562,20.070327]]]},"properties":{"locality":"RESIDENCIAL LA QUINTA","official_key":"1307700010177","CVE_ENT":"13","CVE_MUN":"077","CVE_LOC":"0001","CVE_ASEN":"0177","settlement_type":"FRACCIONAMIENTO","source":"INEGI DCAH 2025"}},{"type":"Feature","geometry":{"type":"Polygon","coordinates":[[[-98.3864734,20.0687359],[-98.3865266,20.068562],[-98.3865591,20.0684447],[-98.3866048,20.0682798],[-98.3880062,20.0677701],[-98.3880568,20.0680173],[-98.3881712,20.0685675],[-98.3882197,20.0688395],[-98.3882721,20.0691256],[-98.3882972,20.0692688],[-98.3883244,20.0695813],[-98.3883084,20.0695753],[-98.3874493,20.0691841],[-98.3874118,20.0691652],[-98.3872086,20.0690716],[-98.3867902,20.0688565],[-98.3866257,20.0687878],[-98.3864734,20.0687359]]]},"properties":{"locality":"RESIDENCIAL VILLAS DE SAN FRANCISCO","official_key":"1307700010178","CVE_ENT":"13","CVE_MUN":"077","CVE_LOC":"0001","CVE_ASEN":"0178","settlement_type":"FRACCIONAMIENTO","source":"INEGI DCAH 2025"}},{"type":"Feature","geometry":{"type":"Polygon","coordinates":[[[-98.3817919,20.0664002],[-98.3818529,20.0663604],[-98.3865726,20.0681727],[-98.3866048,20.0682798],[-98.3865591,20.0684447],[-98.3865266,20.068562],[-98.3864734,20.0687359],[-98.3863887,20.0690124],[-98.3862327,20.0695834],[-98.3861539,20.0698306],[-98.3850107,20.0694557],[-98.3843612,20.0692585],[-98.38436,20.0692581],[-98.3822939,20.0684228],[-98.3802053,20.0675582],[-98.3809299,20.0670049],[-98.3809304,20.0670042],[-98.380991,20.0669238],[-98.3809919,20.0669232],[-98.3817919,20.0664002]]]},"properties":{"locality":"SAN FRANCISCO HUATENGO UNO","official_key":"1307700010179","CVE_ENT":"13","CVE_MUN":"077","CVE_LOC":"0001","CVE_ASEN":"0179","settlement_type":"FRACCIONAMIENTO","source":"INEGI DCAH 2025"}},{"type":"Feature","geometry":{"type":"Polygon","coordinates":[[[-98.3393592,20.0717453],[-98.3393456,20.0715252],[-98.3393382,20.0714056],[-98.3393268,20.0712754],[-98.339305,20.0710872],[-98.3392877,20.0708197],[-98.3392644,20.0705137],[-98.3392569,20.0704217],[-98.3392509,20.0703128],[-98.3392157,20.0699291],[-98.3395263,20.0698839],[-98.3398924,20.0698174],[-98.340278,20.0697419],[-98.3406533,20.069644],[-98.3409851,20.0695729],[-98.3413404,20.0694626],[-98.3414121,20.0698426],[-98.3414529,20.0703328],[-98.3414737,20.0705582],[-98.3414935,20.0708531],[-98.3414916,20.0713752],[-98.341648,20.0713732],[-98.3417058,20.0718679],[-98.3417115,20.0718834],[-98.3393902,20.0721342],[-98.3393592,20.0717453]]]},"properties":{"locality":"SAN MANUEL","official_key":"1307700010180","CVE_ENT":"13","CVE_MUN":"077","CVE_LOC":"0001","CVE_ASEN":"0180","settlement_type":"COLONIA","source":"INEGI DCAH 2025"}},{"type":"Feature","geometry":{"type":"Polygon","coordinates":[[[-98.3813426,20.0811551],[-98.381678,20.08058],[-98.381919,20.0807125],[-98.3821602,20.0808451],[-98.3821773,20.0808184],[-98.3824624,20.0803736],[-98.382755,20.0803997],[-98.3827947,20.0805689],[-98.3828079,20.0805893],[-98.3831036,20.0801954],[-98.3833715,20.0813363],[-98.3834888,20.0818893],[-98.3826125,20.0832572],[-98.382486,20.0831064],[-98.3815781,20.0825705],[-98.3813562,20.0812979],[-98.3813548,20.0812899],[-98.3813426,20.0811551]]]},"properties":{"locality":"SANTA ANA RESIDENCIAL","official_key":"1307700010181","CVE_ENT":"13","CVE_MUN":"077","CVE_LOC":"0001","CVE_ASEN":"0181","settlement_type":"FRACCIONAMIENTO","source":"INEGI DCAH 2025"}},{"type":"Feature","geometry":{"type":"Polygon","coordinates":[[[-98.3862327,20.0695834],[-98.3863887,20.0690124],[-98.3864734,20.0687359],[-98.3866257,20.0687878],[-98.3867902,20.0688565],[-98.3872086,20.0690716],[-98.3874118,20.0691652],[-98.3871825,20.0698214],[-98.3871726,20.0698471],[-98.3869875,20.0697887],[-98.3865201,20.0696568],[-98.3862327,20.0695834]]]},"properties":{"locality":"VILLAS DE SAN FRANCISCO","official_key":"1307700010182","CVE_ENT":"13","CVE_MUN":"077","CVE_LOC":"0001","CVE_ASEN":"0182","settlement_type":"FRACCIONAMIENTO","source":"INEGI DCAH 2025"}},{"type":"Feature","geometry":{"type":"Polygon","coordinates":[[[-98.3763865,20.0958424],[-98.37677,20.0945537],[-98.3770197,20.093763],[-98.3771865,20.0932247],[-98.3775948,20.0933448],[-98.3772664,20.0944168],[-98.3770547,20.0951124],[-98.3767765,20.0959532],[-98.3763865,20.0958424]]]},"properties":{"locality":"ALAMOXTITLA","official_key":"1307700010183","CVE_ENT":"13","CVE_MUN":"077","CVE_LOC":"0001","CVE_ASEN":"0183","settlement_type":"FRACCIONAMIENTO","source":"INEGI DCAH 2025"}},{"type":"Feature","geometry":{"type":"Polygon","coordinates":[[[-98.3634441,20.0636094],[-98.3634112,20.0634816],[-98.3645684,20.0635265],[-98.3643415,20.0628415],[-98.3641822,20.0623501],[-98.3642662,20.0623392],[-98.3644135,20.0623697],[-98.3648525,20.0637331],[-98.3634511,20.0636371],[-98.3634441,20.0636094]]]},"properties":{"locality":"AMILCAR","official_key":"1307700010184","CVE_ENT":"13","CVE_MUN":"077","CVE_LOC":"0001","CVE_ASEN":"0184","settlement_type":"RESIDENCIAL","source":"INEGI DCAH 2025"}},{"type":"Feature","geometry":{"type":"Polygon","coordinates":[[[-98.3829176,20.0721151],[-98.382732,20.0714282],[-98.3827033,20.0713219],[-98.3826165,20.0712623],[-98.382712,20.0709968],[-98.3829246,20.0710978],[-98.3841342,20.0716802],[-98.384295,20.0712318],[-98.3847782,20.0714793],[-98.3846004,20.0718879],[-98.3843278,20.0727011],[-98.3833787,20.0729386],[-98.3831346,20.0729988],[-98.3829176,20.0721151]]]},"properties":{"locality":"BICENTENARIO PLATINO","official_key":"1307700010185","CVE_ENT":"13","CVE_MUN":"077","CVE_LOC":"0001","CVE_ASEN":"0185","settlement_type":"FRACCIONAMIENTO","source":"INEGI DCAH 2025"}},{"type":"Feature","geometry":{"type":"Polygon","coordinates":[[[-98.372215,20.0995021],[-98.3723616,20.099038],[-98.3725086,20.0986163],[-98.3726489,20.0981969],[-98.3728651,20.0976143],[-98.3725665,20.0972952],[-98.3722587,20.0969971],[-98.3719562,20.0967043],[-98.3718222,20.0965745],[-98.3717235,20.0964789],[-98.3717962,20.0962075],[-98.3719069,20.0962485],[-98.3720371,20.0962795],[-98.3722642,20.0963367],[-98.3725136,20.0964027],[-98.3727564,20.0964711],[-98.3729962,20.0965351],[-98.3731458,20.0965558],[-98.3733946,20.0966205],[-98.3736147,20.0966815],[-98.3738412,20.0967468],[-98.3740894,20.0968103],[-98.3743452,20.0968724],[-98.3745718,20.0969295],[-98.3748505,20.0970019],[-98.374939,20.0966437],[-98.3750154,20.0962617],[-98.375051,20.0960958],[-98.3751136,20.0958268],[-98.3751816,20.0956192],[-98.3752135,20.0954846],[-98.3753054,20.095535],[-98.3763865,20.0958424],[-98.3767765,20.0959532],[-98.3769342,20.0959981],[-98.3769887,20.0960136],[-98.3765123,20.0975402],[-98.3749688,20.097129],[-98.3743973,20.0991214],[-98.3738687,20.1008238],[-98.372215,20.0995021]]]},"properties":{"locality":"CALTENGO EX HACIENDA","official_key":"1307700010186","CVE_ENT":"13","CVE_MUN":"077","CVE_LOC":"0001","CVE_ASEN":"0186","settlement_type":"EJIDO","source":"INEGI DCAH 2025"}},{"type":"Feature","geometry":{"type":"Polygon","coordinates":[[[-98.3694188,20.111478],[-98.3692877,20.110683],[-98.3692381,20.1104615],[-98.369172,20.1102727],[-98.369065,20.1100926],[-98.3689218,20.1099404],[-98.3687778,20.109817],[-98.3686073,20.1097313],[-98.3681281,20.1096046],[-98.3677132,20.1095236],[-98.3679826,20.1079873],[-98.3684644,20.1053429],[-98.368988,20.1024899],[-98.3694598,20.1025432],[-98.3697002,20.1008835],[-98.3704613,20.1017202],[-98.3706742,20.1018155],[-98.3709715,20.1018812],[-98.3713301,20.1019617],[-98.3724733,20.1022374],[-98.3731391,20.1024167],[-98.3720758,20.1047535],[-98.3715999,20.105791],[-98.371164,20.1066666],[-98.3712735,20.1067384],[-98.3711545,20.1073047],[-98.3710546,20.1079043],[-98.3709142,20.1086895],[-98.3708571,20.1089465],[-98.3708312,20.1089983],[-98.3709171,20.1090018],[-98.3710448,20.1090075],[-98.3711603,20.1090221],[-98.3715983,20.1090685],[-98.3719051,20.1090967],[-98.3720716,20.1091137],[-98.3722234,20.1091273],[-98.3724399,20.1091551],[-98.3726254,20.1091943],[-98.3728163,20.1092339],[-98.3729832,20.109246],[-98.3729712,20.109663],[-98.372971,20.1096678],[-98.3728399,20.1099098],[-98.3726828,20.1100994],[-98.3725046,20.1103002],[-98.3723435,20.1105062],[-98.3720641,20.1108636],[-98.3718664,20.1111412],[-98.3717707,20.1113503],[-98.3717705,20.1113508],[-98.3717706,20.1113551],[-98.3717796,20.1118335],[-98.3717797,20.1118345],[-98.3717795,20.1118383],[-98.3717449,20.1127294],[-98.371703,20.1133008],[-98.371589,20.1135157],[-98.3713869,20.1137174],[-98.3713858,20.1137185],[-98.3710861,20.1139196],[-98.3709588,20.114005],[-98.3705283,20.1143726],[-98.3701023,20.1146923],[-98.3697099,20.1150139],[-98.3697085,20.1150151],[-98.3694766,20.1154258],[-98.3693374,20.1157178],[-98.3691968,20.11611],[-98.3690585,20.1164856],[-98.369046,20.1166759],[-98.3690056,20.1168839],[-98.3689968,20.1169291],[-98.3689278,20.1170893],[-98.3685493,20.1165504],[-98.368576,20.1161946],[-98.368586,20.1155398],[-98.3686114,20.1151589],[-98.3688147,20.1144007],[-98.369327,20.1129156],[-98.3694436,20.112544],[-98.3694837,20.112185],[-98.3694188,20.111478]]]},"properties":{"locality":"CALTENGO UNO EX HACIENDA","official_key":"1307700010187","CVE_ENT":"13","CVE_MUN":"077","CVE_LOC":"0001","CVE_ASEN":"0187","settlement_type":"EJIDO","source":"INEGI DCAH 2025"}},{"type":"Feature","geometry":{"type":"Polygon","coordinates":[[[-98.3565317,20.1119781],[-98.3565022,20.111929],[-98.3567973,20.1115764],[-98.3574184,20.1108],[-98.3593523,20.1119844],[-98.3588925,20.1126365],[-98.3585929,20.1125825],[-98.3583196,20.1125435],[-98.358191,20.1125081],[-98.3579606,20.1124305],[-98.3577459,20.112339],[-98.357543,20.1122334],[-98.3574113,20.112169],[-98.3572341,20.1121],[-98.3571092,20.1120682],[-98.3568744,20.1120157],[-98.3567306,20.1119763],[-98.3566394,20.1119669],[-98.3565707,20.1119725],[-98.3565317,20.1119781]]]},"properties":{"locality":"CIMA DORADA","official_key":"1307700010188","CVE_ENT":"13","CVE_MUN":"077","CVE_LOC":"0001","CVE_ASEN":"0188","settlement_type":"FRACCIONAMIENTO","source":"INEGI DCAH 2025"}},{"type":"Feature","geometry":{"type":"Polygon","coordinates":[[[-98.3538736,20.0660923],[-98.3541353,20.0660931],[-98.3541642,20.065649],[-98.3543138,20.0657642],[-98.3543784,20.0658347],[-98.3545107,20.0660381],[-98.3545944,20.06621],[-98.3547409,20.0665418],[-98.3549378,20.0669799],[-98.3549837,20.0670381],[-98.3550336,20.0671017],[-98.3552031,20.0672583],[-98.3554755,20.0673844],[-98.3556895,20.067414],[-98.3558222,20.0674114],[-98.3558205,20.0674787],[-98.3557999,20.0675352],[-98.3557321,20.0675786],[-98.3554535,20.0676709],[-98.3552326,20.0677405],[-98.3550657,20.0677676],[-98.3549016,20.067532],[-98.3547,20.0672848],[-98.3545855,20.067198],[-98.3545402,20.067185],[-98.3544744,20.0671738],[-98.3543706,20.0671617],[-98.3542162,20.067146],[-98.3536522,20.0670581],[-98.3537624,20.0666456],[-98.3538323,20.0664073],[-98.3538797,20.0663413],[-98.353917,20.0662798],[-98.3539259,20.0662296],[-98.3539095,20.0661788],[-98.3538736,20.0660923]]]},"properties":{"locality":"COLINAS DEL PARAÍSO","official_key":"1307700010189","CVE_ENT":"13","CVE_MUN":"077","CVE_LOC":"0001","CVE_ASEN":"0189","settlement_type":"COLONIA","source":"INEGI DCAH 2025"}},{"type":"Feature","geometry":{"type":"Polygon","coordinates":[[[-98.3599213,20.0747725],[-98.3592196,20.0750966],[-98.3584505,20.07548],[-98.358162,20.0756456],[-98.3581346,20.0756614],[-98.3579228,20.0757463],[-98.3581076,20.0754062],[-98.3585189,20.0745595],[-98.358443,20.0739818],[-98.3583793,20.0721014],[-98.3584111,20.0714831],[-98.3595862,20.0714177],[-98.3597661,20.0732289],[-98.3598401,20.0733098],[-98.3599147,20.0733692],[-98.3600039,20.0734505],[-98.3600547,20.0735453],[-98.3601108,20.0737266],[-98.3601112,20.073993],[-98.3600814,20.0742514],[-98.3600233,20.07443],[-98.3599509,20.0745722],[-98.3599213,20.0747725]]]},"properties":{"locality":"EXQUITITLÁN","official_key":"1307700010190","CVE_ENT":"13","CVE_MUN":"077","CVE_LOC":"0001","CVE_ASEN":"0190","settlement_type":"COLONIA","source":"INEGI DCAH 2025"}},{"type":"Feature","geometry":{"type":"Polygon","coordinates":[[[-98.354164,20.0850187],[-98.3541298,20.0848377],[-98.3547238,20.084717],[-98.3553158,20.0845961],[-98.3551982,20.0840544],[-98.3550153,20.0832617],[-98.3550019,20.0831711],[-98.3548145,20.0822786],[-98.354726,20.0818962],[-98.3550452,20.081779],[-98.3550658,20.0818155],[-98.3553095,20.0817534],[-98.3557315,20.0816635],[-98.3558745,20.0816346],[-98.3559648,20.0816295],[-98.3560306,20.0816321],[-98.3560754,20.0817492],[-98.3560917,20.081828],[-98.3561152,20.0819248],[-98.3562471,20.0826484],[-98.3564335,20.0826925],[-98.3566116,20.0827457],[-98.3567254,20.0827222],[-98.3568998,20.0826678],[-98.3573051,20.0825412],[-98.3574965,20.0824946],[-98.3577656,20.0825655],[-98.3580649,20.082644],[-98.3582533,20.0826934],[-98.3583578,20.082677],[-98.358268,20.08298],[-98.3583031,20.0829977],[-98.3582312,20.0834063],[-98.358274,20.0834169],[-98.3578279,20.0838652],[-98.3576039,20.0838471],[-98.3578858,20.0850887],[-98.3572762,20.0852002],[-98.3567092,20.0853285],[-98.3561339,20.0854436],[-98.3555669,20.0855485],[-98.3549809,20.0856805],[-98.3543643,20.0858053],[-98.354164,20.0850187]]]},"properties":{"locality":"GUADALUPE CUARTA SECCIÓN","official_key":"1307700010191","CVE_ENT":"13","CVE_MUN":"077","CVE_LOC":"0001","CVE_ASEN":"0191","settlement_type":"COLONIA","source":"INEGI DCAH 2025"}},{"type":"Feature","geometry":{"type":"Polygon","coordinates":[[[-98.3514408,20.0883739],[-98.3513471,20.0882936],[-98.3505704,20.0878271],[-98.3505624,20.0873462],[-98.3506032,20.0863395],[-98.3506298,20.0857685],[-98.3507097,20.0857321],[-98.3513184,20.0856123],[-98.35191,20.0854823],[-98.3524958,20.0853655],[-98.3530552,20.085257],[-98.3536239,20.0851337],[-98.354164,20.0850187],[-98.3543643,20.0858053],[-98.3549809,20.0856805],[-98.355243,20.0868277],[-98.3556426,20.0884842],[-98.3555388,20.0885071],[-98.3550797,20.0886358],[-98.3550181,20.0886531],[-98.354463,20.0887942],[-98.3539263,20.0888633],[-98.3534167,20.0888881],[-98.3532913,20.0888817],[-98.3528082,20.0888829],[-98.3526828,20.0888558],[-98.3523057,20.088798],[-98.3520366,20.0886371],[-98.3519488,20.088625],[-98.3514408,20.0883739]]]},"properties":{"locality":"GUADALUPE SEGUNDA SECCIÓN","official_key":"1307700010192","CVE_ENT":"13","CVE_MUN":"077","CVE_LOC":"0001","CVE_ASEN":"0192","settlement_type":"COLONIA","source":"INEGI DCAH 2025"}},{"type":"Feature","geometry":{"type":"Polygon","coordinates":[[[-98.3507381,20.0846746],[-98.3508581,20.0839019],[-98.350806,20.0837794],[-98.3509042,20.0833756],[-98.3509736,20.0828949],[-98.351076,20.0828772],[-98.3513321,20.082833],[-98.351931,20.0827015],[-98.3525276,20.0825776],[-98.3525757,20.0824502],[-98.3524885,20.0823694],[-98.3530292,20.0821302],[-98.3535162,20.0818596],[-98.3536717,20.0817394],[-98.3537212,20.0819383],[-98.3538217,20.0822037],[-98.3539157,20.0821848],[-98.354726,20.0818962],[-98.3548145,20.0822786],[-98.3550019,20.0831711],[-98.3550153,20.0832617],[-98.3551982,20.0840544],[-98.3553158,20.0845961],[-98.3547238,20.084717],[-98.3541298,20.0848377],[-98.354164,20.0850187],[-98.3536239,20.0851337],[-98.3530552,20.085257],[-98.3524958,20.0853655],[-98.35191,20.0854823],[-98.3513184,20.0856123],[-98.3507097,20.0857321],[-98.3506298,20.0857685],[-98.3506457,20.0852698],[-98.3507381,20.0846746]]]},"properties":{"locality":"GUADALUPE TERCERA SECCIÓN","official_key":"1307700010193","CVE_ENT":"13","CVE_MUN":"077","CVE_LOC":"0001","CVE_ASEN":"0193","settlement_type":"COLONIA","source":"INEGI DCAH 2025"}},{"type":"Feature","geometry":{"type":"Polygon","coordinates":[[[-98.3394908,20.095647],[-98.3402282,20.0955685],[-98.3405383,20.0955438],[-98.3406326,20.0955427],[-98.3409361,20.0961755],[-98.34112,20.0963659],[-98.3411701,20.0965998],[-98.3411704,20.096601],[-98.340918,20.096629],[-98.340494,20.0966859],[-98.3403921,20.0967093],[-98.3399658,20.0967606],[-98.3399602,20.0967613],[-98.33996,20.0967605],[-98.3399293,20.0965782],[-98.3399311,20.096578],[-98.3401231,20.0965497],[-98.3401221,20.0965486],[-98.3399518,20.0963717],[-98.3389997,20.0958544],[-98.3390021,20.0958535],[-98.3394908,20.095647]]]},"properties":{"locality":"HUMBERTO CASTILLO MARTÍNEZ","official_key":"1307700010194","CVE_ENT":"13","CVE_MUN":"077","CVE_LOC":"0001","CVE_ASEN":"0194","settlement_type":"COLONIA","source":"INEGI DCAH 2025"}},{"type":"Feature","geometry":{"type":"Polygon","coordinates":[[[-98.3369821,20.0710552],[-98.33695,20.0708631],[-98.3366668,20.0709368],[-98.3348844,20.0714217],[-98.3347334,20.0714318],[-98.3345769,20.0713575],[-98.3343558,20.0713387],[-98.3343398,20.0713373],[-98.3338753,20.071329],[-98.3337448,20.0713609],[-98.3335915,20.0713984],[-98.3335156,20.0714274],[-98.333222,20.0715392],[-98.3331049,20.0715943],[-98.3329935,20.0715944],[-98.332869,20.071621],[-98.3328878,20.0715896],[-98.3329064,20.0715587],[-98.3329142,20.0715457],[-98.3329159,20.0715429],[-98.3329857,20.071466],[-98.3329989,20.0714514],[-98.3329993,20.0714513],[-98.3330843,20.0714354],[-98.3331476,20.071419],[-98.3332911,20.0713819],[-98.3335819,20.0711927],[-98.333784,20.0710681],[-98.3338971,20.0709851],[-98.3339895,20.0709608],[-98.33408,20.0709611],[-98.3341897,20.0709418],[-98.3341911,20.0709405],[-98.334319,20.0708141],[-98.3345026,20.0705754],[-98.3345788,20.0703805],[-98.3345872,20.070261],[-98.3346249,20.0701631],[-98.3347106,20.0700402],[-98.334721,20.0699455],[-98.3347481,20.069801],[-98.3347496,20.0697999],[-98.3348699,20.0697118],[-98.3350979,20.0695797],[-98.3350985,20.0695789],[-98.3352621,20.0693549],[-98.3354039,20.0692007],[-98.3354042,20.0692006],[-98.3356221,20.0691403],[-98.3356608,20.0691218],[-98.335662,20.0691206],[-98.3358349,20.0689409],[-98.3361212,20.0686541],[-98.3363289,20.0683989],[-98.3364264,20.0682139],[-98.3364597,20.068112],[-98.3364864,20.0680305],[-98.3364878,20.0680297],[-98.3364903,20.0680282],[-98.3365439,20.0679966],[-98.3368442,20.0678807],[-98.3369561,20.0678505],[-98.3371244,20.0678485],[-98.337254,20.0679838],[-98.3377755,20.0684781],[-98.3379987,20.0686745],[-98.338219,20.0688764],[-98.3379662,20.0690598],[-98.337804,20.0691423],[-98.3375629,20.0693171],[-98.3371963,20.0695856],[-98.3368701,20.069779],[-98.3370868,20.0703054],[-98.3382275,20.0701007],[-98.3392157,20.0699291],[-98.3392509,20.0703128],[-98.3392569,20.0704217],[-98.3392644,20.0705137],[-98.3392877,20.0708197],[-98.339305,20.0710872],[-98.3393268,20.0712754],[-98.3393382,20.0714056],[-98.3393456,20.0715252],[-98.3393592,20.0717453],[-98.3388981,20.0717877],[-98.3383225,20.0718242],[-98.3378746,20.0718566],[-98.3374013,20.0718932],[-98.3370247,20.0719201],[-98.3370227,20.0717137],[-98.3370123,20.0714653],[-98.3370088,20.0713822],[-98.3369821,20.0710552]]]},"properties":{"locality":"JARDINES DEL PARAISO PRIMERA SECCIÓN","official_key":"1307700010195","CVE_ENT":"13","CVE_MUN":"077","CVE_LOC":"0001","CVE_ASEN":"0195","settlement_type":"COLONIA","source":"INEGI DCAH 2025"}},{"type":"Feature","geometry":{"type":"Polygon","coordinates":[[[-98.3444759,20.0746688],[-98.3448516,20.0745547],[-98.3460255,20.0742419],[-98.3460422,20.0743],[-98.3461076,20.0744049],[-98.3461266,20.0746373],[-98.3457163,20.0747464],[-98.3455014,20.0752989],[-98.3447258,20.0754668],[-98.3446719,20.075235],[-98.3445914,20.0750468],[-98.3445048,20.0747817],[-98.3444759,20.0746688]]]},"properties":{"locality":"JARDINES DEL SUR SEGUNDA SECCIÓN","official_key":"1307700010196","CVE_ENT":"13","CVE_MUN":"077","CVE_LOC":"0001","CVE_ASEN":"0196","settlement_type":"FRACCIONAMIENTO","source":"INEGI DCAH 2025"}},{"type":"Feature","geometry":{"type":"Polygon","coordinates":[[[-98.3743973,20.0991214],[-98.3749688,20.097129],[-98.3765123,20.0975402],[-98.3769887,20.0960136],[-98.3778064,20.0962581],[-98.3795646,20.096691],[-98.3794249,20.0972597],[-98.3792273,20.0982017],[-98.3789645,20.0992062],[-98.3787188,20.1000129],[-98.3785821,20.1005088],[-98.3784368,20.1009057],[-98.3783018,20.1012485],[-98.3781933,20.1016595],[-98.3781863,20.1016861],[-98.3780643,20.1022577],[-98.3779493,20.102558],[-98.3777818,20.1027612],[-98.3777816,20.1027615],[-98.3774999,20.1030026],[-98.3770933,20.1033587],[-98.3770919,20.1033599],[-98.3767436,20.1037357],[-98.3764375,20.1042081],[-98.3762136,20.1045594],[-98.3760521,20.1047812],[-98.3759024,20.104919],[-98.375901,20.1049203],[-98.375737,20.1050186],[-98.3755399,20.1051023],[-98.3752641,20.1051836],[-98.375022,20.1052605],[-98.3747315,20.1053749],[-98.3744462,20.1056005],[-98.3744449,20.1056015],[-98.3743,20.1058026],[-98.374191,20.1060044],[-98.3741122,20.1061884],[-98.374077,20.1062705],[-98.3739851,20.1065012],[-98.3738334,20.1068588],[-98.3737152,20.107081],[-98.3735896,20.1073859],[-98.3733428,20.1077442],[-98.3733382,20.1077509],[-98.3731804,20.1081515],[-98.3730497,20.1084188],[-98.3729529,20.10869],[-98.3729526,20.108691],[-98.3729528,20.1086948],[-98.3729833,20.109241],[-98.3729834,20.1092412],[-98.3729832,20.1092458],[-98.3729832,20.109246],[-98.3728163,20.1092339],[-98.3726254,20.1091943],[-98.3724399,20.1091551],[-98.3722234,20.1091273],[-98.3720716,20.1091137],[-98.3719051,20.1090967],[-98.3715983,20.1090685],[-98.3711603,20.1090221],[-98.3710448,20.1090075],[-98.3709171,20.1090018],[-98.3708312,20.1089983],[-98.3708571,20.1089465],[-98.3709142,20.1086895],[-98.3710546,20.1079043],[-98.3711545,20.1073047],[-98.3712735,20.1067384],[-98.371164,20.1066666],[-98.3715999,20.105791],[-98.3720758,20.1047535],[-98.3731391,20.1024167],[-98.3733044,20.1020642],[-98.3734706,20.1016914],[-98.3736595,20.1013252],[-98.3737012,20.1012374],[-98.3737434,20.1011329],[-98.3737748,20.1010496],[-98.3738024,20.1009668],[-98.3738687,20.1008238],[-98.3743973,20.0991214]],[[-98.3778745,20.0985754],[-98.3779292,20.0983909],[-98.3779869,20.0984043],[-98.3780827,20.0981013],[-98.3766199,20.0976883],[-98.3765154,20.0980359],[-98.3763885,20.0980014],[-98.3763454,20.0981578],[-98.3762069,20.0981235],[-98.3761481,20.0983103],[-98.3761737,20.0983594],[-98.3763427,20.0983928],[-98.377552,20.0987445],[-98.3778597,20.0988332],[-98.3779385,20.0985907],[-98.3778745,20.0985754]]]},"properties":{"locality":"MIMILA TRES DE CUATRO","official_key":"1307700010197","CVE_ENT":"13","CVE_MUN":"077","CVE_LOC":"0001","CVE_ASEN":"0197","settlement_type":"EJIDO","source":"INEGI DCAH 2025"}},{"type":"Feature","geometry":{"type":"Polygon","coordinates":[[[-98.3772196,20.0790424],[-98.3772426,20.0789558],[-98.3772731,20.0788168],[-98.3775149,20.0777235],[-98.3775544,20.077534],[-98.377694,20.0775408],[-98.3777678,20.0775444],[-98.3780504,20.0775583],[-98.3782459,20.077607],[-98.378104,20.0790655],[-98.3774223,20.0790481],[-98.3773272,20.0790454],[-98.3772196,20.0790424]]]},"properties":{"locality":"LA MISIÓN","official_key":"1307700010198","CVE_ENT":"13","CVE_MUN":"077","CVE_LOC":"0001","CVE_ASEN":"0198","settlement_type":"RESIDENCIAL","source":"INEGI DCAH 2025"}},{"type":"Feature","geometry":{"type":"Polygon","coordinates":[[[-98.3733955,20.0911085],[-98.3735026,20.0911337],[-98.3743669,20.0913499],[-98.3742917,20.0916257],[-98.3742311,20.0918476],[-98.3742202,20.0918875],[-98.3741461,20.0921557],[-98.3740988,20.0923302],[-98.3740764,20.0924247],[-98.3740283,20.0925913],[-98.3729734,20.0922691],[-98.3733955,20.0911085]]]},"properties":{"locality":"LA MORENA KRISOL","official_key":"1307700010199","CVE_ENT":"13","CVE_MUN":"077","CVE_LOC":"0001","CVE_ASEN":"0199","settlement_type":"PRIVADA","source":"INEGI DCAH 2025"}},{"type":"Feature","geometry":{"type":"Polygon","coordinates":[[[-98.3733955,20.0911085],[-98.3735873,20.0905812],[-98.3742882,20.0907801],[-98.37435,20.0904861],[-98.3746179,20.0905341],[-98.3745436,20.0906742],[-98.3744531,20.0910141],[-98.3743669,20.0913499],[-98.3735026,20.0911337],[-98.3733955,20.0911085]]]},"properties":{"locality":"NARCISO MENDOZA","official_key":"1307700010200","CVE_ENT":"13","CVE_MUN":"077","CVE_LOC":"0001","CVE_ASEN":"0200","settlement_type":"PRIVADA","source":"INEGI DCAH 2025"}},{"type":"Feature","geometry":{"type":"Polygon","coordinates":[[[-98.360751,20.0994857],[-98.3603457,20.0997411],[-98.3601396,20.0998806],[-98.3599497,20.0999973],[-98.3597626,20.1001209],[-98.3595204,20.1002856],[-98.3592781,20.0999443],[-98.3591288,20.0997428],[-98.3590732,20.0996651],[-98.3587617,20.0992269],[-98.3586204,20.0990362],[-98.3591587,20.0986863],[-98.3598585,20.0982542],[-98.3601438,20.098632],[-98.3603263,20.0988847],[-98.3604089,20.0989959],[-98.3606262,20.0993044],[-98.360751,20.0994857]]]},"properties":{"locality":"NUEVO TULANCINGO FRACCIÓN B","official_key":"1307700010201","CVE_ENT":"13","CVE_MUN":"077","CVE_LOC":"0001","CVE_ASEN":"0201","settlement_type":"CONJUNTO HABITACIONAL","source":"INEGI DCAH 2025"}},{"type":"Feature","geometry":{"type":"Polygon","coordinates":[[[-98.3425059,20.0793173],[-98.3422673,20.0793041],[-98.3421667,20.0793119],[-98.3420517,20.0793207],[-98.341786,20.0793412],[-98.3417534,20.0793437],[-98.3417963,20.0790344],[-98.3418467,20.0786713],[-98.3418948,20.0783238],[-98.3419286,20.0778982],[-98.3419623,20.0774296],[-98.3419803,20.0770374],[-98.3419671,20.0767181],[-98.3419637,20.076635],[-98.3419,20.0758874],[-98.3427877,20.0756895],[-98.343399,20.0755063],[-98.3434933,20.0754862],[-98.3435483,20.0758839],[-98.3447572,20.0756018],[-98.3447258,20.0754668],[-98.3455014,20.0752989],[-98.3457163,20.0747464],[-98.3461266,20.0746373],[-98.3461076,20.0744049],[-98.3469811,20.0744219],[-98.3474092,20.0743919],[-98.3478124,20.0743284],[-98.3479253,20.0742776],[-98.3479412,20.0745369],[-98.3479126,20.0746319],[-98.3478526,20.0746464],[-98.3478164,20.0746788],[-98.3477879,20.0747245],[-98.3477593,20.0747454],[-98.3476302,20.0748798],[-98.3475083,20.0750305],[-98.3473992,20.0752313],[-98.3472813,20.0754608],[-98.3471747,20.0756228],[-98.3471158,20.0758301],[-98.3470435,20.0760757],[-98.3468785,20.0762923],[-98.3467333,20.0764508],[-98.3466087,20.0765522],[-98.3463889,20.0766513],[-98.3462354,20.0766908],[-98.3461007,20.0767415],[-98.3460523,20.0768411],[-98.3460448,20.0769777],[-98.3460267,20.0770853],[-98.345962,20.0772241],[-98.3459081,20.0773076],[-98.3456491,20.0774917],[-98.345082,20.0779198],[-98.345005,20.0779717],[-98.3450043,20.0779722],[-98.3448991,20.0780908],[-98.344894,20.0782179],[-98.3448931,20.0782391],[-98.3448931,20.0782397],[-98.3446742,20.078354],[-98.3443449,20.0785275],[-98.3441189,20.0786614],[-98.3439828,20.0787587],[-98.3439826,20.0787587],[-98.3438531,20.0788768],[-98.3438518,20.078878],[-98.3436551,20.0790411],[-98.3434859,20.0791822],[-98.3434664,20.0791947],[-98.3433829,20.079248],[-98.3433047,20.0792568],[-98.3432911,20.0792571],[-98.3431702,20.0792605],[-98.3430915,20.0792732],[-98.3430234,20.0793161],[-98.3429316,20.0793535],[-98.3428262,20.0793903],[-98.3427501,20.0793913],[-98.3426374,20.0793551],[-98.3425059,20.0793173]]]},"properties":{"locality":"EL PARAISO UNO DE CUATRO","official_key":"1307700010202","CVE_ENT":"13","CVE_MUN":"077","CVE_LOC":"0001","CVE_ASEN":"0202","settlement_type":"EJIDO","source":"INEGI DCAH 2025"}},{"type":"Feature","geometry":{"type":"Polygon","coordinates":[[[-98.3614262,20.0990246],[-98.3623929,20.100275],[-98.3616675,20.1007781],[-98.3614454,20.1004608],[-98.3612252,20.1001493],[-98.3611684,20.1000674],[-98.3609613,20.0997842],[-98.3608976,20.0997008],[-98.3609044,20.0996967],[-98.3611854,20.0995284],[-98.3610175,20.0992729],[-98.3614262,20.0990246]]]},"properties":{"locality":"PASEOS DE TULANCINGO","official_key":"1307700010203","CVE_ENT":"13","CVE_MUN":"077","CVE_LOC":"0001","CVE_ASEN":"0203","settlement_type":"FRACCIONAMIENTO","source":"INEGI DCAH 2025"}},{"type":"Feature","geometry":{"type":"Polygon","coordinates":[[[-98.3618231,20.0987835],[-98.3617608,20.0987572],[-98.3616917,20.0986836],[-98.3616578,20.0986204],[-98.3615737,20.0984432],[-98.3615223,20.0983676],[-98.3614783,20.0983041],[-98.3613843,20.0982131],[-98.3612052,20.098072],[-98.3611201,20.098022],[-98.3608777,20.0978746],[-98.3607558,20.0977805],[-98.3607089,20.097729],[-98.3606391,20.0975857],[-98.3605279,20.0973767],[-98.3604089,20.0971636],[-98.36024,20.0968419],[-98.3597822,20.0966993],[-98.3595919,20.0965233],[-98.3598306,20.0963775],[-98.3607391,20.0958069],[-98.3612395,20.0967653],[-98.3613903,20.0967744],[-98.3615215,20.0967812],[-98.3616351,20.096787],[-98.3617475,20.0967928],[-98.361862,20.0967999],[-98.3619161,20.0968021],[-98.3623041,20.0968176],[-98.3623791,20.0968206],[-98.3624043,20.0968216],[-98.3624027,20.0968313],[-98.3623808,20.09697],[-98.36223,20.097809],[-98.3625765,20.097838],[-98.3626149,20.0978445],[-98.3628292,20.0978646],[-98.362923,20.0978735],[-98.3634144,20.0979197],[-98.3635482,20.0979323],[-98.3645578,20.098018],[-98.3645164,20.0982354],[-98.3644564,20.0984859],[-98.3645263,20.0991907],[-98.3645687,20.0996591],[-98.3645809,20.0997939],[-98.3645103,20.0997988],[-98.3645088,20.0997989],[-98.3643829,20.0997907],[-98.3641525,20.0997624],[-98.3639133,20.0997339],[-98.3638003,20.09973],[-98.3636597,20.0997638],[-98.3635561,20.0997913],[-98.3634387,20.0998137],[-98.3633573,20.0998177],[-98.3632628,20.0997903],[-98.3631951,20.0997563],[-98.3631282,20.0997205],[-98.3630341,20.0996559],[-98.3629039,20.0994925],[-98.3626858,20.0991308],[-98.3625921,20.0989736],[-98.3625128,20.098862],[-98.3624539,20.0988293],[-98.3623814,20.0988026],[-98.3622984,20.098791],[-98.3622089,20.0987947],[-98.3621008,20.0988093],[-98.3619829,20.0988123],[-98.3619222,20.0988031],[-98.3618231,20.0987835]]]},"properties":{"locality":"LOS PINOS SEGUNDA SECCIÓN","official_key":"1307700010204","CVE_ENT":"13","CVE_MUN":"077","CVE_LOC":"0001","CVE_ASEN":"0204","settlement_type":"FRACCIONAMIENTO","source":"INEGI DCAH 2025"}},{"type":"Feature","geometry":{"type":"Polygon","coordinates":[[[-98.3393793,20.0741947],[-98.3394036,20.0736471],[-98.3394074,20.0736147],[-98.3394106,20.0732616],[-98.3409541,20.0731305],[-98.3409435,20.0732643],[-98.3409616,20.073504],[-98.3411364,20.0734338],[-98.3411588,20.0736936],[-98.3412703,20.0750759],[-98.3410369,20.0750995],[-98.3407713,20.0751323],[-98.3406238,20.0751474],[-98.3403958,20.0751675],[-98.3402671,20.0751902],[-98.3400043,20.0752252],[-98.3398862,20.0752431],[-98.3394946,20.0753086],[-98.3393793,20.0741947]]]},"properties":{"locality":"REFORMA","official_key":"1307700010205","CVE_ENT":"13","CVE_MUN":"077","CVE_LOC":"0001","CVE_ASEN":"0205","settlement_type":"COLONIA","source":"INEGI DCAH 2025"}},{"type":"Feature","geometry":{"type":"Polygon","coordinates":[[[-98.3541642,20.065649],[-98.3541353,20.0660931],[-98.3538736,20.0660923],[-98.3538407,20.0660922],[-98.35221,20.0660965],[-98.3521894,20.0656954],[-98.352265,20.0651458],[-98.3524153,20.0646237],[-98.3524594,20.0644702],[-98.3528578,20.0647233],[-98.3533469,20.0650548],[-98.3536087,20.0652448],[-98.3538989,20.0654447],[-98.3541642,20.065649]]]},"properties":{"locality":"REVOLUCIÓN","official_key":"1307700010206","CVE_ENT":"13","CVE_MUN":"077","CVE_LOC":"0001","CVE_ASEN":"0206","settlement_type":"FRACCIONAMIENTO","source":"INEGI DCAH 2025"}},{"type":"Feature","geometry":{"type":"Polygon","coordinates":[[[-98.3628157,20.1048954],[-98.3631121,20.1053032],[-98.3634791,20.1058255],[-98.3641751,20.1067791],[-98.3648397,20.1076771],[-98.3645739,20.1075663],[-98.3643441,20.1074706],[-98.3641762,20.1074106],[-98.3633657,20.1071256],[-98.3629808,20.1069821],[-98.3621339,20.1066855],[-98.3618396,20.1065815],[-98.361419,20.1062697],[-98.3609522,20.1058754],[-98.3609142,20.1058393],[-98.3608972,20.1058201],[-98.3626695,20.1046849],[-98.3628157,20.1048954]]]},"properties":{"locality":"SAN MARINO","official_key":"1307700010207","CVE_ENT":"13","CVE_MUN":"077","CVE_LOC":"0001","CVE_ASEN":"0207","settlement_type":"FRACCIONAMIENTO","source":"INEGI DCAH 2025"}},{"type":"Feature","geometry":{"type":"Polygon","coordinates":[[[-98.369104,20.0656091],[-98.3690697,20.0658124],[-98.3690508,20.0658841],[-98.3690109,20.0661329],[-98.3680704,20.0661736],[-98.3679375,20.0654448],[-98.369104,20.0656091]]]},"properties":{"locality":"SAN PEDRO","official_key":"1307700010208","CVE_ENT":"13","CVE_MUN":"077","CVE_LOC":"0001","CVE_ASEN":"0208","settlement_type":"RESIDENCIAL","source":"INEGI DCAH 2025"}},{"type":"Feature","geometry":{"type":"Polygon","coordinates":[[[-98.3670223,20.0679697],[-98.3662741,20.0679468],[-98.3661457,20.0676471],[-98.3661435,20.0676318],[-98.3665863,20.067619],[-98.3666282,20.0676177],[-98.3667483,20.0676071],[-98.3669339,20.067589],[-98.3670047,20.0675848],[-98.3670223,20.0679697]]]},"properties":{"locality":"EL TREBOL","official_key":"1307700010209","CVE_ENT":"13","CVE_MUN":"077","CVE_LOC":"0001","CVE_ASEN":"0209","settlement_type":"PRIVADA","source":"INEGI DCAH 2025"}},{"type":"Feature","geometry":{"type":"Polygon","coordinates":[[[-98.3778064,20.0962581],[-98.3784619,20.0941621],[-98.3802908,20.0942878],[-98.3801615,20.0947251],[-98.379946,20.0953685],[-98.3797482,20.0960145],[-98.3797377,20.0960486],[-98.3795646,20.096691],[-98.3778064,20.0962581]]]},"properties":{"locality":"TULANCINGO SEIS DE NUEVE","official_key":"1307700010210","CVE_ENT":"13","CVE_MUN":"077","CVE_LOC":"0001","CVE_ASEN":"0210","settlement_type":"EJIDO","source":"INEGI DCAH 2025"}},{"type":"Feature","geometry":{"type":"Polygon","coordinates":[[[-98.3669339,20.067589],[-98.3667483,20.0676071],[-98.3666282,20.0676177],[-98.3665863,20.067619],[-98.3664903,20.0672801],[-98.3668158,20.0671932],[-98.3669339,20.067589]]]},"properties":{"locality":"VILLAS EL TREBOL","official_key":"1307700010211","CVE_ENT":"13","CVE_MUN":"077","CVE_LOC":"0001","CVE_ASEN":"0211","settlement_type":"FRACCIONAMIENTO","source":"INEGI DCAH 2025"}},{"type":"Feature","geometry":{"type":"Polygon","coordinates":[[[-98.3683154,20.0729273],[-98.3682902,20.0728288],[-98.3682318,20.0722815],[-98.3684008,20.0722526],[-98.3683473,20.0721163],[-98.3691163,20.0719819],[-98.3695296,20.0692876],[-98.3693044,20.0692472],[-98.3685222,20.0691217],[-98.368789,20.0675001],[-98.3688555,20.0671761],[-98.3689159,20.0667845],[-98.3690109,20.0661329],[-98.3690508,20.0658841],[-98.3690697,20.0658124],[-98.369104,20.0656091],[-98.3692401,20.0648012],[-98.3691439,20.064717],[-98.3693433,20.0635594],[-98.3697129,20.0614366],[-98.3697107,20.0610586],[-98.3697102,20.0609776],[-98.3697118,20.0609813],[-98.3697506,20.0610705],[-98.3697759,20.0611286],[-98.3697938,20.0612918],[-98.3698019,20.0612965],[-98.3699049,20.061356],[-98.3700116,20.0614078],[-98.3701463,20.0615076],[-98.3701676,20.0615288],[-98.3701942,20.0615554],[-98.3702835,20.0616147],[-98.3704049,20.0616266],[-98.3704759,20.0616185],[-98.3705304,20.0616124],[-98.3705538,20.0616097],[-98.3705563,20.0616103],[-98.3706139,20.061623],[-98.3707303,20.0616607],[-98.370852,20.0616775],[-98.3711407,20.0616404],[-98.3713638,20.0616442],[-98.3715252,20.0616628],[-98.3716603,20.061693],[-98.3717764,20.0617439],[-98.3719457,20.0618336],[-98.3720913,20.0619031],[-98.3722481,20.0620016],[-98.372381,20.0620519],[-98.3724478,20.0620535],[-98.3725654,20.0620563],[-98.3727459,20.0620569],[-98.3728793,20.0620797],[-98.3730883,20.0621474],[-98.3733158,20.0621965],[-98.3735396,20.0621639],[-98.3737812,20.0620904],[-98.3740678,20.0620691],[-98.3742523,20.0620401],[-98.3744215,20.0619443],[-98.3746114,20.0617869],[-98.3748485,20.0617872],[-98.3751626,20.0618729],[-98.3753696,20.0620513],[-98.3754756,20.0622997],[-98.3754757,20.0623001],[-98.3754754,20.0623045],[-98.3754676,20.0624188],[-98.3754674,20.0624224],[-98.3754675,20.0624236],[-98.3754823,20.0625799],[-98.3754825,20.0625819],[-98.3754821,20.0625847],[-98.3754662,20.0627301],[-98.3754105,20.062919],[-98.3753745,20.0631057],[-98.3753739,20.0631091],[-98.3753744,20.0631105],[-98.3754594,20.0633319],[-98.3754626,20.0634721],[-98.3754627,20.0634765],[-98.3754625,20.0634769],[-98.3753324,20.0636837],[-98.3752765,20.0638852],[-98.3752763,20.0638859],[-98.3752757,20.063888],[-98.3752764,20.06389],[-98.3753002,20.063963],[-98.3753492,20.0641162],[-98.3754003,20.0642848],[-98.3754341,20.0644033],[-98.375456,20.0645892],[-98.3754982,20.0647773],[-98.3755324,20.0648598],[-98.3756223,20.0649712],[-98.3757101,20.0650612],[-98.3757662,20.0651639],[-98.3757884,20.0652814],[-98.375808,20.0654587],[-98.3758346,20.0657145],[-98.3758265,20.0660583],[-98.3758465,20.0662387],[-98.3759027,20.0663051],[-98.3760427,20.066344],[-98.3761555,20.0664021],[-98.376248,20.0664537],[-98.3762974,20.066535],[-98.3763349,20.0666763],[-98.3763933,20.0668474],[-98.3764238,20.0669619],[-98.3765539,20.0671112],[-98.3767143,20.0672944],[-98.3767802,20.0673567],[-98.3768414,20.0674147],[-98.3769214,20.0675768],[-98.3769546,20.0677023],[-98.3769821,20.0678583],[-98.3770519,20.0680144],[-98.3771095,20.0680964],[-98.3772406,20.0682503],[-98.3773139,20.0683724],[-98.377345,20.0684102],[-98.3768631,20.0684639],[-98.3765538,20.0685199],[-98.3763099,20.068563],[-98.376207,20.0685866],[-98.3759182,20.0686529],[-98.3757398,20.068694],[-98.3755189,20.0688526],[-98.3752861,20.0690161],[-98.3750565,20.0692413],[-98.3749376,20.069358],[-98.3748558,20.0694388],[-98.3747916,20.0695083],[-98.3747354,20.0695716],[-98.3746484,20.0696733],[-98.3737681,20.0706352],[-98.3736817,20.0707173],[-98.3732641,20.0711794],[-98.3728134,20.0717152],[-98.3724141,20.0721503],[-98.3721171,20.0725016],[-98.3716644,20.0730861],[-98.3714349,20.0734081],[-98.3712443,20.0736788],[-98.3711719,20.0737879],[-98.3690116,20.0731364],[-98.3683154,20.0729273]]]},"properties":{"locality":"ZAPOTLÁN DE ALLENDE UNO DE SIETE","official_key":"1307700010212","CVE_ENT":"13","CVE_MUN":"077","CVE_LOC":"0001","CVE_ASEN":"0212","settlement_type":"EJIDO","source":"INEGI DCAH 2025"}},{"type":"Feature","geometry":{"type":"Polygon","coordinates":[[[-98.3601488,20.206933],[-98.3601236,20.2059403],[-98.360126,20.2059018],[-98.3601661,20.2049903],[-98.359928,20.2050001],[-98.3598296,20.2050042],[-98.3593674,20.2049636],[-98.3591022,20.2048558],[-98.3575442,20.2046988],[-98.3572875,20.2043794],[-98.3570599,20.2036419],[-98.3555809,20.2039198],[-98.355528,20.2019947],[-98.3546189,20.2022786],[-98.3546111,20.2034688],[-98.3547241,20.2041172],[-98.354449,20.2069655],[-98.3503184,20.2031999],[-98.3500967,20.1990643],[-98.3500204,20.1976404],[-98.3496915,20.1975293],[-98.3493881,20.1930292],[-98.3520606,20.1943765],[-98.3545615,20.1958446],[-98.3547384,20.1958942],[-98.3550352,20.1959338],[-98.3554845,20.1961354],[-98.3560057,20.1963852],[-98.356738,20.1967432],[-98.3572016,20.1970865],[-98.3573962,20.1972898],[-98.3574642,20.1975609],[-98.3576187,20.198231],[-98.3577371,20.1984164],[-98.3580424,20.198653],[-98.3582581,20.1987618],[-98.3585743,20.1988464],[-98.3587269,20.1988443],[-98.358818,20.198858],[-98.3590214,20.1988595],[-98.3592077,20.1989631],[-98.3598698,20.1995867],[-98.3600787,20.1997962],[-98.3603484,20.1999718],[-98.3605304,20.2002782],[-98.3605257,20.2007636],[-98.3603259,20.2011394],[-98.3603076,20.2014645],[-98.3601783,20.2018121],[-98.3598409,20.2027349],[-98.3597481,20.2030965],[-98.3597998,20.2033896],[-98.3597788,20.2035336],[-98.3599303,20.2037254],[-98.3601792,20.203893],[-98.3603705,20.2041483],[-98.3604644,20.2045517],[-98.3604447,20.2047971],[-98.3607927,20.2048812],[-98.3615583,20.2048439],[-98.361811,20.204823],[-98.3618859,20.2047615],[-98.3620479,20.2044102],[-98.3621839,20.2041159],[-98.3622279,20.2040689],[-98.3622811,20.2040568],[-98.3625744,20.2041121],[-98.3627486,20.204139],[-98.3629295,20.2041606],[-98.3630345,20.2041727],[-98.3631144,20.2041478],[-98.3631441,20.2040762],[-98.3631971,20.2039482],[-98.3632776,20.2039021],[-98.3634166,20.2039552],[-98.3634885,20.20413],[-98.3635294,20.204305],[-98.3635338,20.2045077],[-98.3635717,20.2048273],[-98.363556,20.204963],[-98.3634582,20.2050692],[-98.3633218,20.2051352],[-98.363095,20.2052122],[-98.363029,20.2052759],[-98.3630007,20.2053783],[-98.3631306,20.2056619],[-98.3633372,20.2059709],[-98.363372,20.2061216],[-98.3632887,20.2062359],[-98.3631798,20.2062853],[-98.3629971,20.2063261],[-98.3627045,20.2063482],[-98.362173,20.2063289],[-98.3620968,20.206366],[-98.3620414,20.2064374],[-98.3619125,20.2066211],[-98.3617672,20.2068523],[-98.3617219,20.2069779],[-98.3617102,20.2070105],[-98.361623,20.2072849],[-98.3615581,20.2075092],[-98.3614579,20.2076385],[-98.3612902,20.2077134],[-98.360909,20.2077522],[-98.3605926,20.207792],[-98.3603481,20.2078382],[-98.3602762,20.2078469],[-98.360221,20.2079249],[-98.3601932,20.2079967],[-98.360197,20.2081384],[-98.3601857,20.2083709],[-98.3602076,20.208597],[-98.360247,20.2088308],[-98.3602895,20.2089609],[-98.3602939,20.2089744],[-98.3603478,20.2090902],[-98.3604582,20.2093271],[-98.3605249,20.2094919],[-98.3606289,20.2097964],[-98.3606684,20.2099225],[-98.3607013,20.2100241],[-98.3607094,20.2101011],[-98.3606822,20.2101676],[-98.3606189,20.2102181],[-98.3604567,20.2102885],[-98.3601178,20.2104197],[-98.3599468,20.2104738],[-98.3598497,20.2102717],[-98.3598,20.2101612],[-98.3597669,20.2100761],[-98.359727,20.209968],[-98.3596245,20.2097107],[-98.359561,20.2096503],[-98.359502,20.2096222],[-98.3593697,20.2095823],[-98.3592428,20.2095722],[-98.3590941,20.2095557],[-98.3589816,20.2095521],[-98.3588772,20.2095249],[-98.3587917,20.2094706],[-98.3587148,20.2094102],[-98.3586668,20.2093116],[-98.3586511,20.209259],[-98.3586006,20.2092208],[-98.3585361,20.2091852],[-98.3585635,20.2091175],[-98.3585677,20.209037],[-98.3585822,20.2089528],[-98.358594,20.2088917],[-98.358614,20.2088288],[-98.3586526,20.2087549],[-98.3587093,20.208689],[-98.3587857,20.2086062],[-98.3588938,20.2085236],[-98.3590193,20.2084277],[-98.3591416,20.2083231],[-98.359274,20.2082207],[-98.3593342,20.2081722],[-98.3594416,20.2080855],[-98.3595938,20.207949],[-98.3596651,20.2078576],[-98.3597143,20.2077686],[-98.3597412,20.2076732],[-98.3597457,20.2075812],[-98.3597417,20.2075043],[-98.3597219,20.2073999],[-98.359719,20.2072887],[-98.3597356,20.2072202],[-98.3597983,20.207139],[-98.3598575,20.2070933],[-98.359925,20.2070806],[-98.3600169,20.2070655],[-98.3600831,20.2070411],[-98.3601193,20.2070003],[-98.3601488,20.206933]]]},"properties":{"locality":"ACOCUL LA PALMA","official_key":"1307700020001","CVE_ENT":"13","CVE_MUN":"077","CVE_LOC":"0002","CVE_ASEN":"0001","settlement_type":"EJIDO","source":"INEGI DCAH 2025"}},{"type":"Feature","geometry":{"type":"Polygon","coordinates":[[[-98.4187574,20.0882821],[-98.418369,20.0882669],[-98.418058,20.0882588],[-98.4180476,20.0882586],[-98.4179518,20.0882561],[-98.417898,20.0882539],[-98.4174058,20.0882336],[-98.4172628,20.0882269],[-98.4170131,20.0882152],[-98.4169096,20.0882104],[-98.4167027,20.0882042],[-98.4164843,20.0881955],[-98.4162918,20.0881871],[-98.4158402,20.0881671],[-98.4158402,20.0881671],[-98.41569,20.0881586],[-98.4155922,20.0881531],[-98.4149193,20.0881293],[-98.4146802,20.0881237],[-98.4145848,20.0881212],[-98.4137497,20.0881],[-98.4134973,20.0880936],[-98.4134893,20.0880934],[-98.4134767,20.0879549],[-98.4133585,20.0871562],[-98.4133156,20.0870731],[-98.4132405,20.0869421],[-98.4131654,20.0867608],[-98.4130956,20.0866953],[-98.4130972,20.0866709],[-98.4130992,20.0866388],[-98.413101,20.0866096],[-98.4131117,20.0864585],[-98.4132174,20.0864287],[-98.413219,20.0864282],[-98.413219,20.0864282],[-98.4130903,20.0858337],[-98.4129722,20.085335],[-98.4130151,20.0853213],[-98.4132405,20.0852493],[-98.4131064,20.0845137],[-98.4128954,20.0845318],[-98.4128502,20.0845356],[-98.4118856,20.084618],[-98.4118672,20.0846195],[-98.4118441,20.0843413],[-98.4118296,20.0841661],[-98.4117921,20.0838134],[-98.4128864,20.0837127],[-98.4132727,20.0836774],[-98.4131332,20.0826798],[-98.4126847,20.0827414],[-98.412671,20.0826596],[-98.4126366,20.0824366],[-98.4126038,20.0822237],[-98.4125375,20.0818023],[-98.4125133,20.0815712],[-98.4125112,20.0814116],[-98.4124875,20.0812514],[-98.412428,20.0810218],[-98.4123922,20.0808209],[-98.4123912,20.0808143],[-98.4123433,20.0805203],[-98.4123171,20.0803968],[-98.4123076,20.0803323],[-98.4123062,20.0803307],[-98.4122807,20.0803008],[-98.4122656,20.0802831],[-98.4124846,20.0802701],[-98.4126743,20.0802658],[-98.4128569,20.0802509],[-98.4129803,20.0802341],[-98.4133285,20.0801867],[-98.4134256,20.0801754],[-98.4139688,20.0801122],[-98.4142422,20.0800842],[-98.4143686,20.0800713],[-98.4145681,20.0800509],[-98.4146016,20.0800474],[-98.4148671,20.0800203],[-98.4149282,20.0800121],[-98.4150027,20.0800021],[-98.4150929,20.07999],[-98.4152391,20.0799704],[-98.4154486,20.0804682],[-98.4159183,20.0800857],[-98.4159197,20.0800846],[-98.4160655,20.0802963],[-98.4164035,20.0800722],[-98.4168112,20.0798233],[-98.417345,20.0797856],[-98.417412,20.0794631],[-98.4182033,20.0795916],[-98.4183629,20.0796029],[-98.4187156,20.0795639],[-98.4191715,20.079516],[-98.4196217,20.0794555],[-98.4201264,20.0794429],[-98.4206592,20.0793878],[-98.4211778,20.0791809],[-98.4211778,20.0793195],[-98.4215316,20.0790797],[-98.4217381,20.0788983],[-98.4217649,20.0787496],[-98.421824,20.078402],[-98.4219286,20.0778125],[-98.4219863,20.0774325],[-98.421987,20.077428],[-98.4221072,20.0774458],[-98.4222339,20.0774416],[-98.4225598,20.0773934],[-98.4226911,20.0772895],[-98.4228624,20.0772779],[-98.4229686,20.0772708],[-98.4229889,20.0771667],[-98.422991,20.0771559],[-98.4234978,20.0771149],[-98.4238472,20.0770929],[-98.4239196,20.0770884],[-98.4239302,20.0770279],[-98.4239307,20.077025],[-98.4241531,20.0769488],[-98.4254227,20.0765138],[-98.4255006,20.0764871],[-98.4254343,20.0771694],[-98.4254335,20.0775845],[-98.4253994,20.0784995],[-98.4253116,20.0790705],[-98.4252925,20.0793664],[-98.4252723,20.0797992],[-98.4252347,20.0802796],[-98.4253068,20.0806544],[-98.4253226,20.0807368],[-98.4254536,20.0815287],[-98.4255444,20.0821787],[-98.425653,20.0827774],[-98.4258144,20.0838675],[-98.4234969,20.0846247],[-98.4235335,20.08501],[-98.4235588,20.0852728],[-98.4235761,20.0854516],[-98.4235779,20.0854701],[-98.4238371,20.0873283],[-98.4235884,20.0874116],[-98.4228458,20.0876384],[-98.4227396,20.0877027],[-98.4225854,20.0877962],[-98.4222726,20.0879859],[-98.4221645,20.0880515],[-98.4221399,20.0875808],[-98.4220602,20.0860553],[-98.4220552,20.0859598],[-98.4212682,20.0861535],[-98.4212035,20.0861695],[-98.4210029,20.085957],[-98.4209941,20.0859477],[-98.4207617,20.0860333],[-98.4206866,20.0860427],[-98.4206073,20.0860527],[-98.4203823,20.0860173],[-98.4203706,20.0860154],[-98.4203676,20.0860142],[-98.4202554,20.0859697],[-98.4202216,20.0859563],[-98.4199427,20.0858249],[-98.4198684,20.0857924],[-98.4196981,20.0856233],[-98.4196862,20.0856115],[-98.4190915,20.0856783],[-98.4191502,20.0869634],[-98.4191852,20.0876175],[-98.4192214,20.0882925],[-98.4188687,20.0882822],[-98.4187574,20.0882821]],[[-98.4225348,20.079979],[-98.4226483,20.0795492],[-98.4218353,20.0799823],[-98.4212579,20.0802594],[-98.4205883,20.080524],[-98.4205244,20.0805933],[-98.420534,20.0806783],[-98.4205616,20.0807958],[-98.4206076,20.0810233],[-98.4205998,20.0812542],[-98.420565,20.0814477],[-98.4205308,20.0815672],[-98.4205282,20.0815766],[-98.4214744,20.082164],[-98.4212863,20.0823896],[-98.4209078,20.0826592],[-98.4214827,20.08274],[-98.4214963,20.0826614],[-98.4215115,20.0825736],[-98.421648,20.0825707],[-98.4221112,20.0825609],[-98.4219159,20.0829575],[-98.4226369,20.08289],[-98.4226777,20.0833243],[-98.4229679,20.0832886],[-98.4231328,20.083282],[-98.4235246,20.0832662],[-98.4241859,20.0830985],[-98.4241518,20.0827898],[-98.4242019,20.0827824],[-98.4242435,20.0827762],[-98.4241786,20.0821819],[-98.4241784,20.0821801],[-98.4245803,20.0821814],[-98.4244811,20.0812099],[-98.4244621,20.0809291],[-98.4244501,20.0807516],[-98.424446,20.0806908],[-98.4241306,20.0806726],[-98.4239785,20.080663],[-98.4236235,20.0806404],[-98.4230964,20.080601],[-98.4227816,20.0805837],[-98.422587,20.0805753],[-98.4225348,20.079979]]]},"properties":{"locality":"AHUEHUETITLA","official_key":"1307700030001","CVE_ENT":"13","CVE_MUN":"077","CVE_LOC":"0003","CVE_ASEN":"0001","settlement_type":"NINGUNO","source":"INEGI DCAH 2025"}},{"type":"Feature","geometry":{"type":"Polygon","coordinates":[[[-98.3224035,20.1998735],[-98.3204911,20.1985172],[-98.3202498,20.1988523],[-98.3193384,20.1989434],[-98.3191987,20.1986034],[-98.3188289,20.1983128],[-98.3185442,20.1982355],[-98.3179595,20.1981405],[-98.3169294,20.1983569],[-98.3145845,20.1968647],[-98.3142841,20.1965627],[-98.3141867,20.1964241],[-98.3139207,20.1954258],[-98.3139178,20.195415],[-98.3139173,20.1954123],[-98.3138826,20.1952366],[-98.3136645,20.1943922],[-98.3134525,20.1935738],[-98.3133888,20.1933279],[-98.3133802,20.1932881],[-98.3131668,20.1922938],[-98.3133226,20.1920528],[-98.3138149,20.1904055],[-98.3138501,20.1902768],[-98.3139595,20.1902446],[-98.3157921,20.1904257],[-98.3168071,20.1905238],[-98.3187406,20.1907022],[-98.3208727,20.1909509],[-98.3249722,20.1913435],[-98.3259952,20.1914677],[-98.3269602,20.1915811],[-98.3273242,20.1916288],[-98.3293181,20.1917932],[-98.3282652,20.1976137],[-98.3302412,20.1977474],[-98.3314089,20.1920873],[-98.330227,20.1919452],[-98.3304082,20.1908643],[-98.3314405,20.1910813],[-98.3316154,20.191262],[-98.3318787,20.1912166],[-98.3319499,20.1909324],[-98.3316514,20.1908795],[-98.3316934,20.1905112],[-98.3327669,20.1906661],[-98.3332156,20.1908417],[-98.3331768,20.1910984],[-98.3330381,20.1917918],[-98.3328848,20.1926147],[-98.3327834,20.193159],[-98.3326787,20.1937411],[-98.3325067,20.1947266],[-98.3324664,20.1949592],[-98.332213,20.1962322],[-98.3320331,20.197236],[-98.3318192,20.198434],[-98.3316477,20.1992754],[-98.3315316,20.1999877],[-98.3312462,20.2014169],[-98.3310751,20.2022235],[-98.3308491,20.2033277],[-98.3307085,20.2040156],[-98.3303003,20.2058501],[-98.3301324,20.2066042],[-98.330129,20.2068302],[-98.3291625,20.2062423],[-98.3282282,20.2056343],[-98.3270226,20.2048375],[-98.3268671,20.204808],[-98.3265908,20.2046752],[-98.3266284,20.2045808],[-98.3238144,20.2028878],[-98.3229662,20.2023717],[-98.3221073,20.201785],[-98.3224035,20.1998735]]]},"properties":{"locality":"AXATEMPA","official_key":"1307700050001","CVE_ENT":"13","CVE_MUN":"077","CVE_LOC":"0005","CVE_ASEN":"0001","settlement_type":"RANCHERÍA","source":"INEGI DCAH 2025"}},{"type":"Feature","geometry":{"type":"Polygon","coordinates":[[[-98.3505218,20.1617004],[-98.3488985,20.1614855],[-98.3443437,20.16143],[-98.3439738,20.1622128],[-98.3433255,20.1622021],[-98.3436342,20.1613806],[-98.3421125,20.1612318],[-98.3425479,20.1603718],[-98.3426722,20.1596126],[-98.3404145,20.1594884],[-98.3397377,20.1588827],[-98.3443351,20.1549982],[-98.3436186,20.1544621],[-98.3391255,20.1582771],[-98.3374356,20.156837],[-98.3389208,20.1554495],[-98.3400973,20.154344],[-98.3417829,20.1528107],[-98.3438056,20.1509029],[-98.3464155,20.1485208],[-98.3475982,20.1474189],[-98.3476721,20.1473628],[-98.3485441,20.1465951],[-98.3495202,20.1456821],[-98.3497697,20.1454351],[-98.3498785,20.145447],[-98.352181,20.1466656],[-98.3538319,20.1475619],[-98.3539265,20.1475129],[-98.3540058,20.1475459],[-98.3540441,20.1476409],[-98.3539208,20.1484624],[-98.3535061,20.1501099],[-98.3531316,20.1514633],[-98.3528877,20.1524206],[-98.3521777,20.1553303],[-98.3508827,20.1604981],[-98.3505218,20.1617004]]]},"properties":{"locality":"SAN NICOLAS CEBOLLETAS","official_key":"1307700070001","CVE_ENT":"13","CVE_MUN":"077","CVE_LOC":"0007","CVE_ASEN":"0001","settlement_type":"PUEBLO","source":"INEGI DCAH 2025"}},{"type":"Feature","geometry":{"type":"Polygon","coordinates":[[[-98.4368775,20.0948874],[-98.4320484,20.0913444],[-98.4322588,20.0910458],[-98.4336833,20.0911273],[-98.433861,20.0898144],[-98.4342567,20.0896163],[-98.4346016,20.0894597],[-98.4349468,20.0892946],[-98.4353348,20.0891185],[-98.4357763,20.0888967],[-98.4360734,20.0887651],[-98.436367,20.0886165],[-98.4358759,20.0881913],[-98.435829,20.0879798],[-98.4358259,20.0877944],[-98.4358988,20.0874048],[-98.4359656,20.0872718],[-98.4360284,20.087163],[-98.4362243,20.08704],[-98.4364793,20.0869784],[-98.4367917,20.0869967],[-98.4371832,20.0871181],[-98.4374515,20.0872718],[-98.4383506,20.0868276],[-98.4384096,20.086797],[-98.4386967,20.0866475],[-98.4387389,20.0866242],[-98.4390458,20.0864465],[-98.4391463,20.0863846],[-98.4391914,20.086351],[-98.4393914,20.0862212],[-98.4394299,20.086194],[-98.4405968,20.0856121],[-98.4406976,20.0855629],[-98.4407707,20.0855398],[-98.4407987,20.0855312],[-98.4408846,20.0855039],[-98.4409211,20.0854964],[-98.4411906,20.0853888],[-98.4412319,20.0853713],[-98.4417741,20.0851299],[-98.442177,20.0849487],[-98.4422276,20.0849275],[-98.4421874,20.0847787],[-98.4421527,20.0846771],[-98.4420804,20.0844541],[-98.4420301,20.0843014],[-98.4419195,20.0841777],[-98.4412346,20.0835211],[-98.4413522,20.0834003],[-98.4414345,20.0833219],[-98.4415213,20.0832255],[-98.4418518,20.0828654],[-98.4419668,20.0827633],[-98.4419184,20.0826946],[-98.4418192,20.0826004],[-98.4412325,20.0820329],[-98.4411413,20.0819446],[-98.4410588,20.0818623],[-98.4408239,20.0816366],[-98.4406455,20.0814635],[-98.4405118,20.0813331],[-98.4403266,20.0811567],[-98.440595,20.0810251],[-98.4407016,20.080973],[-98.4408609,20.0809022],[-98.4420553,20.0803724],[-98.4421096,20.0803445],[-98.4423722,20.0802244],[-98.4425466,20.0801456],[-98.4427412,20.0800558],[-98.442924,20.0803166],[-98.4430751,20.0805311],[-98.4431874,20.0806956],[-98.4432311,20.0807638],[-98.4433203,20.0807633],[-98.4434066,20.0807693],[-98.4435758,20.0807826],[-98.4436491,20.0807903],[-98.4446383,20.080753],[-98.4460778,20.0797951],[-98.4460788,20.0799889],[-98.4460593,20.0803284],[-98.4460702,20.0804004],[-98.4461366,20.0806183],[-98.4465373,20.0817982],[-98.4465648,20.0818798],[-98.4465831,20.0819346],[-98.4467871,20.0825556],[-98.4469739,20.0831234],[-98.4470108,20.0832312],[-98.4470427,20.0832836],[-98.4470661,20.0833235],[-98.4471015,20.0833825],[-98.4471249,20.0834224],[-98.4471602,20.0834815],[-98.4471837,20.0835214],[-98.4472426,20.0836199],[-98.4472856,20.0836748],[-98.4473136,20.0837116],[-98.4473566,20.0837664],[-98.4474049,20.0838155],[-98.4474861,20.083899],[-98.4475468,20.083961],[-98.4476019,20.0840018],[-98.4476416,20.0840307],[-98.4476974,20.0840706],[-98.4477371,20.0840995],[-98.4477928,20.0841395],[-98.4478326,20.0841684],[-98.4478883,20.0842083],[-98.447928,20.0842372],[-98.4479838,20.0842771],[-98.4480235,20.084306],[-98.4480793,20.0843459],[-98.4483342,20.0845078],[-98.4491271,20.0850079],[-98.4491546,20.0850281],[-98.4492267,20.0850815],[-98.4495759,20.0853378],[-98.4496158,20.0853907],[-98.4496706,20.0854984],[-98.4497082,20.0855764],[-98.4501498,20.0869784],[-98.4504496,20.0878728],[-98.4505163,20.0879767],[-98.4507723,20.0883602],[-98.4508456,20.0884409],[-98.4512425,20.0888661],[-98.4513604,20.0889774],[-98.4516138,20.089244],[-98.451854,20.089496],[-98.4519269,20.0895712],[-98.452184,20.0898127],[-98.4524945,20.090155],[-98.4525291,20.0901945],[-98.4525806,20.0902885],[-98.452621,20.090364],[-98.4526628,20.0904703],[-98.452706,20.0905808],[-98.4527453,20.0907532],[-98.4527696,20.0909751],[-98.4527732,20.0910108],[-98.452765,20.0912329],[-98.4527601,20.0913054],[-98.4527423,20.0914914],[-98.4527368,20.0915387],[-98.4526783,20.0916982],[-98.4525804,20.0918967],[-98.4525636,20.0919214],[-98.4524485,20.092086],[-98.4524226,20.0921206],[-98.4522648,20.0922931],[-98.4520669,20.0924917],[-98.4518473,20.0927249],[-98.451691,20.0928898],[-98.4516044,20.0930015],[-98.4515492,20.0931143],[-98.4514564,20.0934288],[-98.4514612,20.093662],[-98.4514889,20.093779],[-98.4515235,20.0939216],[-98.4514531,20.0944135],[-98.4514524,20.0945207],[-98.4514522,20.0945762],[-98.4514487,20.0947536],[-98.4514016,20.0949033],[-98.4513826,20.0949608],[-98.4513362,20.095055],[-98.4512844,20.0951245],[-98.451223,20.0951883],[-98.4511694,20.09521],[-98.4510954,20.095224],[-98.4509962,20.095231],[-98.4509431,20.0952224],[-98.450896,20.0951754],[-98.4508465,20.0951045],[-98.4508183,20.0949453],[-98.4508094,20.0949124],[-98.4507975,20.0949067],[-98.450778,20.0949058],[-98.4507533,20.0949141],[-98.4507243,20.0949335],[-98.4506765,20.0949916],[-98.4505795,20.0951392],[-98.4505318,20.0952139],[-98.4504986,20.0952669],[-98.450217,20.0953999],[-98.450073,20.0954552],[-98.4499358,20.0954967],[-98.4498192,20.0955232],[-98.4497487,20.0955381],[-98.4495202,20.0955329],[-98.4493374,20.095516],[-98.447856,20.0948878],[-98.4477108,20.0946139],[-98.4480269,20.0943804],[-98.4501319,20.0936837],[-98.4502356,20.0934076],[-98.4487482,20.090259],[-98.4458885,20.0916049],[-98.4448205,20.092185],[-98.4434547,20.0927455],[-98.4429318,20.0925011],[-98.4425632,20.0923864],[-98.4423803,20.0925574],[-98.4420456,20.0928823],[-98.4419462,20.0929852],[-98.4413042,20.0936592],[-98.4412081,20.0937629],[-98.4403636,20.09468],[-98.4402962,20.0947804],[-98.4397637,20.0955787],[-98.4392509,20.0963451],[-98.4391058,20.0964105],[-98.4390449,20.0964338],[-98.4389907,20.0964549],[-98.4389491,20.0964708],[-98.4388707,20.0964926],[-98.4388066,20.096466],[-98.4380508,20.0958569],[-98.4372166,20.0951621],[-98.4369706,20.094971],[-98.4368775,20.0948874]]]},"properties":{"locality":"HUAJOMULCO","official_key":"1307700080001","CVE_ENT":"13","CVE_MUN":"077","CVE_LOC":"0008","CVE_ASEN":"0001","settlement_type":"COLONIA","source":"INEGI DCAH 2025"}},{"type":"Feature","geometry":{"type":"Polygon","coordinates":[[[-98.4151267,20.1099658],[-98.4149528,20.1089107],[-98.4149124,20.1086652],[-98.4151054,20.1081192],[-98.4146146,20.1077999],[-98.4141677,20.1075042],[-98.413719,20.1072074],[-98.4133087,20.106936],[-98.4128319,20.1066247],[-98.4123419,20.106298],[-98.4130584,20.106146],[-98.4132747,20.1060544],[-98.4133704,20.1058084],[-98.4133597,20.1054779],[-98.4141027,20.10531],[-98.4141083,20.1053285],[-98.4154764,20.1050872],[-98.4162144,20.104493],[-98.416449,20.1047608],[-98.4168946,20.105298],[-98.4171269,20.1055753],[-98.4171356,20.1055857],[-98.4172542,20.1055014],[-98.4177559,20.1061279],[-98.4179372,20.1060866],[-98.4187526,20.1058797],[-98.4196436,20.1059499],[-98.4196892,20.1059977],[-98.419763,20.1060797],[-98.4199932,20.106266],[-98.418252,20.1067273],[-98.4181783,20.1067747],[-98.4185637,20.1073595],[-98.4186753,20.1075715],[-98.4187206,20.1075774],[-98.4187389,20.1076027],[-98.4190376,20.1080707],[-98.4190702,20.1081061],[-98.4192054,20.1084081],[-98.4192249,20.1086288],[-98.4192211,20.1087172],[-98.4196706,20.1089757],[-98.4190656,20.1091027],[-98.4189088,20.1091356],[-98.4188094,20.1091535],[-98.4183689,20.1092328],[-98.4173372,20.1094618],[-98.4173367,20.1094619],[-98.4170967,20.1095186],[-98.4151629,20.1099698],[-98.4151267,20.1099658]]]},"properties":{"locality":"EMILIANO ZAPATA JALTEPEC","official_key":"1307700100001","CVE_ENT":"13","CVE_MUN":"077","CVE_LOC":"0010","CVE_ASEN":"0001","settlement_type":"COLONIA","source":"INEGI DCAH 2025"}},{"type":"Feature","geometry":{"type":"Polygon","coordinates":[[[-98.4110782,20.111831],[-98.4111661,20.111655],[-98.4116234,20.1106077],[-98.4116753,20.1104832],[-98.4119038,20.1106427],[-98.4120869,20.1107734],[-98.4132208,20.1115935],[-98.4136698,20.1118956],[-98.4135175,20.1120145],[-98.4133656,20.1121245],[-98.4132485,20.1122093],[-98.4131879,20.1122365],[-98.4131001,20.1122933],[-98.4130254,20.1123416],[-98.4129029,20.1124129],[-98.4110782,20.111831]]]},"properties":{"locality":"CAMPO ALEGRE","official_key":"1307700100002","CVE_ENT":"13","CVE_MUN":"077","CVE_LOC":"0010","CVE_ASEN":"0002","settlement_type":"FRACCIONAMIENTO","source":"INEGI DCAH 2025"}},{"type":"Feature","geometry":{"type":"Polygon","coordinates":[[[-98.4095462,20.1110765],[-98.4099483,20.1099211],[-98.4101021,20.1099749],[-98.4101362,20.1099847],[-98.4101697,20.1099943],[-98.4116753,20.1104832],[-98.4116234,20.1106077],[-98.4111661,20.111655],[-98.4110782,20.111831],[-98.4094709,20.111293],[-98.4095462,20.1110765]]]},"properties":{"locality":"PRIVADA DE CAMPO REAL","official_key":"1307700100003","CVE_ENT":"13","CVE_MUN":"077","CVE_LOC":"0010","CVE_ASEN":"0003","settlement_type":"FRACCIONAMIENTO","source":"INEGI DCAH 2025"}},{"type":"Feature","geometry":{"type":"Polygon","coordinates":[[[-98.4155705,20.1238461],[-98.4171652,20.1235188],[-98.4172738,20.1234578],[-98.4174566,20.1234693],[-98.4177648,20.123514],[-98.4181204,20.1235555],[-98.4183209,20.1234681],[-98.4185726,20.1233449],[-98.4189962,20.1230813],[-98.4193503,20.1229481],[-98.4199317,20.1227723],[-98.4205708,20.1225258],[-98.4213254,20.1222316],[-98.4213725,20.1222917],[-98.4216439,20.1226383],[-98.4215689,20.1226873],[-98.4215124,20.1227382],[-98.4214062,20.1228212],[-98.421283,20.1229175],[-98.4207578,20.1233282],[-98.4203493,20.1236755],[-98.4203331,20.1237063],[-98.4202991,20.1237712],[-98.4197528,20.1241878],[-98.4192515,20.1245701],[-98.4192244,20.1245908],[-98.4191644,20.1246365],[-98.4191635,20.1246372],[-98.4188262,20.1248944],[-98.4186598,20.1250214],[-98.4182397,20.1253523],[-98.4180363,20.1255126],[-98.417594,20.1258611],[-98.4173778,20.1260231],[-98.4173449,20.1260477],[-98.4173324,20.1260571],[-98.4172005,20.1261755],[-98.4171552,20.1261108],[-98.4155705,20.1238461]]]},"properties":{"locality":"CARRILLO PUERTO","official_key":"1307700100004","CVE_ENT":"13","CVE_MUN":"077","CVE_LOC":"0010","CVE_ASEN":"0004","settlement_type":"COLONIA","source":"INEGI DCAH 2025"}},{"type":"Feature","geometry":{"type":"Polygon","coordinates":[[[-98.4143307,20.1202628],[-98.4158632,20.1199653],[-98.4162958,20.1199129],[-98.4162958,20.1199129],[-98.4162943,20.1198926],[-98.4162885,20.1198127],[-98.4161975,20.1196882],[-98.4159857,20.1193764],[-98.4157999,20.118856],[-98.4157695,20.1187707],[-98.4156466,20.1183127],[-98.4154839,20.1175956],[-98.4152693,20.1166009],[-98.4151243,20.1158564],[-98.4140717,20.1160556],[-98.4139777,20.1160955],[-98.4141146,20.1167555],[-98.4142152,20.1172452],[-98.4142206,20.1172886],[-98.4142199,20.1172888],[-98.4140207,20.1173257],[-98.4135451,20.1174651],[-98.4133695,20.1174932],[-98.4133298,20.1174996],[-98.4131788,20.1175238],[-98.4131737,20.1174999],[-98.4129831,20.1166044],[-98.4129711,20.1165476],[-98.4129211,20.1163127],[-98.4116604,20.1165746],[-98.4115597,20.116371],[-98.4112513,20.1150401],[-98.4116109,20.1149894],[-98.4117873,20.1149596],[-98.4125366,20.1148305],[-98.4125153,20.1147686],[-98.4125139,20.1144511],[-98.413378,20.1138591],[-98.4133914,20.1138506],[-98.4139983,20.1134651],[-98.4140681,20.1134249],[-98.414126,20.1138637],[-98.4145133,20.1138595],[-98.4145753,20.1131325],[-98.4145227,20.1128532],[-98.4144615,20.1127149],[-98.4143815,20.1126117],[-98.4142144,20.1123944],[-98.4139445,20.1121467],[-98.4136698,20.1118956],[-98.4132208,20.1115935],[-98.4120869,20.1107734],[-98.4119038,20.1106427],[-98.4120623,20.1106161],[-98.4151267,20.1099658],[-98.4151629,20.1099698],[-98.4170967,20.1095186],[-98.4173367,20.1094619],[-98.4173372,20.1094618],[-98.4183689,20.1092328],[-98.4188094,20.1091535],[-98.4189088,20.1091356],[-98.4190656,20.1091027],[-98.4196706,20.1089757],[-98.4192211,20.1087172],[-98.4192249,20.1086288],[-98.4192054,20.1084081],[-98.4190702,20.1081061],[-98.4190376,20.1080707],[-98.4187389,20.1076027],[-98.4187206,20.1075774],[-98.4186753,20.1075715],[-98.4185637,20.1073595],[-98.4181783,20.1067747],[-98.418252,20.1067273],[-98.4199932,20.106266],[-98.4204925,20.1065925],[-98.4206913,20.1066062],[-98.4209976,20.1065961],[-98.4212127,20.1067778],[-98.4209696,20.106918],[-98.4211347,20.1072693],[-98.4211821,20.1075885],[-98.4212611,20.1082051],[-98.4220366,20.1079994],[-98.4222943,20.1085994],[-98.4231454,20.1094718],[-98.4237079,20.1090612],[-98.423805,20.1089768],[-98.4244299,20.1084339],[-98.425819,20.1069666],[-98.4274035,20.1088732],[-98.4276233,20.1091377],[-98.4281888,20.1098181],[-98.4282024,20.1098345],[-98.4282244,20.1098746],[-98.4282811,20.1099622],[-98.428309,20.1099874],[-98.428347,20.1100067],[-98.4284181,20.1100561],[-98.4287696,20.1102994],[-98.4288353,20.1103529],[-98.4290302,20.1105118],[-98.4291006,20.1105772],[-98.4294522,20.1109736],[-98.4297945,20.1114263],[-98.4298543,20.111479],[-98.4301677,20.1118379],[-98.4302759,20.1119474],[-98.4303143,20.1119786],[-98.4303384,20.1120191],[-98.4303595,20.1121243],[-98.4303893,20.112189],[-98.4304392,20.112253],[-98.4306287,20.1124953],[-98.4307084,20.1125684],[-98.430827,20.1127407],[-98.4310077,20.1130214],[-98.4311768,20.1132842],[-98.4311994,20.1133141],[-98.4313462,20.1135076],[-98.4314706,20.113639],[-98.4315903,20.1136974],[-98.4317231,20.1137167],[-98.4317981,20.1137306],[-98.4319461,20.1138632],[-98.4326747,20.1138331],[-98.4331313,20.1137886],[-98.4351329,20.1133666],[-98.4353477,20.1135265],[-98.4354005,20.1136024],[-98.4354622,20.1136913],[-98.4354955,20.1137393],[-98.4355062,20.1137547],[-98.4354799,20.1137766],[-98.4354041,20.1138394],[-98.4350951,20.1140956],[-98.433591,20.1151433],[-98.4324523,20.1158527],[-98.431728,20.1162009],[-98.430883,20.1165394],[-98.4299938,20.1169231],[-98.4297041,20.1170485],[-98.4285908,20.1175303],[-98.4283689,20.1176385],[-98.4283246,20.1176601],[-98.4276013,20.1180081],[-98.4267855,20.118516],[-98.4263177,20.1188739],[-98.4260646,20.1190742],[-98.4256064,20.1194565],[-98.4255769,20.1194937],[-98.4255722,20.1194997],[-98.4254723,20.1195124],[-98.4234618,20.1197672],[-98.4216829,20.1199927],[-98.4213624,20.1200333],[-98.4213577,20.1200339],[-98.421324,20.1200382],[-98.4215221,20.1203783],[-98.4215478,20.1204224],[-98.4223513,20.1218807],[-98.422414,20.1219944],[-98.4224292,20.1220222],[-98.4218171,20.1225251],[-98.4217506,20.1225686],[-98.4216439,20.1226383],[-98.4213725,20.1222917],[-98.4213254,20.1222316],[-98.4205708,20.1225258],[-98.4199317,20.1227723],[-98.4193503,20.1229481],[-98.4189962,20.1230813],[-98.4185726,20.1233449],[-98.4183209,20.1234681],[-98.4181204,20.1235555],[-98.4177648,20.123514],[-98.4174566,20.1234693],[-98.4172738,20.1234578],[-98.4171652,20.1235188],[-98.4155705,20.1238461],[-98.4147998,20.1239673],[-98.4144539,20.1210932],[-98.4144261,20.1209727],[-98.4144098,20.12093],[-98.4143333,20.1203085],[-98.4143307,20.1202628]]]},"properties":{"locality":"JALTEPEC","official_key":"1307700100005","CVE_ENT":"13","CVE_MUN":"077","CVE_LOC":"0010","CVE_ASEN":"0005","settlement_type":"COLONIA","source":"INEGI DCAH 2025"}},{"type":"Feature","geometry":{"type":"Polygon","coordinates":[[[-98.4074638,20.1130382],[-98.4077805,20.1119513],[-98.4082096,20.1120139],[-98.4085826,20.1120918],[-98.4089612,20.1121663],[-98.4091303,20.1121945],[-98.4090587,20.1123897],[-98.4081168,20.1150579],[-98.4080686,20.1150726],[-98.407885,20.1149833],[-98.4077076,20.1148505],[-98.4074032,20.1146053],[-98.4070474,20.1143031],[-98.4071097,20.1142154],[-98.4074638,20.1130382]]]},"properties":{"locality":"LAS GLORIAS III","official_key":"1307700100006","CVE_ENT":"13","CVE_MUN":"077","CVE_LOC":"0010","CVE_ASEN":"0006","settlement_type":"FRACCIONAMIENTO","source":"INEGI DCAH 2025"}},{"type":"Feature","geometry":{"type":"Polygon","coordinates":[[[-98.4057071,20.1107609],[-98.4056646,20.1102413],[-98.4056922,20.1102261],[-98.4060133,20.1103006],[-98.4063582,20.1103807],[-98.4063895,20.1103887],[-98.406416,20.1103965],[-98.4067236,20.1104645],[-98.4067582,20.110474],[-98.4067929,20.1104836],[-98.4070918,20.1105496],[-98.4071259,20.1105561],[-98.40716,20.1105627],[-98.4074702,20.1106297],[-98.4075035,20.1106366],[-98.4075367,20.1106435],[-98.4078432,20.1107317],[-98.4078703,20.1107433],[-98.4078926,20.1107528],[-98.4080586,20.1108055],[-98.4081381,20.1107947],[-98.4080044,20.1112914],[-98.407992,20.111343],[-98.407969,20.1114235],[-98.4057071,20.1107609]]]},"properties":{"locality":"LAS GLORIAS","official_key":"1307700100007","CVE_ENT":"13","CVE_MUN":"077","CVE_LOC":"0010","CVE_ASEN":"0007","settlement_type":"FRACCIONAMIENTO","source":"INEGI DCAH 2025"}},{"type":"Feature","geometry":{"type":"Polygon","coordinates":[[[-98.4057071,20.1107609],[-98.407969,20.1114235],[-98.4078802,20.1116257],[-98.4077805,20.1119513],[-98.4074638,20.1130382],[-98.4071097,20.1142154],[-98.4070474,20.1143031],[-98.4061064,20.113465],[-98.4057252,20.1109828],[-98.4057082,20.1107747],[-98.4057071,20.1107609]]]},"properties":{"locality":"LAS GLORIAS I","official_key":"1307700100014","CVE_ENT":"13","CVE_MUN":"077","CVE_LOC":"0010","CVE_ASEN":"0014","settlement_type":"FRACCIONAMIENTO","source":"INEGI DCAH 2025"}},{"type":"Feature","geometry":{"type":"Polygon","coordinates":[[[-98.4091303,20.1121945],[-98.4089612,20.1121663],[-98.4085826,20.1120918],[-98.4082096,20.1120139],[-98.4077805,20.1119513],[-98.4078802,20.1116257],[-98.407969,20.1114235],[-98.407992,20.111343],[-98.4080044,20.1112914],[-98.4081381,20.1107947],[-98.408229,20.1107823],[-98.4095462,20.1110765],[-98.4094709,20.111293],[-98.4091303,20.1121945]]]},"properties":{"locality":"LAS GLORIAS II","official_key":"1307700100015","CVE_ENT":"13","CVE_MUN":"077","CVE_LOC":"0010","CVE_ASEN":"0015","settlement_type":"FRACCIONAMIENTO","source":"INEGI DCAH 2025"}},{"type":"Feature","geometry":{"type":"Polygon","coordinates":[[[-98.4080686,20.1150726],[-98.4081168,20.1150579],[-98.4083105,20.1151135],[-98.4086472,20.1151293],[-98.4109148,20.1136712],[-98.4117116,20.11316],[-98.4117831,20.1131128],[-98.411881,20.1130499],[-98.4120284,20.1129595],[-98.4126228,20.1125904],[-98.4127061,20.1125345],[-98.4129029,20.1124129],[-98.4130254,20.1123416],[-98.4131001,20.1122933],[-98.4131879,20.1122365],[-98.4132485,20.1122093],[-98.4133656,20.1121245],[-98.4135175,20.1120145],[-98.4136698,20.1118956],[-98.4139445,20.1121467],[-98.4142144,20.1123944],[-98.4143815,20.1126117],[-98.4144615,20.1127149],[-98.4145227,20.1128532],[-98.4145753,20.1131325],[-98.4145133,20.1138595],[-98.414126,20.1138637],[-98.4140681,20.1134249],[-98.4139983,20.1134651],[-98.4133914,20.1138506],[-98.413378,20.1138591],[-98.4125139,20.1144511],[-98.4125153,20.1147686],[-98.4125366,20.1148305],[-98.4117873,20.1149596],[-98.4117398,20.114622],[-98.4115937,20.1136095],[-98.4110097,20.1139289],[-98.4110744,20.1146861],[-98.4111053,20.1150504],[-98.4097235,20.1151458],[-98.4094005,20.1152099],[-98.4089375,20.1152362],[-98.4088689,20.1152352],[-98.4086152,20.1152314],[-98.4084104,20.1152061],[-98.4082539,20.1151664],[-98.4080686,20.1150726]]]},"properties":{"locality":"SANTA ALICIA","official_key":"1307700100016","CVE_ENT":"13","CVE_MUN":"077","CVE_LOC":"0010","CVE_ASEN":"0016","settlement_type":"FRACCIONAMIENTO","source":"INEGI DCAH 2025"}},{"type":"Feature","geometry":{"type":"Polygon","coordinates":[[[-98.4091303,20.1121945],[-98.4094709,20.111293],[-98.4110782,20.111831],[-98.4129029,20.1124129],[-98.4127061,20.1125345],[-98.4126228,20.1125904],[-98.4120284,20.1129595],[-98.411881,20.1130499],[-98.4117831,20.1131128],[-98.4117116,20.11316],[-98.4106846,20.1128944],[-98.4090587,20.1123897],[-98.4091303,20.1121945]]]},"properties":{"locality":"PRIVADA DE CAMPO ALEGRE","official_key":"1307700100018","CVE_ENT":"13","CVE_MUN":"077","CVE_LOC":"0010","CVE_ASEN":"0018","settlement_type":"PRIVADA","source":"INEGI DCAH 2025"}},{"type":"Feature","geometry":{"type":"Polygon","coordinates":[[[-98.4135451,20.1174651],[-98.4140207,20.1173257],[-98.4142199,20.1172888],[-98.4142206,20.1172886],[-98.4142152,20.1172452],[-98.4141146,20.1167555],[-98.4139777,20.1160955],[-98.4140717,20.1160556],[-98.4151243,20.1158564],[-98.4152693,20.1166009],[-98.4154839,20.1175956],[-98.4156466,20.1183127],[-98.4157695,20.1187707],[-98.4157999,20.118856],[-98.4159857,20.1193764],[-98.4161975,20.1196882],[-98.4162885,20.1198127],[-98.4162943,20.1198926],[-98.4162958,20.1199129],[-98.4158632,20.1199653],[-98.4143307,20.1202628],[-98.4141338,20.119103],[-98.4139246,20.119151],[-98.4139237,20.1191512],[-98.4139218,20.1191424],[-98.4135451,20.1174651]]]},"properties":{"locality":"VISTA REAL","official_key":"1307700100019","CVE_ENT":"13","CVE_MUN":"077","CVE_LOC":"0010","CVE_ASEN":"0019","settlement_type":"FRACCIONAMIENTO","source":"INEGI DCAH 2025"}},{"type":"Feature","geometry":{"type":"Polygon","coordinates":[[[-98.4103771,20.1171555],[-98.4116851,20.1168059],[-98.4117808,20.1172837],[-98.4118239,20.1174952],[-98.4118842,20.1177433],[-98.411972,20.1182137],[-98.4120384,20.1184901],[-98.4112937,20.1186755],[-98.4114902,20.1193044],[-98.4116207,20.1197518],[-98.4116235,20.1197631],[-98.4116813,20.1199963],[-98.4088346,20.1207349],[-98.4088257,20.1204259],[-98.4088143,20.1203176],[-98.4087784,20.1199761],[-98.4087967,20.1197957],[-98.4088232,20.1195351],[-98.4088249,20.1195188],[-98.4087574,20.1190551],[-98.4086524,20.118594],[-98.4086474,20.1185392],[-98.4086066,20.1180952],[-98.4085373,20.1176501],[-98.408654,20.1176127],[-98.4103771,20.1171555]]]},"properties":{"locality":"PRIVADA SAN ANDRÉS","official_key":"1307700100023","CVE_ENT":"13","CVE_MUN":"077","CVE_LOC":"0010","CVE_ASEN":"0023","settlement_type":"AMPLIACIÓN","source":"INEGI DCAH 2025"}},{"type":"Feature","geometry":{"type":"Polygon","coordinates":[[[-98.4162144,20.104493],[-98.4159673,20.1042143],[-98.4162355,20.1037479],[-98.4164928,20.1038326],[-98.4166386,20.1038361],[-98.4168112,20.1038698],[-98.4168613,20.1039373],[-98.4168919,20.1040117],[-98.4169799,20.1040548],[-98.4170862,20.1040302],[-98.4171914,20.1039659],[-98.4172815,20.1039756],[-98.4173054,20.1039782],[-98.4174401,20.1040801],[-98.4174722,20.1041241],[-98.4175695,20.1042575],[-98.4176405,20.1044261],[-98.417709,20.1043437],[-98.4177827,20.1042551],[-98.4179892,20.1040287],[-98.4180911,20.1039335],[-98.4181823,20.1038843],[-98.4182493,20.1038818],[-98.4183192,20.1039122],[-98.4184212,20.1039803],[-98.4184964,20.1040673],[-98.4185688,20.1041158],[-98.4186426,20.1041627],[-98.4187599,20.1042089],[-98.418824,20.1042319],[-98.4189204,20.104382],[-98.4188908,20.1044923],[-98.4188662,20.1045619],[-98.4188246,20.1046514],[-98.4188491,20.1047735],[-98.4188337,20.1048465],[-98.4184983,20.1051175],[-98.4184597,20.1051487],[-98.4186643,20.1054164],[-98.4187747,20.1053358],[-98.4188153,20.1053062],[-98.4188379,20.1053858],[-98.4189242,20.1056903],[-98.4192474,20.1057094],[-98.4196517,20.1057333],[-98.4196436,20.1059499],[-98.4187526,20.1058797],[-98.4179372,20.1060866],[-98.4177559,20.1061279],[-98.4172542,20.1055014],[-98.4171356,20.1055857],[-98.4171269,20.1055753],[-98.4168946,20.105298],[-98.416449,20.1047608],[-98.4162144,20.104493]]]},"properties":{"locality":"EL CERRIL JALTEPEC","official_key":"1307700100024","CVE_ENT":"13","CVE_MUN":"077","CVE_LOC":"0010","CVE_ASEN":"0024","settlement_type":"COLONIA","source":"INEGI DCAH 2025"}},{"type":"Feature","geometry":{"type":"Polygon","coordinates":[[[-98.4117873,20.1149596],[-98.4116109,20.1149894],[-98.4112513,20.1150401],[-98.4111053,20.1150504],[-98.4110744,20.1146861],[-98.4110097,20.1139289],[-98.4115937,20.1136095],[-98.4117398,20.114622],[-98.4117873,20.1149596]]]},"properties":{"locality":"LOS ALMENDROS","official_key":"1307700100025","CVE_ENT":"13","CVE_MUN":"077","CVE_LOC":"0010","CVE_ASEN":"0025","settlement_type":"FRACCIONAMIENTO","source":"INEGI DCAH 2025"}},{"type":"Feature","geometry":{"type":"Polygon","coordinates":[[[-98.4085259,20.1156787],[-98.4080686,20.1150726],[-98.4082539,20.1151664],[-98.4084104,20.1152061],[-98.4086152,20.1152314],[-98.4088689,20.1152352],[-98.4089375,20.1152362],[-98.4094005,20.1152099],[-98.4097235,20.1151458],[-98.4111053,20.1150504],[-98.4112513,20.1150401],[-98.4115597,20.116371],[-98.4116604,20.1165746],[-98.4116851,20.1168059],[-98.4103771,20.1171555],[-98.408654,20.1176127],[-98.4084867,20.1171932],[-98.4089453,20.1170734],[-98.4090199,20.1170539],[-98.4089711,20.1167736],[-98.4091537,20.1167337],[-98.4085259,20.1156787]]]},"properties":{"locality":"SAN ANDRÉS","official_key":"1307700100026","CVE_ENT":"13","CVE_MUN":"077","CVE_LOC":"0010","CVE_ASEN":"0026","settlement_type":"PRIVADA","source":"INEGI DCAH 2025"}},{"type":"Feature","geometry":{"type":"Polygon","coordinates":[[[-98.4162355,20.1037479],[-98.4159673,20.1042143],[-98.4162144,20.104493],[-98.4154764,20.1050872],[-98.4141083,20.1053285],[-98.4141027,20.10531],[-98.4133597,20.1054779],[-98.4133704,20.1058084],[-98.4132747,20.1060544],[-98.4130584,20.106146],[-98.4123419,20.106298],[-98.4113181,20.1056072],[-98.4103816,20.1049831],[-98.409444,20.1043662],[-98.4092171,20.1042123],[-98.4108596,20.1035145],[-98.4132156,20.1025184],[-98.413596,20.1023576],[-98.4147287,20.1018902],[-98.4156737,20.1031896],[-98.4160107,20.1036491],[-98.4162355,20.1037479]]]},"properties":{"locality":"JALTEPEC TRES DE TRES","official_key":"1307700100027","CVE_ENT":"13","CVE_MUN":"077","CVE_LOC":"0010","CVE_ASEN":"0027","settlement_type":"EJIDO","source":"INEGI DCAH 2025"}},{"type":"Feature","geometry":{"type":"MultiPolygon","coordinates":[[[[-98.4852966,20.0682525],[-98.4855901,20.0679041],[-98.4857626,20.0677479],[-98.4858694,20.0677142],[-98.4860174,20.0676037],[-98.4864046,20.0673405],[-98.4871653,20.0667819],[-98.4873938,20.0666213],[-98.4875724,20.0665273],[-98.4892152,20.0657136],[-98.4893369,20.0656272],[-98.4898747,20.0652053],[-98.4900422,20.065115],[-98.4901974,20.0650218],[-98.490426,20.0648499],[-98.4906094,20.0646206],[-98.4929532,20.0646818],[-98.4944242,20.0647313],[-98.4943785,20.0648993],[-98.494326,20.0650718],[-98.4942679,20.0652294],[-98.4942122,20.0653518],[-98.4941557,20.0654497],[-98.494077,20.0655953],[-98.4940415,20.0657137],[-98.4940069,20.065823],[-98.4938908,20.0660178],[-98.4938185,20.0661509],[-98.4937479,20.0662646],[-98.4931408,20.0666099],[-98.491201,20.067719],[-98.4904065,20.0679548],[-98.4900695,20.0684634],[-98.4887922,20.0682817],[-98.4881354,20.0685512],[-98.4875304,20.0686592],[-98.4873479,20.068671],[-98.4870375,20.0687466],[-98.4868861,20.0688684],[-98.4867577,20.0689398],[-98.4865549,20.06898],[-98.4864205,20.0689915],[-98.4861633,20.0690538],[-98.4859903,20.0691154],[-98.4858089,20.0691727],[-98.4855948,20.0692508],[-98.4855801,20.0692453],[-98.4854673,20.0692136],[-98.4852363,20.069161],[-98.4846343,20.0688757],[-98.4849726,20.068609],[-98.4851213,20.068476],[-98.4852966,20.0682525]]],[[[-98.477926,20.0714592],[-98.4778779,20.0713279],[-98.4776288,20.0713711],[-98.4775467,20.071404],[-98.4774555,20.0714281],[-98.4772846,20.0714287],[-98.4771507,20.0713993],[-98.4770344,20.0713693],[-98.4768074,20.0712968],[-98.4766875,20.0712659],[-98.4765298,20.0712292],[-98.476452,20.0711808],[-98.4763685,20.071114],[-98.4762483,20.0710109],[-98.4760683,20.0708692],[-98.4759964,20.070813],[-98.4751086,20.0701864],[-98.4750033,20.0701121],[-98.4747691,20.0699634],[-98.4750509,20.0691573],[-98.4753987,20.0680499],[-98.473059,20.0673457],[-98.4731409,20.0670177],[-98.4725338,20.0662637],[-98.4726221,20.0662452],[-98.4726335,20.0662414],[-98.4726889,20.0662109],[-98.4727499,20.0661842],[-98.472809,20.0661842],[-98.4728701,20.0661842],[-98.4729311,20.0661994],[-98.4729921,20.0662185],[-98.4730169,20.0662757],[-98.4730589,20.0663177],[-98.4731123,20.0663558],[-98.4731676,20.0663787],[-98.4732286,20.0663902],[-98.4732935,20.0663902],[-98.4733545,20.0663902],[-98.4734194,20.0663863],[-98.4734785,20.0663749],[-98.4735376,20.0663367],[-98.473591,20.0662986],[-98.4736196,20.0662566],[-98.4736444,20.0661956],[-98.4736673,20.0661269],[-98.4737036,20.0660773],[-98.4737512,20.0660278],[-98.4737932,20.0659896],[-98.4738218,20.0659362],[-98.473881,20.0658256],[-98.4738943,20.0658027],[-98.4739229,20.0657416],[-98.4739515,20.0656882],[-98.4739744,20.065631],[-98.4740106,20.0655776],[-98.4740221,20.0655204],[-98.4740564,20.0654746],[-98.4740869,20.0654174],[-98.4741403,20.0653754],[-98.4741918,20.0653373],[-98.4743387,20.0652877],[-98.4743444,20.0652305],[-98.4743864,20.0651809],[-98.4744512,20.0651618],[-98.4745104,20.0651389],[-98.4745504,20.0650893],[-98.4745676,20.0650359],[-98.4745752,20.0649863],[-98.474621,20.0649368],[-98.4746744,20.0648986],[-98.4747221,20.0648719],[-98.4747679,20.0648376],[-98.4748156,20.0647994],[-98.4748556,20.0647536],[-98.4749205,20.0646964],[-98.4750006,20.0646163],[-98.4750107,20.0645653],[-98.475033,20.0645286],[-98.475054,20.0644981],[-98.4750574,20.0644411],[-98.4750673,20.0643989],[-98.4751207,20.0643493],[-98.4752027,20.0642081],[-98.4752447,20.0641128],[-98.4752809,20.0640136],[-98.4753401,20.0638343],[-98.4753477,20.0637466],[-98.4753687,20.0636817],[-98.4754011,20.0636588],[-98.4754451,20.0636447],[-98.4754412,20.0634757],[-98.4743254,20.0620414],[-98.4744069,20.061977],[-98.4746072,20.062086],[-98.4746316,20.0620948],[-98.4748599,20.0621722],[-98.4752063,20.0622304],[-98.4753249,20.0622308],[-98.4755701,20.0622192],[-98.4757717,20.0621839],[-98.4760743,20.0620935],[-98.4765298,20.0618192],[-98.4769525,20.0623513],[-98.4770139,20.0624778],[-98.477054,20.0626272],[-98.4770595,20.0627151],[-98.4770366,20.0635318],[-98.4770067,20.0644835],[-98.4790298,20.0644901],[-98.4807252,20.0644957],[-98.4808483,20.0644961],[-98.4818489,20.0644988],[-98.4819703,20.0644981],[-98.4819841,20.0645246],[-98.4820358,20.0645255],[-98.4820867,20.0645255],[-98.4821398,20.0645882],[-98.4821294,20.0645909],[-98.4820877,20.0646017],[-98.4820159,20.0647007],[-98.4820367,20.0650295],[-98.4820761,20.0650689],[-98.4821147,20.0651562],[-98.4821409,20.0654028],[-98.4821886,20.0657466],[-98.4822054,20.0658708],[-98.4822332,20.0660778],[-98.4825074,20.0660824],[-98.4825433,20.0663403],[-98.4828394,20.0667517],[-98.4828638,20.066811],[-98.4829781,20.067167],[-98.482982,20.06729],[-98.4833797,20.0683518],[-98.4825255,20.0679982],[-98.4824652,20.0679695],[-98.4824344,20.0680339],[-98.4822215,20.0682777],[-98.4821551,20.0683663],[-98.4821022,20.068408],[-98.4820536,20.0684235],[-98.4820071,20.0684634],[-98.4819619,20.0685027],[-98.4814944,20.0689813],[-98.4809894,20.0695107],[-98.4803355,20.0702015],[-98.4793567,20.0711746],[-98.4787215,20.0718974],[-98.4786423,20.0719572],[-98.4785739,20.0719894],[-98.478516,20.0720537],[-98.4783254,20.0722963],[-98.4782639,20.0723809],[-98.4782353,20.0723066],[-98.4781792,20.0721989],[-98.4780406,20.0720179],[-98.4779527,20.071887],[-98.4779289,20.0718425],[-98.4779262,20.0717971],[-98.477958,20.0717436],[-98.4779928,20.07166],[-98.4779619,20.0715627],[-98.477926,20.0714592]]]]},"properties":{"locality":"LA LAGUNILLA","official_key":"1307700120001","CVE_ENT":"13","CVE_MUN":"077","CVE_LOC":"0012","CVE_ASEN":"0001","settlement_type":"PUEBLO","source":"INEGI DCAH 2025"}},{"type":"Feature","geometry":{"type":"Polygon","coordinates":[[[-98.3966225,20.0876108],[-98.3966202,20.0875512],[-98.39652,20.0875008],[-98.3961021,20.0874736],[-98.3960525,20.0874283],[-98.396037,20.0873224],[-98.3960382,20.0866074],[-98.3960174,20.0862277],[-98.3960149,20.0859919],[-98.3960062,20.085193],[-98.3960024,20.0848946],[-98.3959663,20.0845266],[-98.3959703,20.0837535],[-98.3981452,20.0836647],[-98.3981237,20.0827282],[-98.3959448,20.0827434],[-98.3959017,20.0824854],[-98.3958902,20.0823739],[-98.3958362,20.0809755],[-98.3958193,20.0805371],[-98.398003,20.0804977],[-98.3979752,20.078455],[-98.3979692,20.0783031],[-98.3979779,20.077533],[-98.3989269,20.0774645],[-98.3990975,20.0774364],[-98.3992221,20.0774275],[-98.4000209,20.0773871],[-98.400764,20.0773452],[-98.4012985,20.0773174],[-98.4012492,20.0776596],[-98.4012319,20.077912],[-98.4010023,20.0781909],[-98.4007994,20.0784874],[-98.4008811,20.0784903],[-98.4010371,20.0784772],[-98.4011934,20.0797741],[-98.4015643,20.0798317],[-98.4013727,20.0783949],[-98.4017507,20.0783601],[-98.4021294,20.078322],[-98.4025556,20.0782729],[-98.4027619,20.0798335],[-98.4024772,20.0803499],[-98.4024233,20.0804951],[-98.4021451,20.0804442],[-98.4014439,20.0800232],[-98.4012704,20.0799941],[-98.4010387,20.0799745],[-98.4003275,20.0800454],[-98.4001489,20.0804637],[-98.4007247,20.0806628],[-98.4008625,20.0807699],[-98.4009904,20.0809217],[-98.4017083,20.0809928],[-98.402044,20.0809067],[-98.402297,20.0809056],[-98.4027105,20.0808926],[-98.402738,20.0808918],[-98.4030134,20.0809025],[-98.4031724,20.0809087],[-98.403571,20.080901],[-98.4037788,20.0809204],[-98.4039292,20.0809442],[-98.4049506,20.08081],[-98.4054518,20.0807586],[-98.4069262,20.0806106],[-98.4077743,20.0805227],[-98.4083638,20.0804662],[-98.4082954,20.0805765],[-98.4082891,20.080658],[-98.408265,20.0808014],[-98.4082515,20.080856],[-98.4082213,20.0809924],[-98.4081899,20.0811153],[-98.4081468,20.0812836],[-98.4080872,20.0815494],[-98.407998,20.0819995],[-98.4079956,20.0820113],[-98.407967,20.0821554],[-98.407904,20.0824629],[-98.407882,20.0825635],[-98.4078531,20.0826959],[-98.4077761,20.0830704],[-98.4077742,20.0830807],[-98.4077163,20.0833952],[-98.4077037,20.0834565],[-98.4076958,20.0834946],[-98.4076394,20.0837254],[-98.4075489,20.0840602],[-98.4074458,20.0844418],[-98.4073347,20.0848528],[-98.4073299,20.0848727],[-98.4072937,20.0850237],[-98.4070871,20.0858844],[-98.407081,20.08591],[-98.4070173,20.0861878],[-98.4069987,20.0862881],[-98.4069753,20.0864141],[-98.4069996,20.0865796],[-98.4070644,20.0868494],[-98.4071683,20.0872816],[-98.4071881,20.0873638],[-98.4072676,20.0876352],[-98.407298,20.0877933],[-98.4072774,20.0879256],[-98.4071502,20.0879108],[-98.4068011,20.0878936],[-98.4067777,20.0878924],[-98.4065218,20.0878864],[-98.4061506,20.0878743],[-98.4058338,20.0878566],[-98.4053046,20.0878359],[-98.4050832,20.0878274],[-98.4048075,20.0878167],[-98.4043273,20.087798],[-98.404072,20.087788],[-98.4039429,20.0877836],[-98.4037427,20.0877766],[-98.4035523,20.08777],[-98.4034093,20.0877628],[-98.4021704,20.0877008],[-98.4018537,20.0876948],[-98.4017764,20.0876933],[-98.4016558,20.0876905],[-98.4014562,20.0876858],[-98.4007008,20.0876788],[-98.3998466,20.0876708],[-98.3989238,20.0876622],[-98.3986604,20.0876597],[-98.3982077,20.0877239],[-98.3971429,20.0880326],[-98.3969975,20.0880789],[-98.3969298,20.0881005],[-98.3968669,20.0881278],[-98.3965104,20.0882825],[-98.3964828,20.0882231],[-98.3964878,20.0881258],[-98.396502,20.0880329],[-98.3966129,20.0876923],[-98.3966243,20.0876573],[-98.3966225,20.0876108]]]},"properties":{"locality":"SAN NICOLÁS EL GRANDE","official_key":"1307700170001","CVE_ENT":"13","CVE_MUN":"077","CVE_LOC":"0017","CVE_ASEN":"0001","settlement_type":"PUEBLO","source":"INEGI DCAH 2025"}},{"type":"Feature","geometry":{"type":"Polygon","coordinates":[[[-98.3039888,20.1819234],[-98.3039993,20.1818593],[-98.3040229,20.1816702],[-98.3041216,20.181515],[-98.3041518,20.181289],[-98.3041782,20.1810746],[-98.3043284,20.1797839],[-98.3044787,20.1784933],[-98.304462,20.1784594],[-98.3044753,20.1783432],[-98.3045842,20.1773958],[-98.3034042,20.1773329],[-98.3022113,20.1772681],[-98.3010471,20.1771665],[-98.29987,20.1770631],[-98.3000299,20.1758372],[-98.3001898,20.1746112],[-98.2988264,20.17435],[-98.2974439,20.1740834],[-98.2964519,20.1738639],[-98.2962324,20.1738153],[-98.2960322,20.1738145],[-98.2959689,20.1728044],[-98.2959057,20.1717943],[-98.2958425,20.1707842],[-98.2957793,20.1697741],[-98.2958326,20.1697781],[-98.2958944,20.1693332],[-98.296069,20.1680051],[-98.2960923,20.1678029],[-98.2962166,20.1667176],[-98.29631,20.1659296],[-98.2963937,20.1652955],[-98.2964127,20.1651701],[-98.2965381,20.1643426],[-98.2966825,20.1633897],[-98.2966951,20.1632256],[-98.2968079,20.162103],[-98.2968761,20.1615605],[-98.2970184,20.1606838],[-98.2970873,20.1603211],[-98.2972248,20.1603402],[-98.2976446,20.1603547],[-98.2988902,20.1604718],[-98.2994443,20.1604889],[-98.3003831,20.1604926],[-98.301184,20.1604967],[-98.3018214,20.1611348],[-98.3031567,20.1625883],[-98.3050682,20.1647272],[-98.3059284,20.1656943],[-98.3065149,20.1663521],[-98.3089273,20.1690413],[-98.3093804,20.1695597],[-98.3099782,20.1702264],[-98.3102389,20.1705288],[-98.3103156,20.1707146],[-98.310423,20.1710653],[-98.3104601,20.1720984],[-98.3104928,20.1742522],[-98.3105077,20.174443],[-98.3105072,20.1748665],[-98.3105084,20.1750658],[-98.3105213,20.1753721],[-98.3104992,20.1762741],[-98.3105362,20.177035],[-98.3105596,20.1776013],[-98.310552,20.1780894],[-98.3105501,20.1789078],[-98.3106013,20.1807884],[-98.3106361,20.1815999],[-98.3107725,20.1825839],[-98.3107345,20.1825929],[-98.310611,20.1826143],[-98.3096365,20.1824277],[-98.3091447,20.1823335],[-98.308662,20.182241],[-98.3085835,20.1825092],[-98.3080473,20.1823971],[-98.3070362,20.1821932],[-98.306044,20.1819728],[-98.305771,20.182721],[-98.3057057,20.1826914],[-98.3040889,20.1819578],[-98.3040494,20.1819399],[-98.3039888,20.1819234]]]},"properties":{"locality":"ATLALPAN","official_key":"1307700180001","CVE_ENT":"13","CVE_MUN":"077","CVE_LOC":"0018","CVE_ASEN":"0001","settlement_type":"BARRIO","source":"INEGI DCAH 2025"}},{"type":"Feature","geometry":{"type":"Polygon","coordinates":[[[-98.3018214,20.1611348],[-98.3018547,20.1609885],[-98.3018851,20.1607463],[-98.3020061,20.1596989],[-98.3021271,20.1586516],[-98.3022116,20.1577023],[-98.3022529,20.1575799],[-98.3029417,20.1579774],[-98.3030699,20.1582067],[-98.3032631,20.1583904],[-98.303343,20.158589],[-98.3034231,20.1587418],[-98.3041975,20.159065],[-98.3044459,20.1591581],[-98.3045714,20.1594133],[-98.3046674,20.1595256],[-98.3048251,20.159557],[-98.3049627,20.1595362],[-98.3049977,20.1597],[-98.3051582,20.1597867],[-98.3052933,20.1598151],[-98.3055685,20.1598276],[-98.3057572,20.159808],[-98.305858,20.1597694],[-98.3059068,20.1596915],[-98.3059399,20.1595321],[-98.3061192,20.1596058],[-98.3063634,20.1600033],[-98.3067438,20.1605685],[-98.3068997,20.1607491],[-98.3071977,20.1609214],[-98.3075731,20.1609569],[-98.3076606,20.1608939],[-98.3076248,20.1606401],[-98.3076157,20.1604309],[-98.3079474,20.1605495],[-98.3084201,20.1608509],[-98.3090446,20.1612661],[-98.309175,20.1613584],[-98.3092366,20.1614019],[-98.3092368,20.1614743],[-98.3092409,20.1618254],[-98.3092414,20.1619636],[-98.3092423,20.1621953],[-98.3091685,20.1631813],[-98.3091653,20.1632213],[-98.3091376,20.1640776],[-98.3091683,20.1642669],[-98.3092884,20.1646681],[-98.3093271,20.1647981],[-98.3093296,20.1651209],[-98.3093259,20.1653577],[-98.3093127,20.1654097],[-98.3092995,20.1654616],[-98.309132,20.1655297],[-98.3088898,20.1654992],[-98.307871,20.1653991],[-98.307115,20.1653312],[-98.3069398,20.1654226],[-98.306738,20.1656092],[-98.3065844,20.1658301],[-98.3065586,20.1662322],[-98.3065149,20.1663521],[-98.3059284,20.1656943],[-98.3050682,20.1647272],[-98.3031567,20.1625883],[-98.3018214,20.1611348]]]},"properties":{"locality":"LA CIÉNEGA","official_key":"1307700180004","CVE_ENT":"13","CVE_MUN":"077","CVE_LOC":"0018","CVE_ASEN":"0004","settlement_type":"BARRIO","source":"INEGI DCAH 2025"}},{"type":"Feature","geometry":{"type":"Polygon","coordinates":[[[-98.3105077,20.174443],[-98.3104928,20.1742522],[-98.3104601,20.1720984],[-98.310423,20.1710653],[-98.3126254,20.1710726],[-98.313358,20.171103],[-98.3137072,20.1711022],[-98.3140507,20.1711319],[-98.314198,20.1711514],[-98.3146188,20.1712076],[-98.3153001,20.17133],[-98.3154882,20.1713561],[-98.3158214,20.1713715],[-98.316145,20.1713887],[-98.3162868,20.1713864],[-98.3166354,20.1714045],[-98.3167132,20.1714119],[-98.3171511,20.1715493],[-98.3173976,20.1716313],[-98.3182515,20.171852],[-98.3184757,20.1719189],[-98.3186302,20.1719438],[-98.3189465,20.1719624],[-98.3193694,20.1720265],[-98.3195607,20.1720516],[-98.3206137,20.1722056],[-98.3222542,20.172468],[-98.3226229,20.1725176],[-98.3242523,20.1727907],[-98.3264067,20.1731873],[-98.3269512,20.1732815],[-98.3274219,20.1733627],[-98.3285789,20.1735549],[-98.3286712,20.1735708],[-98.3287152,20.173577],[-98.3287064,20.1736029],[-98.3279166,20.1751995],[-98.3278646,20.1752854],[-98.3273856,20.1762339],[-98.3269706,20.1769825],[-98.3266797,20.1775032],[-98.32658,20.1778871],[-98.3264844,20.1782034],[-98.3264158,20.1783739],[-98.3261356,20.178251],[-98.3257493,20.1781855],[-98.3250445,20.1779386],[-98.3248833,20.1778587],[-98.3241353,20.1774664],[-98.3236767,20.1772666],[-98.323386,20.177175],[-98.3213408,20.1764347],[-98.3207802,20.1761988],[-98.3199552,20.1751266],[-98.3197757,20.1747686],[-98.3193993,20.1738852],[-98.3192321,20.173523],[-98.3191258,20.1734755],[-98.3190627,20.1734596],[-98.3181253,20.1736997],[-98.3177833,20.1737779],[-98.3168139,20.1739446],[-98.3166593,20.1740059],[-98.3154086,20.1739577],[-98.3152893,20.1739095],[-98.3150061,20.1738772],[-98.3147662,20.1738646],[-98.3142524,20.1738079],[-98.31406,20.1738584],[-98.3137673,20.1739729],[-98.3136211,20.1740093],[-98.3135441,20.1739989],[-98.3133854,20.1739616],[-98.3124897,20.1739712],[-98.3122778,20.1739702],[-98.3120859,20.1739862],[-98.3119957,20.1740033],[-98.3116895,20.1741004],[-98.3115227,20.1741238],[-98.3112328,20.1743265],[-98.3111255,20.1743924],[-98.3109969,20.1744495],[-98.3105077,20.174443]]]},"properties":{"locality":"LA LUZ","official_key":"1307700180005","CVE_ENT":"13","CVE_MUN":"077","CVE_LOC":"0018","CVE_ASEN":"0005","settlement_type":"BARRIO","source":"INEGI DCAH 2025"}},{"type":"Feature","geometry":{"type":"Polygon","coordinates":[[[-98.3166354,20.1714045],[-98.3162868,20.1713864],[-98.316145,20.1713887],[-98.3158214,20.1713715],[-98.3154882,20.1713561],[-98.3153001,20.17133],[-98.3146188,20.1712076],[-98.314198,20.1711514],[-98.3140507,20.1711319],[-98.3137072,20.1711022],[-98.313358,20.171103],[-98.3126254,20.1710726],[-98.310423,20.1710653],[-98.3103156,20.1707146],[-98.3102389,20.1705288],[-98.3099782,20.1702264],[-98.3093804,20.1695597],[-98.3089273,20.1690413],[-98.3065149,20.1663521],[-98.3065586,20.1662322],[-98.3065844,20.1658301],[-98.306738,20.1656092],[-98.3069398,20.1654226],[-98.307115,20.1653312],[-98.307871,20.1653991],[-98.3088898,20.1654992],[-98.309132,20.1655297],[-98.3092995,20.1654616],[-98.3095655,20.1654424],[-98.3097093,20.1654881],[-98.3101149,20.1651973],[-98.3103044,20.165094],[-98.3104777,20.1650848],[-98.3108893,20.1648444],[-98.3119758,20.1642314],[-98.3130535,20.1636224],[-98.3138184,20.1631774],[-98.3153684,20.1623115],[-98.3172642,20.1612577],[-98.3176895,20.1603326],[-98.3178173,20.1602524],[-98.3179134,20.1602469],[-98.3181499,20.1603197],[-98.3182764,20.1603345],[-98.3184583,20.1603328],[-98.3186041,20.1603713],[-98.3188635,20.1605843],[-98.3194556,20.1610188],[-98.3199561,20.1611602],[-98.3202679,20.1611721],[-98.3203701,20.1612092],[-98.3204485,20.1612885],[-98.3206629,20.161622],[-98.320883,20.1618839],[-98.3211114,20.1619494],[-98.3213361,20.1620668],[-98.3214745,20.1621958],[-98.3215346,20.1622397],[-98.3216105,20.1621575],[-98.3216405,20.16209],[-98.3216275,20.1619923],[-98.321607,20.1618725],[-98.3217678,20.1617961],[-98.3220707,20.1616819],[-98.3229637,20.1619066],[-98.3231727,20.1619752],[-98.3235093,20.1620504],[-98.3241891,20.1622036],[-98.3244116,20.162208],[-98.3246713,20.1622162],[-98.32499,20.1622496],[-98.3251597,20.1622416],[-98.3252511,20.1621606],[-98.325281,20.1620725],[-98.3252577,20.1619627],[-98.3252401,20.1618366],[-98.325321,20.161704],[-98.325486,20.1616206],[-98.325646,20.1615492],[-98.3258142,20.1615936],[-98.3259613,20.1616705],[-98.3261034,20.161686],[-98.3262369,20.1616484],[-98.3263708,20.1616035],[-98.3264815,20.1615609],[-98.3266118,20.1615374],[-98.3267047,20.1615793],[-98.326836,20.1616939],[-98.3269729,20.1618893],[-98.3272596,20.1621385],[-98.3276186,20.1623942],[-98.3278864,20.1625735],[-98.3280506,20.1626316],[-98.3282887,20.1627983],[-98.32943,20.1624895],[-98.3295439,20.1626937],[-98.3296481,20.163004],[-98.3295586,20.1631477],[-98.32907,20.1632784],[-98.3274863,20.1637257],[-98.32638,20.1640324],[-98.3260892,20.1642474],[-98.3259098,20.1643981],[-98.3259212,20.164472],[-98.3257246,20.1651814],[-98.3256461,20.1654931],[-98.3278132,20.1659958],[-98.3278629,20.1657706],[-98.3279199,20.165534],[-98.3281309,20.1655793],[-98.3291828,20.1658368],[-98.329063,20.1664152],[-98.3289143,20.1671071],[-98.330293,20.1672683],[-98.330342,20.1677104],[-98.3303419,20.1677375],[-98.3300353,20.1689971],[-98.3299475,20.169358],[-98.3297286,20.1702572],[-98.3294172,20.1716606],[-98.3291582,20.1728091],[-98.3290119,20.1733976],[-98.3289938,20.1734342],[-98.3287152,20.173577],[-98.3286712,20.1735708],[-98.3285789,20.1735549],[-98.3274219,20.1733627],[-98.3269512,20.1732815],[-98.3264067,20.1731873],[-98.3242523,20.1727907],[-98.3226229,20.1725176],[-98.3222542,20.172468],[-98.3206137,20.1722056],[-98.3195607,20.1720516],[-98.3193694,20.1720265],[-98.3189465,20.1719624],[-98.3186302,20.1719438],[-98.3184757,20.1719189],[-98.3182515,20.171852],[-98.3173976,20.1716313],[-98.3171511,20.1715493],[-98.3167132,20.1714119],[-98.3166354,20.1714045]]]},"properties":{"locality":"LA PALMA","official_key":"1307700180006","CVE_ENT":"13","CVE_MUN":"077","CVE_LOC":"0018","CVE_ASEN":"0006","settlement_type":"BARRIO","source":"INEGI DCAH 2025"}},{"type":"Feature","geometry":{"type":"Polygon","coordinates":[[[-98.3120524,20.1876311],[-98.3118165,20.1867243],[-98.3115596,20.1856634],[-98.3112566,20.1844745],[-98.3109536,20.1832856],[-98.3107725,20.1825839],[-98.3106361,20.1815999],[-98.3106013,20.1807884],[-98.3105501,20.1789078],[-98.310552,20.1780894],[-98.3105596,20.1776013],[-98.3105362,20.177035],[-98.3104992,20.1762741],[-98.3105213,20.1753721],[-98.3105084,20.1750658],[-98.3105072,20.1748665],[-98.3105077,20.174443],[-98.3109969,20.1744495],[-98.3111255,20.1743924],[-98.3112328,20.1743265],[-98.3115227,20.1741238],[-98.3116895,20.1741004],[-98.3119957,20.1740033],[-98.3120859,20.1739862],[-98.3122778,20.1739702],[-98.3124897,20.1739712],[-98.3133854,20.1739616],[-98.3135441,20.1739989],[-98.3136211,20.1740093],[-98.3137673,20.1739729],[-98.31406,20.1738584],[-98.3142524,20.1738079],[-98.3147662,20.1738646],[-98.3150061,20.1738772],[-98.3152893,20.1739095],[-98.3154086,20.1739577],[-98.3166593,20.1740059],[-98.3168139,20.1739446],[-98.3177833,20.1737779],[-98.3181253,20.1736997],[-98.3190627,20.1734596],[-98.3191258,20.1734755],[-98.3192321,20.173523],[-98.3193993,20.1738852],[-98.3197757,20.1747686],[-98.3199552,20.1751266],[-98.3207802,20.1761988],[-98.3213408,20.1764347],[-98.323386,20.177175],[-98.3236767,20.1772666],[-98.3241353,20.1774664],[-98.3248833,20.1778587],[-98.3250445,20.1779386],[-98.3257493,20.1781855],[-98.3261356,20.178251],[-98.3264158,20.1783739],[-98.326449,20.1785057],[-98.3265155,20.1787333],[-98.3265435,20.1789516],[-98.3265519,20.1792381],[-98.3265079,20.1793743],[-98.3262572,20.179762],[-98.3260005,20.1801142],[-98.3257585,20.1804785],[-98.3251987,20.1813518],[-98.324853,20.181905],[-98.3246436,20.1822172],[-98.3244934,20.1824301],[-98.3243127,20.1826678],[-98.3234796,20.1838646],[-98.3230486,20.1845291],[-98.322984,20.1846334],[-98.3229612,20.1847222],[-98.3229424,20.1847957],[-98.3228984,20.1848588],[-98.322649,20.185169],[-98.3222375,20.1857401],[-98.321987,20.1861033],[-98.3219376,20.1862084],[-98.3219142,20.1862582],[-98.3217578,20.1868278],[-98.3216292,20.1874315],[-98.321562,20.1878473],[-98.3215371,20.1880485],[-98.3215153,20.1881718],[-98.3214822,20.1884047],[-98.3198894,20.1880492],[-98.3187221,20.1877608],[-98.3178229,20.1880202],[-98.3167803,20.188284],[-98.3157378,20.1885477],[-98.3146952,20.1888114],[-98.3142626,20.1889181],[-98.3144363,20.1881791],[-98.314344,20.1881614],[-98.313794,20.1880543],[-98.3133548,20.1879649],[-98.3132001,20.1879341],[-98.3128788,20.1878512],[-98.3121523,20.1876595],[-98.3121143,20.1876487],[-98.3120524,20.1876311]]]},"properties":{"locality":"TECOCUILCO","official_key":"1307700180008","CVE_ENT":"13","CVE_MUN":"077","CVE_LOC":"0018","CVE_ASEN":"0008","settlement_type":"BARRIO","source":"INEGI DCAH 2025"}},{"type":"Feature","geometry":{"type":"Polygon","coordinates":[[[-98.3278132,20.1659958],[-98.3256461,20.1654931],[-98.3257246,20.1651814],[-98.3259212,20.164472],[-98.3259098,20.1643981],[-98.3260892,20.1642474],[-98.32638,20.1640324],[-98.3274863,20.1637257],[-98.32907,20.1632784],[-98.3295586,20.1631477],[-98.3297984,20.164433],[-98.330101,20.1660516],[-98.3302111,20.166656],[-98.330293,20.1672683],[-98.3289143,20.1671071],[-98.329063,20.1664152],[-98.3291828,20.1658368],[-98.3281309,20.1655793],[-98.3279199,20.165534],[-98.3278629,20.1657706],[-98.3278132,20.1659958]]]},"properties":{"locality":"LAGUNA DEL CERRITO","official_key":"1307700180009","CVE_ENT":"13","CVE_MUN":"077","CVE_LOC":"0018","CVE_ASEN":"0009","settlement_type":"PUEBLO","source":"INEGI DCAH 2025"}},{"type":"Feature","geometry":{"type":"Polygon","coordinates":[[[-98.270954,20.1638172],[-98.2705177,20.1625383],[-98.2704997,20.1624785],[-98.2702889,20.1618584],[-98.2701698,20.1615083],[-98.2698573,20.1606461],[-98.2698596,20.1605687],[-98.2695058,20.1595275],[-98.2692778,20.1588076],[-98.2692607,20.1587265],[-98.2690413,20.158087],[-98.2688564,20.157528],[-98.268733,20.1572371],[-98.2686361,20.1568584],[-98.2686303,20.1568434],[-98.2686281,20.1568378],[-98.2686173,20.1568096],[-98.268319,20.1558456],[-98.2683098,20.1558158],[-98.2683097,20.1558155],[-98.268238,20.1557263],[-98.2679638,20.1549125],[-98.2679378,20.1548411],[-98.2679136,20.1547505],[-98.2677546,20.1542978],[-98.2675354,20.1536447],[-98.2672493,20.1527393],[-98.2671334,20.1522754],[-98.2669848,20.1521308],[-98.2667993,20.1519356],[-98.2667392,20.151765],[-98.2666224,20.1512534],[-98.2664775,20.150835],[-98.266285,20.1504403],[-98.2661737,20.1501028],[-98.2660815,20.1498977],[-98.2659668,20.1496789],[-98.2658548,20.1494578],[-98.2656437,20.1490027],[-98.265355,20.1484261],[-98.265239,20.148213],[-98.2652161,20.1480469],[-98.2652352,20.1479992],[-98.2651787,20.1478139],[-98.2650428,20.1475282],[-98.2649006,20.1473246],[-98.2647597,20.1471487],[-98.264593,20.1466983],[-98.2644723,20.1462826],[-98.2644007,20.1461078],[-98.2642807,20.1458961],[-98.2642393,20.1457295],[-98.2641608,20.1454324],[-98.2642051,20.145328],[-98.2642766,20.1455221],[-98.2643661,20.1456962],[-98.2645068,20.1457881],[-98.2647731,20.1458781],[-98.2648802,20.1460229],[-98.2650526,20.1462215],[-98.2650686,20.1463323],[-98.2651008,20.1465023],[-98.2652024,20.1466215],[-98.2655473,20.1467556],[-98.2657109,20.146817],[-98.2659273,20.1467758],[-98.2660613,20.1467095],[-98.2661483,20.1466852],[-98.2663936,20.1466384],[-98.2666269,20.1466562],[-98.2667375,20.1466579],[-98.2668344,20.1467405],[-98.2669789,20.1468386],[-98.2670277,20.1469754],[-98.2670391,20.1470668],[-98.2669886,20.1472229],[-98.2670058,20.1474273],[-98.2670176,20.1475523],[-98.2671104,20.1478714],[-98.267295,20.1479959],[-98.2674943,20.1482336],[-98.2675927,20.1484448],[-98.2679761,20.1493781],[-98.2681711,20.1496757],[-98.2684601,20.1499779],[-98.2687235,20.1501932],[-98.2689596,20.1504797],[-98.2690027,20.1506418],[-98.2690816,20.1509387],[-98.2691265,20.1515768],[-98.2691919,20.1518523],[-98.2692757,20.1520228],[-98.2693541,20.1522191],[-98.2699599,20.1525912],[-98.2701106,20.1526554],[-98.2704034,20.1529318],[-98.27044,20.1530954],[-98.2704702,20.1532733],[-98.2704563,20.1534443],[-98.2704457,20.153719],[-98.2706579,20.154041],[-98.2706328,20.1541786],[-98.2704919,20.1543681],[-98.2703562,20.1545347],[-98.2703381,20.1546911],[-98.2703372,20.1548913],[-98.2703741,20.1550995],[-98.2704683,20.1552242],[-98.2705604,20.1553197],[-98.2707786,20.155586],[-98.2708808,20.1560265],[-98.2709162,20.1561263],[-98.2709454,20.1562909],[-98.271026,20.1571744],[-98.2708685,20.1572256],[-98.2706676,20.1572372],[-98.2705995,20.1573579],[-98.2706281,20.1574547],[-98.2707563,20.1576107],[-98.2709873,20.1577671],[-98.2711534,20.1578492],[-98.2714511,20.1578979],[-98.2719387,20.1579876],[-98.2720283,20.1580733],[-98.2720821,20.1581934],[-98.272132,20.1583206],[-98.2721409,20.1584144],[-98.2721335,20.1585438],[-98.2720569,20.1587381],[-98.2721256,20.1588893],[-98.2721931,20.1590819],[-98.2720372,20.1595],[-98.2720445,20.1597751],[-98.2721655,20.1598361],[-98.2722302,20.1601813],[-98.2723268,20.1603613],[-98.2724177,20.1606359],[-98.2724748,20.1610618],[-98.2724691,20.1612666],[-98.272674,20.1613684],[-98.2728048,20.1614362],[-98.2728968,20.161623],[-98.2728801,20.1618873],[-98.272865,20.1621793],[-98.2728951,20.1623111],[-98.2729839,20.1624635],[-98.2730842,20.1627614],[-98.273101,20.1629085],[-98.2731577,20.162938],[-98.2734099,20.1630434],[-98.2735958,20.1629869],[-98.2738942,20.1632452],[-98.2740828,20.1632959],[-98.274408,20.1633698],[-98.2747534,20.1636303],[-98.2749767,20.1642897],[-98.2755539,20.1649038],[-98.2755558,20.1649129],[-98.2755896,20.1650711],[-98.2758497,20.1662897],[-98.2757805,20.1663805],[-98.2756226,20.1665875],[-98.2756022,20.1665943],[-98.2740442,20.1671149],[-98.2740239,20.1671217],[-98.2739867,20.1671352],[-98.2739095,20.167163],[-98.2734016,20.1673464],[-98.2726503,20.1676176],[-98.27254,20.1676574],[-98.2722295,20.1677695],[-98.2721838,20.1677859],[-98.2721843,20.1677694],[-98.2721848,20.1677487],[-98.2721857,20.1677186],[-98.2720524,20.166905],[-98.2718296,20.1661514],[-98.2717841,20.1660261],[-98.2714107,20.1651007],[-98.270954,20.1638172]]]},"properties":{"locality":"CENTRO","official_key":"1307700200001","CVE_ENT":"13","CVE_MUN":"077","CVE_LOC":"0020","CVE_ASEN":"0001","settlement_type":"BARRIO","source":"INEGI DCAH 2025"}},{"type":"Feature","geometry":{"type":"Polygon","coordinates":[[[-98.2609428,20.1457246],[-98.260048,20.1451068],[-98.2594417,20.1446334],[-98.2594221,20.1446181],[-98.2588952,20.1441432],[-98.2587472,20.1438464],[-98.2585261,20.1434029],[-98.2585245,20.1433997],[-98.2583761,20.1425622],[-98.2583688,20.1424035],[-98.2583578,20.142167],[-98.2584047,20.1418946],[-98.2584264,20.141294],[-98.2584362,20.1412554],[-98.2585391,20.140848],[-98.2585475,20.1407258],[-98.25857,20.1406496],[-98.25857,20.1405848],[-98.2586231,20.1403822],[-98.2587178,20.1403113],[-98.2588744,20.1402984],[-98.2589836,20.1402999],[-98.2591442,20.140329],[-98.2595497,20.1404382],[-98.2596134,20.1404528],[-98.2597489,20.1404575],[-98.2598233,20.1404133],[-98.2600189,20.1401777],[-98.2600561,20.1400994],[-98.2602843,20.1398415],[-98.2603567,20.1398145],[-98.2604559,20.1397003],[-98.2605714,20.139493],[-98.2605936,20.1393495],[-98.2605721,20.1392453],[-98.2600624,20.138821],[-98.2599223,20.1387628],[-98.2598069,20.138688],[-98.2597483,20.1386578],[-98.2594984,20.138545],[-98.2592009,20.1382757],[-98.2591562,20.1381263],[-98.2591792,20.1374616],[-98.2591924,20.1373248],[-98.2592048,20.1371959],[-98.2592741,20.1369514],[-98.2593448,20.1365807],[-98.2594488,20.1360357],[-98.2594855,20.1356643],[-98.2594932,20.1355871],[-98.2595734,20.1352194],[-98.2595787,20.1351951],[-98.2595816,20.1350556],[-98.2595833,20.134975],[-98.259731,20.1345767],[-98.2598752,20.1341876],[-98.2598967,20.1341298],[-98.2601436,20.133464],[-98.2601547,20.1334342],[-98.2604165,20.133452],[-98.260997,20.1335757],[-98.2612599,20.1337694],[-98.2616063,20.1341451],[-98.2616292,20.1344206],[-98.2620608,20.134964],[-98.2623617,20.1352752],[-98.2628975,20.1354712],[-98.2632283,20.1355209],[-98.2632586,20.1355038],[-98.2633358,20.1354655],[-98.2634178,20.1354411],[-98.2634507,20.1353339],[-98.2635116,20.1352442],[-98.2636152,20.1350836],[-98.2636745,20.1349603],[-98.2637114,20.1348172],[-98.2637091,20.134624],[-98.2637864,20.1344963],[-98.2639498,20.1343743],[-98.264261,20.1341444],[-98.2645078,20.1339489],[-98.2647528,20.1336334],[-98.2647949,20.1333969],[-98.2648415,20.1329973],[-98.264878,20.1324102],[-98.2648919,20.1323472],[-98.2648416,20.13219],[-98.2647199,20.1320418],[-98.2646865,20.1317072],[-98.2646665,20.1315834],[-98.2645948,20.1315144],[-98.2645566,20.1314691],[-98.2646013,20.1312326],[-98.2646239,20.1310556],[-98.2645705,20.1309199],[-98.2644793,20.1307725],[-98.2644809,20.1306226],[-98.2644793,20.1302662],[-98.2645297,20.1300589],[-98.2644287,20.1297502],[-98.2643917,20.1296653],[-98.2644288,20.1295652],[-98.2644537,20.1295418],[-98.2644232,20.1294019],[-98.2643314,20.1292772],[-98.2643199,20.1291882],[-98.2643354,20.1290842],[-98.2643119,20.1287872],[-98.2643561,20.1286119],[-98.2643697,20.1284407],[-98.2643733,20.1284036],[-98.2644357,20.1284785],[-98.2645061,20.1285628],[-98.2644538,20.1288015],[-98.2644819,20.1289786],[-98.2645651,20.129139],[-98.2645333,20.129281],[-98.2646407,20.129394],[-98.2649431,20.1294951],[-98.2651219,20.1297169],[-98.2652411,20.1300346],[-98.2652936,20.1301242],[-98.2652203,20.130349],[-98.2654496,20.1306394],[-98.2654842,20.1307298],[-98.2656126,20.1308139],[-98.2655544,20.1312806],[-98.2657708,20.1316122],[-98.2658313,20.131631],[-98.2675035,20.1309906],[-98.2676025,20.1311582],[-98.2677418,20.1311923],[-98.2679266,20.1311968],[-98.2682897,20.1311501],[-98.2688015,20.1308709],[-98.269575,20.1303888],[-98.2699091,20.1301398],[-98.2699725,20.1302018],[-98.2703205,20.130733],[-98.2702513,20.130776],[-98.270196,20.13079],[-98.270101,20.1308471],[-98.2700064,20.1309581],[-98.2698939,20.1312406],[-98.2697793,20.1315284],[-98.2696455,20.1317401],[-98.2696211,20.1318144],[-98.269298,20.1321059],[-98.2690387,20.1321476],[-98.268751,20.1322595],[-98.2684434,20.1323595],[-98.2682261,20.1325],[-98.2678884,20.1327336],[-98.2678601,20.1327793],[-98.267782,20.1329057],[-98.2676909,20.1331146],[-98.2676598,20.1332079],[-98.267675,20.1332467],[-98.2678867,20.1333114],[-98.2682522,20.1337658],[-98.2683131,20.1342107],[-98.2683099,20.1344756],[-98.2684662,20.1347789],[-98.2685211,20.1348494],[-98.2685188,20.1350007],[-98.2685157,20.1351948],[-98.268266,20.1354785],[-98.2682591,20.135582],[-98.2682705,20.135684],[-98.2682679,20.135924],[-98.2682183,20.1359516],[-98.2680202,20.1360618],[-98.2678624,20.1361098],[-98.2677087,20.1362289],[-98.2676781,20.1363068],[-98.2676303,20.1366378],[-98.267631,20.1367607],[-98.2676818,20.1369078],[-98.2676209,20.1373498],[-98.267603,20.1376315],[-98.2676344,20.1377456],[-98.2677999,20.1379339],[-98.2678387,20.138075],[-98.2679408,20.1382081],[-98.2679921,20.1382631],[-98.2680508,20.1382927],[-98.2680565,20.1383153],[-98.2680796,20.1384073],[-98.2680909,20.1386591],[-98.2680738,20.1392806],[-98.2681148,20.139416],[-98.2681896,20.1395772],[-98.2682143,20.1396393],[-98.2684581,20.1395723],[-98.2685064,20.1395888],[-98.2685423,20.1396896],[-98.2685464,20.1399265],[-98.2685525,20.1402772],[-98.2685304,20.1407086],[-98.2686946,20.1416111],[-98.2690394,20.1416388],[-98.2696082,20.1416528],[-98.2697132,20.1416765],[-98.269916,20.14162],[-98.2704023,20.1396105],[-98.2704107,20.1394552],[-98.2704637,20.1392261],[-98.2707909,20.1390825],[-98.2710034,20.1391875],[-98.2712283,20.1395098],[-98.2714175,20.1406126],[-98.2714204,20.1408027],[-98.2714666,20.1414143],[-98.2715048,20.1417332],[-98.2715162,20.1418283],[-98.2716065,20.1419438],[-98.2716967,20.1419901],[-98.2718884,20.142039],[-98.2718954,20.1420437],[-98.2720342,20.1421366],[-98.2720942,20.1422456],[-98.2722346,20.1423143],[-98.2722836,20.1425248],[-98.2722598,20.1426528],[-98.2723882,20.1427865],[-98.2723881,20.143086],[-98.272354,20.1432752],[-98.272359,20.1433867],[-98.272387,20.1434195],[-98.2724468,20.1435194],[-98.2725213,20.1435569],[-98.2726186,20.1436537],[-98.2726343,20.1437752],[-98.2725767,20.1438386],[-98.2726651,20.144153],[-98.2727091,20.1441982],[-98.272752,20.1442077],[-98.2728063,20.1442642],[-98.2729556,20.1443728],[-98.2730502,20.1444502],[-98.2731098,20.1444552],[-98.2733954,20.1444977],[-98.2736458,20.1446004],[-98.2737422,20.1446975],[-98.2738231,20.1447232],[-98.2737853,20.1447895],[-98.2737426,20.1449018],[-98.2737414,20.1449727],[-98.2735932,20.1449263],[-98.2734093,20.1448687],[-98.2730117,20.1447308],[-98.2722925,20.1444813],[-98.2721266,20.144421],[-98.2716038,20.1442308],[-98.2712001,20.1440839],[-98.2709949,20.1440102],[-98.269863,20.1436038],[-98.2697565,20.1435656],[-98.2689064,20.1432535],[-98.2688215,20.1432224],[-98.2679009,20.1428951],[-98.2676864,20.1428213],[-98.2673061,20.1426896],[-98.266558,20.1424297],[-98.2664898,20.142406],[-98.2663784,20.1423661],[-98.2662552,20.1423219],[-98.2654486,20.142033],[-98.2652166,20.1419564],[-98.2652211,20.1420511],[-98.2654137,20.1423303],[-98.2654354,20.1423592],[-98.2654601,20.1423922],[-98.2655378,20.14246],[-98.2656661,20.1425639],[-98.2657652,20.1426836],[-98.2658118,20.1427625],[-98.2658224,20.1428218],[-98.265806,20.1428632],[-98.2656464,20.1431213],[-98.265605,20.1432412],[-98.2655797,20.1433299],[-98.2655945,20.1434064],[-98.265672,20.1436284],[-98.2657326,20.1437873],[-98.2657593,20.1438599],[-98.2658153,20.1439851],[-98.2659271,20.1442456],[-98.2659727,20.144359],[-98.2659552,20.1444181],[-98.2660445,20.1446517],[-98.2661578,20.1449626],[-98.2662422,20.1452923],[-98.266303,20.1454354],[-98.2662902,20.1455266],[-98.2663797,20.1460617],[-98.2664106,20.1461968],[-98.2664721,20.146325],[-98.2665971,20.1465105],[-98.2666711,20.1465883],[-98.2667375,20.1466579],[-98.2666269,20.1466562],[-98.2663936,20.1466384],[-98.2661483,20.1466852],[-98.2660613,20.1467095],[-98.2659273,20.1467758],[-98.2657109,20.146817],[-98.2655473,20.1467556],[-98.2652024,20.1466215],[-98.2651008,20.1465023],[-98.2650686,20.1463323],[-98.2650526,20.1462215],[-98.2648802,20.1460229],[-98.2647731,20.1458781],[-98.2645068,20.1457881],[-98.2643661,20.1456962],[-98.2642766,20.1455221],[-98.2642051,20.145328],[-98.2641608,20.1454324],[-98.2642393,20.1457295],[-98.2642807,20.1458961],[-98.2644007,20.1461078],[-98.2644723,20.1462826],[-98.264593,20.1466983],[-98.2647597,20.1471487],[-98.2649006,20.1473246],[-98.2650428,20.1475282],[-98.2651787,20.1478139],[-98.2652352,20.1479992],[-98.2652161,20.1480469],[-98.265239,20.148213],[-98.265355,20.1484261],[-98.2656437,20.1490027],[-98.2658548,20.1494578],[-98.2659668,20.1496789],[-98.2660815,20.1498977],[-98.2661737,20.1501028],[-98.266285,20.1504403],[-98.2664775,20.150835],[-98.2666224,20.1512534],[-98.2667392,20.151765],[-98.2667993,20.1519356],[-98.2669848,20.1521308],[-98.2671334,20.1522754],[-98.2672493,20.1527393],[-98.2675354,20.1536447],[-98.2677546,20.1542978],[-98.2679136,20.1547505],[-98.2679378,20.1548411],[-98.2679638,20.1549125],[-98.268238,20.1557263],[-98.2683097,20.1558155],[-98.2682737,20.1558206],[-98.2677083,20.1559007],[-98.2676009,20.1559159],[-98.2673644,20.1559517],[-98.2672769,20.155946],[-98.2672027,20.1559319],[-98.2671371,20.1559147],[-98.2667297,20.155808],[-98.2665509,20.1557612],[-98.2663028,20.1556962],[-98.266168,20.1556117],[-98.2661335,20.1555525],[-98.2659501,20.155218],[-98.2659476,20.1552133],[-98.2659298,20.1551809],[-98.2656271,20.1546292],[-98.2656746,20.1543352],[-98.2657372,20.1535425],[-98.2657786,20.1534199],[-98.2658063,20.153291],[-98.2659267,20.15312],[-98.2659398,20.1530037],[-98.2658136,20.152867],[-98.2657237,20.1527727],[-98.2656509,20.1526497],[-98.2655195,20.1524821],[-98.2653305,20.152289],[-98.2651199,20.1521375],[-98.2649387,20.1519089],[-98.2647348,20.1516517],[-98.2645784,20.1514544],[-98.2642517,20.1510423],[-98.2637236,20.1503317],[-98.2632363,20.1496758],[-98.2628965,20.1492363],[-98.2628732,20.1492061],[-98.2628399,20.1489322],[-98.2627634,20.1483016],[-98.2627438,20.1481399],[-98.2623925,20.1476105],[-98.2622894,20.1474725],[-98.2619405,20.147005],[-98.261846,20.1468783],[-98.2614869,20.1463104],[-98.2614205,20.1462389],[-98.2611212,20.1459167],[-98.2609428,20.1457246]]]},"properties":{"locality":"CUAUHTÉMOC","official_key":"1307700200002","CVE_ENT":"13","CVE_MUN":"077","CVE_LOC":"0020","CVE_ASEN":"0002","settlement_type":"BARRIO","source":"INEGI DCAH 2025"}},{"type":"Feature","geometry":{"type":"Polygon","coordinates":[[[-98.2768843,20.1627577],[-98.2767246,20.1627267],[-98.2762379,20.1626457],[-98.2762332,20.1625896],[-98.2761785,20.1623395],[-98.275918,20.1614793],[-98.2758046,20.161098],[-98.2757074,20.1607792],[-98.2756959,20.1607402],[-98.275675,20.1607076],[-98.2755196,20.1601536],[-98.2753754,20.1596318],[-98.2753143,20.1594133],[-98.2750563,20.1589616],[-98.2750179,20.1588317],[-98.2752873,20.1587333],[-98.2760822,20.1584653],[-98.2771522,20.1581288],[-98.2780505,20.1578174],[-98.2782026,20.1577771],[-98.2781936,20.1577609],[-98.2781755,20.1576777],[-98.2780545,20.1574801],[-98.2780146,20.1574474],[-98.2779829,20.1573963],[-98.2777085,20.1569549],[-98.2777,20.1568535],[-98.2776768,20.1565788],[-98.2776513,20.1565303],[-98.2776475,20.1565231],[-98.2776184,20.1564672],[-98.2775913,20.1562749],[-98.2775888,20.1562573],[-98.2774748,20.1560977],[-98.2774253,20.1559073],[-98.2773996,20.1558084],[-98.2773403,20.1556713],[-98.2773766,20.155544],[-98.2773144,20.1553706],[-98.2772531,20.1551996],[-98.2772596,20.1550928],[-98.2772612,20.1550655],[-98.2771677,20.1548415],[-98.27714,20.154775],[-98.2771126,20.1546493],[-98.2770368,20.1543019],[-98.2770252,20.1542489],[-98.2770673,20.1541715],[-98.2770828,20.154002],[-98.2771252,20.1538496],[-98.2770584,20.1538057],[-98.2770541,20.1538029],[-98.2769837,20.1537358],[-98.2769481,20.1537214],[-98.2769433,20.153718],[-98.2770266,20.153659],[-98.2778004,20.1534088],[-98.2779697,20.1533524],[-98.2781289,20.153329],[-98.2781965,20.1533086],[-98.2783673,20.1532523],[-98.2786916,20.1531534],[-98.2790698,20.1530814],[-98.2794959,20.1529725],[-98.2796083,20.1529449],[-98.2798025,20.1528973],[-98.2803054,20.1527679],[-98.2804173,20.1527412],[-98.2806225,20.1526923],[-98.281201,20.1525338],[-98.2813059,20.1524737],[-98.2814107,20.1524753],[-98.2816941,20.1524343],[-98.2824879,20.1523019],[-98.2830791,20.1521954],[-98.283445,20.1521034],[-98.2835234,20.1521037],[-98.2836096,20.1521856],[-98.2836899,20.1522434],[-98.2837319,20.1522283],[-98.2838028,20.1521834],[-98.2841465,20.1520155],[-98.2844686,20.1517454],[-98.2845922,20.1516168],[-98.2847096,20.1514988],[-98.2848963,20.151341],[-98.2849778,20.1512449],[-98.2850075,20.1512193],[-98.285148,20.1511882],[-98.2851494,20.1511879],[-98.2852267,20.151197],[-98.2852644,20.1512428],[-98.285266,20.1512448],[-98.2852702,20.1513229],[-98.2851415,20.1515225],[-98.2851661,20.1515999],[-98.2852344,20.151658],[-98.2852476,20.1519163],[-98.2853942,20.1530105],[-98.2854813,20.153585],[-98.2854863,20.1536016],[-98.285553,20.1538273],[-98.2855872,20.1540882],[-98.2856469,20.15418],[-98.2855868,20.1542319],[-98.2855833,20.1543134],[-98.285586,20.154401],[-98.2856723,20.155046],[-98.285779,20.1558432],[-98.285807,20.1560623],[-98.2858505,20.156403],[-98.2859818,20.1572717],[-98.2860054,20.1574315],[-98.2860607,20.1578052],[-98.2861283,20.1582697],[-98.2861494,20.1584142],[-98.2861896,20.158735],[-98.2861996,20.1588152],[-98.2862987,20.159647],[-98.2863312,20.1598958],[-98.2862703,20.1599621],[-98.2860446,20.1600038],[-98.2858411,20.1600395],[-98.285777,20.1600586],[-98.2857192,20.1606788],[-98.2856858,20.1610553],[-98.2856012,20.1620084],[-98.2856012,20.1620086],[-98.2852017,20.1619848],[-98.2845594,20.1620536],[-98.2840454,20.1621159],[-98.2838522,20.1621169],[-98.2837742,20.1621386],[-98.2836997,20.1621919],[-98.2831244,20.1624139],[-98.2827015,20.1625774],[-98.2824401,20.162689],[-98.282391,20.1627262],[-98.2824073,20.1628744],[-98.2819946,20.1637608],[-98.2819798,20.1638565],[-98.281905,20.1640639],[-98.2817766,20.164151],[-98.2792412,20.1633421],[-98.278939,20.1632826],[-98.2788593,20.1632698],[-98.2781247,20.163066],[-98.2777699,20.1630099],[-98.2772056,20.1628492],[-98.2769097,20.1627649],[-98.2769021,20.1627628],[-98.2768843,20.1627577]]]},"properties":{"locality":"SAN ÁNGEL","official_key":"1307700200003","CVE_ENT":"13","CVE_MUN":"077","CVE_LOC":"0020","CVE_ASEN":"0003","settlement_type":"BARRIO","source":"INEGI DCAH 2025"}},{"type":"Feature","geometry":{"type":"Polygon","coordinates":[[[-98.2738942,20.1632452],[-98.2735958,20.1629869],[-98.2734099,20.1630434],[-98.2731577,20.162938],[-98.273101,20.1629085],[-98.2730842,20.1627614],[-98.2729839,20.1624635],[-98.2728951,20.1623111],[-98.272865,20.1621793],[-98.2728801,20.1618873],[-98.2728968,20.161623],[-98.2728048,20.1614362],[-98.272674,20.1613684],[-98.2724691,20.1612666],[-98.2724748,20.1610618],[-98.2724177,20.1606359],[-98.2723268,20.1603613],[-98.2722302,20.1601813],[-98.2721655,20.1598361],[-98.2720445,20.1597751],[-98.2720372,20.1595],[-98.2721931,20.1590819],[-98.2721256,20.1588893],[-98.2720569,20.1587381],[-98.2721335,20.1585438],[-98.2721409,20.1584144],[-98.272132,20.1583206],[-98.2720821,20.1581934],[-98.2720283,20.1580733],[-98.2719387,20.1579876],[-98.2714511,20.1578979],[-98.2711534,20.1578492],[-98.2709873,20.1577671],[-98.2707563,20.1576107],[-98.2706281,20.1574547],[-98.2705995,20.1573579],[-98.2706676,20.1572372],[-98.2708685,20.1572256],[-98.271026,20.1571744],[-98.2709454,20.1562909],[-98.2709162,20.1561263],[-98.2708808,20.1560265],[-98.2707786,20.155586],[-98.2705604,20.1553197],[-98.2704683,20.1552242],[-98.2703741,20.1550995],[-98.2703372,20.1548913],[-98.2703381,20.1546911],[-98.2703562,20.1545347],[-98.2704919,20.1543681],[-98.2706328,20.1541786],[-98.2706579,20.154041],[-98.2704457,20.153719],[-98.2704563,20.1534443],[-98.2704702,20.1532733],[-98.27044,20.1530954],[-98.2704034,20.1529318],[-98.2701106,20.1526554],[-98.2699599,20.1525912],[-98.2693541,20.1522191],[-98.2692757,20.1520228],[-98.2691919,20.1518523],[-98.2691265,20.1515768],[-98.2690816,20.1509387],[-98.2690027,20.1506418],[-98.2689596,20.1504797],[-98.2687235,20.1501932],[-98.2684601,20.1499779],[-98.2681711,20.1496757],[-98.2679761,20.1493781],[-98.2675927,20.1484448],[-98.2674943,20.1482336],[-98.267295,20.1479959],[-98.2671104,20.1478714],[-98.2670176,20.1475523],[-98.2670058,20.1474273],[-98.2669886,20.1472229],[-98.2670391,20.1470668],[-98.2670277,20.1469754],[-98.2669789,20.1468386],[-98.2668344,20.1467405],[-98.2667375,20.1466579],[-98.2666711,20.1465883],[-98.2665971,20.1465105],[-98.2664721,20.146325],[-98.2664106,20.1461968],[-98.2663797,20.1460617],[-98.2662902,20.1455266],[-98.266303,20.1454354],[-98.2662422,20.1452923],[-98.2661578,20.1449626],[-98.2660445,20.1446517],[-98.2659552,20.1444181],[-98.2659727,20.144359],[-98.2659271,20.1442456],[-98.2658153,20.1439851],[-98.2657593,20.1438599],[-98.2657326,20.1437873],[-98.265672,20.1436284],[-98.2655945,20.1434064],[-98.2655797,20.1433299],[-98.265605,20.1432412],[-98.2656464,20.1431213],[-98.265806,20.1428632],[-98.2658224,20.1428218],[-98.2658118,20.1427625],[-98.2657652,20.1426836],[-98.2656661,20.1425639],[-98.2655378,20.14246],[-98.2654601,20.1423922],[-98.2654354,20.1423592],[-98.2654137,20.1423303],[-98.2652211,20.1420511],[-98.2652166,20.1419564],[-98.2654486,20.142033],[-98.2662552,20.1423219],[-98.2663784,20.1423661],[-98.2664898,20.142406],[-98.266558,20.1424297],[-98.2673061,20.1426896],[-98.2676864,20.1428213],[-98.2679009,20.1428951],[-98.2688215,20.1432224],[-98.2689064,20.1432535],[-98.2697565,20.1435656],[-98.269863,20.1436038],[-98.2709949,20.1440102],[-98.2712001,20.1440839],[-98.2716038,20.1442308],[-98.2721266,20.144421],[-98.2722925,20.1444813],[-98.2730117,20.1447308],[-98.2734093,20.1448687],[-98.2735932,20.1449263],[-98.2737414,20.1449727],[-98.2744179,20.1451846],[-98.2760624,20.145631],[-98.2775307,20.1459641],[-98.2789539,20.1462174],[-98.2800524,20.1464107],[-98.2802658,20.1464221],[-98.2805894,20.1464704],[-98.2813846,20.1466508],[-98.281864,20.1467558],[-98.2821212,20.1468333],[-98.2824108,20.1468554],[-98.2824163,20.1470245],[-98.2825638,20.1470716],[-98.2825796,20.1471907],[-98.2825642,20.1472705],[-98.2826185,20.1475416],[-98.2826893,20.1476756],[-98.2827106,20.1478233],[-98.2824942,20.1479944],[-98.2825083,20.1480949],[-98.2826045,20.1481344],[-98.2826927,20.1481747],[-98.2828654,20.1482773],[-98.28295,20.1484054],[-98.2830756,20.1485848],[-98.2831468,20.1487979],[-98.2832497,20.1489296],[-98.2833271,20.1489817],[-98.2834897,20.1490729],[-98.283754,20.1493378],[-98.2839416,20.1495697],[-98.2840023,20.1497059],[-98.2840209,20.1498024],[-98.2840323,20.1499346],[-98.2842048,20.1502054],[-98.2842835,20.1504167],[-98.2843899,20.1505752],[-98.2845536,20.1508056],[-98.284737,20.1510201],[-98.2848661,20.1511292],[-98.2848912,20.1511504],[-98.285006,20.1512184],[-98.2850075,20.1512193],[-98.2849778,20.1512449],[-98.2848963,20.151341],[-98.2847096,20.1514988],[-98.2845922,20.1516168],[-98.2844686,20.1517454],[-98.2841465,20.1520155],[-98.2838028,20.1521834],[-98.2837319,20.1522283],[-98.2836899,20.1522434],[-98.2836096,20.1521856],[-98.2835234,20.1521037],[-98.283445,20.1521034],[-98.2830791,20.1521954],[-98.2824879,20.1523019],[-98.2816941,20.1524343],[-98.2814107,20.1524753],[-98.2813059,20.1524737],[-98.281201,20.1525338],[-98.2806225,20.1526923],[-98.2804173,20.1527412],[-98.2803054,20.1527679],[-98.2798025,20.1528973],[-98.2796083,20.1529449],[-98.2794959,20.1529725],[-98.2790698,20.1530814],[-98.2786916,20.1531534],[-98.2783673,20.1532523],[-98.2781965,20.1533086],[-98.2781289,20.153329],[-98.2779697,20.1533524],[-98.2778004,20.1534088],[-98.2770266,20.153659],[-98.2769433,20.153718],[-98.2769481,20.1537214],[-98.2769837,20.1537358],[-98.2770541,20.1538029],[-98.2770584,20.1538057],[-98.2771252,20.1538496],[-98.2770828,20.154002],[-98.2770673,20.1541715],[-98.2770252,20.1542489],[-98.2770368,20.1543019],[-98.2771126,20.1546493],[-98.27714,20.154775],[-98.2771677,20.1548415],[-98.2772612,20.1550655],[-98.2772596,20.1550928],[-98.2772531,20.1551996],[-98.2773144,20.1553706],[-98.2773766,20.155544],[-98.2773403,20.1556713],[-98.2773996,20.1558084],[-98.2774253,20.1559073],[-98.2774748,20.1560977],[-98.2775888,20.1562573],[-98.2775913,20.1562749],[-98.2776184,20.1564672],[-98.2776475,20.1565231],[-98.2776513,20.1565303],[-98.2776768,20.1565788],[-98.2777,20.1568535],[-98.2777085,20.1569549],[-98.2779829,20.1573963],[-98.2780146,20.1574474],[-98.2780545,20.1574801],[-98.2781755,20.1576777],[-98.2781936,20.1577609],[-98.2782026,20.1577771],[-98.2780505,20.1578174],[-98.2771522,20.1581288],[-98.2760822,20.1584653],[-98.2752873,20.1587333],[-98.2750179,20.1588317],[-98.2750563,20.1589616],[-98.2753143,20.1594133],[-98.2753754,20.1596318],[-98.2755196,20.1601536],[-98.275675,20.1607076],[-98.2756959,20.1607402],[-98.2757074,20.1607792],[-98.2758046,20.161098],[-98.275918,20.1614793],[-98.2761785,20.1623395],[-98.2762332,20.1625896],[-98.2762379,20.1626457],[-98.2767246,20.1627267],[-98.2768843,20.1627577],[-98.27688,20.1627752],[-98.2766257,20.1638099],[-98.2760951,20.165968],[-98.2759575,20.1661484],[-98.2759156,20.1662033],[-98.2758497,20.1662897],[-98.2755896,20.1650711],[-98.2755558,20.1649129],[-98.2755539,20.1649038],[-98.2749767,20.1642897],[-98.2747534,20.1636303],[-98.274408,20.1633698],[-98.2740828,20.1632959],[-98.2738942,20.1632452]]]},"properties":{"locality":"TEJANECAPA","official_key":"1307700200004","CVE_ENT":"13","CVE_MUN":"077","CVE_LOC":"0020","CVE_ASEN":"0004","settlement_type":"BARRIO","source":"INEGI DCAH 2025"}},{"type":"Feature","geometry":{"type":"Polygon","coordinates":[[[-98.2813846,20.1466508],[-98.2805894,20.1464704],[-98.2802658,20.1464221],[-98.2800524,20.1464107],[-98.2789539,20.1462174],[-98.2775307,20.1459641],[-98.2760624,20.145631],[-98.2744179,20.1451846],[-98.2737414,20.1449727],[-98.2737426,20.1449018],[-98.2737853,20.1447895],[-98.2738231,20.1447232],[-98.2738981,20.1446173],[-98.2738689,20.1444039],[-98.2738203,20.1443047],[-98.273815,20.144223],[-98.2738767,20.1441197],[-98.2742612,20.1437478],[-98.2744047,20.1436894],[-98.274591,20.1436806],[-98.2751122,20.1437041],[-98.2752642,20.1437671],[-98.2752843,20.1437755],[-98.2755426,20.1438058],[-98.2758083,20.1438927],[-98.2759098,20.143938],[-98.2759137,20.1439397],[-98.2759807,20.1438485],[-98.2760742,20.143855],[-98.2762989,20.1439616],[-98.2764664,20.1439594],[-98.276674,20.144064],[-98.2770454,20.1441342],[-98.2771037,20.1442597],[-98.2773181,20.1443378],[-98.277383,20.1443614],[-98.2777757,20.1444538],[-98.2782,20.1446033],[-98.2782527,20.1446118],[-98.2784622,20.1446455],[-98.2787039,20.1446719],[-98.278806,20.144683],[-98.2792219,20.1446437],[-98.2793503,20.1447627],[-98.2793329,20.1449098],[-98.2795348,20.1450399],[-98.2796192,20.1450943],[-98.2797524,20.1450385],[-98.2799882,20.1451475],[-98.2800216,20.1452305],[-98.2807584,20.1455846],[-98.2808806,20.1456434],[-98.2810173,20.1458587],[-98.2810183,20.1458602],[-98.281123,20.1458253],[-98.2811994,20.1457998],[-98.2812007,20.1457994],[-98.2813941,20.1458294],[-98.2815751,20.1459012],[-98.281617,20.146179],[-98.2818126,20.146207],[-98.2819742,20.1463373],[-98.2820533,20.1464657],[-98.2821588,20.146523],[-98.2822395,20.1464302],[-98.2823521,20.1464537],[-98.2823992,20.1464636],[-98.2824583,20.1465872],[-98.2824108,20.1468554],[-98.2821212,20.1468333],[-98.281864,20.1467558],[-98.2813846,20.1466508]]]},"properties":{"locality":"TEPALTZINGO","official_key":"1307700200005","CVE_ENT":"13","CVE_MUN":"077","CVE_LOC":"0020","CVE_ASEN":"0005","settlement_type":"PUEBLO","source":"INEGI DCAH 2025"}},{"type":"Feature","geometry":{"type":"MultiPolygon","coordinates":[[[[-98.3850201,20.1133548],[-98.385084,20.1132431],[-98.3850969,20.1132067],[-98.3862051,20.1132698],[-98.3863534,20.1132733],[-98.3870854,20.1133095],[-98.3880761,20.1133827],[-98.3880486,20.1134154],[-98.3879441,20.1135066],[-98.3878589,20.1135932],[-98.3878041,20.1135917],[-98.3862759,20.1135133],[-98.386203,20.1135039],[-98.3851618,20.1134503],[-98.3850201,20.1133548]]],[[[-98.3924009,20.1090802],[-98.3930352,20.108628],[-98.3930673,20.1086051],[-98.3936427,20.1082001],[-98.3946517,20.1074898],[-98.3947027,20.1074579],[-98.3949451,20.107306],[-98.3953181,20.1070725],[-98.3954655,20.1069716],[-98.3960576,20.1065813],[-98.3964261,20.1063416],[-98.3966483,20.106197],[-98.3970334,20.105899],[-98.397186,20.1057124],[-98.397772,20.1049955],[-98.3978468,20.1049041],[-98.3979572,20.1048616],[-98.398223,20.1047593],[-98.3984921,20.1046556],[-98.3996461,20.1041479],[-98.4003006,20.103779],[-98.4006673,20.1035722],[-98.4010312,20.1033577],[-98.401395,20.1035697],[-98.4018688,20.1038458],[-98.403241,20.1046453],[-98.4033432,20.1047048],[-98.4039618,20.1050597],[-98.4046589,20.1054596],[-98.4052287,20.1058023],[-98.4033999,20.1066318],[-98.4031092,20.1068199],[-98.4027683,20.1070667],[-98.4025917,20.1072051],[-98.4024211,20.1074483],[-98.4022738,20.1077167],[-98.4021682,20.1079974],[-98.4021139,20.1082178],[-98.4020553,20.1085738],[-98.4020178,20.1089777],[-98.4020215,20.1092177],[-98.4020695,20.1093996],[-98.4021313,20.1095982],[-98.4022083,20.1097582],[-98.4023546,20.1099611],[-98.4025801,20.1102118],[-98.4026301,20.1103174],[-98.402509,20.1102818],[-98.4024206,20.1102147],[-98.4020375,20.1100064],[-98.4017397,20.109884],[-98.4013731,20.1097826],[-98.4011364,20.1097207],[-98.4007142,20.1096037],[-98.4001428,20.1094429],[-98.3995352,20.1092864],[-98.3991911,20.1092235],[-98.3988312,20.109189],[-98.3985189,20.1091694],[-98.3982203,20.1091622],[-98.3979936,20.1091779],[-98.3977596,20.1091956],[-98.3974499,20.1092624],[-98.3972667,20.1092926],[-98.3970573,20.1093351],[-98.3968654,20.1093653],[-98.3950332,20.1101277],[-98.3908305,20.1118752],[-98.3903387,20.112133],[-98.3900656,20.1122703],[-98.3897787,20.1124622],[-98.3893168,20.1127704],[-98.3891733,20.1128728],[-98.388508,20.1134549],[-98.3882336,20.1137173],[-98.3880888,20.1133836],[-98.388471,20.1130404],[-98.3889016,20.1127052],[-98.389205,20.1124748],[-98.3893632,20.1123538],[-98.3898284,20.1120553],[-98.3901461,20.1118682],[-98.3901316,20.1117184],[-98.3904791,20.1106794],[-98.3905098,20.1105876],[-98.3905986,20.1103509],[-98.3908191,20.1101635],[-98.3918214,20.1094974],[-98.3919961,20.1093813],[-98.3920385,20.1093532],[-98.3924009,20.1090802]]]]},"properties":{"locality":"SANTA MARÍA EL CHICO","official_key":"1307700210001","CVE_ENT":"13","CVE_MUN":"077","CVE_LOC":"0021","CVE_ASEN":"0001","settlement_type":"EJIDO","source":"INEGI DCAH 2025"}},{"type":"Feature","geometry":{"type":"Polygon","coordinates":[[[-98.2852267,20.151197],[-98.2851494,20.1511879],[-98.285148,20.1511882],[-98.2850075,20.1512193],[-98.285006,20.1512184],[-98.2848912,20.1511504],[-98.2848661,20.1511292],[-98.284737,20.1510201],[-98.2845536,20.1508056],[-98.2843899,20.1505752],[-98.2842835,20.1504167],[-98.2842048,20.1502054],[-98.2840323,20.1499346],[-98.2840209,20.1498024],[-98.2840023,20.1497059],[-98.2839416,20.1495697],[-98.283754,20.1493378],[-98.2834897,20.1490729],[-98.2833271,20.1489817],[-98.2832497,20.1489296],[-98.2831468,20.1487979],[-98.2830756,20.1485848],[-98.28295,20.1484054],[-98.2828654,20.1482773],[-98.2826927,20.1481747],[-98.2826045,20.1481344],[-98.2825083,20.1480949],[-98.2824942,20.1479944],[-98.2827106,20.1478233],[-98.2826893,20.1476756],[-98.2826185,20.1475416],[-98.2825642,20.1472705],[-98.2825796,20.1471907],[-98.2825638,20.1470716],[-98.2824163,20.1470245],[-98.2824108,20.1468554],[-98.2824583,20.1465872],[-98.2823992,20.1464636],[-98.2823521,20.1464537],[-98.2822395,20.1464302],[-98.2821588,20.146523],[-98.2820533,20.1464657],[-98.2819742,20.1463373],[-98.2818126,20.146207],[-98.281617,20.146179],[-98.2815751,20.1459012],[-98.2813941,20.1458294],[-98.2812007,20.1457994],[-98.2811994,20.1457998],[-98.281123,20.1458253],[-98.2810183,20.1458602],[-98.2810173,20.1458587],[-98.2808806,20.1456434],[-98.2807584,20.1455846],[-98.2800216,20.1452305],[-98.2799882,20.1451475],[-98.2797524,20.1450385],[-98.2796192,20.1450943],[-98.2795348,20.1450399],[-98.2793329,20.1449098],[-98.2793503,20.1447627],[-98.2792219,20.1446437],[-98.278806,20.144683],[-98.2787039,20.1446719],[-98.2784622,20.1446455],[-98.2782527,20.1446118],[-98.2782,20.1446033],[-98.2777757,20.1444538],[-98.277383,20.1443614],[-98.2773181,20.1443378],[-98.2771037,20.1442597],[-98.2770454,20.1441342],[-98.276674,20.144064],[-98.2764664,20.1439594],[-98.2762989,20.1439616],[-98.2760742,20.143855],[-98.2759807,20.1438485],[-98.2759137,20.1439397],[-98.2759098,20.143938],[-98.2758083,20.1438927],[-98.2755426,20.1438058],[-98.2752843,20.1437755],[-98.2752642,20.1437671],[-98.2751122,20.1437041],[-98.274591,20.1436806],[-98.2744047,20.1436894],[-98.2742612,20.1437478],[-98.2738767,20.1441197],[-98.273815,20.144223],[-98.2738203,20.1443047],[-98.2738689,20.1444039],[-98.2738981,20.1446173],[-98.2738231,20.1447232],[-98.2737422,20.1446975],[-98.2736458,20.1446004],[-98.2733954,20.1444977],[-98.2731098,20.1444552],[-98.2730502,20.1444502],[-98.2729556,20.1443728],[-98.2728063,20.1442642],[-98.272752,20.1442077],[-98.2727091,20.1441982],[-98.2726651,20.144153],[-98.2725767,20.1438386],[-98.2726343,20.1437752],[-98.2726186,20.1436537],[-98.2725213,20.1435569],[-98.2724468,20.1435194],[-98.272387,20.1434195],[-98.272359,20.1433867],[-98.272354,20.1432752],[-98.2724647,20.143133],[-98.2726096,20.143141],[-98.2727706,20.1431868],[-98.2728313,20.1432146],[-98.2729377,20.1432476],[-98.2730124,20.1432552],[-98.2731036,20.143245],[-98.2731685,20.1432335],[-98.2732661,20.1431978],[-98.2733317,20.1431613],[-98.2732803,20.1424599],[-98.2732048,20.1418782],[-98.2731147,20.1419212],[-98.2719821,20.1414279],[-98.2717968,20.1417875],[-98.2714905,20.1415951],[-98.2717069,20.1409184],[-98.2719,20.1405492],[-98.2718466,20.1402109],[-98.2717566,20.139952],[-98.2724552,20.1397434],[-98.2721466,20.1392457],[-98.2730105,20.1391069],[-98.2731996,20.1387766],[-98.2738873,20.1382136],[-98.2750333,20.1382208],[-98.2752002,20.1381841],[-98.2755389,20.1380546],[-98.2756291,20.1381],[-98.2757492,20.1381677],[-98.2758682,20.1381382],[-98.2762473,20.1381898],[-98.2763143,20.1381945],[-98.2767589,20.1381781],[-98.2769898,20.1380974],[-98.2771898,20.1380444],[-98.2772103,20.1383544],[-98.2771525,20.1386245],[-98.2770609,20.1387972],[-98.2770703,20.1388899],[-98.2770741,20.1389606],[-98.2771191,20.1390622],[-98.2771226,20.1392248],[-98.2770035,20.1393295],[-98.2768909,20.1394351],[-98.2767673,20.1395114],[-98.2766288,20.1396466],[-98.276551,20.1397978],[-98.2765543,20.1399562],[-98.2764513,20.1400453],[-98.2765621,20.140112],[-98.2765655,20.1401141],[-98.2765795,20.1400975],[-98.2765948,20.1400841],[-98.2766506,20.140024],[-98.2767378,20.1398931],[-98.2768371,20.1397261],[-98.2769683,20.139623],[-98.2771201,20.1395057],[-98.2775589,20.1392383],[-98.2780979,20.1386606],[-98.2778005,20.1366399],[-98.2778317,20.1365585],[-98.277857,20.1364704],[-98.2778733,20.1363844],[-98.2779008,20.1363083],[-98.2779375,20.136266],[-98.2779973,20.136217],[-98.2780769,20.1361422],[-98.2783333,20.1359181],[-98.2787727,20.1355296],[-98.2790336,20.1353054],[-98.2790909,20.1352552],[-98.2793421,20.135087],[-98.2795475,20.1346785],[-98.2795846,20.1345786],[-98.2796809,20.134401],[-98.2797853,20.1341624],[-98.2798798,20.1339714],[-98.2799113,20.1339219],[-98.2799457,20.1338723],[-98.2800029,20.1338245],[-98.2800733,20.1337591],[-98.2802867,20.1335771],[-98.2804439,20.1334478],[-98.2806593,20.1332851],[-98.2809427,20.1330731],[-98.2812583,20.1328894],[-98.281676,20.1326681],[-98.2817357,20.132624],[-98.2818524,20.1325356],[-98.2820848,20.1323985],[-98.2821921,20.132334],[-98.2823771,20.1322569],[-98.2824165,20.1322543],[-98.2825704,20.1322496],[-98.2831385,20.1322396],[-98.2833102,20.1322342],[-98.2833722,20.1322565],[-98.2833867,20.1323164],[-98.2834818,20.1326007],[-98.2835632,20.1328788],[-98.2835876,20.1329573],[-98.2836176,20.1331128],[-98.2836363,20.1332188],[-98.2836313,20.1333087],[-98.2836147,20.1333747],[-98.2835036,20.1336103],[-98.283442,20.1337252],[-98.283341,20.1337971],[-98.2831941,20.1338715],[-98.2831259,20.133949],[-98.2830726,20.1339957],[-98.2829068,20.1341092],[-98.282865,20.1341502],[-98.2828217,20.1341823],[-98.2828102,20.1342306],[-98.28281,20.1342685],[-98.2828444,20.1343489],[-98.2829342,20.1345049],[-98.2830003,20.134606],[-98.2830835,20.1347543],[-98.2830881,20.1348624],[-98.2830568,20.134913],[-98.2829775,20.1349847],[-98.2827613,20.1351399],[-98.2825652,20.1353814],[-98.2825786,20.1359139],[-98.2826026,20.1365157],[-98.2826857,20.1375328],[-98.2830022,20.1379208],[-98.2844689,20.1364431],[-98.2857364,20.1372647],[-98.2859526,20.1372401],[-98.2865549,20.1366918],[-98.2880478,20.1362844],[-98.2885068,20.1363864],[-98.2889445,20.1366697],[-98.2894256,20.1382224],[-98.2892241,20.1384628],[-98.2884898,20.1394769],[-98.2886166,20.139689],[-98.2886255,20.1399011],[-98.2882494,20.1413527],[-98.2881765,20.142653],[-98.2895349,20.1432739],[-98.2901164,20.143524],[-98.288958,20.1453003],[-98.2886985,20.1456712],[-98.2883097,20.1459772],[-98.2866559,20.1464847],[-98.28474,20.1470381],[-98.2847422,20.1473074],[-98.2850866,20.1475327],[-98.2855168,20.1476573],[-98.286658,20.1478503],[-98.286826,20.1479868],[-98.2869511,20.1481838],[-98.2869653,20.1484367],[-98.2868311,20.1486861],[-98.2861717,20.1499708],[-98.2856909,20.1508061],[-98.2854645,20.1511376],[-98.285266,20.1512448],[-98.2852644,20.1512428],[-98.2852267,20.151197]]]},"properties":{"locality":"TEPALZINGO","official_key":"1307700220001","CVE_ENT":"13","CVE_MUN":"077","CVE_LOC":"0022","CVE_ASEN":"0001","settlement_type":"BARRIO","source":"INEGI DCAH 2025"}},{"type":"Feature","geometry":{"type":"Polygon","coordinates":[[[-98.3242541,20.1091722],[-98.3246365,20.1088505],[-98.3243235,20.108154],[-98.3250567,20.1073907],[-98.3249269,20.1070753],[-98.32476,20.1066679],[-98.325178,20.1065811],[-98.3251213,20.1063009],[-98.3246572,20.1055269],[-98.3243648,20.1050526],[-98.3243642,20.1048314],[-98.3249783,20.1048672],[-98.3250908,20.1048738],[-98.3255643,20.1049657],[-98.3265442,20.1050953],[-98.3266934,20.1051708],[-98.3269821,20.1055787],[-98.3270928,20.1054214],[-98.3278489,20.1063188],[-98.3277631,20.1064087],[-98.3281546,20.1067266],[-98.328447,20.1067206],[-98.3285639,20.106881],[-98.3285704,20.1072213],[-98.3284645,20.1072323],[-98.3285348,20.1076288],[-98.3288551,20.1076298],[-98.3287512,20.1083365],[-98.3286451,20.1084701],[-98.3267417,20.1087167],[-98.3262927,20.1097794],[-98.3265765,20.110417],[-98.3253786,20.1107539],[-98.3252351,20.1102885],[-98.3240518,20.1094926],[-98.3242541,20.1091722]]]},"properties":{"locality":"EL ABRA","official_key":"1307700240001","CVE_ENT":"13","CVE_MUN":"077","CVE_LOC":"0024","CVE_ASEN":"0001","settlement_type":"RANCHERÍA","source":"INEGI DCAH 2025"}},{"type":"Feature","geometry":{"type":"Polygon","coordinates":[[[-98.3988384,20.1015971],[-98.3964444,20.0998654],[-98.3979464,20.0986816],[-98.3971794,20.0981702],[-98.3980565,20.097572],[-98.3983616,20.0978305],[-98.3981333,20.0969824],[-98.3975288,20.0951384],[-98.3973944,20.0940813],[-98.3966459,20.0929809],[-98.3964701,20.0929773],[-98.3958887,20.0931166],[-98.3943743,20.0984734],[-98.3943739,20.098475],[-98.394302,20.0984936],[-98.3941955,20.0985212],[-98.3939021,20.0982885],[-98.3935797,20.0980328],[-98.3924682,20.0972025],[-98.3922111,20.0970103],[-98.390509,20.0957595],[-98.3884776,20.0942667],[-98.3882588,20.09411],[-98.3872474,20.0933855],[-98.3862265,20.0926292],[-98.3862275,20.092628],[-98.3862758,20.0925674],[-98.3863181,20.0924095],[-98.3863386,20.092236],[-98.3863386,20.0922346],[-98.3863361,20.0919849],[-98.3859723,20.0919373],[-98.3857902,20.0922802],[-98.3854047,20.0919905],[-98.3846371,20.0914251],[-98.3841485,20.0910815],[-98.3826887,20.0900396],[-98.3824861,20.0899465],[-98.3821904,20.0898914],[-98.3819938,20.0896199],[-98.3817299,20.0893901],[-98.3810532,20.0890318],[-98.3809262,20.0888866],[-98.3809249,20.0888851],[-98.3809244,20.0888846],[-98.3809252,20.0888834],[-98.3809249,20.0888831],[-98.3809245,20.0888826],[-98.3809264,20.0888798],[-98.3811171,20.088599],[-98.381163,20.0885314],[-98.381308,20.0881695],[-98.3815066,20.0875943],[-98.3816907,20.0872198],[-98.3817041,20.0869388],[-98.3817042,20.0869364],[-98.3817043,20.0869348],[-98.3817042,20.086934],[-98.381611,20.0857707],[-98.381802,20.0857614],[-98.3819484,20.0857385],[-98.3823426,20.0850545],[-98.382369,20.0850167],[-98.3836366,20.0830776],[-98.3836366,20.0830803],[-98.3838424,20.0845226],[-98.3861612,20.0844935],[-98.3861242,20.0839079],[-98.3882981,20.0838133],[-98.3881967,20.0832182],[-98.3917607,20.0829014],[-98.3917658,20.0829139],[-98.392002,20.0834905],[-98.3923867,20.0843246],[-98.3925945,20.0849313],[-98.3926679,20.0857249],[-98.3927192,20.0861633],[-98.3928836,20.086626],[-98.3929629,20.0867361],[-98.3931629,20.0871908],[-98.393569,20.0877534],[-98.3938751,20.0881039],[-98.394089,20.0882746],[-98.3944092,20.0885533],[-98.3947031,20.0888123],[-98.3947612,20.0888072],[-98.3955944,20.0886523],[-98.3956841,20.0886163],[-98.3965104,20.0882825],[-98.3968669,20.0881278],[-98.3969298,20.0881005],[-98.3969975,20.0880789],[-98.3971429,20.0880326],[-98.3982077,20.0877239],[-98.3986604,20.0876597],[-98.3989238,20.0876622],[-98.3998466,20.0876708],[-98.4007008,20.0876788],[-98.4014562,20.0876858],[-98.4016558,20.0876905],[-98.4017764,20.0876933],[-98.4018537,20.0876948],[-98.4021704,20.0877008],[-98.4034093,20.0877628],[-98.4035523,20.08777],[-98.4037427,20.0877766],[-98.4039429,20.0877836],[-98.404072,20.087788],[-98.4043273,20.087798],[-98.4048075,20.0878167],[-98.4050832,20.0878274],[-98.4053046,20.0878359],[-98.4058338,20.0878566],[-98.4061506,20.0878743],[-98.4065218,20.0878864],[-98.4067777,20.0878924],[-98.4068011,20.0878936],[-98.4071502,20.0879108],[-98.4072774,20.0879256],[-98.4073598,20.0879351],[-98.4076569,20.0879466],[-98.407668,20.0879469],[-98.4088162,20.087975],[-98.4090627,20.0879861],[-98.4092609,20.0879906],[-98.4096339,20.0880012],[-98.4096982,20.0880037],[-98.4120836,20.0880831],[-98.4127125,20.0880979],[-98.4132205,20.0881005],[-98.4134893,20.0880934],[-98.4134973,20.0880936],[-98.4137497,20.0881],[-98.4145848,20.0881212],[-98.4146802,20.0881237],[-98.4149193,20.0881293],[-98.4155922,20.0881531],[-98.41569,20.0881586],[-98.4158402,20.0881671],[-98.4158402,20.0881671],[-98.4162918,20.0881871],[-98.4164843,20.0881955],[-98.4167027,20.0882042],[-98.4169096,20.0882104],[-98.4170131,20.0882152],[-98.4172628,20.0882269],[-98.4174058,20.0882336],[-98.417898,20.0882539],[-98.4179518,20.0882561],[-98.4180476,20.0882586],[-98.418058,20.0882588],[-98.418369,20.0882669],[-98.4187574,20.0882821],[-98.4180066,20.0899051],[-98.4180945,20.0901131],[-98.4182361,20.0908652],[-98.4176749,20.0911834],[-98.4173624,20.0910128],[-98.4170238,20.0907461],[-98.4167794,20.0903306],[-98.416389,20.0902841],[-98.416065,20.090276],[-98.4156348,20.0905288],[-98.4154519,20.0915722],[-98.4154999,20.0918017],[-98.415363,20.0920272],[-98.4154018,20.0923818],[-98.4167301,20.0936977],[-98.4145931,20.0948121],[-98.4121959,20.0960339],[-98.4091969,20.0975621],[-98.408791,20.0977153],[-98.4074463,20.0986211],[-98.406151,20.099531],[-98.4051148,20.100347],[-98.4051597,20.1001574],[-98.4053654,20.0996453],[-98.4054371,20.0991886],[-98.4059101,20.0990408],[-98.4060169,20.0988687],[-98.4061773,20.0970593],[-98.4075473,20.0963885],[-98.4077758,20.0964235],[-98.4088825,20.0958516],[-98.4086213,20.0950027],[-98.4095026,20.0945189],[-98.4096586,20.0948086],[-98.4114722,20.093471],[-98.4106597,20.0912052],[-98.4080233,20.093151],[-98.4058457,20.0948513],[-98.4037686,20.0913473],[-98.4037815,20.0926458],[-98.4019801,20.0923479],[-98.4017339,20.0939698],[-98.4022599,20.0941107],[-98.4044648,20.0965892],[-98.4049798,20.0971156],[-98.4054734,20.0977025],[-98.4055716,20.0979452],[-98.4054543,20.0987869],[-98.4052884,20.0995453],[-98.4050338,20.1004685],[-98.4040643,20.1012123],[-98.4019897,20.1002835],[-98.4006228,20.1014303],[-98.4022147,20.1026494],[-98.4012641,20.1033299],[-98.4002853,20.1026311],[-98.3988384,20.1015971]]]},"properties":{"locality":"SAN ANTONIO FARÍAS","official_key":"1307700340001","CVE_ENT":"13","CVE_MUN":"077","CVE_LOC":"0034","CVE_ASEN":"0001","settlement_type":"NINGUNO","source":"INEGI DCAH 2025"}},{"type":"Feature","geometry":{"type":"MultiPolygon","coordinates":[[[[-98.3018063,20.1156716],[-98.3011894,20.1158277],[-98.3010553,20.1158277],[-98.3008514,20.1160544],[-98.3004759,20.1161552],[-98.2997142,20.1159486],[-98.2997356,20.1156111],[-98.3002453,20.1156263],[-98.3004974,20.1156867],[-98.3007227,20.1156867],[-98.3009802,20.1155255],[-98.3010875,20.1155356],[-98.3015381,20.1153442],[-98.301817,20.1153593],[-98.3019082,20.1151931],[-98.3019726,20.1149311],[-98.3021657,20.1147246],[-98.3023159,20.1146944],[-98.3024286,20.1147347],[-98.302552,20.1149462],[-98.30267,20.1150873],[-98.3027719,20.1150973],[-98.3029275,20.1150973],[-98.3032118,20.1150822],[-98.3035122,20.1151628],[-98.3037053,20.1152737],[-98.3034478,20.1153945],[-98.3030884,20.1155003],[-98.3027612,20.1155356],[-98.3026914,20.1155255],[-98.30245,20.1154399],[-98.3021925,20.1153089],[-98.3020799,20.115324],[-98.3018063,20.1156716]]],[[[-98.3132057,20.1232322],[-98.3129321,20.1233733],[-98.3127443,20.1233783],[-98.3125137,20.1234488],[-98.3122508,20.1235445],[-98.3122025,20.1233783],[-98.3123152,20.123197],[-98.3123045,20.1231063],[-98.3120845,20.1230156],[-98.3119933,20.122925],[-98.3118539,20.1228242],[-98.3116983,20.1228192],[-98.3116071,20.1228343],[-98.3114783,20.1226127],[-98.3113657,20.1227638],[-98.3109526,20.1231516],[-98.3103411,20.1235697],[-98.3104162,20.123061],[-98.3103464,20.1228142],[-98.3103143,20.1225976],[-98.3101104,20.1225674],[-98.3098797,20.1224162],[-98.309751,20.1223709],[-98.30981,20.1222349],[-98.3104269,20.1222047],[-98.3113067,20.1220637],[-98.3111136,20.1214794],[-98.3108561,20.1206886],[-98.3104645,20.1203611],[-98.3103894,20.12021],[-98.3101158,20.1200136],[-98.3100031,20.1198524],[-98.3098368,20.1198071],[-98.3096491,20.119656],[-98.3092038,20.1186637],[-98.3088981,20.1183161],[-98.3088337,20.11817],[-98.3085816,20.1179232],[-98.3087425,20.1174497],[-98.3085118,20.1169359],[-98.3087318,20.1169863],[-98.3088551,20.116946],[-98.3105718,20.1175907],[-98.3107702,20.1178728],[-98.3110063,20.118573],[-98.3110438,20.1186939],[-98.3107756,20.1187845],[-98.3109955,20.1191321],[-98.3114032,20.1199431],[-98.3115534,20.1202906],[-98.3115266,20.1209757],[-98.3117412,20.1216154],[-98.3117788,20.1220234],[-98.3119772,20.1223709],[-98.312224,20.122658],[-98.3125029,20.1226228],[-98.3125995,20.1224565],[-98.3129965,20.122386],[-98.3131628,20.1225069],[-98.3132164,20.1226832],[-98.3131038,20.1228293],[-98.3128194,20.1229703],[-98.3128463,20.1230962],[-98.3132057,20.1232322]]],[[[-98.3124923,20.120025],[-98.3122882,20.1196767],[-98.3126312,20.1197256],[-98.3129511,20.1196488],[-98.313127,20.1192927],[-98.3135174,20.118856],[-98.3138692,20.1180128],[-98.3140808,20.1181505],[-98.3141437,20.1182898],[-98.3150005,20.118006],[-98.3142251,20.118864],[-98.3132326,20.1195878],[-98.3133049,20.1197885],[-98.3138923,20.1196266],[-98.3144393,20.1194825],[-98.3147608,20.1194965],[-98.3151034,20.1196657],[-98.3156383,20.1195003],[-98.3157552,20.1196479],[-98.3154644,20.1200675],[-98.3146967,20.1213149],[-98.3145156,20.1211816],[-98.3142847,20.1208619],[-98.3137749,20.1205423],[-98.3135146,20.1204882],[-98.3132972,20.1205148],[-98.3130799,20.1203701],[-98.3130677,20.1201164],[-98.3127935,20.1200399],[-98.3124923,20.120025]]]]},"properties":{"locality":"SAN VIDAL","official_key":"1307700410001","CVE_ENT":"13","CVE_MUN":"077","CVE_LOC":"0041","CVE_ASEN":"0001","settlement_type":"COLONIA","source":"INEGI DCAH 2025"}},{"type":"Feature","geometry":{"type":"MultiPolygon","coordinates":[[[[-98.3609977,20.1444535],[-98.3610138,20.1448363],[-98.3609306,20.1455187],[-98.3608797,20.1463774],[-98.3606007,20.1462943],[-98.3606061,20.1483566],[-98.3595064,20.1479738],[-98.3577723,20.1473431],[-98.3577603,20.1489634],[-98.3559337,20.1482659],[-98.3559283,20.1465083],[-98.3559122,20.1446298],[-98.3568027,20.1449622],[-98.3577898,20.1453399],[-98.359648,20.1460112],[-98.3599292,20.1460881],[-98.3599764,20.1456277],[-98.3599958,20.1453312],[-98.3599166,20.1452521],[-98.3595329,20.1452448],[-98.3590336,20.1452102],[-98.3590759,20.1446474],[-98.3599758,20.1447406],[-98.3600911,20.1438693],[-98.3610406,20.14396],[-98.3609977,20.1444535]]],[[[-98.3553593,20.1444288],[-98.3550522,20.1443226],[-98.3548417,20.1442465],[-98.3523579,20.1432813],[-98.3521588,20.1432105],[-98.3544186,20.1411285],[-98.3548334,20.1406278],[-98.3558851,20.1403585],[-98.3576843,20.1398101],[-98.3584105,20.1399466],[-98.3583812,20.1419331],[-98.3567735,20.14184],[-98.3567316,20.1427464],[-98.3559073,20.1427],[-98.3557934,20.1444921],[-98.3553593,20.1444288]]],[[[-98.3577492,20.1394282],[-98.3559897,20.1399822],[-98.3555927,20.1398815],[-98.355185,20.139539],[-98.3549383,20.1378367],[-98.3547237,20.135943],[-98.3560541,20.1360739],[-98.3561613,20.1363459],[-98.3561399,20.1378669],[-98.3577278,20.1381691],[-98.3592298,20.1362653],[-98.3593478,20.1358825],[-98.3593693,20.1353285],[-98.3593693,20.1350162],[-98.3593264,20.134714],[-98.3597555,20.134573],[-98.3616331,20.1342607],[-98.3624914,20.1342507],[-98.3628132,20.1360034],[-98.3621695,20.1360336],[-98.3622661,20.1378971],[-98.3619764,20.1380079],[-98.3594229,20.1379173],[-98.357835,20.1384612],[-98.3577492,20.1394282]]]]},"properties":{"locality":"ZOTOTLÁN","official_key":"1307700420001","CVE_ENT":"13","CVE_MUN":"077","CVE_LOC":"0042","CVE_ASEN":"0001","settlement_type":"COLONIA","source":"INEGI DCAH 2025"}},{"type":"Feature","geometry":{"type":"Polygon","coordinates":[[[-98.347646,20.1824022],[-98.3476699,20.1822773],[-98.3466705,20.1823656],[-98.3458362,20.1824355],[-98.3449572,20.1825164],[-98.3442023,20.1825852],[-98.3433647,20.182661],[-98.3426102,20.1827178],[-98.3416866,20.1828036],[-98.3377534,20.183165],[-98.3377457,20.1831685],[-98.3378101,20.1830888],[-98.339596,20.1808788],[-98.3405261,20.1797199],[-98.3405991,20.1796305],[-98.34062,20.1796048],[-98.3406721,20.179541],[-98.340693,20.1795154],[-98.3407452,20.1794515],[-98.340766,20.1794259],[-98.3408182,20.179362],[-98.3408391,20.1793364],[-98.3408912,20.1792726],[-98.3409121,20.179247],[-98.3409851,20.1791575],[-98.3410582,20.179068],[-98.3411312,20.1789786],[-98.3412042,20.1788891],[-98.3412563,20.1788252],[-98.3412772,20.1787996],[-98.3413123,20.1787567],[-98.3413491,20.1787093],[-98.341383,20.1786656],[-98.3414199,20.1786182],[-98.3414538,20.1785746],[-98.3414906,20.1785272],[-98.3415246,20.1784835],[-98.3415614,20.1784361],[-98.3415954,20.1783924],[-98.3416322,20.178345],[-98.3416662,20.1783014],[-98.341703,20.178254],[-98.341737,20.1782103],[-98.3417621,20.178178],[-98.3418042,20.1781377],[-98.3420756,20.1778119],[-98.3430518,20.1765868],[-98.3430815,20.1765476],[-98.3431215,20.176495],[-98.3431512,20.1764558],[-98.3431912,20.1764032],[-98.343221,20.176364],[-98.343261,20.1763114],[-98.3432907,20.1762722],[-98.3433387,20.1762091],[-98.3433613,20.176181],[-98.3434094,20.1761209],[-98.3434335,20.176091],[-98.3434817,20.1760309],[-98.3435057,20.1760009],[-98.3435539,20.1759409],[-98.343578,20.1759109],[-98.3436261,20.1758508],[-98.3436502,20.1758209],[-98.3436984,20.1757608],[-98.3437224,20.1757308],[-98.3437706,20.1756708],[-98.3437947,20.1756408],[-98.3438428,20.1755807],[-98.3438669,20.1755508],[-98.3439151,20.1754907],[-98.3439391,20.1754607],[-98.3439873,20.1754007],[-98.3440114,20.1753707],[-98.3440595,20.1753106],[-98.3440836,20.1752807],[-98.3441318,20.1752206],[-98.3441558,20.1751906],[-98.344204,20.1751306],[-98.3442281,20.1751006],[-98.3442762,20.1750405],[-98.3443003,20.1750106],[-98.3443436,20.1749565],[-98.3443727,20.1749207],[-98.3444161,20.1748672],[-98.3444454,20.174831],[-98.3444888,20.1747775],[-98.3445181,20.1747413],[-98.3445615,20.1746878],[-98.3445892,20.1746536],[-98.3445908,20.1746516],[-98.3446092,20.1746153],[-98.344627,20.1745928],[-98.3446987,20.1745023],[-98.3447706,20.1744114],[-98.3448237,20.1743477],[-98.3448442,20.174323],[-98.3448976,20.1742589],[-98.3449182,20.1742342],[-98.3449716,20.1741701],[-98.3449921,20.1741454],[-98.3450659,20.1740565],[-98.3451397,20.1739676],[-98.3452135,20.1738788],[-98.3452873,20.1737898],[-98.3453611,20.173701],[-98.3453848,20.1736717],[-98.3454278,20.17362],[-98.3454592,20.173582],[-98.3455015,20.173531],[-98.345533,20.1734931],[-98.3455753,20.1734421],[-98.3456067,20.1734042],[-98.345649,20.1733532],[-98.3456805,20.1733153],[-98.345723,20.1732644],[-98.3457974,20.1731759],[-98.3458718,20.1730875],[-98.3459462,20.172999],[-98.3460206,20.1729106],[-98.3460791,20.172841],[-98.3461059,20.1728089],[-98.3461802,20.1727209],[-98.3462548,20.1726325],[-98.3463293,20.1725442],[-98.3464038,20.1724558],[-98.3464695,20.1723775],[-98.3465411,20.172287],[-98.346594,20.1722202],[-98.3466121,20.1721966],[-98.3466528,20.1721424],[-98.3467221,20.1720503],[-98.3467913,20.1719582],[-98.3468606,20.1718661],[-98.3469298,20.1717739],[-98.3469991,20.1716818],[-98.3470683,20.1715897],[-98.3471261,20.1715129],[-98.3471408,20.1714964],[-98.3474572,20.1710977],[-98.3476536,20.1710597],[-98.3480966,20.1716908],[-98.3488828,20.1719593],[-98.34964,20.1717311],[-98.3501244,20.1719191],[-98.3504708,20.1721139],[-98.3504127,20.1725639],[-98.350039,20.1727791],[-98.3496777,20.1729678],[-98.3493415,20.1731841],[-98.3490982,20.1735361],[-98.3490408,20.1738775],[-98.3490332,20.174238],[-98.3494258,20.1744958],[-98.350447,20.1744475],[-98.3506655,20.1746933],[-98.3501583,20.1755877],[-98.3503026,20.1759667],[-98.3506342,20.1760801],[-98.3510399,20.1759646],[-98.3513941,20.1758972],[-98.3516195,20.1759105],[-98.3519523,20.1754435],[-98.3540351,20.1753817],[-98.3542353,20.1752038],[-98.3544462,20.1751569],[-98.3546241,20.1752291],[-98.354802,20.1753919],[-98.3550665,20.1754507],[-98.3550736,20.1764335],[-98.3549516,20.179022],[-98.3550066,20.1796163],[-98.3547336,20.1799335],[-98.3544607,20.1802105],[-98.3546564,20.1811573],[-98.3546066,20.1819753],[-98.3543191,20.1828005],[-98.3548685,20.1828152],[-98.3548961,20.1839216],[-98.3548147,20.186901],[-98.3547853,20.1878721],[-98.3546058,20.1878138],[-98.3534395,20.1873539],[-98.3523846,20.1869526],[-98.3519834,20.1868],[-98.3503955,20.1861859],[-98.3487634,20.1855587],[-98.3484743,20.1854408],[-98.3481723,20.1853315],[-98.3480394,20.1853186],[-98.3476512,20.1826112],[-98.347646,20.1824022]]]},"properties":{"locality":"ACOCUL GUADALUPE","official_key":"1307700480001","CVE_ENT":"13","CVE_MUN":"077","CVE_LOC":"0048","CVE_ASEN":"0001","settlement_type":"EJIDO","source":"INEGI DCAH 2025"}},{"type":"Feature","geometry":{"type":"Polygon","coordinates":[[[-98.422152,20.0668335],[-98.4226666,20.0667691],[-98.4234555,20.0666704],[-98.4234992,20.0666649],[-98.4243886,20.0665536],[-98.4247075,20.0665137],[-98.4260988,20.0663396],[-98.4260344,20.0670325],[-98.425983,20.0675737],[-98.4245838,20.0677431],[-98.4245127,20.0677561],[-98.4244422,20.0677691],[-98.4233939,20.0678938],[-98.4233834,20.0681747],[-98.423383,20.0681992],[-98.422079,20.0683071],[-98.4220793,20.0682204],[-98.4220682,20.0678325],[-98.4220664,20.0677697],[-98.4220742,20.0674196],[-98.4220348,20.0669841],[-98.422152,20.0668335]]]},"properties":{"locality":"FRANCISCO VILLA PRIMERA SECCIÓN","official_key":"1307700530001","CVE_ENT":"13","CVE_MUN":"077","CVE_LOC":"0053","CVE_ASEN":"0001","settlement_type":"COLONIA","source":"INEGI DCAH 2025"}},{"type":"Feature","geometry":{"type":"Polygon","coordinates":[[[-98.4143862,20.0720545],[-98.4143067,20.0717957],[-98.414201,20.0714514],[-98.4141927,20.0714244],[-98.4141724,20.0713233],[-98.4141633,20.0709575],[-98.4141844,20.0705524],[-98.414189,20.0704716],[-98.4142091,20.0697763],[-98.4142099,20.0697175],[-98.4142229,20.0687667],[-98.4140398,20.0679513],[-98.4140627,20.0678595],[-98.414289,20.0678306],[-98.4154767,20.067679],[-98.4157673,20.0676409],[-98.4162148,20.0675823],[-98.4165936,20.0675326],[-98.4169056,20.0674917],[-98.4172185,20.0674507],[-98.4172985,20.0674407],[-98.4179383,20.0673606],[-98.4195144,20.0671635],[-98.4196005,20.0671527],[-98.4203354,20.0670607],[-98.4206231,20.0670248],[-98.4210028,20.0669772],[-98.422152,20.0668335],[-98.4220348,20.0669841],[-98.4220742,20.0674196],[-98.4220664,20.0677697],[-98.4220682,20.0678325],[-98.4220793,20.0682204],[-98.422079,20.0683071],[-98.4220775,20.0687104],[-98.422077,20.0688417],[-98.4221077,20.0695773],[-98.4220343,20.0695804],[-98.4210082,20.0697208],[-98.4209946,20.0705394],[-98.4191373,20.0707691],[-98.4190884,20.0708867],[-98.4189263,20.0711132],[-98.4185266,20.0712442],[-98.418018,20.0716065],[-98.4177293,20.0718099],[-98.4176152,20.071897],[-98.4176022,20.0717788],[-98.4175848,20.0716509],[-98.4175644,20.0716088],[-98.4166134,20.0721386],[-98.4163239,20.0723111],[-98.416047,20.0718236],[-98.4154573,20.0721679],[-98.4148496,20.0718019],[-98.4143862,20.0720545]],[[-98.4196183,20.0690267],[-98.4195168,20.0683809],[-98.4181973,20.0686415],[-98.4183348,20.0696418],[-98.4190659,20.0695583],[-98.4190141,20.0691155],[-98.4193563,20.0690642],[-98.4196183,20.0690267]]]},"properties":{"locality":"JAVIER ROJO GÓMEZ SEGUNDA SECCIÓN","official_key":"1307700530002","CVE_ENT":"13","CVE_MUN":"077","CVE_LOC":"0053","CVE_ASEN":"0002","settlement_type":"COLONIA","source":"INEGI DCAH 2025"}},{"type":"Feature","geometry":{"type":"Polygon","coordinates":[[[-98.4100635,20.0803495],[-98.4100147,20.0800434],[-98.410003,20.0800443],[-98.4097126,20.0800676],[-98.4092563,20.0801315],[-98.4089124,20.0801803],[-98.4089142,20.0800503],[-98.4089226,20.0794522],[-98.4089251,20.079277],[-98.4089343,20.0788686],[-98.4089891,20.0788573],[-98.4089407,20.0783732],[-98.4089298,20.0782639],[-98.4089115,20.0780802],[-98.4089064,20.0780294],[-98.4088774,20.0777396],[-98.4088521,20.0773445],[-98.4087845,20.0763344],[-98.4087197,20.074376],[-98.40871,20.074131],[-98.4086919,20.073671],[-98.4086848,20.0729599],[-98.4086382,20.0729416],[-98.4085795,20.0729185],[-98.4085496,20.0721447],[-98.4085152,20.0709593],[-98.4086607,20.0709498],[-98.4091437,20.0709307],[-98.4096867,20.0708278],[-98.4097181,20.0706667],[-98.4100336,20.0705545],[-98.4100594,20.070539],[-98.4101204,20.0705025],[-98.4110227,20.0702673],[-98.4112971,20.0701958],[-98.411621,20.0701089],[-98.4119065,20.0700252],[-98.4119549,20.070024],[-98.4120308,20.0708563],[-98.4120694,20.0712188],[-98.4121521,20.0718973],[-98.4121554,20.0719157],[-98.4123299,20.072909],[-98.412485,20.0734392],[-98.4126349,20.0736057],[-98.4129757,20.0734114],[-98.413019,20.0736293],[-98.4130588,20.0738297],[-98.413153,20.0744508],[-98.4131802,20.0746305],[-98.413482,20.0743457],[-98.4136186,20.0742164],[-98.4137128,20.0741268],[-98.4136247,20.0739032],[-98.4137913,20.073846],[-98.4137509,20.0737414],[-98.4141105,20.0736263],[-98.4140775,20.0735166],[-98.4138189,20.0725497],[-98.4141713,20.0724548],[-98.4144704,20.0723743],[-98.4143862,20.0720545],[-98.4148496,20.0718019],[-98.4154573,20.0721679],[-98.416047,20.0718236],[-98.4163239,20.0723111],[-98.4166134,20.0721386],[-98.4175644,20.0716088],[-98.4175848,20.0716509],[-98.4176022,20.0717788],[-98.4176152,20.071897],[-98.4177293,20.0718099],[-98.418018,20.0716065],[-98.4185266,20.0712442],[-98.4189263,20.0711132],[-98.4190884,20.0708867],[-98.4191373,20.0707691],[-98.4209946,20.0705394],[-98.4210082,20.0697208],[-98.4220343,20.0695804],[-98.4221077,20.0695773],[-98.4220798,20.0699333],[-98.4220821,20.0700818],[-98.4220884,20.0704929],[-98.4209966,20.0706598],[-98.4205308,20.0709755],[-98.4205437,20.0712944],[-98.4204554,20.0719616],[-98.4207208,20.0719586],[-98.4207862,20.0719131],[-98.4210279,20.071876],[-98.421005,20.0716272],[-98.4215582,20.0715522],[-98.4215592,20.0717943],[-98.4221084,20.0717099],[-98.4221119,20.0718346],[-98.422117,20.0720186],[-98.4221167,20.0724545],[-98.4220934,20.0734744],[-98.4221019,20.0735039],[-98.4221004,20.0739178],[-98.422094,20.0739719],[-98.4220901,20.0740053],[-98.4221384,20.0761516],[-98.4221382,20.0761624],[-98.4221329,20.0765143],[-98.422109,20.0766407],[-98.4220709,20.0768429],[-98.421987,20.077428],[-98.4219863,20.0774325],[-98.4219286,20.0778125],[-98.421824,20.078402],[-98.4217649,20.0787496],[-98.4217381,20.0788983],[-98.4215316,20.0790797],[-98.4211778,20.0793195],[-98.4211778,20.0791809],[-98.4206592,20.0793878],[-98.4201264,20.0794429],[-98.4196217,20.0794555],[-98.4191715,20.079516],[-98.4187156,20.0795639],[-98.4183629,20.0796029],[-98.4182033,20.0795916],[-98.417412,20.0794631],[-98.417345,20.0797856],[-98.4168112,20.0798233],[-98.4164035,20.0800722],[-98.4160655,20.0802963],[-98.4159197,20.0800846],[-98.4159183,20.0800857],[-98.4154486,20.0804682],[-98.4152391,20.0799704],[-98.4150929,20.07999],[-98.4150027,20.0800021],[-98.4149282,20.0800121],[-98.4148671,20.0800203],[-98.4146016,20.0800474],[-98.4145681,20.0800509],[-98.4143686,20.0800713],[-98.4142422,20.0800842],[-98.4139688,20.0801122],[-98.4134256,20.0801754],[-98.4133285,20.0801867],[-98.4129803,20.0802341],[-98.4128569,20.0802509],[-98.4126743,20.0802658],[-98.4124846,20.0802701],[-98.4122656,20.0802831],[-98.4122807,20.0803008],[-98.4123062,20.0803307],[-98.4123076,20.0803323],[-98.4123171,20.0803968],[-98.4123168,20.0803968],[-98.4112442,20.0804774],[-98.4112717,20.0805953],[-98.4100948,20.0806704],[-98.4100839,20.0805486],[-98.4100694,20.0803869],[-98.4100635,20.0803495]],[[-98.4126954,20.0747275],[-98.4121407,20.0740886],[-98.4120668,20.0740054],[-98.4119572,20.0738821],[-98.4118021,20.0737076],[-98.4115433,20.0734164],[-98.4113152,20.0731598],[-98.4112878,20.073129],[-98.4110326,20.0728419],[-98.4096443,20.07295],[-98.4096358,20.0729836],[-98.4095321,20.0731639],[-98.4094683,20.0732747],[-98.4094597,20.0732898],[-98.4093781,20.0734158],[-98.4093885,20.0735806],[-98.4093896,20.0736062],[-98.4094158,20.0740182],[-98.4094296,20.0741657],[-98.4094393,20.0742686],[-98.4094203,20.0744974],[-98.4094283,20.0745667],[-98.4094401,20.0746699],[-98.4094787,20.0748432],[-98.409523,20.0749371],[-98.4096759,20.0752605],[-98.4106606,20.0747435],[-98.4110325,20.0745557],[-98.4115217,20.0760546],[-98.4121254,20.0759159],[-98.4119499,20.0753509],[-98.4129223,20.0749539],[-98.4126954,20.0747275]]]},"properties":{"locality":"AMPLIACIÓN JAVIER ROJO GÓMEZ","official_key":"1307700530003","CVE_ENT":"13","CVE_MUN":"077","CVE_LOC":"0053","CVE_ASEN":"0003","settlement_type":"COLONIA","source":"INEGI DCAH 2025"}},{"type":"Feature","geometry":{"type":"Polygon","coordinates":[[[-98.4085152,20.0709593],[-98.4084981,20.0703716],[-98.4084855,20.0699208],[-98.4084618,20.0691001],[-98.4088983,20.0689743],[-98.4096581,20.0687552],[-98.4108727,20.068405],[-98.4115216,20.0682851],[-98.4119761,20.068201],[-98.4132901,20.0679581],[-98.413386,20.0679459],[-98.4140627,20.0678595],[-98.4140398,20.0679513],[-98.4142229,20.0687667],[-98.4142099,20.0697175],[-98.4142091,20.0697763],[-98.414189,20.0704716],[-98.4141844,20.0705524],[-98.4141633,20.0709575],[-98.4141724,20.0713233],[-98.4141927,20.0714244],[-98.414201,20.0714514],[-98.4143067,20.0717957],[-98.4143862,20.0720545],[-98.4144704,20.0723743],[-98.4141713,20.0724548],[-98.4138189,20.0725497],[-98.4140775,20.0735166],[-98.4141105,20.0736263],[-98.4137509,20.0737414],[-98.4137913,20.073846],[-98.4136247,20.0739032],[-98.4137128,20.0741268],[-98.4136186,20.0742164],[-98.413482,20.0743457],[-98.4131802,20.0746305],[-98.413153,20.0744508],[-98.4130588,20.0738297],[-98.413019,20.0736293],[-98.4129757,20.0734114],[-98.4126349,20.0736057],[-98.412485,20.0734392],[-98.4123299,20.072909],[-98.4121554,20.0719157],[-98.4121521,20.0718973],[-98.4120694,20.0712188],[-98.4120308,20.0708563],[-98.4119549,20.070024],[-98.4119065,20.0700252],[-98.411621,20.0701089],[-98.4112971,20.0701958],[-98.4110227,20.0702673],[-98.4101204,20.0705025],[-98.4100594,20.070539],[-98.4100336,20.0705545],[-98.4097181,20.0706667],[-98.4096867,20.0708278],[-98.4091437,20.0709307],[-98.4086607,20.0709498],[-98.4085152,20.0709593]]]},"properties":{"locality":"JAVIER ROJO GÓMEZ PRIMERA SECCIÓN","official_key":"1307700530004","CVE_ENT":"13","CVE_MUN":"077","CVE_LOC":"0053","CVE_ASEN":"0004","settlement_type":"COLONIA","source":"INEGI DCAH 2025"}},{"type":"Feature","geometry":{"type":"Polygon","coordinates":[[[-98.4204554,20.0719616],[-98.4205437,20.0712944],[-98.4205308,20.0709755],[-98.4209966,20.0706598],[-98.4220884,20.0704929],[-98.422091,20.0708091],[-98.4220928,20.0710272],[-98.4217474,20.0710775],[-98.4217688,20.0716165],[-98.4221046,20.0715624],[-98.4221084,20.0717099],[-98.4215592,20.0717943],[-98.4215582,20.0715522],[-98.421005,20.0716272],[-98.4210279,20.071876],[-98.4207862,20.0719131],[-98.4207208,20.0719586],[-98.4204554,20.0719616]]]},"properties":{"locality":"SANTA ELENA","official_key":"1307700530005","CVE_ENT":"13","CVE_MUN":"077","CVE_LOC":"0053","CVE_ASEN":"0005","settlement_type":"FRACCIONAMIENTO","source":"INEGI DCAH 2025"}},{"type":"Feature","geometry":{"type":"Polygon","coordinates":[[[-98.4229705,20.0719937],[-98.4229714,20.0717645],[-98.4221119,20.0718346],[-98.4221084,20.0717099],[-98.4221046,20.0715624],[-98.4217688,20.0716165],[-98.4217474,20.0710775],[-98.4220928,20.0710272],[-98.422091,20.0708091],[-98.4220884,20.0704929],[-98.4220821,20.0700818],[-98.4220798,20.0699333],[-98.4221077,20.0695773],[-98.422077,20.0688417],[-98.4220775,20.0687104],[-98.422079,20.0683071],[-98.423383,20.0681992],[-98.4233834,20.0681747],[-98.4233939,20.0678938],[-98.4244422,20.0677691],[-98.4245127,20.0677561],[-98.4245838,20.0677431],[-98.425983,20.0675737],[-98.4259365,20.0681339],[-98.4259242,20.0682891],[-98.4258953,20.0686522],[-98.4258593,20.0691354],[-98.4259122,20.0695576],[-98.4258152,20.0695381],[-98.4242959,20.0695734],[-98.424253,20.0701173],[-98.4242265,20.0703083],[-98.4241897,20.0704707],[-98.4240674,20.0714684],[-98.4233138,20.0714396],[-98.4232865,20.0719844],[-98.4229705,20.0719937]]]},"properties":{"locality":"FRANCISCO VILLA TERCERA SECCIÓN","official_key":"1307700530006","CVE_ENT":"13","CVE_MUN":"077","CVE_LOC":"0053","CVE_ASEN":"0006","settlement_type":"COLONIA","source":"INEGI DCAH 2025"}},{"type":"Feature","geometry":{"type":"Polygon","coordinates":[[[-98.422117,20.0720186],[-98.4221119,20.0718346],[-98.4229714,20.0717645],[-98.4229705,20.0719937],[-98.4232865,20.0719844],[-98.4233138,20.0714396],[-98.4240674,20.0714684],[-98.4241897,20.0704707],[-98.4242265,20.0703083],[-98.424253,20.0701173],[-98.4242959,20.0695734],[-98.4258152,20.0695381],[-98.4259122,20.0695576],[-98.4259074,20.0697056],[-98.4258835,20.0704384],[-98.4257905,20.0715207],[-98.4257717,20.07168],[-98.425757,20.0719886],[-98.4257401,20.0724473],[-98.4257072,20.0728924],[-98.4256446,20.0735855],[-98.425637,20.0736246],[-98.4255794,20.0742858],[-98.4255542,20.0746137],[-98.4255625,20.0746602],[-98.42557,20.0749308],[-98.4255258,20.0749435],[-98.4252069,20.0749648],[-98.4249073,20.0749961],[-98.4246765,20.075029],[-98.4242369,20.0753242],[-98.4242037,20.0753462],[-98.4237085,20.0756739],[-98.4233893,20.0758866],[-98.4233027,20.0759232],[-98.4232717,20.0760432],[-98.4221384,20.0761516],[-98.4220901,20.0740053],[-98.422094,20.0739719],[-98.4221004,20.0739178],[-98.4221019,20.0735039],[-98.4220934,20.0734744],[-98.4221167,20.0724545],[-98.422117,20.0720186]]]},"properties":{"locality":"AHUEHUETITLA","official_key":"1307700530007","CVE_ENT":"13","CVE_MUN":"077","CVE_LOC":"0053","CVE_ASEN":"0007","settlement_type":"COLONIA","source":"INEGI DCAH 2025"}},{"type":"Feature","geometry":{"type":"Polygon","coordinates":[[[-98.4114242,20.0743426],[-98.4118843,20.074101],[-98.4120668,20.0740054],[-98.4121407,20.0740886],[-98.4126954,20.0747275],[-98.4129223,20.0749539],[-98.4119499,20.0753509],[-98.4121254,20.0759159],[-98.4115217,20.0760546],[-98.4110325,20.0745557],[-98.4114242,20.0743426]]]},"properties":{"locality":"EL PEDREGAL","official_key":"1307700530008","CVE_ENT":"13","CVE_MUN":"077","CVE_LOC":"0053","CVE_ASEN":"0008","settlement_type":"FRACCIONAMIENTO","source":"INEGI DCAH 2025"}},{"type":"Feature","geometry":{"type":"Polygon","coordinates":[[[-98.4120668,20.0740054],[-98.4118843,20.074101],[-98.4114242,20.0743426],[-98.4110325,20.0745557],[-98.4106606,20.0747435],[-98.4096759,20.0752605],[-98.409523,20.0749371],[-98.4094787,20.0748432],[-98.4094401,20.0746699],[-98.4094283,20.0745667],[-98.4094203,20.0744974],[-98.4094393,20.0742686],[-98.4094296,20.0741657],[-98.4094158,20.0740182],[-98.4093896,20.0736062],[-98.4093885,20.0735806],[-98.4093781,20.0734158],[-98.4094597,20.0732898],[-98.4094683,20.0732747],[-98.4095321,20.0731639],[-98.4096358,20.0729836],[-98.4096443,20.07295],[-98.4110326,20.0728419],[-98.4112878,20.073129],[-98.4113152,20.0731598],[-98.4115433,20.0734164],[-98.4118021,20.0737076],[-98.4119572,20.0738821],[-98.4120668,20.0740054]]]},"properties":{"locality":"VILLAS SANTA MARÍA","official_key":"1307700530009","CVE_ENT":"13","CVE_MUN":"077","CVE_LOC":"0053","CVE_ASEN":"0009","settlement_type":"FRACCIONAMIENTO","source":"INEGI DCAH 2025"}},{"type":"Feature","geometry":{"type":"Polygon","coordinates":[[[-98.4196183,20.0690267],[-98.4193563,20.0690642],[-98.4190141,20.0691155],[-98.4190659,20.0695583],[-98.4183348,20.0696418],[-98.4181973,20.0686415],[-98.4195168,20.0683809],[-98.4196183,20.0690267]]]},"properties":{"locality":"TOLEDO","official_key":"1307700530010","CVE_ENT":"13","CVE_MUN":"077","CVE_LOC":"0053","CVE_ASEN":"0010","settlement_type":"FRACCIONAMIENTO","source":"INEGI DCAH 2025"}},{"type":"Feature","geometry":{"type":"Polygon","coordinates":[[[-98.3375385,20.137726],[-98.3368436,20.1362926],[-98.3368139,20.1362344],[-98.3367472,20.1360323],[-98.336739,20.1360344],[-98.3367041,20.1360432],[-98.3363439,20.136134],[-98.3360577,20.1361908],[-98.335669,20.1362898],[-98.3353142,20.1363504],[-98.3349399,20.1363757],[-98.3345964,20.1364571],[-98.3342726,20.1353548],[-98.3345359,20.1350681],[-98.3348556,20.1347135],[-98.3350504,20.1353765],[-98.3353959,20.1353388],[-98.3357227,20.135281],[-98.3357477,20.1352767],[-98.336108,20.1352157],[-98.335986,20.1346527],[-98.3359788,20.1346532],[-98.335747,20.1346683],[-98.3356395,20.1346581],[-98.3355953,20.1346397],[-98.3355777,20.1346174],[-98.335577,20.1346165],[-98.3355737,20.1346123],[-98.3355564,20.1345735],[-98.3355517,20.1345235],[-98.3355637,20.1344566],[-98.33566,20.1342017],[-98.3359269,20.1335765],[-98.3360155,20.1331683],[-98.3358836,20.1331831],[-98.3354293,20.1330491],[-98.3352412,20.1329828],[-98.3350866,20.1329671],[-98.3350098,20.1329892],[-98.3348644,20.1327769],[-98.3347776,20.1326501],[-98.3344442,20.1321093],[-98.3343949,20.132059],[-98.3343552,20.1320184],[-98.3343181,20.1318855],[-98.3343045,20.1317699],[-98.3343036,20.1317628],[-98.3342377,20.131478],[-98.3342271,20.131401],[-98.3341026,20.1311196],[-98.3340892,20.1308134],[-98.3341131,20.1307312],[-98.3341694,20.1307146],[-98.3343612,20.1308571],[-98.3344328,20.1308865],[-98.3345602,20.1309219],[-98.3347884,20.1310169],[-98.3350078,20.1312621],[-98.3351612,20.131417],[-98.3352877,20.1315281],[-98.3356188,20.1317834],[-98.3360499,20.1320002],[-98.3361958,20.1320541],[-98.33667,20.1320869],[-98.3368531,20.1320794],[-98.3368476,20.131909],[-98.3370746,20.1315063],[-98.3371625,20.1313503],[-98.3373681,20.1309833],[-98.3376216,20.1305311],[-98.3378087,20.1301901],[-98.3379732,20.1298897],[-98.3380305,20.1297851],[-98.338241,20.129423],[-98.3384745,20.1290203],[-98.3385508,20.1288391],[-98.3388255,20.1287582],[-98.3388505,20.1287506],[-98.3393302,20.1286046],[-98.3393989,20.1285364],[-98.3395507,20.1278756],[-98.3397338,20.1279115],[-98.3401977,20.1279826],[-98.3403219,20.1280016],[-98.3404821,20.1280655],[-98.3405947,20.1282482],[-98.3406584,20.1283062],[-98.3407807,20.1284176],[-98.3410258,20.1285828],[-98.3412516,20.1287349],[-98.3413261,20.1287936],[-98.3414009,20.1288525],[-98.341447,20.1289106],[-98.3414152,20.1290268],[-98.3413933,20.1290673],[-98.3412894,20.1292585],[-98.3413057,20.1293181],[-98.3413849,20.1293951],[-98.3414719,20.1294806],[-98.3417619,20.1294729],[-98.3427527,20.1296871],[-98.3428316,20.1298811],[-98.3428272,20.1300423],[-98.3428232,20.1305292],[-98.3428218,20.1306929],[-98.3428091,20.1307504],[-98.3427964,20.1308075],[-98.3428378,20.1310811],[-98.3428274,20.1315116],[-98.3428255,20.1319004],[-98.3428262,20.1319192],[-98.342829,20.1319987],[-98.3428373,20.1322291],[-98.3428665,20.1326521],[-98.34319,20.132603],[-98.3433535,20.1325781],[-98.3439378,20.1324989],[-98.3439487,20.1324974],[-98.34442,20.1324398],[-98.344576,20.1324207],[-98.3449097,20.1324576],[-98.3450842,20.1324769],[-98.3453803,20.1325053],[-98.3457364,20.1325433],[-98.345894,20.1325814],[-98.3462719,20.1326439],[-98.3468289,20.1327395],[-98.3470268,20.1327777],[-98.3482792,20.1330782],[-98.3483127,20.1330897],[-98.348626,20.1331645],[-98.3487257,20.1332707],[-98.3487409,20.1332916],[-98.3489189,20.133583],[-98.3491096,20.1338951],[-98.3493164,20.1341894],[-98.3494828,20.1344249],[-98.3496524,20.1342301],[-98.3502935,20.135058],[-98.3501739,20.1351963],[-98.3501216,20.1352699],[-98.350101,20.1352982],[-98.3496625,20.1356735],[-98.3493726,20.1359098],[-98.3493168,20.1359431],[-98.349248,20.13595],[-98.3491965,20.1359373],[-98.3491478,20.1359142],[-98.349143,20.1359141],[-98.3489092,20.1360211],[-98.3485425,20.136221],[-98.3482703,20.1363642],[-98.3481019,20.1364494],[-98.3478696,20.1365259],[-98.3474694,20.1366128],[-98.3472871,20.1366472],[-98.3471909,20.1366242],[-98.3470004,20.1366565],[-98.3467434,20.1366956],[-98.3465084,20.1367314],[-98.3463623,20.1367489],[-98.3459948,20.1367927],[-98.3456936,20.1368377],[-98.3456319,20.136843],[-98.3454551,20.1368644],[-98.3452055,20.1368948],[-98.3449316,20.1369212],[-98.3447253,20.1369192],[-98.3444368,20.1369003],[-98.3439641,20.1369048],[-98.3438141,20.1369063],[-98.3436247,20.1369017],[-98.3435412,20.1368997],[-98.3433856,20.136896],[-98.3430641,20.1368543],[-98.3427483,20.1367867],[-98.3425586,20.1367551],[-98.3424101,20.1367505],[-98.3421365,20.136742],[-98.3419034,20.1366704],[-98.341681,20.136557],[-98.3414892,20.1364235],[-98.3409632,20.1367595],[-98.3404061,20.1370954],[-98.3403194,20.1369888],[-98.3400737,20.1366589],[-98.3398902,20.1363996],[-98.3390741,20.1368919],[-98.3390505,20.136905],[-98.3389029,20.1369869],[-98.3379078,20.1375393],[-98.3379042,20.1375413],[-98.3378051,20.1375963],[-98.3377016,20.1376538],[-98.3375385,20.137726]]]},"properties":{"locality":"NAPATECO","official_key":"1307700550001","CVE_ENT":"13","CVE_MUN":"077","CVE_LOC":"0055","CVE_ASEN":"0001","settlement_type":"COLONIA","source":"INEGI DCAH 2025"}},{"type":"Feature","geometry":{"type":"Polygon","coordinates":[[[-98.3492381,20.1394277],[-98.3491365,20.1394251],[-98.3491316,20.1397306],[-98.3484993,20.139717],[-98.3483774,20.1397141],[-98.3483622,20.1401365],[-98.3480199,20.1401012],[-98.3478531,20.140101],[-98.3478022,20.1405752],[-98.3475025,20.1405507],[-98.3474485,20.1405494],[-98.347284,20.1405704],[-98.3468915,20.1405669],[-98.3468465,20.14005],[-98.3461979,20.1405776],[-98.3457442,20.1409699],[-98.3456171,20.1410839],[-98.3456061,20.1410582],[-98.345599,20.1410419],[-98.3455894,20.1410194],[-98.3455734,20.140999],[-98.3449239,20.1400978],[-98.3450543,20.1399711],[-98.3454952,20.1396389],[-98.3456506,20.1394972],[-98.3461212,20.1390737],[-98.3465774,20.1389694],[-98.3468533,20.1389688],[-98.3470672,20.1389771],[-98.3474903,20.1389944],[-98.3479894,20.1380618],[-98.349114,20.13828],[-98.3490144,20.1390493],[-98.35048,20.1390711],[-98.3518433,20.1390199],[-98.3523493,20.1390032],[-98.3523489,20.1391035],[-98.3521996,20.140288],[-98.3521598,20.1404951],[-98.3521066,20.1409561],[-98.3520368,20.1413557],[-98.3516459,20.141456],[-98.3513141,20.1411337],[-98.3501761,20.1401801],[-98.3501839,20.1401688],[-98.3503181,20.1399738],[-98.350446,20.1398065],[-98.3500976,20.1395898],[-98.3499288,20.1395354],[-98.3498476,20.1395171],[-98.3497975,20.1395058],[-98.3495625,20.1394594],[-98.3492381,20.1394277]]]},"properties":{"locality":"SULTEPEC","official_key":"1307700570001","CVE_ENT":"13","CVE_MUN":"077","CVE_LOC":"0057","CVE_ASEN":"0001","settlement_type":"COLONIA","source":"INEGI DCAH 2025"}},{"type":"Feature","geometry":{"type":"Polygon","coordinates":[[[-98.4254343,20.0771694],[-98.4255006,20.0764871],[-98.42557,20.0749308],[-98.4255625,20.0746602],[-98.4255542,20.0746137],[-98.4255794,20.0742858],[-98.425637,20.0736246],[-98.4256446,20.0735855],[-98.4257072,20.0728924],[-98.4257401,20.0724473],[-98.425757,20.0719886],[-98.4257717,20.07168],[-98.4257905,20.0715207],[-98.4258835,20.0704384],[-98.4259074,20.0697056],[-98.426349,20.0695808],[-98.4270565,20.0693695],[-98.4274173,20.0692733],[-98.4274757,20.0692671],[-98.4277566,20.0692488],[-98.428368,20.0691897],[-98.4289071,20.0691846],[-98.4290611,20.0691795],[-98.4292721,20.0691544],[-98.4294922,20.0690602],[-98.429785,20.068936],[-98.4306732,20.0689599],[-98.4308671,20.0689962],[-98.4309752,20.069241],[-98.4311333,20.0690847],[-98.4314212,20.0691215],[-98.4315332,20.0692081],[-98.4317213,20.0692995],[-98.4319938,20.0693196],[-98.4335637,20.0684845],[-98.4346537,20.067919],[-98.434467,20.067535],[-98.4335912,20.0674611],[-98.4337186,20.0653057],[-98.4338549,20.0652757],[-98.4341645,20.0652078],[-98.4351824,20.0648306],[-98.4357244,20.0646223],[-98.4358572,20.0645469],[-98.4360053,20.0644629],[-98.4360129,20.0644598],[-98.4365868,20.0642218],[-98.4385809,20.0633948],[-98.4391367,20.0631971],[-98.439549,20.0630505],[-98.4396197,20.0630254],[-98.4397855,20.0629664],[-98.4401335,20.0628426],[-98.4403179,20.0627726],[-98.4406699,20.0626389],[-98.4415655,20.0622591],[-98.4416411,20.0622271],[-98.4420851,20.0620387],[-98.4420854,20.0620386],[-98.4420878,20.0620376],[-98.4421975,20.061991],[-98.4422458,20.0619705],[-98.4423536,20.0619248],[-98.4426227,20.0618106],[-98.4426553,20.061822],[-98.4426768,20.0618296],[-98.4428126,20.0618773],[-98.4428518,20.0618911],[-98.4428583,20.0618942],[-98.4429084,20.0619188],[-98.4431801,20.062052],[-98.4432295,20.0620795],[-98.443292,20.0621144],[-98.4433608,20.0621527],[-98.4434326,20.0621928],[-98.4434329,20.0621929],[-98.4434686,20.0622129],[-98.4437575,20.062242],[-98.4440222,20.0622115],[-98.4440472,20.0622087],[-98.4440833,20.0622045],[-98.4441062,20.0622019],[-98.4441505,20.0621968],[-98.4442649,20.0621836],[-98.4443382,20.0624283],[-98.4443739,20.0631238],[-98.4444778,20.0651519],[-98.4445051,20.0656842],[-98.4445385,20.0663362],[-98.444778,20.0672703],[-98.4453173,20.0685096],[-98.4439874,20.0705342],[-98.4421066,20.0732959],[-98.4407762,20.0754259],[-98.4388564,20.0785515],[-98.4388011,20.0786415],[-98.4384348,20.078588],[-98.438401,20.0782725],[-98.4380238,20.0780483],[-98.4372489,20.0779021],[-98.4369306,20.0775556],[-98.436743,20.0759217],[-98.4360893,20.0759202],[-98.4355622,20.0759191],[-98.4352275,20.0759184],[-98.435151,20.0759661],[-98.4350951,20.0761112],[-98.4349448,20.0766537],[-98.4348218,20.0771],[-98.4347558,20.0774549],[-98.4347333,20.0777052],[-98.43384,20.0787789],[-98.433295,20.0793582],[-98.4330378,20.0791434],[-98.4325434,20.0786783],[-98.4321864,20.078403],[-98.4320642,20.0783108],[-98.4319818,20.0782485],[-98.4311351,20.0777636],[-98.4306973,20.0775673],[-98.4306994,20.0778346],[-98.4304568,20.0781777],[-98.4300144,20.0783399],[-98.429795,20.0784728],[-98.4294955,20.0784867],[-98.4293257,20.0784439],[-98.4290024,20.0781729],[-98.4297802,20.0771449],[-98.4292096,20.0769351],[-98.4288037,20.0767816],[-98.4286034,20.0770741],[-98.4283524,20.0772049],[-98.4281667,20.0773122],[-98.4280569,20.0774319],[-98.427941,20.0776344],[-98.4274757,20.0779474],[-98.4273855,20.0783872],[-98.4270807,20.0787867],[-98.4270696,20.0788898],[-98.4271078,20.0790461],[-98.4272855,20.0791421],[-98.4270719,20.079668],[-98.4253116,20.0790705],[-98.4253994,20.0784995],[-98.4254335,20.0775845],[-98.4254343,20.0771694]],[[-98.4400266,20.06941],[-98.4400069,20.0690435],[-98.4407653,20.0688356],[-98.4411911,20.0687095],[-98.4415959,20.0688109],[-98.4420626,20.0689308],[-98.4424494,20.0690536],[-98.4430269,20.0692284],[-98.44328,20.0688744],[-98.442905,20.0684164],[-98.4425992,20.068087],[-98.4422711,20.0677811],[-98.4420834,20.0675593],[-98.4419774,20.0674762],[-98.4418421,20.0673478],[-98.4417495,20.0673326],[-98.4416911,20.0674035],[-98.4414374,20.067779],[-98.441339,20.0679003],[-98.4411775,20.0681041],[-98.4410694,20.068221],[-98.4410371,20.0680137],[-98.4409859,20.0676646],[-98.4409114,20.0676028],[-98.4401025,20.0675821],[-98.4399763,20.0675759],[-98.4399008,20.0674978],[-98.4398252,20.0673592],[-98.4396951,20.0672432],[-98.4395932,20.0671916],[-98.4392443,20.0671739],[-98.4387861,20.0671633],[-98.4387938,20.0676212],[-98.4387987,20.0680514],[-98.4388042,20.0685247],[-98.4388233,20.0690154],[-98.4388527,20.0694317],[-98.4388291,20.0698644],[-98.4387652,20.0702648],[-98.4387339,20.0703777],[-98.4386113,20.0704919],[-98.4384896,20.0705879],[-98.4384875,20.0708622],[-98.4381623,20.070863],[-98.4381095,20.0720067],[-98.4382681,20.0720608],[-98.4384854,20.0721979],[-98.43868,20.072332],[-98.4388267,20.0723523],[-98.4388402,20.0708745],[-98.4388252,20.0703464],[-98.4388324,20.0702504],[-98.4389005,20.0698592],[-98.4400735,20.0698273],[-98.4400266,20.06941]]]},"properties":{"locality":"MIMILA","official_key":"1307700640001","CVE_ENT":"13","CVE_MUN":"077","CVE_LOC":"0064","CVE_ASEN":"0001","settlement_type":"EJIDO","source":"INEGI DCAH 2025"}},{"type":"Feature","geometry":{"type":"Polygon","coordinates":[[[-98.4430269,20.0692284],[-98.4424494,20.0690536],[-98.4420626,20.0689308],[-98.4415959,20.0688109],[-98.4411911,20.0687095],[-98.4407653,20.0688356],[-98.4400069,20.0690435],[-98.4400266,20.06941],[-98.4400735,20.0698273],[-98.4389005,20.0698592],[-98.4388324,20.0702504],[-98.4388252,20.0703464],[-98.4388402,20.0708745],[-98.4388267,20.0723523],[-98.43868,20.072332],[-98.4384854,20.0721979],[-98.4382681,20.0720608],[-98.4381095,20.0720067],[-98.4381623,20.070863],[-98.4384875,20.0708622],[-98.4384896,20.0705879],[-98.4386113,20.0704919],[-98.4387339,20.0703777],[-98.4387652,20.0702648],[-98.4388291,20.0698644],[-98.4388527,20.0694317],[-98.4388233,20.0690154],[-98.4388042,20.0685247],[-98.4387987,20.0680514],[-98.4387938,20.0676212],[-98.4387861,20.0671633],[-98.4392443,20.0671739],[-98.4395932,20.0671916],[-98.4396951,20.0672432],[-98.4398252,20.0673592],[-98.4399008,20.0674978],[-98.4399763,20.0675759],[-98.4401025,20.0675821],[-98.4409114,20.0676028],[-98.4409859,20.0676646],[-98.4410371,20.0680137],[-98.4410694,20.068221],[-98.4411775,20.0681041],[-98.441339,20.0679003],[-98.4414374,20.067779],[-98.4416911,20.0674035],[-98.4417495,20.0673326],[-98.4418421,20.0673478],[-98.4419774,20.0674762],[-98.4420834,20.0675593],[-98.4422711,20.0677811],[-98.4425992,20.068087],[-98.442905,20.0684164],[-98.44328,20.0688744],[-98.4430269,20.0692284]]]},"properties":{"locality":"NINGUNO","official_key":"1307700640002","CVE_ENT":"13","CVE_MUN":"077","CVE_LOC":"0064","CVE_ASEN":"0002","settlement_type":"FRACCIONAMIENTO","source":"INEGI DCAH 2025"}},{"type":"Feature","geometry":{"type":"Polygon","coordinates":[[[-98.3663369,20.1572968],[-98.3611055,20.1544322],[-98.3586328,20.1574221],[-98.3559894,20.1607269],[-98.3554666,20.1606856],[-98.355397,20.1567169],[-98.3553785,20.156665],[-98.3554154,20.1554627],[-98.3554535,20.1541441],[-98.3554846,20.1524912],[-98.3556858,20.152553],[-98.3557215,20.1516029],[-98.3557613,20.1505761],[-98.3561577,20.1507513],[-98.3567312,20.1510108],[-98.3577386,20.1514694],[-98.3587289,20.1519157],[-98.3598941,20.1524458],[-98.3616459,20.1532152],[-98.3616821,20.1532242],[-98.3617236,20.1532119],[-98.3643511,20.1543892],[-98.3648918,20.15547],[-98.3663369,20.1572968]]]},"properties":{"locality":"SAN RAFAEL LOMA BONITA","official_key":"1307700650001","CVE_ENT":"13","CVE_MUN":"077","CVE_LOC":"0065","CVE_ASEN":"0001","settlement_type":"COLONIA","source":"INEGI DCAH 2025"}},{"type":"Feature","geometry":{"type":"Polygon","coordinates":[[[-98.3404039,20.1371139],[-98.3409726,20.1367696],[-98.3414825,20.1364537],[-98.3416223,20.1365558],[-98.3417749,20.1366577],[-98.3419847,20.1367567],[-98.3421484,20.1367875],[-98.3425445,20.1368167],[-98.3426697,20.1368309],[-98.342829,20.1369196],[-98.3430087,20.137038],[-98.3434486,20.1371408],[-98.3435362,20.137083],[-98.3435216,20.1369418],[-98.3438932,20.1369458],[-98.344542,20.1369526],[-98.3448363,20.1369655],[-98.3450248,20.1369586],[-98.3452932,20.1369421],[-98.345786,20.1368997],[-98.3460329,20.1368612],[-98.3466008,20.1367935],[-98.346795,20.1367638],[-98.3467954,20.1367643],[-98.3469749,20.1369875],[-98.3472268,20.1372436],[-98.3472645,20.137282],[-98.3475408,20.1375562],[-98.3469902,20.1380693],[-98.3468724,20.1381791],[-98.3464861,20.138539],[-98.3459549,20.1390158],[-98.3455621,20.1393789],[-98.3454067,20.1394903],[-98.3449577,20.1398124],[-98.3442666,20.1402273],[-98.3431643,20.1408922],[-98.3428754,20.1404895],[-98.3427678,20.1403431],[-98.3426437,20.1401827],[-98.3425439,20.1400428],[-98.3424692,20.139952],[-98.3424087,20.1398737],[-98.3423186,20.1397479],[-98.3421865,20.1395683],[-98.3421029,20.1394601],[-98.3420354,20.1393671],[-98.3419531,20.1392644],[-98.3418747,20.1391509],[-98.341766,20.1390059],[-98.3416717,20.138875],[-98.3415419,20.1386863],[-98.3414771,20.1385969],[-98.3412311,20.1382474],[-98.3410362,20.1379561],[-98.3408522,20.1376811],[-98.34081,20.1376192],[-98.3406898,20.1374429],[-98.3405732,20.1372662],[-98.3404039,20.1371139]]]},"properties":{"locality":"JARDINES DE NAPATECO","official_key":"1307700680001","CVE_ENT":"13","CVE_MUN":"077","CVE_LOC":"0068","CVE_ASEN":"0001","settlement_type":"FRACCIONAMIENTO","source":"INEGI DCAH 2025"}},{"type":"Feature","geometry":{"type":"Polygon","coordinates":[[[-98.3390033,20.148644],[-98.3383589,20.1475726],[-98.3375113,20.1482816],[-98.3373875,20.1481635],[-98.3373841,20.1480515],[-98.3365014,20.1467632],[-98.3357827,20.1457024],[-98.3357244,20.1456905],[-98.3356968,20.1456791],[-98.3356705,20.1456628],[-98.3355283,20.1454651],[-98.3365237,20.1448541],[-98.3369017,20.1446314],[-98.3377383,20.1441362],[-98.3379568,20.1440047],[-98.3392096,20.1432511],[-98.33988,20.1428483],[-98.3402324,20.1426365],[-98.3403121,20.1425896],[-98.3403971,20.1425395],[-98.3404539,20.1425066],[-98.3417409,20.1417305],[-98.3428231,20.1411],[-98.3431643,20.1408922],[-98.3442666,20.1402273],[-98.3449577,20.1398124],[-98.3448219,20.1400424],[-98.3455734,20.140999],[-98.3455894,20.1410194],[-98.3455883,20.1410205],[-98.3452355,20.1413381],[-98.3449392,20.1415661],[-98.3446404,20.1417931],[-98.3445343,20.1418685],[-98.3443377,20.1420104],[-98.3440448,20.1422453],[-98.3433282,20.1429317],[-98.3431521,20.1430915],[-98.3430235,20.1431976],[-98.3429667,20.1432473],[-98.3427637,20.1434196],[-98.3427458,20.1434348],[-98.3426794,20.1434911],[-98.342458,20.1436736],[-98.3421521,20.143925],[-98.3418696,20.1441783],[-98.341656,20.1443596],[-98.3415774,20.1444267],[-98.3415768,20.1444273],[-98.3413705,20.1446037],[-98.3412956,20.1446695],[-98.3410074,20.1449149],[-98.3407371,20.145159],[-98.3404476,20.1454109],[-98.3404142,20.145443],[-98.3402581,20.1455811],[-98.3410838,20.1462795],[-98.340951,20.1463962],[-98.3422164,20.1476733],[-98.3414248,20.148364],[-98.3409057,20.1488146],[-98.3405439,20.1484747],[-98.3404107,20.148596],[-98.339789,20.1491388],[-98.3396553,20.1492518],[-98.3396647,20.1492742],[-98.3396721,20.1493308],[-98.3396716,20.1493488],[-98.3396559,20.1494108],[-98.3394483,20.1495726],[-98.339412,20.1495381],[-98.3393058,20.1494372],[-98.3393603,20.1493497],[-98.3393519,20.1492379],[-98.3390033,20.148644]]]},"properties":{"locality":"UNIDAD HABITACIONAL NAPATECO","official_key":"1307700680002","CVE_ENT":"13","CVE_MUN":"077","CVE_LOC":"0068","CVE_ASEN":"0002","settlement_type":"FRACCIONAMIENTO","source":"INEGI DCAH 2025"}},{"type":"Feature","geometry":{"type":"Polygon","coordinates":[[[-98.333442,20.1419036],[-98.3339266,20.1416239],[-98.3339429,20.1416399],[-98.3357336,20.140575],[-98.3358309,20.1407597],[-98.3359758,20.1410274],[-98.3361786,20.1413941],[-98.3362837,20.14158],[-98.3364026,20.1417668],[-98.3364467,20.141758],[-98.3364449,20.1415221],[-98.3367563,20.1420416],[-98.337144,20.1426805],[-98.3373424,20.1430063],[-98.3379568,20.1440047],[-98.3377383,20.1441362],[-98.3369017,20.1446314],[-98.3365237,20.1448541],[-98.3355283,20.1454651],[-98.3354535,20.145467],[-98.3349993,20.1446667],[-98.334746,20.1442011],[-98.333442,20.1419036]]]},"properties":{"locality":"LA LOMA NAPATECO","official_key":"1307700680003","CVE_ENT":"13","CVE_MUN":"077","CVE_LOC":"0068","CVE_ASEN":"0003","settlement_type":"FRACCIONAMIENTO","source":"INEGI DCAH 2025"}},{"type":"Feature","geometry":{"type":"Polygon","coordinates":[[[-98.3390741,20.1368919],[-98.3398841,20.1364147],[-98.3400566,20.13667],[-98.340071,20.1366892],[-98.3401892,20.1368476],[-98.3403555,20.1370704],[-98.3404039,20.1371139],[-98.3405732,20.1372662],[-98.3406898,20.1374429],[-98.34081,20.1376192],[-98.3408522,20.1376811],[-98.3410362,20.1379561],[-98.3412311,20.1382474],[-98.3414771,20.1385969],[-98.3415419,20.1386863],[-98.3416717,20.138875],[-98.341766,20.1390059],[-98.3418747,20.1391509],[-98.3419531,20.1392644],[-98.3420354,20.1393671],[-98.3421029,20.1394601],[-98.3421865,20.1395683],[-98.3423186,20.1397479],[-98.3424087,20.1398737],[-98.3424692,20.139952],[-98.3425439,20.1400428],[-98.3426437,20.1401827],[-98.3427678,20.1403431],[-98.3428754,20.1404895],[-98.3431643,20.1408922],[-98.3428231,20.1411],[-98.3417409,20.1417305],[-98.3404539,20.1425066],[-98.3402777,20.1421973],[-98.3400927,20.1423001],[-98.3396553,20.1414997],[-98.3394993,20.1412159],[-98.3394597,20.1412045],[-98.3392666,20.1408443],[-98.3390948,20.1405425],[-98.3389051,20.1402173],[-98.3384501,20.1393672],[-98.3382476,20.1390186],[-98.338088,20.1387252],[-98.3379069,20.1383901],[-98.3377424,20.1380765],[-98.3376335,20.1378892],[-98.3375385,20.137726],[-98.3377016,20.1376538],[-98.3378051,20.1375963],[-98.3379042,20.1375413],[-98.3379078,20.1375393],[-98.3389029,20.1369869],[-98.3390505,20.136905],[-98.3390741,20.1368919]]]},"properties":{"locality":"PLEASENTON","official_key":"1307700680004","CVE_ENT":"13","CVE_MUN":"077","CVE_LOC":"0068","CVE_ASEN":"0004","settlement_type":"FRACCIONAMIENTO","source":"INEGI DCAH 2025"}},{"type":"Feature","geometry":{"type":"Polygon","coordinates":[[[-98.337144,20.1426805],[-98.3367563,20.1420416],[-98.3364449,20.1415221],[-98.3364438,20.1413671],[-98.3366597,20.1408603],[-98.3368042,20.1405156],[-98.3369452,20.140197],[-98.3381363,20.141813],[-98.3388312,20.14136],[-98.3389416,20.1415136],[-98.3389535,20.1415302],[-98.3394597,20.1412045],[-98.3394993,20.1412159],[-98.3396553,20.1414997],[-98.3400927,20.1423001],[-98.3402777,20.1421973],[-98.3404539,20.1425066],[-98.3403971,20.1425395],[-98.3403121,20.1425896],[-98.3402324,20.1426365],[-98.33988,20.1428483],[-98.3392096,20.1432511],[-98.3379568,20.1440047],[-98.3373424,20.1430063],[-98.337144,20.1426805]]]},"properties":{"locality":"PRIVADAS DE NAPATECO","official_key":"1307700680008","CVE_ENT":"13","CVE_MUN":"077","CVE_LOC":"0068","CVE_ASEN":"0008","settlement_type":"FRACCIONAMIENTO","source":"INEGI DCAH 2025"}},{"type":"Feature","geometry":{"type":"Polygon","coordinates":[[[-98.346795,20.1367638],[-98.3470928,20.1367186],[-98.3473354,20.1366774],[-98.3480474,20.1365089],[-98.3481542,20.1364557],[-98.3490224,20.1359883],[-98.349148,20.1359505],[-98.3491621,20.1359496],[-98.3493011,20.1359968],[-98.3475408,20.1375562],[-98.3472645,20.137282],[-98.3472268,20.1372436],[-98.3469749,20.1369875],[-98.3467954,20.1367643],[-98.346795,20.1367638]]]},"properties":{"locality":"SAN FRANCISCO JARDINES DE NAPATECO","official_key":"1307700680009","CVE_ENT":"13","CVE_MUN":"077","CVE_LOC":"0068","CVE_ASEN":"0009","settlement_type":"PRIVADA","source":"INEGI DCAH 2025"}},{"type":"Feature","geometry":{"type":"Polygon","coordinates":[[[-98.3339266,20.1416239],[-98.3338092,20.1415211],[-98.3337561,20.1415568],[-98.3327616,20.1406985],[-98.332164,20.1401399],[-98.3322631,20.1399986],[-98.3323301,20.1398423],[-98.332185,20.1396556],[-98.3324353,20.1394218],[-98.3324602,20.1393983],[-98.3327138,20.1391591],[-98.3330621,20.1394316],[-98.3330854,20.1394512],[-98.3335612,20.1398531],[-98.3337586,20.1400218],[-98.3340434,20.1397506],[-98.3342959,20.1395102],[-98.3341207,20.139343],[-98.3343787,20.1390714],[-98.3340907,20.1388503],[-98.3344305,20.1386477],[-98.3346146,20.1388127],[-98.3347415,20.1386896],[-98.3351424,20.1393733],[-98.3353272,20.139255],[-98.3359598,20.1404387],[-98.3357336,20.140575],[-98.3339429,20.1416399],[-98.3339266,20.1416239]]]},"properties":{"locality":"RINCONADA DEL BOSQUE","official_key":"1307700680011","CVE_ENT":"13","CVE_MUN":"077","CVE_LOC":"0068","CVE_ASEN":"0011","settlement_type":"FRACCIONAMIENTO","source":"INEGI DCAH 2025"}},{"type":"Feature","geometry":{"type":"Polygon","coordinates":[[[-98.3979635,20.0773482],[-98.397961,20.0772225],[-98.3979575,20.0771251],[-98.3979549,20.0769908],[-98.3979488,20.07675],[-98.3979399,20.0763857],[-98.3979402,20.0760122],[-98.3979413,20.0757801],[-98.3979402,20.0756233],[-98.3979425,20.075498],[-98.3979416,20.0753953],[-98.3979394,20.0752355],[-98.3979397,20.0752248],[-98.3979562,20.075165],[-98.3979444,20.0748593],[-98.3979431,20.0748256],[-98.3979336,20.0743474],[-98.3979265,20.0739928],[-98.3979258,20.0737668],[-98.3979275,20.0735989],[-98.3979292,20.0734272],[-98.3979248,20.0731452],[-98.3979086,20.0726024],[-98.3979016,20.0723028],[-98.3978842,20.0718281],[-98.3978679,20.0714892],[-98.3978634,20.0713763],[-98.3978593,20.0712822],[-98.3978605,20.0711718],[-98.39879,20.0709539],[-98.399461,20.0707899],[-98.4006935,20.0705192],[-98.4009427,20.0704591],[-98.4012339,20.0714996],[-98.401337,20.0719023],[-98.4012941,20.0719401],[-98.4012512,20.0720737],[-98.4012526,20.0722407],[-98.4013022,20.0727907],[-98.401372,20.0731963],[-98.4013746,20.0735238],[-98.4014336,20.0741385],[-98.4014741,20.0744282],[-98.4014857,20.0748285],[-98.4013522,20.0748635],[-98.4013781,20.0753388],[-98.4014072,20.0759784],[-98.4014245,20.0762119],[-98.4014416,20.076443],[-98.4015146,20.0773021],[-98.401516,20.0773283],[-98.4013766,20.0773358],[-98.4013332,20.0773156],[-98.4012985,20.0773174],[-98.400764,20.0773452],[-98.4000209,20.0773871],[-98.3992221,20.0774275],[-98.3990975,20.0774364],[-98.3989269,20.0774645],[-98.3979779,20.077533],[-98.3979635,20.0773482]]]},"properties":{"locality":"MAGISTERIO TULANCINGUENCE","official_key":"1307700700001","CVE_ENT":"13","CVE_MUN":"077","CVE_LOC":"0070","CVE_ASEN":"0001","settlement_type":"FRACCIONAMIENTO","source":"INEGI DCAH 2025"}},{"type":"Feature","geometry":{"type":"Polygon","coordinates":[[[-98.4008937,20.0655742],[-98.4003858,20.0650454],[-98.4002829,20.0649488],[-98.4002769,20.0649432],[-98.4002238,20.0648947],[-98.4002238,20.0648946],[-98.4001426,20.0648386],[-98.3999501,20.0647854],[-98.3998181,20.0647802],[-98.3996492,20.0647574],[-98.3994786,20.0646765],[-98.399192,20.0645192],[-98.3988955,20.0643438],[-98.3985921,20.0641987],[-98.3985124,20.0641606],[-98.3994276,20.0630521],[-98.3991259,20.0627813],[-98.3995749,20.0623433],[-98.3989494,20.0623891],[-98.3983984,20.0624294],[-98.3992272,20.0611206],[-98.3995948,20.0607591],[-98.3999007,20.0611346],[-98.4001892,20.0611941],[-98.4012907,20.0600613],[-98.4019097,20.0608617],[-98.4025385,20.0616871],[-98.4031803,20.062481],[-98.4027154,20.0628478],[-98.4027285,20.0629191],[-98.4026814,20.0629828],[-98.4023055,20.0633189],[-98.4023473,20.0633501],[-98.402984,20.0638266],[-98.4030075,20.0638443],[-98.4031258,20.0640024],[-98.4034949,20.0645408],[-98.4035145,20.0645693],[-98.4035355,20.0646],[-98.4036534,20.064772],[-98.4036783,20.0648083],[-98.4037013,20.0648419],[-98.4037357,20.064892],[-98.404082,20.0653973],[-98.4043265,20.0657539],[-98.4046666,20.06625],[-98.4051505,20.0669559],[-98.4052561,20.0671099],[-98.4052603,20.0671115],[-98.4053997,20.0671664],[-98.4054021,20.0671703],[-98.4055439,20.0674051],[-98.4057587,20.0677607],[-98.4061082,20.0683392],[-98.405846,20.0694418],[-98.405838,20.0694752],[-98.4058197,20.0695521],[-98.4058147,20.0695733],[-98.4053514,20.069624],[-98.4047233,20.0696928],[-98.4047188,20.0696933],[-98.4047044,20.0696949],[-98.4046974,20.0696956],[-98.4046916,20.0696963],[-98.4039509,20.0688053],[-98.4033211,20.0680894],[-98.4031272,20.0678807],[-98.4031131,20.0678655],[-98.4029145,20.0676517],[-98.4026519,20.0673691],[-98.4010098,20.0656951],[-98.4008937,20.0655742]]]},"properties":{"locality":"PEDREGAL DE SAN FRANCISCO","official_key":"1307700710001","CVE_ENT":"13","CVE_MUN":"077","CVE_LOC":"0071","CVE_ASEN":"0001","settlement_type":"FRACCIONAMIENTO","source":"INEGI DCAH 2025"}},{"type":"Feature","geometry":{"type":"Polygon","coordinates":[[[-98.3482698,20.1427436],[-98.3480447,20.1425013],[-98.3478166,20.1424024],[-98.3476167,20.1422766],[-98.3474391,20.1421173],[-98.3471372,20.1418159],[-98.3470516,20.1417534],[-98.346952,20.1416617],[-98.3468831,20.1415578],[-98.3466995,20.1414473],[-98.3464043,20.1417157],[-98.3460593,20.1414388],[-98.3456171,20.1410839],[-98.3457442,20.1409699],[-98.3461979,20.1405776],[-98.3468465,20.14005],[-98.3468915,20.1405669],[-98.3469474,20.1412095],[-98.3470126,20.1412773],[-98.3473002,20.1414124],[-98.3476608,20.1415482],[-98.3483421,20.1417909],[-98.3484592,20.1418297],[-98.3485749,20.1418757],[-98.3488126,20.1419178],[-98.3495245,20.1421998],[-98.3500453,20.1423726],[-98.3504958,20.1425293],[-98.3505278,20.1425493],[-98.3505455,20.1425708],[-98.3505428,20.1425938],[-98.3505365,20.1426033],[-98.3505107,20.1426237],[-98.3504606,20.1426134],[-98.3499141,20.1425774],[-98.3497037,20.1425642],[-98.3494138,20.1425575],[-98.3494768,20.142621],[-98.3495059,20.1426716],[-98.3495067,20.1427177],[-98.3494789,20.1427708],[-98.3494286,20.1428252],[-98.348907,20.1432485],[-98.3485312,20.142963],[-98.3482698,20.1427436]]]},"properties":{"locality":"FRANCISCO VILLA NAPATECO","official_key":"1307700730001","CVE_ENT":"13","CVE_MUN":"077","CVE_LOC":"0073","CVE_ASEN":"0001","settlement_type":"COLONIA","source":"INEGI DCAH 2025"}},{"type":"Feature","geometry":{"type":"Polygon","coordinates":[[[-98.4276233,20.1091377],[-98.4273968,20.1088644],[-98.4275761,20.1087592],[-98.4281322,20.1084284],[-98.4287517,20.1080889],[-98.4297458,20.1075568],[-98.429871,20.1076938],[-98.4299001,20.1077342],[-98.4299355,20.1077665],[-98.4299798,20.1078041],[-98.4300592,20.1078885],[-98.4309366,20.108804],[-98.4315031,20.1093266],[-98.4319074,20.1095555],[-98.4321954,20.1096432],[-98.4323862,20.1097538],[-98.4325998,20.109895],[-98.4332088,20.1104063],[-98.4315923,20.1113774],[-98.4303595,20.1121243],[-98.4303384,20.1120191],[-98.4303143,20.1119786],[-98.4302759,20.1119474],[-98.4301677,20.1118379],[-98.4298543,20.111479],[-98.4297945,20.1114263],[-98.4294522,20.1109736],[-98.4291006,20.1105772],[-98.4290302,20.1105118],[-98.4288353,20.1103529],[-98.4287696,20.1102994],[-98.4284181,20.1100561],[-98.428347,20.1100067],[-98.428309,20.1099874],[-98.4282811,20.1099622],[-98.4282244,20.1098746],[-98.4282024,20.1098345],[-98.4281888,20.1098181],[-98.4276233,20.1091377]]]},"properties":{"locality":"CARLOS SALINAS DE GORTARIA","official_key":"1307700750001","CVE_ENT":"13","CVE_MUN":"077","CVE_LOC":"0075","CVE_ASEN":"0001","settlement_type":"FRACCIONAMIENTO","source":"INEGI DCAH 2025"}},{"type":"Feature","geometry":{"type":"Polygon","coordinates":[[[-98.3092995,20.1654616],[-98.3093127,20.1654097],[-98.3093259,20.1653577],[-98.3093296,20.1651209],[-98.3093271,20.1647981],[-98.3092884,20.1646681],[-98.3091683,20.1642669],[-98.3091376,20.1640776],[-98.3091653,20.1632213],[-98.3091685,20.1631813],[-98.3092423,20.1621953],[-98.3092414,20.1619636],[-98.3092409,20.1618254],[-98.3092368,20.1614743],[-98.3092366,20.1614019],[-98.3095521,20.1612838],[-98.3095819,20.1608811],[-98.3104749,20.1606698],[-98.3109879,20.1577508],[-98.3101834,20.1578879],[-98.3100763,20.1583503],[-98.3097188,20.1583415],[-98.3101201,20.1564443],[-98.3103604,20.1544564],[-98.3108792,20.1532765],[-98.3119153,20.1536445],[-98.3114123,20.155591],[-98.3111111,20.1576104],[-98.3117327,20.1574141],[-98.3117902,20.1574019],[-98.3118128,20.1568835],[-98.3119869,20.1563303],[-98.3119996,20.1560725],[-98.3122927,20.1559015],[-98.3123471,20.1558438],[-98.3123726,20.1557965],[-98.3123472,20.1557567],[-98.3122803,20.1557362],[-98.3122402,20.1557057],[-98.3122355,20.1554527],[-98.3131219,20.1552765],[-98.3132434,20.1545042],[-98.3137117,20.1547932],[-98.3135209,20.1554805],[-98.3135302,20.1558081],[-98.3136254,20.1561962],[-98.3137951,20.1565501],[-98.3141043,20.1567832],[-98.3143409,20.1568072],[-98.3140307,20.1579653],[-98.3155979,20.1577721],[-98.317208,20.1574782],[-98.3174234,20.1570936],[-98.3174778,20.1564572],[-98.3185265,20.1564266],[-98.3183239,20.1575262],[-98.3183215,20.1583084],[-98.3184429,20.1592874],[-98.3186886,20.1587118],[-98.3189075,20.1586045],[-98.3191958,20.1593411],[-98.318782,20.1594471],[-98.318468,20.1596068],[-98.3182462,20.1597104],[-98.3179533,20.1599171],[-98.317774,20.1600291],[-98.3172642,20.1612577],[-98.3153684,20.1623115],[-98.3138184,20.1631774],[-98.3130535,20.1636224],[-98.3119758,20.1642314],[-98.3108893,20.1648444],[-98.3104777,20.1650848],[-98.3103044,20.165094],[-98.3101149,20.1651973],[-98.3097093,20.1654881],[-98.3095655,20.1654424],[-98.3092995,20.1654616]]]},"properties":{"locality":"SAN VICENTE","official_key":"1307700790001","CVE_ENT":"13","CVE_MUN":"077","CVE_LOC":"0079","CVE_ASEN":"0001","settlement_type":"RANCHERÍA","source":"INEGI DCAH 2025"}},{"type":"Feature","geometry":{"type":"Polygon","coordinates":[[[-98.3378899,20.1061314],[-98.3377428,20.1056327],[-98.3373409,20.105053],[-98.3372224,20.1044954],[-98.3374187,20.1043256],[-98.3375679,20.1044542],[-98.337635,20.1045659],[-98.3377129,20.1046422],[-98.3376958,20.1045174],[-98.3377181,20.1044743],[-98.3377271,20.104375],[-98.3378402,20.1041561],[-98.3378608,20.1041208],[-98.3379521,20.1039645],[-98.3379647,20.1038736],[-98.3382905,20.1033775],[-98.3388069,20.1031795],[-98.339349,20.1029556],[-98.3392072,20.1027871],[-98.3391308,20.1027339],[-98.3389357,20.1025983],[-98.3384491,20.1022794],[-98.338068,20.1020284],[-98.3377339,20.1018142],[-98.337916,20.101597],[-98.3382916,20.1011459],[-98.3384057,20.1010089],[-98.3384793,20.1009241],[-98.3382582,20.1003985],[-98.3385494,20.1002003],[-98.3388124,20.1004693],[-98.3390423,20.1002349],[-98.3395739,20.0995518],[-98.339797,20.099754],[-98.3398998,20.0995213],[-98.3402207,20.0991163],[-98.3395956,20.0987461],[-98.338938,20.0984567],[-98.3386962,20.0980045],[-98.3383509,20.0976219],[-98.3380462,20.0979936],[-98.338103,20.0981486],[-98.3380736,20.0982966],[-98.3378946,20.0985275],[-98.3376399,20.0988066],[-98.3376038,20.0988511],[-98.3373017,20.099223],[-98.3372113,20.0991836],[-98.3370028,20.0989578],[-98.3370435,20.0989059],[-98.3367645,20.0986581],[-98.3376467,20.0975767],[-98.3372966,20.0973759],[-98.3361365,20.0964602],[-98.3364995,20.0963373],[-98.3368685,20.0962123],[-98.3370965,20.0963122],[-98.3373763,20.0962656],[-98.3378635,20.0966912],[-98.3378732,20.0966997],[-98.3381665,20.0969961],[-98.3382683,20.0970891],[-98.3384719,20.0973724],[-98.338784,20.0977564],[-98.3391921,20.0983049],[-98.3392807,20.0984578],[-98.3394934,20.0985939],[-98.33959,20.0986884],[-98.3396253,20.0987091],[-98.3399899,20.0984383],[-98.3402351,20.0987063],[-98.340453,20.0987917],[-98.3409687,20.0990761],[-98.3418491,20.0996426],[-98.3424885,20.0998869],[-98.3435074,20.1003578],[-98.3437549,20.1000745],[-98.3443617,20.1003454],[-98.3457887,20.1008207],[-98.3460307,20.1010867],[-98.3460139,20.101324],[-98.3456495,20.1014345],[-98.3441492,20.1023122],[-98.3439481,20.1024418],[-98.3438798,20.102567],[-98.3440904,20.1028132],[-98.3440959,20.1029918],[-98.3439501,20.1031036],[-98.3436533,20.1031104],[-98.3435793,20.1032388],[-98.3436984,20.1035385],[-98.3436362,20.1040472],[-98.3434929,20.1041227],[-98.3433556,20.1041502],[-98.343347,20.1042986],[-98.3435015,20.1045753],[-98.343326,20.1049401],[-98.3427928,20.1053934],[-98.3410459,20.1061893],[-98.34065,20.1062446],[-98.3394757,20.106091],[-98.3392133,20.1059676],[-98.3382251,20.1062788],[-98.3378899,20.1061314]]]},"properties":{"locality":"VIVEROS DE LA LOMA","official_key":"1307700800001","CVE_ENT":"13","CVE_MUN":"077","CVE_LOC":"0080","CVE_ASEN":"0001","settlement_type":"COLONIA","source":"INEGI DCAH 2025"}},{"type":"Feature","geometry":{"type":"Polygon","coordinates":[[[-98.380375,20.0938865],[-98.3803756,20.0938829],[-98.3803967,20.0937446],[-98.3804462,20.0934174],[-98.3805041,20.093009],[-98.3805732,20.0925226],[-98.3806972,20.0921503],[-98.3807279,20.0920906],[-98.3808177,20.0919159],[-98.3809291,20.0916764],[-98.3810355,20.0913282],[-98.3810356,20.0913277],[-98.3810356,20.0913234],[-98.381035,20.0911229],[-98.3810345,20.0909395],[-98.3808809,20.0901259],[-98.3807841,20.089864],[-98.3807128,20.0895867],[-98.3807129,20.0895819],[-98.3807219,20.0892312],[-98.380722,20.0892264],[-98.3809245,20.0888826],[-98.3809249,20.0888831],[-98.3809252,20.0888834],[-98.3809244,20.0888846],[-98.3809249,20.0888851],[-98.3809262,20.0888866],[-98.3810532,20.0890318],[-98.3817299,20.0893901],[-98.3819938,20.0896199],[-98.3821904,20.0898914],[-98.3824861,20.0899465],[-98.3826887,20.0900396],[-98.3841485,20.0910815],[-98.3846371,20.0914251],[-98.3854047,20.0919905],[-98.3857902,20.0922802],[-98.3859723,20.0919373],[-98.3863361,20.0919849],[-98.3863386,20.0922346],[-98.3863386,20.092236],[-98.3863181,20.0924095],[-98.3862758,20.0925674],[-98.3862275,20.092628],[-98.3862265,20.0926292],[-98.3872474,20.0933855],[-98.3882588,20.09411],[-98.3884776,20.0942667],[-98.390509,20.0957595],[-98.3922111,20.0970103],[-98.3924682,20.0972025],[-98.3935797,20.0980328],[-98.3939021,20.0982885],[-98.3941955,20.0985212],[-98.394302,20.0984936],[-98.3943739,20.098475],[-98.3943743,20.0984734],[-98.3962464,20.0997707],[-98.3962548,20.0998332],[-98.3962676,20.0999272],[-98.3974773,20.1007628],[-98.4008574,20.1031242],[-98.401103,20.1032922],[-98.4010312,20.1033577],[-98.4006673,20.1035722],[-98.4003006,20.103779],[-98.3996461,20.1041479],[-98.3984921,20.1046556],[-98.398223,20.1047593],[-98.3979572,20.1048616],[-98.3978468,20.1049041],[-98.3960858,20.1023982],[-98.3956345,20.1033802],[-98.3952182,20.1042806],[-98.3936644,20.1027535],[-98.3916955,20.1008511],[-98.3915477,20.1007133],[-98.3913657,20.1005534],[-98.3904909,20.0995446],[-98.3903349,20.1006164],[-98.3895496,20.1000119],[-98.3884413,20.098947],[-98.3873975,20.0979777],[-98.3868794,20.0979027],[-98.3862666,20.0977986],[-98.3852462,20.0976234],[-98.3858519,20.0954396],[-98.3842802,20.094944],[-98.3841642,20.0949065],[-98.3838682,20.0948439],[-98.3805252,20.0940747],[-98.3804159,20.0940425],[-98.3803758,20.0938889],[-98.3803755,20.0938877],[-98.380375,20.0938865]]]},"properties":{"locality":"SAN NICOLAS EL CHICO","official_key":"1307700870001","CVE_ENT":"13","CVE_MUN":"077","CVE_LOC":"0087","CVE_ASEN":"0001","settlement_type":"RANCHO","source":"INEGI DCAH 2025"}},{"type":"Feature","geometry":{"type":"Polygon","coordinates":[[[-98.3267047,20.1615793],[-98.3266118,20.1615374],[-98.3264815,20.1615609],[-98.3263708,20.1616035],[-98.3262369,20.1616484],[-98.3261034,20.161686],[-98.3259613,20.1616705],[-98.3258142,20.1615936],[-98.325646,20.1615492],[-98.325486,20.1616206],[-98.325321,20.161704],[-98.3252401,20.1618366],[-98.3252577,20.1619627],[-98.325281,20.1620725],[-98.3252511,20.1621606],[-98.3251597,20.1622416],[-98.32499,20.1622496],[-98.3246713,20.1622162],[-98.3244116,20.162208],[-98.3241891,20.1622036],[-98.3235093,20.1620504],[-98.3232747,20.1619827],[-98.3229583,20.1618814],[-98.3226661,20.1618154],[-98.322276,20.1617067],[-98.3221212,20.1616624],[-98.3220304,20.1616756],[-98.321717,20.1617944],[-98.3215712,20.161869],[-98.3216163,20.1620799],[-98.3215837,20.1621424],[-98.3215266,20.1621768],[-98.3214745,20.1621958],[-98.3213361,20.1620668],[-98.3211114,20.1619494],[-98.320883,20.1618839],[-98.3206629,20.161622],[-98.3204485,20.1612885],[-98.3203701,20.1612092],[-98.3202679,20.1611721],[-98.3199561,20.1611602],[-98.3194556,20.1610188],[-98.3188635,20.1605843],[-98.3186041,20.1603713],[-98.3184583,20.1603328],[-98.3182764,20.1603345],[-98.3181499,20.1603197],[-98.3179134,20.1602469],[-98.3178173,20.1602524],[-98.3176895,20.1603326],[-98.3177744,20.1602121],[-98.3178423,20.1600994],[-98.3180874,20.1599523],[-98.3180905,20.1599501],[-98.3180919,20.1599486],[-98.3182717,20.1598029],[-98.3184649,20.1596673],[-98.3185718,20.1596023],[-98.3186324,20.1595655],[-98.3186716,20.1595417],[-98.3187038,20.1595338],[-98.3188196,20.1594824],[-98.31902,20.1594548],[-98.3192401,20.1593649],[-98.3197451,20.158976],[-98.320575,20.1582926],[-98.3212199,20.1577873],[-98.3215845,20.157491],[-98.3214547,20.1574679],[-98.3212793,20.157437],[-98.3211527,20.1573714],[-98.3210839,20.157227],[-98.321074,20.157053],[-98.3210248,20.1568523],[-98.3208269,20.1566205],[-98.3207635,20.1564562],[-98.320545,20.1561441],[-98.3204413,20.154838],[-98.3211823,20.1543857],[-98.3231071,20.1551628],[-98.3232061,20.1505113],[-98.3257776,20.1475139],[-98.3278274,20.1496992],[-98.3284857,20.152544],[-98.3283902,20.1561612],[-98.3279668,20.1570916],[-98.3275075,20.1577243],[-98.3288181,20.1605197],[-98.3296206,20.1616877],[-98.3297468,20.1623167],[-98.32943,20.1624895],[-98.3282887,20.1627983],[-98.3280506,20.1626316],[-98.3278864,20.1625735],[-98.3276186,20.1623942],[-98.3272596,20.1621385],[-98.3269729,20.1618893],[-98.326836,20.1616939],[-98.3267047,20.1615793]]]},"properties":{"locality":"SAN FELIPE","official_key":"1307700890001","CVE_ENT":"13","CVE_MUN":"077","CVE_LOC":"0089","CVE_ASEN":"0001","settlement_type":"BARRIO","source":"INEGI DCAH 2025"}},{"type":"Feature","geometry":{"type":"Polygon","coordinates":[[[-98.3419471,20.0886076],[-98.3418266,20.0885956],[-98.3416451,20.08861],[-98.3414793,20.0886052],[-98.3412169,20.0886458],[-98.3408055,20.0886968],[-98.3406803,20.0886716],[-98.340599,20.0885935],[-98.340759,20.0875053],[-98.3406458,20.0874472],[-98.3402004,20.0873456],[-98.3400931,20.0873024],[-98.3399617,20.0872329],[-98.3398624,20.0871886],[-98.339987,20.0868447],[-98.3398817,20.0867496],[-98.3397979,20.086468],[-98.3398003,20.0861875],[-98.3391138,20.0861995],[-98.3392248,20.0842427],[-98.340319,20.0842764],[-98.3405458,20.0845175],[-98.3406484,20.084497],[-98.3406526,20.0841266],[-98.340571,20.0837361],[-98.340374,20.0833739],[-98.3399972,20.0824828],[-98.3394409,20.0825171],[-98.3394269,20.0821198],[-98.3394114,20.0817781],[-98.3394181,20.0815307],[-98.3404309,20.0814994],[-98.3404247,20.0812174],[-98.3407126,20.0812379],[-98.3407052,20.0811782],[-98.3405062,20.0810991],[-98.3403424,20.0810645],[-98.3402309,20.0811077],[-98.3402449,20.0811772],[-98.3402841,20.0812724],[-98.3401991,20.0812872],[-98.339875,20.0811939],[-98.3397719,20.081117],[-98.3397365,20.0810735],[-98.3396759,20.0810593],[-98.3395106,20.081103],[-98.3395289,20.0804042],[-98.3388769,20.080386],[-98.339157,20.0800318],[-98.339273,20.0800361],[-98.3392773,20.0798694],[-98.3394672,20.0798415],[-98.3394576,20.0797445],[-98.3398878,20.079723],[-98.3405929,20.0796805],[-98.3412648,20.079633],[-98.341969,20.0795445],[-98.3420644,20.0799094],[-98.3421424,20.0802363],[-98.3421967,20.0804566],[-98.3423963,20.0805144],[-98.3424648,20.080546],[-98.3427264,20.0806306],[-98.3428519,20.0806385],[-98.3428217,20.0802409],[-98.3427562,20.0796078],[-98.3434241,20.0793855],[-98.3434608,20.0794676],[-98.3435324,20.0794818],[-98.3436326,20.0794597],[-98.3437098,20.0794206],[-98.3437942,20.0793221],[-98.3438881,20.0792008],[-98.3440455,20.079132],[-98.3447952,20.0786027],[-98.3448368,20.0783783],[-98.3448671,20.0783616],[-98.3449637,20.0783407],[-98.3450705,20.0782653],[-98.3450817,20.0781968],[-98.345089,20.0781521],[-98.3450896,20.0781488],[-98.3450891,20.0781473],[-98.3450856,20.0781355],[-98.3450724,20.0780907],[-98.3450591,20.0780461],[-98.3450551,20.0780324],[-98.3450546,20.078031],[-98.3450552,20.0780277],[-98.3450774,20.0779383],[-98.345082,20.0779198],[-98.3456491,20.0774917],[-98.3459081,20.0773076],[-98.3460082,20.0777157],[-98.3460412,20.0778553],[-98.3460635,20.0779943],[-98.3460896,20.0781564],[-98.3460898,20.0781574],[-98.3460296,20.0781717],[-98.3458224,20.078221],[-98.3458207,20.0782214],[-98.345812,20.07826],[-98.3454815,20.078329],[-98.3455994,20.0789089],[-98.345209,20.0791805],[-98.3450698,20.0792945],[-98.3449229,20.0795282],[-98.3450373,20.079663],[-98.3451382,20.0797123],[-98.3453883,20.079977],[-98.3452823,20.0795189],[-98.3455337,20.0793437],[-98.345606,20.0796189],[-98.3456706,20.079884],[-98.3459985,20.0811807],[-98.3460038,20.0812017],[-98.3460329,20.0812609],[-98.345664,20.0813079],[-98.3458089,20.0815654],[-98.3458948,20.0818946],[-98.3458869,20.0819502],[-98.3459507,20.0821674],[-98.3459751,20.0822119],[-98.3460414,20.0822516],[-98.3461044,20.0822744],[-98.3461748,20.082597],[-98.3462452,20.0829598],[-98.3463177,20.0833128],[-98.3463663,20.0836248],[-98.3463659,20.0836249],[-98.3460796,20.0836464],[-98.3460784,20.0836464],[-98.3460779,20.0836465],[-98.3460783,20.0836512],[-98.3461327,20.0842993],[-98.3462027,20.0846258],[-98.3462035,20.0846292],[-98.3462038,20.0846304],[-98.3462026,20.0846306],[-98.3460929,20.0846424],[-98.3458229,20.0846717],[-98.3456034,20.084712],[-98.3446858,20.0848024],[-98.3446846,20.0848026],[-98.3446841,20.0848026],[-98.3438631,20.0849242],[-98.3438617,20.0849244],[-98.343841,20.0850555],[-98.3438285,20.0851338],[-98.3438274,20.0851411],[-98.343803,20.0852954],[-98.3437602,20.085569],[-98.3437318,20.0857505],[-98.3436965,20.0859789],[-98.3436622,20.0862211],[-98.3436506,20.0863173],[-98.3436135,20.0866281],[-98.3435618,20.0870394],[-98.3434741,20.0873914],[-98.3434073,20.0877602],[-98.3433626,20.0880811],[-98.3433518,20.0881582],[-98.3433031,20.0885332],[-98.3432509,20.0888301],[-98.3432503,20.0888334],[-98.343109,20.0888565],[-98.343021,20.0888632],[-98.3428993,20.0888725],[-98.3427934,20.0888796],[-98.3424875,20.088791],[-98.3423586,20.0887465],[-98.3423098,20.0887297],[-98.3422882,20.0887156],[-98.3421544,20.0886284],[-98.3419471,20.0886076]]]},"properties":{"locality":"EL PARAISO","official_key":"1307700970001","CVE_ENT":"13","CVE_MUN":"077","CVE_LOC":"0097","CVE_ASEN":"0001","settlement_type":"EJIDO","source":"INEGI DCAH 2025"}},{"type":"Feature","geometry":{"type":"Polygon","coordinates":[[[-98.3922555,20.072597],[-98.3922277,20.072445],[-98.3922274,20.0724435],[-98.3922269,20.0724405],[-98.3922278,20.0724402],[-98.3922286,20.07244],[-98.3926167,20.0723403],[-98.3928932,20.0722693],[-98.3928942,20.072269],[-98.392894,20.072268],[-98.3928933,20.0722645],[-98.3928503,20.0720458],[-98.3928162,20.0719083],[-98.3928006,20.071845],[-98.3928002,20.0718434],[-98.3928007,20.0718402],[-98.3928012,20.0718372],[-98.392802,20.0718324],[-98.3928217,20.0717104],[-98.392894,20.0716037],[-98.3928947,20.0716035],[-98.3993081,20.0700326],[-98.4020439,20.0693877],[-98.4019527,20.0686672],[-98.4017086,20.0681935],[-98.4015184,20.0682931],[-98.4007961,20.0675268],[-98.3998274,20.0667885],[-98.3998518,20.0664629],[-98.4002732,20.0661072],[-98.4008937,20.0655742],[-98.4010098,20.0656951],[-98.4026519,20.0673691],[-98.4029145,20.0676517],[-98.4031131,20.0678655],[-98.4031272,20.0678807],[-98.4033211,20.0680894],[-98.4039509,20.0688053],[-98.4046916,20.0696963],[-98.4046901,20.0696964],[-98.4045977,20.0697065],[-98.4041039,20.0697606],[-98.4038606,20.0697872],[-98.4030149,20.0699664],[-98.4028831,20.0699943],[-98.4018076,20.0702221],[-98.4016858,20.0702479],[-98.4009427,20.0704591],[-98.4006935,20.0705192],[-98.399461,20.0707899],[-98.39879,20.0709539],[-98.3978605,20.0711718],[-98.3978593,20.0712822],[-98.3978634,20.0713763],[-98.3978679,20.0714892],[-98.3978842,20.0718281],[-98.3979016,20.0723028],[-98.3979086,20.0726024],[-98.3979248,20.0731452],[-98.3979292,20.0734272],[-98.3979275,20.0735989],[-98.3979258,20.0737668],[-98.3979265,20.0739928],[-98.3979336,20.0743474],[-98.3979431,20.0748256],[-98.3979444,20.0748593],[-98.3979562,20.075165],[-98.3979397,20.0752248],[-98.3978719,20.0752312],[-98.3961484,20.0753937],[-98.3928171,20.0756607],[-98.3927098,20.0750485],[-98.3923837,20.0732892],[-98.3922555,20.072597]]]},"properties":{"locality":"SAN FRANCISCO","official_key":"1307700980001","CVE_ENT":"13","CVE_MUN":"077","CVE_LOC":"0098","CVE_ASEN":"0001","settlement_type":"NINGUNO","source":"INEGI DCAH 2025"}},{"type":"Feature","geometry":{"type":"Polygon","coordinates":[[[-98.3338948,20.0851719],[-98.3337553,20.0851317],[-98.3327166,20.0852499],[-98.332224,20.0852907],[-98.3317313,20.0853164],[-98.331511,20.0834357],[-98.3335793,20.0832789],[-98.3334567,20.0829423],[-98.3334063,20.0827741],[-98.3333426,20.0825611],[-98.335428,20.0819603],[-98.3355876,20.0818936],[-98.3356347,20.0820468],[-98.3372846,20.0815078],[-98.3373293,20.0814887],[-98.3374168,20.081481],[-98.3374024,20.0812819],[-98.3381723,20.0811586],[-98.3383501,20.0811307],[-98.3386091,20.0811656],[-98.3387677,20.0811398],[-98.3391386,20.0810629],[-98.3394191,20.0810553],[-98.339406,20.081433],[-98.3394181,20.0815307],[-98.3394114,20.0817781],[-98.3394269,20.0821198],[-98.3394409,20.0825171],[-98.3386483,20.0825137],[-98.3386499,20.0831782],[-98.3386508,20.0835744],[-98.3378773,20.0836039],[-98.3378687,20.0838354],[-98.337447,20.0838652],[-98.3374341,20.0843274],[-98.3376181,20.0843505],[-98.3376192,20.084793],[-98.3376198,20.0850435],[-98.3376096,20.0850834],[-98.337619,20.0854278],[-98.3376156,20.085748],[-98.3375919,20.0860404],[-98.337555,20.0863619],[-98.3375052,20.0868715],[-98.3373123,20.0867874],[-98.3365672,20.0863246],[-98.3364102,20.0862254],[-98.3360663,20.0860425],[-98.3353965,20.0856862],[-98.3345474,20.0853717],[-98.3338948,20.0851719]]]},"properties":{"locality":"LOMAS DEL PEDREGAL","official_key":"1307701020001","CVE_ENT":"13","CVE_MUN":"077","CVE_LOC":"0102","CVE_ASEN":"0001","settlement_type":"COLONIA","source":"INEGI DCAH 2025"}},{"type":"Feature","geometry":{"type":"Polygon","coordinates":[[[-98.3333426,20.0825611],[-98.3332354,20.0813224],[-98.3331924,20.0806714],[-98.3332352,20.0797786],[-98.3304308,20.079933],[-98.3305604,20.0791267],[-98.3306943,20.0780417],[-98.3316554,20.0779822],[-98.3321219,20.0779266],[-98.3326079,20.0778068],[-98.3325544,20.0765319],[-98.3325402,20.0757914],[-98.3325903,20.075711],[-98.3326569,20.0756702],[-98.3327513,20.0755806],[-98.3331569,20.075486],[-98.3334419,20.0754566],[-98.3335258,20.0754727],[-98.334202,20.0747333],[-98.3345027,20.0750342],[-98.3345521,20.0749894],[-98.3345711,20.0749213],[-98.3345764,20.0748352],[-98.3345551,20.0747416],[-98.3347829,20.0745086],[-98.335105,20.0741508],[-98.335408,20.0744694],[-98.3361208,20.0752383],[-98.3361765,20.0750977],[-98.3363989,20.074922],[-98.3368786,20.0746329],[-98.3368824,20.075121],[-98.3368612,20.0753223],[-98.3368061,20.0755118],[-98.3367505,20.0756546],[-98.3366971,20.075724],[-98.3366352,20.0757064],[-98.3366682,20.0760184],[-98.3366754,20.0760964],[-98.3366821,20.0762241],[-98.336684,20.0762949],[-98.3366915,20.0763731],[-98.3369967,20.0767151],[-98.3370641,20.0774746],[-98.3373107,20.0774826],[-98.3395935,20.0773964],[-98.3396215,20.0778342],[-98.3397998,20.0778387],[-98.3398063,20.0782362],[-98.3397593,20.0786035],[-98.3396669,20.0786985],[-98.3388053,20.078756],[-98.3388771,20.0789849],[-98.3387456,20.0791798],[-98.3380375,20.0793469],[-98.3372973,20.0793931],[-98.337376,20.0804445],[-98.3373894,20.0804929],[-98.3373785,20.0812452],[-98.337266,20.0812799],[-98.3373293,20.0814887],[-98.3372846,20.0815078],[-98.3356347,20.0820468],[-98.3355876,20.0818936],[-98.335428,20.0819603],[-98.3333426,20.0825611]]]},"properties":{"locality":"2 DE AGOSTO","official_key":"1307701050001","CVE_ENT":"13","CVE_MUN":"077","CVE_LOC":"0105","CVE_ASEN":"0001","settlement_type":"COLONIA","source":"INEGI DCAH 2025"}},{"type":"Feature","geometry":{"type":"Polygon","coordinates":[[[-98.4046302,20.1178416],[-98.404682,20.1178372],[-98.4051117,20.1218667],[-98.4039561,20.1219591],[-98.4033226,20.1220036],[-98.4032127,20.1220114],[-98.4029856,20.1220274],[-98.4029721,20.1217663],[-98.4029472,20.1214423],[-98.4029889,20.121402],[-98.4029732,20.1210772],[-98.4029474,20.1207454],[-98.4029343,20.1207019],[-98.4028752,20.120021],[-98.4028433,20.119691],[-98.4028703,20.1196302],[-98.4028688,20.1192654],[-98.4028375,20.1189537],[-98.4027793,20.1189255],[-98.4027443,20.1185964],[-98.4027198,20.1182579],[-98.4027103,20.1182327],[-98.4026889,20.1180045],[-98.402874,20.1179919],[-98.4030842,20.1179776],[-98.4030846,20.1179775],[-98.403085,20.1179775],[-98.403387,20.1179674],[-98.4035817,20.1179651],[-98.4036021,20.1179621],[-98.4037811,20.1179357],[-98.4042263,20.1178752],[-98.4046302,20.1178416]]]},"properties":{"locality":"RINCONES DE LA HACIENDA I","official_key":"1307701080001","CVE_ENT":"13","CVE_MUN":"077","CVE_LOC":"0108","CVE_ASEN":"0001","settlement_type":"FRACCIONAMIENTO","source":"INEGI DCAH 2025"}},{"type":"Feature","geometry":{"type":"Polygon","coordinates":[[[-98.400472,20.1187181],[-98.4004804,20.1187175],[-98.4004881,20.1187169],[-98.4005978,20.118709],[-98.400731,20.1186862],[-98.4008139,20.1186076],[-98.4008489,20.1184932],[-98.4008392,20.1183274],[-98.4008374,20.1182971],[-98.40089,20.1182295],[-98.4010348,20.1181391],[-98.401466,20.1181025],[-98.4015859,20.1180932],[-98.4017212,20.1180755],[-98.4020458,20.1180522],[-98.402141,20.1180451],[-98.4022851,20.1180344],[-98.4026889,20.1180045],[-98.4027103,20.1182327],[-98.4027198,20.1182579],[-98.4027443,20.1185964],[-98.4027793,20.1189255],[-98.4028375,20.1189537],[-98.4028688,20.1192654],[-98.4028703,20.1196302],[-98.4028433,20.119691],[-98.4028752,20.120021],[-98.4029343,20.1207019],[-98.4029474,20.1207454],[-98.4029732,20.1210772],[-98.4029889,20.121402],[-98.4029472,20.1214423],[-98.4029721,20.1217663],[-98.4029856,20.1220274],[-98.4019775,20.1220982],[-98.4018315,20.1221104],[-98.4008126,20.122219],[-98.4007892,20.1219499],[-98.4007742,20.1219258],[-98.4007113,20.1212677],[-98.400714,20.1212379],[-98.4007025,20.1212121],[-98.400675,20.1209134],[-98.4006783,20.1208861],[-98.4006687,20.1208611],[-98.4006369,20.1205622],[-98.4006375,20.1205317],[-98.4006325,20.1205021],[-98.4006258,20.1204343],[-98.4006024,20.1201987],[-98.4006045,20.1201675],[-98.4005964,20.1201404],[-98.4005667,20.1198436],[-98.4005728,20.1198204],[-98.4005608,20.1197964],[-98.4004513,20.1187195],[-98.400472,20.1187181]]]},"properties":{"locality":"RINCONES DE LA HACIENDA II","official_key":"1307701080004","CVE_ENT":"13","CVE_MUN":"077","CVE_LOC":"0108","CVE_ASEN":"0004","settlement_type":"FRACCIONAMIENTO","source":"INEGI DCAH 2025"}},{"type":"Feature","geometry":{"type":"Polygon","coordinates":[[[-98.3994296,20.11879],[-98.3994397,20.1190099],[-98.3994341,20.1190431],[-98.3994347,20.1190764],[-98.3994434,20.1193118],[-98.3994596,20.1193466],[-98.3994893,20.1193902],[-98.3994956,20.1194159],[-98.3995304,20.1196708],[-98.399544,20.1197077],[-98.3995497,20.1197453],[-98.3995625,20.1200294],[-98.3995887,20.1200915],[-98.399598,20.1203749],[-98.3995973,20.1204176],[-98.3995968,20.1204459],[-98.3996582,20.1210974],[-98.3996612,20.1211649],[-98.3996863,20.121452],[-98.3996869,20.1215246],[-98.3997217,20.1218646],[-98.3997397,20.1221888],[-98.3997625,20.122407],[-98.3992164,20.1224594],[-98.3990477,20.1224755],[-98.3985725,20.1225211],[-98.3971975,20.12263],[-98.3971748,20.1224932],[-98.3972028,20.1223556],[-98.3972374,20.1222758],[-98.3972383,20.1222437],[-98.3972443,20.1220187],[-98.3972397,20.1216558],[-98.3972366,20.121314],[-98.3971772,20.1209498],[-98.3971254,20.1206069],[-98.3971048,20.1204037],[-98.39709,20.1202566],[-98.3970544,20.1199122],[-98.3970188,20.1195696],[-98.3970093,20.1192029],[-98.3970096,20.118962],[-98.398239,20.1188948],[-98.3986485,20.1188587],[-98.3994296,20.11879]]]},"properties":{"locality":"RINCONES DE LA HACIENDA III","official_key":"1307701080005","CVE_ENT":"13","CVE_MUN":"077","CVE_LOC":"0108","CVE_ASEN":"0005","settlement_type":"FRACCIONAMIENTO","source":"INEGI DCAH 2025"}},{"type":"Feature","geometry":{"type":"Polygon","coordinates":[[[-98.3995973,20.1204176],[-98.4006258,20.1204343],[-98.4006325,20.1205021],[-98.4006375,20.1205317],[-98.4006369,20.1205622],[-98.4006687,20.1208611],[-98.4006783,20.1208861],[-98.400675,20.1209134],[-98.4007025,20.1212121],[-98.400714,20.1212379],[-98.4007113,20.1212677],[-98.4007742,20.1219258],[-98.4007892,20.1219499],[-98.4008126,20.122219],[-98.4004018,20.1222798],[-98.3999865,20.1223832],[-98.3997625,20.122407],[-98.3997397,20.1221888],[-98.3997217,20.1218646],[-98.3996869,20.1215246],[-98.3996863,20.121452],[-98.3996612,20.1211649],[-98.3996582,20.1210974],[-98.3995968,20.1204459],[-98.3995973,20.1204176]]]},"properties":{"locality":"UNIVERSIDAD PEDAGÓGICA DE TULANCINGO","official_key":"1307701080006","CVE_ENT":"13","CVE_MUN":"077","CVE_LOC":"0108","CVE_ASEN":"0006","settlement_type":"NINGUNO","source":"INEGI DCAH 2025"}},{"type":"Feature","geometry":{"type":"Polygon","coordinates":[[[-98.4006258,20.1204343],[-98.3995973,20.1204176],[-98.399598,20.1203749],[-98.3995887,20.1200915],[-98.3995625,20.1200294],[-98.3995497,20.1197453],[-98.399544,20.1197077],[-98.3995304,20.1196708],[-98.3994956,20.1194159],[-98.3994893,20.1193902],[-98.3994596,20.1193466],[-98.3994434,20.1193118],[-98.3994347,20.1190764],[-98.3994341,20.1190431],[-98.3994397,20.1190099],[-98.3994296,20.11879],[-98.4000519,20.118747],[-98.4001095,20.1187431],[-98.4004513,20.1187195],[-98.4005608,20.1197964],[-98.4005728,20.1198204],[-98.4005667,20.1198436],[-98.4005964,20.1201404],[-98.4006045,20.1201675],[-98.4006024,20.1201987],[-98.4006258,20.1204343]]]},"properties":{"locality":"LOS TULES","official_key":"1307701080007","CVE_ENT":"13","CVE_MUN":"077","CVE_LOC":"0108","CVE_ASEN":"0007","settlement_type":"FRACCIONAMIENTO","source":"INEGI DCAH 2025"}},{"type":"Feature","geometry":{"type":"Polygon","coordinates":[[[-98.3558223,20.1505026],[-98.3558728,20.1498156],[-98.3559577,20.1484539],[-98.3569559,20.1488517],[-98.3581231,20.149315],[-98.3593763,20.1498162],[-98.3603539,20.1502068],[-98.3608903,20.1504062],[-98.3615134,20.1506448],[-98.3620726,20.1508823],[-98.3623065,20.1507684],[-98.3625816,20.1510622],[-98.3626501,20.1508944],[-98.3629814,20.1514018],[-98.3631716,20.1516488],[-98.3628037,20.1520532],[-98.3628343,20.1521245],[-98.3617939,20.1531623],[-98.3617459,20.1532002],[-98.3617029,20.1531876],[-98.361652,20.1531498],[-98.3616139,20.1531579],[-98.3608493,20.1528119],[-98.3598603,20.1523567],[-98.3586172,20.1517892],[-98.3573634,20.1512117],[-98.3558223,20.1505026]]]},"properties":{"locality":"SAN RAFAEL LOMA BONITA","official_key":"1307701120001","CVE_ENT":"13","CVE_MUN":"077","CVE_LOC":"0112","CVE_ASEN":"0001","settlement_type":"COLONIA","source":"INEGI DCAH 2025"}},{"type":"Feature","geometry":{"type":"Polygon","coordinates":[[[-98.4019976,20.071753],[-98.4021813,20.0717027],[-98.4024375,20.0723274],[-98.4027604,20.0731196],[-98.4034377,20.0731751],[-98.4035646,20.0735417],[-98.4036984,20.073915],[-98.4039178,20.0744499],[-98.4029665,20.0744996],[-98.4028959,20.0744956],[-98.4014741,20.0744282],[-98.4014336,20.0741385],[-98.4013746,20.0735238],[-98.401372,20.0731963],[-98.4013022,20.0727907],[-98.4012526,20.0722407],[-98.4012512,20.0720737],[-98.4012941,20.0719401],[-98.401337,20.0719023],[-98.4016264,20.0718477],[-98.4019423,20.0717671],[-98.4019976,20.071753]]]},"properties":{"locality":"TOLLANCINGO","official_key":"1307701130001","CVE_ENT":"13","CVE_MUN":"077","CVE_LOC":"0113","CVE_ASEN":"0001","settlement_type":"COLONIA","source":"INEGI DCAH 2025"}},{"type":"Feature","geometry":{"type":"MultiPolygon","coordinates":[[[[-98.3335413,20.0951339],[-98.3331913,20.0952246],[-98.3328795,20.0952951],[-98.3325358,20.0953002],[-98.3321843,20.095275],[-98.3317591,20.0952221],[-98.3312916,20.0952662],[-98.3311702,20.0950281],[-98.3310938,20.0949475],[-98.3306479,20.0940734],[-98.3310633,20.0939613],[-98.3314319,20.0938524],[-98.3314017,20.0937526],[-98.3317325,20.0936422],[-98.3321394,20.0935291],[-98.3323696,20.0934801],[-98.3327393,20.0933681],[-98.3329807,20.0933455],[-98.333147,20.0933404],[-98.3335333,20.0938039],[-98.3338498,20.0938341],[-98.3339517,20.0931087],[-98.3347563,20.0928719],[-98.3351855,20.0931389],[-98.3349816,20.0941515],[-98.3356898,20.0942523],[-98.3356415,20.0945848],[-98.3348368,20.0950634],[-98.3344559,20.0950533],[-98.3338954,20.0951339],[-98.3336955,20.0951541],[-98.3335413,20.0951339]]],[[[-98.3368699,20.0960055],[-98.3370309,20.0951238],[-98.3373519,20.0954635],[-98.3377872,20.0959299],[-98.3378194,20.0960609],[-98.3372569,20.096028],[-98.3368699,20.0960055]]]]},"properties":{"locality":"SANTA FÉ","official_key":"1307701190001","CVE_ENT":"13","CVE_MUN":"077","CVE_LOC":"0119","CVE_ASEN":"0001","settlement_type":"COLONIA","source":"INEGI DCAH 2025"}}]}