{"type":"FeatureCollection","name":"inegi-hidalgo-078","metadata":{"state":"Hidalgo","CVE_ENT":"13","CVE_MUN":"078","municipality":"Xochiatipan","sources":["INEGI Gaia — Servicio vectorial del Marco Geoestadístico","INEGI DCAH 2025"],"source_urls":["https://gaia.inegi.org.mx/wscatgeo/v2/geo/mgem/13","https://gaia.inegi.org.mx/wscatgeo/v2/geo/localidades/pol/13/078","https://www.inegi.org.mx/contenidos/productos/prod_serv/contenidos/espanol/bvinegi/productos/geografia/delimitaciones/794551163078/13_hidalgo.zip"],"geometry_policy":"Solo se publican polígonos de INEGI; no se generan puntos ni geometrías sintéticas.","locality_polygon_count":37,"settlement_polygon_count":6},"municipality":{"type":"Feature","geometry":{"type":"MultiPolygon","crs":{"type":"name","properties":{"name":"EPSG:6365"}},"coordinates":[[[[-98.302350569,20.94794625],[-98.302241249,20.94759772],[-98.302764369,20.94721211],[-98.302447819,20.94686282],[-98.302216949,20.94660074],[-98.302149659,20.94649588],[-98.302109579,20.94631637],[-98.302133259,20.94600998],[-98.302131739,20.9458654],[-98.303024649,20.94596806],[-98.303080059,20.94542191],[-98.302196369,20.94458902],[-98.300984289,20.94445912],[-98.30032192,20.94496577],[-98.299838919,20.94491537],[-98.299707489,20.94489223],[-98.299221859,20.94491571],[-98.298936109,20.94492497],[-98.298667999,20.94496577],[-98.298380629,20.94499765],[-98.298116339,20.94494711],[-98.297813579,20.94492572],[-98.297759769,20.94493098],[-98.297661199,20.94493923],[-98.296968519,20.94402265],[-98.29654129,20.94346026],[-98.296429649,20.94321635],[-98.296307429,20.94298394],[-98.296138249,20.94278075],[-98.295898259,20.94270209],[-98.295850919,20.94265542],[-98.295686939,20.94245857],[-98.295359419,20.94202554],[-98.295247979,20.94179202],[-98.295138889,20.94153385],[-98.294954539,20.94145163],[-98.294882849,20.94096463],[-98.294807649,20.94029889],[-98.294788679,20.93990531],[-98.294794349,20.93976057],[-98.294799399,20.93931372],[-98.294844859,20.93881949],[-98.294883279,20.93828197],[-98.294942749,20.93758182],[-98.294860969,20.93748106],[-98.294771739,20.93733743],[-98.294264919,20.93653374],[-98.294165049,20.93637982],[-98.293841519,20.93588688],[-98.293742919,20.93576765],[-98.293713289,20.93572895],[-98.292704579,20.93453166],[-98.292652279,20.93455246],[-98.288793549,20.93530848],[-98.285735519,20.93440334],[-98.282714429,20.93383715],[-98.281845479,20.93370625],[-98.281633949,20.93330562],[-98.281301089,20.93299794],[-98.280874999,20.93317382],[-98.280485229,20.93331492],[-98.280198019,20.932662],[-98.280010079,20.93216922],[-98.279787749,20.93191812],[-98.279409139,20.93194417],[-98.279067399,20.93199291],[-98.278672909,20.93162825],[-98.278362339,20.93109048],[-98.277711539,20.93076237],[-98.277197749,20.93092075],[-98.276606339,20.93087198],[-98.276114519,20.93061545],[-98.275706859,20.93020792],[-98.275532449,20.93010383],[-98.275442879,20.93015012],[-98.274853049,20.93115354],[-98.273831689,20.93217303],[-98.272738709,20.93304023],[-98.271789719,20.93392308],[-98.270341339,20.93455938],[-98.268727619,20.9349734],[-98.267867509,20.93513854],[-98.266263819,20.93564686],[-98.263607019,20.93572954],[-98.260952979,20.93524743],[-98.257998259,20.93476397],[-98.255736849,20.93463454],[-98.255015259,20.93483702],[-98.254305399,20.93489495],[-98.253077139,20.93220878],[-98.252490119,20.93077857],[-98.252188289,20.93036015],[-98.251928089,20.92999078],[-98.251526539,20.92950022],[-98.250886309,20.92874428],[-98.250165879,20.92806823],[-98.249187339,20.92740537],[-98.248675849,20.92703905],[-98.248279509,20.92663303],[-98.247649029,20.92646892],[-98.247088149,20.92654692],[-98.246525849,20.92671311],[-98.245893149,20.92701765],[-98.245330709,20.92730055],[-98.243584109,20.92845678],[-98.242668349,20.92907169],[-98.241956199,20.9295288],[-98.241684679,20.92974978],[-98.241598659,20.93005095],[-98.241344509,20.9301768],[-98.24067135,20.93041217],[-98.239638379,20.93055326],[-98.238767059,20.93062338],[-98.238135319,20.93069109],[-98.238037149,20.93069352],[-98.23781051,20.93086808],[-98.23729683,20.93096531],[-98.237497579,20.93063966],[-98.236679709,20.93002291],[-98.236855369,20.92960609],[-98.236835579,20.92939826],[-98.236823479,20.92897517],[-98.237164029,20.92825306],[-98.237751139,20.92759742],[-98.238250719,20.9270704],[-98.238718829,20.92612475],[-98.239023689,20.925072],[-98.239084369,20.92486246],[-98.239139219,20.92448997],[-98.239174629,20.92424937],[-98.239291779,20.92345345],[-98.239341019,20.92311903],[-98.239354649,20.92302642],[-98.239307889,20.92281215],[-98.239257179,20.92257975],[-98.239157419,20.92212249],[-98.239129689,20.92206483],[-98.238958049,20.92170772],[-98.238889539,20.92156518],[-98.238621659,20.92100788],[-98.238365509,20.92074243],[-98.236856509,20.91888225],[-98.236042829,20.91787918],[-98.235545059,20.91736478],[-98.235144119,20.91689034],[-98.234665479,20.91628277],[-98.234263939,20.91582991],[-98.232966259,20.91549454],[-98.231809349,20.91523283],[-98.230535689,20.91480606],[-98.229822029,20.91459443],[-98.229498629,20.91452037],[-98.229344019,20.91449177],[-98.229130079,20.91468028],[-98.228795369,20.91503914],[-98.22797011,20.91588122],[-98.227177999,20.91663951],[-98.226090399,20.91743362],[-98.225326109,20.91816252],[-98.224009819,20.91897482],[-98.223216379,20.91884206],[-98.222704289,20.91844798],[-98.222580489,20.91793968],[-98.222601219,20.91779043],[-98.222633619,20.91755708],[-98.222436859,20.91690334],[-98.222487709,20.91636348],[-98.222520049,20.91598735],[-98.222584049,20.91533792],[-98.222762509,20.91435103],[-98.222569429,20.91377737],[-98.222660119,20.91335858],[-98.223413249,20.91263698],[-98.224000259,20.91215982],[-98.224258679,20.91183842],[-98.224301449,20.9114658],[-98.225090519,20.91122025],[-98.22569308,20.91131795],[-98.225829939,20.9115404],[-98.226354719,20.91139362],[-98.226870059,20.91107655],[-98.227445199,20.91056428],[-98.227959569,20.909813],[-98.228546679,20.90904031],[-98.228842719,20.90868045],[-98.228931969,20.90843037],[-98.229017649,20.90819035],[-98.229005779,20.90788274],[-98.229005369,20.90787214],[-98.228742939,20.90740994],[-98.228113779,20.90732898],[-98.2274452,20.90723863],[-98.227035109,20.90718594],[-98.226829659,20.90715952],[-98.225872229,20.90699154],[-98.22486937,20.90662155],[-98.224862889,20.90635725],[-98.224940139,20.90621426],[-98.225225419,20.90623045],[-98.225595849,20.90628185],[-98.225924799,20.90615628],[-98.226404309,20.90603357],[-98.226671109,20.90588492],[-98.226818449,20.90568577],[-98.226912909,20.90542394],[-98.226674249,20.905273],[-98.226435139,20.90520946],[-98.226074649,20.90513291],[-98.226077709,20.90487066],[-98.226074369,20.90440354],[-98.226262089,20.90409372],[-98.226665969,20.9039588],[-98.226914149,20.90394537],[-98.227378369,20.90413672],[-98.227796079,20.90432786],[-98.228105689,20.90443117],[-98.228539719,20.90446225],[-98.228698489,20.90442846],[-98.228824169,20.90410875],[-98.228888059,20.90374508],[-98.228905939,20.90327929],[-98.228887969,20.90299666],[-98.228877249,20.90282786],[-98.228972059,20.90247888],[-98.229298579,20.90230566],[-98.229500849,20.90217554],[-98.229858289,20.90201702],[-98.230026779,20.90196512],[-98.230277629,20.90188788],[-98.231216419,20.90145548],[-98.231511109,20.90114922],[-98.231681859,20.90093446],[-98.231806109,20.90077822],[-98.232031739,20.90048783],[-98.232361249,20.90011698],[-98.232671939,20.90005362],[-98.233249819,20.90020775],[-98.233274599,20.90021437],[-98.233605419,20.90023605],[-98.234142999,20.90021826],[-98.234765969,20.90032198],[-98.235238659,20.90038466],[-98.235625849,20.90034602],[-98.236142139,20.90028777],[-98.236830229,20.90027066],[-98.236875479,20.90026829],[-98.237539919,20.90023346],[-98.238271219,20.90017617],[-98.238805549,20.90011318],[-98.239460829,20.90003597],[-98.240266339,20.89978785],[-98.240780799,20.89973534],[-98.241362249,20.89968343],[-98.241937309,20.89969718],[-98.242465109,20.89969692],[-98.243162119,20.89970002],[-98.243565999,20.89934943],[-98.243970509,20.89914917],[-98.244050979,20.89910932],[-98.244372249,20.89895028],[-98.244644979,20.89882375],[-98.244909679,20.89870095],[-98.245473399,20.89855545],[-98.245580739,20.89852774],[-98.245928379,20.89883029],[-98.246554309,20.89886325],[-98.247406139,20.89887606],[-98.248135659,20.89888578],[-98.248668149,20.89896162],[-98.249647119,20.89825038],[-98.250966309,20.89730469],[-98.252664799,20.89393978],[-98.253441059,20.89213606],[-98.254639909,20.88873628],[-98.254975349,20.88810243],[-98.255242549,20.88759752],[-98.255246079,20.88759085],[-98.255290939,20.88750608],[-98.255642849,20.88684109],[-98.255957859,20.88578531],[-98.256114259,20.8853398],[-98.256348349,20.88470686],[-98.257680709,20.87942394],[-98.257666029,20.87923143],[-98.257624679,20.87844225],[-98.257628769,20.87815305],[-98.257756799,20.87777858],[-98.258112059,20.87729028],[-98.258346179,20.87689469],[-98.258682379,20.87609006],[-98.258627939,20.87598735],[-98.25898674,20.87491975],[-98.259964739,20.87301957],[-98.259965689,20.87301772],[-98.259975019,20.8729996],[-98.260023889,20.87290465],[-98.260038179,20.87287686],[-98.260038679,20.87287591],[-98.260068549,20.87281786],[-98.260118919,20.87271998],[-98.260434819,20.87214466],[-98.260494109,20.87203666],[-98.260786799,20.87150358],[-98.260948149,20.87133606],[-98.261549109,20.87071215],[-98.261562979,20.87069209],[-98.261979219,20.87009037],[-98.262011419,20.87004383],[-98.262533179,20.86928955],[-98.262549679,20.86926569],[-98.262954509,20.86868046],[-98.263184519,20.86837985],[-98.263267939,20.86827082],[-98.263270049,20.86826806],[-98.263312779,20.86826018],[-98.263422379,20.86813174],[-98.263665109,20.86788638],[-98.263837289,20.86771234],[-98.264018719,20.86752894],[-98.264434219,20.86722809],[-98.264505629,20.86709472],[-98.264585399,20.86694575],[-98.265041539,20.8665494],[-98.265290709,20.86654229],[-98.265503049,20.86653623],[-98.265416019,20.86635529],[-98.264697619,20.86575805],[-98.264248349,20.86563494],[-98.263876779,20.86532438],[-98.263702419,20.86525166],[-98.263554679,20.86506152],[-98.263380309,20.8649888],[-98.263224169,20.86489992],[-98.262957689,20.86474826],[-98.262849849,20.86472665],[-98.262784709,20.86471358],[-98.262707859,20.86469818],[-98.262458659,20.86460102],[-98.262209459,20.86450385],[-98.261689859,20.86402669],[-98.261492679,20.86378886],[-98.261417939,20.86367649],[-98.261271719,20.86345657],[-98.261139519,20.86322606],[-98.261131029,20.86321123],[-98.261026999,20.8630298],[-98.260897579,20.8627694],[-98.260685599,20.86234286],[-98.260340049,20.86196198],[-98.260068049,20.86169971],[-98.259969779,20.86155726],[-98.259832919,20.86146911],[-98.259597279,20.86131732],[-98.259447629,20.86126843],[-98.259027279,20.86086311],[-98.258829139,20.86069591],[-98.258581549,20.86048102],[-98.258564459,20.86046842],[-98.258159909,20.86016986],[-98.257926459,20.86003332],[-98.257091229,20.85954482],[-98.256795879,20.85935029],[-98.256771859,20.85933448],[-98.256545019,20.85918506],[-98.256222289,20.85896928],[-98.256879569,20.85852978],[-98.257229749,20.85824465],[-98.257229879,20.85824455],[-98.257232459,20.85824225],[-98.257252919,20.85822414],[-98.257360199,20.85812915],[-98.257590139,20.85785548],[-98.257870449,20.85750565],[-98.258125059,20.8572026],[-98.258355259,20.85685217],[-98.258561709,20.85640726],[-98.258583059,20.85635417],[-98.258587599,20.85634292],[-98.258588079,20.85634174],[-98.258665399,20.85614951],[-98.258823679,20.85556274],[-98.258805339,20.85506805],[-98.258559659,20.85458626],[-98.258290689,20.85404108],[-98.258049419,20.85376882],[-98.257814689,20.85353208],[-98.257569309,20.8531774],[-98.257373949,20.85286522],[-98.257211319,20.85259058],[-98.257124999,20.85212074],[-98.256969449,20.85191435],[-98.256500709,20.85172023],[-98.256578319,20.85120326],[-98.255863379,20.85108983],[-98.255847939,20.85106111],[-98.255655339,20.85070288],[-98.255384089,20.85017746],[-98.255347629,20.84992585],[-98.255161179,20.84975526],[-98.254938542,20.849524654],[-98.254904459,20.84948935],[-98.254866512,20.849411398],[-98.254842994,20.849363085],[-98.254642979,20.8489522],[-98.254645408,20.848950578],[-98.254670852,20.848933577],[-98.254933289,20.84875823],[-98.255083219,20.8486508],[-98.255515079,20.84834138],[-98.255816569,20.84827437],[-98.256069479,20.84819394],[-98.256381449,20.8481798],[-98.256679119,20.84798634],[-98.256975019,20.84781735],[-98.257345579,20.84778445],[-98.257705649,20.84767329],[-98.258559719,20.84739288],[-98.259860289,20.84726337],[-98.260422999,20.84719042],[-98.260750659,20.84711028],[-98.260920769,20.8470738],[-98.260996449,20.84707565],[-98.260999579,20.84707572],[-98.261006549,20.84707589],[-98.261114849,20.84708152],[-98.261203139,20.84707948],[-98.261432749,20.84712645],[-98.261894829,20.84707555],[-98.262276719,20.84691228],[-98.262322879,20.84689254],[-98.262310819,20.84686208],[-98.261857119,20.84571565],[-98.261852049,20.84570283],[-98.261839769,20.84567182],[-98.261831249,20.84565028],[-98.261063489,20.84371022],[-98.260863579,20.84179283],[-98.260719002,20.840664349],[-98.260615849,20.83985918],[-98.260614237,20.839846588],[-98.260611619,20.83982614],[-98.260570385,20.839816656],[-98.260548399,20.8398116],[-98.259305289,20.83952563],[-98.258205769,20.83971746],[-98.258785049,20.83893371],[-98.259311309,20.83829714],[-98.259524109,20.83756092],[-98.259426479,20.83709105],[-98.259319719,20.83657725],[-98.259430079,20.83539832],[-98.259224679,20.83461118],[-98.258913939,20.83397102],[-98.252737739,20.82838117],[-98.252112369,20.82781514],[-98.252315259,20.82762922],[-98.25259712,20.82716168],[-98.252751219,20.82688097],[-98.252767019,20.82682463],[-98.252909149,20.82631775],[-98.253063879,20.82598997],[-98.253169799,20.82556742],[-98.253279889,20.8248388],[-98.253407319,20.82442063],[-98.253437179,20.82432266],[-98.253620459,20.82373622],[-98.253656339,20.82345095],[-98.253676629,20.82328951],[-98.253833279,20.82282046],[-98.253836479,20.82258503],[-98.253813999,20.8223964],[-98.253808919,20.82230262],[-98.253805429,20.82223802],[-98.253768739,20.82155986],[-98.253765049,20.82149172],[-98.252874149,20.82170522],[-98.252689679,20.82067632],[-98.252582739,20.82056437],[-98.251961889,20.81991438],[-98.251401149,20.82023325],[-98.250550599,20.82071689],[-98.250357769,20.82082654],[-98.249766859,20.82183328],[-98.249494229,20.82229775],[-98.249467019,20.82228366],[-98.247888339,20.82146577],[-98.247891249,20.82136182],[-98.247892229,20.82132671],[-98.247913349,20.8205728],[-98.247919229,20.82036249],[-98.247937829,20.81969882],[-98.247545659,20.81977106],[-98.246748769,20.81977791],[-98.245843519,20.81968108],[-98.244735579,20.81940609],[-98.243292519,20.81936565],[-98.242484119,20.81902135],[-98.242384399,20.81885062],[-98.242385079,20.81865354],[-98.242162289,20.81833677],[-98.242102199,20.81810874],[-98.241805339,20.818038],[-98.241460169,20.81802763],[-98.241140259,20.8182536],[-98.241138879,20.81825402],[-98.240726369,20.81837695],[-98.240052089,20.81815097],[-98.239621629,20.81799969],[-98.239352849,20.81793768],[-98.239325349,20.81758163],[-98.237873489,20.81827423],[-98.237411149,20.81830628],[-98.236970479,20.81836363],[-98.236966479,20.81836415],[-98.236828799,20.81811368],[-98.236886179,20.8178944],[-98.236591719,20.81753728],[-98.236431709,20.8175814],[-98.236241919,20.81768403],[-98.235938429,20.81779583],[-98.235610629,20.81798874],[-98.234856509,20.81836532],[-98.234528449,20.81858605],[-98.234194569,20.81847935],[-98.233699799,20.81851852],[-98.233200619,20.8185724],[-98.232740569,20.81843343],[-98.232633089,20.81840097],[-98.232372199,20.81842395],[-98.232132979,20.81844503],[-98.231731649,20.81851109],[-98.231208909,20.81860245],[-98.230620419,20.81857223],[-98.230324779,20.81855705],[-98.229662949,20.81839338],[-98.229277919,20.81825009],[-98.229062139,20.81807817],[-98.228978689,20.81801169],[-98.228834199,20.81795306],[-98.228647419,20.81787728],[-98.228098259,20.81779398],[-98.227781949,20.81776891],[-98.227437579,20.8177416],[-98.226925349,20.81775105],[-98.226627689,20.81779771],[-98.226418479,20.81783051],[-98.226268289,20.81785406],[-98.225411169,20.81811634],[-98.225150569,20.81816023],[-98.225101229,20.81816854],[-98.225006739,20.81818445],[-98.224705059,20.81823523],[-98.224854479,20.81806151],[-98.224880479,20.81801325],[-98.225098139,20.81760915],[-98.225583599,20.81707068],[-98.226117969,20.81682355],[-98.226333109,20.81672406],[-98.226649579,20.81646271],[-98.226695719,20.8164246],[-98.226924919,20.81623532],[-98.226939199,20.81622354],[-98.226941459,20.81622166],[-98.227117599,20.81582122],[-98.227181419,20.81567611],[-98.227216219,20.81541534],[-98.227225649,20.81534478],[-98.227237629,20.81525498],[-98.227273579,20.81498558],[-98.227306169,20.81474146],[-98.227349019,20.81458522],[-98.227359339,20.81454757],[-98.227421049,20.81432254],[-98.227478659,20.81411243],[-98.227481889,20.81408845],[-98.227520599,20.81380165],[-98.227532689,20.81371205],[-98.227575909,20.81339189],[-98.227624819,20.81323715],[-98.227648879,20.813161],[-98.227829849,20.81258834],[-98.227906979,20.81252243],[-98.228000979,20.81244211],[-98.228546709,20.81197583],[-98.228594919,20.81193463],[-98.228620249,20.811913],[-98.228663309,20.81180478],[-98.228788319,20.81149065],[-98.228873319,20.81127709],[-98.228879059,20.81118778],[-98.228884889,20.81109694],[-98.228912079,20.81067374],[-98.228948029,20.81029062],[-98.228983709,20.80991029],[-98.228987549,20.80986938],[-98.229035089,20.80971894],[-98.229061779,20.80963445],[-98.229109109,20.80948469],[-98.229130349,20.80941748],[-98.229241459,20.80906585],[-98.229264079,20.80901231],[-98.229444429,20.80858531],[-98.229477879,20.80850614],[-98.229566579,20.80829614],[-98.229709309,20.80812354],[-98.229769659,20.80805055],[-98.229925689,20.80786188],[-98.229979689,20.80779386],[-98.230311539,20.80737586],[-98.230460449,20.80718831],[-98.230537259,20.80709152],[-98.230576089,20.80703482],[-98.231040649,20.80635615],[-98.231228449,20.80617209],[-98.231351539,20.80605142],[-98.231434279,20.80597034],[-98.231570569,20.80583672],[-98.231905919,20.80550802],[-98.232002769,20.80539712],[-98.232235449,20.80513069],[-98.232372599,20.80497365],[-98.232422229,20.80488148],[-98.232660819,20.80443846],[-98.232763309,20.80409191],[-98.232878679,20.8037018],[-98.232859739,20.80315055],[-98.232847569,20.80279638],[-98.232695799,20.80230663],[-98.232566649,20.80188985],[-98.232464829,20.80085],[-98.232476249,20.80058503],[-98.232505279,20.79991137],[-98.232843629,20.79937232],[-98.233008969,20.79910894],[-98.233231059,20.79858308],[-98.233334049,20.79833923],[-98.233646179,20.79757142],[-98.233652619,20.79755557],[-98.233936259,20.79731232],[-98.234197999,20.79730435],[-98.234543229,20.7971764],[-98.234646459,20.79713814],[-98.235139049,20.79709829],[-98.235520259,20.7969528],[-98.235836449,20.79668514],[-98.235917739,20.79669837],[-98.236269919,20.79675688],[-98.236470549,20.79696671],[-98.236653309,20.79715785],[-98.236961449,20.79748012],[-98.237107739,20.79785218],[-98.237229489,20.79796055],[-98.237450149,20.79815695],[-98.237449769,20.79822651],[-98.237448509,20.79845208],[-98.237482339,20.79843343],[-98.237863029,20.79839308],[-98.238311169,20.79828992],[-98.238580799,20.79808085],[-98.239028419,20.79808283],[-98.239251259,20.79827306],[-98.239518149,20.79861069],[-98.239891199,20.79861234],[-98.239988149,20.79861277],[-98.240344969,20.79886668],[-98.24047652,20.79895406],[-98.240791119,20.79916305],[-98.241209059,20.79930169],[-98.241305029,20.79933352],[-98.241773879,20.79956691],[-98.242108119,20.79986277],[-98.242178109,20.79991185],[-98.242621089,20.80022249],[-98.242777379,20.80037071],[-98.242977519,20.80056051],[-98.243559109,20.80062615],[-98.243792829,20.8006162],[-98.244006829,20.80060709],[-98.244610709,20.80069386],[-98.244945369,20.80090562],[-98.244965449,20.80136831],[-98.244957149,20.8014584],[-98.244914199,20.80192472],[-98.244894049,20.80214342],[-98.244886849,20.8022216],[-98.245095689,20.80188952],[-98.245329149,20.80151832],[-98.245436969,20.80134691],[-98.245557829,20.80125692],[-98.245872289,20.80102283],[-98.245996649,20.80093026],[-98.246021059,20.80088232],[-98.246218969,20.80049372],[-98.246321999,20.80029142],[-98.246331259,20.79985757],[-98.246336219,20.79962606],[-98.246569459,20.7992142],[-98.246624749,20.79889477],[-98.246640879,20.79880162],[-98.24666017,20.79863662],[-98.246685319,20.79842166],[-98.246689149,20.79838894],[-98.246722399,20.79832715],[-98.246852509,20.79808542],[-98.247177249,20.79786952],[-98.247282199,20.79783715],[-98.247594029,20.79774097],[-98.247910999,20.79754435],[-98.247924799,20.7975358],[-98.248005599,20.79748568],[-98.248022819,20.79747498],[-98.248081049,20.79743888],[-98.248360629,20.79700548],[-98.248686119,20.79663746],[-98.248731829,20.7965864],[-98.248918599,20.79637771],[-98.248803709,20.79627229],[-98.248589879,20.79617066],[-98.248286769,20.79606866],[-98.248253319,20.79602538],[-98.24820243,20.79595954],[-98.248091549,20.79581611],[-98.248054799,20.79578309],[-98.247753709,20.79551258],[-98.247611379,20.7954414],[-98.247415219,20.79534329],[-98.247410969,20.79532822],[-98.247292349,20.79490648],[-98.247066339,20.79464985],[-98.247036569,20.79461606],[-98.246722149,20.79441712],[-98.246526849,20.79429355],[-98.246073939,20.79397129],[-98.245848279,20.79365003],[-98.245844459,20.79364571],[-98.245551679,20.79331511],[-98.245592909,20.79321012],[-98.245609219,20.79316857],[-98.245865339,20.79307628],[-98.246036709,20.79289022],[-98.246045259,20.7927392],[-98.246054179,20.79258686],[-98.246123059,20.79244628],[-98.246276969,20.79213203],[-98.246678059,20.79177683],[-98.246811799,20.79152845],[-98.246967819,20.79123865],[-98.246979279,20.79115068],[-98.247013739,20.79088614],[-98.247135119,20.790486],[-98.247170879,20.79036812],[-98.247305229,20.78999525],[-98.247550089,20.78960211],[-98.247749649,20.789437],[-98.24797068,20.78939648],[-98.248013219,20.78940732],[-98.248040689,20.78941434],[-98.248301489,20.78948091],[-98.248526749,20.78966169],[-98.248587429,20.7897104],[-98.248785249,20.78989798],[-98.248837089,20.78999158],[-98.249004119,20.79029317],[-98.249201319,20.79060525],[-98.249338549,20.79065552],[-98.249774449,20.79081523],[-98.249975029,20.79084125],[-98.250105479,20.79085817],[-98.250357089,20.79104911],[-98.250435479,20.7911086],[-98.250698259,20.79127765],[-98.250885649,20.79137731],[-98.251092059,20.79148711],[-98.251296509,20.79166606],[-98.251469199,20.79187455],[-98.251799749,20.79209858],[-98.252178139,20.79223378],[-98.252350619,20.79248678],[-98.252428259,20.79275423],[-98.252506219,20.79296231],[-98.252852709,20.79315672],[-98.252896709,20.79318803],[-98.252970139,20.79324026],[-98.253104519,20.79333588],[-98.253182479,20.79354395],[-98.253196429,20.793597439],[-98.253197424,20.793601256],[-98.253259969,20.79384108],[-98.253249999,20.793956],[-98.253243229,20.79403391],[-98.25333764,20.794074716],[-98.253380316,20.794093161],[-98.253392447,20.794098404],[-98.253416599,20.79410885],[-98.253454368,20.79410704],[-98.253468632,20.794106356],[-98.25346874,20.79410635],[-98.253480132,20.794105806],[-98.253480455,20.79410579],[-98.253699683,20.794095311],[-98.253700949,20.79409525],[-98.25376227,20.794096625],[-98.253763018,20.794096642],[-98.253779452,20.794097011],[-98.253788633,20.794097217],[-98.253788972,20.794097224],[-98.253813721,20.79409778],[-98.253813861,20.794097783],[-98.254041549,20.79410289],[-98.254043184,20.794102507],[-98.254154302,20.794076492],[-98.254154763,20.794076385],[-98.25417469,20.79407172],[-98.254175393,20.794071555],[-98.254189612,20.794068226],[-98.254372149,20.79402549],[-98.254447139,20.79400794],[-98.254588378,20.793943369],[-98.254590561,20.793942371],[-98.254827059,20.79383425],[-98.254917949,20.79379118],[-98.255322249,20.79359963],[-98.255545819,20.79346738],[-98.255599549,20.79345451],[-98.255871709,20.79338929],[-98.25589451,20.79338354],[-98.256361779,20.79326569],[-98.256536349,20.793179],[-98.256636719,20.79312914],[-98.256833419,20.79297195],[-98.257013679,20.79282791],[-98.257080419,20.792615],[-98.257097705,20.792559867],[-98.257099089,20.79255545],[-98.257127938,20.792519015],[-98.257155139,20.79248466],[-98.257156003,20.792483568],[-98.257173384,20.792461615],[-98.257252779,20.79236134],[-98.25751622,20.79202866],[-98.257531579,20.79200926],[-98.25757709,20.79195178],[-98.257707519,20.79178706],[-98.257837879,20.79162245],[-98.257950429,20.79145782],[-98.258052769,20.79130812],[-98.258093339,20.79124877],[-98.258158449,20.79108398],[-98.258195119,20.79099118],[-98.258222979,20.79092068],[-98.258301919,20.79063906],[-98.258408749,20.79014586],[-98.258436349,20.78995783],[-98.258542569,20.78971706],[-98.258548029,20.78970466],[-98.258591339,20.78960649],[-98.258948539,20.78911629],[-98.25937923,20.78874471],[-98.259786479,20.78825512],[-98.260040649,20.7879756],[-98.260344889,20.78769669],[-98.260513849,20.78754182],[-98.260518089,20.78753791],[-98.260826599,20.78725508],[-98.261007909,20.78680986],[-98.261220429,20.78659557],[-98.261261749,20.78655389],[-98.261391059,20.78624934],[-98.26159517,20.78596923],[-98.262020749,20.78597432],[-98.262531909,20.78596328],[-98.262722029,20.78595917],[-98.264323909,20.78600188],[-98.266551629,20.78605205],[-98.266945179,20.78605675],[-98.269180249,20.78608343],[-98.270910139,20.78591569],[-98.272011659,20.78592882],[-98.274439659,20.78598128],[-98.274890599,20.78596309],[-98.27529083,20.7859914],[-98.275565889,20.78601822],[-98.275735939,20.78593091],[-98.275969289,20.78581109],[-98.276196819,20.78564897],[-98.276522889,20.78560575],[-98.276825849,20.78542098],[-98.277078399,20.78525915],[-98.277332219,20.78500317],[-98.277637369,20.78465358],[-98.277866479,20.78437375],[-98.278018259,20.78425783],[-98.278423539,20.78390945],[-98.278626659,20.78369994],[-98.278880779,20.78342038],[-98.279134289,20.78318794],[-98.279339619,20.78281363],[-98.279541459,20.78269829],[-98.279582629,20.78275352],[-98.27998418,20.78329222],[-98.280424369,20.78407448],[-98.280740029,20.78480815],[-98.280985949,20.78514072],[-98.281258799,20.78533234],[-98.281383339,20.78538091],[-98.282355889,20.785675],[-98.283105349,20.78580162],[-98.283652019,20.78611418],[-98.284395799,20.78666457],[-98.284796349,20.78666931],[-98.285196909,20.78667406],[-98.285474169,20.78653606],[-98.286677399,20.78643255],[-98.287205649,20.78625043],[-98.287531089,20.78625428],[-98.287982029,20.78623606],[-98.288382889,20.78621726],[-98.288659849,20.7861028],[-98.288887049,20.7859642],[-98.289616489,20.78571382],[-98.290042399,20.78569529],[-98.290568119,20.78570149],[-98.290810089,20.7856652],[-98.290814089,20.7856646],[-98.290860939,20.78565757],[-98.291295689,20.78559235],[-98.291621769,20.78554911],[-98.292022939,20.78550675],[-98.292702949,20.78520866],[-98.293308799,20.78483906],[-98.294093949,20.78416546],[-98.294522979,20.78391151],[-98.294675999,20.7837014],[-98.294829029,20.78349128],[-98.294931979,20.78328057],[-98.295185779,20.78302455],[-98.295236479,20.78297805],[-98.295415149,20.78272114],[-98.295594779,20.7823936],[-98.295773149,20.78216025],[-98.295809309,20.78209429],[-98.29602975,20.78169232],[-98.296183089,20.78145866],[-98.296309829,20.78134243],[-98.296411849,20.78120235],[-98.296489139,20.78103843],[-98.296694419,20.78066411],[-98.296897509,20.78045457],[-98.297025489,20.78024415],[-98.297126549,20.78017471],[-98.297253599,20.78003492],[-98.297506749,20.77982598],[-98.297785259,20.7795938],[-98.298062509,20.77945577],[-98.298263399,20.77941105],[-98.298415479,20.77927155],[-98.298466169,20.77922506],[-98.298618549,20.77906202],[-98.298771569,20.77885191],[-98.298773449,20.77871065],[-98.298775949,20.77852229],[-98.298803489,20.77833425],[-98.298810059,20.77783985],[-98.299854259,20.77839369],[-98.300122429,20.77893842],[-98.300118059,20.77926802],[-98.300436939,20.77976625],[-98.300908819,20.78005434],[-98.301258349,20.78012909],[-98.301432649,20.78020178],[-98.301858219,20.78020677],[-98.301904169,20.78021212],[-98.301906519,20.7802124],[-98.302057079,20.78022992],[-98.302308199,20.78025915],[-98.302476879,20.7807556],[-98.302696549,20.78118203],[-98.303090859,20.78165758],[-98.303712649,20.78197098],[-98.304184859,20.78223554],[-98.304283739,20.78233088],[-98.304356969,20.78247302],[-98.304478709,20.78273346],[-98.304462089,20.78274869],[-98.304022479,20.78315195],[-98.303894819,20.78333883],[-98.303639479,20.78371257],[-98.303611629,20.78392417],[-98.303509629,20.78406425],[-98.303279319,20.78443829],[-98.303022109,20.78495331],[-98.302792739,20.78525672],[-98.30212717,20.7863556],[-98.301940059,20.78724817],[-98.301912219,20.78745977],[-98.301907519,20.78781291],[-98.301955089,20.78800185],[-98.301852459,20.788189],[-98.301721659,20.78861131],[-98.301686029,20.78866989],[-98.301465679,20.78903214],[-98.301288569,20.78917134],[-98.301062939,20.78919225],[-98.300437369,20.78916134],[-98.300057459,20.78948654],[-98.299797109,20.79023697],[-98.299538309,20.79086968],[-98.299303919,20.79154977],[-98.298888339,20.79267512],[-98.298598229,20.7937784],[-98.298475969,20.79412885],[-98.298311879,20.79459917],[-98.298001749,20.79532546],[-98.297770779,20.79574658],[-98.297530429,20.79687398],[-98.297526679,20.79715651],[-98.297545749,20.79760412],[-98.297514769,20.79805114],[-98.297434659,20.79842694],[-98.297869969,20.79958585],[-98.298331889,20.80062732],[-98.298328139,20.80090985],[-98.298446429,20.80142926],[-98.298882289,20.80117752],[-98.299405349,20.80087542],[-98.299888249,20.80033952],[-98.299964919,20.80022269],[-98.299989029,20.80029362],[-98.300318259,20.80001492],[-98.300496649,20.79978155],[-98.300598659,20.79964146],[-98.300626509,20.79942988],[-98.300762949,20.7985838],[-98.300970749,20.79802112],[-98.301301849,20.79760117],[-98.301479919,20.79739135],[-98.301632019,20.79725186],[-98.301834799,20.79706586],[-98.301988459,20.79680866],[-98.302267919,20.79650583],[-98.302395599,20.79631895],[-98.302518059,20.79611298],[-98.302523599,20.79610854],[-98.302876909,20.79590077],[-98.303448369,20.79623712],[-98.303469969,20.79649638],[-98.303439939,20.79687278],[-98.303735689,20.79722945],[-98.304157879,20.79749342],[-98.304531249,20.79766262],[-98.304680519,20.79773502],[-98.305332419,20.79767202],[-98.305405649,20.79781415],[-98.305578089,20.79802809],[-98.306148319,20.79845862],[-98.306371149,20.7986496],[-98.306467879,20.79890974],[-98.306539549,20.79916958],[-98.306610309,20.79950008],[-98.306782749,20.79971402],[-98.307302599,20.80016749],[-98.307474749,20.80040497],[-98.307622169,20.80061862],[-98.307817479,20.80099765],[-98.307838149,20.80132754],[-98.307830349,20.80191611],[-98.308235629,20.80156766],[-98.308489429,20.80131162],[-98.308844919,20.80093903],[-98.309274289,20.80066149],[-98.309603199,20.80040632],[-98.309883889,20.80000932],[-98.310623969,20.79895837],[-98.310830169,20.7985134],[-98.311131549,20.79844628],[-98.311664779,20.7978874],[-98.312092579,20.79772757],[-98.312271279,20.79719566],[-98.312714199,20.79587734],[-98.3133428,20.79406889],[-98.314410879,20.79092611],[-98.314883879,20.78978725],[-98.315315979,20.78874683],[-98.315786309,20.78871958],[-98.315992549,20.78870763],[-98.316523259,20.78833708],[-98.317712289,20.78740906],[-98.318039619,20.78727158],[-98.318190139,20.7872498],[-98.318794999,20.78695074],[-98.319096649,20.78686006],[-98.319476509,20.78653483],[-98.320434629,20.78602795],[-98.321014769,20.78570505],[-98.321440659,20.78568645],[-98.321890679,20.78573877],[-98.322241459,20.78571931],[-98.322745549,20.78546614],[-98.323325059,20.78519032],[-98.323626399,20.78512317],[-98.323827599,20.78505488],[-98.324130489,20.78487002],[-98.324558549,20.78468662],[-98.325214779,20.78386245],[-98.325245909,20.78382337],[-98.325268109,20.78384745],[-98.325443399,20.78403757],[-98.325793429,20.78413603],[-98.325967279,20.78418494],[-98.326493619,20.78414394],[-98.326819059,20.78414772],[-98.327319449,20.78417706],[-98.327721849,20.78404045],[-98.328148049,20.78399829],[-98.328522319,20.78409682],[-98.328517709,20.78444997],[-98.328562829,20.78482723],[-98.328058019,20.78516749],[-98.328248859,20.78585965],[-98.327688379,20.78609063],[-98.328119379,20.78654305],[-98.328524049,20.78662805],[-98.328785079,20.78667611],[-98.329022769,20.78688152],[-98.329543419,20.78728071],[-98.330045479,20.78752371],[-98.330239259,20.78757648],[-98.330391539,20.78761795],[-98.330955169,20.78760989],[-98.331317649,20.78776058],[-98.331332309,20.78784446],[-98.331365259,20.78788017],[-98.331605479,20.7881404],[-98.331952169,20.78844523],[-98.332138489,20.78864809],[-98.332530539,20.78872028],[-98.332912679,20.78879612],[-98.333091019,20.78892442],[-98.333189249,20.78909562],[-98.333409949,20.78945137],[-98.333589399,20.78988034],[-98.333620889,20.78987097],[-98.334051459,20.78974277],[-98.334120509,20.78970392],[-98.334365749,20.78964068],[-98.334841829,20.7895464],[-98.335267819,20.78985268],[-98.335568539,20.7902768],[-98.335794079,20.79060666],[-98.335894349,20.79112505],[-98.335944489,20.79145492],[-98.336044739,20.79166698],[-98.336345429,20.7916434],[-98.336696229,20.79173763],[-98.336946829,20.79202037],[-98.337222479,20.79223242],[-98.337523179,20.79244445],[-98.337823889,20.79256225],[-98.338199769,20.79275071],[-98.338450369,20.79305702],[-98.338525579,20.79348114],[-98.338475539,20.79404666],[-98.338425459,20.79444725],[-98.338275149,20.79482426],[-98.338400539,20.79567252],[-98.338776449,20.79609663],[-98.339001999,20.79628512],[-98.339428019,20.79668565],[-98.339728739,20.796827],[-98.340279999,20.79682694],[-98.340731029,20.79670908],[-98.341461579,20.79681757],[-98.342453219,20.79689882],[-98.343183829,20.79709945],[-98.343270259,20.79712195],[-98.344665259,20.79748534],[-98.34353552,20.79793765],[-98.343178109,20.79808074],[-98.342612629,20.79837855],[-98.342125509,20.79856502],[-98.341680319,20.79878205],[-98.341157319,20.79906535],[-98.340806519,20.79930103],[-98.340280309,20.7993482],[-98.339829279,20.79948963],[-98.339278,20.79958394],[-98.338877079,20.79958397],[-98.338601429,20.79953688],[-98.338200509,20.79965472],[-98.337849709,20.79991395],[-98.337423739,20.80010249],[-98.336997769,20.80036172],[-98.336621919,20.8007152],[-98.336145849,20.80109225],[-98.335771689,20.80194969],[-98.335693979,20.80203738],[-98.334741969,20.80202632],[-98.333628369,20.8022444],[-98.333589549,20.802252],[-98.333193769,20.80216406],[-98.332640179,20.80236958],[-98.331913479,20.80240828],[-98.331463109,20.80237952],[-98.331187689,20.80237634],[-98.330155619,20.80278823],[-98.327884049,20.80415117],[-98.323317549,20.80623648],[-98.322492169,20.80655494],[-98.322490979,20.80655538],[-98.319573909,20.80768083],[-98.317560309,20.80845797],[-98.317031709,20.80866372],[-98.316631089,20.80865906],[-98.316330319,20.80867909],[-98.316128459,20.80879448],[-98.316002029,20.80888718],[-98.315850249,20.80900315],[-98.315624579,20.80902406],[-98.315396769,20.80920978],[-98.315269089,20.80939666],[-98.315141089,20.80960709],[-98.314837849,20.80981548],[-98.315156819,20.81031368],[-98.315255919,20.81043949],[-98.315624799,20.8109078],[-98.315820449,20.81126328],[-98.315966339,20.81159463],[-98.315985419,20.81162852],[-98.316259969,20.81211608],[-98.316331979,20.81235238],[-98.316377089,20.81272965],[-98.316442909,20.81343682],[-98.316351029,20.81470726],[-98.316313399,20.81581242],[-98.316313059,20.81582237],[-98.316310169,20.81590766],[-98.316397909,20.81685054],[-98.316536049,20.81777048],[-98.317387089,20.81780394],[-98.318339219,20.81776794],[-98.318865679,20.81772697],[-98.319166459,20.81770692],[-98.319591519,20.81775897],[-98.320193109,20.81771888],[-98.320543049,20.81777005],[-98.321168719,20.81780086],[-98.321641399,20.81804183],[-98.321988859,20.81828134],[-98.322313749,20.81833222],[-98.322563849,20.81835866],[-98.322888749,20.81840952],[-98.323288769,20.81846128],[-98.323911369,20.81872752],[-98.324782519,20.81913792],[-98.325080219,20.81935329],[-98.325379769,20.81942742],[-98.325653979,20.81952478],[-98.325954459,20.81952828],[-98.326279059,20.81960268],[-98.326551719,20.81981775],[-98.326749569,20.82000843],[-98.327023169,20.82015288],[-98.327446379,20.82034615],[-98.327970079,20.82051706],[-98.328646479,20.82050135],[-98.328818049,20.82078589],[-98.328824679,20.82081222],[-98.328750849,20.82130051],[-98.328675659,20.82145025],[-98.328619369,20.82156235],[-98.328609659,20.82158171],[-98.32858585,20.82162912],[-98.328583509,20.82215594],[-98.328300229,20.82281337],[-98.328018089,20.82320738],[-98.327805579,20.82371142],[-98.327802659,20.82436994],[-98.327659859,20.82496205],[-98.327725679,20.82592815],[-98.327725089,20.82606112],[-98.327723049,20.82652082],[-98.327392719,20.82724391],[-98.327155859,20.82796735],[-98.327131709,20.82866035],[-98.327131509,20.82866631],[-98.327129089,20.82873554],[-98.327196079,20.82943823],[-98.327639059,20.82965948],[-98.328776249,20.82970957],[-98.329001629,20.82971218],[-98.329012019,20.82971531],[-98.329325939,20.82981012],[-98.329851199,20.82986329],[-98.330426549,20.82991706],[-98.330902049,20.82994611],[-98.331578479,20.82993038],[-98.33162346,20.82993575],[-98.332453719,20.83003469],[-98.333589939,20.83049563],[-98.334903479,20.83092731],[-98.335979139,20.83139449],[-98.336214339,20.83148298],[-98.336240629,20.83149288],[-98.336593249,20.83162554],[-98.338087229,20.8324614],[-98.339667369,20.83274258],[-98.341013949,20.8328578],[-98.342772429,20.83253442],[-98.343827349,20.8323734],[-98.345059889,20.83177288],[-98.345429199,20.83184315],[-98.345941199,20.83303874],[-98.346501249,20.83385282],[-98.347063799,20.83449563],[-98.347636709,20.83463822],[-98.347957819,20.83480691],[-98.349887119,20.8347248],[-98.351414969,20.8348224],[-98.352442249,20.83538302],[-98.352870459,20.83600714],[-98.352916259,20.83717454],[-98.352468049,20.83851462],[-98.352190969,20.83942715],[-98.351247829,20.84077451],[-98.350254949,20.84170897],[-98.349751279,20.84298105],[-98.349935309,20.84463528],[-98.350249539,20.84576806],[-98.350863179,20.84623457],[-98.351548549,20.84641908],[-98.351931429,20.84777914],[-98.351788029,20.84879643],[-98.351571709,20.84914148],[-98.350943479,20.85031029],[-98.350253459,20.85132943],[-98.349662169,20.85213388],[-98.348987369,20.85284931],[-98.348550619,20.85338889],[-98.348014519,20.85408808],[-98.347700309,20.85492025],[-98.347834259,20.85652009],[-98.347883049,20.85729691],[-98.347957799,20.85792048],[-98.347786279,20.85886785],[-98.345799969,20.86056525],[-98.345231059,20.86109543],[-98.344517749,20.86223551],[-98.345050349,20.86366688],[-98.34514554,20.86485254],[-98.345024199,20.86537965],[-98.344729749,20.86564242],[-98.344576279,20.86629197],[-98.344780709,20.86690322],[-98.344910579,20.8671496],[-98.344908769,20.86756762],[-98.344723769,20.86796032],[-98.344381969,20.86827868],[-98.344066349,20.86859712],[-98.343933719,20.86899005],[-98.343696449,20.86935798],[-98.343512289,20.86955398],[-98.343327059,20.86999588],[-98.343181399,20.87020063],[-98.343000519,20.87053894],[-98.342737819,20.871009217],[-98.342593689,20.87126723],[-98.342248849,20.87130992],[-98.342184549,20.87131788],[-98.341900829,20.87113371],[-98.341881919,20.87112143],[-98.341602619,20.87110397],[-98.341463059,20.87109523],[-98.341108049,20.87105022],[-98.340675194,20.870964906],[-98.340505844,20.870931528],[-98.340467649,20.870924],[-98.340047865,20.870966031],[-98.339999724,20.870970851],[-98.339947271,20.870976103],[-98.339248849,20.87104603],[-98.338571889,20.87108017],[-98.338563897,20.871082537],[-98.338520956,20.871095258],[-98.338486785,20.871105381],[-98.337879569,20.87128526],[-98.337666553,20.871335361],[-98.337296399,20.87142242],[-98.337248242,20.871442142],[-98.33687423,20.87159531],[-98.336580279,20.87171569],[-98.33650782,20.871789301],[-98.336290919,20.87200965],[-98.336096866,20.872188178],[-98.335960243,20.872313871],[-98.335869079,20.87239774],[-98.335828279,20.87243528],[-98.335505249,20.87271357],[-98.335161579,20.87295049],[-98.334873659,20.87313768],[-98.334663509,20.87326543],[-98.334398709,20.87340209],[-98.334101579,20.87352775],[-98.333779739,20.87363466],[-98.333603309,20.87372237],[-98.333361919,20.87379829],[-98.333077879,20.87384254],[-98.332682079,20.87399648],[-98.332147449,20.87405514],[-98.331689749,20.874085],[-98.331083479,20.87397848],[-98.330526279,20.87406723],[-98.329776549,20.87426391],[-98.329188829,20.87481143],[-98.328600379,20.87552389],[-98.328128969,20.8762368],[-98.327892419,20.87678571],[-98.327480139,20.8773614],[-98.325978059,20.87925202],[-98.325210879,20.88020458],[-98.324479849,20.8811914],[-98.323580649,20.88358246],[-98.323008249,20.88457448],[-98.322944919,20.88491288],[-98.322690829,20.88627078],[-98.322300519,20.88694825],[-98.321721259,20.88774123],[-98.321376779,20.88801608],[-98.320953139,20.88799329],[-98.320211569,20.88670883],[-98.318612179,20.88703702],[-98.318621519,20.8870716],[-98.318131259,20.887249],[-98.317604709,20.88744902],[-98.316835199,20.88759505],[-98.314872479,20.88769698],[-98.313238489,20.88839383],[-98.312590919,20.88914088],[-98.312024289,20.88954743],[-98.311944679,20.88944823],[-98.311671059,20.88973302],[-98.311158289,20.89026509],[-98.310875889,20.89055517],[-98.310360979,20.89100997],[-98.310374369,20.89128592],[-98.310367219,20.89142037],[-98.309837879,20.89199255],[-98.308853979,20.89306945],[-98.308544949,20.89327802],[-98.307695339,20.89415614],[-98.307267519,20.89497943],[-98.306797849,20.89613749],[-98.306282779,20.89822083],[-98.306352219,20.89967335],[-98.306219139,20.90071962],[-98.306139349,20.90096443],[-98.306033689,20.90114072],[-98.305819489,20.90156998],[-98.305643319,20.90190022],[-98.306585779,20.90320258],[-98.304092599,20.90730531],[-98.303784679,20.90768465],[-98.301993739,20.90758675],[-98.301923419,20.9079966],[-98.301302379,20.90796877],[-98.299836429,20.9078132],[-98.297743199,20.90773769],[-98.295952599,20.90814202],[-98.295274149,20.90917448],[-98.294591119,20.91118466],[-98.294360919,20.91244758],[-98.293829569,20.91545738],[-98.293520689,20.91872562],[-98.295619449,20.91703363],[-98.295562049,20.91602203],[-98.295523349,20.91571257],[-98.295808079,20.9156258],[-98.297222679,20.9152234],[-98.299126739,20.91472094],[-98.302496599,20.91447958],[-98.303447109,20.91466782],[-98.304342309,20.91484431],[-98.30580835,20.91564995],[-98.306356289,20.91668691],[-98.307082539,20.91688191],[-98.307814749,20.91685477],[-98.308349819,20.91717186],[-98.309422259,20.91730217],[-98.310155649,20.91824988],[-98.310015479,20.91957195],[-98.309474339,20.92057749],[-98.308528489,20.92208526],[-98.308723619,20.92340869],[-98.309859999,20.92423208],[-98.310343509,20.924339],[-98.311010149,20.92486552],[-98.311682549,20.92583654],[-98.312256489,20.92720052],[-98.312507149,20.92877503],[-98.312760859,20.92968383],[-98.313287309,20.93083923],[-98.313490119,20.93159623],[-98.313794249,20.93272025],[-98.314086259,20.93385586],[-98.314523919,20.9348868],[-98.31453002,20.935519],[-98.314287829,20.93575091],[-98.313392719,20.93671245],[-98.312523919,20.93786917],[-98.311983849,20.93889674],[-98.311957339,20.93918009],[-98.311628709,20.93927788],[-98.311295549,20.94005114],[-98.312209259,20.94012834],[-98.312315509,20.94102948],[-98.312069079,20.94121514],[-98.311964399,20.94165366],[-98.311706799,20.94258097],[-98.311761519,20.94315049],[-98.311192089,20.94375125],[-98.310781779,20.94533345],[-98.311352719,20.94545285],[-98.311480779,20.94576575],[-98.311751459,20.94578478],[-98.312154659,20.94594028],[-98.312417949,20.94582314],[-98.31253831,20.94603337],[-98.312074679,20.9463564],[-98.311931339,20.94695],[-98.311799939,20.94702423],[-98.311589769,20.94705525],[-98.310831249,20.94693466],[-98.310143879,20.94682258],[-98.309257289,20.94668594],[-98.309013829,20.9472936],[-98.308216149,20.9453834],[-98.307683459,20.94660037],[-98.306149259,20.9469804],[-98.302887909,20.94830358],[-98.302515909,20.94849172],[-98.302350569,20.94794625]]]]},"properties":{"municipality":"Xochiatipan","official_key":"13078","CVE_ENT":"13","CVE_MUN":"078","geometry_kind":"municipality","source":"INEGI Gaia — Servicio vectorial del Marco Geoestadístico"}},"features":[{"type":"Feature","geometry":{"type":"MultiPolygon","crs":{"type":"name","properties":{"name":"EPSG:6365"}},"coordinates":[[[[-98.286560374,20.830565382],[-98.286485291,20.830866983],[-98.286484547,20.830868177],[-98.286389773,20.831020226],[-98.286384034,20.831025702],[-98.286377119,20.8310323],[-98.286527805,20.831142242],[-98.286823167,20.831285811],[-98.287014882,20.831483518],[-98.28719463,20.831707828],[-98.287690995,20.832082942],[-98.287743658,20.832099591],[-98.28783703,20.832195982],[-98.287824029,20.832260013],[-98.287451071,20.832337373],[-98.287218228,20.832334585],[-98.287211964,20.832340272],[-98.28696886,20.832560933],[-98.286736365,20.83287941],[-98.286229489,20.833312216],[-98.285657146,20.833663471],[-98.285633962,20.8336777],[-98.288409294,20.83399231],[-98.288462335,20.834020165],[-98.288695983,20.833645441],[-98.289594037,20.834109094],[-98.289628483,20.834113801],[-98.289749119,20.834130288],[-98.289599138,20.834311912],[-98.289591162,20.834321571],[-98.28973251,20.834475408],[-98.289843473,20.834547975],[-98.290063036,20.834622837],[-98.290255721,20.834626527],[-98.290454982,20.834666273],[-98.290719422,20.834784826],[-98.29083526,20.834861957],[-98.290916227,20.834956639],[-98.290995233,20.834993525],[-98.291096011,20.8350648],[-98.291134754,20.83514873],[-98.291229883,20.835354809],[-98.291296873,20.835427606],[-98.291404407,20.835574336],[-98.291539192,20.835688059],[-98.291751956,20.835798878],[-98.291903352,20.835850997],[-98.291864306,20.835925891],[-98.291747477,20.836035878],[-98.291502662,20.836115155],[-98.291502493,20.836115163],[-98.291316215,20.836124146],[-98.291204823,20.836129518],[-98.291204723,20.836129523],[-98.291117262,20.8361526],[-98.290872154,20.836242693],[-98.2907096,20.836349185],[-98.290602595,20.836365728],[-98.290580021,20.83635405],[-98.290489322,20.836319159],[-98.290337884,20.836260902],[-98.290125,20.836230435],[-98.289943064,20.836199942],[-98.2897873,20.836159033],[-98.289715707,20.836141702],[-98.289617329,20.83609367],[-98.289538551,20.836040736],[-98.289464193,20.835959778],[-98.289454597,20.835949331],[-98.289452091,20.835948274],[-98.289333091,20.835898036],[-98.289237464,20.835891094],[-98.289119727,20.835935257],[-98.289100663,20.835942408],[-98.289110082,20.836025727],[-98.289124616,20.83609792],[-98.289169133,20.836200037],[-98.289173356,20.836324993],[-98.289204464,20.83649382],[-98.289143533,20.836758851],[-98.28916496,20.836908235],[-98.289104427,20.83715887],[-98.289067614,20.83729003],[-98.288950052,20.837385612],[-98.288772264,20.837463842],[-98.288712201,20.837490271],[-98.288620318,20.837488035],[-98.288522924,20.837462748],[-98.288381887,20.837479233],[-98.288193145,20.837432862],[-98.288073777,20.837427077],[-98.287670978,20.837140674],[-98.287512579,20.837311981],[-98.28723604,20.837132321],[-98.28722095,20.837122517],[-98.287288079,20.837023255],[-98.287335967,20.836952444],[-98.287255692,20.83662431],[-98.287195956,20.836599601],[-98.287128313,20.836571622],[-98.286741224,20.836411508],[-98.286726503,20.836405419],[-98.286536069,20.836673661],[-98.286083742,20.836585339],[-98.285693187,20.836509076],[-98.284812899,20.836640718],[-98.284710519,20.836884813],[-98.284458201,20.837013288],[-98.284396078,20.837119571],[-98.284370211,20.837163826],[-98.284273597,20.837329121],[-98.283413411,20.836641263],[-98.282813699,20.836256589],[-98.282266289,20.835804231],[-98.282034611,20.83567442],[-98.281634411,20.835391577],[-98.281597179,20.835332834],[-98.281448785,20.835098706],[-98.281522572,20.834614089],[-98.281536862,20.834520236],[-98.281915577,20.834071146],[-98.282303599,20.833864714],[-98.282273832,20.833783654],[-98.282235979,20.833669038],[-98.282292508,20.833395952],[-98.28230344,20.833265757],[-98.282275934,20.833012979],[-98.282227498,20.832824521],[-98.282132626,20.832652936],[-98.281994453,20.832523515],[-98.281439478,20.832088606],[-98.281617002,20.831925857],[-98.28199694,20.831762246],[-98.282619037,20.831291205],[-98.282763109,20.831067821],[-98.282834639,20.830835465],[-98.283275157,20.830280763],[-98.283242672,20.829930624],[-98.282901972,20.829227229],[-98.282746603,20.828834557],[-98.282765749,20.82867158],[-98.282715787,20.828619189],[-98.282711353,20.828614539],[-98.282291061,20.828173801],[-98.281783237,20.827755877],[-98.281848127,20.827764381],[-98.28196517,20.82780325],[-98.282226148,20.82794767],[-98.282347373,20.827950625],[-98.282432846,20.827976718],[-98.282576403,20.827980217],[-98.282764456,20.827990803],[-98.282991963,20.828191431],[-98.283295621,20.828408918],[-98.283421161,20.828487009],[-98.283709978,20.82854807],[-98.284029422,20.828771944],[-98.284118065,20.828750867],[-98.284317384,20.828797334],[-98.284602408,20.828908001],[-98.284935007,20.82907169],[-98.285361641,20.829381727],[-98.285660761,20.82964832],[-98.285943408,20.829845363],[-98.286297021,20.830136332],[-98.286567993,20.830534775],[-98.286560374,20.830565382]]]]},"properties":{"locality":"Xochiatipan","municipality":null,"official_key":"130780001","CVE_ENT":"13","CVE_MUN":"078","CVE_LOC":"0001","ambito":"URBANO","geometry_kind":"locality","source":"INEGI Gaia — Servicio vectorial del Marco Geoestadístico"}},{"type":"Feature","geometry":{"type":"MultiPolygon","crs":{"type":"name","properties":{"name":"EPSG:6365"}},"coordinates":[[[[-98.270439734,20.799095905],[-98.270214287,20.799011058],[-98.270112627,20.79917636],[-98.269839236,20.799131543],[-98.26986867,20.798670087],[-98.269986618,20.798592262],[-98.269761742,20.798502081],[-98.269472493,20.798331663],[-98.269350744,20.798226471],[-98.269395291,20.798063608],[-98.26930892,20.797949966],[-98.269294535,20.797837533],[-98.26913397,20.797969575],[-98.268954025,20.797916161],[-98.268682885,20.797897853],[-98.268322995,20.797956515],[-98.268156253,20.797928162],[-98.268067018,20.797884569],[-98.267922309,20.797819687],[-98.267897421,20.797728978],[-98.267931542,20.797578089],[-98.267914744,20.797410628],[-98.267825939,20.797240736],[-98.267819801,20.797184965],[-98.267830121,20.797078365],[-98.267893968,20.797017969],[-98.268260736,20.797030996],[-98.268350849,20.796970951],[-98.268353381,20.796906642],[-98.268305696,20.796747234],[-98.268282151,20.796585319],[-98.268150161,20.796399641],[-98.268036458,20.796231161],[-98.267940191,20.796144172],[-98.267441513,20.795827984],[-98.267332013,20.795690272],[-98.266947076,20.795331693],[-98.266794112,20.795235975],[-98.266705521,20.795120195],[-98.26659003,20.794873589],[-98.266588521,20.794666921],[-98.266281681,20.79463753],[-98.266125626,20.794477533],[-98.265922558,20.794324521],[-98.265675341,20.794162969],[-98.265466886,20.79403397],[-98.265266937,20.793933756],[-98.264803361,20.793743316],[-98.264661144,20.793733375],[-98.264577981,20.793764803],[-98.264459836,20.793908702],[-98.264256384,20.794138794],[-98.264082501,20.794234046],[-98.263886773,20.794340576],[-98.263709012,20.794384464],[-98.263827397,20.794021651],[-98.263887043,20.793774022],[-98.263897707,20.793415134],[-98.263972827,20.793355863],[-98.264174138,20.793231744],[-98.26432789,20.793211502],[-98.264486693,20.793239402],[-98.264634763,20.793309055],[-98.264788548,20.793402859],[-98.264942319,20.793151524],[-98.265037135,20.793069814],[-98.265222379,20.792815421],[-98.265327181,20.792731352],[-98.265397902,20.792711522],[-98.265468623,20.792726796],[-98.265522463,20.792778487],[-98.265544116,20.792845225],[-98.265465177,20.793019214],[-98.265428567,20.793125921],[-98.265438684,20.793206886],[-98.265462416,20.793296533],[-98.265529587,20.793354195],[-98.265618292,20.7933933],[-98.265694769,20.793397574],[-98.26577433,20.793382717],[-98.265841796,20.793367952],[-98.265931412,20.79333319],[-98.266021027,20.793268339],[-98.2661204,20.793176461],[-98.266198936,20.793041433],[-98.266280772,20.792861492],[-98.266382896,20.792808934],[-98.266505603,20.792810968],[-98.266584839,20.792859291],[-98.266588972,20.792977825],[-98.266543596,20.793119606],[-98.266522585,20.793217611],[-98.266460427,20.793338382],[-98.266363402,20.793574497],[-98.26637806,20.79378207],[-98.26645717,20.794060117],[-98.266597662,20.794149991],[-98.266827249,20.794369276],[-98.266929131,20.794484697],[-98.267031772,20.794667409],[-98.267210635,20.794856903],[-98.267270414,20.794947677],[-98.267568524,20.795215704],[-98.267762557,20.79581527],[-98.267847385,20.795952941],[-98.268098625,20.796098857],[-98.268428015,20.796378016],[-98.268658356,20.796565433],[-98.268845562,20.796598831],[-98.268990165,20.796738112],[-98.269075824,20.796801804],[-98.269177077,20.796828162],[-98.269233468,20.796944089],[-98.26931066,20.797029319],[-98.26936823,20.797033579],[-98.269562129,20.797161249],[-98.269664761,20.797238467],[-98.26972938,20.797360627],[-98.269769076,20.797449158],[-98.269792993,20.797481057],[-98.269800471,20.797542811],[-98.269912044,20.79762661],[-98.270042505,20.797712527],[-98.270166164,20.797802054],[-98.270216139,20.797887691],[-98.270293606,20.797967617],[-98.270400328,20.798030928],[-98.270445257,20.79816339],[-98.270514413,20.798208776],[-98.270493267,20.798284703],[-98.270549905,20.798318319],[-98.270594639,20.798360201],[-98.270699722,20.79844339],[-98.271084251,20.798754443],[-98.271256919,20.798888917],[-98.271358121,20.798982026],[-98.271437574,20.799080891],[-98.271512196,20.799209154],[-98.271496581,20.799381955],[-98.271484857,20.799476546],[-98.271472591,20.799571917],[-98.271510695,20.79966545],[-98.271583794,20.799792228],[-98.271614184,20.799838467],[-98.271516094,20.799951556],[-98.271373036,20.799766793],[-98.270739136,20.799343825],[-98.270545178,20.799226761],[-98.270439734,20.799095905]]]]},"properties":{"locality":"Acanoa","municipality":null,"official_key":"130780002","CVE_ENT":"13","CVE_MUN":"078","CVE_LOC":"0002","ambito":"RURAL","geometry_kind":"locality","source":"INEGI Gaia — Servicio vectorial del Marco Geoestadístico"}},{"type":"Feature","geometry":{"type":"MultiPolygon","crs":{"type":"name","properties":{"name":"EPSG:6365"}},"coordinates":[[[[-98.262904723,20.917629893],[-98.263043322,20.917363709],[-98.26304617,20.917358261],[-98.262962138,20.917306338],[-98.262573923,20.917150847],[-98.262371537,20.917076724],[-98.262335354,20.917054709],[-98.262258492,20.917009708],[-98.262237785,20.91699757],[-98.262233968,20.916903755],[-98.262232308,20.916862986],[-98.262349507,20.916576431],[-98.262378153,20.916506369],[-98.262704885,20.916018705],[-98.262704195,20.915951457],[-98.262764837,20.915792064],[-98.262884293,20.915273724],[-98.262826889,20.915142095],[-98.262821721,20.914982892],[-98.262893076,20.914483397],[-98.262884185,20.914228056],[-98.262800204,20.913685739],[-98.262833204,20.912664237],[-98.2633184,20.912639621],[-98.263370077,20.912821024],[-98.263531435,20.913084299],[-98.263550781,20.913088761],[-98.263650271,20.913111701],[-98.263730405,20.913108354],[-98.263664992,20.91334422],[-98.263679387,20.913488644],[-98.263765925,20.91361178],[-98.263766851,20.913615424],[-98.263817379,20.9138205],[-98.263869154,20.914017701],[-98.263903034,20.914049267],[-98.263977932,20.914076072],[-98.264039142,20.914080451],[-98.264066341,20.914210763],[-98.264066697,20.914212471],[-98.26411603,20.914202892],[-98.264143062,20.914223724],[-98.264201614,20.914268385],[-98.264238384,20.914269278],[-98.264264399,20.914271354],[-98.264343938,20.914222877],[-98.264385677,20.914210938],[-98.264427076,20.914210508],[-98.264457046,20.914235738],[-98.2644776,20.914324123],[-98.264490061,20.914482909],[-98.264498138,20.914523446],[-98.26451863,20.914558524],[-98.264544077,20.914580755],[-98.264560262,20.914605647],[-98.264541969,20.914657063],[-98.264511814,20.914693785],[-98.264506538,20.914718139],[-98.264523107,20.914728631],[-98.264574354,20.9147054],[-98.264636446,20.914678108],[-98.264679431,20.914676278],[-98.264739261,20.914674862],[-98.264766369,20.914692801],[-98.264827753,20.914746169],[-98.264883292,20.914789308],[-98.264940676,20.91482097],[-98.264990722,20.914840924],[-98.265027215,20.914851909],[-98.265047737,20.914830801],[-98.265065076,20.914813939],[-98.265095831,20.91481037],[-98.265116845,20.914826723],[-98.265129676,20.914861615],[-98.265134492,20.914909278],[-98.265113754,20.914993769],[-98.265098753,20.915064724],[-98.265095477,20.915099939],[-98.265113014,20.915158708],[-98.265145599,20.915255309],[-98.265185214,20.915347047],[-98.265214307,20.915403938],[-98.265223061,20.915410986],[-98.2653036,20.915446477],[-98.265340955,20.915437763],[-98.265359923,20.915433446],[-98.265409926,20.915446362],[-98.265580631,20.915637168],[-98.265753161,20.915986583],[-98.26575577,20.915992629],[-98.266009151,20.916580101],[-98.266210288,20.916791522],[-98.26623854,20.916878655],[-98.26624563,20.916991684],[-98.26624255,20.917148885],[-98.266317902,20.917426862],[-98.266098282,20.917559554],[-98.265822063,20.917659647],[-98.265706168,20.91772864],[-98.26555717,20.917831926],[-98.26543128,20.917875818],[-98.265220167,20.917901226],[-98.264913627,20.917881979],[-98.264679052,20.917823539],[-98.264533507,20.917737098],[-98.264365176,20.917608001],[-98.263990938,20.917430586],[-98.263865749,20.917420308],[-98.263818983,20.917667596],[-98.263835693,20.917728515],[-98.263831345,20.917848467],[-98.263874162,20.917926352],[-98.263874176,20.918073304],[-98.26380734,20.9183354],[-98.263742384,20.918333815],[-98.263612614,20.918330632],[-98.263482231,20.918309431],[-98.263130292,20.918213769],[-98.26299283,20.918102355],[-98.262992553,20.917997293],[-98.262841738,20.917906554],[-98.262746679,20.917796321],[-98.262904723,20.917629893]]]]},"properties":{"locality":"Acatipa","municipality":null,"official_key":"130780003","CVE_ENT":"13","CVE_MUN":"078","CVE_LOC":"0003","ambito":"RURAL","geometry_kind":"locality","source":"INEGI Gaia — Servicio vectorial del Marco Geoestadístico"}},{"type":"Feature","geometry":{"type":"MultiPolygon","crs":{"type":"name","properties":{"name":"EPSG:6365"}},"coordinates":[[[[-98.303543886,20.811248124],[-98.303749674,20.811118658],[-98.303826892,20.811059065],[-98.303910129,20.811003459],[-98.304039529,20.810977784],[-98.304159975,20.810980703],[-98.304284083,20.810999077],[-98.304529152,20.811076084],[-98.304655406,20.811090668],[-98.304854521,20.811130067],[-98.305074368,20.811158443],[-98.305225487,20.811160184],[-98.305293539,20.811136863],[-98.305321235,20.811095277],[-98.305382466,20.810971081],[-98.305407417,20.810910924],[-98.305278927,20.810906762],[-98.305305215,20.810646294],[-98.30538195,20.810525103],[-98.305486735,20.810428602],[-98.305591025,20.810350096],[-98.305842868,20.810245153],[-98.306060757,20.810214416],[-98.30623889,20.810236738],[-98.306385782,20.810234293],[-98.30654282,20.810211086],[-98.306696092,20.810208796],[-98.306769045,20.810225568],[-98.306903262,20.810219815],[-98.307111663,20.810185847],[-98.307250219,20.810138182],[-98.307491107,20.809966943],[-98.307762742,20.809838466],[-98.307825471,20.809826913],[-98.307922982,20.809698287],[-98.308013691,20.809649463],[-98.308110779,20.809600793],[-98.308242215,20.809579966],[-98.308424998,20.809613035],[-98.308453732,20.8096366],[-98.308537629,20.809632135],[-98.308697527,20.809621],[-98.30882806,20.809633163],[-98.309101297,20.809795839],[-98.309290137,20.809893446],[-98.309450022,20.809999357],[-98.309483467,20.81006019],[-98.309473191,20.810098729],[-98.309374131,20.810079525],[-98.309233135,20.810006485],[-98.309054647,20.809895118],[-98.308984086,20.809854874],[-98.308932361,20.809836705],[-98.30878342,20.809784315],[-98.308735166,20.809774744],[-98.308550753,20.809796888],[-98.308484747,20.809808359],[-98.307905805,20.80996001],[-98.307828925,20.810152696],[-98.30757581,20.810276219],[-98.307407963,20.810419095],[-98.307239852,20.810459682],[-98.306726183,20.810530796],[-98.306237072,20.810432515],[-98.306187735,20.810416536],[-98.306205593,20.810686735],[-98.306189931,20.810978793],[-98.306159958,20.811122126],[-98.306083074,20.811244153],[-98.306013575,20.811320261],[-98.305949663,20.811373149],[-98.305947139,20.811401714],[-98.305912659,20.811533118],[-98.305912149,20.811576447],[-98.305897334,20.811603131],[-98.305873574,20.811626476],[-98.305854788,20.811648409],[-98.305814152,20.811682407],[-98.305794739,20.811725958],[-98.305570647,20.811889797],[-98.305480347,20.811923624],[-98.305331294,20.81191161],[-98.305177928,20.811887334],[-98.305005873,20.811801471],[-98.304788944,20.811746324],[-98.304770666,20.811739408],[-98.304586338,20.811683142],[-98.304394928,20.811635285],[-98.304191226,20.811590719],[-98.304062021,20.811578835],[-98.303926091,20.811562488],[-98.303671035,20.81152807],[-98.303431122,20.811497619],[-98.303276584,20.81149227],[-98.303163148,20.811488668],[-98.303067765,20.811466909],[-98.303092568,20.811446267],[-98.303144119,20.811436719],[-98.303233437,20.81141379],[-98.303309497,20.811392331],[-98.303445727,20.811326418],[-98.303543886,20.811248124]]]]},"properties":{"locality":"Acomul","municipality":null,"official_key":"130780004","CVE_ENT":"13","CVE_MUN":"078","CVE_LOC":"0004","ambito":"RURAL","geometry_kind":"locality","source":"INEGI Gaia — Servicio vectorial del Marco Geoestadístico"}},{"type":"Feature","geometry":{"type":"MultiPolygon","crs":{"type":"name","properties":{"name":"EPSG:6365"}},"coordinates":[[[[-98.26091443,20.881760721],[-98.260763378,20.881897958],[-98.260900979,20.882122147],[-98.261019805,20.882348842],[-98.261108545,20.882471374],[-98.261000952,20.882613113],[-98.260239688,20.882340774],[-98.26024235,20.882215001],[-98.260459911,20.882054121],[-98.260369556,20.881689041],[-98.260343711,20.881358193],[-98.260342853,20.88124534],[-98.260267653,20.880864459],[-98.260252645,20.880791745],[-98.26027116,20.880685533],[-98.260400627,20.880289705],[-98.260559001,20.880644895],[-98.260658366,20.880902348],[-98.260677749,20.881071059],[-98.260633353,20.8812208],[-98.260599795,20.881456567],[-98.260680274,20.881393012],[-98.260791632,20.881322435],[-98.260984888,20.881478661],[-98.261032002,20.881615777],[-98.260928165,20.881741911],[-98.26091443,20.881760721]]]]},"properties":{"locality":"Ahuatitla (Aguayo)","municipality":null,"official_key":"130780005","CVE_ENT":"13","CVE_MUN":"078","CVE_LOC":"0005","ambito":"RURAL","geometry_kind":"locality","source":"INEGI Gaia — Servicio vectorial del Marco Geoestadístico"}},{"type":"Feature","geometry":{"type":"MultiPolygon","crs":{"type":"name","properties":{"name":"EPSG:6365"}},"coordinates":[[[[-98.292557215,20.887203432],[-98.292606646,20.887171015],[-98.292680615,20.887175216],[-98.292800092,20.887197323],[-98.292983799,20.8872066],[-98.293058108,20.887198801],[-98.29311743,20.887178631],[-98.293153891,20.887153092],[-98.293246138,20.887143338],[-98.293320384,20.887137938],[-98.293478814,20.887136986],[-98.293589292,20.887149846],[-98.293593031,20.887257416],[-98.293608399,20.887349031],[-98.293636538,20.887440955],[-98.293618646,20.887534155],[-98.293543538,20.887570754],[-98.293461245,20.887590369],[-98.293391584,20.887615078],[-98.293359814,20.887655124],[-98.293424676,20.887711939],[-98.293456691,20.887755923],[-98.293432846,20.887786569],[-98.293368492,20.887804216],[-98.293298399,20.887869987],[-98.29330895,20.887937954],[-98.292957491,20.888077189],[-98.293108992,20.888189407],[-98.293310806,20.888273079],[-98.293425123,20.88838007],[-98.293439367,20.888493709],[-98.293360658,20.888600646],[-98.293149643,20.888794446],[-98.293162152,20.888876311],[-98.293242841,20.88899054],[-98.293277821,20.889052666],[-98.293284582,20.889221553],[-98.293385513,20.889419141],[-98.29303633,20.889505407],[-98.292413563,20.889476399],[-98.29240085,20.889044626],[-98.292412024,20.888781923],[-98.292531826,20.888618204],[-98.292732096,20.888409378],[-98.292734067,20.888342953],[-98.2925374,20.888317639],[-98.292375007,20.888357074],[-98.292250291,20.888362497],[-98.292156927,20.888248965],[-98.292094867,20.888128347],[-98.292167992,20.888003134],[-98.292554121,20.887827305],[-98.292437799,20.88773597],[-98.292403907,20.887667924],[-98.292406814,20.887562338],[-98.292433723,20.887512569],[-98.292481014,20.887465708],[-98.29249523,20.887413215],[-98.292490276,20.887314662],[-98.29251503,20.887250432],[-98.292557215,20.887203432]]]]},"properties":{"locality":"Atlajco","municipality":null,"official_key":"130780007","CVE_ENT":"13","CVE_MUN":"078","CVE_LOC":"0007","ambito":"RURAL","geometry_kind":"locality","source":"INEGI Gaia — Servicio vectorial del Marco Geoestadístico"}},{"type":"Feature","geometry":{"type":"MultiPolygon","crs":{"type":"name","properties":{"name":"EPSG:6365"}},"coordinates":[[[[-98.286121284,20.816970789],[-98.286261522,20.817003477],[-98.286333476,20.817005231],[-98.286429507,20.817023416],[-98.286475153,20.817034123],[-98.286539123,20.817049138],[-98.286643661,20.817092016],[-98.286695737,20.817123308],[-98.286738614,20.817149077],[-98.286810922,20.817194047],[-98.286882907,20.817250538],[-98.286957677,20.8173172],[-98.286998414,20.817395986],[-98.287020968,20.817467108],[-98.287017368,20.817541938],[-98.286985169,20.817598785],[-98.286891846,20.817704555],[-98.286827877,20.8178024],[-98.286769815,20.817907586],[-98.286728277,20.818024709],[-98.286699014,20.818116986],[-98.286677953,20.818183385],[-98.286719922,20.818328463],[-98.286828568,20.818388739],[-98.287004661,20.818393015],[-98.287057968,20.818385678],[-98.287209215,20.818364862],[-98.287288954,20.818362493],[-98.287362537,20.818361401],[-98.287508722,20.818393769],[-98.287576492,20.818412078],[-98.287666907,20.818436508],[-98.287742277,20.818481569],[-98.287924862,20.818527785],[-98.288016062,20.818554492],[-98.288119937,20.818565663],[-98.288472462,20.818561277],[-98.288513492,20.8185608],[-98.288592014,20.818559878],[-98.288672814,20.818574801],[-98.288711308,20.818623277],[-98.288714445,20.818636523],[-98.288725045,20.818681232],[-98.288692014,20.818712124],[-98.288546153,20.818722986],[-98.288433585,20.818749062],[-98.288321937,20.818742016],[-98.288187815,20.818715708],[-98.288123677,20.818708386],[-98.288043815,20.818715078],[-98.287941968,20.818741416],[-98.287791692,20.818801139],[-98.287595877,20.818901538],[-98.287500523,20.8189698],[-98.287412138,20.819007985],[-98.287328262,20.819049169],[-98.287240984,20.819103216],[-98.287170123,20.819138263],[-98.287047045,20.819190709],[-98.287008153,20.819202338],[-98.286971337,20.819213354],[-98.286897569,20.819221631],[-98.286826231,20.819196847],[-98.286626123,20.81906377],[-98.286523461,20.819007954],[-98.286464107,20.818993555],[-98.286374861,20.819007232],[-98.286251384,20.8191028],[-98.286332245,20.819195385],[-98.286350584,20.819351139],[-98.286353199,20.819457615],[-98.286376215,20.819551831],[-98.286391353,20.819680986],[-98.286390153,20.819729862],[-98.286389199,20.81982757],[-98.286374046,20.819909063],[-98.28632983,20.820060278],[-98.286321815,20.82017437],[-98.286555676,20.820244939],[-98.286609937,20.820280539],[-98.2866814,20.820336969],[-98.286785953,20.820435232],[-98.286861385,20.820499032],[-98.286997585,20.820629031],[-98.286922476,20.820816246],[-98.286656714,20.820782338],[-98.28655725,20.82078854],[-98.286398888,20.820629937],[-98.286208339,20.820446264],[-98.285848699,20.820124042],[-98.285839761,20.820354437],[-98.286178615,20.820734998],[-98.286250145,20.820944569],[-98.286173773,20.820958615],[-98.286095231,20.820944738],[-98.285982708,20.820885815],[-98.285897246,20.820817462],[-98.285800477,20.820743077],[-98.285675245,20.820672323],[-98.285611031,20.820611692],[-98.285548692,20.820566231],[-98.285511199,20.820507863],[-98.285501677,20.820493063],[-98.285402415,20.820342263],[-98.285329322,20.820242524],[-98.285287276,20.820190232],[-98.285238954,20.820130108],[-98.285126322,20.820074786],[-98.285071676,20.820055431],[-98.284984445,20.820024509],[-98.284903414,20.819990124],[-98.284815445,20.819929646],[-98.284653615,20.819797478],[-98.284522569,20.819687693],[-98.284482569,20.819622955],[-98.284477831,20.819615293],[-98.284397891,20.819458477],[-98.284371984,20.819369969],[-98.284367446,20.819228678],[-98.284400799,20.819102724],[-98.284436,20.819020739],[-98.284498415,20.818924309],[-98.284572923,20.818805831],[-98.284604628,20.818384653],[-98.284769307,20.818442675],[-98.284714671,20.818155386],[-98.284735136,20.817878126],[-98.284741564,20.817769438],[-98.284815626,20.817686295],[-98.284911146,20.817502869],[-98.284971915,20.817441688],[-98.285093732,20.817354802],[-98.285340762,20.817184305],[-98.285527365,20.817165572],[-98.28569338,20.817154963],[-98.285860535,20.817160397],[-98.285972661,20.817141828],[-98.286084788,20.817063087],[-98.286121284,20.816970789]]]]},"properties":{"locality":"Atlalco","municipality":null,"official_key":"130780008","CVE_ENT":"13","CVE_MUN":"078","CVE_LOC":"0008","ambito":"RURAL","geometry_kind":"locality","source":"INEGI Gaia — Servicio vectorial del Marco Geoestadístico"}},{"type":"Feature","geometry":{"type":"MultiPolygon","crs":{"type":"name","properties":{"name":"EPSG:6365"}},"coordinates":[[[[-98.299461107,20.876375379],[-98.299447917,20.876451964],[-98.299461109,20.876604648],[-98.29947919,20.876758668],[-98.299482744,20.876857879],[-98.299534922,20.876988385],[-98.299562076,20.877041863],[-98.299577953,20.877096031],[-98.299573599,20.877142985],[-98.299562646,20.877169615],[-98.299528091,20.877274431],[-98.299509199,20.877367124],[-98.299492399,20.877420509],[-98.299476508,20.877459955],[-98.299475538,20.877462355],[-98.299457123,20.877551955],[-98.299509062,20.877637247],[-98.299554385,20.877731386],[-98.299603553,20.877801615],[-98.299595522,20.877861446],[-98.299565231,20.877917738],[-98.299483877,20.877972786],[-98.299464938,20.878244246],[-98.299465384,20.878274277],[-98.299475722,20.878316538],[-98.299488969,20.878345677],[-98.29951243,20.878375063],[-98.299572615,20.878416138],[-98.299662723,20.878484355],[-98.299708892,20.878523893],[-98.29972243,20.878539538],[-98.299775754,20.878601154],[-98.299768307,20.878733032],[-98.299716415,20.878761786],[-98.299593537,20.878770816],[-98.299395277,20.8787804],[-98.299209291,20.878761492],[-98.299068431,20.878728062],[-98.298922792,20.87870013],[-98.298904638,20.878925506],[-98.298708298,20.87889755],[-98.298521574,20.878885314],[-98.298392345,20.878863011],[-98.29832939,20.878811923],[-98.298288324,20.878731956],[-98.298145415,20.878754892],[-98.298073168,20.878780739],[-98.298020722,20.878783077],[-98.297989108,20.878771509],[-98.297958615,20.878719138],[-98.297958415,20.878679524],[-98.297985537,20.878622555],[-98.298034214,20.878570909],[-98.298092785,20.878531509],[-98.298172723,20.878504632],[-98.298229214,20.878494],[-98.298089861,20.8784516],[-98.298013707,20.878434154],[-98.297972045,20.878416324],[-98.297899307,20.87841337],[-98.297818046,20.878395786],[-98.297776337,20.87837917],[-98.297719553,20.878353769],[-98.297710662,20.878302955],[-98.29770343,20.878261663],[-98.297715308,20.878183201],[-98.297713046,20.878135123],[-98.297662953,20.878024416],[-98.297690414,20.877917508],[-98.297711814,20.877827955],[-98.297708476,20.877771386],[-98.297729599,20.877662508],[-98.297674699,20.877612846],[-98.297601745,20.877603017],[-98.297508948,20.877504157],[-98.297633418,20.877350726],[-98.297663763,20.877142649],[-98.297654741,20.877033878],[-98.297776644,20.877043223],[-98.297942593,20.877060332],[-98.297943325,20.876703299],[-98.298331063,20.876482703],[-98.299266141,20.876049416],[-98.299458462,20.876237385],[-98.299461107,20.876375379]]]]},"properties":{"locality":"Cocotla","municipality":null,"official_key":"130780010","CVE_ENT":"13","CVE_MUN":"078","CVE_LOC":"0010","ambito":"RURAL","geometry_kind":"locality","source":"INEGI Gaia — Servicio vectorial del Marco Geoestadístico"}},{"type":"Feature","geometry":{"type":"MultiPolygon","crs":{"type":"name","properties":{"name":"EPSG:6365"}},"coordinates":[[[[-98.280291846,20.872603957],[-98.280030719,20.872315861],[-98.280410836,20.871183586],[-98.280468341,20.870892193],[-98.280567074,20.870638594],[-98.280601689,20.870170559],[-98.280754322,20.869928085],[-98.280893292,20.869783983],[-98.281010297,20.869666201],[-98.28135323,20.869908536],[-98.281682127,20.869694111],[-98.281753284,20.869736757],[-98.281980771,20.869514852],[-98.282469659,20.869054235],[-98.282889636,20.868572728],[-98.283095737,20.868324676],[-98.283311212,20.86842663],[-98.283381848,20.868413297],[-98.283841295,20.867922896],[-98.284017033,20.867668876],[-98.284220142,20.867806987],[-98.284370102,20.867549244],[-98.284689982,20.867104602],[-98.285103155,20.867390036],[-98.285399483,20.867680813],[-98.28506316,20.868130283],[-98.284696294,20.868638151],[-98.284337365,20.869119782],[-98.283835943,20.869707123],[-98.283490711,20.869448786],[-98.283290921,20.869297392],[-98.283182325,20.869181087],[-98.283194145,20.869359695],[-98.283165642,20.869495532],[-98.283111159,20.869683751],[-98.282929195,20.869993182],[-98.282717321,20.870048265],[-98.282524691,20.870021432],[-98.282466119,20.870229927],[-98.282419965,20.870447844],[-98.282373296,20.870567995],[-98.282233177,20.870826755],[-98.282124978,20.870904681],[-98.281968498,20.870962556],[-98.281977841,20.871058057],[-98.282027463,20.871166465],[-98.281985583,20.87134631],[-98.281875776,20.871508336],[-98.281743414,20.871635729],[-98.281588317,20.871762615],[-98.281501895,20.871928317],[-98.281439746,20.872030324],[-98.28134168,20.872074969],[-98.280951208,20.872338139],[-98.280833175,20.872235127],[-98.280624559,20.872479188],[-98.280557644,20.872567442],[-98.280405398,20.872636365],[-98.280291846,20.872603957]]]]},"properties":{"locality":"Cruzhica","municipality":null,"official_key":"130780011","CVE_ENT":"13","CVE_MUN":"078","CVE_LOC":"0011","ambito":"RURAL","geometry_kind":"locality","source":"INEGI Gaia — Servicio vectorial del Marco Geoestadístico"}},{"type":"Feature","geometry":{"type":"MultiPolygon","crs":{"type":"name","properties":{"name":"EPSG:6365"}},"coordinates":[[[[-98.309784503,20.882931303],[-98.309622673,20.88288919],[-98.309550348,20.882861405],[-98.309493433,20.882830092],[-98.309454523,20.882801089],[-98.309388627,20.882695975],[-98.309350313,20.882599562],[-98.309329433,20.882529463],[-98.309326384,20.882409451],[-98.309294488,20.882409091],[-98.309179922,20.882394314],[-98.308830963,20.882635585],[-98.308605879,20.882738188],[-98.308562365,20.882755576],[-98.308530457,20.882730209],[-98.30834237,20.882329516],[-98.308130313,20.882402631],[-98.308063881,20.882477378],[-98.307954675,20.882546767],[-98.307882479,20.882552224],[-98.30773418,20.882705666],[-98.307604824,20.882783212],[-98.307286085,20.882515272],[-98.307284874,20.882510195],[-98.30723453,20.882478917],[-98.307146215,20.882289494],[-98.307030119,20.882162789],[-98.306958892,20.882108236],[-98.306809266,20.882116889],[-98.306481812,20.881940286],[-98.307226823,20.880702879],[-98.307415384,20.880742971],[-98.307654867,20.880699464],[-98.307805616,20.880736249],[-98.307951138,20.880795955],[-98.308135122,20.880911191],[-98.308352224,20.88102989],[-98.308536845,20.881148425],[-98.308594234,20.881201877],[-98.308610357,20.881255753],[-98.308627671,20.881288756],[-98.30869067,20.881353487],[-98.308751971,20.881421107],[-98.308807115,20.881485521],[-98.30886064,20.881551346],[-98.308900434,20.881607711],[-98.308923719,20.881614609],[-98.309084809,20.881436867],[-98.309126129,20.881369547],[-98.309446404,20.88153786],[-98.309518939,20.881659492],[-98.309853901,20.881479795],[-98.310085787,20.88140857],[-98.310264639,20.881408093],[-98.310375533,20.881463598],[-98.310611964,20.88178626],[-98.310955085,20.882317992],[-98.311171839,20.882768416],[-98.310871721,20.882843414],[-98.310828855,20.882887076],[-98.310726982,20.882955796],[-98.310285283,20.882878215],[-98.310233474,20.882873548],[-98.310201899,20.882881503],[-98.310163984,20.882896132],[-98.310122045,20.88292329],[-98.309955919,20.883061567],[-98.309784503,20.882931303]]]]},"properties":{"locality":"Chiapa","municipality":null,"official_key":"130780013","CVE_ENT":"13","CVE_MUN":"078","CVE_LOC":"0013","ambito":"RURAL","geometry_kind":"locality","source":"INEGI Gaia — Servicio vectorial del Marco Geoestadístico"}},{"type":"Feature","geometry":{"type":"MultiPolygon","crs":{"type":"name","properties":{"name":"EPSG:6365"}},"coordinates":[[[[-98.26291202,20.909417412],[-98.262873111,20.909397835],[-98.262711115,20.909325826],[-98.262591334,20.909222043],[-98.262420923,20.909008969],[-98.262343176,20.908771752],[-98.262293304,20.908706449],[-98.261926455,20.908226089],[-98.262362908,20.908092634],[-98.262592202,20.908078727],[-98.262643243,20.908087755],[-98.26281095,20.908154032],[-98.262878748,20.908104683],[-98.263015156,20.908069604],[-98.263175344,20.908006295],[-98.263271047,20.907918596],[-98.263248556,20.907623905],[-98.263299995,20.907611958],[-98.26347315,20.907541763],[-98.263609544,20.907461062],[-98.263656363,20.907385371],[-98.263675513,20.907330614],[-98.263682686,20.907219377],[-98.263697519,20.90720053],[-98.263777159,20.907277397],[-98.263937437,20.907542565],[-98.264052476,20.907883468],[-98.264073322,20.908249488],[-98.264105953,20.908230184],[-98.264183577,20.908206485],[-98.264303398,20.908140398],[-98.264538684,20.908059715],[-98.264589151,20.908009086],[-98.264621338,20.907954168],[-98.264620892,20.90789653],[-98.264597315,20.907788381],[-98.264542435,20.907629522],[-98.264532413,20.907548598],[-98.264570123,20.907441949],[-98.264644869,20.907326604],[-98.264720116,20.907266976],[-98.264860737,20.90720895],[-98.265091351,20.907149283],[-98.265266777,20.907126171],[-98.265250349,20.907146958],[-98.265054434,20.90728239],[-98.26489298,20.90742827],[-98.264860633,20.907488948],[-98.264843566,20.907588417],[-98.264907576,20.907712923],[-98.265110258,20.907923422],[-98.265244673,20.908162985],[-98.26517753,20.908608969],[-98.26532508,20.908691513],[-98.265536886,20.908790545],[-98.265552159,20.908799246],[-98.265664967,20.908875114],[-98.265976277,20.909200614],[-98.266008168,20.909218674],[-98.266496623,20.909458734],[-98.267054806,20.909718507],[-98.267091863,20.909764435],[-98.267147078,20.909846825],[-98.267173646,20.909925511],[-98.267166963,20.910051409],[-98.267135159,20.910161684],[-98.267056288,20.910259952],[-98.267028563,20.910312025],[-98.266972509,20.910395884],[-98.266822093,20.910483408],[-98.266671679,20.910511931],[-98.266527802,20.910511215],[-98.266391985,20.910505895],[-98.26622709,20.910506807],[-98.266059599,20.910507618],[-98.265833656,20.910528259],[-98.265673461,20.91054393],[-98.26566152,20.91054509],[-98.265633015,20.910567478],[-98.265550546,20.910704459],[-98.26549148,20.91085865],[-98.26551183,20.910921309],[-98.265547596,20.91102531],[-98.265599405,20.911148811],[-98.265613857,20.911222696],[-98.265629969,20.911277892],[-98.265637599,20.911362354],[-98.265614522,20.9114756],[-98.265596172,20.911524839],[-98.265573633,20.91160848],[-98.265486734,20.911728813],[-98.265397309,20.911829633],[-98.265308604,20.91190454],[-98.265218034,20.912019019],[-98.265107232,20.91211022],[-98.264941107,20.912344432],[-98.264904937,20.912432154],[-98.264901494,20.91244541],[-98.264873162,20.912650965],[-98.264876595,20.912963028],[-98.264878568,20.913079092],[-98.264862061,20.913343063],[-98.264864768,20.913549138],[-98.264832461,20.913801909],[-98.264829814,20.913897662],[-98.264842677,20.914207723],[-98.264849737,20.914272062],[-98.264860938,20.914374109],[-98.264864707,20.914408509],[-98.264889862,20.914441538],[-98.264933245,20.914480785],[-98.265020369,20.914518216],[-98.265172985,20.914571662],[-98.265484537,20.914644109],[-98.265732476,20.914715723],[-98.265816337,20.914760278],[-98.265859,20.914792862],[-98.265862138,20.914795262],[-98.265929645,20.914987078],[-98.265929462,20.915011863],[-98.265929092,20.915062708],[-98.265904754,20.915111093],[-98.265901354,20.915150631],[-98.265835292,20.915238338],[-98.265787607,20.915280179],[-98.265709647,20.915318109],[-98.265679662,20.915349063],[-98.265653185,20.915363538],[-98.265616031,20.915376323],[-98.265541599,20.915378816],[-98.2654794,20.915382338],[-98.265443985,20.915387954],[-98.265382784,20.915410954],[-98.265359923,20.915433446],[-98.265340955,20.915437763],[-98.2653036,20.915446477],[-98.265223061,20.915410986],[-98.265214307,20.915403938],[-98.265185214,20.915347047],[-98.265145599,20.915255309],[-98.265113014,20.915158708],[-98.265095477,20.915099939],[-98.265098753,20.915064724],[-98.265113754,20.914993769],[-98.265134492,20.914909278],[-98.265129676,20.914861615],[-98.265116845,20.914826723],[-98.265095831,20.91481037],[-98.265065076,20.914813939],[-98.265047737,20.914830801],[-98.265027215,20.914851909],[-98.264990722,20.914840924],[-98.264940676,20.91482097],[-98.264883292,20.914789308],[-98.264827753,20.914746169],[-98.264766369,20.914692801],[-98.264739261,20.914674862],[-98.264679431,20.914676278],[-98.264636446,20.914678108],[-98.264574354,20.9147054],[-98.264523107,20.914728631],[-98.264506538,20.914718139],[-98.264511814,20.914693785],[-98.264541969,20.914657063],[-98.264560262,20.914605647],[-98.264544077,20.914580755],[-98.26451863,20.914558524],[-98.264498138,20.914523446],[-98.264490061,20.914482909],[-98.2644776,20.914324123],[-98.264457046,20.914235738],[-98.264427076,20.914210508],[-98.264385677,20.914210938],[-98.264343938,20.914222877],[-98.264264399,20.914271354],[-98.264238384,20.914269278],[-98.264201614,20.914268385],[-98.264143062,20.914223724],[-98.26411603,20.914202892],[-98.264066697,20.914212471],[-98.264066341,20.914210763],[-98.264039142,20.914080451],[-98.263977932,20.914076072],[-98.263903034,20.914049267],[-98.263869154,20.914017701],[-98.263817379,20.9138205],[-98.263766851,20.913615424],[-98.263765925,20.91361178],[-98.263679387,20.913488644],[-98.263664992,20.91334422],[-98.263730405,20.913108354],[-98.263650271,20.913111701],[-98.263550781,20.913088761],[-98.263531435,20.913084299],[-98.263370077,20.912821024],[-98.2633184,20.912639621],[-98.262833204,20.912664237],[-98.262792682,20.912648608],[-98.262685579,20.912607299],[-98.262673869,20.912269872],[-98.262215158,20.91215738],[-98.262199019,20.911965373],[-98.262166641,20.911889695],[-98.262111186,20.911760084],[-98.262203734,20.911621582],[-98.262288955,20.911494044],[-98.262327142,20.911436895],[-98.262402207,20.911387817],[-98.262387993,20.911310632],[-98.262399753,20.911255214],[-98.262440166,20.911198576],[-98.262849724,20.910805213],[-98.262900812,20.910658553],[-98.262973447,20.910472081],[-98.263187511,20.910273797],[-98.263177914,20.910124883],[-98.263019218,20.909627562],[-98.26291202,20.909417412]]]]},"properties":{"locality":"Ixtaczoquico","municipality":null,"official_key":"130780014","CVE_ENT":"13","CVE_MUN":"078","CVE_LOC":"0014","ambito":"RURAL","geometry_kind":"locality","source":"INEGI Gaia — Servicio vectorial del Marco Geoestadístico"}},{"type":"Feature","geometry":{"type":"MultiPolygon","crs":{"type":"name","properties":{"name":"EPSG:6365"}},"coordinates":[[[[-98.262053723,20.823505186],[-98.262027276,20.823156908],[-98.262010461,20.822960278],[-98.262346128,20.822724571],[-98.262526077,20.822532462],[-98.262593,20.822503432],[-98.262701999,20.822505308],[-98.262793538,20.822517232],[-98.262895737,20.822548755],[-98.262971814,20.822593724],[-98.263055585,20.822636493],[-98.263072968,20.822666415],[-98.263077554,20.822731369],[-98.263077414,20.822828601],[-98.263103569,20.823477246],[-98.263102492,20.823533846],[-98.263097825,20.82359916],[-98.263490787,20.823613518],[-98.263421943,20.824071722],[-98.263452788,20.824367678],[-98.26299708,20.824434914],[-98.262989568,20.824404355],[-98.262773,20.824439354],[-98.262543707,20.824481739],[-98.262260353,20.824525386],[-98.262245831,20.824528462],[-98.261791077,20.824628339],[-98.261625522,20.824695586],[-98.261610553,20.824700339],[-98.261587861,20.824706462],[-98.261394769,20.824787415],[-98.261315122,20.824815462],[-98.261432045,20.825060847],[-98.2614168,20.825079878],[-98.261324015,20.825195616],[-98.261198337,20.825348308],[-98.260498691,20.825286955],[-98.260403923,20.825279539],[-98.260283138,20.825257754],[-98.260200538,20.825215401],[-98.260251246,20.825155169],[-98.260289431,20.825104247],[-98.260291399,20.825033232],[-98.260274246,20.824988632],[-98.260273907,20.824927154],[-98.260281584,20.824871631],[-98.260305261,20.824828032],[-98.260328522,20.824799801],[-98.260356231,20.824758215],[-98.260392491,20.8247034],[-98.260404185,20.824649908],[-98.260424353,20.824558077],[-98.260365108,20.824530215],[-98.2602704,20.824464508],[-98.260236938,20.824428816],[-98.260219431,20.824405631],[-98.260146784,20.824351062],[-98.260008923,20.824226246],[-98.26002483,20.824212262],[-98.260048523,20.824168662],[-98.260064384,20.824038446],[-98.260109462,20.823812892],[-98.260130185,20.823728877],[-98.260152292,20.823667954],[-98.260177337,20.82364937],[-98.260379722,20.823644723],[-98.260506291,20.823647832],[-98.260873953,20.823651077],[-98.2609748,20.823642632],[-98.261037723,20.82362977],[-98.261095646,20.823613186],[-98.261135507,20.823603355],[-98.261186815,20.823595001],[-98.261216754,20.823574123],[-98.261280954,20.823561293],[-98.261339815,20.823556738],[-98.261383137,20.823560201],[-98.261436831,20.823557909],[-98.261468753,20.823557323],[-98.261474077,20.823557263],[-98.261750537,20.823544754],[-98.261759092,20.823544431],[-98.262058615,20.823533447],[-98.262053723,20.823505186]]]]},"properties":{"locality":"Nanayatla","municipality":null,"official_key":"130780016","CVE_ENT":"13","CVE_MUN":"078","CVE_LOC":"0016","ambito":"RURAL","geometry_kind":"locality","source":"INEGI Gaia — Servicio vectorial del Marco Geoestadístico"}},{"type":"Feature","geometry":{"type":"MultiPolygon","crs":{"type":"name","properties":{"name":"EPSG:6365"}},"coordinates":[[[[-98.261042285,20.895396042],[-98.260694202,20.895255044],[-98.260390461,20.895191778],[-98.260313021,20.895113327],[-98.260281783,20.895055265],[-98.260284524,20.89496312],[-98.260257087,20.894812765],[-98.260226143,20.894669496],[-98.260184197,20.894493502],[-98.260151603,20.894406542],[-98.260101087,20.894320753],[-98.260075036,20.894286079],[-98.260032551,20.894238147],[-98.259979207,20.894190622],[-98.259897659,20.894095082],[-98.259860006,20.894031668],[-98.259840579,20.893945145],[-98.259840935,20.893812177],[-98.259847796,20.893703095],[-98.2598686,20.893531948],[-98.25978879,20.893389502],[-98.259707471,20.893327481],[-98.259524185,20.893256956],[-98.259422472,20.893193234],[-98.259371595,20.893139162],[-98.259177773,20.892987942],[-98.258859361,20.892768836],[-98.258799147,20.892728941],[-98.258771859,20.892699459],[-98.258749612,20.892672501],[-98.258733615,20.892650499],[-98.258717843,20.892631685],[-98.258672342,20.89266938],[-98.258393584,20.892474137],[-98.25844691,20.892317837],[-98.258322624,20.891932096],[-98.258539406,20.891490713],[-98.258514787,20.891274857],[-98.258509686,20.89110848],[-98.258679425,20.890831343],[-98.258794235,20.890469188],[-98.25880473,20.890184286],[-98.258809728,20.890048578],[-98.258813277,20.889952188],[-98.258814998,20.889905434],[-98.259206051,20.889900616],[-98.259304542,20.889850205],[-98.25947226,20.889883132],[-98.259666597,20.889919446],[-98.259711371,20.889826304],[-98.259734687,20.889743188],[-98.259738847,20.88949118],[-98.25979822,20.889461635],[-98.259857594,20.889462161],[-98.259948311,20.88951707],[-98.260010911,20.889605255],[-98.260071735,20.889886668],[-98.260156815,20.889974214],[-98.260340136,20.890024358],[-98.260513324,20.89002551],[-98.260691631,20.890114454],[-98.260827024,20.890243493],[-98.260990767,20.890373241],[-98.261192266,20.890639626],[-98.261373481,20.890858019],[-98.26149569,20.890981187],[-98.261575866,20.891060637],[-98.261668082,20.891087568],[-98.261840764,20.891089443],[-98.262102738,20.891051362],[-98.262209731,20.891083377],[-98.262645249,20.891147011],[-98.262838358,20.891038898],[-98.262909128,20.891074142],[-98.263057664,20.891119961],[-98.263198153,20.891110651],[-98.263474785,20.891137335],[-98.263583187,20.891242974],[-98.263579879,20.891379979],[-98.263399546,20.891491927],[-98.263448397,20.891584526],[-98.263566701,20.891689714],[-98.263679638,20.891784877],[-98.263823756,20.892017165],[-98.264037609,20.892244441],[-98.264186368,20.892338147],[-98.264276007,20.892397055],[-98.264405615,20.89245583],[-98.264562729,20.892515508],[-98.264663257,20.892613974],[-98.264709337,20.892733868],[-98.264746434,20.892913385],[-98.26480363,20.893200939],[-98.264763147,20.893226142],[-98.264653843,20.893270807],[-98.264378242,20.893282896],[-98.264289977,20.893300882],[-98.264196935,20.893354066],[-98.264141514,20.893383217],[-98.264127216,20.89342285],[-98.263943938,20.893472508],[-98.263808037,20.893546199],[-98.263749522,20.893572903],[-98.263615906,20.893672276],[-98.263507174,20.893721497],[-98.263420452,20.89373697],[-98.263367834,20.893747646],[-98.263391868,20.89379573],[-98.26345077,20.893883907],[-98.263534398,20.894021548],[-98.263674247,20.894255249],[-98.263786409,20.894453544],[-98.26384761,20.894534067],[-98.263931888,20.894490279],[-98.263996349,20.894467179],[-98.264076904,20.894469135],[-98.264359345,20.894493533],[-98.264500564,20.894520767],[-98.264749105,20.894587716],[-98.264986918,20.894664686],[-98.265299832,20.894801798],[-98.265486689,20.894892456],[-98.265684275,20.895018196],[-98.265444663,20.894987323],[-98.26492923,20.894897965],[-98.264750638,20.894870826],[-98.264547349,20.894853498],[-98.26447655,20.894854858],[-98.264352106,20.894891298],[-98.264157925,20.894970164],[-98.263938536,20.895065248],[-98.26375189,20.895135141],[-98.26353953,20.895264899],[-98.263265013,20.895293883],[-98.262989564,20.895376906],[-98.262835633,20.895347503],[-98.262635059,20.895444055],[-98.262549201,20.895460627],[-98.262520327,20.895460529],[-98.262496816,20.895455421],[-98.262391839,20.895288017],[-98.262200891,20.895050995],[-98.262102575,20.894931538],[-98.261900306,20.895198345],[-98.261736344,20.895397488],[-98.261628695,20.895469974],[-98.261604858,20.895489785],[-98.261500511,20.895387976],[-98.261389457,20.895549279],[-98.261042285,20.895396042]]]]},"properties":{"locality":"Ohuatipa","municipality":null,"official_key":"130780017","CVE_ENT":"13","CVE_MUN":"078","CVE_LOC":"0017","ambito":"RURAL","geometry_kind":"locality","source":"INEGI Gaia — Servicio vectorial del Marco Geoestadístico"}},{"type":"Feature","geometry":{"type":"MultiPolygon","crs":{"type":"name","properties":{"name":"EPSG:6365"}},"coordinates":[[[[-98.335541815,20.847611785],[-98.335415492,20.847748493],[-98.335208184,20.848045678],[-98.335080476,20.848233492],[-98.335039845,20.8483186],[-98.334791274,20.848442657],[-98.334527515,20.848604949],[-98.334363448,20.848525674],[-98.334217041,20.848576273],[-98.334025821,20.848611599],[-98.333855109,20.848559077],[-98.333844855,20.848412501],[-98.333603693,20.848048447],[-98.333526029,20.847665891],[-98.33353011,20.847244005],[-98.333709177,20.846972903],[-98.333632415,20.846686955],[-98.333368728,20.84634345],[-98.333226154,20.846211803],[-98.332800816,20.845825131],[-98.332639689,20.845583115],[-98.332607308,20.845321046],[-98.332658614,20.845308969],[-98.332681338,20.845303615],[-98.332707246,20.845327523],[-98.332767768,20.845356355],[-98.332812692,20.845394893],[-98.332907461,20.845460555],[-98.332963337,20.845490708],[-98.333061907,20.845529092],[-98.333099492,20.845555938],[-98.33312163,20.845474355],[-98.333137954,20.845437293],[-98.333169138,20.845417862],[-98.333252184,20.845406893],[-98.333361985,20.845426832],[-98.33343743,20.845470415],[-98.333544908,20.845519092],[-98.333608999,20.845529277],[-98.333777414,20.84553477],[-98.333881537,20.845538231],[-98.333964907,20.845514555],[-98.334036231,20.845476863],[-98.334089076,20.845431339],[-98.334185507,20.845388446],[-98.334254785,20.845366831],[-98.334373707,20.845353863],[-98.334460123,20.845332708],[-98.334560569,20.845311909],[-98.33461083,20.845300062],[-98.334488599,20.845192677],[-98.334447568,20.845152062],[-98.334413723,20.845111338],[-98.334384523,20.845076185],[-98.334332568,20.845013646],[-98.334302384,20.844996124],[-98.334097738,20.845008001],[-98.334034184,20.844985277],[-98.334004137,20.844974538],[-98.333892814,20.844935847],[-98.33357963,20.844805878],[-98.333534014,20.844806724],[-98.3334672,20.844807969],[-98.333445168,20.844709569],[-98.33340343,20.844523123],[-98.333426985,20.844502077],[-98.333512199,20.844468108],[-98.333610891,20.844441278],[-98.333617691,20.844439432],[-98.333733476,20.844408601],[-98.333841846,20.844367985],[-98.333948662,20.844291323],[-98.334023937,20.8442398],[-98.334006937,20.844193047],[-98.334000354,20.844174908],[-98.334022784,20.844101015],[-98.334120753,20.843973724],[-98.334285937,20.843816832],[-98.334417676,20.843762369],[-98.334520122,20.843738924],[-98.334636137,20.843712385],[-98.334896414,20.843721047],[-98.335130323,20.843760278],[-98.335281323,20.843843139],[-98.33538023,20.843945446],[-98.335384615,20.844108247],[-98.335420553,20.844076986],[-98.335426862,20.844065847],[-98.335439337,20.844043816],[-98.335487892,20.844042585],[-98.335502231,20.844078954],[-98.3355574,20.844116293],[-98.335628353,20.8441372],[-98.335694384,20.844150786],[-98.335726338,20.844197185],[-98.335742692,20.844252801],[-98.335718938,20.844281031],[-98.335697153,20.844330938],[-98.335711168,20.844379292],[-98.335892108,20.844205969],[-98.33595823,20.844130508],[-98.336019845,20.844016954],[-98.336166891,20.843869215],[-98.336201507,20.843817232],[-98.336276768,20.843773416],[-98.33638443,20.8437592],[-98.336511138,20.843795846],[-98.336626922,20.843858662],[-98.336771492,20.843895739],[-98.337019231,20.843990539],[-98.337135077,20.844050939],[-98.3373372,20.844226262],[-98.337497292,20.844350155],[-98.337580353,20.84439537],[-98.337699722,20.844419847],[-98.337815323,20.844489846],[-98.337922784,20.844576462],[-98.337966385,20.844663955],[-98.337954153,20.844738093],[-98.337932369,20.844787985],[-98.337875046,20.844829832],[-98.337795985,20.844825523],[-98.337762292,20.84482017],[-98.337689168,20.844808554],[-98.33758563,20.844765262],[-98.337483846,20.8447508],[-98.337338615,20.844737708],[-98.33724163,20.844735385],[-98.337135937,20.844771262],[-98.337117077,20.844780032],[-98.336993661,20.844837477],[-98.336840061,20.844944232],[-98.336647399,20.845078863],[-98.336599492,20.845149738],[-98.3364664,20.845348232],[-98.336419615,20.84547197],[-98.336378585,20.845571815],[-98.336298814,20.845687554],[-98.336272462,20.8457516],[-98.3360152,20.846377031],[-98.335930091,20.846689047],[-98.335809092,20.846912309],[-98.335758291,20.847089724],[-98.335692692,20.847360432],[-98.335541815,20.847611785]]]]},"properties":{"locality":"Pachiquitla","municipality":null,"official_key":"130780018","CVE_ENT":"13","CVE_MUN":"078","CVE_LOC":"0018","ambito":"RURAL","geometry_kind":"locality","source":"INEGI Gaia — Servicio vectorial del Marco Geoestadístico"}},{"type":"Feature","geometry":{"type":"MultiPolygon","crs":{"type":"name","properties":{"name":"EPSG:6365"}},"coordinates":[[[[-98.287556612,20.82528247],[-98.287407361,20.82510329],[-98.287189889,20.824838558],[-98.287645617,20.824712315],[-98.287914836,20.824601211],[-98.288148347,20.824553429],[-98.288162322,20.824359663],[-98.288119123,20.824078338],[-98.288205169,20.823939585],[-98.288361876,20.823691201],[-98.288479646,20.823499477],[-98.288603507,20.8234622],[-98.288754507,20.823427262],[-98.288833538,20.823408985],[-98.288936414,20.8234048],[-98.289036785,20.823400723],[-98.289219368,20.823447185],[-98.289403246,20.823493678],[-98.289532276,20.823537631],[-98.289657169,20.823589863],[-98.289745615,20.823626847],[-98.289836492,20.823665077],[-98.289921446,20.82373317],[-98.289957907,20.823800093],[-98.289984691,20.823894369],[-98.289948768,20.823993138],[-98.289909954,20.824058232],[-98.289840892,20.82410817],[-98.289755923,20.824133708],[-98.289664414,20.824210723],[-98.289503815,20.824293246],[-98.289361168,20.824372616],[-98.289238031,20.824439246],[-98.289132999,20.824497908],[-98.289078985,20.824557831],[-98.289054368,20.824617246],[-98.289050537,20.824663985],[-98.289068908,20.824738862],[-98.289097215,20.824823585],[-98.289216076,20.824958524],[-98.289365307,20.825103815],[-98.289466462,20.825139892],[-98.289497871,20.825113847],[-98.28956695,20.825056562],[-98.289701859,20.824886973],[-98.289835449,20.82476537],[-98.290112615,20.824623251],[-98.290400361,20.824550595],[-98.290545763,20.824541491],[-98.290765152,20.824632836],[-98.290896526,20.824687402],[-98.291075674,20.824816773],[-98.291160192,20.8250371],[-98.291167332,20.825225868],[-98.291139348,20.825373804],[-98.291023947,20.825479046],[-98.290914794,20.825589136],[-98.290791698,20.825666309],[-98.290607089,20.825752693],[-98.290459566,20.82549095],[-98.290317569,20.825522909],[-98.290126754,20.825543478],[-98.289955215,20.825652154],[-98.289820614,20.825717308],[-98.289659369,20.825777016],[-98.289413554,20.825846662],[-98.289164876,20.825928247],[-98.288981691,20.825995815],[-98.288907769,20.826027878],[-98.288843738,20.8260532],[-98.288775353,20.826088031],[-98.288614399,20.826164555],[-98.288539937,20.826179555],[-98.28843,20.826184077],[-98.288330062,20.826196047],[-98.288161492,20.826196754],[-98.287990169,20.826204586],[-98.287874999,20.826213785],[-98.287805031,20.826250508],[-98.287702307,20.82633597],[-98.28765083,20.826378801],[-98.287562399,20.826436677],[-98.287516908,20.82644757],[-98.287553353,20.826385077],[-98.287664338,20.826212986],[-98.287791431,20.82604897],[-98.2878378,20.825923323],[-98.287836353,20.825827247],[-98.287821,20.825763492],[-98.287823492,20.825663647],[-98.287749114,20.825488693],[-98.287556612,20.82528247]]],[[[-98.285330692,20.826341754],[-98.285277122,20.826246815],[-98.285251031,20.826174154],[-98.285202246,20.826091323],[-98.285141353,20.8259842],[-98.285059846,20.82588377],[-98.284990831,20.825793262],[-98.284937523,20.825688709],[-98.2849244,20.825609155],[-98.284928799,20.825542047],[-98.284967676,20.825521385],[-98.285044231,20.825523246],[-98.285192768,20.825601293],[-98.285283877,20.825723555],[-98.285441922,20.825919492],[-98.285535077,20.826061015],[-98.285637584,20.826140339],[-98.285747431,20.826231862],[-98.285865862,20.826289969],[-98.286021476,20.826296155],[-98.286067877,20.826280478],[-98.286153554,20.826229738],[-98.286278568,20.826141554],[-98.286416077,20.826063262],[-98.28643491,20.826056973],[-98.2865166,20.826029692],[-98.286614031,20.826015262],[-98.286705708,20.826024692],[-98.286812768,20.826032108],[-98.286953137,20.826035524],[-98.287088,20.826053216],[-98.286953877,20.826527739],[-98.286901743,20.826760461],[-98.286855708,20.826976738],[-98.2868174,20.827069447],[-98.286738723,20.82714437],[-98.286654076,20.827250355],[-98.286550645,20.827349032],[-98.286426353,20.827271586],[-98.286249677,20.827190355],[-98.286064353,20.826979632],[-98.286023384,20.826941755],[-98.285928722,20.826882139],[-98.285886522,20.826837893],[-98.2858198,20.826757046],[-98.285722584,20.826670631],[-98.285587538,20.826566509],[-98.285451908,20.826483969],[-98.285391723,20.826444092],[-98.285330692,20.826341754]]]]},"properties":{"locality":"Pesmayo","municipality":null,"official_key":"130780019","CVE_ENT":"13","CVE_MUN":"078","CVE_LOC":"0019","ambito":"RURAL","geometry_kind":"locality","source":"INEGI Gaia — Servicio vectorial del Marco Geoestadístico"}},{"type":"Feature","geometry":{"type":"MultiPolygon","crs":{"type":"name","properties":{"name":"EPSG:6365"}},"coordinates":[[[[-98.31131789,20.843802509],[-98.311489575,20.84370377],[-98.311641654,20.84356859],[-98.311710665,20.843485978],[-98.311755536,20.843410886],[-98.311715554,20.843317191],[-98.311632658,20.843200934],[-98.311530046,20.843107408],[-98.311435481,20.843033937],[-98.311369733,20.842932112],[-98.31135089,20.84285881],[-98.311377576,20.842772367],[-98.311414854,20.842734843],[-98.311513552,20.842732489],[-98.311566107,20.842755352],[-98.311652949,20.84282926],[-98.311727718,20.842868073],[-98.311955541,20.842876202],[-98.312174058,20.842885279],[-98.312433521,20.842977551],[-98.312692599,20.843052693],[-98.312729055,20.84302506],[-98.312818062,20.843039981],[-98.31293389,20.843133862],[-98.312864644,20.843262839],[-98.312942831,20.843293441],[-98.313164547,20.84335824],[-98.31332189,20.843370397],[-98.313353792,20.843253522],[-98.313399855,20.843156487],[-98.313480787,20.842976733],[-98.313577217,20.842876242],[-98.313635962,20.842798356],[-98.31364185,20.842739269],[-98.313657625,20.842521709],[-98.313673402,20.84238436],[-98.313726838,20.842259219],[-98.314048977,20.841668322],[-98.314169953,20.84168655],[-98.314159103,20.841897725],[-98.314187536,20.842086091],[-98.31418263,20.84230017],[-98.314172361,20.842383902],[-98.314262515,20.842476024],[-98.314377672,20.842759347],[-98.314617262,20.842381022],[-98.314656624,20.842346232],[-98.314701351,20.84233651],[-98.314777394,20.842322078],[-98.314834661,20.84230514],[-98.314905339,20.842265641],[-98.314948389,20.842248399],[-98.314988758,20.842242436],[-98.315021214,20.842250565],[-98.315037716,20.842271799],[-98.315063608,20.842321862],[-98.315081338,20.842369199],[-98.314943799,20.842666917],[-98.314860949,20.842859643],[-98.314778099,20.843009755],[-98.31474919,20.843084377],[-98.314729096,20.843143245],[-98.314719733,20.843242218],[-98.314745236,20.843307354],[-98.31484048,20.843447687],[-98.314858365,20.843541552],[-98.31482797,20.843630406],[-98.314649163,20.843740431],[-98.314271125,20.843897547],[-98.313982865,20.843913439],[-98.313879676,20.84391429],[-98.313670772,20.843962813],[-98.313375005,20.844025751],[-98.313198457,20.844085988],[-98.313099694,20.844118653],[-98.313009622,20.84413607],[-98.312865904,20.84408581],[-98.312758181,20.844047953],[-98.312655386,20.843999815],[-98.312524897,20.843923591],[-98.312446143,20.843851971],[-98.312209147,20.843880256],[-98.312074074,20.843916058],[-98.311825376,20.843929093],[-98.311475908,20.843919281],[-98.311356357,20.843996944],[-98.311121472,20.84409717],[-98.310762241,20.844165907],[-98.311106011,20.843930968],[-98.31131789,20.843802509]]]]},"properties":{"locality":"Pocantla","municipality":null,"official_key":"130780020","CVE_ENT":"13","CVE_MUN":"078","CVE_LOC":"0020","ambito":"RURAL","geometry_kind":"locality","source":"INEGI Gaia — Servicio vectorial del Marco Geoestadístico"}},{"type":"Feature","geometry":{"type":"MultiPolygon","crs":{"type":"name","properties":{"name":"EPSG:6365"}},"coordinates":[[[[-98.311068415,20.868742954],[-98.311070476,20.8687142],[-98.311059615,20.868691123],[-98.311034354,20.868680909],[-98.311008754,20.868682693],[-98.310957276,20.868697046],[-98.310834785,20.868738508],[-98.310759477,20.868783509],[-98.310654214,20.868849386],[-98.310594599,20.868880369],[-98.310558337,20.868898693],[-98.310500677,20.868905709],[-98.3104608,20.868915538],[-98.310444923,20.868935569],[-98.310403892,20.868941786],[-98.310348744,20.868954355],[-98.310221136,20.868976466],[-98.310227641,20.868907098],[-98.310165753,20.868821969],[-98.310083501,20.868735197],[-98.310037856,20.868670983],[-98.310011291,20.868636016],[-98.310005117,20.868513436],[-98.310030585,20.868393708],[-98.310133045,20.86833737],[-98.310164814,20.868342939],[-98.310217092,20.868299786],[-98.310376522,20.868261616],[-98.310539322,20.868240338],[-98.310601154,20.868221431],[-98.310731031,20.868189754],[-98.310834554,20.868187462],[-98.310981308,20.868192201],[-98.311085645,20.868206738],[-98.311136185,20.868227169],[-98.311177445,20.868259385],[-98.311204768,20.868217662],[-98.311205508,20.868190786],[-98.31122703,20.86815097],[-98.311264537,20.868124985],[-98.311304862,20.868145169],[-98.311362922,20.868188831],[-98.311382246,20.868229631],[-98.311445814,20.86822157],[-98.311484891,20.868212908],[-98.311540661,20.868191201],[-98.311596861,20.868154155],[-98.3116796,20.868117723],[-98.311767738,20.868108338],[-98.311904415,20.8681174],[-98.312063031,20.868146215],[-98.312176553,20.868179693],[-98.312239185,20.86820617],[-98.312274538,20.868258892],[-98.312351185,20.868370232],[-98.312391876,20.868451892],[-98.312419784,20.868477539],[-98.312459937,20.868503477],[-98.312519,20.868528016],[-98.312626661,20.868545663],[-98.312755138,20.86856937],[-98.312874554,20.868601738],[-98.313001615,20.868664447],[-98.313157062,20.868747709],[-98.313291938,20.868869339],[-98.313405877,20.868962369],[-98.313378968,20.868984847],[-98.313282984,20.86898617],[-98.313260954,20.869206509],[-98.313345815,20.869311986],[-98.313393985,20.869451186],[-98.313373461,20.869531001],[-98.313307092,20.869529401],[-98.313237169,20.869516908],[-98.313176461,20.869495032],[-98.313102107,20.869458416],[-98.313048061,20.869425893],[-98.312966799,20.869361508],[-98.312915462,20.869324246],[-98.312894708,20.869288924],[-98.312894738,20.869240908],[-98.312890292,20.869216786],[-98.312857569,20.869199185],[-98.312811737,20.869193277],[-98.312761692,20.869201677],[-98.312682491,20.86920217],[-98.312611015,20.869200431],[-98.312555708,20.869167877],[-98.3125076,20.869105492],[-98.312480862,20.869055632],[-98.312465937,20.868994031],[-98.312449276,20.868949216],[-98.312418414,20.868910047],[-98.31237843,20.868877877],[-98.312274184,20.868812924],[-98.312191184,20.868765293],[-98.312160922,20.868751354],[-98.312132707,20.868755478],[-98.312120662,20.8687756],[-98.312120168,20.868793601],[-98.312152462,20.868826785],[-98.3121754,20.868875369],[-98.312128785,20.868945077],[-98.312123631,20.868975077],[-98.312100138,20.869002369],[-98.312125938,20.869039724],[-98.312166123,20.869083908],[-98.312190107,20.869159401],[-98.312174431,20.869228185],[-98.312029969,20.869298154],[-98.311930477,20.869349062],[-98.311809277,20.869353323],[-98.311757046,20.869357832],[-98.31168403,20.869393524],[-98.311619185,20.869410677],[-98.311540154,20.869441908],[-98.311466937,20.869484801],[-98.311363246,20.869521185],[-98.311253277,20.869507001],[-98.311224137,20.869451555],[-98.311206984,20.869406477],[-98.311189537,20.869371478],[-98.311168537,20.869298938],[-98.311168385,20.869192339],[-98.3111794,20.869070138],[-98.311196108,20.868963586],[-98.311166876,20.868958077],[-98.311145046,20.868929693],[-98.311133307,20.868892185],[-98.311117692,20.868855801],[-98.311104538,20.868823062],[-98.311088568,20.868799863],[-98.311067599,20.868772954],[-98.311068415,20.868742954]]]]},"properties":{"locality":"Pohuantitla","municipality":null,"official_key":"130780021","CVE_ENT":"13","CVE_MUN":"078","CVE_LOC":"0021","ambito":"RURAL","geometry_kind":"locality","source":"INEGI Gaia — Servicio vectorial del Marco Geoestadístico"}},{"type":"Feature","geometry":{"type":"MultiPolygon","crs":{"type":"name","properties":{"name":"EPSG:6365"}},"coordinates":[[[[-98.266285662,20.8467764],[-98.266393323,20.846625062],[-98.266549892,20.8464296],[-98.266639708,20.846331785],[-98.266679938,20.846280908],[-98.266761477,20.846195754],[-98.266856077,20.846100108],[-98.2669868,20.846028385],[-98.267101569,20.846015831],[-98.267242308,20.846025046],[-98.267372092,20.846060877],[-98.267565662,20.846080969],[-98.2677562,20.846062585],[-98.26793245,20.84604385],[-98.267976231,20.846012262],[-98.268100631,20.845873169],[-98.268153969,20.845791877],[-98.268175569,20.845602246],[-98.268192261,20.845516217],[-98.268254846,20.845469724],[-98.268362353,20.845424338],[-98.268400168,20.845386846],[-98.268430507,20.8453242],[-98.268425399,20.845287569],[-98.268453323,20.845238323],[-98.268492708,20.845070247],[-98.268565538,20.844949093],[-98.268722292,20.844822308],[-98.268978368,20.844724846],[-98.269206246,20.844686247],[-98.269286046,20.844645219],[-98.269371731,20.844570356],[-98.269486793,20.844609566],[-98.269706111,20.844644942],[-98.2698772,20.844733385],[-98.269931646,20.844759692],[-98.269371,20.845009138],[-98.268944508,20.84521],[-98.2688392,20.845249677],[-98.268789185,20.845284954],[-98.2687656,20.845324708],[-98.26874925,20.84539922],[-98.268733385,20.845528846],[-98.268692215,20.845632292],[-98.268661631,20.8457684],[-98.268657046,20.845933954],[-98.268654754,20.846016738],[-98.268631723,20.846156631],[-98.268547231,20.846302231],[-98.26833014,20.84651371],[-98.268657815,20.846733631],[-98.268802138,20.846925262],[-98.268624077,20.846953754],[-98.268569662,20.846954877],[-98.268471578,20.846923125],[-98.268433969,20.846910954],[-98.268208185,20.846827138],[-98.268050554,20.846716969],[-98.268005754,20.846790923],[-98.267974246,20.8468958],[-98.267921123,20.846969415],[-98.267844662,20.8470002],[-98.267754277,20.8470172],[-98.267687154,20.847025046],[-98.267666831,20.847072985],[-98.267685862,20.847126923],[-98.267772138,20.847257738],[-98.267806985,20.847327738],[-98.2678108,20.847485338],[-98.267816308,20.847581523],[-98.267763415,20.847720446],[-98.267724585,20.8477944],[-98.267701123,20.847833646],[-98.267657923,20.848137231],[-98.267647877,20.848263892],[-98.267634831,20.848383708],[-98.267617646,20.8486312],[-98.267573754,20.848666615],[-98.267483631,20.848674015],[-98.267104985,20.848622492],[-98.266907338,20.848561292],[-98.266799431,20.848495231],[-98.266689662,20.848415462],[-98.266404815,20.848401554],[-98.266264538,20.848382215],[-98.266202554,20.848131831],[-98.265992862,20.847960969],[-98.265962077,20.847808738],[-98.265959354,20.847737123],[-98.265990338,20.847570923],[-98.266059477,20.847369246],[-98.266112708,20.847208523],[-98.266146554,20.847135785],[-98.266161723,20.847102108],[-98.266219985,20.846862923],[-98.266285662,20.8467764]]]]},"properties":{"locality":"Santiago II","municipality":null,"official_key":"130780022","CVE_ENT":"13","CVE_MUN":"078","CVE_LOC":"0022","ambito":"RURAL","geometry_kind":"locality","source":"INEGI Gaia — Servicio vectorial del Marco Geoestadístico"}},{"type":"Feature","geometry":{"type":"MultiPolygon","crs":{"type":"name","properties":{"name":"EPSG:6365"}},"coordinates":[[[[-98.284144978,20.889456843],[-98.284156151,20.889486542],[-98.284086857,20.889543804],[-98.283958438,20.88945693],[-98.2839471,20.889217385],[-98.283804334,20.889238454],[-98.283759869,20.889055428],[-98.283545837,20.889092192],[-98.283539248,20.888983843],[-98.283562739,20.888890127],[-98.283544203,20.888855798],[-98.283576333,20.888769288],[-98.283616429,20.888711539],[-98.283633727,20.888666318],[-98.283708555,20.888563346],[-98.283845134,20.888471158],[-98.283877107,20.888424076],[-98.28392281,20.88837052],[-98.284000195,20.888311787],[-98.284034386,20.888248176],[-98.284122827,20.888164339],[-98.284152935,20.888114671],[-98.284171747,20.888006703],[-98.284160118,20.887952868],[-98.284142341,20.887686899],[-98.284168689,20.887567876],[-98.284359183,20.887570214],[-98.28437243,20.887454657],[-98.2845902,20.887469242],[-98.284695525,20.887639539],[-98.284846446,20.887797306],[-98.284932147,20.887978483],[-98.284966324,20.887998498],[-98.28504528,20.888068656],[-98.28505098,20.888377922],[-98.285097552,20.88844216],[-98.285107719,20.888525896],[-98.285129958,20.888575804],[-98.285161021,20.88871571],[-98.285244606,20.8888577],[-98.285449327,20.888993829],[-98.285523297,20.888998078],[-98.285591602,20.888978631],[-98.285673728,20.888975679],[-98.285787939,20.889083949],[-98.285915992,20.889282599],[-98.285640258,20.889428823],[-98.285183472,20.889638946],[-98.285060535,20.889672153],[-98.284946914,20.889693221],[-98.284506915,20.890048311],[-98.284544731,20.88978837],[-98.28451536,20.889668423],[-98.284443073,20.889483324],[-98.284455674,20.889380672],[-98.284260936,20.889441],[-98.284144978,20.889456843]]]]},"properties":{"locality":"Tecopia","municipality":null,"official_key":"130780023","CVE_ENT":"13","CVE_MUN":"078","CVE_LOC":"0023","ambito":"RURAL","geometry_kind":"locality","source":"INEGI Gaia — Servicio vectorial del Marco Geoestadístico"}},{"type":"Feature","geometry":{"type":"MultiPolygon","crs":{"type":"name","properties":{"name":"EPSG:6365"}},"coordinates":[[[[-98.273039116,20.87100256],[-98.273097429,20.871000142],[-98.273194877,20.871023653],[-98.273253282,20.871054853],[-98.273290005,20.871094168],[-98.27329572,20.871146171],[-98.273290446,20.871281463],[-98.273301642,20.871486308],[-98.273310718,20.871583053],[-98.273330589,20.871732886],[-98.273122142,20.871750844],[-98.272999162,20.871763688],[-98.272973048,20.871723832],[-98.272916144,20.871601427],[-98.272895125,20.871511593],[-98.272899689,20.871420463],[-98.272919739,20.871254639],[-98.272932319,20.871187715],[-98.272921889,20.871139919],[-98.272925559,20.871025718],[-98.273039116,20.87100256]]],[[[-98.273167958,20.874399831],[-98.273359122,20.874360321],[-98.273423869,20.874383992],[-98.27347774,20.874357456],[-98.273586092,20.874327318],[-98.273525853,20.874290261],[-98.273551435,20.874260811],[-98.27405397,20.873770298],[-98.274130521,20.873662677],[-98.274088328,20.873539376],[-98.274163379,20.873491854],[-98.274112651,20.873448367],[-98.274078502,20.873389906],[-98.274036862,20.873136144],[-98.274027372,20.873011655],[-98.274029902,20.872875688],[-98.273987163,20.872874239],[-98.27395184,20.872658083],[-98.273894283,20.872614659],[-98.273856319,20.872601726],[-98.273762025,20.87259342],[-98.273711331,20.872578976],[-98.273656393,20.872533214],[-98.273635788,20.872493093],[-98.273636982,20.872449903],[-98.273650974,20.872405825],[-98.273669061,20.872352242],[-98.273659776,20.872309454],[-98.273718945,20.872361868],[-98.273752553,20.872384242],[-98.273795633,20.872393185],[-98.27391269,20.872398441],[-98.274049706,20.872404903],[-98.274131135,20.872415703],[-98.274228743,20.872466527],[-98.274309521,20.872517778],[-98.274371197,20.87257091],[-98.274394146,20.872629843],[-98.27442795,20.872712443],[-98.274455585,20.872784392],[-98.274484075,20.872875659],[-98.27450956,20.872877823],[-98.274584001,20.872878697],[-98.274607977,20.872931983],[-98.274672709,20.873016687],[-98.274745249,20.873108967],[-98.274821765,20.873190924],[-98.274924081,20.873289725],[-98.275016534,20.873363099],[-98.275094531,20.873406052],[-98.275395024,20.873520931],[-98.275318263,20.87365199],[-98.275261414,20.873730798],[-98.275215096,20.873724385],[-98.275136908,20.873724877],[-98.275053508,20.873729083],[-98.274997143,20.873734911],[-98.274905308,20.873748515],[-98.274847897,20.873755277],[-98.274881634,20.873791501],[-98.274838507,20.873848185],[-98.27475091,20.874012992],[-98.274725901,20.874050901],[-98.27468675,20.874110248],[-98.274633909,20.874179171],[-98.27458901,20.874228087],[-98.274530634,20.874255405],[-98.274330185,20.874482935],[-98.274220889,20.87455518],[-98.274178569,20.874570473],[-98.274007419,20.874620793],[-98.273970455,20.874631661],[-98.273905891,20.87464258],[-98.273881133,20.874646767],[-98.273799012,20.874660129],[-98.273769089,20.874665695],[-98.273625722,20.874726612],[-98.273512101,20.874807394],[-98.27345795,20.874880986],[-98.273355763,20.874917868],[-98.273233655,20.874936015],[-98.273168631,20.874885444],[-98.273036192,20.874870683],[-98.272929815,20.874837351],[-98.272852974,20.874807621],[-98.273071992,20.874644124],[-98.273004742,20.874568022],[-98.273095747,20.874468444],[-98.273167958,20.874399831]]]]},"properties":{"locality":"Tenexhueyac","municipality":null,"official_key":"130780024","CVE_ENT":"13","CVE_MUN":"078","CVE_LOC":"0024","ambito":"RURAL","geometry_kind":"locality","source":"INEGI Gaia — Servicio vectorial del Marco Geoestadístico"}},{"type":"Feature","geometry":{"type":"MultiPolygon","crs":{"type":"name","properties":{"name":"EPSG:6365"}},"coordinates":[[[[-98.25016033,20.919969029],[-98.250473475,20.919260145],[-98.251065569,20.919222708],[-98.251220999,20.919214277],[-98.251289308,20.919106632],[-98.25151068,20.91873272],[-98.25130283,20.918564969],[-98.251038323,20.918184832],[-98.250966297,20.918127217],[-98.250936971,20.918090008],[-98.250847566,20.917880183],[-98.250713999,20.91770344],[-98.250577078,20.917558371],[-98.250058891,20.917204001],[-98.249662697,20.916885601],[-98.249318535,20.916531957],[-98.249070593,20.916193077],[-98.249268337,20.914948459],[-98.24934223,20.914532977],[-98.24942517,20.914309274],[-98.249575761,20.914139872],[-98.2497694,20.914036292],[-98.250053677,20.913934755],[-98.25045163,20.913798881],[-98.250458399,20.91427842],[-98.250520238,20.914535663],[-98.250592244,20.914703112],[-98.250791261,20.914852073],[-98.250999142,20.914958028],[-98.251234637,20.915035849],[-98.25156983,20.915096986],[-98.251798508,20.915120815],[-98.251929491,20.915168755],[-98.252213831,20.915347986],[-98.252391168,20.915352786],[-98.252588737,20.915393262],[-98.252671109,20.915425881],[-98.252952923,20.915221986],[-98.253141214,20.9150522],[-98.253174415,20.914972031],[-98.25338494,20.914928181],[-98.253417999,20.914916663],[-98.253480999,20.914941555],[-98.253640522,20.915015477],[-98.253662749,20.915000851],[-98.253823645,20.914936277],[-98.253957723,20.914875],[-98.254226292,20.914642509],[-98.254374431,20.914700569],[-98.254715739,20.91487763],[-98.254836415,20.914726078],[-98.254976523,20.914547754],[-98.255122031,20.914438155],[-98.255177615,20.914409801],[-98.25522478,20.91442125],[-98.255256937,20.914447185],[-98.255387,20.914727447],[-98.255411891,20.914840908],[-98.255112307,20.915085001],[-98.255110379,20.915087511],[-98.255346122,20.915158109],[-98.255403614,20.915527169],[-98.255368568,20.915778908],[-98.255171902,20.916100994],[-98.254956184,20.916171776],[-98.255020999,20.916360769],[-98.255096615,20.916569785],[-98.255104384,20.916606015],[-98.255352491,20.9165718],[-98.255875891,20.916489877],[-98.256321554,20.916345508],[-98.256755445,20.916188631],[-98.256893969,20.916103754],[-98.257035246,20.916022555],[-98.257179676,20.91594917],[-98.257229445,20.915944738],[-98.257119954,20.916209308],[-98.256958245,20.916525186],[-98.256812431,20.916692509],[-98.256491462,20.916898601],[-98.256204538,20.917136509],[-98.255829554,20.917513492],[-98.255577431,20.917788401],[-98.255383153,20.918109538],[-98.255244184,20.918336601],[-98.254999845,20.918627216],[-98.254758892,20.918776263],[-98.254450338,20.918921893],[-98.254004554,20.919064154],[-98.253773708,20.919135047],[-98.253648492,20.919195569],[-98.253493427,20.919683258],[-98.253278504,20.919952035],[-98.252730278,20.919591565],[-98.252508562,20.919611779],[-98.252372677,20.919521755],[-98.252172077,20.91973757],[-98.251991676,20.919921215],[-98.251801446,20.919794047],[-98.251461713,20.919577292],[-98.250832927,20.920263842],[-98.250341394,20.920193641],[-98.25034943,20.920033877],[-98.25016033,20.919969029]]]]},"properties":{"locality":"Texoloc","municipality":null,"official_key":"130780025","CVE_ENT":"13","CVE_MUN":"078","CVE_LOC":"0025","ambito":"RURAL","geometry_kind":"locality","source":"INEGI Gaia — Servicio vectorial del Marco Geoestadístico"}},{"type":"Feature","geometry":{"type":"MultiPolygon","crs":{"type":"name","properties":{"name":"EPSG:6365"}},"coordinates":[[[[-98.283648923,20.866221215],[-98.283604662,20.866194139],[-98.283596338,20.866201586],[-98.283510476,20.866278201],[-98.283408754,20.866368969],[-98.283289353,20.866474585],[-98.283066661,20.866583463],[-98.283132446,20.866472031],[-98.283114662,20.866338355],[-98.283111291,20.866313046],[-98.283027137,20.866030063],[-98.282984446,20.865817739],[-98.283005491,20.865703001],[-98.283126108,20.865590677],[-98.283258769,20.865411432],[-98.283367831,20.865161985],[-98.283416523,20.864971078],[-98.283456261,20.864734338],[-98.2834706,20.864492185],[-98.283447615,20.864306739],[-98.283410414,20.864173769],[-98.283376862,20.864093723],[-98.284499223,20.864107928],[-98.284899326,20.864091988],[-98.285642753,20.864166277],[-98.285712245,20.864199123],[-98.286019573,20.864258975],[-98.286365745,20.864383236],[-98.287745087,20.864612226],[-98.287964455,20.86488059],[-98.288022891,20.864813108],[-98.288070415,20.864760155],[-98.288117753,20.864707369],[-98.288245248,20.86459071],[-98.288480968,20.864492008],[-98.288755101,20.864449958],[-98.288969949,20.864355508],[-98.289250262,20.864212693],[-98.289421045,20.864069462],[-98.289595816,20.863916482],[-98.289757431,20.863838463],[-98.289886922,20.863727554],[-98.289936722,20.863639802],[-98.290068469,20.863294659],[-98.290194612,20.86316231],[-98.290341449,20.86290837],[-98.290416642,20.862565209],[-98.29063165,20.862367115],[-98.291007559,20.862316205],[-98.291791403,20.862799846],[-98.291845599,20.862729523],[-98.29189563,20.862628692],[-98.291930908,20.862507092],[-98.291997768,20.862398262],[-98.292033845,20.862327062],[-98.292105077,20.862258015],[-98.292117476,20.862252462],[-98.292260261,20.862188555],[-98.292439845,20.862160508],[-98.292622568,20.862157738],[-98.292860523,20.862189939],[-98.2930958,20.8622514],[-98.293171304,20.862267166],[-98.293188984,20.862270554],[-98.293167477,20.862309647],[-98.293121092,20.862361586],[-98.293016537,20.862373447],[-98.292897646,20.862405139],[-98.292771031,20.862439508],[-98.292625861,20.8624792],[-98.292481784,20.862534769],[-98.292375862,20.862597016],[-98.292300554,20.862660015],[-98.292199954,20.862751215],[-98.292086492,20.862863708],[-98.29203063,20.862944463],[-98.291974508,20.86304457],[-98.291959708,20.863070954],[-98.291872368,20.863237386],[-98.291845122,20.863280816],[-98.291808245,20.863339554],[-98.291771599,20.863381246],[-98.291716477,20.863443939],[-98.291638445,20.863520846],[-98.291610923,20.863547986],[-98.291518661,20.863614877],[-98.291424077,20.86365437],[-98.291359276,20.863670078],[-98.291245892,20.863668754],[-98.290967553,20.863646138],[-98.290804845,20.863655154],[-98.290679476,20.863643463],[-98.290592015,20.863647093],[-98.290402908,20.863668431],[-98.290287277,20.863693001],[-98.290208092,20.863729969],[-98.29010863,20.863779415],[-98.289953784,20.863892339],[-98.28987743,20.863965477],[-98.289717661,20.864118539],[-98.289593246,20.864239401],[-98.289330231,20.864495201],[-98.289170323,20.864625292],[-98.289066892,20.86470777],[-98.288942877,20.864814247],[-98.288990723,20.864840693],[-98.289101568,20.864904785],[-98.289147184,20.864964723],[-98.289207092,20.864996723],[-98.289212322,20.865045938],[-98.289211553,20.865085139],[-98.289194046,20.865105386],[-98.28918063,20.865120908],[-98.289138492,20.865140986],[-98.289086246,20.865159523],[-98.289039137,20.865177585],[-98.288979291,20.865216954],[-98.288902753,20.865282923],[-98.288868261,20.865329509],[-98.288848937,20.865381846],[-98.288787537,20.865431986],[-98.288742277,20.865451892],[-98.288693476,20.865461509],[-98.288635523,20.865478708],[-98.288538784,20.865559185],[-98.288480153,20.8656244],[-98.288428154,20.865657339],[-98.288302384,20.865725709],[-98.288225553,20.865755663],[-98.288060937,20.865819493],[-98.287849662,20.8659314],[-98.287656768,20.866025139],[-98.287590045,20.866059539],[-98.287488091,20.866120693],[-98.287401568,20.866155201],[-98.2873208,20.866189246],[-98.287171461,20.866231832],[-98.287043662,20.866280938],[-98.286803491,20.866328524],[-98.286698169,20.866321154],[-98.286645414,20.866317478],[-98.286327645,20.866261109],[-98.286211769,20.866248093],[-98.285923399,20.866214062],[-98.285920077,20.8662138],[-98.285639815,20.866192155],[-98.285464214,20.866190878],[-98.285225738,20.866084815],[-98.285005153,20.865922477],[-98.284928414,20.866037308],[-98.284816092,20.866192385],[-98.284779522,20.866313938],[-98.284738061,20.866428185],[-98.284727953,20.866516769],[-98.284715922,20.866674955],[-98.284723691,20.866763985],[-98.284728107,20.866881738],[-98.284706399,20.867020478],[-98.284684261,20.867082369],[-98.284667307,20.867104218],[-98.284642385,20.867086155],[-98.283715414,20.866290724],[-98.283648923,20.866221215]]]]},"properties":{"locality":"Tlaltecatla","municipality":null,"official_key":"130780026","CVE_ENT":"13","CVE_MUN":"078","CVE_LOC":"0026","ambito":"RURAL","geometry_kind":"locality","source":"INEGI Gaia — Servicio vectorial del Marco Geoestadístico"}},{"type":"Feature","geometry":{"type":"MultiPolygon","crs":{"type":"name","properties":{"name":"EPSG:6365"}},"coordinates":[[[[-98.250884137,20.795815731],[-98.25081555,20.795653887],[-98.251204438,20.795537066],[-98.251193678,20.795500485],[-98.251868011,20.795420545],[-98.251929138,20.795655568],[-98.252256897,20.795546587],[-98.252485208,20.795371827],[-98.252406375,20.79528469],[-98.252670211,20.794939883],[-98.252774394,20.794988496],[-98.253038462,20.794505386],[-98.252998074,20.79447994],[-98.253154727,20.794252713],[-98.253301948,20.794211437],[-98.253326552,20.794241078],[-98.253575369,20.794202964],[-98.253639113,20.794181149],[-98.253710481,20.794178057],[-98.253744298,20.794162427],[-98.254118227,20.794105816],[-98.254188277,20.79417477],[-98.254270252,20.794246287],[-98.254373954,20.794378138],[-98.2543884,20.79443902],[-98.254460968,20.794687678],[-98.254506246,20.794760954],[-98.2545602,20.794839],[-98.254561585,20.794893723],[-98.254439723,20.795049908],[-98.254366569,20.795146169],[-98.254293507,20.795302969],[-98.254240937,20.795378647],[-98.254188137,20.795438908],[-98.254101091,20.795502723],[-98.254004784,20.795565123],[-98.253960569,20.795605215],[-98.253891045,20.795644985],[-98.253820907,20.795702277],[-98.253744319,20.795758971],[-98.253705356,20.795727761],[-98.253550435,20.795777006],[-98.253412651,20.795875591],[-98.253309651,20.79596919],[-98.253163913,20.795944759],[-98.253007787,20.79592767],[-98.252898969,20.795940595],[-98.252826519,20.795970895],[-98.252609143,20.796122179],[-98.252118562,20.796024014],[-98.251894435,20.795902531],[-98.251786554,20.79589001],[-98.251635042,20.795922781],[-98.251475346,20.795967257],[-98.25129471,20.795973181],[-98.251177215,20.796004044],[-98.250970331,20.79609626],[-98.250742781,20.796150444],[-98.250517172,20.796148499],[-98.250334344,20.796111001],[-98.250180064,20.796008729],[-98.250339058,20.795956112],[-98.250490005,20.795923555],[-98.250884137,20.795815731]]]]},"properties":{"locality":"Xilico","municipality":null,"official_key":"130780027","CVE_ENT":"13","CVE_MUN":"078","CVE_LOC":"0027","ambito":"RURAL","geometry_kind":"locality","source":"INEGI Gaia — Servicio vectorial del Marco Geoestadístico"}},{"type":"Feature","geometry":{"type":"MultiPolygon","crs":{"type":"name","properties":{"name":"EPSG:6365"}},"coordinates":[[[[-98.295726446,20.811917205],[-98.295872231,20.81189002],[-98.295962298,20.811912556],[-98.296053719,20.811944035],[-98.296174919,20.811996571],[-98.296326215,20.812099508],[-98.296497099,20.812208619],[-98.2965724,20.8122846],[-98.29648023,20.812483887],[-98.296401733,20.812571579],[-98.296311891,20.81259235],[-98.296130569,20.812624368],[-98.295932236,20.812659075],[-98.295818261,20.812682246],[-98.295692107,20.812748767],[-98.295631517,20.812779259],[-98.295564107,20.812792491],[-98.295500588,20.812755184],[-98.295360316,20.812693721],[-98.294733769,20.812450385],[-98.294700476,20.812397708],[-98.294858923,20.81220757],[-98.2949028,20.812172138],[-98.295092876,20.812094154],[-98.295328667,20.812001434],[-98.295553671,20.811951141],[-98.295635846,20.811937723],[-98.295726446,20.811917205]]],[[[-98.296984029,20.812184821],[-98.297271352,20.812193594],[-98.297311909,20.81231519],[-98.297604252,20.812433865],[-98.297438902,20.812678968],[-98.297150672,20.813111308],[-98.296851476,20.813377528],[-98.296537215,20.813396341],[-98.29592055,20.813272286],[-98.296116353,20.813199306],[-98.296330931,20.813219091],[-98.296185105,20.813099287],[-98.296121032,20.813035577],[-98.296386402,20.812838963],[-98.296441497,20.812759503],[-98.296752995,20.812374384],[-98.296984029,20.812184821]]],[[[-98.295204907,20.8142716],[-98.295188184,20.813928508],[-98.294937753,20.813930032],[-98.294904723,20.813949124],[-98.294816385,20.813992247],[-98.294670385,20.814038986],[-98.294641108,20.814057923],[-98.294552153,20.813816863],[-98.294524708,20.813715463],[-98.294456491,20.813516523],[-98.294444723,20.813462708],[-98.294472091,20.813394893],[-98.294513169,20.813354292],[-98.294598061,20.813358785],[-98.294640123,20.813375493],[-98.294669953,20.81337577],[-98.294770553,20.813385631],[-98.29484223,20.813428569],[-98.295023692,20.813544969],[-98.295123692,20.813589862],[-98.295186753,20.813614831],[-98.295169615,20.813445846],[-98.295197462,20.813176416],[-98.29522985,20.812998365],[-98.295300031,20.812974832],[-98.295357737,20.812977256],[-98.2954302,20.812984216],[-98.295586485,20.813044998],[-98.295693597,20.81308465],[-98.295751,20.81310497],[-98.295831952,20.813151721],[-98.295984542,20.813236775],[-98.295884134,20.813247033],[-98.29572923,20.813274737],[-98.295629354,20.813348264],[-98.295589506,20.813435148],[-98.295581751,20.813478463],[-98.295581276,20.813570493],[-98.2955522,20.813699447],[-98.295541969,20.813792831],[-98.295481785,20.813939032],[-98.295399077,20.814067878],[-98.295296153,20.814189031],[-98.295204907,20.8142716]]]]},"properties":{"locality":"Xocotitla","municipality":null,"official_key":"130780028","CVE_ENT":"13","CVE_MUN":"078","CVE_LOC":"0028","ambito":"RURAL","geometry_kind":"locality","source":"INEGI Gaia — Servicio vectorial del Marco Geoestadístico"}},{"type":"Feature","geometry":{"type":"MultiPolygon","crs":{"type":"name","properties":{"name":"EPSG:6365"}},"coordinates":[[[[-98.269424908,20.822434432],[-98.269379692,20.822086431],[-98.269317415,20.821960986],[-98.269313631,20.821864663],[-98.269306137,20.821785662],[-98.269278799,20.821729569],[-98.269367431,20.821604738],[-98.269492137,20.821483492],[-98.269605354,20.821431586],[-98.269834553,20.821385155],[-98.270000785,20.821329555],[-98.270072737,20.821271308],[-98.270259154,20.821216216],[-98.270490937,20.821153893],[-98.270705814,20.821019569],[-98.270922276,20.820897001],[-98.271215815,20.820890123],[-98.271349308,20.820903632],[-98.271466385,20.820896369],[-98.271700261,20.82086897],[-98.271866907,20.820895569],[-98.272012614,20.820902646],[-98.272160061,20.820887693],[-98.272345508,20.820886463],[-98.272479569,20.820861355],[-98.272703737,20.820846446],[-98.2728034,20.820820585],[-98.273340921,20.820964843],[-98.274058423,20.821241384],[-98.274010769,20.821128866],[-98.274038405,20.821052305],[-98.273771931,20.820834772],[-98.273569861,20.820711445],[-98.273346335,20.82062823],[-98.272942195,20.820419181],[-98.27293411,20.820371036],[-98.272781184,20.820317877],[-98.272723615,20.820289246],[-98.272707385,20.820234986],[-98.27272483,20.820073124],[-98.272770523,20.81999977],[-98.272891845,20.819919],[-98.273029938,20.819822569],[-98.273145169,20.819729446],[-98.273453925,20.81947325],[-98.273590724,20.819363127],[-98.273508518,20.819218397],[-98.273538966,20.818998452],[-98.273771522,20.81882933],[-98.274135022,20.818789954],[-98.274290797,20.818880368],[-98.274408567,20.819055688],[-98.274506981,20.819203776],[-98.274673348,20.819263825],[-98.274957731,20.819338918],[-98.275127079,20.819359154],[-98.275249517,20.819411398],[-98.275502353,20.819477469],[-98.275409227,20.820110596],[-98.275414308,20.8201882],[-98.275447122,20.820289509],[-98.275462262,20.820409462],[-98.275481307,20.820512309],[-98.275511522,20.820639231],[-98.275618846,20.820618401],[-98.275842137,20.820534939],[-98.276053,20.820442246],[-98.276229122,20.820597601],[-98.276347185,20.820798662],[-98.276023891,20.820963355],[-98.275836292,20.821044986],[-98.275603861,20.821176339],[-98.275445507,20.821215846],[-98.275314261,20.821241847],[-98.275273108,20.821249032],[-98.275291553,20.821270309],[-98.275294968,20.821474739],[-98.275290214,20.8215226],[-98.275152938,20.82159777],[-98.275080462,20.821638338],[-98.274972891,20.821691293],[-98.274860753,20.8217062],[-98.274746846,20.821717555],[-98.274650999,20.821693324],[-98.274595185,20.821665063],[-98.274516462,20.821623108],[-98.274466692,20.821593739],[-98.274415476,20.821566063],[-98.274386785,20.821554955],[-98.274356154,20.821552985],[-98.274297507,20.821626754],[-98.274243908,20.821616308],[-98.274172122,20.821654078],[-98.274143077,20.821725969],[-98.274042492,20.821646309],[-98.273954569,20.821586308],[-98.273827294,20.821458143],[-98.273763003,20.821455852],[-98.273592614,20.821503938],[-98.273429138,20.821570724],[-98.273287738,20.821583109],[-98.273123061,20.821616032],[-98.272947953,20.821644508],[-98.272746938,20.821674046],[-98.272535369,20.821683738],[-98.272548245,20.821585586],[-98.272588492,20.821519862],[-98.272668842,20.821443025],[-98.272782921,20.821380987],[-98.272887428,20.821244149],[-98.272796516,20.821073991],[-98.272585353,20.821009508],[-98.272517615,20.821073493],[-98.272476814,20.821163739],[-98.272430784,20.821258647],[-98.272386692,20.821375231],[-98.272242123,20.821431708],[-98.272068061,20.821446662],[-98.27199183,20.8214328],[-98.271797707,20.821341616],[-98.271772984,20.821312201],[-98.271741277,20.821258601],[-98.271719292,20.821246615],[-98.2717136,20.821243523],[-98.271588691,20.821235663],[-98.271422137,20.821255601],[-98.271340277,20.821260801],[-98.271245184,20.821282493],[-98.271164954,20.821321355],[-98.2710052,20.821372662],[-98.270934169,20.821447755],[-98.270870692,20.821619078],[-98.270860262,20.821696709],[-98.270851399,20.821762662],[-98.270777908,20.822111415],[-98.270728861,20.822223062],[-98.270657892,20.822295755],[-98.270552338,20.822326801],[-98.27037363,20.822324832],[-98.270226877,20.822275616],[-98.270104168,20.822279815],[-98.269985923,20.822308139],[-98.269940214,20.822306847],[-98.269608662,20.822461539],[-98.269424908,20.822434432]]]]},"properties":{"locality":"Zacatlán","municipality":null,"official_key":"130780029","CVE_ENT":"13","CVE_MUN":"078","CVE_LOC":"0029","ambito":"RURAL","geometry_kind":"locality","source":"INEGI Gaia — Servicio vectorial del Marco Geoestadístico"}},{"type":"Feature","geometry":{"type":"MultiPolygon","crs":{"type":"name","properties":{"name":"EPSG:6365"}},"coordinates":[[[[-98.260388965,20.793170408],[-98.260399459,20.793055964],[-98.26038078,20.793014248],[-98.260520998,20.792698137],[-98.260591478,20.792597671],[-98.260760617,20.79256784],[-98.260913829,20.792640284],[-98.26098234,20.792674196],[-98.261045649,20.792699999],[-98.261246318,20.792813006],[-98.261334333,20.79292601],[-98.261425495,20.793020827],[-98.261549108,20.793097579],[-98.261660065,20.793103646],[-98.261705949,20.793213319],[-98.261751974,20.793330436],[-98.261731621,20.793376843],[-98.261774812,20.7934581],[-98.261871685,20.793574439],[-98.26191968,20.793639714],[-98.261967274,20.793659435],[-98.261996182,20.793738716],[-98.262112157,20.793631959],[-98.26220058,20.793624522],[-98.262123399,20.79382106],[-98.262028854,20.793996046],[-98.261956899,20.794106091],[-98.261777658,20.794226167],[-98.26157686,20.794264602],[-98.261324659,20.794258072],[-98.26089348,20.794070845],[-98.260831769,20.794020511],[-98.260739708,20.793941343],[-98.260397263,20.794210414],[-98.259789974,20.793908126],[-98.259707903,20.794134467],[-98.259517855,20.794314401],[-98.259338536,20.794479292],[-98.259254829,20.79439398],[-98.25912882,20.794418911],[-98.259148179,20.794549924],[-98.259037575,20.794569733],[-98.258990012,20.794355716],[-98.258856517,20.794301095],[-98.258805989,20.794088073],[-98.258878265,20.794038255],[-98.258896692,20.793962311],[-98.258849754,20.79394978],[-98.258766604,20.793953547],[-98.258648871,20.793937774],[-98.258566083,20.793848801],[-98.258440491,20.793782528],[-98.258435597,20.793608432],[-98.258381824,20.793482119],[-98.25832671,20.793413479],[-98.258272611,20.793260949],[-98.2582619,20.793070919],[-98.258283377,20.792991222],[-98.258236802,20.792927143],[-98.258205103,20.79281201],[-98.258260078,20.792745916],[-98.258423921,20.792748497],[-98.258519326,20.792788292],[-98.258535626,20.79280019],[-98.258744442,20.79297398],[-98.258741354,20.793012707],[-98.259011281,20.793222451],[-98.259322517,20.793068242],[-98.259598444,20.793088717],[-98.259671862,20.793130505],[-98.259657508,20.793228707],[-98.259722277,20.793320641],[-98.25979282,20.793270963],[-98.259917076,20.793254448],[-98.260029652,20.793260032],[-98.260156294,20.793296744],[-98.26027478,20.793392116],[-98.260286747,20.793318704],[-98.26032981,20.793235782],[-98.260388965,20.793170408]]]]},"properties":{"locality":"El Zapote","municipality":null,"official_key":"130780030","CVE_ENT":"13","CVE_MUN":"078","CVE_LOC":"0030","ambito":"RURAL","geometry_kind":"locality","source":"INEGI Gaia — Servicio vectorial del Marco Geoestadístico"}},{"type":"Feature","geometry":{"type":"MultiPolygon","crs":{"type":"name","properties":{"name":"EPSG:6365"}},"coordinates":[[[[-98.269491293,20.843093601],[-98.269656175,20.842751003],[-98.269701444,20.842657417],[-98.269720343,20.842557113],[-98.269739916,20.842419849],[-98.269762611,20.842328353],[-98.269828071,20.842203819],[-98.270027176,20.841900264],[-98.270432584,20.84188157],[-98.270839969,20.841586123],[-98.271265908,20.841478401],[-98.271445708,20.841376909],[-98.271632324,20.841419895],[-98.272350081,20.841472753],[-98.272140631,20.84202002],[-98.272132753,20.842060564],[-98.27216663,20.842095043],[-98.272187096,20.842247337],[-98.272183771,20.842356403],[-98.272197274,20.842400317],[-98.272327055,20.84235489],[-98.272394471,20.84242843],[-98.272452877,20.842540448],[-98.272136176,20.842745113],[-98.272133125,20.842869655],[-98.271862273,20.84288445],[-98.271820227,20.84298131],[-98.271635614,20.842998548],[-98.271363967,20.843019422],[-98.270989348,20.842988439],[-98.270873004,20.843014088],[-98.270709465,20.843203787],[-98.270440543,20.843553008],[-98.270256441,20.843805867],[-98.270057923,20.843972199],[-98.269865582,20.844168182],[-98.269780642,20.844267995],[-98.269665523,20.84429999],[-98.269501784,20.844376851],[-98.26939202,20.844435109],[-98.269336999,20.844484909],[-98.269312812,20.844568304],[-98.269286046,20.844645219],[-98.269206246,20.844686247],[-98.268978368,20.844724846],[-98.268722292,20.844822308],[-98.268565538,20.844949093],[-98.268492708,20.845070247],[-98.268453323,20.845238323],[-98.268425399,20.845287569],[-98.268430507,20.8453242],[-98.268400168,20.845386846],[-98.268362353,20.845424338],[-98.268254846,20.845469724],[-98.268192261,20.845516217],[-98.268238214,20.845420092],[-98.268284537,20.845364816],[-98.268323794,20.845209233],[-98.268312538,20.845115785],[-98.268327812,20.845051332],[-98.268320728,20.844988862],[-98.268314293,20.844921845],[-98.268315161,20.844875852],[-98.268349308,20.844820043],[-98.268422666,20.844745175],[-98.268572869,20.844629324],[-98.26865363,20.84456707],[-98.268712372,20.844504702],[-98.268756557,20.844446262],[-98.268790477,20.844386171],[-98.268850659,20.844265723],[-98.268956489,20.844072215],[-98.26918572,20.843675721],[-98.269320189,20.843432595],[-98.269491293,20.843093601]]]]},"properties":{"locality":"Santiago I","municipality":null,"official_key":"130780031","CVE_ENT":"13","CVE_MUN":"078","CVE_LOC":"0031","ambito":"RURAL","geometry_kind":"locality","source":"INEGI Gaia — Servicio vectorial del Marco Geoestadístico"}},{"type":"Feature","geometry":{"type":"MultiPolygon","crs":{"type":"name","properties":{"name":"EPSG:6365"}},"coordinates":[[[[-98.299934997,20.89933546],[-98.300300746,20.899571125],[-98.299819499,20.900009783],[-98.299714601,20.899926153],[-98.299719269,20.899736899],[-98.299934997,20.89933546]]],[[[-98.300841636,20.901393353],[-98.301194612,20.901171521],[-98.301364804,20.901418445],[-98.30147062,20.901552613],[-98.301556438,20.90149289],[-98.30172004,20.901300363],[-98.301927332,20.901466836],[-98.302084891,20.901611819],[-98.302133171,20.901668897],[-98.302170894,20.901774485],[-98.302166133,20.901881037],[-98.3021262,20.90197509],[-98.301916708,20.90209426],[-98.3016643,20.902230969],[-98.301297682,20.902421812],[-98.300937836,20.90192932],[-98.301119616,20.901787858],[-98.301006105,20.901653249],[-98.300841636,20.901393353]]]]},"properties":{"locality":"Nuevo Coyolar","municipality":null,"official_key":"130780032","CVE_ENT":"13","CVE_MUN":"078","CVE_LOC":"0032","ambito":"RURAL","geometry_kind":"locality","source":"INEGI Gaia — Servicio vectorial del Marco Geoestadístico"}},{"type":"Feature","geometry":{"type":"MultiPolygon","crs":{"type":"name","properties":{"name":"EPSG:6365"}},"coordinates":[[[[-98.293747627,20.928302885],[-98.294062693,20.928355442],[-98.294052092,20.928544313],[-98.292325288,20.928493475],[-98.292251189,20.928103665],[-98.292231116,20.927875452],[-98.292276881,20.927609666],[-98.292381456,20.927292023],[-98.292488461,20.927026098],[-98.29263231,20.92676981],[-98.294022539,20.927074014],[-98.293917269,20.927590745],[-98.293747627,20.928302885]]]]},"properties":{"locality":"Nuevo Acatepec (Mezcalapa)","municipality":null,"official_key":"130780033","CVE_ENT":"13","CVE_MUN":"078","CVE_LOC":"0033","ambito":"RURAL","geometry_kind":"locality","source":"INEGI Gaia — Servicio vectorial del Marco Geoestadístico"}},{"type":"Feature","geometry":{"type":"MultiPolygon","crs":{"type":"name","properties":{"name":"EPSG:6365"}},"coordinates":[[[[-98.291374744,20.815920386],[-98.291289219,20.815574785],[-98.291253356,20.815453684],[-98.291224291,20.815360057],[-98.291207401,20.81527271],[-98.291242618,20.815179899],[-98.291276626,20.815126272],[-98.291496094,20.814890077],[-98.291606614,20.814804868],[-98.291676995,20.814775409],[-98.291769597,20.814771056],[-98.291873306,20.814786046],[-98.291999242,20.814827662],[-98.292210014,20.81497616],[-98.292281989,20.815060976],[-98.292394423,20.815216206],[-98.292525739,20.815370288],[-98.292622187,20.815429098],[-98.292696186,20.815437449],[-98.292765081,20.815424899],[-98.292909726,20.815399921],[-98.292986609,20.815407078],[-98.293073943,20.815438868],[-98.293137392,20.815488345],[-98.293170553,20.815542372],[-98.2931698,20.815624286],[-98.293143994,20.815685375],[-98.293043769,20.815758138],[-98.293033476,20.815807108],[-98.293000938,20.815908723],[-98.292950794,20.815983188],[-98.292885941,20.81609469],[-98.292796231,20.816384053],[-98.292658997,20.816599626],[-98.29256398,20.816679011],[-98.292391254,20.816722226],[-98.292244651,20.816741349],[-98.291971068,20.816805019],[-98.291843079,20.816809764],[-98.291739974,20.816586939],[-98.291605066,20.816298605],[-98.291567969,20.816238831],[-98.291507675,20.816217829],[-98.291456773,20.816134775],[-98.291406183,20.816019314],[-98.291374744,20.815920386]]]]},"properties":{"locality":"Ixtakuatitla","municipality":null,"official_key":"130780034","CVE_ENT":"13","CVE_MUN":"078","CVE_LOC":"0034","ambito":"RURAL","geometry_kind":"locality","source":"INEGI Gaia — Servicio vectorial del Marco Geoestadístico"}},{"type":"Feature","geometry":{"type":"MultiPolygon","crs":{"type":"name","properties":{"name":"EPSG:6365"}},"coordinates":[[[[-98.298411412,20.807678424],[-98.298448056,20.807663195],[-98.299104787,20.807753139],[-98.299059101,20.807920177],[-98.29898629,20.808058661],[-98.298918237,20.808461266],[-98.298970586,20.808502669],[-98.298989145,20.808722531],[-98.298952026,20.808856733],[-98.298914906,20.809089444],[-98.298923472,20.809259337],[-98.29880212,20.809524885],[-98.298656497,20.809716194],[-98.298438062,20.809843257],[-98.298275819,20.809863682],[-98.298301957,20.809779488],[-98.298356685,20.809522506],[-98.298385238,20.809348805],[-98.298406653,20.809234591],[-98.298380479,20.809046614],[-98.298359064,20.808934779],[-98.298356685,20.808777735],[-98.298528006,20.808701592],[-98.298601769,20.808542168],[-98.298570836,20.808228079],[-98.298532765,20.808032963],[-98.298411412,20.807678424]]],[[[-98.298242646,20.809970523],[-98.298278738,20.809966477],[-98.298360138,20.810202923],[-98.298360138,20.810294477],[-98.298342969,20.810405108],[-98.298310538,20.810489031],[-98.298285754,20.810592031],[-98.298209446,20.810698831],[-98.298146508,20.810752246],[-98.298026354,20.810862877],[-98.297932892,20.810958231],[-98.297873754,20.811049785],[-98.297741354,20.8111616],[-98.297638938,20.811245538],[-98.297550831,20.811329846],[-98.297405031,20.811431938],[-98.297285662,20.811538523],[-98.297188985,20.811563077],[-98.297133277,20.811582846],[-98.297075215,20.811614092],[-98.297025692,20.811632092],[-98.297008354,20.811743077],[-98.2969528,20.811832015],[-98.296869662,20.811883769],[-98.296718108,20.812102308],[-98.2967078,20.812031462],[-98.296691908,20.811996508],[-98.296729308,20.811875677],[-98.296788246,20.811821892],[-98.296844138,20.811739215],[-98.296904754,20.811624231],[-98.297008969,20.811548738],[-98.297225738,20.811419538],[-98.297408831,20.811307538],[-98.297532677,20.811214508],[-98.297613462,20.811155246],[-98.297749708,20.810936462],[-98.297941277,20.8106554],[-98.298080246,20.810476308],[-98.298177323,20.810288985],[-98.298242646,20.809970523]]]]},"properties":{"locality":"Tectzonquiliapa","municipality":null,"official_key":"130780035","CVE_ENT":"13","CVE_MUN":"078","CVE_LOC":"0035","ambito":"RURAL","geometry_kind":"locality","source":"INEGI Gaia — Servicio vectorial del Marco Geoestadístico"}},{"type":"Feature","geometry":{"type":"MultiPolygon","crs":{"type":"name","properties":{"name":"EPSG:6365"}},"coordinates":[[[[-98.28028018,20.905294012],[-98.280261446,20.904873293],[-98.280239538,20.904676077],[-98.280201523,20.904476601],[-98.280144138,20.904343923],[-98.280087666,20.904268376],[-98.280051754,20.904087215],[-98.280086145,20.903959408],[-98.280291423,20.903773383],[-98.280541568,20.903691664],[-98.280531628,20.903815401],[-98.280688353,20.903687433],[-98.280853874,20.903623421],[-98.280956192,20.903607688],[-98.281211788,20.903629133],[-98.2810131,20.903706433],[-98.280945462,20.903778487],[-98.280913534,20.903842382],[-98.28092106,20.903980747],[-98.280941914,20.904174911],[-98.280543486,20.904175515],[-98.280562584,20.904379585],[-98.280654479,20.904849341],[-98.2804771,20.905747745],[-98.280327454,20.906012262],[-98.280117542,20.906206031],[-98.280166389,20.906239444],[-98.280142628,20.906693943],[-98.280401689,20.907077784],[-98.280711643,20.907702729],[-98.281010198,20.908108452],[-98.281521849,20.908024938],[-98.281623732,20.908262754],[-98.281949038,20.908500613],[-98.282353649,20.908888852],[-98.282649624,20.909254462],[-98.281818288,20.909502129],[-98.281414823,20.909231846],[-98.280677421,20.908581966],[-98.280365915,20.908211352],[-98.280029479,20.907584434],[-98.279435164,20.906334769],[-98.279625715,20.906172064],[-98.279588279,20.906124616],[-98.279891606,20.905814506],[-98.280071405,20.905713921],[-98.280172075,20.905442571],[-98.28028018,20.905294012]]]]},"properties":{"locality":"Xóchitl","municipality":null,"official_key":"130780038","CVE_ENT":"13","CVE_MUN":"078","CVE_LOC":"0038","ambito":"RURAL","geometry_kind":"locality","source":"INEGI Gaia — Servicio vectorial del Marco Geoestadístico"}},{"type":"Feature","geometry":{"type":"MultiPolygon","crs":{"type":"name","properties":{"name":"EPSG:6365"}},"coordinates":[[[[-98.243196825,20.808344192],[-98.243096245,20.808417525],[-98.242998515,20.808495197],[-98.243223365,20.80862384],[-98.243294437,20.808685698],[-98.243317231,20.808812741],[-98.243282933,20.808927675],[-98.243176162,20.809034902],[-98.243041976,20.809124625],[-98.242909448,20.809184058],[-98.242787707,20.809200446],[-98.242640957,20.809192632],[-98.242473249,20.809160358],[-98.242350023,20.809155786],[-98.242058019,20.809155338],[-98.241967457,20.809114791],[-98.242121592,20.808883115],[-98.242286457,20.80868654],[-98.242401702,20.808578971],[-98.242621282,20.80820585],[-98.242667151,20.808127909],[-98.242342878,20.807804254],[-98.242310915,20.807778456],[-98.24224839,20.807707092],[-98.242218314,20.807613812],[-98.242186449,20.80749119],[-98.242306979,20.807456311],[-98.242457915,20.8074214],[-98.24261676,20.807413751],[-98.242687494,20.807426975],[-98.242810028,20.807569296],[-98.242954174,20.807729368],[-98.243011557,20.807766648],[-98.243103949,20.80789113],[-98.243314725,20.808176192],[-98.243196825,20.808344192]]]]},"properties":{"locality":"Hueyajtetl","municipality":null,"official_key":"130780041","CVE_ENT":"13","CVE_MUN":"078","CVE_LOC":"0041","ambito":"RURAL","geometry_kind":"locality","source":"INEGI Gaia — Servicio vectorial del Marco Geoestadístico"}},{"type":"Feature","geometry":{"type":"MultiPolygon","crs":{"type":"name","properties":{"name":"EPSG:6365"}},"coordinates":[[[[-98.258532052,20.89587489],[-98.258386308,20.895823293],[-98.25836755,20.89583628],[-98.258352026,20.89588008],[-98.258330479,20.89591989],[-98.258290281,20.895968848],[-98.258215572,20.895788372],[-98.258134425,20.895566359],[-98.25804854,20.895433159],[-98.257924342,20.895246749],[-98.25790324,20.895198004],[-98.25780276,20.894985808],[-98.257784874,20.89496134],[-98.257719203,20.894892583],[-98.257682844,20.89480333],[-98.25766336,20.894695282],[-98.25767521,20.89456303],[-98.257716366,20.89447952],[-98.257810634,20.894397312],[-98.257903942,20.894349657],[-98.258006822,20.894325288],[-98.258049772,20.89432442],[-98.25818743,20.894519886],[-98.258221205,20.894521254],[-98.258352685,20.894548594],[-98.258404506,20.894598187],[-98.258505726,20.894707279],[-98.258552792,20.894779027],[-98.258589933,20.894821718],[-98.258651188,20.894879405],[-98.258745925,20.894983086],[-98.258756844,20.894994369],[-98.258628619,20.895084869],[-98.258585375,20.895151521],[-98.258509306,20.895185672],[-98.25844754,20.895285073],[-98.258487062,20.8954339],[-98.25854685,20.895489151],[-98.258625947,20.895585215],[-98.25873041,20.895651166],[-98.258765554,20.895703604],[-98.258823483,20.89578822],[-98.258812409,20.895803234],[-98.258788085,20.895856196],[-98.258780571,20.895905955],[-98.258793377,20.895960054],[-98.25879645,20.895996627],[-98.258701934,20.895940524],[-98.258600278,20.895920743],[-98.258582853,20.89588574],[-98.258532052,20.89587489]]]]},"properties":{"locality":"San Miguel","municipality":null,"official_key":"130780047","CVE_ENT":"13","CVE_MUN":"078","CVE_LOC":"0047","ambito":"RURAL","geometry_kind":"locality","source":"INEGI Gaia — Servicio vectorial del Marco Geoestadístico"}},{"type":"Feature","geometry":{"type":"MultiPolygon","crs":{"type":"name","properties":{"name":"EPSG:6365"}},"coordinates":[[[[-98.293583847,20.862260019],[-98.293222774,20.862236335],[-98.293224844,20.862215993],[-98.293316768,20.862178733],[-98.293408246,20.862086201],[-98.293639596,20.862033266],[-98.294151962,20.862047309],[-98.294365337,20.8620242],[-98.294643308,20.861957493],[-98.294733937,20.861903509],[-98.294892968,20.861879755],[-98.295183431,20.861860401],[-98.295399385,20.861857232],[-98.295575846,20.861849523],[-98.295754215,20.861865863],[-98.295929291,20.861936863],[-98.296083891,20.862036647],[-98.296306892,20.862176523],[-98.296591831,20.862367847],[-98.296765722,20.862435447],[-98.296895307,20.862478938],[-98.297017459,20.862508158],[-98.296915247,20.862553812],[-98.296662197,20.86260239],[-98.296501332,20.862615522],[-98.296390634,20.862617358],[-98.296210017,20.86255944],[-98.296062024,20.862510389],[-98.295830577,20.862498793],[-98.295764693,20.862505101],[-98.295669614,20.862495443],[-98.295264153,20.862586132],[-98.295038342,20.862590641],[-98.294816242,20.862561783],[-98.294643657,20.862530905],[-98.294405954,20.862446852],[-98.29415155,20.862353038],[-98.293872742,20.862312749],[-98.293583847,20.862260019]]]]},"properties":{"locality":"San Miguel","municipality":null,"official_key":"130780048","CVE_ENT":"13","CVE_MUN":"078","CVE_LOC":"0048","ambito":"RURAL","geometry_kind":"locality","source":"INEGI Gaia — Servicio vectorial del Marco Geoestadístico"}},{"type":"Feature","geometry":{"type":"MultiPolygon","crs":{"type":"name","properties":{"name":"EPSG:6365"}},"coordinates":[[[[-98.279080353,20.830836582],[-98.279784545,20.831139],[-98.280005865,20.831280651],[-98.279628587,20.831893791],[-98.279498664,20.831826424],[-98.278871516,20.831518657],[-98.27886123,20.831391633],[-98.278861379,20.831269689],[-98.278846468,20.83114925],[-98.278776069,20.831144239],[-98.278838842,20.830716846],[-98.279080353,20.830836582]]]]},"properties":{"locality":"Barrio Buena Vista (Prisco Manuel) [Colonia]","municipality":null,"official_key":"130780054","CVE_ENT":"13","CVE_MUN":"078","CVE_LOC":"0054","ambito":"RURAL","geometry_kind":"locality","source":"INEGI Gaia — Servicio vectorial del Marco Geoestadístico"}},{"type":"Feature","geometry":{"type":"MultiPolygon","crs":{"type":"name","properties":{"name":"EPSG:6365"}},"coordinates":[[[[-98.265313889,20.892710274],[-98.26534718,20.892695033],[-98.265541446,20.892570544],[-98.265633213,20.892530852],[-98.265689825,20.892458385],[-98.265853727,20.892348328],[-98.266110261,20.892236281],[-98.266332378,20.892173557],[-98.266751853,20.892081409],[-98.26683713,20.892267444],[-98.266934441,20.892374803],[-98.267058866,20.892445254],[-98.267172708,20.892500587],[-98.267298925,20.892408675],[-98.267405632,20.892360774],[-98.267515021,20.892282803],[-98.267587619,20.892215802],[-98.267711228,20.89208904],[-98.267861262,20.89197877],[-98.267905118,20.891961272],[-98.267970431,20.891948785],[-98.268002462,20.891949724],[-98.268125895,20.891962904],[-98.268398474,20.89204905],[-98.268582539,20.892177797],[-98.26870943,20.892294857],[-98.268806873,20.892408805],[-98.268928324,20.892584725],[-98.269025186,20.892741524],[-98.269102404,20.892828255],[-98.269186371,20.892910151],[-98.269254531,20.892949729],[-98.269363551,20.893009305],[-98.269501665,20.893063787],[-98.269589285,20.893094178],[-98.26979858,20.893151513],[-98.269995336,20.8932684],[-98.270176675,20.893331768],[-98.270372614,20.8933492],[-98.270909907,20.893393955],[-98.271075292,20.893423585],[-98.271356058,20.893439084],[-98.271573417,20.893424398],[-98.271724946,20.893396985],[-98.271876475,20.893412172],[-98.271969444,20.893439844],[-98.272038654,20.89348136],[-98.272090124,20.89355306],[-98.272133839,20.893471614],[-98.272172192,20.893412719],[-98.272238159,20.893165775],[-98.272288958,20.892957125],[-98.27235001,20.892783129],[-98.272434234,20.892626856],[-98.272519762,20.892462786],[-98.272583832,20.892323773],[-98.273327588,20.892602003],[-98.274087438,20.892900279],[-98.274215074,20.892880393],[-98.274845849,20.892968418],[-98.274375977,20.893463151],[-98.273871237,20.894090692],[-98.273487245,20.893890333],[-98.273350017,20.893835311],[-98.273280641,20.89414374],[-98.273246137,20.895256533],[-98.27320432,20.895263843],[-98.272665685,20.895038565],[-98.272006347,20.894713055],[-98.27193245,20.894850942],[-98.271574239,20.894725718],[-98.27149681,20.894668831],[-98.271457654,20.894661169],[-98.271382215,20.894629215],[-98.27127843,20.894594262],[-98.271261061,20.894584939],[-98.270944405,20.894484407],[-98.270788678,20.894449029],[-98.270761945,20.894403489],[-98.270730925,20.894391024],[-98.27047702,20.894228084],[-98.270381365,20.894207976],[-98.270220994,20.894219551],[-98.270076715,20.894221103],[-98.270013554,20.894188654],[-98.269840422,20.894091054],[-98.269782535,20.89402726],[-98.26966653,20.893958759],[-98.269517523,20.893833773],[-98.269410887,20.893727572],[-98.269216184,20.893625786],[-98.269139304,20.893610275],[-98.269054658,20.89359562],[-98.268978383,20.893528024],[-98.268908722,20.89346112],[-98.268798772,20.893332325],[-98.268751867,20.893222297],[-98.268715691,20.893007021],[-98.268665223,20.892783431],[-98.268633202,20.892715659],[-98.268573967,20.892672732],[-98.268533509,20.892659876],[-98.26846683,20.892658175],[-98.268392107,20.892651463],[-98.268307984,20.8926446],[-98.268154892,20.892656481],[-98.267960717,20.892681545],[-98.267740238,20.892714761],[-98.267560032,20.892735026],[-98.26743439,20.892755063],[-98.267240884,20.892810559],[-98.267158794,20.892843755],[-98.267100631,20.892860446],[-98.267053752,20.892873694],[-98.26698508,20.892876352],[-98.266925753,20.892872508],[-98.266876417,20.892850978],[-98.266822291,20.892825554],[-98.266771691,20.892808386],[-98.2666934,20.892812231],[-98.266619876,20.892800939],[-98.266499584,20.892771339],[-98.266400723,20.892743001],[-98.266314676,20.892722154],[-98.266253568,20.892714909],[-98.266193815,20.892713446],[-98.266120277,20.892711647],[-98.266053214,20.892725123],[-98.265974807,20.892770362],[-98.265864615,20.89285902],[-98.265772481,20.89287988],[-98.265615869,20.892909532],[-98.265350885,20.892797373],[-98.265313889,20.892710274]]]]},"properties":{"locality":"San Juan Anexo de Ohuatipa","municipality":null,"official_key":"130780055","CVE_ENT":"13","CVE_MUN":"078","CVE_LOC":"0055","ambito":"RURAL","geometry_kind":"locality","source":"INEGI Gaia — Servicio vectorial del Marco Geoestadístico"}},{"type":"Feature","geometry":{"type":"Polygon","coordinates":[[[-98.282241,20.8331369],[-98.2827658,20.8286716],[-98.2827158,20.8286192],[-98.2827114,20.8286145],[-98.2822911,20.8281738],[-98.28181,20.8277899],[-98.2818481,20.8277515],[-98.2820024,20.8278057],[-98.2822312,20.8279385],[-98.2823332,20.827941],[-98.2824676,20.8279779],[-98.2827586,20.8279826],[-98.2829673,20.8281911],[-98.2830394,20.8282631],[-98.2834033,20.8284977],[-98.283673,20.8285331],[-98.2838212,20.8286231],[-98.2840353,20.8287316],[-98.2843174,20.8287973],[-98.2846024,20.828908],[-98.284935,20.8290717],[-98.2853616,20.8293817],[-98.2856608,20.8296483],[-98.2859434,20.8298454],[-98.286297,20.8301363],[-98.286568,20.8305348],[-98.2864853,20.830867],[-98.2863827,20.8310316],[-98.2863448,20.831071],[-98.2866925,20.8311313],[-98.2868316,20.831283],[-98.2869876,20.8313684],[-98.2873254,20.8317128],[-98.2874858,20.8318224],[-98.2879093,20.832212],[-98.2876122,20.832613],[-98.2870055,20.8321996],[-98.285575,20.8336551],[-98.2854969,20.8336938],[-98.2853927,20.8341379],[-98.2852427,20.8343911],[-98.2850712,20.834591],[-98.284313,20.8343156],[-98.2821795,20.8336997],[-98.282241,20.8331369]]]},"properties":{"locality":"BARRIO ARRIBA","official_key":"1307800010001","CVE_ENT":"13","CVE_MUN":"078","CVE_LOC":"0001","CVE_ASEN":"0001","settlement_type":"BARRIO","source":"INEGI DCAH 2025"}},{"type":"Feature","geometry":{"type":"Polygon","coordinates":[[[-98.2843277,20.8351343],[-98.2843658,20.8348926],[-98.2842839,20.8348812],[-98.2842913,20.8348394],[-98.2841917,20.8348131],[-98.2842052,20.8347883],[-98.2842208,20.8347323],[-98.2842328,20.8347121],[-98.2842341,20.8346796],[-98.2843506,20.8346767],[-98.2843621,20.8345556],[-98.284313,20.8343156],[-98.2850712,20.834591],[-98.2852427,20.8343911],[-98.2853927,20.8341379],[-98.2854969,20.8336938],[-98.285575,20.8336551],[-98.2864468,20.8337435],[-98.2863554,20.8340527],[-98.2863313,20.8342761],[-98.2863144,20.8344545],[-98.2863419,20.8346639],[-98.2863875,20.834858],[-98.2864417,20.8350372],[-98.2862692,20.8350196],[-98.2859459,20.835003],[-98.2858214,20.8349666],[-98.2857277,20.8349427],[-98.2856185,20.8350567],[-98.2854165,20.8353304],[-98.2853016,20.8354217],[-98.2851037,20.8355124],[-98.2848728,20.8355726],[-98.2848723,20.8356249],[-98.2847565,20.8356395],[-98.2846127,20.8356585],[-98.2843751,20.8356047],[-98.2843486,20.8355017],[-98.2841621,20.8354446],[-98.2842838,20.8352313],[-98.2842573,20.8351914],[-98.2843277,20.8351343]]]},"properties":{"locality":"CENTRO","official_key":"1307800010002","CVE_ENT":"13","CVE_MUN":"078","CVE_LOC":"0001","CVE_ASEN":"0002","settlement_type":"BARRIO","source":"INEGI DCAH 2025"}},{"type":"Feature","geometry":{"type":"Polygon","coordinates":[[[-98.2875076,20.8350567],[-98.2874281,20.8350056],[-98.2873033,20.8350102],[-98.2872031,20.8350135],[-98.2870327,20.835042],[-98.2868464,20.8350567],[-98.286687,20.8350567],[-98.2864913,20.8350423],[-98.2864417,20.8350372],[-98.2863875,20.834858],[-98.2863419,20.8346639],[-98.2863144,20.8344545],[-98.2863313,20.8342761],[-98.2863554,20.8340527],[-98.2864468,20.8337435],[-98.2887223,20.8339742],[-98.289071,20.8339887],[-98.2887523,20.8351151],[-98.2886505,20.8355334],[-98.2883673,20.8358848],[-98.2881383,20.8357301],[-98.2880974,20.835479],[-98.2879862,20.8353649],[-98.2877657,20.8352231],[-98.2875204,20.8350674],[-98.2875076,20.8350567]]]},"properties":{"locality":"MILCAHUALTITLA","official_key":"1307800010003","CVE_ENT":"13","CVE_MUN":"078","CVE_LOC":"0001","CVE_ASEN":"0003","settlement_type":"BARRIO","source":"INEGI DCAH 2025"}},{"type":"Feature","geometry":{"type":"Polygon","coordinates":[[[-98.2877191,20.8372003],[-98.2876721,20.8371661],[-98.2875191,20.8373424],[-98.2874142,20.8371139],[-98.2871962,20.836639],[-98.2870796,20.8366146],[-98.286597,20.8365132],[-98.286573,20.8364574],[-98.2845149,20.8369955],[-98.2844206,20.8370033],[-98.2845152,20.8368664],[-98.2843996,20.8367707],[-98.2846751,20.8365466],[-98.2846751,20.8363624],[-98.284735,20.8361129],[-98.2846979,20.8358613],[-98.2847565,20.8356395],[-98.2848723,20.8356249],[-98.2848728,20.8355726],[-98.2851037,20.8355124],[-98.2853016,20.8354217],[-98.2854165,20.8353304],[-98.2856185,20.8350567],[-98.2857277,20.8349427],[-98.2858214,20.8349666],[-98.2859459,20.835003],[-98.2862692,20.8350196],[-98.2864417,20.8350372],[-98.2864913,20.8350423],[-98.286687,20.8350567],[-98.2868464,20.8350567],[-98.2870327,20.835042],[-98.2872031,20.8350135],[-98.2873033,20.8350102],[-98.2874281,20.8350056],[-98.2875076,20.8350567],[-98.2875204,20.8350674],[-98.2877657,20.8352231],[-98.2879862,20.8353649],[-98.2880974,20.835479],[-98.2881383,20.8357301],[-98.2883673,20.8358848],[-98.288463,20.8359473],[-98.2884852,20.835962],[-98.2887807,20.8362298],[-98.2891297,20.8362663],[-98.2891221,20.8364474],[-98.2891002,20.8365501],[-98.2889984,20.8368154],[-98.2889653,20.8369946],[-98.2889128,20.8371386],[-98.2887424,20.837533],[-98.288649,20.8376304],[-98.2884188,20.8377821],[-98.2883434,20.8377089],[-98.2881194,20.8374915],[-98.2877191,20.8372003]]]},"properties":{"locality":"TENEXACO","official_key":"1307800010004","CVE_ENT":"13","CVE_MUN":"078","CVE_LOC":"0001","CVE_ASEN":"0004","settlement_type":"BARRIO","source":"INEGI DCAH 2025"}},{"type":"Feature","geometry":{"type":"Polygon","coordinates":[[[-98.2820751,20.835726],[-98.2812125,20.8350567],[-98.281292,20.8349747],[-98.2823035,20.8339307],[-98.2822048,20.8337279],[-98.2821795,20.8336997],[-98.284313,20.8343156],[-98.2843621,20.8345556],[-98.2843506,20.8346767],[-98.2842341,20.8346796],[-98.2842328,20.8347121],[-98.2842208,20.8347323],[-98.2842052,20.8347883],[-98.2841917,20.8348131],[-98.2842913,20.8348394],[-98.2842839,20.8348812],[-98.2843658,20.8348926],[-98.2843277,20.8351343],[-98.2842573,20.8351914],[-98.2842838,20.8352313],[-98.2841621,20.8354446],[-98.2843486,20.8355017],[-98.2843751,20.8356047],[-98.2846127,20.8356585],[-98.2847565,20.8356395],[-98.2846979,20.8358613],[-98.284735,20.8361129],[-98.2846751,20.8363624],[-98.2846751,20.8365466],[-98.2843996,20.8367707],[-98.2845152,20.8368664],[-98.2844206,20.8370033],[-98.2843849,20.8371724],[-98.2837742,20.8368142],[-98.2822663,20.8358042],[-98.2820751,20.835726]]]},"properties":{"locality":"TLAMAYA","official_key":"1307800010005","CVE_ENT":"13","CVE_MUN":"078","CVE_LOC":"0001","CVE_ASEN":"0005","settlement_type":"BARRIO","source":"INEGI DCAH 2025"}},{"type":"Feature","geometry":{"type":"Polygon","coordinates":[[[-98.289314,20.8358426],[-98.2891936,20.8358009],[-98.2891826,20.8358448],[-98.2891197,20.8359335],[-98.2891297,20.8362663],[-98.2887807,20.8362298],[-98.2884852,20.835962],[-98.288463,20.8359473],[-98.2883673,20.8358848],[-98.2886505,20.8355334],[-98.2887523,20.8351151],[-98.289071,20.8339887],[-98.2894596,20.8340049],[-98.2894961,20.8340604],[-98.2894479,20.8341464],[-98.2895354,20.8342764],[-98.2896939,20.8344186],[-98.2898485,20.8344814],[-98.2900128,20.8345243],[-98.2901782,20.8345283],[-98.290384,20.834565],[-98.2904856,20.8346049],[-98.2907318,20.8347362],[-98.2909019,20.8349003],[-98.2910855,20.8350243],[-98.291157,20.8351661],[-98.2912075,20.8352664],[-98.2912027,20.8353217],[-98.2912711,20.8354294],[-98.2914317,20.8355677],[-98.2915955,20.8356978],[-98.291712,20.8357586],[-98.2917932,20.8357683],[-98.2918693,20.8357774],[-98.2919427,20.8358742],[-98.2917475,20.8360359],[-98.2915027,20.8361152],[-98.2913162,20.8361241],[-98.2912047,20.8361295],[-98.2911173,20.8361526],[-98.2908722,20.8362427],[-98.2907096,20.8363492],[-98.2905838,20.8363725],[-98.2903084,20.836217],[-98.2901614,20.8361762],[-98.2899638,20.8361654],[-98.2897388,20.8361287],[-98.2895745,20.8360647],[-98.289418,20.8359158],[-98.289314,20.8358426]]]},"properties":{"locality":"TLAXCANTITLA","official_key":"1307800010006","CVE_ENT":"13","CVE_MUN":"078","CVE_LOC":"0001","CVE_ASEN":"0006","settlement_type":"BARRIO","source":"INEGI DCAH 2025"}}]}