{"type":"FeatureCollection","name":"inegi-hidalgo-080","metadata":{"state":"Hidalgo","CVE_ENT":"13","CVE_MUN":"080","municipality":"Yahualica","sources":["INEGI Gaia — Servicio vectorial del Marco Geoestadístico","INEGI DCAH 2025"],"source_urls":["https://gaia.inegi.org.mx/wscatgeo/v2/geo/mgem/13","https://gaia.inegi.org.mx/wscatgeo/v2/geo/localidades/pol/13/080","https://www.inegi.org.mx/contenidos/productos/prod_serv/contenidos/espanol/bvinegi/productos/geografia/delimitaciones/794551163078/13_hidalgo.zip"],"geometry_policy":"Solo se publican polígonos de INEGI; no se generan puntos ni geometrías sintéticas.","locality_polygon_count":31,"settlement_polygon_count":55},"municipality":{"type":"Feature","geometry":{"type":"MultiPolygon","crs":{"type":"name","properties":{"name":"EPSG:6365"}},"coordinates":[[[[-98.40830812,20.98864694],[-98.40813066,20.98869978],[-98.40727928,20.98850895],[-98.40682715,20.98839098],[-98.40607163,20.98788057],[-98.40485803,20.98747578],[-98.40369691,20.98708258],[-98.40332198,20.98698838],[-98.4030038,20.98684975],[-98.4028478,20.98676526],[-98.4024344,20.98661798],[-98.40132837,20.9863378],[-98.40069077,20.98607663],[-98.40025149,20.98568969],[-98.39994557,20.98547445],[-98.39869397,20.98511635],[-98.39607322,20.98443883],[-98.39568782,20.98440678],[-98.39525883,20.98421995],[-98.39469782,20.98419335],[-98.39333274,20.98412077],[-98.39284475,20.9842134],[-98.39212583,20.98412778],[-98.39153732,20.98417866],[-98.39111458,20.98409745],[-98.38986942,20.98418957],[-98.38948037,20.98435226],[-98.38899355,20.98435929],[-98.38817486,20.98454783],[-98.38793386,20.98444075],[-98.38747945,20.98429902],[-98.38713925,20.98436986],[-98.38617655,20.98459852],[-98.38583651,20.98474918],[-98.38534271,20.98489962],[-98.38521389,20.98513289],[-98.38473043,20.98525066],[-98.38444026,20.98530698],[-98.38401691,20.985496],[-98.38380318,20.98549817],[-98.38343088,20.98559198],[-98.38283095,20.98621929],[-98.38232469,20.98641505],[-98.38222492,20.98645603],[-98.38147789,20.98644691],[-98.38116225,20.98654112],[-98.38075514,20.98664228],[-98.38033442,20.98713894],[-98.37940958,20.98662492],[-98.37897263,20.98633383],[-98.37752552,20.98550572],[-98.37691931,20.98511598],[-98.37659218,20.98496065],[-98.37633597,20.9847556],[-98.37574969,20.98429012],[-98.37509315,20.98376846],[-98.37511455,20.98229878],[-98.37523542,20.98166902],[-98.37532755,20.98102352],[-98.37598663,20.97944495],[-98.37614098,20.97921545],[-98.37582812,20.97890232],[-98.37357103,20.97845669],[-98.37260094,20.97837394],[-98.3711252,20.97813095],[-98.369989,20.97741412],[-98.36902108,20.97681668],[-98.36801146,20.97610031],[-98.36603195,20.97526154],[-98.36507003,20.97464597],[-98.36366782,20.9741922],[-98.36244663,20.9733186],[-98.361852,20.97264358],[-98.36081225,20.97126605],[-98.35995126,20.97000131],[-98.35951172,20.9679858],[-98.3589782,20.96700262],[-98.35859318,20.96621623],[-98.35811869,20.96540148],[-98.35743485,20.964642],[-98.35692929,20.96410746],[-98.35669246,20.96360195],[-98.35651635,20.96287243],[-98.35612722,20.96199474],[-98.35583086,20.96166763],[-98.35577043,20.96160092],[-98.35523309,20.9615148],[-98.35478417,20.96170932],[-98.35436486,20.96196005],[-98.35376671,20.96212598],[-98.35245366,20.96181263],[-98.35152617,20.96214551],[-98.35083826,20.96233912],[-98.35033055,20.96230915],[-98.34939226,20.96181991],[-98.34874271,20.96073158],[-98.34840465,20.96023592],[-98.34796817,20.95965749],[-98.34768557,20.95902815],[-98.34753389,20.9585744],[-98.3472182,20.95798612],[-98.34709554,20.95744569],[-98.34706785,20.956941],[-98.34692031,20.95651992],[-98.34638422,20.95615343],[-98.34602686,20.95589977],[-98.34566963,20.95561806],[-98.345462,20.95528086],[-98.34561318,20.95486094],[-98.34558575,20.95430017],[-98.34552758,20.95393551],[-98.34499188,20.95348491],[-98.34415834,20.95282977],[-98.34326492,20.95220958],[-98.34281932,20.9516472],[-98.34265918,20.95154362],[-98.34254902,20.95138408],[-98.34231469,20.95124022],[-98.34246985,20.95093775],[-98.34283955,20.95025092],[-98.34273997,20.95019526],[-98.34269782,20.95001631],[-98.3425774,20.94987845],[-98.34273469,20.94832631],[-98.34373348,20.94871758],[-98.34457729,20.9479606],[-98.34472505,20.94812009],[-98.34473083,20.94822723],[-98.34501785,20.94837049],[-98.34518022,20.94845028],[-98.34534057,20.94840168],[-98.34538474,20.94838049],[-98.34602311,20.94807102],[-98.34668391,20.94796885],[-98.34774463,20.94721897],[-98.34786017,20.94679023],[-98.34800763,20.946523],[-98.34816365,20.94627218],[-98.34848849,20.9459208],[-98.34785118,20.94517205],[-98.3478422,20.94487928],[-98.34821803,20.94431808],[-98.34848872,20.94423491],[-98.3493396,20.94378643],[-98.34975209,20.94449363],[-98.35136557,20.94347248],[-98.35191758,20.94299438],[-98.35244882,20.94255142],[-98.35146675,20.9419008],[-98.35027585,20.94121134],[-98.35046445,20.94096662],[-98.35026886,20.9400714],[-98.34984145,20.93982568],[-98.34947366,20.94033292],[-98.34928426,20.94046763],[-98.34886909,20.94021169],[-98.3483124,20.94050963],[-98.34846746,20.94108578],[-98.34789174,20.94151815],[-98.34725631,20.94153383],[-98.3474484,20.94256488],[-98.34710274,20.94249308],[-98.34690705,20.94181063],[-98.34686342,20.94167755],[-98.3454874,20.94178737],[-98.34574028,20.93842965],[-98.34404425,20.93722743],[-98.34428258,20.93711906],[-98.34222228,20.93592886],[-98.34219742,20.93592412],[-98.34224508,20.93543577],[-98.34220011,20.93541505],[-98.34163258,20.93508318],[-98.34170135,20.934916],[-98.34165583,20.93478609],[-98.34153978,20.93445374],[-98.34178122,20.93447465],[-98.34122874,20.93372055],[-98.34115998,20.93302755],[-98.34108649,20.93285417],[-98.3409206,20.93269686],[-98.34023842,20.93245543],[-98.34001246,20.93228932],[-98.34028949,20.9320664],[-98.34006477,20.93195362],[-98.33949983,20.93182742],[-98.33965143,20.93156118],[-98.33939643,20.93134952],[-98.33889797,20.93133783],[-98.33865162,20.93123223],[-98.33790794,20.9309802],[-98.33795812,20.93060089],[-98.33727977,20.93080442],[-98.33704266,20.93114349],[-98.33665915,20.93197134],[-98.33650031,20.93212918],[-98.33622428,20.93170426],[-98.33605574,20.93150698],[-98.33641534,20.93088118],[-98.33654151,20.93068348],[-98.33615555,20.93067632],[-98.33603642,20.93047051],[-98.33592886,20.93038342],[-98.33554929,20.93080365],[-98.33549715,20.93118128],[-98.33505265,20.93098749],[-98.334975,20.93080068],[-98.33462277,20.9307142],[-98.33346365,20.93079852],[-98.33354771,20.93054557],[-98.33355951,20.93036983],[-98.33307403,20.92985545],[-98.33234718,20.92979958],[-98.33182178,20.92980078],[-98.33119334,20.92980295],[-98.33048989,20.92962663],[-98.33091235,20.93071274],[-98.32928025,20.93041432],[-98.32906589,20.93036468],[-98.32811558,20.93076918],[-98.32783066,20.93050035],[-98.32729545,20.92976945],[-98.327074,20.93007446],[-98.32718285,20.93085055],[-98.32720274,20.93099103],[-98.3262072,20.93112255],[-98.32490563,20.93174268],[-98.32364689,20.93174168],[-98.32273254,20.93196772],[-98.32192705,20.93207789],[-98.32130306,20.93200263],[-98.32043314,20.93176848],[-98.31961486,20.93182126],[-98.31873649,20.931978],[-98.3180914,20.93224775],[-98.31758194,20.93264283],[-98.31704894,20.93313006],[-98.31600668,20.93403535],[-98.31516948,20.93466305],[-98.31479554,20.93517194],[-98.31453002,20.935519],[-98.314523919,20.9348868],[-98.314086259,20.93385586],[-98.313794249,20.93272025],[-98.313490119,20.93159623],[-98.313287309,20.93083923],[-98.312760859,20.92968383],[-98.312507149,20.92877503],[-98.312256489,20.92720052],[-98.311682549,20.92583654],[-98.311010149,20.92486552],[-98.310343509,20.924339],[-98.309859999,20.92423208],[-98.308723619,20.92340869],[-98.308528489,20.92208526],[-98.309474339,20.92057749],[-98.310015479,20.91957195],[-98.310155649,20.91824988],[-98.309422259,20.91730217],[-98.308349819,20.91717186],[-98.307814749,20.91685477],[-98.307082539,20.91688191],[-98.306356289,20.91668691],[-98.30580835,20.91564995],[-98.304342309,20.91484431],[-98.303447109,20.91466782],[-98.302496599,20.91447958],[-98.299126739,20.91472094],[-98.297222679,20.9152234],[-98.295808079,20.9156258],[-98.295523349,20.91571257],[-98.295562049,20.91602203],[-98.295619449,20.91703363],[-98.293520689,20.91872562],[-98.293829569,20.91545738],[-98.294360919,20.91244758],[-98.294591119,20.91118466],[-98.295274149,20.90917448],[-98.295952599,20.90814202],[-98.297743199,20.90773769],[-98.299836429,20.9078132],[-98.301302379,20.90796877],[-98.301923419,20.9079966],[-98.301993739,20.90758675],[-98.303784679,20.90768465],[-98.304092599,20.90730531],[-98.306585779,20.90320258],[-98.305643319,20.90190022],[-98.305819489,20.90156998],[-98.306033689,20.90114072],[-98.306139349,20.90096443],[-98.306219139,20.90071962],[-98.306352219,20.89967335],[-98.306282779,20.89822083],[-98.306797849,20.89613749],[-98.307267519,20.89497943],[-98.307695339,20.89415614],[-98.308544949,20.89327802],[-98.308853979,20.89306945],[-98.309837879,20.89199255],[-98.310367219,20.89142037],[-98.310374369,20.89128592],[-98.310360979,20.89100997],[-98.310875889,20.89055517],[-98.311158289,20.89026509],[-98.311671059,20.88973302],[-98.311944679,20.88944823],[-98.312024289,20.88954743],[-98.312590919,20.88914088],[-98.313238489,20.88839383],[-98.314872479,20.88769698],[-98.316835199,20.88759505],[-98.317604709,20.88744902],[-98.318131259,20.887249],[-98.318621519,20.8870716],[-98.318612179,20.88703702],[-98.320211569,20.88670883],[-98.320953139,20.88799329],[-98.321376779,20.88801608],[-98.321721259,20.88774123],[-98.322300519,20.88694825],[-98.322690829,20.88627078],[-98.322944919,20.88491288],[-98.323008249,20.88457448],[-98.323580649,20.88358246],[-98.324479849,20.8811914],[-98.325210879,20.88020458],[-98.325978059,20.87925202],[-98.327480139,20.8773614],[-98.327892419,20.87678571],[-98.328128969,20.8762368],[-98.328600379,20.87552389],[-98.329188829,20.87481143],[-98.329776549,20.87426391],[-98.330526279,20.87406723],[-98.331083479,20.87397848],[-98.331689749,20.874085],[-98.332147449,20.87405514],[-98.332682079,20.87399648],[-98.333077879,20.87384254],[-98.333361919,20.87379829],[-98.333603309,20.87372237],[-98.333779739,20.87363466],[-98.334101579,20.87352775],[-98.334398709,20.87340209],[-98.334663509,20.87326543],[-98.334873659,20.87313768],[-98.335161579,20.87295049],[-98.335505249,20.87271357],[-98.335828279,20.87243528],[-98.335869079,20.87239774],[-98.335960243,20.872313871],[-98.336096866,20.872188178],[-98.336290919,20.87200965],[-98.33650782,20.871789301],[-98.336580279,20.87171569],[-98.33687423,20.87159531],[-98.337248242,20.871442142],[-98.337296399,20.87142242],[-98.337666553,20.871335361],[-98.337879569,20.87128526],[-98.338486785,20.871105381],[-98.338520956,20.871095258],[-98.338563897,20.871082537],[-98.338571889,20.87108017],[-98.339248849,20.87104603],[-98.339947271,20.870976103],[-98.339999724,20.870970851],[-98.340047865,20.870966031],[-98.340467649,20.870924],[-98.340505844,20.870931528],[-98.340675194,20.870964906],[-98.341108049,20.87105022],[-98.341463059,20.87109523],[-98.341602619,20.87110397],[-98.341881919,20.87112143],[-98.341900829,20.87113371],[-98.342184549,20.87131788],[-98.342248849,20.87130992],[-98.342593689,20.87126723],[-98.342737819,20.871009217],[-98.343000519,20.87053894],[-98.343181399,20.87020063],[-98.343327059,20.86999588],[-98.343512289,20.86955398],[-98.343696449,20.86935798],[-98.343933719,20.86899005],[-98.344066349,20.86859712],[-98.344381969,20.86827868],[-98.344723769,20.86796032],[-98.344908769,20.86756762],[-98.344910579,20.8671496],[-98.344780709,20.86690322],[-98.344576279,20.86629197],[-98.344729749,20.86564242],[-98.345024199,20.86537965],[-98.34514554,20.86485254],[-98.34555731,20.86436088],[-98.34590005,20.86372335],[-98.34652538,20.86324662],[-98.347041,20.86304748],[-98.34736985,20.86306435],[-98.34765786,20.86330355],[-98.34791511,20.86359182],[-98.34805157,20.86410422],[-98.34787115,20.86474748],[-98.34815435,20.8655266],[-98.34889195,20.86562149],[-98.34999705,20.86472971],[-98.35003609,20.86379235],[-98.35021317,20.8627026],[-98.35062326,20.86180246],[-98.35101054,20.86118748],[-98.3523154,20.8605672],[-98.35329008,20.86020302],[-98.35439294,20.85963294],[-98.35493065,20.859174],[-98.35576466,20.85850206],[-98.35620318,20.85769022],[-98.35654563,20.85710592],[-98.35751018,20.85679012],[-98.35864383,20.85668791],[-98.35932328,20.85679691],[-98.359605,20.85717062],[-98.35960229,20.85780945],[-98.3595436,20.85828835],[-98.35971132,20.85882134],[-98.36001808,20.85950829],[-98.36071688,20.85997938],[-98.36282088,20.86043002],[-98.3634294,20.86063974],[-98.36380689,20.86118494],[-98.36423045,20.86208557],[-98.36443152,20.86271862],[-98.36493254,20.86344495],[-98.36583888,20.86387495],[-98.36662349,20.86355146],[-98.36720115,20.86286311],[-98.36725665,20.8623652],[-98.36757769,20.86217468],[-98.36759115,20.86216669],[-98.36780106,20.86198406],[-98.36806885,20.86185269],[-98.36833306,20.86183215],[-98.36906603,20.86210372],[-98.36947417,20.86228251],[-98.36974732,20.86240215],[-98.370418,20.86248908],[-98.37112595,20.86231445],[-98.37144686,20.86178715],[-98.37172625,20.86132809],[-98.37177642,20.86112166],[-98.37186795,20.86074498],[-98.37209731,20.8598012],[-98.37261731,20.85829465],[-98.37280722,20.85723746],[-98.37303522,20.85654688],[-98.37342534,20.85613682],[-98.37399168,20.8555134],[-98.37469092,20.85508803],[-98.37571192,20.85472314],[-98.37610728,20.85449757],[-98.37647528,20.85445455],[-98.37659449,20.85441583],[-98.37660228,20.85441331],[-98.37709783,20.85425235],[-98.37724446,20.85411565],[-98.37736378,20.85400438],[-98.37760398,20.85378045],[-98.37762832,20.85375775],[-98.37809652,20.85329212],[-98.37856594,20.8525344],[-98.37891003,20.85200991],[-98.37966078,20.85186158],[-98.38016482,20.85242243],[-98.38050569,20.85272858],[-98.38089725,20.85292043],[-98.38137926,20.85312862],[-98.38175158,20.85333045],[-98.38182066,20.85342994],[-98.38188183,20.85351378],[-98.38209211,20.85352331],[-98.38340554,20.85358285],[-98.38799571,20.85379086],[-98.38811943,20.85529732],[-98.38956815,20.85579032],[-98.39018155,20.85559526],[-98.39077535,20.85517429],[-98.39158537,20.85498885],[-98.39240865,20.85460555],[-98.39316606,20.85434657],[-98.39325194,20.85435657],[-98.39364303,20.85440212],[-98.39429015,20.85494892],[-98.39454122,20.85503505],[-98.39460069,20.85505545],[-98.39489506,20.85508618],[-98.39514075,20.85507418],[-98.39562754,20.85535691],[-98.39612054,20.85576317],[-98.39614149,20.85667112],[-98.39628783,20.85693105],[-98.39647865,20.85726998],[-98.39742682,20.85776255],[-98.39795751,20.85856885],[-98.39824766,20.85873063],[-98.39957822,20.85860062],[-98.40073083,20.85836186],[-98.40118408,20.85821562],[-98.40149331,20.85811583],[-98.40214808,20.85816062],[-98.40290906,20.85838388],[-98.40333028,20.85814752],[-98.40371648,20.85799252],[-98.40397332,20.85746355],[-98.40414248,20.85668775],[-98.40486197,20.85596974],[-98.40558102,20.85519723],[-98.406521,20.85511166],[-98.40674085,20.85509165],[-98.40721392,20.85482377],[-98.40798712,20.85424911],[-98.40871811,20.85372837],[-98.40970972,20.85361011],[-98.41062283,20.85401614],[-98.41076978,20.85426946],[-98.41142151,20.85409302],[-98.41163874,20.85350049],[-98.41191309,20.85275158],[-98.41201542,20.85207894],[-98.41212343,20.85110489],[-98.41223054,20.84995838],[-98.41273778,20.84903638],[-98.41371722,20.84863645],[-98.414651,20.8487212],[-98.4151684,20.84909195],[-98.41560709,20.84904555],[-98.41613072,20.8487908],[-98.41656425,20.84847925],[-98.41702217,20.84809609],[-98.41740148,20.84833552],[-98.41780338,20.8492618],[-98.41782414,20.84996862],[-98.41815634,20.85081669],[-98.4187416,20.85097932],[-98.41942902,20.85110246],[-98.42027674,20.85100138],[-98.42061508,20.85045138],[-98.42102589,20.84957575],[-98.42180631,20.84916463],[-98.42239754,20.84915754],[-98.42294757,20.84944277],[-98.42332206,20.84979454],[-98.42421928,20.84999838],[-98.42430812,20.84998478],[-98.42473269,20.84991978],[-98.42513831,20.84960458],[-98.42519926,20.84963592],[-98.42588112,20.84990525],[-98.42718974,20.85042775],[-98.42822249,20.85110603],[-98.42883891,20.85191128],[-98.42933734,20.85271612],[-98.42968788,20.85363128],[-98.42989029,20.85471211],[-98.43018038,20.8560148],[-98.43115071,20.85684891],[-98.43293177,20.85742348],[-98.43390335,20.85792522],[-98.43493189,20.85898108],[-98.43643405,20.85959534],[-98.43699957,20.8596392],[-98.43744129,20.85973291],[-98.43831274,20.86027546],[-98.43825757,20.86075037],[-98.43846518,20.8612286],[-98.43858297,20.86173465],[-98.438696827,20.862028012],[-98.43879038,20.86226906],[-98.439052821,20.862766274],[-98.439088296,20.862833485],[-98.43911715,20.86288815],[-98.4398366,20.86357655],[-98.44015946,20.86415082],[-98.440275095,20.864338446],[-98.440319349,20.864410251],[-98.4403206,20.86441228],[-98.44027635,20.86444297],[-98.44021263,20.86448002],[-98.4401632,20.8645242],[-98.440136656,20.864563944],[-98.44011126,20.86460197],[-98.44013709,20.86467558],[-98.44022588,20.86490894],[-98.44024525,20.86503954],[-98.440233489,20.865180983],[-98.44023152,20.86520466],[-98.44018366,20.86530766],[-98.440078,20.86538648],[-98.43994832,20.86544825],[-98.439858216,20.865476132],[-98.43982174,20.86548742],[-98.43977084,20.865509128],[-98.439677,20.86554915],[-98.439544351,20.86558266],[-98.43951126,20.86559102],[-98.43939678,20.86561326],[-98.439297753,20.865636197],[-98.43925522,20.86564605],[-98.439144437,20.865631181],[-98.43903409,20.86561637],[-98.43886558,20.86557157],[-98.43868511,20.86548562],[-98.43857083,20.86536445],[-98.43846111,20.8652352],[-98.438326949,20.86510889],[-98.43831038,20.86509329],[-98.43813817,20.86498529],[-98.438043079,20.864954061],[-98.43793728,20.86491932],[-98.43766035,20.86477174],[-98.43744498,20.86462738],[-98.43738528,20.86457278],[-98.43724871,20.86444789],[-98.437204202,20.864363555],[-98.43718063,20.86431889],[-98.4371686,20.86419886],[-98.43719735,20.864167819],[-98.43722806,20.86413466],[-98.43744634,20.86410026],[-98.437529105,20.864062972],[-98.43762626,20.8640192],[-98.43766251,20.86396432],[-98.43766251,20.863954862],[-98.43766255,20.86383282],[-98.43761343,20.86375051],[-98.43755297,20.86368823],[-98.43742712,20.86366103],[-98.4372244,20.86366037],[-98.43708254,20.86364722],[-98.436955852,20.863704458],[-98.43663378,20.86384997],[-98.436364177,20.863983953],[-98.43629297,20.86401934],[-98.43610542,20.86411468],[-98.43584315,20.86425343],[-98.43571874,20.86432074],[-98.43558638,20.86436545],[-98.43544609,20.86439132],[-98.43537778,20.86444752],[-98.43532155,20.86448872],[-98.43522529,20.86452225],[-98.43507308,20.86452175],[-98.43497703,20.86449886],[-98.43485275,20.86452478],[-98.43462288,20.86452403],[-98.43451634,20.86454443],[-98.43439817,20.86450738],[-98.43429655,20.8644848],[-98.43414251,20.86443715],[-98.4340266,20.86441288],[-98.43392108,20.86441942],[-98.43385855,20.8644292],[-98.43376952,20.86453582],[-98.43365075,20.86463212],[-98.43347042,20.86467022],[-98.43338803,20.86466994],[-98.43330538,20.86474218],[-98.43321248,20.86480474],[-98.43305803,20.86480423],[-98.43287291,20.86474075],[-98.43272892,20.86469677],[-98.43247214,20.86452668],[-98.43236155,20.86449277],[-98.43227037,20.86451297],[-98.43216135,20.86454069],[-98.43290978,20.86662354],[-98.4339526,20.86824778],[-98.43518002,20.8700502],[-98.43585671,20.87090375],[-98.43653514,20.87190965],[-98.43672831,20.87232831],[-98.43825297,20.87357352],[-98.43920494,20.87410748],[-98.43973234,20.87480591],[-98.44007029,20.87552012],[-98.44043654,20.87600192],[-98.44065306,20.87672582],[-98.44125878,20.87699212],[-98.44164843,20.87770654],[-98.44187234,20.87901282],[-98.44455369,20.883091],[-98.44538829,20.88514074],[-98.44519091,20.88545594],[-98.4447686,20.88595465],[-98.44465522,20.88629645],[-98.44454125,20.88679615],[-98.44453931,20.88732254],[-98.44470538,20.88790212],[-98.44478811,20.88827086],[-98.44495418,20.88885045],[-98.44506448,20.88935088],[-98.44503498,20.88974558],[-98.44525665,20.89045694],[-98.44530991,20.89122038],[-98.44533562,20.89185215],[-98.44511009,20.89219357],[-98.44491271,20.89250877],[-98.44465628,20.89363114],[-98.44426331,20.89376145],[-98.44401063,20.89386591],[-98.44395195,20.89457635],[-98.44389142,20.89578688],[-98.44376769,20.89635952],[-98.44375262,20.89658142],[-98.4439452,20.89691885],[-98.44431598,20.89813665],[-98.44431238,20.89827851],[-98.44450492,20.89854911],[-98.44469458,20.89886945],[-98.44463395,20.89919391],[-98.44451469,20.8992532],[-98.44442249,20.89921069],[-98.44460482,20.89999731],[-98.44376203,20.90046832],[-98.44255557,20.9007276],[-98.44173709,20.90101882],[-98.44179318,20.900662],[-98.44175846,20.90046583],[-98.44154586,20.90053903],[-98.44092618,20.90088088],[-98.44063054,20.90100842],[-98.44010894,20.90123583],[-98.43989049,20.90131697],[-98.4398782,20.90159277],[-98.43980198,20.90168469],[-98.43958826,20.90169618],[-98.43949538,20.90190198],[-98.43949354,20.90240205],[-98.43960363,20.90295512],[-98.43974194,20.90345566],[-98.43990838,20.90392995],[-98.44018738,20.90429935],[-98.44052166,20.90487949],[-98.4409128,20.90524495],[-98.44104369,20.90567709],[-98.44173009,20.90640666],[-98.44197705,20.90692211],[-98.44179232,20.90692798],[-98.4413138,20.90675374],[-98.44053037,20.90640926],[-98.44048922,20.90649865],[-98.44053098,20.90713154],[-98.44062023,20.90804532],[-98.44073454,20.90863722],[-98.44106486,20.90969731],[-98.4412124,20.90973743],[-98.44131538,20.90976158],[-98.44160869,20.90999872],[-98.44141688,20.91129146],[-98.44140349,20.91139292],[-98.44144718,20.91148237],[-98.44190895,20.91222037],[-98.44203582,20.91204897],[-98.44208506,20.91206195],[-98.44230506,20.91206582],[-98.44295322,20.91249926],[-98.44269534,20.91383046],[-98.44258475,20.91375262],[-98.44213085,20.91415011],[-98.44194192,20.91447366],[-98.44170709,20.91585805],[-98.44084757,20.91573602],[-98.44053642,20.91570105],[-98.44053294,20.9160212],[-98.44047235,20.91662111],[-98.44042548,20.916988],[-98.44032489,20.91752138],[-98.44029032,20.91783283],[-98.44024166,20.91799669],[-98.44017394,20.91817438],[-98.43972998,20.91787383],[-98.43897331,20.91768852],[-98.43843183,20.9176142],[-98.43777889,20.91757425],[-98.43699928,20.91772678],[-98.43630232,20.91797554],[-98.43575231,20.91813242],[-98.43450032,20.91846258],[-98.43368295,20.91882906],[-98.43270366,20.91902372],[-98.43192234,20.91878752],[-98.43111718,20.91842289],[-98.43048565,20.91813145],[-98.42993483,20.91803865],[-98.42910415,20.91815685],[-98.42832154,20.91847257],[-98.42778092,20.91870854],[-98.42741723,20.91892532],[-98.42703335,20.91886211],[-98.4259886,20.91873595],[-98.42539406,20.91921445],[-98.42500629,20.91962085],[-98.4246234,20.92015292],[-98.42391808,20.9201878],[-98.42413678,20.92057752],[-98.42429886,20.92184065],[-98.42437465,20.9232832],[-98.424402,20.92337302],[-98.42441223,20.92345342],[-98.424478,20.92369217],[-98.42472983,20.9240444],[-98.42478265,20.92420646],[-98.42503112,20.92500106],[-98.42482777,20.92502834],[-98.42379786,20.92538862],[-98.42367194,20.92542949],[-98.42380992,20.92548309],[-98.42402585,20.92554722],[-98.42413488,20.92565822],[-98.4241462,20.92608635],[-98.42393185,20.92687909],[-98.42367157,20.92862382],[-98.42277366,20.93131852],[-98.42221091,20.9347866],[-98.42255011,20.93451003],[-98.42314275,20.934274],[-98.42371935,20.93418311],[-98.42461992,20.93421342],[-98.42530248,20.93427026],[-98.42601635,20.93423328],[-98.42672122,20.93402423],[-98.42720835,20.93352668],[-98.42748551,20.93322762],[-98.42783503,20.93299698],[-98.427890532,20.933090679],[-98.4279888,20.93325658],[-98.42807235,20.93386708],[-98.42838357,20.93437098],[-98.428817338,20.934809509],[-98.42884449,20.93483697],[-98.42897988,20.935009248],[-98.42912418,20.935192863],[-98.429165349,20.93524525],[-98.42919676,20.935285217],[-98.42960391,20.93580328],[-98.42925591,20.93624662],[-98.42922996,20.936669278],[-98.42922374,20.93677057],[-98.429223882,20.936771948],[-98.4292674,20.93719565],[-98.42926595,20.93757806],[-98.42924818,20.93784843],[-98.42873329,20.93876606],[-98.42851478,20.93957662],[-98.42805591,20.94073297],[-98.42784885,20.94161454],[-98.42783302,20.94243858],[-98.42767797,20.94337251],[-98.42698317,20.94395928],[-98.42624492,20.94458652],[-98.42593968,20.9451746],[-98.42584638,20.94575223],[-98.42571883,20.94595015],[-98.42575837,20.9466644],[-98.4255446,20.94729845],[-98.42533126,20.94781346],[-98.42520205,20.94844778],[-98.42541112,20.94904358],[-98.42557194,20.95121137],[-98.42586435,20.95212482],[-98.42624057,20.95323692],[-98.42636406,20.95411014],[-98.426573,20.9547456],[-98.42673877,20.95561895],[-98.42694666,20.95653212],[-98.42719592,20.95768346],[-98.42740382,20.95859663],[-98.42862418,20.96006862],[-98.43002488,20.96156182],[-98.43002448,20.96182398],[-98.43038222,20.96154589],[-98.43111917,20.96135203],[-98.43122132,20.96134406],[-98.43165711,20.9612978],[-98.43210086,20.96148423],[-98.43242411,20.96134437],[-98.43310035,20.96138629],[-98.43386205,20.96119046],[-98.43453949,20.960915],[-98.43521677,20.96067922],[-98.43581026,20.96024478],[-98.43648814,20.95985029],[-98.43716569,20.9595416],[-98.43801266,20.95914766],[-98.43892745,20.9590146],[-98.43956068,20.95925472],[-98.4401506,20.9597724],[-98.44074008,20.96040909],[-98.4413306,20.96076809],[-98.44200597,20.961048],[-98.44271486,20.96116412],[-98.44318848,20.96136926],[-98.44415977,20.96165014],[-98.4446356,20.96165002],[-98.44714372,20.96159483],[-98.44766237,20.96175769],[-98.44813668,20.96192748],[-98.44879394,20.96220058],[-98.4501186,20.96274182],[-98.45149125,20.96339203],[-98.45175971,20.96346606],[-98.45098465,20.96459666],[-98.45037822,20.96547632],[-98.45008772,20.96586069],[-98.44979418,20.96624911],[-98.44730906,20.97112614],[-98.44647122,20.97196309],[-98.44629465,20.97261748],[-98.44570122,20.97345654],[-98.44519511,20.9742296],[-98.44324571,20.9781552],[-98.44159663,20.97795668],[-98.44095857,20.97782898],[-98.43915811,20.97737774],[-98.43824082,20.97760035],[-98.43731829,20.97783785],[-98.43639425,20.97807951],[-98.43547365,20.97832492],[-98.43454118,20.97853395],[-98.43466231,20.9794128],[-98.43473145,20.97991563],[-98.43442532,20.98030977],[-98.43372289,20.98061451],[-98.43311397,20.98091957],[-98.43273929,20.9810938],[-98.43231635,20.98166268],[-98.4318946,20.98192448],[-98.43133092,20.98262449],[-98.43118817,20.98328203],[-98.43095158,20.98402702],[-98.43020072,20.98477026],[-98.42949742,20.98529432],[-98.42902788,20.98581917],[-98.42846517,20.98625597],[-98.42795055,20.98634197],[-98.42776186,20.98678003],[-98.42771294,20.98735015],[-98.4272716,20.98834132],[-98.42656845,20.98882151],[-98.42614548,20.98939037],[-98.42530671,20.98983952],[-98.42446955,20.99028463],[-98.42339412,20.99061692],[-98.42202054,20.99089223],[-98.42124412,20.99105755],[-98.42064609,20.99139146],[-98.42034663,20.9916704],[-98.4196288,20.99211588],[-98.40830812,20.98864694]]]]},"properties":{"municipality":"Yahualica","official_key":"13080","CVE_ENT":"13","CVE_MUN":"080","geometry_kind":"municipality","source":"INEGI Gaia — Servicio vectorial del Marco Geoestadístico"}},"features":[{"type":"Feature","geometry":{"type":"MultiPolygon","crs":{"type":"name","properties":{"name":"EPSG:6365"}},"coordinates":[[[[-98.377586765,20.955675367],[-98.377602737,20.955645186],[-98.377672923,20.955468215],[-98.377741968,20.955258538],[-98.377902923,20.954971416],[-98.377887753,20.954863832],[-98.37800468,20.954559486],[-98.378530862,20.953189892],[-98.380249465,20.950972846],[-98.380264646,20.950953262],[-98.380643015,20.950320954],[-98.381246262,20.948529523],[-98.381558631,20.947640354],[-98.382173338,20.945904662],[-98.382659262,20.944478292],[-98.382672429,20.944478479],[-98.383139123,20.944485092],[-98.383378123,20.944488478],[-98.383595584,20.944491557],[-98.383617123,20.944491862],[-98.383736954,20.945064108],[-98.383823954,20.945947523],[-98.383665431,20.946755],[-98.383634892,20.947384738],[-98.383820062,20.950600046],[-98.383848015,20.951085338],[-98.383784077,20.951865077],[-98.383605831,20.952691169],[-98.383409569,20.953143538],[-98.383026938,20.953646062],[-98.382261569,20.954411446],[-98.381900262,20.9546438],[-98.38188562,20.954676221],[-98.381880169,20.954688292],[-98.381858738,20.954735738],[-98.381572185,20.955122523],[-98.381153277,20.955687969],[-98.381047046,20.955754677],[-98.380757708,20.957158754],[-98.380466677,20.958396462],[-98.379464677,20.959797015],[-98.378271108,20.9614062],[-98.377757169,20.961124969],[-98.377683969,20.961074508],[-98.377656415,20.961042262],[-98.377349262,20.960872615],[-98.377502646,20.959351631],[-98.377625846,20.959005892],[-98.376958569,20.9587622],[-98.37731955,20.957915256],[-98.377295062,20.957789108],[-98.377286615,20.9576662],[-98.377353062,20.957400769],[-98.377441262,20.957010985],[-98.377433277,20.956851369],[-98.377385738,20.956565938],[-98.377461862,20.956016431],[-98.377499323,20.9558406],[-98.377586765,20.955675367]]]]},"properties":{"locality":"Yahualica","municipality":null,"official_key":"130800001","CVE_ENT":"13","CVE_MUN":"080","CVE_LOC":"0001","ambito":"URBANO","geometry_kind":"locality","source":"INEGI Gaia — Servicio vectorial del Marco Geoestadístico"}},{"type":"Feature","geometry":{"type":"MultiPolygon","crs":{"type":"name","properties":{"name":"EPSG:6365"}},"coordinates":[[[[-98.428425423,20.862328406],[-98.428399736,20.862298174],[-98.428371319,20.862367706],[-98.428279866,20.862396778],[-98.428237945,20.862484634],[-98.428171189,20.862497477],[-98.428134104,20.86245099],[-98.428118051,20.862430205],[-98.428097915,20.862418929],[-98.428019,20.862408678],[-98.428019726,20.862333064],[-98.427996328,20.862252082],[-98.428013362,20.862187654],[-98.427989583,20.862121069],[-98.428001589,20.862072442],[-98.427966774,20.861998157],[-98.427969669,20.861955984],[-98.427936464,20.861972356],[-98.427897951,20.862003867],[-98.427883005,20.862037732],[-98.427869571,20.862038618],[-98.427837562,20.86201746],[-98.427826633,20.862020205],[-98.427818514,20.862037423],[-98.427815788,20.862067971],[-98.427805132,20.862084529],[-98.427782109,20.86208579],[-98.427759674,20.862064857],[-98.427750911,20.862034039],[-98.427736869,20.8620097],[-98.427724902,20.862003417],[-98.42770239,20.862009493],[-98.427683468,20.862024656],[-98.427638221,20.862045206],[-98.427625536,20.862041907],[-98.427617317,20.862014704],[-98.427606754,20.862003651],[-98.427574363,20.861996891],[-98.427527136,20.861995785],[-98.427509584,20.861983369],[-98.427505096,20.861935844],[-98.427410415,20.86189401],[-98.427369662,20.861865444],[-98.427339885,20.861808324],[-98.427320591,20.861765254],[-98.427360261,20.861641931],[-98.427290872,20.861627678],[-98.42723356,20.861621534],[-98.427060453,20.861695512],[-98.42695805,20.861655899],[-98.426882097,20.861582089],[-98.426872422,20.861513434],[-98.426888912,20.861421382],[-98.426925315,20.861349004],[-98.427013546,20.861345069],[-98.427154588,20.861324361],[-98.427157936,20.861294427],[-98.427169228,20.861253875],[-98.427186139,20.861242266],[-98.427284037,20.861268809],[-98.427338102,20.86123358],[-98.427440832,20.861289768],[-98.427471459,20.861213653],[-98.42749585,20.861064402],[-98.427466177,20.86095038],[-98.42754424,20.860934921],[-98.427515387,20.860867017],[-98.427474084,20.860738797],[-98.427464848,20.860688972],[-98.427461149,20.860677509],[-98.42766127,20.860759988],[-98.427820789,20.860764924],[-98.427851105,20.860777638],[-98.427971654,20.860850631],[-98.427964972,20.860717219],[-98.427964643,20.860653574],[-98.427967133,20.860575961],[-98.428007733,20.860590533],[-98.428046971,20.860603417],[-98.42807724,20.86061526],[-98.428132568,20.860638713],[-98.428246208,20.860738039],[-98.428254483,20.860743956],[-98.428339255,20.860811217],[-98.428454813,20.860932772],[-98.428671953,20.861173154],[-98.428792236,20.861309225],[-98.428837176,20.861451896],[-98.42886707,20.861514523],[-98.428976731,20.861622273],[-98.42900186,20.861715059],[-98.429068662,20.861912544],[-98.429074909,20.861965993],[-98.429069176,20.862066701],[-98.429029315,20.86219248],[-98.429008694,20.86226697],[-98.42900755,20.862310161],[-98.429022104,20.862339313],[-98.429100957,20.862429036],[-98.429190533,20.862519009],[-98.429221707,20.862557194],[-98.429263005,20.862733915],[-98.429291934,20.862914667],[-98.429284555,20.863019658],[-98.429237652,20.86311511],[-98.429158203,20.863160761],[-98.42903177,20.863247119],[-98.428999762,20.863298231],[-98.428950498,20.863480034],[-98.428932129,20.863594852],[-98.428910729,20.863650535],[-98.428871558,20.863682752],[-98.428815539,20.863714574],[-98.428764763,20.863722029],[-98.42870338,20.863724915],[-98.42864839,20.863717864],[-98.428552016,20.863677172],[-98.428618181,20.863566174],[-98.428636656,20.863466625],[-98.42863716,20.863399409],[-98.428605848,20.863327845],[-98.428549199,20.863248487],[-98.428557779,20.863213873],[-98.428596258,20.863159551],[-98.428616549,20.863116808],[-98.428622799,20.863073737],[-98.428616349,20.863027967],[-98.428605334,20.862961681],[-98.428607082,20.862895695],[-98.428612628,20.862830997],[-98.428639492,20.862781205],[-98.428621585,20.862733966],[-98.428604828,20.862691556],[-98.428576456,20.862653677],[-98.428546362,20.862632563],[-98.428536564,20.862616727],[-98.428544281,20.862566487],[-98.428530426,20.862510939],[-98.42848571,20.862415054],[-98.428425423,20.862328406]]]]},"properties":{"locality":"Aguacatitla","municipality":null,"official_key":"130800002","CVE_ENT":"13","CVE_MUN":"080","CVE_LOC":"0002","ambito":"RURAL","geometry_kind":"locality","source":"INEGI Gaia — Servicio vectorial del Marco Geoestadístico"}},{"type":"Feature","geometry":{"type":"MultiPolygon","crs":{"type":"name","properties":{"name":"EPSG:6365"}},"coordinates":[[[[-98.388059717,20.911038001],[-98.388219486,20.910717517],[-98.387896169,20.910644337],[-98.387827535,20.910805919],[-98.387655598,20.910747515],[-98.387475615,20.910829422],[-98.387293077,20.910835782],[-98.387003249,20.910824604],[-98.386913996,20.910745045],[-98.386674537,20.910673002],[-98.386283608,20.910578821],[-98.386303057,20.910341824],[-98.386361202,20.910191733],[-98.386462694,20.909961343],[-98.386531999,20.909858736],[-98.386597405,20.909626606],[-98.386626088,20.909345448],[-98.386602503,20.908912187],[-98.386046639,20.9089174],[-98.38591304,20.908244564],[-98.385746444,20.907338274],[-98.386099828,20.907275864],[-98.386162037,20.906797562],[-98.386208154,20.906073707],[-98.386070023,20.906160501],[-98.385545655,20.906187158],[-98.384515691,20.906207901],[-98.384312988,20.905693526],[-98.38636449,20.905624907],[-98.386545347,20.905615654],[-98.386495532,20.905335791],[-98.386585003,20.905317473],[-98.386938202,20.90524633],[-98.387066096,20.905270403],[-98.387219959,20.90524839],[-98.387746315,20.905208159],[-98.387565761,20.90569915],[-98.387420651,20.90609271],[-98.387300267,20.906364869],[-98.387262516,20.906450437],[-98.38717112,20.906520969],[-98.387011788,20.906608095],[-98.387268358,20.907183642],[-98.387526192,20.907804857],[-98.387628458,20.908087817],[-98.387802368,20.908316229],[-98.387949521,20.90841582],[-98.388348405,20.908558331],[-98.388461054,20.908576252],[-98.3885737,20.908629254],[-98.388900921,20.908893108],[-98.389264102,20.909256764],[-98.389564761,20.909579762],[-98.389890033,20.910138629],[-98.389928943,20.910321078],[-98.389927144,20.910575796],[-98.389898082,20.910785839],[-98.389778945,20.910808176],[-98.389627621,20.910885636],[-98.389348786,20.911218113],[-98.389261443,20.911239658],[-98.389161852,20.911208681],[-98.389051531,20.911152646],[-98.388973037,20.911040188],[-98.388717134,20.91110542],[-98.388412951,20.911103004],[-98.388059717,20.911038001]]]]},"properties":{"locality":"El Arenal","municipality":null,"official_key":"130800003","CVE_ENT":"13","CVE_MUN":"080","CVE_LOC":"0003","ambito":"RURAL","geometry_kind":"locality","source":"INEGI Gaia — Servicio vectorial del Marco Geoestadístico"}},{"type":"Feature","geometry":{"type":"MultiPolygon","crs":{"type":"name","properties":{"name":"EPSG:6365"}},"coordinates":[[[[-98.344377874,20.909952482],[-98.344415439,20.909815686],[-98.344521815,20.909741483],[-98.344727496,20.909703476],[-98.345135255,20.90957629],[-98.345261692,20.909461169],[-98.345256568,20.9092728],[-98.345319031,20.909080277],[-98.345426307,20.909044431],[-98.345661831,20.909093841],[-98.345928845,20.909108252],[-98.346133665,20.90906606],[-98.346446486,20.909018094],[-98.346682354,20.909013031],[-98.346893031,20.908993443],[-98.347108225,20.908977602],[-98.347292061,20.908956077],[-98.347459523,20.908887093],[-98.347774662,20.908875431],[-98.347978778,20.908871996],[-98.348434422,20.908945262],[-98.348541379,20.908950876],[-98.348906683,20.908985938],[-98.34923264,20.909145244],[-98.349117573,20.909353054],[-98.34890863,20.909485698],[-98.348644941,20.909603558],[-98.348589007,20.909503526],[-98.348558242,20.909432894],[-98.348575756,20.909359758],[-98.348473995,20.909286146],[-98.348455543,20.909324333],[-98.348445633,20.90943785],[-98.348398172,20.909468682],[-98.348405472,20.90950436],[-98.348382385,20.909759169],[-98.348276818,20.909760828],[-98.348168502,20.909767285],[-98.34787243,20.909868954],[-98.347752584,20.909916016],[-98.347526431,20.909812647],[-98.347534271,20.909865592],[-98.347480683,20.910130201],[-98.347175661,20.910207376],[-98.347020422,20.910279174],[-98.346599231,20.910399193],[-98.346444935,20.910113996],[-98.34636949,20.910012512],[-98.346263329,20.910039691],[-98.346078152,20.910099008],[-98.34572359,20.910206633],[-98.345368368,20.910316351],[-98.344999754,20.910526814],[-98.344604358,20.910756468],[-98.344090363,20.910977061],[-98.343700715,20.910639965],[-98.343495905,20.910446527],[-98.343904789,20.910203988],[-98.34427548,20.910038464],[-98.344377874,20.909952482]]]]},"properties":{"locality":"Atlajco","municipality":null,"official_key":"130800004","CVE_ENT":"13","CVE_MUN":"080","CVE_LOC":"0004","ambito":"RURAL","geometry_kind":"locality","source":"INEGI Gaia — Servicio vectorial del Marco Geoestadístico"}},{"type":"Feature","geometry":{"type":"MultiPolygon","crs":{"type":"name","properties":{"name":"EPSG:6365"}},"coordinates":[[[[-98.32605149,20.916465811],[-98.325945461,20.916455575],[-98.325922942,20.916455033],[-98.325893704,20.916431762],[-98.325844933,20.916337835],[-98.325843201,20.9163345],[-98.325723496,20.916151053],[-98.325518635,20.916060849],[-98.325252507,20.915943668],[-98.325251474,20.91594184],[-98.32516747,20.915793246],[-98.325112553,20.915700825],[-98.324772738,20.915769384],[-98.324539197,20.915814001],[-98.324291592,20.915861304],[-98.324259432,20.915867969],[-98.324128835,20.915885972],[-98.324062342,20.915895138],[-98.323985458,20.915895739],[-98.323973205,20.915895835],[-98.323901471,20.915896396],[-98.323801847,20.915879719],[-98.323775851,20.915874057],[-98.323729753,20.915864018],[-98.323784818,20.915825475],[-98.324013841,20.915767363],[-98.324226069,20.915711848],[-98.324490813,20.915566351],[-98.324702605,20.915405606],[-98.324844805,20.915370936],[-98.324800128,20.91516995],[-98.32482698,20.914897858],[-98.324988792,20.914910039],[-98.325112604,20.914935831],[-98.325292047,20.914860874],[-98.325220254,20.914757468],[-98.325278319,20.914732287],[-98.325327539,20.914721634],[-98.32548438,20.914667783],[-98.325740438,20.914574061],[-98.325961241,20.9144987],[-98.326121014,20.914412263],[-98.326380058,20.914358951],[-98.32687536,20.914338219],[-98.327331794,20.914393385],[-98.327598646,20.91442862],[-98.328010231,20.914254118],[-98.328540735,20.914216939],[-98.329351864,20.914159615],[-98.329893311,20.914020887],[-98.330082876,20.913946159],[-98.330099461,20.913937664],[-98.330315522,20.913827002],[-98.330593622,20.913843294],[-98.330808667,20.9139229],[-98.330876508,20.91396535],[-98.331370404,20.913723422],[-98.331412214,20.913799615],[-98.331498047,20.913956031],[-98.331421514,20.914033678],[-98.331370313,20.914130894],[-98.331362991,20.914160559],[-98.331324357,20.914317077],[-98.331263332,20.914399649],[-98.331056023,20.914505117],[-98.33094052,20.914617594],[-98.33084695,20.914675373],[-98.330828425,20.914792583],[-98.330677821,20.914880205],[-98.330555447,20.914905076],[-98.330487664,20.914918852],[-98.330244971,20.914758614],[-98.330258571,20.914878518],[-98.330229744,20.915092486],[-98.330146686,20.915275672],[-98.33009262,20.915466237],[-98.329952289,20.915664557],[-98.329768522,20.915731211],[-98.32961954,20.915796781],[-98.329498847,20.915874556],[-98.329388617,20.915921538],[-98.329236926,20.915937727],[-98.329049028,20.915955234],[-98.329011219,20.915955973],[-98.328836169,20.915960424],[-98.328728045,20.91595206],[-98.328650566,20.915944433],[-98.328561352,20.915917315],[-98.328531385,20.915891622],[-98.328480934,20.915792442],[-98.328438815,20.915762615],[-98.328262069,20.915871697],[-98.328066988,20.915978414],[-98.327973105,20.915931546],[-98.327833667,20.915973881],[-98.327737655,20.915980575],[-98.327614219,20.915938586],[-98.327481125,20.915899367],[-98.3273017,20.915802004],[-98.327113272,20.915683416],[-98.32702487,20.915645271],[-98.32690782,20.915603435],[-98.326844301,20.915589901],[-98.326717134,20.915581052],[-98.326924768,20.915801937],[-98.327063596,20.915982362],[-98.32696001,20.916019833],[-98.326823899,20.916116223],[-98.326744533,20.916227976],[-98.32672122,20.916336688],[-98.326688643,20.916569202],[-98.326663603,20.916649824],[-98.326621674,20.916699658],[-98.326599042,20.916722641],[-98.326574032,20.916748039],[-98.326544072,20.916765517],[-98.326517944,20.916781028],[-98.326327098,20.916704876],[-98.326201998,20.916569321],[-98.326101938,20.916490077],[-98.32605149,20.916465811]]]]},"properties":{"locality":"Atlalco","municipality":null,"official_key":"130800005","CVE_ENT":"13","CVE_MUN":"080","CVE_LOC":"0005","ambito":"RURAL","geometry_kind":"locality","source":"INEGI Gaia — Servicio vectorial del Marco Geoestadístico"}},{"type":"Feature","geometry":{"type":"MultiPolygon","crs":{"type":"name","properties":{"name":"EPSG:6365"}},"coordinates":[[[[-98.371247858,20.894619662],[-98.370958318,20.89455515],[-98.370716843,20.894231506],[-98.370712899,20.89422622],[-98.370699761,20.894171389],[-98.370770966,20.894136467],[-98.370806011,20.89409228],[-98.370736494,20.894040804],[-98.370965242,20.893822795],[-98.371066661,20.893629932],[-98.37118672,20.893236197],[-98.371341715,20.893030989],[-98.371731241,20.892633257],[-98.371777604,20.892604876],[-98.371844477,20.892476945],[-98.371926733,20.892363649],[-98.372101815,20.892218945],[-98.372280001,20.892148748],[-98.372526483,20.892104186],[-98.37278434,20.892016674],[-98.372822748,20.892125134],[-98.372734498,20.892233364],[-98.372628128,20.892388354],[-98.372423048,20.892489124],[-98.372407389,20.892767274],[-98.372329638,20.892846105],[-98.372276498,20.892921675],[-98.372159982,20.893019406],[-98.372149737,20.893115206],[-98.372076048,20.893384775],[-98.372019326,20.893498678],[-98.371913313,20.893640222],[-98.37178944,20.893750883],[-98.371868426,20.893777235],[-98.371969126,20.893880474],[-98.37206905,20.894012508],[-98.372092469,20.894139122],[-98.372062945,20.894239265],[-98.371983726,20.894334626],[-98.37187968,20.894630408],[-98.371856947,20.894630545],[-98.371765606,20.894606763],[-98.371680665,20.894629955],[-98.371247858,20.894619662]]]]},"properties":{"locality":"Chompeletla","municipality":null,"official_key":"130800006","CVE_ENT":"13","CVE_MUN":"080","CVE_LOC":"0006","ambito":"RURAL","geometry_kind":"locality","source":"INEGI Gaia — Servicio vectorial del Marco Geoestadístico"}},{"type":"Feature","geometry":{"type":"MultiPolygon","crs":{"type":"name","properties":{"name":"EPSG:6365"}},"coordinates":[[[[-98.331359514,20.907320763],[-98.331394202,20.90728558],[-98.331484088,20.907250283],[-98.33161782,20.907237652],[-98.331751081,20.907242295],[-98.331892712,20.907277394],[-98.331937146,20.907300301],[-98.332090946,20.907188744],[-98.332217379,20.907096939],[-98.332291268,20.907057896],[-98.332360507,20.907001934],[-98.332374419,20.906960249],[-98.332374709,20.906902629],[-98.332345274,20.906857501],[-98.332141656,20.906640108],[-98.332117459,20.906590303],[-98.332118308,20.906559109],[-98.332141976,20.906534466],[-98.332203457,20.906481919],[-98.332363511,20.906375315],[-98.332383315,20.90635178],[-98.332390415,20.906278717],[-98.3323966,20.906239246],[-98.332548546,20.906026798],[-98.332667376,20.905857494],[-98.332735711,20.905797188],[-98.332876328,20.905672348],[-98.333062451,20.905452796],[-98.333124394,20.90536252],[-98.333010467,20.905297276],[-98.332881687,20.905109295],[-98.33283669,20.905131702],[-98.332687227,20.905212672],[-98.332574004,20.905204188],[-98.332429126,20.905153507],[-98.332407186,20.905080603],[-98.332365571,20.904919689],[-98.332353698,20.904792625],[-98.332322024,20.904660763],[-98.332283361,20.904560428],[-98.332275814,20.904499739],[-98.332319576,20.904469095],[-98.33240125,20.90445377],[-98.332516815,20.904450214],[-98.332434115,20.904185156],[-98.33223845,20.903863507],[-98.332253991,20.903849329],[-98.332358984,20.903753551],[-98.332471043,20.903694403],[-98.332506323,20.903536339],[-98.332763201,20.903303455],[-98.332937757,20.903436476],[-98.333192531,20.903511031],[-98.333322089,20.90367982],[-98.33353709,20.903807443],[-98.333626179,20.904136967],[-98.333576486,20.904178993],[-98.333477751,20.904239049],[-98.333756387,20.904690388],[-98.334255961,20.905453311],[-98.333881104,20.905745392],[-98.333707573,20.905897376],[-98.33358658,20.90602413],[-98.333526875,20.906152355],[-98.333467235,20.906278181],[-98.333436292,20.906664017],[-98.333441014,20.906772181],[-98.333267765,20.906847255],[-98.333161042,20.906919125],[-98.333079071,20.907020403],[-98.332890447,20.907284795],[-98.332636676,20.907595644],[-98.332427163,20.907876341],[-98.332342317,20.908083199],[-98.332354831,20.908186748],[-98.332383777,20.908249873],[-98.332445855,20.908316195],[-98.332573805,20.908403309],[-98.332758271,20.90857342],[-98.332774644,20.908629039],[-98.332773403,20.90867463],[-98.33265103,20.908758129],[-98.332538969,20.908810516],[-98.332267791,20.908932256],[-98.332174134,20.908974162],[-98.33211566,20.909018762],[-98.332044371,20.90908428],[-98.332016088,20.909146989],[-98.33196816,20.909180413],[-98.331952528,20.909190145],[-98.331884978,20.909232199],[-98.331798234,20.90926469],[-98.331685662,20.909269668],[-98.33162998,20.909287538],[-98.331603887,20.909297664],[-98.33156576,20.909318649],[-98.331483254,20.909270565],[-98.331373609,20.909168042],[-98.331459143,20.909029873],[-98.331575007,20.908903958],[-98.331599784,20.90889495],[-98.331692234,20.908803048],[-98.331720303,20.908745847],[-98.331717992,20.908740398],[-98.331675456,20.908642765],[-98.331669554,20.908597378],[-98.33163161,20.908533145],[-98.331583321,20.908448426],[-98.331540377,20.908392648],[-98.331485096,20.908339455],[-98.331354347,20.908298854],[-98.331273806,20.908272426],[-98.331197745,20.908250428],[-98.331159476,20.908191881],[-98.331098926,20.90805068],[-98.331086231,20.90795385],[-98.33112547,20.907807845],[-98.331202266,20.90763393],[-98.331295521,20.907418631],[-98.331359514,20.907320763]]]]},"properties":{"locality":"Chiatitla","municipality":null,"official_key":"130800007","CVE_ENT":"13","CVE_MUN":"080","CVE_LOC":"0007","ambito":"RURAL","geometry_kind":"locality","source":"INEGI Gaia — Servicio vectorial del Marco Geoestadístico"}},{"type":"Feature","geometry":{"type":"MultiPolygon","crs":{"type":"name","properties":{"name":"EPSG:6365"}},"coordinates":[[[[-98.399767676,20.966929415],[-98.399646291,20.966736862],[-98.399569492,20.966596986],[-98.399534769,20.966461693],[-98.3995476,20.966316723],[-98.3995422,20.96616437],[-98.399718662,20.966085447],[-98.399788892,20.966088309],[-98.3998542,20.966031538],[-98.399868877,20.965941601],[-98.399872014,20.965747663],[-98.39987128,20.96546911],[-98.399840385,20.965324309],[-98.399822631,20.964993493],[-98.399817708,20.964699462],[-98.399880507,20.964473324],[-98.399887584,20.964208401],[-98.399923049,20.9641444],[-98.400208089,20.964325451],[-98.400367092,20.964402677],[-98.400567092,20.964524964],[-98.400646396,20.964568751],[-98.400378561,20.965290386],[-98.400349036,20.965438563],[-98.400404751,20.965553933],[-98.400382171,20.965561804],[-98.400546594,20.965937863],[-98.400597063,20.965944442],[-98.400683684,20.965988997],[-98.400794996,20.966201889],[-98.400899601,20.966404764],[-98.400954588,20.966507453],[-98.401014937,20.966613901],[-98.40078843,20.966853832],[-98.400762809,20.96687939],[-98.400534953,20.967159339],[-98.400404169,20.967410262],[-98.400329968,20.967460139],[-98.400288123,20.967639232],[-98.400121614,20.967853033],[-98.4001126,20.967702323],[-98.400111431,20.967554631],[-98.400054631,20.967432032],[-98.399916954,20.967179062],[-98.399856123,20.967063569],[-98.399767676,20.966929415]]]]},"properties":{"locality":"Hueyactétl","municipality":null,"official_key":"130800008","CVE_ENT":"13","CVE_MUN":"080","CVE_LOC":"0008","ambito":"RURAL","geometry_kind":"locality","source":"INEGI Gaia — Servicio vectorial del Marco Geoestadístico"}},{"type":"Feature","geometry":{"type":"MultiPolygon","crs":{"type":"name","properties":{"name":"EPSG:6365"}},"coordinates":[[[[-98.342371156,20.906921081],[-98.342336287,20.907088957],[-98.342277279,20.907111508],[-98.342102935,20.90710775],[-98.341952732,20.907087078],[-98.341704627,20.906993744],[-98.341516202,20.906896024],[-98.341599685,20.906852803],[-98.341715356,20.906797053],[-98.341784423,20.906796427],[-98.341857849,20.906803631],[-98.341983074,20.906843565],[-98.342103355,20.906853508],[-98.342371156,20.906921081]]],[[[-98.338801457,20.907012982],[-98.338833959,20.90672177],[-98.339170654,20.906883318],[-98.339323689,20.906609583],[-98.339353631,20.906598586],[-98.33930263,20.906546063],[-98.339289599,20.906348369],[-98.33933983,20.906192554],[-98.339418307,20.906069092],[-98.339524568,20.905995293],[-98.339943076,20.905940492],[-98.340260508,20.905825647],[-98.3404482,20.905745155],[-98.340457714,20.905740793],[-98.340550376,20.905914332],[-98.340707717,20.906160899],[-98.340837348,20.906272905],[-98.340929429,20.906367373],[-98.340978278,20.906487232],[-98.340985552,20.906637157],[-98.341006804,20.906784165],[-98.341042809,20.906871038],[-98.341042866,20.906902392],[-98.34091304,20.9069922],[-98.340750469,20.907060779],[-98.340578213,20.9070927],[-98.340113001,20.907174083],[-98.339947008,20.907187763],[-98.339708899,20.90718506],[-98.339688657,20.907209717],[-98.339610622,20.907344224],[-98.339508193,20.907415291],[-98.339375758,20.907449688],[-98.339161851,20.907433289],[-98.338809137,20.907455615],[-98.338800574,20.907422841],[-98.338898366,20.907215214],[-98.338744643,20.907127317],[-98.338801457,20.907012982]]]]},"properties":{"locality":"Mangocuatitla","municipality":null,"official_key":"130800010","CVE_ENT":"13","CVE_MUN":"080","CVE_LOC":"0010","ambito":"RURAL","geometry_kind":"locality","source":"INEGI Gaia — Servicio vectorial del Marco Geoestadístico"}},{"type":"Feature","geometry":{"type":"MultiPolygon","crs":{"type":"name","properties":{"name":"EPSG:6365"}},"coordinates":[[[[-98.40005675,20.938239909],[-98.399669171,20.938590621],[-98.399494157,20.938467871],[-98.399109931,20.938715875],[-98.398981186,20.938680804],[-98.398628473,20.938757209],[-98.398428649,20.938465366],[-98.398332089,20.938492923],[-98.398189933,20.938561812],[-98.398039729,20.938618176],[-98.397805706,20.938702097],[-98.397625328,20.938750946],[-98.397374374,20.938763315],[-98.397053683,20.938440001],[-98.397234396,20.938266838],[-98.397322239,20.938133441],[-98.397630691,20.937915498],[-98.397822637,20.938056096],[-98.397935457,20.938186675],[-98.398005531,20.938117159],[-98.398337455,20.93842278],[-98.398409874,20.938411506],[-98.398589583,20.93827999],[-98.398871213,20.937965601],[-98.399142116,20.937586078],[-98.399682582,20.937852872],[-98.40005675,20.938239909]]],[[[-98.402480243,20.932646498],[-98.402570298,20.932524078],[-98.402751711,20.932374077],[-98.402852999,20.932584569],[-98.402871143,20.932647657],[-98.402894654,20.932795919],[-98.402874949,20.932978603],[-98.402828423,20.933176318],[-98.402683772,20.933408247],[-98.402683377,20.933482085],[-98.403349224,20.934552576],[-98.403498691,20.934520395],[-98.403688388,20.934510762],[-98.403934392,20.93447023],[-98.404083076,20.934458309],[-98.404190224,20.934427688],[-98.404300056,20.934387047],[-98.404465757,20.934363497],[-98.404824746,20.934217449],[-98.405074196,20.934150566],[-98.405274895,20.934451736],[-98.405971222,20.935349847],[-98.405695295,20.935506941],[-98.40571615,20.935523856],[-98.405849958,20.935522294],[-98.405932805,20.935593379],[-98.40634696,20.936017728],[-98.405558465,20.936726724],[-98.405697338,20.93681837],[-98.405813662,20.936960385],[-98.405935385,20.936996862],[-98.4060931,20.937235751],[-98.405953172,20.937412389],[-98.405872987,20.937615348],[-98.405774027,20.937713091],[-98.405521778,20.937875888],[-98.405416158,20.937952062],[-98.405351027,20.93805095],[-98.405321197,20.938131869],[-98.405218833,20.938202307],[-98.405113808,20.938276988],[-98.405022717,20.938311942],[-98.404841214,20.938409566],[-98.404679383,20.938512105],[-98.404520481,20.93861385],[-98.404358134,20.938737433],[-98.404207004,20.938867217],[-98.404041254,20.938976832],[-98.403901404,20.939060921],[-98.40382971,20.939110338],[-98.403741923,20.939139711],[-98.403653667,20.939149758],[-98.403576143,20.939149784],[-98.403465602,20.939127182],[-98.403402343,20.939131697],[-98.403321851,20.939166319],[-98.403244056,20.939211355],[-98.403057685,20.939478755],[-98.402916218,20.939542314],[-98.402758659,20.93956579],[-98.402621692,20.939569204],[-98.402488332,20.939539369],[-98.402431341,20.93949864],[-98.402392435,20.939404763],[-98.402394858,20.939305082],[-98.40245019,20.939207291],[-98.402576067,20.939026862],[-98.402647207,20.938889464],[-98.402665149,20.938829535],[-98.402607073,20.938549176],[-98.402546316,20.938308898],[-98.402553501,20.938154902],[-98.402593719,20.938048988],[-98.402787036,20.937740556],[-98.402871917,20.937565291],[-98.402861541,20.937500457],[-98.402777482,20.937445118],[-98.402641632,20.937384126],[-98.402386494,20.937214339],[-98.402225326,20.937384989],[-98.401670287,20.937085889],[-98.401033064,20.937531748],[-98.400671279,20.937233879],[-98.400466104,20.937281399],[-98.400343514,20.93701141],[-98.399928566,20.936646226],[-98.399665771,20.936871184],[-98.3993858,20.9371938],[-98.398910372,20.936717929],[-98.398732668,20.936485052],[-98.398676674,20.936377192],[-98.398794041,20.936221903],[-98.39890765,20.936099637],[-98.398958212,20.93604015],[-98.399083134,20.935909281],[-98.399163442,20.935837896],[-98.39930026,20.935748668],[-98.399502514,20.935665385],[-98.399631366,20.935619054],[-98.399747481,20.935523357],[-98.399809716,20.935446536],[-98.39977646,20.935305414],[-98.39981026,20.935259489],[-98.399567572,20.93481197],[-98.399536617,20.934694746],[-98.399726944,20.934578773],[-98.400037496,20.934355058],[-98.40053975,20.934129435],[-98.400612797,20.934264255],[-98.400478172,20.934328022],[-98.400533983,20.934381769],[-98.400593306,20.934454188],[-98.400651916,20.93451056],[-98.400725033,20.934591372],[-98.400758938,20.934703627],[-98.40092472,20.934639782],[-98.401025978,20.934591603],[-98.401096415,20.934503149],[-98.401151614,20.934438528],[-98.401374585,20.934225899],[-98.4014409,20.934248587],[-98.401764664,20.93373622],[-98.401691606,20.933654831],[-98.401805392,20.933473116],[-98.401662751,20.93332106],[-98.40180638,20.933110746],[-98.401907861,20.932947461],[-98.402006778,20.93288016],[-98.402079987,20.932859444],[-98.402144571,20.932841169],[-98.40219477,20.932826965],[-98.402339225,20.932805245],[-98.402480243,20.932646498]]]]},"properties":{"locality":"Mecatlán","municipality":null,"official_key":"130800011","CVE_ENT":"13","CVE_MUN":"080","CVE_LOC":"0011","ambito":"RURAL","geometry_kind":"locality","source":"INEGI Gaia — Servicio vectorial del Marco Geoestadístico"}},{"type":"Feature","geometry":{"type":"MultiPolygon","crs":{"type":"name","properties":{"name":"EPSG:6365"}},"coordinates":[[[[-98.412163147,20.94308284],[-98.412399172,20.942973133],[-98.41247049,20.942982493],[-98.412500919,20.943024595],[-98.412723108,20.942634425],[-98.412740862,20.9425918],[-98.412730239,20.942294188],[-98.4126644,20.942285423],[-98.412644925,20.942272974],[-98.412582113,20.942251328],[-98.412533837,20.94222138],[-98.412491819,20.942186776],[-98.41242418,20.942154452],[-98.412350692,20.942111425],[-98.412322788,20.942088819],[-98.412252181,20.941967338],[-98.41225397,20.941900149],[-98.412329632,20.94182317],[-98.412425012,20.941773547],[-98.412570661,20.941755841],[-98.412696897,20.941776096],[-98.412797956,20.941822523],[-98.413356781,20.94162829],[-98.413723146,20.941474697],[-98.4139956,20.941447413],[-98.414388027,20.941516926],[-98.414692714,20.941568014],[-98.415117446,20.941713468],[-98.415218961,20.941792163],[-98.415343343,20.942133006],[-98.415396033,20.942386562],[-98.415432901,20.942787461],[-98.415269992,20.942720631],[-98.415098901,20.942695482],[-98.414938737,20.942685583],[-98.414980446,20.942970753],[-98.41463722,20.943079739],[-98.41448209,20.943128997],[-98.414544483,20.943341778],[-98.414333757,20.94344702],[-98.414178546,20.943516608],[-98.413900884,20.94362534],[-98.413737628,20.943661123],[-98.413663421,20.943685121],[-98.413641009,20.943712546],[-98.413324589,20.943924875],[-98.413304723,20.943940021],[-98.413259889,20.943973107],[-98.412939401,20.944152532],[-98.412807997,20.944226098],[-98.412604629,20.943995265],[-98.412442292,20.943811128],[-98.412442838,20.943810824],[-98.412441842,20.943810636],[-98.412021426,20.943260074],[-98.412127691,20.943108899],[-98.412163147,20.94308284]]]]},"properties":{"locality":"Mesa Larga","municipality":null,"official_key":"130800012","CVE_ENT":"13","CVE_MUN":"080","CVE_LOC":"0012","ambito":"RURAL","geometry_kind":"locality","source":"INEGI Gaia — Servicio vectorial del Marco Geoestadístico"}},{"type":"Feature","geometry":{"type":"MultiPolygon","crs":{"type":"name","properties":{"name":"EPSG:6365"}},"coordinates":[[[[-98.430409561,20.898703429],[-98.430368212,20.898694727],[-98.430134173,20.898421247],[-98.43021156,20.898272991],[-98.430007358,20.898265213],[-98.429918858,20.898230127],[-98.429918208,20.898192513],[-98.429962471,20.898064852],[-98.430005507,20.897906429],[-98.430028732,20.897801325],[-98.430044193,20.897680673],[-98.430039836,20.897536508],[-98.430040285,20.897442397],[-98.430055339,20.897337102],[-98.430089389,20.897209202],[-98.430139375,20.897097042],[-98.43018073,20.897001967],[-98.430210227,20.89693914],[-98.430271206,20.896811218],[-98.43031313,20.89677186],[-98.430406479,20.896720261],[-98.430477002,20.896681573],[-98.430561317,20.896662415],[-98.430604266,20.8966615],[-98.430652632,20.896687601],[-98.430692216,20.896736549],[-98.430815574,20.896941123],[-98.43086448,20.896978369],[-98.430866034,20.896981503],[-98.430897222,20.896902093],[-98.43093908,20.896751552],[-98.430946995,20.896723084],[-98.431020674,20.896545246],[-98.431058257,20.896676569],[-98.431075034,20.896735191],[-98.431186989,20.896966522],[-98.431304787,20.89722667],[-98.431366716,20.897399417],[-98.431442849,20.897661527],[-98.431545327,20.897713035],[-98.43155483,20.898005131],[-98.431567987,20.898218538],[-98.431584536,20.898313824],[-98.431603095,20.898365831],[-98.431674803,20.898447612],[-98.43182387,20.89857987],[-98.43198632,20.898694939],[-98.432088701,20.898793745],[-98.432166957,20.898915216],[-98.432219999,20.899037622],[-98.432221114,20.899041534],[-98.432274512,20.899206141],[-98.432345018,20.899423479],[-98.432354415,20.899508182],[-98.43234568,20.899563879],[-98.432308664,20.899618778],[-98.432159752,20.89970971],[-98.432022095,20.899793768],[-98.431789586,20.899928553],[-98.431707617,20.900020933],[-98.431704128,20.900024864],[-98.431639726,20.900131199],[-98.431602245,20.900237273],[-98.431594841,20.900258227],[-98.431576786,20.900465548],[-98.431579022,20.900660292],[-98.431579024,20.900668526],[-98.431579046,20.900850539],[-98.431579048,20.900862468],[-98.431550582,20.900949711],[-98.431502486,20.901027084],[-98.431394285,20.901115999],[-98.431150306,20.900771921],[-98.431023852,20.900565407],[-98.430970679,20.900431619],[-98.430916833,20.900296132],[-98.430844923,20.900129658],[-98.430832873,20.900101761],[-98.430782105,20.899984369],[-98.430774948,20.899919435],[-98.430757627,20.899762276],[-98.430772742,20.899642297],[-98.430786098,20.899536282],[-98.43079173,20.899498018],[-98.430607891,20.898972208],[-98.430409561,20.898703429]]]]},"properties":{"locality":"Los Naranjos","municipality":null,"official_key":"130800013","CVE_ENT":"13","CVE_MUN":"080","CVE_LOC":"0013","ambito":"RURAL","geometry_kind":"locality","source":"INEGI Gaia — Servicio vectorial del Marco Geoestadístico"}},{"type":"Feature","geometry":{"type":"MultiPolygon","crs":{"type":"name","properties":{"name":"EPSG:6365"}},"coordinates":[[[[-98.322877527,20.92051188],[-98.322964649,20.920166294],[-98.323066491,20.919955527],[-98.323196883,20.919747368],[-98.323299039,20.919525083],[-98.32331046,20.919331345],[-98.323187769,20.918957653],[-98.323193283,20.918937292],[-98.323226219,20.91886754],[-98.323313915,20.918800501],[-98.323435361,20.91878902],[-98.323535276,20.918892274],[-98.323618493,20.919101738],[-98.323634721,20.919349926],[-98.323760529,20.919403381],[-98.32388555,20.919373256],[-98.324116862,20.919054001],[-98.324118142,20.91891345],[-98.324022776,20.918927343],[-98.323955657,20.918902947],[-98.323949723,20.918855275],[-98.32398058,20.918536669],[-98.323945545,20.91838543],[-98.323859713,20.918310839],[-98.323807579,20.918257049],[-98.323749593,20.918099281],[-98.323628514,20.917853849],[-98.323458781,20.917612047],[-98.323877612,20.917185151],[-98.323797353,20.917067784],[-98.323676929,20.916929459],[-98.323537967,20.916821223],[-98.323844256,20.916712032],[-98.323936257,20.916671016],[-98.324144197,20.916512485],[-98.323990988,20.916436686],[-98.323738945,20.916308157],[-98.323398567,20.916045437],[-98.323170048,20.915899465],[-98.323173772,20.915899225],[-98.32369867,20.915865413],[-98.323729753,20.915864018],[-98.323775851,20.915874057],[-98.323801847,20.915879719],[-98.323901471,20.915896396],[-98.323973205,20.915895835],[-98.323985458,20.915895739],[-98.324062342,20.915895138],[-98.324128835,20.915885972],[-98.324259432,20.915867969],[-98.324291592,20.915861304],[-98.324539197,20.915814001],[-98.324772738,20.915769384],[-98.325112553,20.915700825],[-98.32516747,20.915793246],[-98.325251474,20.91594184],[-98.325252507,20.915943668],[-98.325518635,20.916060849],[-98.325723496,20.916151053],[-98.325843201,20.9163345],[-98.325844933,20.916337835],[-98.325893704,20.916431762],[-98.325922942,20.916455033],[-98.325945461,20.916455575],[-98.32605149,20.916465811],[-98.326101938,20.916490077],[-98.326201998,20.916569321],[-98.326327098,20.916704876],[-98.326517944,20.916781028],[-98.32644147,20.916826747],[-98.326185942,20.917132587],[-98.325983204,20.917436282],[-98.325844402,20.917656079],[-98.325698582,20.917652988],[-98.325617984,20.917814914],[-98.325539798,20.918251781],[-98.325545816,20.918400928],[-98.325618783,20.918579011],[-98.325736232,20.918764862],[-98.326106878,20.919396275],[-98.326225244,20.919619781],[-98.326362466,20.919715835],[-98.32643355,20.919762673],[-98.326851515,20.920009143],[-98.326880305,20.920152944],[-98.326920502,20.920228346],[-98.327013823,20.920322876],[-98.327030191,20.920329433],[-98.327187031,20.920482078],[-98.327254743,20.920529329],[-98.327288731,20.920594978],[-98.327348916,20.92073089],[-98.327367385,20.920803369],[-98.32736588,20.920858559],[-98.327349118,20.92091098],[-98.327460316,20.920844548],[-98.327500371,20.92096893],[-98.327513668,20.921099872],[-98.327444439,20.921145749],[-98.327454935,20.921323206],[-98.327405118,20.921444465],[-98.327321678,20.921486638],[-98.32724231,20.92151066],[-98.327227944,20.921467952],[-98.327013496,20.92155744],[-98.326936086,20.921241181],[-98.326869001,20.921190884],[-98.326812686,20.921231789],[-98.32672749,20.921275153],[-98.326531795,20.921274996],[-98.326258429,20.921184707],[-98.325879143,20.920990062],[-98.325701526,20.920928594],[-98.325534139,20.921002476],[-98.325446193,20.921041177],[-98.325356414,20.921053422],[-98.325297857,20.921049563],[-98.325119222,20.921062032],[-98.32504795,20.921083834],[-98.324969333,20.921096927],[-98.324941241,20.921096251],[-98.324819373,20.921066904],[-98.324583625,20.920809106],[-98.324286847,20.920540234],[-98.323880077,20.920858507],[-98.323710636,20.921027307],[-98.323379119,20.921516357],[-98.323043377,20.921738778],[-98.322876881,20.921799597],[-98.322743881,20.921756774],[-98.322698658,20.921400134],[-98.322658597,20.920892709],[-98.32284688,20.920660973],[-98.322877527,20.92051188]]]]},"properties":{"locality":"Oxeloco","municipality":null,"official_key":"130800014","CVE_ENT":"13","CVE_MUN":"080","CVE_LOC":"0014","ambito":"RURAL","geometry_kind":"locality","source":"INEGI Gaia — Servicio vectorial del Marco Geoestadístico"}},{"type":"Feature","geometry":{"type":"MultiPolygon","crs":{"type":"name","properties":{"name":"EPSG:6365"}},"coordinates":[[[[-98.386764338,20.933400938],[-98.386739246,20.933283846],[-98.386739892,20.933205508],[-98.386779646,20.933131923],[-98.386862077,20.933046692],[-98.386957062,20.9329732],[-98.386961969,20.932970292],[-98.387082662,20.932941031],[-98.387107385,20.932958862],[-98.387174415,20.932997708],[-98.387206846,20.933029831],[-98.387217938,20.933083354],[-98.387224723,20.9330872],[-98.387227354,20.933088692],[-98.387251892,20.933089846],[-98.3873274,20.933083738],[-98.387472031,20.933004369],[-98.387625385,20.932918031],[-98.387712508,20.932860831],[-98.387815908,20.932787754],[-98.387871662,20.932736138],[-98.387915585,20.932720246],[-98.388028831,20.932640123],[-98.388076677,20.932579246],[-98.388125492,20.932544],[-98.388162169,20.932527831],[-98.388223862,20.932508446],[-98.388262031,20.932496185],[-98.3883074,20.932474385],[-98.388342138,20.932472385],[-98.388345446,20.932488385],[-98.388333908,20.932504338],[-98.388299015,20.932534985],[-98.388279585,20.932557385],[-98.388269,20.932578877],[-98.388205446,20.932628354],[-98.388135308,20.932689138],[-98.388074,20.9327552],[-98.388050215,20.932786615],[-98.387988785,20.932882538],[-98.387973923,20.932912031],[-98.387954708,20.932944754],[-98.387943477,20.9329644],[-98.387936508,20.932987769],[-98.387907308,20.9330638],[-98.387889431,20.933098308],[-98.387870985,20.933118246],[-98.387823769,20.933159231],[-98.387782138,20.933187769],[-98.387730985,20.933215062],[-98.387654785,20.933254923],[-98.387565785,20.933293908],[-98.387494877,20.933327154],[-98.387414431,20.933354277],[-98.387379831,20.933355846],[-98.387349138,20.933350154],[-98.387324723,20.933340385],[-98.387296523,20.933338369],[-98.387266631,20.933365185],[-98.387236923,20.933391846],[-98.387218954,20.933412385],[-98.3872164,20.933429631],[-98.387220062,20.933440354],[-98.387231708,20.933455969],[-98.387241769,20.933464077],[-98.387247015,20.933471754],[-98.387249554,20.933475862],[-98.387243108,20.933495569],[-98.387238538,20.933504662],[-98.387216462,20.933536585],[-98.387194292,20.933563292],[-98.387188092,20.933598215],[-98.387177185,20.933615554],[-98.387165415,20.933659092],[-98.387162831,20.933673923],[-98.387155231,20.933684185],[-98.387151246,20.933702431],[-98.387152969,20.933713908],[-98.387151877,20.9337304],[-98.387139954,20.933751292],[-98.387144723,20.933785646],[-98.387164615,20.933823631],[-98.387170631,20.933840246],[-98.387171985,20.933857431],[-98.387163262,20.933893046],[-98.387159508,20.933910677],[-98.387158831,20.933930415],[-98.387159754,20.933951031],[-98.387160569,20.933956754],[-98.387144462,20.933963923],[-98.387128462,20.933972092],[-98.387104938,20.933976708],[-98.387077369,20.933983954],[-98.387048754,20.934008231],[-98.387033985,20.934014923],[-98.387004169,20.9340288],[-98.386938923,20.934046092],[-98.386880569,20.934064477],[-98.386833169,20.934083938],[-98.386796415,20.934110446],[-98.386801354,20.934097954],[-98.386810754,20.934075646],[-98.386821138,20.934034262],[-98.386777677,20.933949],[-98.386778708,20.933930308],[-98.386781938,20.933872585],[-98.386768154,20.933767246],[-98.386754123,20.933729938],[-98.386733815,20.933670046],[-98.386733892,20.9336652],[-98.386737585,20.933610031],[-98.386763631,20.9335784],[-98.386777831,20.9335452],[-98.386764338,20.933400938]]]]},"properties":{"locality":"Olma","municipality":null,"official_key":"130800015","CVE_ENT":"13","CVE_MUN":"080","CVE_LOC":"0015","ambito":"RURAL","geometry_kind":"locality","source":"INEGI Gaia — Servicio vectorial del Marco Geoestadístico"}},{"type":"Feature","geometry":{"type":"MultiPolygon","crs":{"type":"name","properties":{"name":"EPSG:6365"}},"coordinates":[[[[-98.394825243,20.915770205],[-98.394618476,20.9155677],[-98.394543298,20.915525554],[-98.394495813,20.915470785],[-98.394473863,20.915420695],[-98.394496714,20.915361305],[-98.39466432,20.915209673],[-98.394684608,20.915139079],[-98.394755112,20.915025492],[-98.394786746,20.914912908],[-98.39483385,20.914833343],[-98.39489135,20.914704253],[-98.394268461,20.914433961],[-98.394164452,20.914369833],[-98.394129974,20.914316044],[-98.394119554,20.914296873],[-98.393980037,20.914174509],[-98.393973682,20.914102905],[-98.394292452,20.913722305],[-98.394311515,20.913698441],[-98.394534998,20.913438927],[-98.394704446,20.913313871],[-98.394829988,20.913277819],[-98.394953244,20.913239379],[-98.395061169,20.913168864],[-98.3952209,20.91314538],[-98.395341633,20.913091935],[-98.39557049,20.913019545],[-98.395823118,20.912975569],[-98.39610309,20.912979351],[-98.396108198,20.91297942],[-98.396419033,20.913010075],[-98.396428312,20.91301099],[-98.39657965,20.913008801],[-98.396774587,20.913037287],[-98.396807658,20.913037153],[-98.39689714,20.913054632],[-98.397123649,20.91314642],[-98.397387745,20.913285196],[-98.397683837,20.913450658],[-98.397692088,20.913830226],[-98.397643833,20.913840073],[-98.397674161,20.914049347],[-98.397696876,20.914059967],[-98.397774984,20.914132303],[-98.397874211,20.914244136],[-98.398065701,20.914340857],[-98.398111493,20.914391882],[-98.397964865,20.914965933],[-98.397533994,20.914923093],[-98.397390062,20.914922422],[-98.396953589,20.914923706],[-98.396873945,20.914919091],[-98.397031489,20.915479187],[-98.396758797,20.915611188],[-98.396605308,20.915672101],[-98.396432462,20.915740695],[-98.396374136,20.915724873],[-98.396093133,20.915648644],[-98.395831222,20.915528406],[-98.395783159,20.915653329],[-98.395467189,20.915721004],[-98.39542976,20.915729021],[-98.395306233,20.915707446],[-98.395270787,20.915701254],[-98.395194371,20.915661455],[-98.394918495,20.915784693],[-98.394874189,20.915796257],[-98.394825243,20.915770205]]]]},"properties":{"locality":"Pepeyocatitla","municipality":null,"official_key":"130800016","CVE_ENT":"13","CVE_MUN":"080","CVE_LOC":"0016","ambito":"RURAL","geometry_kind":"locality","source":"INEGI Gaia — Servicio vectorial del Marco Geoestadístico"}},{"type":"Feature","geometry":{"type":"MultiPolygon","crs":{"type":"name","properties":{"name":"EPSG:6365"}},"coordinates":[[[[-98.38497537,20.897797261],[-98.384777184,20.897741462],[-98.384685529,20.897729207],[-98.384598084,20.897731456],[-98.384514733,20.897752532],[-98.384331717,20.897774126],[-98.384148742,20.897794281],[-98.383948951,20.897812597],[-98.383783175,20.897820194],[-98.38369788,20.897799443],[-98.383629554,20.897774774],[-98.383531243,20.897724904],[-98.383391091,20.897577516],[-98.383107709,20.897340296],[-98.383028479,20.897264945],[-98.382941936,20.897176455],[-98.382894841,20.897103306],[-98.38294857,20.896986448],[-98.383020528,20.896875782],[-98.383041091,20.896737968],[-98.382838637,20.896571241],[-98.382789784,20.896487487],[-98.382722813,20.895936533],[-98.382771007,20.89551361],[-98.382804714,20.895514409],[-98.382847959,20.89550247],[-98.382898106,20.895461879],[-98.382960253,20.895374032],[-98.382979542,20.895283729],[-98.382941305,20.89516613],[-98.382871785,20.895014655],[-98.382835663,20.894875498],[-98.382835921,20.894751608],[-98.382869026,20.894546379],[-98.382906494,20.894349901],[-98.382891122,20.894237166],[-98.382834967,20.894101854],[-98.382740253,20.893918087],[-98.382677622,20.893795589],[-98.382659483,20.89372889],[-98.382660681,20.893684257],[-98.382679388,20.89361555],[-98.382711693,20.893554369],[-98.382786056,20.893468252],[-98.382810775,20.893404009],[-98.382796924,20.893348937],[-98.382765576,20.893260314],[-98.382711982,20.893143793],[-98.382665971,20.893030331],[-98.382631676,20.892937317],[-98.382633647,20.892863892],[-98.382662398,20.892763728],[-98.382671309,20.892660213],[-98.382653144,20.892537327],[-98.382640235,20.892390075],[-98.382588264,20.892213086],[-98.382520588,20.89205013],[-98.382495929,20.89192086],[-98.382462696,20.891863031],[-98.382448727,20.891812277],[-98.382462246,20.891736964],[-98.382464372,20.891657778],[-98.382435374,20.891595864],[-98.382349022,20.891528988],[-98.382236247,20.891447079],[-98.382157941,20.891365986],[-98.382087683,20.89127068],[-98.382044427,20.891168809],[-98.382016396,20.891070901],[-98.381991327,20.891005477],[-98.381940991,20.890881829],[-98.381788019,20.890726934],[-98.381564305,20.890494728],[-98.381418606,20.890354413],[-98.381306123,20.890261704],[-98.381242463,20.890206171],[-98.381209055,20.89016576],[-98.381189555,20.890035641],[-98.381167191,20.889869436],[-98.381129217,20.889713667],[-98.381117861,20.889565733],[-98.381124591,20.889457843],[-98.381150373,20.889354008],[-98.38119167,20.889243338],[-98.37978555,20.889495245],[-98.379688986,20.889428127],[-98.379653361,20.889327637],[-98.379684053,20.889136279],[-98.379691912,20.8889864],[-98.379729475,20.888872039],[-98.379812239,20.888739543],[-98.37990404,20.888460796],[-98.379933151,20.888328228],[-98.380120345,20.887313093],[-98.380508399,20.885820277],[-98.380785677,20.885242308],[-98.380910276,20.884982585],[-98.381035154,20.884493296],[-98.381152671,20.884032854],[-98.381310924,20.884228692],[-98.382122002,20.885069505],[-98.382191015,20.885082046],[-98.382264031,20.885076754],[-98.382356046,20.885075338],[-98.382387221,20.885082376],[-98.382453636,20.885063781],[-98.382519022,20.885026435],[-98.38258836,20.884956047],[-98.38261864,20.88485592],[-98.382626327,20.884740852],[-98.382633938,20.884628663],[-98.382661759,20.884563054],[-98.382698462,20.88450918],[-98.3827596,20.884458766],[-98.382836893,20.884434667],[-98.382927431,20.884431051],[-98.38301743,20.88444759],[-98.383155755,20.884491207],[-98.383247131,20.884513543],[-98.383323766,20.884513919],[-98.38341231,20.884527543],[-98.383498897,20.884556967],[-98.383754435,20.884688359],[-98.383932501,20.884793424],[-98.384069821,20.884874473],[-98.38413527,20.88489187],[-98.38420314,20.884876191],[-98.384263929,20.884838735],[-98.384318976,20.884786736],[-98.384342007,20.884728215],[-98.384334747,20.884656012],[-98.384292098,20.884588732],[-98.384215629,20.884524972],[-98.384088659,20.88440095],[-98.384024408,20.884338921],[-98.383988917,20.884290538],[-98.383960866,20.884193352],[-98.38398149,20.884110284],[-98.38405971,20.88405163],[-98.384121335,20.884040126],[-98.384310494,20.884070263],[-98.384506569,20.884101062],[-98.384583231,20.884100477],[-98.384702154,20.884048077],[-98.385185611,20.883755757],[-98.38521008,20.88374096],[-98.385212709,20.883739371],[-98.385237137,20.883724601],[-98.385431723,20.883613955],[-98.385858784,20.883407985],[-98.386784768,20.882889678],[-98.386837508,20.882828492],[-98.38715663,20.882646369],[-98.387237199,20.882595463],[-98.387350062,20.882578924],[-98.387435785,20.882525724],[-98.387583615,20.882538831],[-98.387767669,20.882509352],[-98.388002863,20.882484667],[-98.387938474,20.882599353],[-98.387936737,20.882664141],[-98.387990785,20.882744654],[-98.388134626,20.88290653],[-98.388255553,20.883065461],[-98.388301493,20.883162589],[-98.388311428,20.883268472],[-98.388274011,20.883330014],[-98.388219429,20.883364738],[-98.388300929,20.88348864],[-98.388335766,20.883561495],[-98.388332459,20.883627687],[-98.388302184,20.883727815],[-98.388169776,20.884149666],[-98.388046457,20.88451843],[-98.387884181,20.884910763],[-98.387658968,20.885363553],[-98.387419988,20.885700766],[-98.387245154,20.885814719],[-98.38706198,20.885938117],[-98.386800554,20.886159547],[-98.386718464,20.886286299],[-98.38650213,20.886617325],[-98.386265995,20.887000704],[-98.386522899,20.887022938],[-98.386900661,20.889048739],[-98.386754553,20.889066877],[-98.386643723,20.889102678],[-98.386544768,20.889172369],[-98.386463169,20.889261677],[-98.386221138,20.891808277],[-98.388941887,20.893509458],[-98.388885195,20.89352817],[-98.388821252,20.893549707],[-98.388727914,20.893600321],[-98.388640859,20.893645321],[-98.388532863,20.893709035],[-98.388408652,20.893767563],[-98.388314291,20.893818153],[-98.388205634,20.893868404],[-98.388125144,20.893897232],[-98.388041975,20.893911591],[-98.388109088,20.893980766],[-98.38818007,20.894001656],[-98.38831096,20.894027563],[-98.388448845,20.894082],[-98.388492469,20.894071478],[-98.388555005,20.894026137],[-98.388628935,20.893984667],[-98.38873928,20.893966869],[-98.388884944,20.894013536],[-98.388948073,20.894041442],[-98.38894883,20.894245108],[-98.38895088,20.896248695],[-98.388885953,20.896526283],[-98.388806132,20.896644447],[-98.388673499,20.896707338],[-98.38850114,20.896703258],[-98.388361662,20.89666394],[-98.388216606,20.896594478],[-98.388057658,20.896566705],[-98.387910833,20.896563229],[-98.387820497,20.896597107],[-98.387706933,20.89666345],[-98.387507836,20.896829056],[-98.38752411,20.896875286],[-98.387534875,20.896931247],[-98.387529244,20.896988739],[-98.387519015,20.89706533],[-98.387519153,20.897136405],[-98.38752542,20.897207626],[-98.387536031,20.897269345],[-98.387555275,20.897313979],[-98.387588665,20.897364713],[-98.387636302,20.897417704],[-98.387717688,20.897507989],[-98.387783453,20.897571014],[-98.387822714,20.897631491],[-98.387835367,20.897693257],[-98.387838218,20.897739425],[-98.387833345,20.897844958],[-98.387816626,20.897934843],[-98.387808079,20.89802492],[-98.387814759,20.898080784],[-98.387827926,20.898123354],[-98.387863101,20.898183734],[-98.386877828,20.898586455],[-98.386820512,20.89883721],[-98.386663164,20.899388135],[-98.38654079,20.899720908],[-98.386460222,20.899981197],[-98.386408491,20.900080818],[-98.386318071,20.900193928],[-98.386157963,20.900347367],[-98.385550053,20.899234235],[-98.385494363,20.899100375],[-98.385461146,20.898967049],[-98.385402866,20.898777423],[-98.385302064,20.898496511],[-98.385202704,20.898161848],[-98.385161265,20.898030247],[-98.385098161,20.897944234],[-98.38497537,20.897797261]]]]},"properties":{"locality":"Santa Teresa","municipality":null,"official_key":"130800017","CVE_ENT":"13","CVE_MUN":"080","CVE_LOC":"0017","ambito":"URBANO","geometry_kind":"locality","source":"INEGI Gaia — Servicio vectorial del Marco Geoestadístico"}},{"type":"Feature","geometry":{"type":"MultiPolygon","crs":{"type":"name","properties":{"name":"EPSG:6365"}},"coordinates":[[[[-98.357346175,20.923760756],[-98.357281787,20.923897285],[-98.35723934,20.924049344],[-98.357189293,20.924246242],[-98.357194247,20.924417441],[-98.357221712,20.924583175],[-98.357233103,20.924634471],[-98.35721863,20.924697155],[-98.357159137,20.924770771],[-98.357083601,20.924847004],[-98.356928739,20.924903336],[-98.356766681,20.92498951],[-98.356273471,20.925271875],[-98.356050187,20.925377596],[-98.355885259,20.925451694],[-98.355765688,20.925494854],[-98.355646432,20.92560051],[-98.355584738,20.925689319],[-98.355571077,20.925740857],[-98.355561347,20.925798252],[-98.355563823,20.92585786],[-98.355594385,20.925937347],[-98.355752081,20.926381],[-98.355864062,20.926700625],[-98.355860409,20.926760086],[-98.355837004,20.926814705],[-98.355803377,20.926848478],[-98.355763985,20.926868668],[-98.355698394,20.926874785],[-98.355639297,20.926867611],[-98.355534347,20.926817083],[-98.355340153,20.926664535],[-98.35514821,20.926504358],[-98.354970208,20.926357959],[-98.354857501,20.926291877],[-98.354685802,20.926214781],[-98.354470722,20.926134325],[-98.354250252,20.926127421],[-98.354057564,20.926164838],[-98.353912845,20.926200399],[-98.35385776,20.926229097],[-98.353762093,20.926340865],[-98.353617561,20.926487483],[-98.353574598,20.926540483],[-98.353503063,20.926586797],[-98.353366946,20.92665858],[-98.353169685,20.92674691],[-98.352959653,20.926834935],[-98.352482122,20.927009612],[-98.352262673,20.927091408],[-98.352141842,20.927189626],[-98.352016041,20.927323401],[-98.351976896,20.927372755],[-98.351986289,20.9272933],[-98.352110966,20.926992776],[-98.35215878,20.92692654],[-98.3520211,20.926913792],[-98.351842664,20.926934498],[-98.351669593,20.927059062],[-98.351541041,20.927125141],[-98.351382673,20.927159774],[-98.351316212,20.927170913],[-98.351317921,20.927206498],[-98.351215259,20.927378967],[-98.350986704,20.927372302],[-98.350949587,20.927280171],[-98.350860325,20.927274829],[-98.350837762,20.927257087],[-98.350824192,20.927208633],[-98.350777174,20.927040737],[-98.351183832,20.926935204],[-98.351237039,20.92688773],[-98.351343095,20.926763729],[-98.351399144,20.926723049],[-98.351522842,20.926685187],[-98.351622383,20.926689967],[-98.351715041,20.926673095],[-98.351752048,20.926636308],[-98.351787713,20.92658479],[-98.35180611,20.92653325],[-98.351818234,20.926519489],[-98.351851865,20.926457263],[-98.351884683,20.926425031],[-98.352052725,20.926354013],[-98.352194902,20.926294381],[-98.352302367,20.926218913],[-98.352368816,20.926124455],[-98.352460481,20.926042606],[-98.3528609,20.925884096],[-98.353139172,20.925791807],[-98.353199984,20.925735633],[-98.353336707,20.925669748],[-98.35354798,20.925596993],[-98.353872381,20.925503772],[-98.354107997,20.925439411],[-98.354226669,20.925391878],[-98.354407078,20.925327351],[-98.354562119,20.925271525],[-98.354660346,20.925118985],[-98.354832352,20.9248825],[-98.355030839,20.924645972],[-98.355103676,20.924592711],[-98.355131494,20.924573428],[-98.35521027,20.924552258],[-98.355352457,20.924510993],[-98.355413273,20.924473547],[-98.355461828,20.924435808],[-98.355533043,20.924183949],[-98.355710799,20.924018194],[-98.355839609,20.923904574],[-98.355990521,20.923710804],[-98.356119686,20.923505049],[-98.356186696,20.923441952],[-98.356240386,20.923370594],[-98.356288337,20.923298505],[-98.356520301,20.923084339],[-98.3565289,20.923078722],[-98.356716244,20.922956347],[-98.356700529,20.923006601],[-98.356674667,20.923312523],[-98.356738847,20.923656217],[-98.356794913,20.923641868],[-98.3571964,20.923348909],[-98.357251179,20.923434848],[-98.357346175,20.923760756]]]]},"properties":{"locality":"Tamalcuatitla","municipality":null,"official_key":"130800018","CVE_ENT":"13","CVE_MUN":"080","CVE_LOC":"0018","ambito":"RURAL","geometry_kind":"locality","source":"INEGI Gaia — Servicio vectorial del Marco Geoestadístico"}},{"type":"Feature","geometry":{"type":"MultiPolygon","crs":{"type":"name","properties":{"name":"EPSG:6365"}},"coordinates":[[[[-98.362729235,20.883052613],[-98.362904952,20.882809059],[-98.363209428,20.883005401],[-98.363318506,20.882986991],[-98.36350995,20.883111607],[-98.363733714,20.883221987],[-98.364049143,20.883367566],[-98.36415466,20.88348113],[-98.364304904,20.883475706],[-98.364402699,20.883757159],[-98.364425722,20.88385075],[-98.364416265,20.883964575],[-98.36439751,20.884186226],[-98.364430584,20.884499153],[-98.36426253,20.884336078],[-98.364239102,20.884257485],[-98.364196686,20.884172437],[-98.36414413,20.884108157],[-98.364065636,20.884058265],[-98.363905943,20.883940409],[-98.363619215,20.883756815],[-98.363539177,20.883706446],[-98.363377528,20.883616349],[-98.362559549,20.883717322],[-98.36264209,20.883754406],[-98.362718102,20.883815765],[-98.362978567,20.883858471],[-98.36308131,20.883989616],[-98.363213545,20.884315471],[-98.363331719,20.884556474],[-98.363415746,20.884623786],[-98.363548795,20.884692266],[-98.363597529,20.884779866],[-98.363591579,20.884848875],[-98.363565152,20.884919316],[-98.363531019,20.884972287],[-98.363450012,20.885020298],[-98.363321586,20.885007633],[-98.363211592,20.88496806],[-98.363151591,20.884898966],[-98.363094769,20.884791744],[-98.363026126,20.884683002],[-98.362924748,20.8845735],[-98.362756316,20.884534164],[-98.362455754,20.88452082],[-98.362248576,20.884458751],[-98.361832183,20.884223769],[-98.36162034,20.88407635],[-98.361422672,20.883903081],[-98.36134389,20.883811883],[-98.361335266,20.883733883],[-98.361413352,20.883483461],[-98.361181008,20.883358869],[-98.360957336,20.883367351],[-98.360497385,20.883149293],[-98.360412388,20.883111844],[-98.360478843,20.883016187],[-98.360436605,20.882971959],[-98.360698243,20.882744097],[-98.36061947,20.882680991],[-98.360648022,20.882631448],[-98.360743107,20.882565424],[-98.361000596,20.882429768],[-98.361086219,20.882409052],[-98.361217526,20.882377283],[-98.361297453,20.882338984],[-98.361264111,20.882269905],[-98.361326133,20.881940998],[-98.361471535,20.881551812],[-98.361515066,20.881581019],[-98.361677362,20.881689912],[-98.361845686,20.881886087],[-98.361940744,20.881965111],[-98.361948819,20.882044539],[-98.36205744,20.882090348],[-98.362268216,20.882232234],[-98.362195652,20.882364963],[-98.362367612,20.882525133],[-98.362278146,20.882683302],[-98.36229778,20.882748004],[-98.362343259,20.882814632],[-98.36245295,20.882861495],[-98.362729235,20.883052613]]]]},"properties":{"locality":"Tenamaxtepec","municipality":null,"official_key":"130800019","CVE_ENT":"13","CVE_MUN":"080","CVE_LOC":"0019","ambito":"RURAL","geometry_kind":"locality","source":"INEGI Gaia — Servicio vectorial del Marco Geoestadístico"}},{"type":"Feature","geometry":{"type":"MultiPolygon","crs":{"type":"name","properties":{"name":"EPSG:6365"}},"coordinates":[[[[-98.342698555,20.902710349],[-98.342648576,20.902383492],[-98.342597901,20.902355916],[-98.342523592,20.902204156],[-98.342205216,20.902061754],[-98.341802244,20.901852061],[-98.341787471,20.901842398],[-98.341746891,20.901893399],[-98.341699231,20.901923797],[-98.341655323,20.901942814],[-98.341558054,20.901954521],[-98.34145251,20.901943333],[-98.34134659,20.901921889],[-98.341446437,20.901568364],[-98.341474423,20.901525815],[-98.341537768,20.901422015],[-98.341469155,20.901384098],[-98.340925389,20.901107674],[-98.340758255,20.900995616],[-98.340721478,20.900938549],[-98.340719943,20.900899505],[-98.340718884,20.900896698],[-98.340718497,20.900842732],[-98.340725445,20.900809678],[-98.340827121,20.900325989],[-98.340883832,20.90005621],[-98.340929416,20.899804261],[-98.340967773,20.899705698],[-98.341017843,20.89966848],[-98.3410819,20.899643124],[-98.341147114,20.899650451],[-98.341199757,20.899669001],[-98.341231191,20.899715855],[-98.34125563,20.89979118],[-98.341267108,20.899837309],[-98.341297431,20.899925477],[-98.341326815,20.900007893],[-98.341371276,20.900136432],[-98.34139705,20.90016631],[-98.341411861,20.900139671],[-98.341505156,20.900091485],[-98.341600836,20.900002537],[-98.34167298,20.899933434],[-98.341732354,20.899837394],[-98.34189198,20.899774229],[-98.341925255,20.899790874],[-98.341996878,20.900008606],[-98.342194248,20.90004341],[-98.342235078,20.899926558],[-98.342285843,20.899890547],[-98.342330756,20.899866944],[-98.342472131,20.899828026],[-98.34259117,20.89983793],[-98.342778341,20.899908697],[-98.342844958,20.899997729],[-98.342943135,20.900140401],[-98.343023176,20.900284747],[-98.343094206,20.900288757],[-98.343442527,20.900258687],[-98.343504824,20.900373512],[-98.343501126,20.900509805],[-98.343424992,20.900697964],[-98.343344521,20.900788177],[-98.343225563,20.900874683],[-98.343254111,20.900881696],[-98.34339479,20.900964725],[-98.343414284,20.900982212],[-98.343619847,20.901126522],[-98.343687472,20.901233311],[-98.343796648,20.901503889],[-98.343833883,20.901713677],[-98.343830475,20.901782747],[-98.343881576,20.901855328],[-98.343900486,20.901949425],[-98.343978399,20.902016122],[-98.344026975,20.902146945],[-98.344008929,20.902303545],[-98.343997539,20.902327762],[-98.343943577,20.902372768],[-98.343895297,20.902386618],[-98.343863915,20.902384876],[-98.343835717,20.902378735],[-98.343767055,20.902346732],[-98.343772715,20.902364155],[-98.343726462,20.902652336],[-98.343246002,20.902621894],[-98.343213573,20.902630481],[-98.343172737,20.902638147],[-98.34311456,20.902691027],[-98.342952992,20.902797365],[-98.34290801,20.902788363],[-98.342725048,20.902722751],[-98.342698555,20.902710349]]]]},"properties":{"locality":"Tepehixpa","municipality":null,"official_key":"130800020","CVE_ENT":"13","CVE_MUN":"080","CVE_LOC":"0020","ambito":"RURAL","geometry_kind":"locality","source":"INEGI Gaia — Servicio vectorial del Marco Geoestadístico"}},{"type":"Feature","geometry":{"type":"MultiPolygon","crs":{"type":"name","properties":{"name":"EPSG:6365"}},"coordinates":[[[[-98.384738973,20.959507898],[-98.385026961,20.959707529],[-98.385522557,20.959967305],[-98.385845316,20.960171124],[-98.386215055,20.960357964],[-98.386677999,20.960565453],[-98.386822903,20.960642204],[-98.386940606,20.960361652],[-98.38704638,20.960135084],[-98.387255167,20.959921837],[-98.387465628,20.959743767],[-98.387592836,20.959642181],[-98.388204609,20.959855991],[-98.388205087,20.959834715],[-98.388326333,20.959698316],[-98.388422848,20.959483293],[-98.38870181,20.959581058],[-98.388613073,20.960095448],[-98.388555408,20.960207756],[-98.38845062,20.960308312],[-98.388356002,20.960381883],[-98.38813612,20.960560131],[-98.387911982,20.960758448],[-98.387584092,20.961052704],[-98.38789346,20.961265575],[-98.387970816,20.961316895],[-98.388379303,20.961694877],[-98.388133286,20.961921924],[-98.387943121,20.96188586],[-98.387723468,20.962031256],[-98.387743219,20.962051631],[-98.387758709,20.962213582],[-98.387196981,20.962287947],[-98.387028475,20.962220559],[-98.386891002,20.962235418],[-98.38657729,20.962117684],[-98.386009885,20.961885265],[-98.385946484,20.961851806],[-98.385941685,20.962002047],[-98.385976626,20.962128935],[-98.386027763,20.962223792],[-98.386029856,20.962288674],[-98.386030736,20.962344546],[-98.386007768,20.962423012],[-98.385911559,20.962654959],[-98.385878795,20.962710501],[-98.385815071,20.962794297],[-98.385728163,20.962902675],[-98.385639563,20.962967835],[-98.385512718,20.962979238],[-98.385368546,20.962921798],[-98.385243541,20.962847617],[-98.385113494,20.962770962],[-98.384953377,20.962698492],[-98.384828788,20.962636599],[-98.384681032,20.96257765],[-98.38455777,20.96256092],[-98.384450808,20.962575457],[-98.384341356,20.962611179],[-98.384243192,20.962715778],[-98.384149652,20.962860753],[-98.384066433,20.962984112],[-98.383934947,20.963073159],[-98.383825571,20.963133587],[-98.383686818,20.963171622],[-98.383528666,20.963198534],[-98.383209474,20.963192941],[-98.383034639,20.963171025],[-98.382881309,20.963149347],[-98.382723107,20.963123912],[-98.382563045,20.963087045],[-98.382397086,20.963041934],[-98.382342295,20.963048015],[-98.382292674,20.963058213],[-98.382145309,20.963127316],[-98.381946444,20.963297889],[-98.381783692,20.963361263],[-98.381642214,20.963393928],[-98.381506619,20.963397918],[-98.381318922,20.963343044],[-98.381166928,20.963291417],[-98.380953082,20.963220756],[-98.380705066,20.963234174],[-98.380801457,20.963063149],[-98.380919108,20.962918265],[-98.381327304,20.962615789],[-98.381495438,20.962494912],[-98.381615735,20.96248936],[-98.381699473,20.962464932],[-98.381857062,20.962355812],[-98.382007871,20.962139524],[-98.382063398,20.962065491],[-98.381959627,20.961978593],[-98.381507849,20.961696468],[-98.381680322,20.961421561],[-98.381791049,20.961215199],[-98.381935254,20.960973758],[-98.382012653,20.96090932],[-98.382354767,20.961066135],[-98.382446571,20.961119112],[-98.382569583,20.961009844],[-98.382680086,20.960915055],[-98.382786251,20.960852561],[-98.38308966,20.960673092],[-98.383446988,20.960463306],[-98.383450066,20.960409862],[-98.383465351,20.960299959],[-98.383477724,20.960259927],[-98.383536521,20.960093238],[-98.38366584,20.959799155],[-98.38382524,20.95957482],[-98.38395322,20.959467706],[-98.384254442,20.959631602],[-98.384273397,20.959644793],[-98.384478287,20.959387183],[-98.384738973,20.959507898]]]]},"properties":{"locality":"Tepetitla","municipality":null,"official_key":"130800021","CVE_ENT":"13","CVE_MUN":"080","CVE_LOC":"0021","ambito":"RURAL","geometry_kind":"locality","source":"INEGI Gaia — Servicio vectorial del Marco Geoestadístico"}},{"type":"Feature","geometry":{"type":"MultiPolygon","crs":{"type":"name","properties":{"name":"EPSG:6365"}},"coordinates":[[[[-98.357321909,20.922294007],[-98.357425171,20.922104381],[-98.357462172,20.922059163],[-98.357490216,20.922016181],[-98.357506132,20.921983376],[-98.35749678,20.921875581],[-98.357486151,20.921734121],[-98.357486722,20.921695365],[-98.35747139,20.921621236],[-98.357452988,20.921564611],[-98.357394425,20.921500339],[-98.357256377,20.921218513],[-98.357210825,20.920540309],[-98.357220994,20.920353263],[-98.357109366,20.919661475],[-98.357331164,20.919605264],[-98.357497477,20.91974898],[-98.357563783,20.919858378],[-98.357572333,20.91992941],[-98.357581244,20.920053521],[-98.357601114,20.920169249],[-98.357623491,20.920249021],[-98.35764022,20.920367555],[-98.357695437,20.920423619],[-98.357771369,20.92050755],[-98.357816848,20.92058355],[-98.357850301,20.920650619],[-98.357903558,20.920722484],[-98.357926363,20.920786418],[-98.357954156,20.920859702],[-98.357987477,20.920851266],[-98.358065178,20.920906261],[-98.358387231,20.920872938],[-98.35845822,20.920850974],[-98.358663371,20.920749259],[-98.358793672,20.920674957],[-98.359025325,20.920606136],[-98.359255162,20.920555432],[-98.359532615,20.920457585],[-98.359601179,20.920418251],[-98.35978593,20.920273693],[-98.359933856,20.920083439],[-98.360171859,20.919906848],[-98.360733521,20.919567633],[-98.360841124,20.919534228],[-98.360879543,20.919522301],[-98.360951471,20.919506641],[-98.360997247,20.919502908],[-98.361031993,20.919459085],[-98.361101049,20.919400224],[-98.36122669,20.919272329],[-98.361345666,20.919125095],[-98.361905815,20.918610202],[-98.362070049,20.918443037],[-98.362093934,20.918386581],[-98.362084162,20.918275296],[-98.362113039,20.91826575],[-98.362832355,20.918291195],[-98.362884143,20.918318277],[-98.362991054,20.918239186],[-98.363045565,20.918113226],[-98.363074888,20.918068304],[-98.363443071,20.917966626],[-98.363592361,20.917926963],[-98.363693321,20.917878946],[-98.363796003,20.917672495],[-98.36388103,20.917552064],[-98.363945459,20.917531989],[-98.363991493,20.917530685],[-98.364054951,20.917546603],[-98.364117697,20.917588917],[-98.363980201,20.91827475],[-98.363507541,20.918602047],[-98.363166722,20.919015321],[-98.362894412,20.919588703],[-98.362557978,20.919555473],[-98.362470047,20.919830706],[-98.362358077,20.919860453],[-98.362242666,20.91987571],[-98.362138164,20.919912838],[-98.361847933,20.92001397],[-98.361755558,20.920091504],[-98.361651823,20.920178574],[-98.361481943,20.920365413],[-98.361424768,20.920543646],[-98.361405477,20.920632077],[-98.361362937,20.920759786],[-98.361267814,20.9209148],[-98.361132153,20.920984709],[-98.360910221,20.921027897],[-98.360904556,20.921153863],[-98.360820267,20.921252592],[-98.360718625,20.921268896],[-98.360623869,20.921314179],[-98.360558032,20.921367355],[-98.360487636,20.921418981],[-98.360407332,20.921440117],[-98.360253239,20.921468137],[-98.360155846,20.921497509],[-98.360026364,20.921579421],[-98.359962876,20.921602398],[-98.359910426,20.921614113],[-98.359897634,20.921622701],[-98.359797574,20.921689877],[-98.35976275,20.921718769],[-98.359559032,20.921859038],[-98.359354611,20.922047212],[-98.359179134,20.922185653],[-98.359109648,20.922260351],[-98.359050089,20.922310034],[-98.358989759,20.922291786],[-98.358919794,20.922289637],[-98.358784846,20.922308988],[-98.358709245,20.922288455],[-98.358621799,20.922252274],[-98.358510065,20.922188138],[-98.358450743,20.922170395],[-98.358428359,20.922166499],[-98.358386246,20.922192867],[-98.358327766,20.922238534],[-98.358261633,20.922264809],[-98.358192572,20.922267003],[-98.35809518,20.922258436],[-98.357923792,20.922207764],[-98.357830075,20.922176714],[-98.357732691,20.922371581],[-98.357576055,20.922685014],[-98.357405792,20.922877932],[-98.357380963,20.922906064],[-98.357337806,20.923238101],[-98.3571964,20.923348909],[-98.356794913,20.923641868],[-98.356738847,20.923656217],[-98.356674667,20.923312523],[-98.356700529,20.923006601],[-98.356716244,20.922956347],[-98.356739135,20.922902468],[-98.356812963,20.922742875],[-98.356875485,20.922623351],[-98.356927602,20.922586176],[-98.357014349,20.922553671],[-98.35709921,20.922515357],[-98.357191444,20.922431119],[-98.357321909,20.922294007]]]]},"properties":{"locality":"Tetla","municipality":null,"official_key":"130800022","CVE_ENT":"13","CVE_MUN":"080","CVE_LOC":"0022","ambito":"RURAL","geometry_kind":"locality","source":"INEGI Gaia — Servicio vectorial del Marco Geoestadístico"}},{"type":"Feature","geometry":{"type":"MultiPolygon","crs":{"type":"name","properties":{"name":"EPSG:6365"}},"coordinates":[[[[-98.392273471,20.975494115],[-98.392387773,20.975351615],[-98.392925842,20.974651189],[-98.393148676,20.9736756],[-98.393414185,20.973425615],[-98.393762969,20.973152693],[-98.394204785,20.972802185],[-98.394534368,20.97262897],[-98.3953094,20.972314709],[-98.395914522,20.972075385],[-98.396279585,20.971972724],[-98.396626585,20.971913585],[-98.396921584,20.971839354],[-98.397179461,20.971719538],[-98.397323046,20.971572477],[-98.397481645,20.971244385],[-98.397702308,20.970763077],[-98.397781185,20.970607031],[-98.397896892,20.970378093],[-98.398063154,20.9701524],[-98.3983214,20.969938678],[-98.398572231,20.969792001],[-98.398701215,20.969718662],[-98.399170831,20.969391663],[-98.399315337,20.969249062],[-98.399534631,20.968944662],[-98.399966629,20.96857576],[-98.400546764,20.968412402],[-98.401197663,20.968517684],[-98.401624213,20.968700442],[-98.402102601,20.96875543],[-98.402616154,20.968760677],[-98.403163369,20.968715323],[-98.403786597,20.968676434],[-98.404342017,20.968885548],[-98.40504192,20.969265645],[-98.405540658,20.969469578],[-98.404786096,20.970507808],[-98.40463043,20.970553078],[-98.404161677,20.970336139],[-98.404105722,20.970310246],[-98.4037516,20.970129586],[-98.40325923,20.969752815],[-98.403082491,20.969579278],[-98.402864768,20.969863831],[-98.40255303,20.97049795],[-98.402213646,20.971226416],[-98.40204709,20.97143314],[-98.401948879,20.971556341],[-98.401790599,20.97176348],[-98.40164823,20.971949815],[-98.401182568,20.972577816],[-98.402266922,20.973438586],[-98.401761891,20.974136155],[-98.401555662,20.974040215],[-98.400676323,20.974865893],[-98.400116461,20.975374292],[-98.39987303,20.975338077],[-98.399249863,20.974875142],[-98.399130954,20.974953176],[-98.398853033,20.974690706],[-98.39791139,20.975690042],[-98.397134981,20.976527404],[-98.396240554,20.977419859],[-98.39537563,20.978349875],[-98.395331462,20.978363269],[-98.394972402,20.97806623],[-98.39509113,20.977822771],[-98.394706314,20.977526184],[-98.394451669,20.97753408],[-98.394328613,20.97749978],[-98.394242981,20.977381122],[-98.394140463,20.977251484],[-98.393715741,20.976887995],[-98.39333127,20.976607891],[-98.393198176,20.976460464],[-98.392918667,20.976130238],[-98.392601433,20.97572452],[-98.392273471,20.975494115]]]]},"properties":{"locality":"Tlalchiyahualica","municipality":null,"official_key":"130800023","CVE_ENT":"13","CVE_MUN":"080","CVE_LOC":"0023","ambito":"RURAL","geometry_kind":"locality","source":"INEGI Gaia — Servicio vectorial del Marco Geoestadístico"}},{"type":"Feature","geometry":{"type":"MultiPolygon","crs":{"type":"name","properties":{"name":"EPSG:6365"}},"coordinates":[[[[-98.355304269,20.8993381],[-98.355127659,20.899326558],[-98.355059783,20.899323596],[-98.354934333,20.89932829],[-98.354797308,20.899357664],[-98.354644242,20.899412623],[-98.354498469,20.899465694],[-98.354392968,20.899503655],[-98.354219152,20.899543051],[-98.354083502,20.8995607],[-98.353987613,20.899570382],[-98.353852819,20.89958206],[-98.353655321,20.899613631],[-98.353459562,20.899661555],[-98.353316849,20.899681453],[-98.353182956,20.899725121],[-98.353015394,20.899723037],[-98.352773303,20.899755669],[-98.352673049,20.899759035],[-98.352594159,20.899728336],[-98.352344228,20.899597504],[-98.352261184,20.899493713],[-98.35215607,20.899299113],[-98.352059714,20.899158506],[-98.351995379,20.899119757],[-98.351904322,20.899027763],[-98.352066288,20.898821299],[-98.352196092,20.898727531],[-98.353207464,20.899074324],[-98.353514309,20.899173141],[-98.353917395,20.899265574],[-98.354698064,20.899117399],[-98.354748214,20.899109563],[-98.354855871,20.899092743],[-98.355077772,20.899048198],[-98.355135936,20.899016786],[-98.355249066,20.898921164],[-98.355038671,20.898756298],[-98.35489603,20.898652803],[-98.354735681,20.898577902],[-98.354483794,20.898450158],[-98.354107482,20.898247391],[-98.353764581,20.898153056],[-98.353749809,20.898150192],[-98.353513151,20.898085018],[-98.353331014,20.898017276],[-98.353227482,20.897934125],[-98.353150496,20.897847214],[-98.353159708,20.897719288],[-98.353220694,20.89761846],[-98.353299442,20.897541106],[-98.353369009,20.897519718],[-98.353478683,20.897489203],[-98.353563447,20.897418497],[-98.353583905,20.897330515],[-98.353582672,20.897262775],[-98.353569974,20.897222133],[-98.353537749,20.897166618],[-98.353525129,20.897123096],[-98.353526181,20.897084224],[-98.353547774,20.897022792],[-98.35362814,20.89678972],[-98.35409536,20.896938777],[-98.354397206,20.897115025],[-98.354936741,20.897496723],[-98.355375664,20.897668561],[-98.356357381,20.898026238],[-98.35682307,20.898191027],[-98.356898569,20.898271586],[-98.356931428,20.898341522],[-98.356941868,20.898409001],[-98.356939688,20.898489626],[-98.356880881,20.898547769],[-98.356920497,20.898592265],[-98.357047036,20.898637305],[-98.357213204,20.898752322],[-98.357279099,20.898795914],[-98.357474806,20.898881623],[-98.357533993,20.898937061],[-98.357631887,20.898978416],[-98.357756967,20.899077445],[-98.35784937,20.89914457],[-98.357904813,20.899199208],[-98.357961919,20.899241869],[-98.358039476,20.899284059],[-98.35812378,20.899379233],[-98.358119304,20.899396437],[-98.357895829,20.899477486],[-98.357788674,20.899528232],[-98.357741294,20.89952278],[-98.357668415,20.899496549],[-98.35758929,20.899474491],[-98.357479057,20.899468978],[-98.357300397,20.899499289],[-98.357185217,20.899506624],[-98.357073723,20.899490996],[-98.357034511,20.899484766],[-98.35700107,20.899477413],[-98.356658743,20.899416723],[-98.356441086,20.899374403],[-98.356314926,20.89935758],[-98.356313211,20.899577694],[-98.356274046,20.899848827],[-98.35534494,20.899868337],[-98.355304269,20.8993381]]]]},"properties":{"locality":"Xóchitl","municipality":null,"official_key":"130800024","CVE_ENT":"13","CVE_MUN":"080","CVE_LOC":"0024","ambito":"RURAL","geometry_kind":"locality","source":"INEGI Gaia — Servicio vectorial del Marco Geoestadístico"}},{"type":"Feature","geometry":{"type":"MultiPolygon","crs":{"type":"name","properties":{"name":"EPSG:6365"}},"coordinates":[[[[-98.425359056,20.877538694],[-98.425434742,20.877690291],[-98.425345488,20.877741984],[-98.425212652,20.877780169],[-98.425228919,20.877821848],[-98.425230659,20.877871831],[-98.425199235,20.877939283],[-98.425127643,20.877942464],[-98.425114317,20.877943055],[-98.425070577,20.877935864],[-98.42495763,20.877917295],[-98.424679127,20.877822411],[-98.424485033,20.87774295],[-98.424409132,20.877720965],[-98.424264975,20.877679207],[-98.424263765,20.877678516],[-98.424011631,20.877534208],[-98.423930784,20.877487936],[-98.423872132,20.877443004],[-98.423797581,20.877385892],[-98.423674022,20.877281161],[-98.423545666,20.877208282],[-98.423395,20.877109669],[-98.423343592,20.877088086],[-98.423232246,20.877009604],[-98.423136168,20.876933399],[-98.423030848,20.8768589],[-98.422902933,20.876788671],[-98.422790516,20.876752738],[-98.422789446,20.876752397],[-98.422681677,20.876731621],[-98.422418247,20.876723523],[-98.42220897,20.876754152],[-98.422050679,20.876788856],[-98.421928592,20.876845538],[-98.421858639,20.876901522],[-98.421800046,20.876914554],[-98.421748498,20.876893176],[-98.421701646,20.876848859],[-98.421675371,20.876760846],[-98.421678276,20.876651426],[-98.421740921,20.876485784],[-98.421854756,20.876316541],[-98.422088783,20.876007975],[-98.422168663,20.875885955],[-98.422212483,20.875767003],[-98.422216017,20.87575741],[-98.422242868,20.875631265],[-98.422217116,20.875292597],[-98.422185065,20.875114169],[-98.42204567,20.874668152],[-98.421908174,20.874381606],[-98.421652209,20.873977032],[-98.421647493,20.873577392],[-98.421682305,20.873343868],[-98.421681,20.87327757],[-98.421657203,20.873211703],[-98.421591608,20.873065143],[-98.421595536,20.872994165],[-98.421619174,20.872912125],[-98.421625399,20.872831596],[-98.421618679,20.872813098],[-98.421609211,20.872787037],[-98.421658219,20.872557689],[-98.421688767,20.872625581],[-98.421721019,20.872697261],[-98.421741201,20.872742113],[-98.421807664,20.872894456],[-98.42183732,20.87305947],[-98.421846837,20.873112427],[-98.421853403,20.873211503],[-98.421893008,20.873336325],[-98.421950686,20.873434679],[-98.422112458,20.873653605],[-98.4221402,20.873690239],[-98.422180578,20.87374356],[-98.422278911,20.874042632],[-98.422331415,20.874258995],[-98.422557643,20.874782922],[-98.422651243,20.874836979],[-98.422982206,20.874533566],[-98.423195019,20.874793064],[-98.423270256,20.874768897],[-98.423345492,20.874706312],[-98.423472021,20.874674704],[-98.423367922,20.874515717],[-98.423493098,20.874496562],[-98.423556284,20.874464429],[-98.423564648,20.874471853],[-98.423615186,20.874516712],[-98.423693319,20.874653],[-98.423643029,20.874738258],[-98.423644267,20.874749327],[-98.423647945,20.874782201],[-98.423647984,20.874782553],[-98.423539966,20.874809794],[-98.423545764,20.874860832],[-98.423554117,20.874931137],[-98.423555986,20.875014736],[-98.423568523,20.875042883],[-98.423785478,20.874953848],[-98.423886866,20.875022493],[-98.423930547,20.874993744],[-98.424059866,20.875088014],[-98.424118843,20.875099],[-98.424203432,20.875184539],[-98.424239407,20.875215155],[-98.424312121,20.875247592],[-98.424371434,20.875322933],[-98.424415739,20.875321199],[-98.424432811,20.875320531],[-98.424529089,20.875350639],[-98.424552787,20.875425417],[-98.424566806,20.875469653],[-98.424675885,20.875633558],[-98.424695269,20.875711805],[-98.424726589,20.875968398],[-98.42473724,20.876055656],[-98.424727151,20.876186197],[-98.424720124,20.87627711],[-98.424721251,20.876311711],[-98.424727487,20.876316339],[-98.424753319,20.876335512],[-98.424828769,20.876418915],[-98.424911498,20.876417307],[-98.425075169,20.876414125],[-98.425233368,20.876536922],[-98.424862435,20.876998832],[-98.425112564,20.877171267],[-98.425297968,20.877299081],[-98.425259191,20.877373239],[-98.425240913,20.877408191],[-98.425238645,20.877455199],[-98.425359056,20.877538694]]]]},"properties":{"locality":"Xoxolpa","municipality":null,"official_key":"130800025","CVE_ENT":"13","CVE_MUN":"080","CVE_LOC":"0025","ambito":"RURAL","geometry_kind":"locality","source":"INEGI Gaia — Servicio vectorial del Marco Geoestadístico"}},{"type":"Feature","geometry":{"type":"MultiPolygon","crs":{"type":"name","properties":{"name":"EPSG:6365"}},"coordinates":[[[[-98.368451269,20.902655076],[-98.368409867,20.902690768],[-98.368376164,20.902748748],[-98.368156178,20.902757488],[-98.367827994,20.902812381],[-98.367845946,20.902780621],[-98.367623236,20.902659039],[-98.367108294,20.902795889],[-98.366897349,20.902657114],[-98.367495258,20.902164725],[-98.367782028,20.902003087],[-98.367825724,20.901980594],[-98.367917095,20.901923488],[-98.368029406,20.901859718],[-98.368136957,20.901792141],[-98.368243081,20.901730276],[-98.368340639,20.901682687],[-98.368394178,20.901652943],[-98.368463183,20.901619631],[-98.368506012,20.901595835],[-98.368580966,20.901569661],[-98.368624985,20.901555384],[-98.368673764,20.901542298],[-98.368753477,20.901520883],[-98.368856982,20.901503036],[-98.368935505,20.901480431],[-98.369009269,20.901467345],[-98.369108016,20.90144355],[-98.369180589,20.901424515],[-98.369375706,20.901381685],[-98.369432088,20.901379739],[-98.36944709,20.901381684],[-98.369478023,20.901379304],[-98.369513714,20.901375735],[-98.369570822,20.901372166],[-98.369611273,20.901356699],[-98.369645283,20.901340186],[-98.369679087,20.901350752],[-98.369721916,20.901369786],[-98.369767127,20.901419756],[-98.36979568,20.901459016],[-98.369811146,20.901524452],[-98.369783782,20.90157918],[-98.369737383,20.901606543],[-98.369686226,20.901610112],[-98.369630308,20.901627958],[-98.369592236,20.901654132],[-98.369548217,20.90170648],[-98.369525611,20.901733845],[-98.369481591,20.90175526],[-98.369431623,20.901792142],[-98.369385224,20.90184211],[-98.369363809,20.901894459],[-98.369348342,20.901947996],[-98.36932358,20.902002628],[-98.369307874,20.902039747],[-98.369280749,20.902086861],[-98.369246484,20.902119698],[-98.369210793,20.902139685],[-98.369150831,20.902152535],[-98.369079447,20.902151106],[-98.368988075,20.9021611],[-98.368928254,20.902168577],[-98.368869579,20.902186799],[-98.368808189,20.902209641],[-98.368746797,20.902232485],[-98.368693974,20.902251044],[-98.368638294,20.902295303],[-98.36857405,20.902395239],[-98.368526936,20.902463767],[-98.368496955,20.902516592],[-98.368478394,20.902592258],[-98.368451269,20.902655076]]]]},"properties":{"locality":"Zacayahual","municipality":null,"official_key":"130800026","CVE_ENT":"13","CVE_MUN":"080","CVE_LOC":"0026","ambito":"RURAL","geometry_kind":"locality","source":"INEGI Gaia — Servicio vectorial del Marco Geoestadístico"}},{"type":"Feature","geometry":{"type":"MultiPolygon","crs":{"type":"name","properties":{"name":"EPSG:6365"}},"coordinates":[[[[-98.436594775,20.903638121],[-98.436487047,20.903653614],[-98.436351458,20.903708073],[-98.43626193,20.903760006],[-98.436206841,20.903790047],[-98.436073879,20.903914085],[-98.435936481,20.904036931],[-98.435783189,20.904181016],[-98.43560701,20.904320966],[-98.435440015,20.904403503],[-98.435277517,20.904460935],[-98.435087824,20.904532137],[-98.434928871,20.904600455],[-98.434804771,20.904655182],[-98.434707104,20.904724932],[-98.434593259,20.904826718],[-98.434506131,20.904932731],[-98.4344102,20.905081757],[-98.434352953,20.90521728],[-98.434321758,20.905382224],[-98.434316675,20.906008785],[-98.434334656,20.906822948],[-98.434360294,20.907691756],[-98.434373221,20.908361957],[-98.434343285,20.908624176],[-98.434301951,20.908882526],[-98.434262522,20.909068889],[-98.43417158,20.909318877],[-98.434094227,20.909489947],[-98.433821551,20.909944582],[-98.433740651,20.910104764],[-98.433707529,20.910197632],[-98.4336883,20.910344849],[-98.433692913,20.910460208],[-98.43370433,20.910608141],[-98.433787309,20.910948632],[-98.433763583,20.911120956],[-98.433714185,20.91124946],[-98.43362227,20.911391376],[-98.433485052,20.911507023],[-98.433364682,20.911565437],[-98.433240956,20.911605765],[-98.433068386,20.911608935],[-98.433007381,20.911596704],[-98.432870812,20.911543089],[-98.432696888,20.911452585],[-98.432350757,20.911206786],[-98.432113525,20.91104637],[-98.431950523,20.91097773],[-98.431813382,20.91094571],[-98.431727392,20.910937468],[-98.431664273,20.910931418],[-98.431345566,20.910952779],[-98.43113833,20.910962339],[-98.43112039,20.910961392],[-98.431015844,20.910955873],[-98.430844228,20.910923046],[-98.430421476,20.910811502],[-98.430153552,20.910806045],[-98.429819714,20.910819845],[-98.429845399,20.91100773],[-98.429725599,20.911044546],[-98.429764685,20.911160712],[-98.429226309,20.911371416],[-98.429057078,20.911248602],[-98.428828768,20.91134056],[-98.427910607,20.911710368],[-98.427704911,20.911793215],[-98.427676224,20.911712917],[-98.42764782,20.911633407],[-98.427571538,20.911651049],[-98.427478124,20.911672654],[-98.427301769,20.911226462],[-98.427298522,20.911218246],[-98.427238949,20.911245812],[-98.427217028,20.911255956],[-98.427123661,20.911307795],[-98.427041403,20.911374299],[-98.426963072,20.911437295],[-98.42688819,20.911514778],[-98.426660189,20.911729138],[-98.426643878,20.911699077],[-98.426565173,20.911554034],[-98.426448989,20.911310005],[-98.426399751,20.911143178],[-98.426402519,20.911038795],[-98.42643641,20.910917134],[-98.42650548,20.91085214],[-98.426511102,20.91084685],[-98.427195903,20.910607169],[-98.427119702,20.910453317],[-98.427021312,20.910232035],[-98.426852452,20.909921943],[-98.427144319,20.909871871],[-98.427023282,20.909753065],[-98.426908709,20.909584788],[-98.426902232,20.909496175],[-98.426900271,20.909469339],[-98.426848062,20.909270027],[-98.428181914,20.90869258],[-98.428530005,20.908574671],[-98.428668574,20.908552702],[-98.428800054,20.908508959],[-98.428981999,20.908441184],[-98.429075253,20.908248878],[-98.429084331,20.908051003],[-98.429041402,20.907790681],[-98.428918127,20.907524879],[-98.429299977,20.907000776],[-98.430057502,20.906474656],[-98.430305388,20.90608788],[-98.430909121,20.905461668],[-98.431066032,20.905298911],[-98.431139503,20.905212252],[-98.431287595,20.905037574],[-98.431432642,20.904770846],[-98.432813063,20.903445317],[-98.433876659,20.902555693],[-98.434391046,20.903053607],[-98.434650011,20.903261347],[-98.434763496,20.903318023],[-98.434844411,20.903301906],[-98.435068957,20.903217112],[-98.435233645,20.903076895],[-98.435333881,20.902909961],[-98.435469924,20.902693442],[-98.435537135,20.902615777],[-98.435711789,20.902533418],[-98.435909996,20.90243],[-98.436077941,20.902311469],[-98.436344025,20.902105188],[-98.436499811,20.902011583],[-98.436552655,20.901997809],[-98.436588576,20.901988445],[-98.43672954,20.90202055],[-98.436842263,20.902106019],[-98.436892937,20.902218851],[-98.436916251,20.902366455],[-98.436905617,20.902464056],[-98.43684521,20.902574295],[-98.436754064,20.902687417],[-98.436661491,20.902854531],[-98.436629515,20.902904207],[-98.436565468,20.903007158],[-98.436534657,20.903157705],[-98.436541674,20.903327144],[-98.436555877,20.903514758],[-98.436594775,20.903638121]]]]},"properties":{"locality":"Zoquitipán","municipality":null,"official_key":"130800027","CVE_ENT":"13","CVE_MUN":"080","CVE_LOC":"0027","ambito":"RURAL","geometry_kind":"locality","source":"INEGI Gaia — Servicio vectorial del Marco Geoestadístico"}},{"type":"Feature","geometry":{"type":"MultiPolygon","crs":{"type":"name","properties":{"name":"EPSG:6365"}},"coordinates":[[[[-98.400378561,20.965290386],[-98.400646396,20.964568751],[-98.401075503,20.964768516],[-98.401126565,20.964540665],[-98.401154026,20.964386197],[-98.401172118,20.964245285],[-98.401235569,20.964141077],[-98.401290824,20.964094335],[-98.401397175,20.964063773],[-98.401610046,20.96400992],[-98.401859312,20.963978356],[-98.401836765,20.964272966],[-98.401983196,20.964344658],[-98.401907027,20.964646965],[-98.402018614,20.964647463],[-98.402030163,20.964694683],[-98.402045449,20.964740204],[-98.402072519,20.964763666],[-98.402116001,20.964765914],[-98.402196049,20.96476069],[-98.402267735,20.964768416],[-98.40244737,20.964806105],[-98.402708856,20.964844673],[-98.402786252,20.964875621],[-98.402883639,20.964974655],[-98.402067359,20.965176731],[-98.40189947,20.965283269],[-98.401670495,20.965381073],[-98.401599015,20.965449046],[-98.401558369,20.965678601],[-98.401506523,20.965912936],[-98.401238508,20.966312186],[-98.401014937,20.966613901],[-98.400954588,20.966507453],[-98.400899601,20.966404764],[-98.400790973,20.966188114],[-98.400683684,20.965988997],[-98.400597063,20.965944442],[-98.400546594,20.965937863],[-98.400382171,20.965561804],[-98.400404751,20.965553933],[-98.400349036,20.965438563],[-98.400378561,20.965290386]]]]},"properties":{"locality":"Acalamatitla","municipality":null,"official_key":"130800028","CVE_ENT":"13","CVE_MUN":"080","CVE_LOC":"0028","ambito":"RURAL","geometry_kind":"locality","source":"INEGI Gaia — Servicio vectorial del Marco Geoestadístico"}},{"type":"Feature","geometry":{"type":"MultiPolygon","crs":{"type":"name","properties":{"name":"EPSG:6365"}},"coordinates":[[[[-98.341960531,20.876617461],[-98.341762861,20.876822093],[-98.341489285,20.876886605],[-98.341021601,20.876367321],[-98.340398818,20.875905673],[-98.340255078,20.87602468],[-98.339799386,20.876417723],[-98.339493645,20.87610137],[-98.339941694,20.875711266],[-98.340132302,20.875541041],[-98.339744081,20.875143017],[-98.339671336,20.874999609],[-98.339633159,20.874900249],[-98.339577077,20.874519537],[-98.339393214,20.874140559],[-98.339181801,20.873835354],[-98.33907941,20.87374886],[-98.339019767,20.873687402],[-98.338406674,20.873310129],[-98.338337017,20.873241229],[-98.338312528,20.873202223],[-98.338316646,20.873144697],[-98.33820361,20.872697788],[-98.338145533,20.872578743],[-98.33830248,20.872146974],[-98.338590505,20.872200633],[-98.33859358,20.87203424],[-98.338598719,20.871977349],[-98.33882939,20.871855629],[-98.33931764,20.871656054],[-98.339663844,20.871513094],[-98.340100232,20.87149935],[-98.340099978,20.871662791],[-98.340085134,20.871786088],[-98.340042473,20.871945934],[-98.339981251,20.872083728],[-98.339979198,20.872159312],[-98.340006603,20.872232],[-98.340091812,20.87239474],[-98.34027594,20.872311979],[-98.340759692,20.872934842],[-98.340768126,20.872930959],[-98.340823676,20.872905889],[-98.341021822,20.872853016],[-98.341131509,20.872906068],[-98.341275844,20.873094411],[-98.341456709,20.873301638],[-98.341641078,20.873520954],[-98.341875193,20.873695842],[-98.342074356,20.873887899],[-98.34221541,20.874008933],[-98.342345048,20.874174112],[-98.342381852,20.874277041],[-98.342393687,20.874405781],[-98.342312946,20.874500367],[-98.342143207,20.874767857],[-98.342134668,20.874800068],[-98.342097278,20.874963402],[-98.342053918,20.875262016],[-98.342013395,20.875343161],[-98.341995743,20.875364282],[-98.341983294,20.875379174],[-98.341894256,20.875433736],[-98.34189461,20.875435],[-98.34196661,20.875691381],[-98.342039216,20.876404796],[-98.341960531,20.876617461]]]]},"properties":{"locality":"Crisolco","municipality":null,"official_key":"130800029","CVE_ENT":"13","CVE_MUN":"080","CVE_LOC":"0029","ambito":"RURAL","geometry_kind":"locality","source":"INEGI Gaia — Servicio vectorial del Marco Geoestadístico"}},{"type":"Feature","geometry":{"type":"MultiPolygon","crs":{"type":"name","properties":{"name":"EPSG:6365"}},"coordinates":[[[[-98.437822461,20.864724212],[-98.437505072,20.864505812],[-98.437385281,20.864404856],[-98.437311919,20.864329533],[-98.437298542,20.86425962],[-98.437346801,20.864160962],[-98.437476139,20.864115691],[-98.437603497,20.864100006],[-98.437670558,20.864067649],[-98.437795719,20.863969079],[-98.437789458,20.863901292],[-98.437802365,20.863756191],[-98.437828854,20.863716482],[-98.438075252,20.863593199],[-98.438324049,20.863516322],[-98.438453972,20.86361561],[-98.4384927,20.863677303],[-98.438554904,20.863815887],[-98.438497492,20.863900217],[-98.438428554,20.86395742],[-98.438228186,20.86429032],[-98.438435791,20.864430858],[-98.438607514,20.864546805],[-98.438822156,20.864710371],[-98.43907441,20.864929733],[-98.439065574,20.864992577],[-98.438894963,20.86515641],[-98.438743124,20.865039534],[-98.438706623,20.865037949],[-98.43867012,20.865051402],[-98.438530008,20.865118971],[-98.438139194,20.864895855],[-98.437822461,20.864724212]]]]},"properties":{"locality":"Huexoapa","municipality":null,"official_key":"130800030","CVE_ENT":"13","CVE_MUN":"080","CVE_LOC":"0030","ambito":"RURAL","geometry_kind":"locality","source":"INEGI Gaia — Servicio vectorial del Marco Geoestadístico"}},{"type":"Feature","geometry":{"type":"MultiPolygon","crs":{"type":"name","properties":{"name":"EPSG:6365"}},"coordinates":[[[[-98.33070018,20.921897362],[-98.330657884,20.922042816],[-98.33059777,20.922131625],[-98.330592077,20.92216009],[-98.330601479,20.922237152],[-98.330578235,20.92229302],[-98.330532661,20.922371162],[-98.330490161,20.922383346],[-98.330435546,20.922371228],[-98.33035611,20.9223321],[-98.330330931,20.922318289],[-98.33030156,20.922317583],[-98.330252151,20.922301987],[-98.33021443,20.92227947],[-98.330127531,20.922279782],[-98.330060178,20.922266156],[-98.329984839,20.922311166],[-98.329898171,20.922349902],[-98.329793152,20.922403138],[-98.329776516,20.922401864],[-98.329780972,20.922449292],[-98.329755591,20.922480376],[-98.329524435,20.9223538],[-98.329509269,20.922404827],[-98.329493187,20.922458938],[-98.329461439,20.922639901],[-98.329374166,20.922766503],[-98.329383349,20.923104805],[-98.328841019,20.9230495],[-98.328950611,20.922929198],[-98.328997967,20.922841975],[-98.32899508,20.922722809],[-98.328975119,20.92270504],[-98.32886767,20.922671721],[-98.328803962,20.922608719],[-98.328798562,20.922506781],[-98.328934973,20.922302604],[-98.328948551,20.922268866],[-98.328938007,20.922191264],[-98.328875922,20.922068753],[-98.328922019,20.921952686],[-98.328856691,20.921949193],[-98.328817924,20.92194634],[-98.32884317,20.921845139],[-98.32884923,20.921779764],[-98.328854151,20.921758976],[-98.328866255,20.921695647],[-98.328864619,20.921648709],[-98.328875452,20.921561687],[-98.328884854,20.921520449],[-98.328890785,20.921501044],[-98.328910908,20.921441336],[-98.328908285,20.921350029],[-98.32892482,20.921263328],[-98.328925991,20.921169169],[-98.328937219,20.921085399],[-98.328990383,20.920869375],[-98.329083287,20.920776444],[-98.329112589,20.920755223],[-98.329105068,20.920688727],[-98.329093719,20.92062247],[-98.329069654,20.920449417],[-98.329075214,20.92042419],[-98.329098313,20.920393881],[-98.329139019,20.920357565],[-98.329163439,20.920315969],[-98.329199016,20.920340541],[-98.329279214,20.920394694],[-98.329307423,20.920413741],[-98.329416277,20.920472138],[-98.329491389,20.920512988],[-98.329520289,20.920528706],[-98.329540146,20.920542449],[-98.329603333,20.92058618],[-98.329681513,20.92064029],[-98.329686785,20.920644969],[-98.329700985,20.920661692],[-98.329716692,20.9206742],[-98.329732277,20.920691615],[-98.329751262,20.920699908],[-98.329765246,20.920713077],[-98.329783677,20.920725123],[-98.329797246,20.920737262],[-98.329813308,20.920751292],[-98.329833462,20.920764754],[-98.3298506,20.920782554],[-98.329873246,20.920804354],[-98.329887738,20.920822508],[-98.329901692,20.920846631],[-98.329909462,20.920861431],[-98.329913323,20.920874738],[-98.329923354,20.920895092],[-98.329931292,20.920908031],[-98.329938062,20.920930031],[-98.329948154,20.920948215],[-98.329956815,20.920960108],[-98.3299816,20.920977492],[-98.3300134,20.920994754],[-98.330030785,20.921005815],[-98.330051185,20.921016169],[-98.330073231,20.921028862],[-98.330085492,20.921043415],[-98.330096785,20.921060323],[-98.3301076,20.921075831],[-98.330120585,20.921087369],[-98.330136708,20.9210982],[-98.330153431,20.921109985],[-98.330168631,20.921121708],[-98.330179215,20.921137708],[-98.330194677,20.921153431],[-98.330207323,20.921165723],[-98.330219815,20.921179354],[-98.330226138,20.921195246],[-98.330231154,20.921212308],[-98.330238169,20.921232508],[-98.3302452,20.921259908],[-98.330250385,20.921281538],[-98.330255215,20.921294431],[-98.330260754,20.921304754],[-98.330265554,20.921316446],[-98.330269923,20.9213312],[-98.3302764,20.921349446],[-98.330283043,20.921357496],[-98.330323572,20.92143008],[-98.330351707,20.92148047],[-98.330357368,20.921554081],[-98.330400987,20.921641571],[-98.330409122,20.921680664],[-98.330450302,20.921745045],[-98.330476983,20.921778822],[-98.330556236,20.921852762],[-98.330626412,20.921865975],[-98.330665939,20.92187845],[-98.33070018,20.921897362]]]]},"properties":{"locality":"El Paraje","municipality":null,"official_key":"130800031","CVE_ENT":"13","CVE_MUN":"080","CVE_LOC":"0031","ambito":"RURAL","geometry_kind":"locality","source":"INEGI Gaia — Servicio vectorial del Marco Geoestadístico"}},{"type":"Feature","geometry":{"type":"MultiPolygon","crs":{"type":"name","properties":{"name":"EPSG:6365"}},"coordinates":[[[[-98.376657599,20.871245757],[-98.376230247,20.87135384],[-98.37605785,20.871430048],[-98.375914589,20.87157626],[-98.375959154,20.871692462],[-98.375983614,20.871750477],[-98.376029712,20.871886378],[-98.376031814,20.871910962],[-98.376023184,20.871934292],[-98.376005862,20.871962524],[-98.375915353,20.872012109],[-98.375835969,20.872020293],[-98.375736814,20.872045463],[-98.375628784,20.872059126],[-98.37555763,20.872080197],[-98.375465812,20.8721084],[-98.375398371,20.872137641],[-98.375368882,20.872145846],[-98.375338471,20.872151311],[-98.37529275,20.872148473],[-98.375249619,20.872139521],[-98.375175869,20.872116873],[-98.375077922,20.872120825],[-98.37500749,20.872119041],[-98.374959857,20.872113499],[-98.374917879,20.87208846],[-98.374822759,20.871952358],[-98.374736709,20.871819203],[-98.374721738,20.871739931],[-98.374730553,20.871658814],[-98.37474962,20.871595856],[-98.374799796,20.87153316],[-98.375043518,20.871452438],[-98.37528724,20.871382993],[-98.375526052,20.871250765],[-98.375591001,20.871225559],[-98.375649455,20.871200408],[-98.376149432,20.871103927],[-98.376239875,20.871127197],[-98.376380692,20.87119075],[-98.37664572,20.871222672],[-98.376661303,20.871232037],[-98.376657599,20.871245757]]]]},"properties":{"locality":"Tecacalax","municipality":null,"official_key":"130800034","CVE_ENT":"13","CVE_MUN":"080","CVE_LOC":"0034","ambito":"RURAL","geometry_kind":"locality","source":"INEGI Gaia — Servicio vectorial del Marco Geoestadístico"}},{"type":"Feature","geometry":{"type":"Polygon","coordinates":[[[-98.3811701,20.9530634],[-98.3819389,20.9518462],[-98.3835838,20.952742],[-98.3834096,20.9531435],[-98.3830269,20.9536461],[-98.3822616,20.9544114],[-98.3819003,20.9546438],[-98.3818856,20.9546762],[-98.3818802,20.9546883],[-98.3818587,20.9547357],[-98.3815722,20.9551225],[-98.3806807,20.9546332],[-98.3804483,20.9544904],[-98.3811701,20.9530634]]]},"properties":{"locality":"EL CALVARIO","official_key":"1308000010001","CVE_ENT":"13","CVE_MUN":"080","CVE_LOC":"0001","CVE_ASEN":"0001","settlement_type":"BARRIO","source":"INEGI DCAH 2025"}},{"type":"Feature","geometry":{"type":"Polygon","coordinates":[[[-98.3819389,20.9518462],[-98.3817767,20.9517528],[-98.3815688,20.9516436],[-98.3810123,20.9513164],[-98.3809704,20.951299],[-98.380901,20.9513277],[-98.380761,20.9512316],[-98.3804166,20.9511302],[-98.3803798,20.9511185],[-98.380342,20.9510924],[-98.3802951,20.9510451],[-98.3802637,20.9510005],[-98.3802495,20.9509728],[-98.3802646,20.9509533],[-98.380643,20.950321],[-98.3808416,20.9497312],[-98.3821656,20.949807],[-98.3821394,20.9499264],[-98.3837683,20.9497013],[-98.3838201,20.9506],[-98.383848,20.9510853],[-98.3837841,20.9518651],[-98.3836058,20.9526912],[-98.3835838,20.952742],[-98.3819389,20.9518462]]]},"properties":{"locality":"CENTRO","official_key":"1308000010002","CVE_ENT":"13","CVE_MUN":"080","CVE_LOC":"0001","CVE_ASEN":"0002","settlement_type":"BARRIO","source":"INEGI DCAH 2025"}},{"type":"Feature","geometry":{"type":"Polygon","coordinates":[[[-98.3792644,20.9553907],[-98.3791468,20.9553234],[-98.3791438,20.9553216],[-98.3789277,20.955198],[-98.3785892,20.9550308],[-98.3784546,20.9549408],[-98.378383,20.9548578],[-98.3781704,20.9548645],[-98.3780589,20.954876],[-98.3779507,20.9549229],[-98.3779029,20.9549714],[-98.3778878,20.9548638],[-98.3785309,20.9531899],[-98.3785343,20.9532221],[-98.3785488,20.9532427],[-98.3785743,20.9532617],[-98.3786255,20.953279],[-98.3786986,20.953293],[-98.3787873,20.9532865],[-98.3788953,20.9533024],[-98.3789775,20.9533353],[-98.3792055,20.9535148],[-98.3792424,20.9535494],[-98.3790883,20.953756],[-98.3791231,20.9537747],[-98.3796596,20.9540593],[-98.3797889,20.9541265],[-98.3802482,20.9543674],[-98.3804483,20.9544904],[-98.3806807,20.9546332],[-98.3815722,20.9551225],[-98.3811533,20.955688],[-98.381047,20.9557547],[-98.3810319,20.9557781],[-98.3809262,20.9558005],[-98.3808686,20.9557952],[-98.3808112,20.9557613],[-98.3802396,20.9553854],[-98.3800123,20.9558038],[-98.3792644,20.9553907]]]},"properties":{"locality":"CUACALIXPA","official_key":"1308000010003","CVE_ENT":"13","CVE_MUN":"080","CVE_LOC":"0001","CVE_ASEN":"0003","settlement_type":"BARRIO","source":"INEGI DCAH 2025"}},{"type":"Feature","geometry":{"type":"Polygon","coordinates":[[[-98.3790166,20.9525633],[-98.3802495,20.9509728],[-98.3802637,20.9510005],[-98.3802951,20.9510451],[-98.380342,20.9510924],[-98.3803798,20.9511185],[-98.3804166,20.9511302],[-98.380761,20.9512316],[-98.380901,20.9513277],[-98.3809704,20.951299],[-98.3810123,20.9513164],[-98.3815688,20.9516436],[-98.381305,20.952173],[-98.3811846,20.9521903],[-98.3810297,20.9522479],[-98.3808812,20.9523524],[-98.3806493,20.952563],[-98.3804941,20.9527269],[-98.3800542,20.9525044],[-98.3796803,20.9529881],[-98.3790166,20.9525633]]]},"properties":{"locality":"LIMONTITLA","official_key":"1308000010004","CVE_ENT":"13","CVE_MUN":"080","CVE_LOC":"0001","CVE_ASEN":"0004","settlement_type":"BARRIO","source":"INEGI DCAH 2025"}},{"type":"Feature","geometry":{"type":"Polygon","coordinates":[[[-98.381305,20.952173],[-98.3815688,20.9516436],[-98.3817767,20.9517528],[-98.3819389,20.9518462],[-98.3811701,20.9530634],[-98.3809282,20.9529357],[-98.3805147,20.9527374],[-98.3804941,20.9527269],[-98.3806493,20.952563],[-98.3808812,20.9523524],[-98.3810297,20.9522479],[-98.3811846,20.9521903],[-98.381305,20.952173]]]},"properties":{"locality":"TETITLA","official_key":"1308000010006","CVE_ENT":"13","CVE_MUN":"080","CVE_LOC":"0001","CVE_ASEN":"0006","settlement_type":"BARRIO","source":"INEGI DCAH 2025"}},{"type":"Feature","geometry":{"type":"Polygon","coordinates":[[[-98.3808416,20.9497312],[-98.3812463,20.9485295],[-98.3815586,20.9476404],[-98.3821733,20.9459047],[-98.3826593,20.9444783],[-98.3831391,20.9444851],[-98.3833781,20.9444885],[-98.3836171,20.9444919],[-98.383737,20.9450641],[-98.383824,20.9459475],[-98.3836654,20.946755],[-98.3836349,20.9473847],[-98.3837683,20.9497013],[-98.3821394,20.9499264],[-98.3821656,20.949807],[-98.3808416,20.9497312]]]},"properties":{"locality":"TLAICA","official_key":"1308000010007","CVE_ENT":"13","CVE_MUN":"080","CVE_LOC":"0001","CVE_ASEN":"0007","settlement_type":"BARRIO","source":"INEGI DCAH 2025"}},{"type":"Feature","geometry":{"type":"Polygon","coordinates":[[[-98.3797889,20.9541265],[-98.3796596,20.9540593],[-98.3791231,20.9537747],[-98.3790883,20.953756],[-98.3792424,20.9535494],[-98.3792055,20.9535148],[-98.3789775,20.9533353],[-98.3788953,20.9533024],[-98.3787873,20.9532865],[-98.3786986,20.953293],[-98.3786255,20.953279],[-98.3785743,20.9532617],[-98.3785488,20.9532427],[-98.3785343,20.9532221],[-98.3785309,20.9531899],[-98.3790166,20.9525633],[-98.3796803,20.9529881],[-98.3800542,20.9525044],[-98.3804941,20.9527269],[-98.3805147,20.9527374],[-98.3809282,20.9529357],[-98.3811701,20.9530634],[-98.3804483,20.9544904],[-98.3802482,20.9543674],[-98.3797889,20.9541265]]]},"properties":{"locality":"TLAMAYA","official_key":"1308000010008","CVE_ENT":"13","CVE_MUN":"080","CVE_LOC":"0001","CVE_ASEN":"0008","settlement_type":"BARRIO","source":"INEGI DCAH 2025"}},{"type":"Feature","geometry":{"type":"Polygon","coordinates":[[[-98.3779029,20.9549714],[-98.3779507,20.9549229],[-98.3780589,20.954876],[-98.3781704,20.9548645],[-98.378383,20.9548578],[-98.3784546,20.9549408],[-98.3785892,20.9550308],[-98.3789277,20.955198],[-98.3791438,20.9553216],[-98.3791468,20.9553234],[-98.3792644,20.9553907],[-98.3800123,20.9558038],[-98.3802396,20.9553854],[-98.3808112,20.9557613],[-98.3808686,20.9557952],[-98.3809262,20.9558005],[-98.3810319,20.9557781],[-98.381047,20.9557547],[-98.3807577,20.9571588],[-98.3804667,20.9583965],[-98.3794647,20.959797],[-98.3782711,20.9614062],[-98.3777572,20.961125],[-98.377684,20.9610745],[-98.3776564,20.9610423],[-98.3773493,20.9608726],[-98.3775026,20.9593516],[-98.3776258,20.9590059],[-98.3769586,20.9587622],[-98.3773196,20.9579153],[-98.3772951,20.9577891],[-98.3772866,20.9576662],[-98.3773531,20.9574008],[-98.3774413,20.957011],[-98.3774333,20.9568514],[-98.3773857,20.9565659],[-98.3774619,20.9560164],[-98.3774993,20.9558406],[-98.3776027,20.9556452],[-98.3776729,20.9554682],[-98.377742,20.9552585],[-98.3779029,20.9549714]]]},"properties":{"locality":"5 DE MAYO","official_key":"1308000010009","CVE_ENT":"13","CVE_MUN":"080","CVE_LOC":"0001","CVE_ASEN":"0009","settlement_type":"BARRIO","source":"INEGI DCAH 2025"}},{"type":"Feature","geometry":{"type":"Polygon","coordinates":[[[-98.3825597,20.8961289],[-98.3825836,20.8960695],[-98.3826647,20.8956212],[-98.3826664,20.8954533],[-98.3827327,20.8954906],[-98.3827768,20.8955032],[-98.3828384,20.8954917],[-98.3828919,20.8954425],[-98.3829276,20.8953685],[-98.3829401,20.8953025],[-98.3829428,20.8952579],[-98.382901,20.8951604],[-98.3828492,20.8950914],[-98.3828143,20.89502],[-98.3827825,20.8949501],[-98.3827808,20.8948391],[-98.3827847,20.8947528],[-98.3827858,20.8947417],[-98.3827951,20.8946522],[-98.3827989,20.8946215],[-98.3828087,20.894543],[-98.3828336,20.8944745],[-98.3828435,20.8943883],[-98.3828487,20.8943092],[-98.3828254,20.8942625],[-98.3827607,20.8941635],[-98.3827489,20.8941454],[-98.3827048,20.8940724],[-98.3826387,20.8939671],[-98.3826023,20.8938956],[-98.3825763,20.8938345],[-98.382569,20.8937637],[-98.382574,20.893693],[-98.3826126,20.8936267],[-98.3826257,20.8936046],[-98.3826542,20.8935566],[-98.3826575,20.8935509],[-98.3826706,20.8935329],[-98.3826957,20.893498],[-98.3827052,20.8934483],[-98.3826926,20.8933866],[-98.3826799,20.8933248],[-98.3826269,20.8932448],[-98.3825798,20.8931726],[-98.3825643,20.8931205],[-98.3825573,20.8930972],[-98.3825363,20.8930409],[-98.3825188,20.8929667],[-98.3825201,20.892949],[-98.3825286,20.8928379],[-98.3825635,20.8927276],[-98.3825706,20.8925838],[-98.3825782,20.8924189],[-98.3825552,20.8923223],[-98.3825035,20.892225],[-98.3824356,20.8921394],[-98.3823774,20.8920449],[-98.382377,20.8919697],[-98.3824903,20.8917092],[-98.3825452,20.8916522],[-98.3825453,20.8916525],[-98.3827133,20.892146],[-98.3827613,20.8921663],[-98.38283,20.8921775],[-98.3829003,20.8921813],[-98.3830561,20.8922285],[-98.3831232,20.8922415],[-98.3831629,20.8922347],[-98.3832409,20.8921969],[-98.3833007,20.8921575],[-98.383372,20.8920727],[-98.3834231,20.8919755],[-98.3834887,20.8919122],[-98.383573,20.8918562],[-98.3835223,20.8919907],[-98.3834936,20.89211],[-98.3835124,20.8922666],[-98.3835904,20.8924077],[-98.3836856,20.8924771],[-98.3837845,20.8925995],[-98.3839014,20.8928136],[-98.3840687,20.8930529],[-98.3842616,20.8932928],[-98.3843713,20.8933914],[-98.3844681,20.8934362],[-98.3844447,20.8934933],[-98.3844445,20.8935509],[-98.3844568,20.8936187],[-98.3844715,20.8936622],[-98.3845171,20.8938],[-98.3845663,20.8941251],[-98.3845865,20.8941756],[-98.3846388,20.8942449],[-98.3847006,20.8942934],[-98.384859,20.8944077],[-98.3848982,20.894436],[-98.3849556,20.894519],[-98.3849706,20.8945733],[-98.3849271,20.8946496],[-98.3848665,20.8947487],[-98.3848149,20.8948178],[-98.3847793,20.8948649],[-98.3847697,20.894907],[-98.3847799,20.8950061],[-98.3847871,20.8951018],[-98.3847743,20.8951499],[-98.3847377,20.8951881],[-98.3847056,20.8954322],[-98.3845971,20.8955713],[-98.3845664,20.8956432],[-98.3841,20.8958139],[-98.3837452,20.8958991],[-98.3834972,20.8959977],[-98.3830947,20.896143],[-98.3828184,20.8961581],[-98.3825597,20.8961289]]]},"properties":{"locality":"AMOLO","official_key":"1308000170001","CVE_ENT":"13","CVE_MUN":"080","CVE_LOC":"0017","CVE_ASEN":"0001","settlement_type":"BARRIO","source":"INEGI DCAH 2025"}},{"type":"Feature","geometry":{"type":"Polygon","coordinates":[[[-98.3826493,20.8910424],[-98.3827087,20.8910126],[-98.3827617,20.8910029],[-98.3828448,20.8910081],[-98.3829729,20.8910388],[-98.3830459,20.891006],[-98.3831325,20.8909236],[-98.3832131,20.8908795],[-98.3832428,20.8908756],[-98.3832736,20.8908706],[-98.3833163,20.8908759],[-98.3833644,20.8908812],[-98.3834017,20.8908952],[-98.3834529,20.8909267],[-98.3834933,20.8909636],[-98.3836425,20.8910623],[-98.3837327,20.8911278],[-98.3838107,20.8911916],[-98.3839557,20.8912728],[-98.3840039,20.8913042],[-98.383929,20.8914231],[-98.3837803,20.891556],[-98.3837016,20.8916713],[-98.3836274,20.8917694],[-98.383573,20.8918562],[-98.3834887,20.8919122],[-98.3834231,20.8919755],[-98.383372,20.8920727],[-98.3833007,20.8921575],[-98.3832409,20.8921969],[-98.3831629,20.8922347],[-98.3831232,20.8922415],[-98.3830561,20.8922285],[-98.3829003,20.8921813],[-98.38283,20.8921775],[-98.3827613,20.8921663],[-98.3827133,20.892146],[-98.3825453,20.8916525],[-98.3825723,20.8916247],[-98.3826854,20.8914468],[-98.3826968,20.8913789],[-98.3826481,20.8913292],[-98.3825977,20.8912798],[-98.3825549,20.8912215],[-98.3825568,20.8911124],[-98.382592,20.8910673],[-98.3826493,20.8910424]]]},"properties":{"locality":"CRUZCO","official_key":"1308000170002","CVE_ENT":"13","CVE_MUN":"080","CVE_LOC":"0017","CVE_ASEN":"0002","settlement_type":"BARRIO","source":"INEGI DCAH 2025"}},{"type":"Feature","geometry":{"type":"Polygon","coordinates":[[[-98.3826629,20.8904939],[-98.3824637,20.8905276],[-98.3824352,20.8905417],[-98.3823921,20.8904973],[-98.3823938,20.8904553],[-98.3823951,20.8904307],[-98.3823977,20.8904074],[-98.3823813,20.8903764],[-98.3823454,20.8903569],[-98.3823236,20.890336],[-98.3823039,20.8903116],[-98.382272,20.8902605],[-98.3822556,20.8902073],[-98.3822366,20.890154],[-98.382193,20.8900617],[-98.3821769,20.8899953],[-98.3821755,20.8899812],[-98.3822382,20.8899721],[-98.3823206,20.8899476],[-98.3823671,20.8899113],[-98.3824173,20.8898664],[-98.382465,20.8898407],[-98.3825005,20.8898349],[-98.3827285,20.8899441],[-98.3828892,20.8900516],[-98.3829804,20.8900787],[-98.3830669,20.8901105],[-98.3831423,20.8901383],[-98.3832141,20.8902053],[-98.3832375,20.8902481],[-98.3832715,20.8902777],[-98.3832938,20.890313],[-98.3833396,20.890625],[-98.383282,20.8906199],[-98.3831727,20.8905789],[-98.3830674,20.8905418],[-98.3829721,20.8905146],[-98.3828352,20.8904836],[-98.3826629,20.8904939]]]},"properties":{"locality":"CRUZICA","official_key":"1308000170003","CVE_ENT":"13","CVE_MUN":"080","CVE_LOC":"0017","CVE_ASEN":"0003","settlement_type":"BARRIO","source":"INEGI DCAH 2025"}},{"type":"Feature","geometry":{"type":"Polygon","coordinates":[[[-98.3812948,20.8857078],[-98.3805084,20.8858203],[-98.3809103,20.8849826],[-98.3809284,20.8843371],[-98.3809301,20.884276],[-98.3809304,20.8842659],[-98.3809307,20.8842545],[-98.3809312,20.8842384],[-98.3809978,20.8841848],[-98.3810788,20.8841158],[-98.3811798,20.8842284],[-98.3820512,20.8850741],[-98.3819473,20.8851299],[-98.3818814,20.8851874],[-98.3818545,20.8852216],[-98.381829,20.8852539],[-98.3817609,20.8853372],[-98.381708,20.8853662],[-98.3816517,20.8853758],[-98.3816215,20.8853807],[-98.3815798,20.8853929],[-98.381569,20.8854034],[-98.3815388,20.8854317],[-98.3815093,20.8854732],[-98.3814781,20.8855487],[-98.3814709,20.8855898],[-98.3814691,20.8856283],[-98.3814715,20.8856918],[-98.3812948,20.8857078]]]},"properties":{"locality":"IKATZUKUHUILTLIJ","official_key":"1308000170004","CVE_ENT":"13","CVE_MUN":"080","CVE_LOC":"0017","CVE_ASEN":"0004","settlement_type":"BARRIO","source":"INEGI DCAH 2025"}},{"type":"Feature","geometry":{"type":"Polygon","coordinates":[[[-98.3851294,20.8892651],[-98.3851466,20.8891971],[-98.3851262,20.8890993],[-98.3851214,20.8889948],[-98.3851752,20.8888448],[-98.3852193,20.8886952],[-98.3852216,20.8886874],[-98.3852653,20.8884868],[-98.3853023,20.888394],[-98.385314,20.888243],[-98.3853002,20.888185],[-98.3852682,20.8880942],[-98.3852115,20.8880175],[-98.3851453,20.8879108],[-98.3850963,20.8877958],[-98.3850618,20.8876793],[-98.3850723,20.88767],[-98.3851332,20.8876354],[-98.3851827,20.8875525],[-98.3852146,20.8875088],[-98.3852981,20.8874892],[-98.3854323,20.8874888],[-98.3855244,20.8874826],[-98.3856419,20.8874361],[-98.3856968,20.8873894],[-98.3857658,20.887348],[-98.3859097,20.8873534],[-98.3860513,20.8873046],[-98.3861338,20.8872754],[-98.3862111,20.8872532],[-98.3862748,20.8872438],[-98.3863697,20.8872314],[-98.3864665,20.8872063],[-98.386546,20.8871757],[-98.3866314,20.8871388],[-98.3867266,20.8871776],[-98.3868218,20.8872015],[-98.3869401,20.8872187],[-98.3870395,20.8872249],[-98.3869007,20.8890487],[-98.3867546,20.8890669],[-98.3866437,20.8891027],[-98.3865448,20.8891724],[-98.3864632,20.8892617],[-98.3864248,20.8896659],[-98.3862829,20.8897009],[-98.3861447,20.8897336],[-98.3857707,20.8897458],[-98.3857519,20.8896743],[-98.3857266,20.8895782],[-98.3856141,20.8894855],[-98.3855006,20.8894287],[-98.3852691,20.889344],[-98.3851894,20.8893169],[-98.3851294,20.8892651]]]},"properties":{"locality":"EXHUATZAL","official_key":"1308000170005","CVE_ENT":"13","CVE_MUN":"080","CVE_LOC":"0017","CVE_ASEN":"0005","settlement_type":"BARRIO","source":"INEGI DCAH 2025"}},{"type":"Feature","geometry":{"type":"Polygon","coordinates":[[[-98.3822624,20.8886537],[-98.3822339,20.8885704],[-98.3822304,20.888516],[-98.3821469,20.8883327],[-98.3821236,20.888288],[-98.3821757,20.8882369],[-98.3822578,20.8881819],[-98.3823423,20.8881208],[-98.3823975,20.8880645],[-98.382441,20.8879671],[-98.3824574,20.8879267],[-98.3826384,20.8878445],[-98.3826922,20.887841],[-98.3827169,20.8878728],[-98.3827526,20.8879697],[-98.3827633,20.8880492],[-98.3827606,20.8881475],[-98.3828186,20.8882714],[-98.3829015,20.8883238],[-98.3829778,20.8884336],[-98.3830254,20.888562],[-98.3830225,20.88867],[-98.3829352,20.8887298],[-98.3827732,20.8888277],[-98.3827558,20.8889065],[-98.3827554,20.889017],[-98.3827565,20.8890448],[-98.3827615,20.8891684],[-98.3825772,20.8891674],[-98.382588,20.8890962],[-98.3825597,20.8890319],[-98.382513,20.8889757],[-98.3823906,20.8888239],[-98.3823614,20.8887875],[-98.3823135,20.8887279],[-98.3822624,20.8886537]]]},"properties":{"locality":"IXTLAPALAPA","official_key":"1308000170006","CVE_ENT":"13","CVE_MUN":"080","CVE_LOC":"0017","CVE_ASEN":"0006","settlement_type":"BARRIO","source":"INEGI DCAH 2025"}},{"type":"Feature","geometry":{"type":"Polygon","coordinates":[[[-98.383573,20.8918562],[-98.3836274,20.8917694],[-98.3837016,20.8916713],[-98.3837803,20.891556],[-98.383929,20.8914231],[-98.3840039,20.8913042],[-98.3841113,20.8911231],[-98.3843211,20.890921],[-98.3846933,20.8906177],[-98.3847438,20.8905811],[-98.3849018,20.8904665],[-98.3851439,20.8903237],[-98.3852198,20.890279],[-98.3852794,20.8902235],[-98.385377,20.8901326],[-98.3857707,20.8897458],[-98.3861447,20.8897336],[-98.3862829,20.8897009],[-98.3864248,20.8896659],[-98.3862211,20.8918083],[-98.3877834,20.8931646],[-98.3877094,20.8932009],[-98.3876256,20.8932757],[-98.3875326,20.8934104],[-98.3874273,20.8935231],[-98.3873312,20.8935833],[-98.3872675,20.8936182],[-98.3871307,20.8937317],[-98.3870264,20.8937897],[-98.3869133,20.8938343],[-98.3868829,20.8938536],[-98.3866683,20.8939826],[-98.3866188,20.8939257],[-98.3865449,20.8938606],[-98.3864563,20.8938085],[-98.3863788,20.8937354],[-98.3862686,20.8937004],[-98.3861251,20.8936213],[-98.3859768,20.8935782],[-98.385866,20.8935648],[-98.3857048,20.8935754],[-98.3856037,20.893627],[-98.3854051,20.8937739],[-98.3852605,20.8938785],[-98.3851193,20.8939976],[-98.3850077,20.8941571],[-98.3849675,20.8942281],[-98.384859,20.8944077],[-98.3847006,20.8942934],[-98.3846388,20.8942449],[-98.3845865,20.8941756],[-98.3845663,20.8941251],[-98.3845171,20.8938],[-98.3844715,20.8936622],[-98.3844568,20.8936187],[-98.3844445,20.8935509],[-98.3844447,20.8934933],[-98.3844681,20.8934362],[-98.3843713,20.8933914],[-98.3842616,20.8932928],[-98.3840687,20.8930529],[-98.3839014,20.8928136],[-98.3837845,20.8925995],[-98.3836856,20.8924771],[-98.3835904,20.8924077],[-98.3835124,20.8922666],[-98.3834936,20.89211],[-98.3835223,20.8919907],[-98.383573,20.8918562]]]},"properties":{"locality":"KUAPILOL","official_key":"1308000170007","CVE_ENT":"13","CVE_MUN":"080","CVE_LOC":"0017","CVE_ASEN":"0007","settlement_type":"BARRIO","source":"INEGI DCAH 2025"}},{"type":"Feature","geometry":{"type":"Polygon","coordinates":[[[-98.3827526,20.8879697],[-98.3827169,20.8878728],[-98.3826922,20.887841],[-98.3826826,20.8877122],[-98.3826854,20.8876067],[-98.3827108,20.887516],[-98.3827108,20.8875156],[-98.382723,20.8873482],[-98.3827273,20.8871593],[-98.3827162,20.8871355],[-98.3827017,20.8871],[-98.3826868,20.8870745],[-98.3826639,20.8870449],[-98.3826497,20.8870114],[-98.3827954,20.8869765],[-98.3828546,20.8869799],[-98.3829377,20.887003],[-98.3829991,20.8870025],[-98.3831342,20.8869942],[-98.383245,20.8869795],[-98.3833383,20.8869279],[-98.3834978,20.886851],[-98.3835759,20.8868337],[-98.3836637,20.8868377],[-98.3836732,20.8868367],[-98.3836309,20.8868933],[-98.3835507,20.8869327],[-98.3835137,20.8870163],[-98.3835497,20.887096],[-98.3836047,20.8871873],[-98.3836433,20.8872963],[-98.3836585,20.8874467],[-98.3836526,20.8875456],[-98.3835872,20.8876011],[-98.3835345,20.8876629],[-98.3835326,20.8877349],[-98.3835458,20.8877987],[-98.3834511,20.8877574],[-98.3833672,20.8877884],[-98.38333,20.8878656],[-98.383239,20.8879235],[-98.3831712,20.8879519],[-98.3830615,20.8879223],[-98.3829253,20.8879502],[-98.3828419,20.8880013],[-98.3828101,20.8880167],[-98.3827633,20.8880492],[-98.3827526,20.8879697]]]},"properties":{"locality":"MILKAHUAL","official_key":"1308000170008","CVE_ENT":"13","CVE_MUN":"080","CVE_LOC":"0017","CVE_ASEN":"0008","settlement_type":"BARRIO","source":"INEGI DCAH 2025"}},{"type":"Feature","geometry":{"type":"Polygon","coordinates":[[[-98.3847231,20.8873709],[-98.3846652,20.8873004],[-98.3845852,20.8871962],[-98.3845418,20.8871015],[-98.3845468,20.8870311],[-98.3845527,20.8869822],[-98.3845803,20.8869224],[-98.3846524,20.8868074],[-98.3846602,20.8867471],[-98.3846865,20.8866535],[-98.384576,20.8866576],[-98.3844811,20.8866899],[-98.3843348,20.8867345],[-98.3841418,20.8867683],[-98.3839322,20.8868095],[-98.3837867,20.8868252],[-98.3836732,20.8868367],[-98.3836637,20.8868377],[-98.3835759,20.8868337],[-98.3835972,20.8866916],[-98.3835861,20.8866283],[-98.3835015,20.8864492],[-98.3832938,20.8860961],[-98.3834158,20.8860012],[-98.3835865,20.8859236],[-98.3837172,20.8858162],[-98.3840342,20.8856172],[-98.3842996,20.8854363],[-98.3844839,20.8852341],[-98.3846119,20.8850355],[-98.3846346,20.8849496],[-98.3846932,20.8848597],[-98.3847516,20.8847795],[-98.3847905,20.8846476],[-98.3852728,20.8847774],[-98.3856982,20.8849219],[-98.3861039,20.8850591],[-98.3862439,20.885151],[-98.3863572,20.8853073],[-98.3866401,20.8854293],[-98.3868632,20.8854922],[-98.3872405,20.8855251],[-98.3874178,20.8855354],[-98.3874137,20.8855409],[-98.3873268,20.8856373],[-98.3871522,20.8857796],[-98.3871452,20.8858347],[-98.3870601,20.8869535],[-98.3870395,20.8872249],[-98.3869401,20.8872187],[-98.3868218,20.8872015],[-98.3867266,20.8871776],[-98.3866314,20.8871388],[-98.386546,20.8871757],[-98.3864665,20.8872063],[-98.3863697,20.8872314],[-98.3862748,20.8872438],[-98.3862111,20.8872532],[-98.3861338,20.8872754],[-98.3860513,20.8873046],[-98.3859097,20.8873534],[-98.3857658,20.887348],[-98.3856968,20.8873894],[-98.3856419,20.8874361],[-98.3855244,20.8874826],[-98.3854323,20.8874888],[-98.3852981,20.8874892],[-98.3852146,20.8875088],[-98.3851827,20.8875525],[-98.3851332,20.8876354],[-98.3850723,20.88767],[-98.3850618,20.8876793],[-98.3849614,20.8875739],[-98.3849074,20.8875323],[-98.3848475,20.8874762],[-98.3847891,20.8874272],[-98.3847231,20.8873709]]]},"properties":{"locality":"RANCHO NUEVO","official_key":"1308000170009","CVE_ENT":"13","CVE_MUN":"080","CVE_LOC":"0017","CVE_ASEN":"0009","settlement_type":"BARRIO","source":"INEGI DCAH 2025"}},{"type":"Feature","geometry":{"type":"Polygon","coordinates":[[[-98.3869133,20.8938343],[-98.3870264,20.8937897],[-98.3871307,20.8937317],[-98.3872675,20.8936182],[-98.3873312,20.8935833],[-98.3874273,20.8935231],[-98.3875326,20.8934104],[-98.3876256,20.8932757],[-98.3877094,20.8932009],[-98.3877834,20.8931646],[-98.3884944,20.8937819],[-98.3883912,20.8938226],[-98.388262,20.8938748],[-98.3882611,20.8939954],[-98.3882988,20.8940741],[-98.3883409,20.8941054],[-98.388393,20.8941052],[-98.3884488,20.894082],[-98.3884924,20.8940571],[-98.3885661,20.8940531],[-98.3886107,20.8940498],[-98.3887202,20.8940798],[-98.3888288,20.8941486],[-98.3889117,20.8942024],[-98.3889488,20.8942451],[-98.3881847,20.8955325],[-98.3879844,20.8954516],[-98.387849,20.8953946],[-98.3877047,20.8953643],[-98.3875697,20.8953688],[-98.3873654,20.895364],[-98.3872411,20.8953476],[-98.3871263,20.8953178],[-98.3869046,20.8952436],[-98.386762,20.8952248],[-98.3865227,20.8952307],[-98.3863752,20.8952426],[-98.3862871,20.8952713],[-98.3862579,20.8952174],[-98.3862341,20.8951016],[-98.3862528,20.894976],[-98.3862881,20.8948039],[-98.3863531,20.8946686],[-98.3864585,20.8945955],[-98.3865638,20.8945295],[-98.3867393,20.8944148],[-98.3867913,20.8943332],[-98.3867592,20.8942517],[-98.3867454,20.894236],[-98.3867328,20.8941704],[-98.3867033,20.8940506],[-98.3866683,20.8939826],[-98.3868829,20.8938536],[-98.3869133,20.8938343]]]},"properties":{"locality":"TETZAKUALZINTLA","official_key":"1308000170010","CVE_ENT":"13","CVE_MUN":"080","CVE_LOC":"0017","CVE_ASEN":"0010","settlement_type":"BARRIO","source":"INEGI DCAH 2025"}},{"type":"Feature","geometry":{"type":"Polygon","coordinates":[[[-98.3844428,20.8900402],[-98.384575,20.8898783],[-98.3846089,20.8898157],[-98.3846495,20.889785],[-98.384695,20.8897486],[-98.3846926,20.889665],[-98.3846699,20.8896558],[-98.3846383,20.8896335],[-98.3845954,20.889461],[-98.3845827,20.8893627],[-98.3846039,20.8893143],[-98.3846066,20.8892711],[-98.3845876,20.8892375],[-98.3845566,20.8891936],[-98.3845098,20.8891089],[-98.3844898,20.8890551],[-98.3844755,20.8889006],[-98.384483,20.8887928],[-98.3844951,20.8887441],[-98.3845194,20.8886928],[-98.3845764,20.8886341],[-98.3846174,20.8886356],[-98.3846758,20.8886422],[-98.384708,20.8886444],[-98.3847797,20.8886562],[-98.3848289,20.8886502],[-98.3848552,20.8886436],[-98.3848951,20.8886416],[-98.3849636,20.8886591],[-98.385046,20.888674],[-98.3852193,20.8886952],[-98.3851752,20.8888448],[-98.3851214,20.8889948],[-98.3851262,20.8890993],[-98.3851466,20.8891971],[-98.3851294,20.8892651],[-98.3850948,20.8892897],[-98.3850779,20.8893469],[-98.385062,20.8894666],[-98.3850432,20.8895958],[-98.385053,20.8897065],[-98.3850265,20.8898355],[-98.3849851,20.8899522],[-98.3849359,20.8900687],[-98.3848634,20.8902014],[-98.3848141,20.8902406],[-98.3846847,20.8901876],[-98.3845357,20.8901053],[-98.3844428,20.8900402]]]},"properties":{"locality":"TLACHIQUIL","official_key":"1308000170011","CVE_ENT":"13","CVE_MUN":"080","CVE_LOC":"0017","CVE_ASEN":"0011","settlement_type":"BARRIO","source":"INEGI DCAH 2025"}},{"type":"Feature","geometry":{"type":"Polygon","coordinates":[[[-98.385616,20.8968166],[-98.3855445,20.8966664],[-98.3854372,20.8967267],[-98.3853503,20.896796],[-98.3852828,20.8968844],[-98.385242,20.8969749],[-98.3851771,20.8970519],[-98.3851298,20.8970998],[-98.3849984,20.8971413],[-98.3849002,20.8971426],[-98.3847583,20.8971183],[-98.384654,20.8970626],[-98.384573,20.896967],[-98.3845428,20.8968942],[-98.3845323,20.8967708],[-98.384555,20.8967231],[-98.3847984,20.8965668],[-98.3849103,20.896483],[-98.3850242,20.8963777],[-98.385083,20.8962717],[-98.3851866,20.8961258],[-98.3852795,20.8960336],[-98.3852737,20.8959665],[-98.3851748,20.8959073],[-98.3849486,20.8958255],[-98.3852097,20.8955969],[-98.3854962,20.895398],[-98.3854785,20.8954315],[-98.3854733,20.895467],[-98.3854786,20.8955187],[-98.385497,20.8955768],[-98.3855326,20.8956237],[-98.385557,20.8956848],[-98.3855947,20.8957087],[-98.3856994,20.8957487],[-98.3857644,20.8957819],[-98.3857987,20.8958187],[-98.3858621,20.8958548],[-98.385915,20.895882],[-98.3859665,20.8958486],[-98.3860389,20.8957798],[-98.3861015,20.89574],[-98.3861559,20.8958212],[-98.3862835,20.8959473],[-98.3863677,20.8960213],[-98.3864242,20.8960586],[-98.3864936,20.8960933],[-98.3865341,20.8961303],[-98.3865292,20.8961932],[-98.386495,20.8962764],[-98.386468,20.8963328],[-98.3864749,20.896432],[-98.3864617,20.8965406],[-98.3865135,20.8965511],[-98.3865943,20.8965895],[-98.3866379,20.8966386],[-98.3866605,20.8967121],[-98.3866518,20.896806],[-98.3865729,20.896929],[-98.3865391,20.8969705],[-98.3864827,20.8970901],[-98.3864467,20.8972141],[-98.3862611,20.8974101],[-98.386212,20.8975242],[-98.3861147,20.8974671],[-98.3860403,20.8973837],[-98.3859873,20.8972624],[-98.3858824,20.8971734],[-98.3858019,20.8971283],[-98.3857028,20.8970107],[-98.385616,20.8968166]]]},"properties":{"locality":"TLALMEZA","official_key":"1308000170012","CVE_ENT":"13","CVE_MUN":"080","CVE_LOC":"0017","CVE_ASEN":"0012","settlement_type":"BARRIO","source":"INEGI DCAH 2025"}},{"type":"Feature","geometry":{"type":"Polygon","coordinates":[[[-98.3807555,20.8875278],[-98.3807768,20.8875223],[-98.3808014,20.887519],[-98.3808317,20.8875313],[-98.3808699,20.8875571],[-98.3809161,20.887587],[-98.3809683,20.887619],[-98.3810492,20.8876517],[-98.3811462,20.8876676],[-98.3812697,20.8876577],[-98.3814808,20.8876639],[-98.3816089,20.8876525],[-98.3817347,20.8875595],[-98.3818546,20.8877841],[-98.3821236,20.888288],[-98.3819763,20.8883227],[-98.3818429,20.8883406],[-98.381687,20.8883638],[-98.3816225,20.8884045],[-98.3815702,20.8884513],[-98.3814856,20.8885007],[-98.3813485,20.8885589],[-98.3812928,20.8885792],[-98.3811719,20.8885917],[-98.3810618,20.8885814],[-98.380951,20.8885961],[-98.3807871,20.888633],[-98.3807862,20.8885158],[-98.3807884,20.8884313],[-98.3808003,20.8883682],[-98.3808,20.8883029],[-98.3807674,20.8881504],[-98.3807308,20.8879901],[-98.3806746,20.8878754],[-98.380636,20.88779],[-98.3806238,20.8877129],[-98.380684,20.8876029],[-98.3807555,20.8875278]]]},"properties":{"locality":"TLAXTITLA","official_key":"1308000170013","CVE_ENT":"13","CVE_MUN":"080","CVE_LOC":"0017","CVE_ASEN":"0013","settlement_type":"BARRIO","source":"INEGI DCAH 2025"}},{"type":"Feature","geometry":{"type":"Polygon","coordinates":[[[-98.3802306,20.8867707],[-98.3803155,20.8864804],[-98.3805084,20.8858203],[-98.3805084,20.8858203],[-98.3812948,20.8857078],[-98.3814715,20.8856918],[-98.3814691,20.8856283],[-98.3814709,20.8855898],[-98.3814781,20.8855487],[-98.3815093,20.8854732],[-98.3815388,20.8854317],[-98.381569,20.8854034],[-98.3815798,20.8853929],[-98.3816215,20.8853807],[-98.3816517,20.8853758],[-98.381708,20.8853662],[-98.3817609,20.8853372],[-98.381829,20.8852539],[-98.3818545,20.8852216],[-98.3818814,20.8851874],[-98.3819473,20.8851299],[-98.3820512,20.8850741],[-98.3821847,20.8850833],[-98.3821964,20.8851096],[-98.3822012,20.8851306],[-98.3822087,20.8851634],[-98.3822117,20.8852203],[-98.3822082,20.8852901],[-98.3821726,20.8854313],[-98.3821627,20.885536],[-98.3821623,20.8856362],[-98.3822088,20.8857414],[-98.3822524,20.8857828],[-98.3823773,20.8858723],[-98.3824142,20.8860096],[-98.3824476,20.8861607],[-98.3824924,20.8862763],[-98.382536,20.8864102],[-98.3825776,20.8864704],[-98.382605,20.8866233],[-98.3826159,20.8866647],[-98.3826107,20.886745],[-98.3826134,20.8868221],[-98.3826116,20.8868893],[-98.3826281,20.8869607],[-98.3824949,20.8869424],[-98.3823144,20.8869309],[-98.3822165,20.8869228],[-98.3821128,20.8869016],[-98.3820195,20.8868951],[-98.381936,20.8869191],[-98.3818145,20.886994],[-98.3816341,20.8871508],[-98.3815398,20.8870866],[-98.3813846,20.8869653],[-98.3812482,20.8868108],[-98.3811581,20.8867648],[-98.3810725,20.886757],[-98.3809483,20.8868136],[-98.3808374,20.8869109],[-98.3807097,20.8870212],[-98.3805708,20.8870947],[-98.3804419,20.8871556],[-98.3801257,20.8871296],[-98.3802306,20.8867707]]]},"properties":{"locality":"HILTZINTLA","official_key":"1308000170014","CVE_ENT":"13","CVE_MUN":"080","CVE_LOC":"0017","CVE_ASEN":"0014","settlement_type":"BARRIO","source":"INEGI DCAH 2025"}},{"type":"Feature","geometry":{"type":"Polygon","coordinates":[[[-98.3816605,20.8888978],[-98.3817543,20.8888455],[-98.3818485,20.888915],[-98.3819159,20.8889934],[-98.3819847,20.8890968],[-98.3820274,20.8891785],[-98.381891,20.8892459],[-98.3818119,20.8893389],[-98.3817739,20.8893716],[-98.3816586,20.8894325],[-98.3815217,20.8895349],[-98.381457,20.8896125],[-98.3814491,20.8895215],[-98.3814418,20.8894887],[-98.3814694,20.889449],[-98.381507,20.8894191],[-98.3815247,20.8893696],[-98.3815185,20.8892965],[-98.3815053,20.8892266],[-98.3815042,20.8890674],[-98.3814318,20.8889481],[-98.3815679,20.8889206],[-98.3816605,20.8888978]]]},"properties":{"locality":"AMELTENO","official_key":"1308000170015","CVE_ENT":"13","CVE_MUN":"080","CVE_LOC":"0017","CVE_ASEN":"0015","settlement_type":"BARRIO","source":"INEGI DCAH 2025"}},{"type":"Feature","geometry":{"type":"Polygon","coordinates":[[[-98.3823198,20.8892618],[-98.3822506,20.8892486],[-98.3822475,20.8892121],[-98.3821972,20.889184],[-98.3821278,20.8891804],[-98.3820274,20.8891785],[-98.3819847,20.8890968],[-98.3819159,20.8889934],[-98.3818485,20.888915],[-98.3817543,20.8888455],[-98.3818013,20.888832],[-98.3818838,20.8888032],[-98.3820238,20.8887643],[-98.3821163,20.8887472],[-98.3822016,20.8886916],[-98.3822624,20.8886537],[-98.3823135,20.8887279],[-98.3823614,20.8887875],[-98.3823906,20.8888239],[-98.382513,20.8889757],[-98.3825597,20.8890319],[-98.382588,20.8890962],[-98.3825772,20.8891674],[-98.3825342,20.8892684],[-98.3824843,20.8893003],[-98.3823198,20.8892618]]]},"properties":{"locality":"APANKEXPA","official_key":"1308000170016","CVE_ENT":"13","CVE_MUN":"080","CVE_LOC":"0017","CVE_ASEN":"0016","settlement_type":"BARRIO","source":"INEGI DCAH 2025"}},{"type":"Feature","geometry":{"type":"Polygon","coordinates":[[[-98.3816511,20.8906891],[-98.3816576,20.8906405],[-98.3816799,20.8906194],[-98.3817162,20.8905999],[-98.3817601,20.8905829],[-98.3818217,20.8905699],[-98.3818895,20.8905667],[-98.3819356,20.8905819],[-98.3819779,20.8906238],[-98.3821317,20.8907943],[-98.3820918,20.8908061],[-98.3820439,20.8908376],[-98.3819929,20.8908739],[-98.3819413,20.8908928],[-98.3818671,20.890907],[-98.381788,20.8908244],[-98.3817014,20.8907388],[-98.3816511,20.8906891]]]},"properties":{"locality":"CALÍKA","official_key":"1308000170017","CVE_ENT":"13","CVE_MUN":"080","CVE_LOC":"0017","CVE_ASEN":"0017","settlement_type":"BARRIO","source":"INEGI DCAH 2025"}},{"type":"Feature","geometry":{"type":"Polygon","coordinates":[[[-98.3837366,20.890075],[-98.3836245,20.8900874],[-98.383501,20.8901181],[-98.3834485,20.8901298],[-98.3834128,20.8901462],[-98.3833625,20.8901955],[-98.3832938,20.890313],[-98.3832715,20.8902777],[-98.3832375,20.8902481],[-98.3832141,20.8902053],[-98.3831423,20.8901383],[-98.3830669,20.8901105],[-98.3829804,20.8900787],[-98.383027,20.8900161],[-98.3830509,20.8899792],[-98.3830848,20.8899504],[-98.3831245,20.8899248],[-98.3831818,20.8898796],[-98.3832169,20.889852],[-98.383295,20.8897524],[-98.3833628,20.889724],[-98.3834308,20.8897137],[-98.3834675,20.8896796],[-98.3835691,20.8896052],[-98.383618,20.8895919],[-98.3836795,20.8895862],[-98.3837451,20.8896165],[-98.3838156,20.8896566],[-98.3838649,20.8897226],[-98.3839232,20.8898345],[-98.3839822,20.8899223],[-98.3840403,20.8899654],[-98.3839303,20.8899986],[-98.3838524,20.8900448],[-98.3837366,20.890075]]]},"properties":{"locality":"COCATITLA","official_key":"1308000170018","CVE_ENT":"13","CVE_MUN":"080","CVE_LOC":"0017","CVE_ASEN":"0018","settlement_type":"BARRIO","source":"INEGI DCAH 2025"}},{"type":"Feature","geometry":{"type":"Polygon","coordinates":[[[-98.3825005,20.8898349],[-98.3824632,20.8898226],[-98.3824078,20.8897924],[-98.3823956,20.8897705],[-98.3823838,20.8897366],[-98.3823415,20.8896936],[-98.3822562,20.8896297],[-98.3821905,20.8896017],[-98.3821549,20.8895961],[-98.3821014,20.8895906],[-98.3822396,20.8895091],[-98.3822945,20.8894356],[-98.3823161,20.889392],[-98.3823198,20.8892618],[-98.3824843,20.8893003],[-98.3825342,20.8892684],[-98.3825772,20.8891674],[-98.3827615,20.8891684],[-98.3827838,20.889385],[-98.3827926,20.8894249],[-98.3828362,20.8896216],[-98.3829277,20.8899239],[-98.3829386,20.8899559],[-98.3829804,20.8900787],[-98.3828892,20.8900516],[-98.3827285,20.8899441],[-98.3825005,20.8898349]]]},"properties":{"locality":"COYOLTZINTLA","official_key":"1308000170019","CVE_ENT":"13","CVE_MUN":"080","CVE_LOC":"0017","CVE_ASEN":"0019","settlement_type":"BARRIO","source":"INEGI DCAH 2025"}},{"type":"Feature","geometry":{"type":"Polygon","coordinates":[[[-98.3825339,20.8875076],[-98.382646,20.887503],[-98.3827108,20.8875156],[-98.3827108,20.887516],[-98.3826854,20.8876067],[-98.3826826,20.8877122],[-98.3826922,20.887841],[-98.3826384,20.8878445],[-98.3824574,20.8879267],[-98.382441,20.8879671],[-98.3823975,20.8880645],[-98.3823423,20.8881208],[-98.3822578,20.8881819],[-98.3821757,20.8882369],[-98.3821236,20.888288],[-98.3818546,20.8877841],[-98.3819258,20.8877445],[-98.3819555,20.8877208],[-98.3819948,20.8876989],[-98.3821701,20.8876401],[-98.3822398,20.887613],[-98.3823053,20.8875713],[-98.3824076,20.8875305],[-98.3825339,20.8875076]]]},"properties":{"locality":"KUATENO","official_key":"1308000170020","CVE_ENT":"13","CVE_MUN":"080","CVE_LOC":"0017","CVE_ASEN":"0020","settlement_type":"BARRIO","source":"INEGI DCAH 2025"}},{"type":"Feature","geometry":{"type":"Polygon","coordinates":[[[-98.3815053,20.8892266],[-98.3815185,20.8892965],[-98.3815247,20.8893696],[-98.381507,20.8894191],[-98.3814694,20.889449],[-98.3814418,20.8894887],[-98.3814491,20.8895215],[-98.381457,20.8896125],[-98.3813802,20.8896132],[-98.3812742,20.8896208],[-98.3812085,20.8896106],[-98.3811539,20.8895905],[-98.381074,20.8895397],[-98.3810078,20.889506],[-98.3810288,20.8894119],[-98.3810787,20.8892438],[-98.3810691,20.8890262],[-98.3809797,20.888918],[-98.3808783,20.8888138],[-98.3808291,20.8887416],[-98.3807871,20.888633],[-98.380951,20.8885961],[-98.3810618,20.8885814],[-98.3811719,20.8885917],[-98.3812928,20.8885792],[-98.3813485,20.8885589],[-98.3813439,20.8886406],[-98.381352,20.8887214],[-98.3813722,20.8888064],[-98.3813908,20.888876],[-98.3814318,20.8889481],[-98.3815042,20.8890674],[-98.3815053,20.8892266]]]},"properties":{"locality":"KUZOKITITLA","official_key":"1308000170021","CVE_ENT":"13","CVE_MUN":"080","CVE_LOC":"0017","CVE_ASEN":"0021","settlement_type":"BARRIO","source":"INEGI DCAH 2025"}},{"type":"Feature","geometry":{"type":"Polygon","coordinates":[[[-98.3811462,20.8876676],[-98.3810492,20.8876517],[-98.3809683,20.887619],[-98.3809161,20.887587],[-98.3808699,20.8875571],[-98.3808317,20.8875313],[-98.3808014,20.887519],[-98.3807768,20.8875223],[-98.3807555,20.8875278],[-98.3807713,20.8874705],[-98.3807706,20.8874255],[-98.3807677,20.8874251],[-98.3807599,20.8873627],[-98.3807361,20.8873371],[-98.3806748,20.8872721],[-98.3805731,20.8872351],[-98.3804419,20.8871556],[-98.3805708,20.8870947],[-98.3807097,20.8870212],[-98.3808374,20.8869109],[-98.3809483,20.8868136],[-98.3810725,20.886757],[-98.3811581,20.8867648],[-98.3812482,20.8868108],[-98.3813846,20.8869653],[-98.3815398,20.8870866],[-98.3816341,20.8871508],[-98.3816677,20.8871737],[-98.3817536,20.8873054],[-98.3817605,20.887428],[-98.3817347,20.8875595],[-98.3816089,20.8876525],[-98.3814808,20.8876639],[-98.3812697,20.8876577],[-98.3811462,20.8876676]]]},"properties":{"locality":"MANGOHUATITLA","official_key":"1308000170022","CVE_ENT":"13","CVE_MUN":"080","CVE_LOC":"0017","CVE_ASEN":"0022","settlement_type":"BARRIO","source":"INEGI DCAH 2025"}},{"type":"Feature","geometry":{"type":"Polygon","coordinates":[[[-98.3823838,20.8897366],[-98.3823956,20.8897705],[-98.3824078,20.8897924],[-98.3824632,20.8898226],[-98.3825005,20.8898349],[-98.382465,20.8898407],[-98.3824173,20.8898664],[-98.3823671,20.8899113],[-98.3823206,20.8899476],[-98.3822382,20.8899721],[-98.3821755,20.8899812],[-98.3821699,20.8899255],[-98.3821458,20.8898709],[-98.3820791,20.8898333],[-98.3819996,20.8898458],[-98.381828,20.8898814],[-98.3818606,20.8898529],[-98.3818826,20.8898156],[-98.3819249,20.8896947],[-98.3821014,20.8895906],[-98.3821549,20.8895961],[-98.3821905,20.8896017],[-98.3822562,20.8896297],[-98.3823415,20.8896936],[-98.3823838,20.8897366]]]},"properties":{"locality":"MANGOHUAZINTLA","official_key":"1308000170023","CVE_ENT":"13","CVE_MUN":"080","CVE_LOC":"0017","CVE_ASEN":"0023","settlement_type":"BARRIO","source":"INEGI DCAH 2025"}},{"type":"Feature","geometry":{"type":"Polygon","coordinates":[[[-98.3843555,20.8899666],[-98.3843111,20.8899444],[-98.3842375,20.8899446],[-98.384168,20.8899484],[-98.3840688,20.8899569],[-98.3840403,20.8899654],[-98.3839822,20.8899223],[-98.3839232,20.8898345],[-98.3838649,20.8897226],[-98.3838156,20.8896566],[-98.3837451,20.8896165],[-98.383778,20.8895382],[-98.3837972,20.8894792],[-98.3838213,20.8894053],[-98.383827,20.8893876],[-98.38384,20.8892112],[-98.383851,20.889027],[-98.3838513,20.8888785],[-98.3838325,20.8887528],[-98.3838601,20.888743],[-98.3839436,20.8887409],[-98.3840079,20.8887232],[-98.3840545,20.8887003],[-98.3841193,20.8886682],[-98.3842241,20.8886635],[-98.384342,20.8886495],[-98.3844498,20.8886328],[-98.3845764,20.8886341],[-98.3845194,20.8886928],[-98.3844951,20.8887441],[-98.384483,20.8887928],[-98.3844755,20.8889006],[-98.3844898,20.8890551],[-98.3845098,20.8891089],[-98.3845566,20.8891936],[-98.3845876,20.8892375],[-98.3846066,20.8892711],[-98.3846039,20.8893143],[-98.3845827,20.8893627],[-98.3845954,20.889461],[-98.3846383,20.8896335],[-98.3846699,20.8896558],[-98.3846926,20.889665],[-98.384695,20.8897486],[-98.3846495,20.889785],[-98.3846089,20.8898157],[-98.384575,20.8898783],[-98.3844428,20.8900402],[-98.3844279,20.8900298],[-98.3843555,20.8899666]]]},"properties":{"locality":"NALIHIJKA","official_key":"1308000170024","CVE_ENT":"13","CVE_MUN":"080","CVE_LOC":"0017","CVE_ASEN":"0024","settlement_type":"BARRIO","source":"INEGI DCAH 2025"}},{"type":"Feature","geometry":{"type":"Polygon","coordinates":[[[-98.3810078,20.889506],[-98.381074,20.8895397],[-98.3811539,20.8895905],[-98.3812085,20.8896106],[-98.3812742,20.8896208],[-98.3813802,20.8896132],[-98.381457,20.8896125],[-98.3815118,20.8897345],[-98.3815471,20.8898014],[-98.3815494,20.8898663],[-98.3815599,20.8899337],[-98.3816579,20.8901663],[-98.3817753,20.8903587],[-98.3818617,20.8904781],[-98.3819356,20.8905819],[-98.3818895,20.8905667],[-98.3818217,20.8905699],[-98.3817601,20.8905829],[-98.3817162,20.8905999],[-98.3816799,20.8906194],[-98.3816576,20.8906405],[-98.3816511,20.8906891],[-98.3815954,20.890634],[-98.3814447,20.890482],[-98.3813104,20.8903434],[-98.3811856,20.8902526],[-98.381105,20.8901715],[-98.3810838,20.8900485],[-98.3810494,20.889846],[-98.3810154,20.88974],[-98.3809922,20.8895752],[-98.3810078,20.889506]]]},"properties":{"locality":"NALIPA","official_key":"1308000170025","CVE_ENT":"13","CVE_MUN":"080","CVE_LOC":"0017","CVE_ASEN":"0025","settlement_type":"BARRIO","source":"INEGI DCAH 2025"}},{"type":"Feature","geometry":{"type":"Polygon","coordinates":[[[-98.3845764,20.8886341],[-98.384603,20.8886069],[-98.3846143,20.8885294],[-98.3846236,20.8884086],[-98.3846354,20.8883123],[-98.3846351,20.8882677],[-98.3846318,20.8882172],[-98.3846331,20.8881697],[-98.3846519,20.8880952],[-98.3847012,20.8880315],[-98.3847859,20.8879586],[-98.3848707,20.8878843],[-98.3849002,20.8878706],[-98.3850085,20.8877609],[-98.3850618,20.8876793],[-98.3850963,20.8877958],[-98.3851453,20.8879108],[-98.3852115,20.8880175],[-98.3852682,20.8880942],[-98.3853002,20.888185],[-98.385314,20.888243],[-98.3853023,20.888394],[-98.3852653,20.8884868],[-98.3852216,20.8886874],[-98.3852193,20.8886952],[-98.385046,20.888674],[-98.3849636,20.8886591],[-98.3848951,20.8886416],[-98.3848552,20.8886436],[-98.3848289,20.8886502],[-98.3847797,20.8886562],[-98.384708,20.8886444],[-98.3846758,20.8886422],[-98.3846174,20.8886356],[-98.3845764,20.8886341]]]},"properties":{"locality":"PAPANTLA","official_key":"1308000170026","CVE_ENT":"13","CVE_MUN":"080","CVE_LOC":"0017","CVE_ASEN":"0026","settlement_type":"BARRIO","source":"INEGI DCAH 2025"}},{"type":"Feature","geometry":{"type":"Polygon","coordinates":[[[-98.3801257,20.8871296],[-98.3804419,20.8871556],[-98.3805731,20.8872351],[-98.3806748,20.8872721],[-98.3807361,20.8873371],[-98.3807599,20.8873627],[-98.3807677,20.8874251],[-98.3807706,20.8874255],[-98.3807713,20.8874705],[-98.3807555,20.8875278],[-98.380684,20.8876029],[-98.3806238,20.8877129],[-98.380636,20.88779],[-98.3806746,20.8878754],[-98.3807308,20.8879901],[-98.3807674,20.8881504],[-98.3808,20.8883029],[-98.3808003,20.8883682],[-98.3807884,20.8884313],[-98.3807862,20.8885158],[-98.3807871,20.888633],[-98.3807312,20.8886486],[-98.3806323,20.8886789],[-98.3805114,20.8886876],[-98.3804152,20.8886949],[-98.3802488,20.8886503],[-98.3801278,20.8885912],[-98.3800765,20.8885583],[-98.3800362,20.8885184],[-98.3799925,20.8884929],[-98.3798555,20.8884536],[-98.3797458,20.8884294],[-98.3800678,20.8873278],[-98.3801257,20.8871296]]]},"properties":{"locality":"PILALAMEZA","official_key":"1308000170027","CVE_ENT":"13","CVE_MUN":"080","CVE_LOC":"0017","CVE_ASEN":"0027","settlement_type":"BARRIO","source":"INEGI DCAH 2025"}},{"type":"Feature","geometry":{"type":"Polygon","coordinates":[[[-98.382356,20.8850753],[-98.3824318,20.8851363],[-98.3825462,20.885274],[-98.3827791,20.8855227],[-98.3830674,20.8858476],[-98.3832108,20.8859771],[-98.3832938,20.8860961],[-98.3835015,20.8864492],[-98.3835861,20.8866283],[-98.3835972,20.8866916],[-98.3835759,20.8868337],[-98.3834978,20.886851],[-98.3833383,20.8869279],[-98.383245,20.8869795],[-98.3831342,20.8869942],[-98.3829991,20.8870025],[-98.3829377,20.887003],[-98.3828546,20.8869799],[-98.3827954,20.8869765],[-98.3826497,20.8870114],[-98.3826281,20.8869607],[-98.3826116,20.8868893],[-98.3826134,20.8868221],[-98.3826107,20.886745],[-98.3826159,20.8866647],[-98.382605,20.8866233],[-98.3825776,20.8864704],[-98.382536,20.8864102],[-98.3824924,20.8862763],[-98.3824476,20.8861607],[-98.3824142,20.8860096],[-98.3823773,20.8858723],[-98.3822524,20.8857828],[-98.3822088,20.8857414],[-98.3821623,20.8856362],[-98.3821627,20.885536],[-98.3821726,20.8854313],[-98.3822082,20.8852901],[-98.3822117,20.8852203],[-98.3822087,20.8851634],[-98.3822012,20.8851306],[-98.3821964,20.8851096],[-98.3821847,20.8850833],[-98.382264,20.8850768],[-98.382356,20.8850753]]]},"properties":{"locality":"PILTLALCHIQUIL","official_key":"1308000170028","CVE_ENT":"13","CVE_MUN":"080","CVE_LOC":"0017","CVE_ASEN":"0028","settlement_type":"BARRIO","source":"INEGI DCAH 2025"}},{"type":"Feature","geometry":{"type":"Polygon","coordinates":[[[-98.384859,20.8944077],[-98.3849675,20.8942281],[-98.3850077,20.8941571],[-98.3851193,20.8939976],[-98.3852605,20.8938785],[-98.3854051,20.8937739],[-98.3856037,20.893627],[-98.3857048,20.8935754],[-98.385866,20.8935648],[-98.3859768,20.8935782],[-98.3861251,20.8936213],[-98.3862686,20.8937004],[-98.3863788,20.8937354],[-98.3864563,20.8938085],[-98.3865449,20.8938606],[-98.3866188,20.8939257],[-98.3866683,20.8939826],[-98.3867033,20.8940506],[-98.3867328,20.8941704],[-98.3867454,20.894236],[-98.3867592,20.8942517],[-98.3867913,20.8943332],[-98.3867393,20.8944148],[-98.3865638,20.8945295],[-98.3864585,20.8945955],[-98.3863531,20.8946686],[-98.3862881,20.8948039],[-98.3862528,20.894976],[-98.3862341,20.8951016],[-98.3862579,20.8952174],[-98.3862871,20.8952713],[-98.3862225,20.8952785],[-98.3861531,20.8952941],[-98.3860894,20.8953243],[-98.3860133,20.8953614],[-98.3859075,20.8954179],[-98.3858271,20.8954463],[-98.3856979,20.8954619],[-98.3856027,20.8954669],[-98.3855047,20.8954617],[-98.3854733,20.895467],[-98.3854785,20.8954315],[-98.3854962,20.895398],[-98.3852949,20.8954208],[-98.3850603,20.8954513],[-98.3848126,20.8955391],[-98.3845664,20.8956432],[-98.3845971,20.8955713],[-98.3847056,20.8954322],[-98.3847377,20.8951881],[-98.3847743,20.8951499],[-98.3847871,20.8951018],[-98.3847799,20.8950061],[-98.3847697,20.894907],[-98.3847793,20.8948649],[-98.3848149,20.8948178],[-98.3848665,20.8947487],[-98.3849271,20.8946496],[-98.3849706,20.8945733],[-98.3849556,20.894519],[-98.3848982,20.894436],[-98.384859,20.8944077]]]},"properties":{"locality":"POTRERO","official_key":"1308000170029","CVE_ENT":"13","CVE_MUN":"080","CVE_LOC":"0017","CVE_ASEN":"0029","settlement_type":"BARRIO","source":"INEGI DCAH 2025"}},{"type":"Feature","geometry":{"type":"Polygon","coordinates":[[[-98.3821247,20.8974596],[-98.3825015,20.8962728],[-98.3825597,20.8961289],[-98.3828184,20.8961581],[-98.3830947,20.896143],[-98.3834972,20.8959977],[-98.3837452,20.8958991],[-98.3841,20.8958139],[-98.3845664,20.8956432],[-98.3848126,20.8955391],[-98.3850603,20.8954513],[-98.3852949,20.8954208],[-98.3854962,20.895398],[-98.3852097,20.8955969],[-98.3849486,20.8958255],[-98.3851748,20.8959073],[-98.3852737,20.8959665],[-98.3852795,20.8960336],[-98.3851866,20.8961258],[-98.385083,20.8962717],[-98.3850242,20.8963777],[-98.3849103,20.896483],[-98.3847984,20.8965668],[-98.384555,20.8967231],[-98.3845323,20.8967708],[-98.3845428,20.8968942],[-98.384573,20.896967],[-98.3844927,20.8970784],[-98.3843665,20.8972086],[-98.3842184,20.8973024],[-98.3840953,20.8973175],[-98.3839388,20.8972957],[-98.3837933,20.8972887],[-98.3835791,20.8974169],[-98.383476,20.8975441],[-98.3834151,20.8976723],[-98.3833512,20.897768],[-98.3832567,20.897863],[-98.3830631,20.8979708],[-98.3821247,20.8974596]]]},"properties":{"locality":"LOS PUENTES","official_key":"1308000170030","CVE_ENT":"13","CVE_MUN":"080","CVE_LOC":"0017","CVE_ASEN":"0030","settlement_type":"BARRIO","source":"INEGI DCAH 2025"}},{"type":"Feature","geometry":{"type":"Polygon","coordinates":[[[-98.3834369,20.8886174],[-98.3832267,20.8885974],[-98.3831045,20.8886139],[-98.383321,20.8884639],[-98.3835963,20.888273],[-98.3837367,20.8881751],[-98.3839154,20.8880505],[-98.3842569,20.8878353],[-98.3846752,20.8877847],[-98.3847201,20.8877137],[-98.3847984,20.8877098],[-98.3848629,20.8876465],[-98.3850192,20.8876495],[-98.3850618,20.8876793],[-98.3850085,20.8877609],[-98.3849002,20.8878706],[-98.3848707,20.8878843],[-98.3847859,20.8879586],[-98.3847012,20.8880315],[-98.3846519,20.8880952],[-98.3846331,20.8881697],[-98.3846318,20.8882172],[-98.3846351,20.8882677],[-98.3846354,20.8883123],[-98.3846236,20.8884086],[-98.3846143,20.8885294],[-98.384603,20.8886069],[-98.3845764,20.8886341],[-98.3844498,20.8886328],[-98.384342,20.8886495],[-98.3842241,20.8886635],[-98.3841193,20.8886682],[-98.3840545,20.8887003],[-98.3840079,20.8887232],[-98.3839436,20.8887409],[-98.3838601,20.888743],[-98.3838325,20.8887528],[-98.3837886,20.8887218],[-98.3835924,20.8886571],[-98.3834369,20.8886174]]]},"properties":{"locality":"PUERTAZINTLA","official_key":"1308000170031","CVE_ENT":"13","CVE_MUN":"080","CVE_LOC":"0017","CVE_ASEN":"0031","settlement_type":"BARRIO","source":"INEGI DCAH 2025"}},{"type":"Feature","geometry":{"type":"Polygon","coordinates":[[[-98.3815599,20.8899337],[-98.3815494,20.8898663],[-98.3815471,20.8898014],[-98.3815118,20.8897345],[-98.381457,20.8896125],[-98.3815217,20.8895349],[-98.3816586,20.8894325],[-98.3817739,20.8893716],[-98.3818119,20.8893389],[-98.381891,20.8892459],[-98.3820274,20.8891785],[-98.3821278,20.8891804],[-98.3821972,20.889184],[-98.3822475,20.8892121],[-98.3822506,20.8892486],[-98.3823198,20.8892618],[-98.3823161,20.889392],[-98.3822945,20.8894356],[-98.3822396,20.8895091],[-98.3821014,20.8895906],[-98.3819249,20.8896947],[-98.3818826,20.8898156],[-98.3818606,20.8898529],[-98.381828,20.8898814],[-98.3817869,20.8898787],[-98.3817317,20.8898793],[-98.3816824,20.8898877],[-98.3816104,20.8899071],[-98.3815599,20.8899337]]]},"properties":{"locality":"TECHICHIAPA","official_key":"1308000170032","CVE_ENT":"13","CVE_MUN":"080","CVE_LOC":"0017","CVE_ASEN":"0032","settlement_type":"BARRIO","source":"INEGI DCAH 2025"}},{"type":"Feature","geometry":{"type":"Polygon","coordinates":[[[-98.3850948,20.8892897],[-98.3851294,20.8892651],[-98.3851894,20.8893169],[-98.3852691,20.889344],[-98.3855006,20.8894287],[-98.3856141,20.8894855],[-98.3857266,20.8895782],[-98.3857519,20.8896743],[-98.3857707,20.8897458],[-98.385377,20.8901326],[-98.3852794,20.8902235],[-98.3851509,20.8902665],[-98.3850456,20.8902822],[-98.3849186,20.8902706],[-98.3848141,20.8902406],[-98.3848634,20.8902014],[-98.3849359,20.8900687],[-98.3849851,20.8899522],[-98.3850265,20.8898355],[-98.385053,20.8897065],[-98.3850432,20.8895958],[-98.385062,20.8894666],[-98.3850779,20.8893469],[-98.3850948,20.8892897]]]},"properties":{"locality":"TENEXCO","official_key":"1308000170033","CVE_ENT":"13","CVE_MUN":"080","CVE_LOC":"0017","CVE_ASEN":"0033","settlement_type":"BARRIO","source":"INEGI DCAH 2025"}},{"type":"Feature","geometry":{"type":"Polygon","coordinates":[[[-98.3826629,20.8904939],[-98.3828352,20.8904836],[-98.3829721,20.8905146],[-98.3830674,20.8905418],[-98.3831727,20.8905789],[-98.383282,20.8906199],[-98.3833396,20.890625],[-98.3833432,20.8906494],[-98.3833386,20.8907134],[-98.3832729,20.8908349],[-98.3832131,20.8908795],[-98.3831325,20.8909236],[-98.3830459,20.891006],[-98.3829729,20.8910388],[-98.3828915,20.8909628],[-98.3828283,20.8909063],[-98.3827674,20.8908881],[-98.3826686,20.8907633],[-98.382549,20.8906008],[-98.3824352,20.8905417],[-98.3824637,20.8905276],[-98.3826629,20.8904939]]]},"properties":{"locality":"TEPEPEXTIPA","official_key":"1308000170034","CVE_ENT":"13","CVE_MUN":"080","CVE_LOC":"0017","CVE_ASEN":"0034","settlement_type":"BARRIO","source":"INEGI DCAH 2025"}},{"type":"Feature","geometry":{"type":"Polygon","coordinates":[[[-98.3855445,20.8966664],[-98.385616,20.8968166],[-98.3857028,20.8970107],[-98.3858019,20.8971283],[-98.3858824,20.8971734],[-98.3859873,20.8972624],[-98.3860403,20.8973837],[-98.3861147,20.8974671],[-98.386212,20.8975242],[-98.3862506,20.8976584],[-98.3863596,20.8977366],[-98.3864451,20.8978359],[-98.3864661,20.897912],[-98.3864073,20.897961],[-98.3863755,20.8980035],[-98.3863793,20.8980858],[-98.3863585,20.8982084],[-98.3863131,20.8983262],[-98.3862639,20.898582],[-98.386288,20.8988767],[-98.3862937,20.8991907],[-98.3856784,20.8995259],[-98.3855838,20.8994872],[-98.3854573,20.8992479],[-98.3854149,20.899252],[-98.3830631,20.8979708],[-98.3832567,20.897863],[-98.3833512,20.897768],[-98.3834151,20.8976723],[-98.383476,20.8975441],[-98.3835791,20.8974169],[-98.3837933,20.8972887],[-98.3839388,20.8972957],[-98.3840953,20.8973175],[-98.3842184,20.8973024],[-98.3843665,20.8972086],[-98.3844927,20.8970784],[-98.384573,20.896967],[-98.384654,20.8970626],[-98.3847583,20.8971183],[-98.3849002,20.8971426],[-98.3849984,20.8971413],[-98.3851298,20.8970998],[-98.3851771,20.8970519],[-98.385242,20.8969749],[-98.3852828,20.8968844],[-98.3853503,20.896796],[-98.3854372,20.8967267],[-98.3855445,20.8966664]]]},"properties":{"locality":"TEPEPOXCO","official_key":"1308000170035","CVE_ENT":"13","CVE_MUN":"080","CVE_LOC":"0017","CVE_ASEN":"0035","settlement_type":"BARRIO","source":"INEGI DCAH 2025"}},{"type":"Feature","geometry":{"type":"Polygon","coordinates":[[[-98.3827615,20.8891684],[-98.3827565,20.8890448],[-98.3827554,20.889017],[-98.3827558,20.8889065],[-98.3827732,20.8888277],[-98.3829352,20.8887298],[-98.3830225,20.88867],[-98.3831045,20.8886139],[-98.3832267,20.8885974],[-98.3834369,20.8886174],[-98.3835924,20.8886571],[-98.3837886,20.8887218],[-98.3838325,20.8887528],[-98.3838513,20.8888785],[-98.383851,20.889027],[-98.38384,20.8892112],[-98.383827,20.8893876],[-98.3838213,20.8894053],[-98.3837972,20.8894792],[-98.383778,20.8895382],[-98.3837451,20.8896165],[-98.3836795,20.8895862],[-98.383618,20.8895919],[-98.3835691,20.8896052],[-98.3834675,20.8896796],[-98.3834308,20.8897137],[-98.3833628,20.889724],[-98.383295,20.8897524],[-98.3832169,20.889852],[-98.3831818,20.8898796],[-98.3831245,20.8899248],[-98.3830848,20.8899504],[-98.3830509,20.8899792],[-98.383027,20.8900161],[-98.3829804,20.8900787],[-98.3829386,20.8899559],[-98.3829277,20.8899239],[-98.3828362,20.8896216],[-98.3827926,20.8894249],[-98.3827838,20.889385],[-98.3827615,20.8891684]]]},"properties":{"locality":"TIANGUISTENGO","official_key":"1308000170036","CVE_ENT":"13","CVE_MUN":"080","CVE_LOC":"0017","CVE_ASEN":"0036","settlement_type":"BARRIO","source":"INEGI DCAH 2025"}},{"type":"Feature","geometry":{"type":"Polygon","coordinates":[[[-98.3833163,20.8908759],[-98.3832736,20.8908706],[-98.3832428,20.8908756],[-98.3832131,20.8908795],[-98.3832729,20.8908349],[-98.3833386,20.8907134],[-98.3833432,20.8906494],[-98.3833396,20.890625],[-98.3832938,20.890313],[-98.3833625,20.8901955],[-98.3834128,20.8901462],[-98.3834485,20.8901298],[-98.383501,20.8901181],[-98.3836245,20.8900874],[-98.3837366,20.890075],[-98.3838524,20.8900448],[-98.3839303,20.8899986],[-98.3840403,20.8899654],[-98.3840688,20.8899569],[-98.384168,20.8899484],[-98.3842375,20.8899446],[-98.3843111,20.8899444],[-98.3843555,20.8899666],[-98.3844279,20.8900298],[-98.3844428,20.8900402],[-98.3845357,20.8901053],[-98.3846847,20.8901876],[-98.3848141,20.8902406],[-98.3849186,20.8902706],[-98.3850456,20.8902822],[-98.3851509,20.8902665],[-98.3852794,20.8902235],[-98.3852198,20.890279],[-98.3851439,20.8903237],[-98.3849018,20.8904665],[-98.3847438,20.8905811],[-98.3846933,20.8906177],[-98.3843211,20.890921],[-98.3841113,20.8911231],[-98.3840039,20.8913042],[-98.3839557,20.8912728],[-98.3838107,20.8911916],[-98.3837327,20.8911278],[-98.3836425,20.8910623],[-98.3834933,20.8909636],[-98.3834529,20.8909267],[-98.3834017,20.8908952],[-98.3833644,20.8908812],[-98.3833163,20.8908759]]]},"properties":{"locality":"TIOPANCALIKA","official_key":"1308000170037","CVE_ENT":"13","CVE_MUN":"080","CVE_LOC":"0017","CVE_ASEN":"0037","settlement_type":"BARRIO","source":"INEGI DCAH 2025"}},{"type":"Feature","geometry":{"type":"Polygon","coordinates":[[[-98.3818671,20.890907],[-98.3819413,20.8908928],[-98.3819929,20.8908739],[-98.3820439,20.8908376],[-98.3820918,20.8908061],[-98.3821317,20.8907943],[-98.3822368,20.8908304],[-98.3822562,20.8908491],[-98.3823501,20.8909399],[-98.3825172,20.8910939],[-98.3825568,20.8911124],[-98.3825549,20.8912215],[-98.3825977,20.8912798],[-98.3826481,20.8913292],[-98.3826968,20.8913789],[-98.3826854,20.8914468],[-98.3825723,20.8916247],[-98.3825453,20.8916525],[-98.3825452,20.8916522],[-98.3824903,20.8917092],[-98.382377,20.8919697],[-98.3823774,20.8920449],[-98.3823249,20.8919815],[-98.3823035,20.8919531],[-98.3822925,20.8919068],[-98.3823288,20.8918687],[-98.3823515,20.8917627],[-98.382335,20.8916341],[-98.3822929,20.8915481],[-98.3821095,20.8914126],[-98.3820587,20.8913639],[-98.3819832,20.8912641],[-98.3819318,20.8911246],[-98.3818951,20.8910042],[-98.3818671,20.890907]]]},"properties":{"locality":"TLALCHIQUIL","official_key":"1308000170038","CVE_ENT":"13","CVE_MUN":"080","CVE_LOC":"0017","CVE_ASEN":"0038","settlement_type":"BARRIO","source":"INEGI DCAH 2025"}},{"type":"Feature","geometry":{"type":"Polygon","coordinates":[[[-98.3829253,20.8879502],[-98.3830615,20.8879223],[-98.3831712,20.8879519],[-98.383239,20.8879235],[-98.38333,20.8878656],[-98.3833672,20.8877884],[-98.3834511,20.8877574],[-98.3835458,20.8877987],[-98.3835635,20.8878531],[-98.3835767,20.8879555],[-98.3836376,20.888065],[-98.3836837,20.8881351],[-98.3837367,20.8881751],[-98.3835963,20.888273],[-98.383321,20.8884639],[-98.3831045,20.8886139],[-98.3830225,20.88867],[-98.3830254,20.888562],[-98.3829778,20.8884336],[-98.3829015,20.8883238],[-98.3828186,20.8882714],[-98.3827606,20.8881475],[-98.3827633,20.8880492],[-98.3828101,20.8880167],[-98.3828419,20.8880013],[-98.3829253,20.8879502]]]},"properties":{"locality":"TLALKUAPA","official_key":"1308000170039","CVE_ENT":"13","CVE_MUN":"080","CVE_LOC":"0017","CVE_ASEN":"0039","settlement_type":"BARRIO","source":"INEGI DCAH 2025"}},{"type":"Feature","geometry":{"type":"Polygon","coordinates":[[[-98.3817347,20.8875595],[-98.3817605,20.887428],[-98.3817536,20.8873054],[-98.3816677,20.8871737],[-98.3816341,20.8871508],[-98.3818145,20.886994],[-98.381936,20.8869191],[-98.3820195,20.8868951],[-98.3821128,20.8869016],[-98.3822165,20.8869228],[-98.3823144,20.8869309],[-98.3824949,20.8869424],[-98.3826281,20.8869607],[-98.3826497,20.8870114],[-98.3826639,20.8870449],[-98.3826868,20.8870745],[-98.3827017,20.8871],[-98.3827162,20.8871355],[-98.3827273,20.8871593],[-98.382723,20.8873482],[-98.3827108,20.8875156],[-98.382646,20.887503],[-98.3825339,20.8875076],[-98.3824076,20.8875305],[-98.3823053,20.8875713],[-98.3822398,20.887613],[-98.3821701,20.8876401],[-98.3819948,20.8876989],[-98.3819555,20.8877208],[-98.3819258,20.8877445],[-98.3818546,20.8877841],[-98.3817347,20.8875595]]]},"properties":{"locality":"TLALTLAPAYA","official_key":"1308000170040","CVE_ENT":"13","CVE_MUN":"080","CVE_LOC":"0017","CVE_ASEN":"0040","settlement_type":"BARRIO","source":"INEGI DCAH 2025"}},{"type":"Feature","geometry":{"type":"Polygon","coordinates":[[[-98.3835458,20.8877987],[-98.3835326,20.8877349],[-98.3835345,20.8876629],[-98.3835872,20.8876011],[-98.3836526,20.8875456],[-98.3836585,20.8874467],[-98.3836433,20.8872963],[-98.3836047,20.8871873],[-98.3835497,20.887096],[-98.3835137,20.8870163],[-98.3835507,20.8869327],[-98.3836309,20.8868933],[-98.3836732,20.8868367],[-98.3837867,20.8868252],[-98.3839322,20.8868095],[-98.3841418,20.8867683],[-98.3843348,20.8867345],[-98.3844811,20.8866899],[-98.384576,20.8866576],[-98.3846865,20.8866535],[-98.3846602,20.8867471],[-98.3846524,20.8868074],[-98.3845803,20.8869224],[-98.3845527,20.8869822],[-98.3845468,20.8870311],[-98.3845418,20.8871015],[-98.3845852,20.8871962],[-98.3846652,20.8873004],[-98.3847231,20.8873709],[-98.3847891,20.8874272],[-98.3848475,20.8874762],[-98.3849074,20.8875323],[-98.3849614,20.8875739],[-98.3850618,20.8876793],[-98.3850192,20.8876495],[-98.3848629,20.8876465],[-98.3847984,20.8877098],[-98.3847201,20.8877137],[-98.3846752,20.8877847],[-98.3842569,20.8878353],[-98.3839154,20.8880505],[-98.3837367,20.8881751],[-98.3836837,20.8881351],[-98.3836376,20.888065],[-98.3835767,20.8879555],[-98.3835635,20.8878531],[-98.3835458,20.8877987]]]},"properties":{"locality":"TLALZINTLA","official_key":"1308000170041","CVE_ENT":"13","CVE_MUN":"080","CVE_LOC":"0017","CVE_ASEN":"0041","settlement_type":"BARRIO","source":"INEGI DCAH 2025"}},{"type":"Feature","geometry":{"type":"Polygon","coordinates":[[[-98.3825172,20.8910939],[-98.3823501,20.8909399],[-98.3822562,20.8908491],[-98.3822368,20.8908304],[-98.3821317,20.8907943],[-98.3819779,20.8906238],[-98.3819356,20.8905819],[-98.3818617,20.8904781],[-98.3817753,20.8903587],[-98.3816579,20.8901663],[-98.3815599,20.8899337],[-98.3816104,20.8899071],[-98.3816824,20.8898877],[-98.3817317,20.8898793],[-98.3817869,20.8898787],[-98.381828,20.8898814],[-98.3819996,20.8898458],[-98.3820791,20.8898333],[-98.3821458,20.8898709],[-98.3821699,20.8899255],[-98.3821755,20.8899812],[-98.3821769,20.8899953],[-98.382193,20.8900617],[-98.3822366,20.890154],[-98.3822556,20.8902073],[-98.382272,20.8902605],[-98.3823039,20.8903116],[-98.3823236,20.890336],[-98.3823454,20.8903569],[-98.3823813,20.8903764],[-98.3823977,20.8904074],[-98.3823951,20.8904307],[-98.3823938,20.8904553],[-98.3823921,20.8904973],[-98.3824352,20.8905417],[-98.382549,20.8906008],[-98.3826686,20.8907633],[-98.3827674,20.8908881],[-98.3828283,20.8909063],[-98.3828915,20.8909628],[-98.3829729,20.8910388],[-98.3828448,20.8910081],[-98.3827617,20.8910029],[-98.3827087,20.8910126],[-98.3826493,20.8910424],[-98.382592,20.8910673],[-98.3825568,20.8911124],[-98.3825172,20.8910939]]]},"properties":{"locality":"TLAMAYA","official_key":"1308000170042","CVE_ENT":"13","CVE_MUN":"080","CVE_LOC":"0017","CVE_ASEN":"0042","settlement_type":"BARRIO","source":"INEGI DCAH 2025"}},{"type":"Feature","geometry":{"type":"Polygon","coordinates":[[[-98.3822624,20.8886537],[-98.3822016,20.8886916],[-98.3821163,20.8887472],[-98.3820238,20.8887643],[-98.3818838,20.8888032],[-98.3818013,20.888832],[-98.3817543,20.8888455],[-98.3816605,20.8888978],[-98.3815679,20.8889206],[-98.3814318,20.8889481],[-98.3813908,20.888876],[-98.3813722,20.8888064],[-98.381352,20.8887214],[-98.3813439,20.8886406],[-98.3813485,20.8885589],[-98.3814856,20.8885007],[-98.3815702,20.8884513],[-98.3816225,20.8884045],[-98.381687,20.8883638],[-98.3818429,20.8883406],[-98.3819763,20.8883227],[-98.3821236,20.888288],[-98.3821469,20.8883327],[-98.3822304,20.888516],[-98.3822339,20.8885704],[-98.3822624,20.8886537]]]},"properties":{"locality":"TLAMAYANTIPA","official_key":"1308000170043","CVE_ENT":"13","CVE_MUN":"080","CVE_LOC":"0017","CVE_ASEN":"0043","settlement_type":"BARRIO","source":"INEGI DCAH 2025"}},{"type":"Feature","geometry":{"type":"Polygon","coordinates":[[[-98.3797458,20.8884294],[-98.3798555,20.8884536],[-98.3799925,20.8884929],[-98.3800362,20.8885184],[-98.3800765,20.8885583],[-98.3801278,20.8885912],[-98.3802488,20.8886503],[-98.3804152,20.8886949],[-98.3805114,20.8886876],[-98.3806323,20.8886789],[-98.3807312,20.8886486],[-98.3807871,20.888633],[-98.3808291,20.8887416],[-98.3808783,20.8888138],[-98.3809797,20.888918],[-98.3810691,20.8890262],[-98.3810787,20.8892438],[-98.3802675,20.8893652],[-98.3797657,20.8894404],[-98.3796568,20.8894498],[-98.3795672,20.889349],[-98.3795742,20.8891957],[-98.3795486,20.8890811],[-98.379592,20.8889041],[-98.3797458,20.8884294]]]},"properties":{"locality":"TLATEKAPITZ","official_key":"1308000170044","CVE_ENT":"13","CVE_MUN":"080","CVE_LOC":"0017","CVE_ASEN":"0044","settlement_type":"BARRIO","source":"INEGI DCAH 2025"}},{"type":"Feature","geometry":{"type":"Polygon","coordinates":[[[-98.386212,20.8975242],[-98.3862611,20.8974101],[-98.3864467,20.8972141],[-98.3864827,20.8970901],[-98.3865391,20.8969705],[-98.3865729,20.896929],[-98.3866518,20.896806],[-98.3866605,20.8967121],[-98.3866379,20.8966386],[-98.3865943,20.8965895],[-98.3865135,20.8965511],[-98.3864617,20.8965406],[-98.3864749,20.896432],[-98.386468,20.8963328],[-98.386495,20.8962764],[-98.3865292,20.8961932],[-98.3865341,20.8961303],[-98.3864936,20.8960933],[-98.3864242,20.8960586],[-98.3863677,20.8960213],[-98.3862835,20.8959473],[-98.3861559,20.8958212],[-98.3861015,20.89574],[-98.3860389,20.8957798],[-98.3859665,20.8958486],[-98.385915,20.895882],[-98.3858621,20.8958548],[-98.3857987,20.8958187],[-98.3857644,20.8957819],[-98.3856994,20.8957487],[-98.3855947,20.8957087],[-98.385557,20.8956848],[-98.3855326,20.8956237],[-98.385497,20.8955768],[-98.3854786,20.8955187],[-98.3854733,20.895467],[-98.3855047,20.8954617],[-98.3856027,20.8954669],[-98.3856979,20.8954619],[-98.3858271,20.8954463],[-98.3859075,20.8954179],[-98.3860133,20.8953614],[-98.3860894,20.8953243],[-98.3861531,20.8952941],[-98.3862225,20.8952785],[-98.3862871,20.8952713],[-98.3863752,20.8952426],[-98.3865227,20.8952307],[-98.386762,20.8952248],[-98.3869046,20.8952436],[-98.3871263,20.8953178],[-98.3872411,20.8953476],[-98.3873654,20.895364],[-98.3875697,20.8953688],[-98.3877047,20.8953643],[-98.387849,20.8953946],[-98.3879844,20.8954516],[-98.3881847,20.8955325],[-98.3874268,20.8968094],[-98.3874273,20.896848],[-98.3874435,20.8969096],[-98.3874423,20.896954],[-98.3874294,20.8970557],[-98.3874266,20.8971577],[-98.3874309,20.8972382],[-98.3874757,20.8973294],[-98.387555,20.8974225],[-98.3876295,20.8974999],[-98.3876914,20.8975746],[-98.3877267,20.8976414],[-98.3877356,20.8976909],[-98.3877344,20.8978313],[-98.3877254,20.8979728],[-98.3877256,20.898064],[-98.3877398,20.8981064],[-98.3877692,20.8981503],[-98.3878165,20.8981982],[-98.3879107,20.8982581],[-98.3879687,20.8982882],[-98.3880308,20.8983077],[-98.3880899,20.8983106],[-98.3880916,20.8983885],[-98.3868155,20.8988085],[-98.3867869,20.8989219],[-98.3862937,20.8991907],[-98.386288,20.8988767],[-98.3862639,20.898582],[-98.3863131,20.8983262],[-98.3863585,20.8982084],[-98.3863793,20.8980858],[-98.3863755,20.8980035],[-98.3864073,20.897961],[-98.3864661,20.897912],[-98.3864451,20.8978359],[-98.3863596,20.8977366],[-98.3862506,20.8976584],[-98.386212,20.8975242]]]},"properties":{"locality":"VIVERO","official_key":"1308000170045","CVE_ENT":"13","CVE_MUN":"080","CVE_LOC":"0017","CVE_ASEN":"0045","settlement_type":"BARRIO","source":"INEGI DCAH 2025"}},{"type":"Feature","geometry":{"type":"Polygon","coordinates":[[[-98.382356,20.8850753],[-98.3824388,20.8850401],[-98.382494,20.884979],[-98.3825208,20.8848872],[-98.3825394,20.8847183],[-98.3825476,20.8846489],[-98.3825671,20.8845905],[-98.3826146,20.8845328],[-98.3826617,20.8844931],[-98.3827261,20.8844706],[-98.3828232,20.8844693],[-98.382986,20.884496],[-98.3830821,20.8845331],[-98.3831768,20.8845282],[-98.3832634,20.8845386],[-98.3833393,20.8845644],[-98.3834205,20.8845856],[-98.3835213,20.8846384],[-98.3838787,20.8848377],[-98.3839341,20.8848702],[-98.3839908,20.8849004],[-98.3840354,20.8849039],[-98.3841071,20.884896],[-98.3841578,20.8848635],[-98.3842142,20.8848108],[-98.3842286,20.8847488],[-98.3842242,20.8846742],[-98.3842086,20.8846366],[-98.384169,20.8845901],[-98.3841231,20.8845398],[-98.384087,20.8845029],[-98.3840497,20.8844648],[-98.3839617,20.8843643],[-98.3839332,20.8843324],[-98.3839087,20.884291],[-98.3838987,20.8842379],[-98.3838913,20.8841801],[-98.3838951,20.8841334],[-98.3839051,20.884094],[-98.3839251,20.8840609],[-98.383986,20.8840311],[-98.3840536,20.8840351],[-98.3841884,20.8840485],[-98.3843801,20.8840524],[-98.3845066,20.8841011],[-98.3845832,20.8841005],[-98.3847022,20.8840481],[-98.3850318,20.8838487],[-98.3850797,20.8839757],[-98.3851224,20.8841016],[-98.3850677,20.8842347],[-98.3849658,20.8844148],[-98.3848187,20.884552],[-98.3847905,20.8846476],[-98.3847516,20.8847795],[-98.3846932,20.8848597],[-98.3846346,20.8849496],[-98.3846119,20.8850355],[-98.3844839,20.8852341],[-98.3842996,20.8854363],[-98.3840342,20.8856172],[-98.3837172,20.8858162],[-98.3835865,20.8859236],[-98.3834158,20.8860012],[-98.3832938,20.8860961],[-98.3832108,20.8859771],[-98.3830674,20.8858476],[-98.3827791,20.8855227],[-98.3825462,20.885274],[-98.3824318,20.8851363],[-98.382356,20.8850753]]]},"properties":{"locality":"ZAPOTITLA","official_key":"1308000170046","CVE_ENT":"13","CVE_MUN":"080","CVE_LOC":"0017","CVE_ASEN":"0046","settlement_type":"BARRIO","source":"INEGI DCAH 2025"}},{"type":"Feature","geometry":{"type":"Polygon","coordinates":[[[-98.3873501,20.8825789],[-98.3874358,20.8825257],[-98.3875836,20.8825388],[-98.3877746,20.8824665],[-98.387854,20.8824588],[-98.3878526,20.8826076],[-98.3880791,20.8829251],[-98.3881927,20.8831679],[-98.3881831,20.8833358],[-98.3882097,20.8834294],[-98.3882078,20.8834636],[-98.388212,20.883687],[-98.3880266,20.8842156],[-98.3879972,20.8844551],[-98.3875914,20.8852978],[-98.3874178,20.8855354],[-98.3872405,20.8855251],[-98.3868632,20.8854922],[-98.3866401,20.8854293],[-98.3863572,20.8853073],[-98.3862439,20.885151],[-98.3861039,20.8850591],[-98.3856982,20.8849219],[-98.3852728,20.8847774],[-98.3847905,20.8846476],[-98.3848187,20.884552],[-98.3849658,20.8844148],[-98.3850677,20.8842347],[-98.3851224,20.8841016],[-98.3850797,20.8839757],[-98.3850318,20.8838487],[-98.3852371,20.8837246],[-98.3854317,20.883614],[-98.3858588,20.883408],[-98.3867848,20.8828897],[-98.3868375,20.8828285],[-98.3871566,20.8826464],[-98.3872372,20.8825955],[-98.3873501,20.8825789]]]},"properties":{"locality":"LA ZETA","official_key":"1308000170047","CVE_ENT":"13","CVE_MUN":"080","CVE_LOC":"0017","CVE_ASEN":"0047","settlement_type":"BARRIO","source":"INEGI DCAH 2025"}}]}